timeStamp,elapsed,responseCode,success,grpThreads,allThreads,Latency
1767618720078,25,200,true,55,55,21
1767618720071,32,200,true,55,55,27
1767618720069,34,200,true,55,55,34
1767618720070,33,200,true,55,55,28
1767618720071,32,200,true,55,55,27
1767618720073,30,200,true,55,55,25
1767618720077,27,200,true,55,55,27
1767618720071,34,200,true,55,55,34
1767618720069,34,200,true,55,55,31
1767618720069,34,200,true,55,55,32
1767618720078,25,200,true,55,55,24
1767618720069,34,200,true,55,55,29
1767618720078,25,200,true,55,55,20
1767618720064,42,200,true,55,55,42
1767618720070,37,200,true,55,55,37
1767618720073,35,200,true,55,55,35
1767618720077,37,200,true,55,55,37
1767618720068,47,200,true,55,55,47
1767618720069,47,200,true,55,55,47
1767618720106,11,200,true,55,55,11
1767618720106,12,200,true,55,55,12
1767618720107,13,200,true,55,55,13
1767618720107,14,200,true,55,55,14
1767618720105,17,200,true,55,55,17
1767618720106,17,200,true,55,55,17
1767618720105,19,200,true,55,55,19
1767618720106,19,200,true,55,55,19
1767618720106,20,200,true,55,55,20
1767618720105,22,200,true,55,55,22
1767618720106,22,200,true,55,55,22
1767618720105,24,200,true,55,55,24
1767618720106,25,200,true,55,55,25
1767618720108,24,200,true,55,55,24
1767618720113,20,200,true,55,55,20
1767618720114,20,200,true,55,55,20
1767618720106,29,200,true,55,55,29
1767618720105,31,200,true,55,55,31
1767618720068,70,200,true,55,55,70
1767618720117,21,200,true,55,55,21
1767618720119,20,200,true,55,55,20
1767618720120,20,200,true,55,55,20
1767618720121,20,200,true,55,55,20
1767618720122,20,200,true,55,55,20
1767618720123,20,200,true,55,55,20
1767618720124,19,200,true,55,55,19
1767618720125,19,200,true,55,55,19
1767618720126,19,200,true,55,55,19
1767618720128,18,200,true,55,55,18
1767618720129,18,200,true,55,55,18
1767618720130,18,200,true,55,55,18
1767618720131,18,200,true,55,55,18
1767618720132,18,200,true,55,55,18
1767618720133,18,200,true,55,55,18
1767618720134,18,200,true,55,55,18
1767618720135,18,200,true,55,55,18
1767618720136,18,200,true,55,55,18
1767618720116,39,200,true,55,55,39
1767618720077,80,200,true,55,55,80
1767618720138,19,200,true,55,55,19
1767618720139,19,200,true,55,55,19
1767618720140,19,200,true,55,55,19
1767618720141,19,200,true,55,55,19
1767618720142,19,200,true,55,55,19
1767618720143,19,200,true,55,55,19
1767618720144,19,200,true,55,55,19
1767618720145,19,200,true,55,55,18
1767618720146,19,200,true,55,55,18
1767618720147,18,200,true,55,55,18
1767618720147,19,200,true,55,55,19
1767618720149,18,200,true,55,55,18
1767618720149,19,200,true,55,55,19
1767618720151,18,200,true,55,55,18
1767618720151,19,200,true,55,55,19
1767618720152,19,200,true,55,55,19
1767618720153,19,200,true,55,55,19
1767618720154,19,200,true,55,55,19
1767618720155,19,200,true,55,55,19
1767618720137,38,200,true,55,55,38
1767618720073,104,200,true,55,55,104
1767618720157,20,200,true,55,55,20
1767618720158,20,200,true,55,55,20
1767618720159,20,200,true,55,55,20
1767618720160,20,200,true,55,55,20
1767618720161,20,200,true,55,55,20
1767618720162,20,200,true,55,55,20
1767618720163,20,200,true,55,55,20
1767618720164,20,200,true,55,55,20
1767618720165,20,200,true,55,55,20
1767618720166,20,200,true,55,55,20
1767618720167,20,200,true,55,55,20
1767618720168,19,200,true,55,55,19
1767618720169,20,200,true,55,55,20
1767618720170,19,200,true,55,55,19
1767618720170,20,200,true,55,55,20
1767618720172,19,200,true,55,55,19
1767618720172,20,200,true,55,55,20
1767618720173,20,200,true,55,55,20
1767618720174,20,200,true,55,55,20
1767618720175,21,200,true,55,55,21
1767618720156,41,200,true,55,55,41
1767618720078,121,200,true,55,55,121
1767618720177,22,200,true,55,55,22
1767618720178,22,200,true,55,55,22
1767618720179,22,200,true,55,55,22
1767618720180,23,200,true,55,55,23
1767618720181,22,200,true,55,55,22
1767618720182,22,200,true,55,55,22
1767618720183,22,200,true,55,55,22
1767618720184,22,200,true,55,55,22
1767618720185,22,200,true,55,55,22
1767618720186,22,200,true,55,55,22
1767618720187,22,200,true,55,55,22
1767618720188,22,200,true,55,55,22
1767618720189,22,200,true,55,55,22
1767618720190,22,200,true,55,55,22
1767618720191,22,200,true,55,55,22
1767618720191,23,200,true,55,55,23
1767618720193,22,200,true,55,55,21
1767618720194,22,200,true,55,55,22
1767618720195,21,200,true,55,55,21
1767618720196,21,200,true,55,55,21
1767618720197,21,200,true,55,55,21
1767618720176,43,200,true,55,55,43
1767618720070,151,200,true,55,55,151
1767618720199,22,200,true,55,55,22
1767618720200,22,200,true,55,55,22
1767618720202,21,200,true,55,55,21
1767618720203,21,200,true,55,55,21
1767618720204,21,200,true,55,55,21
1767618720205,21,200,true,55,55,21
1767618720205,22,200,true,55,55,22
1767618720206,22,200,true,55,55,22
1767618720207,22,200,true,55,55,22
1767618720208,21,200,true,55,55,21
1767618720209,21,200,true,55,55,21
1767618720210,21,200,true,55,55,21
1767618720211,21,200,true,55,55,21
1767618720212,21,200,true,55,55,21
1767618720213,21,200,true,55,55,21
1767618720214,21,200,true,55,55,21
1767618720215,21,200,true,55,55,21
1767618720216,21,200,true,55,55,21
1767618720217,21,200,true,55,55,21
1767618720218,21,200,true,55,55,21
1767618720218,22,200,true,55,55,22
1767618720219,22,200,true,55,55,22
1767618720198,44,200,true,55,55,44
1767618720077,166,200,true,55,55,166
1767618720221,23,200,true,55,55,23
1767618720222,23,200,true,55,55,23
1767618720223,23,200,true,55,55,22
1767618720224,22,200,true,55,55,22
1767618720225,22,200,true,55,55,22
1767618720226,22,200,true,55,55,22
1767618720227,22,200,true,55,55,22
1767618720228,22,200,true,55,55,22
1767618720229,22,200,true,55,55,22
1767618720230,22,200,true,55,55,22
1767618720230,23,200,true,55,55,23
1767618720231,23,200,true,55,55,23
1767618720233,22,200,true,55,55,22
1767618720234,22,200,true,55,55,22
1767618720234,23,200,true,55,55,23
1767618720235,23,200,true,55,55,23
1767618720236,23,200,true,55,55,23
1767618720237,22,200,true,55,55,22
1767618720238,22,200,true,55,55,22
1767618720239,22,200,true,55,55,22
1767618720240,22,200,true,55,55,22
1767618720241,22,200,true,55,55,22
1767618720242,22,200,true,55,55,22
1767618720220,45,200,true,55,55,45
1767618720071,196,200,true,55,55,196
1767618720244,23,200,true,55,55,23
1767618720245,23,200,true,55,55,23
1767618720246,23,200,true,55,55,23
1767618720247,23,200,true,55,55,23
1767618720247,24,200,true,55,55,24
1767618720248,24,200,true,55,55,24
1767618720249,24,200,true,55,55,24
1767618720250,24,200,true,55,55,24
1767618720251,24,200,true,55,55,24
1767618720252,24,200,true,55,55,24
1767618720253,23,200,true,55,55,23
1767618720254,23,200,true,55,55,23
1767618720255,23,200,true,55,55,23
1767618720256,23,200,true,55,55,23
1767618720257,23,200,true,55,55,23
1767618720258,23,200,true,55,55,23
1767618720259,23,200,true,55,55,23
1767618720260,23,200,true,55,55,23
1767618720260,24,200,true,55,55,24
1767618720262,23,200,true,55,55,23
1767618720262,24,200,true,55,55,24
1767618720263,24,200,true,55,55,24
1767618720264,24,200,true,55,55,24
1767618720265,24,200,true,55,55,24
1767618720243,46,200,true,55,55,46
1767618720078,214,200,true,55,55,214
1767618720267,25,200,true,55,55,25
1767618720268,24,200,true,55,55,24
1767618720269,24,200,true,55,55,24
1767618720270,24,200,true,55,55,24
1767618720271,24,200,true,55,55,24
1767618720272,24,200,true,55,55,24
1767618720273,24,200,true,55,55,24
1767618720274,24,200,true,55,55,24
1767618720275,24,200,true,55,55,24
1767618720276,24,200,true,55,55,24
1767618720277,24,200,true,55,55,24
1767618720277,25,200,true,55,55,25
1767618720279,24,200,true,55,55,24
1767618720280,24,200,true,55,55,24
1767618720280,25,200,true,55,55,25
1767618720281,24,200,true,55,55,24
1767618720282,24,200,true,55,55,24
1767618720283,24,200,true,55,55,24
1767618720284,24,200,true,55,55,24
1767618720285,24,200,true,55,55,24
1767618720286,24,200,true,55,55,24
1767618720287,24,200,true,55,55,24
1767618720288,24,200,true,55,55,24
1767618720289,24,200,true,55,55,24
1767618720290,24,200,true,55,55,24
1767618720266,49,200,true,55,55,49
1767618720070,247,200,true,55,55,247
1767618720292,25,200,true,55,55,25
1767618720293,25,200,true,55,55,25
1767618720294,25,200,true,55,55,25
1767618720295,25,200,true,55,55,25
1767618720296,25,200,true,55,55,25
1767618720296,25,200,true,55,55,25
1767618720297,25,200,true,55,55,25
1767618720298,25,200,true,55,55,25
1767618720299,25,200,true,55,55,25
1767618720300,25,200,true,55,55,25
1767618720301,25,200,true,55,55,25
1767618720302,25,200,true,55,55,25
1767618720303,25,200,true,55,55,25
1767618720304,25,200,true,55,55,25
1767618720305,25,200,true,55,55,25
1767618720306,25,200,true,55,55,25
1767618720306,26,200,true,55,55,26
1767618720308,25,200,true,55,55,25
1767618720308,26,200,true,55,55,26
1767618720309,25,200,true,55,55,25
1767618720310,25,200,true,55,55,25
1767618720311,25,200,true,55,55,25
1767618720312,25,200,true,55,55,25
1767618720313,25,200,true,55,55,25
1767618720314,25,200,true,55,55,25
1767618720315,25,200,true,55,55,25
1767618720291,50,200,true,55,55,50
1767618720063,280,200,true,55,55,280
1767618720317,26,200,true,55,55,26
1767618720318,26,200,true,55,55,26
1767618720319,26,200,true,55,55,26
1767618720320,26,200,true,55,55,26
1767618720321,26,200,true,55,55,26
1767618720322,26,200,true,55,55,26
1767618720322,27,200,true,55,55,27
1767618720323,27,200,true,55,55,27
1767618720325,26,200,true,55,55,26
1767618720325,26,200,true,55,55,26
1767618720326,26,200,true,55,55,26
1767618720327,26,200,true,55,55,26
1767618720328,26,200,true,55,55,26
1767618720329,26,200,true,55,55,26
1767618720330,26,200,true,55,55,26
1767618720331,26,200,true,55,55,26
1767618720332,26,200,true,55,55,26
1767618720333,26,200,true,55,55,26
1767618720334,26,200,true,55,55,26
1767618720335,26,200,true,55,55,26
1767618720335,27,200,true,55,55,27
1767618720336,27,200,true,55,55,27
1767618720337,27,200,true,55,55,26
1767618720338,26,200,true,55,55,26
1767618720339,26,200,true,55,55,26
1767618720340,26,200,true,55,55,26
1767618720341,26,200,true,55,55,26
1767618720316,52,200,true,55,55,52
1767618720071,299,200,true,55,55,299
1767618720343,27,200,true,55,55,27
1767618720344,27,200,true,55,55,27
1767618720345,27,200,true,55,55,27
1767618720346,27,200,true,55,55,27
1767618720347,27,200,true,55,55,27
1767618720348,27,200,true,55,55,27
1767618720349,27,200,true,55,55,27
1767618720350,27,200,true,55,55,27
1767618720351,27,200,true,55,55,27
1767618720352,27,200,true,55,55,27
1767618720352,28,200,true,55,55,28
1767618720353,27,200,true,55,55,27
1767618720355,26,200,true,55,55,26
1767618720355,27,200,true,55,55,27
1767618720356,28,200,true,55,55,28
1767618720357,27,200,true,55,55,27
1767618720358,27,200,true,55,55,27
1767618720359,27,200,true,55,55,27
1767618720360,27,200,true,55,55,27
1767618720361,27,200,true,55,55,27
1767618720362,28,200,true,55,55,28
1767618720363,28,200,true,55,55,28
1767618720364,28,200,true,55,55,28
1767618720365,28,200,true,55,55,28
1767618720365,29,200,true,55,55,29
1767618720367,28,200,true,55,55,28
1767618720367,29,200,true,55,55,29
1767618720368,29,200,true,55,55,29
1767618720342,56,200,true,55,55,56
1767618720077,323,200,true,55,55,323
1767618720371,30,200,true,55,55,30
1767618720371,31,200,true,55,55,31
1767618720372,31,200,true,55,55,31
1767618720373,31,200,true,55,55,31
1767618720374,31,200,true,55,55,31
1767618720375,31,200,true,55,55,31
1767618720376,31,200,true,55,55,31
1767618720377,31,200,true,55,55,31
1767618720378,31,200,true,55,55,31
1767618720379,31,200,true,55,55,31
1767618720380,31,200,true,55,55,31
1767618720381,31,200,true,55,55,31
1767618720382,31,200,true,55,55,31
1767618720382,32,200,true,55,55,32
1767618720384,30,200,true,55,55,30
1767618720385,30,200,true,55,55,30
1767618720385,31,200,true,55,55,31
1767618720386,31,200,true,55,55,31
1767618720387,31,200,true,55,55,31
1767618720389,30,200,true,55,55,30
1767618720390,30,200,true,55,55,30
1767618720391,30,200,true,55,55,30
1767618720392,30,200,true,55,55,30
1767618720393,30,200,true,55,55,30
1767618720394,29,200,true,55,55,29
1767618720395,29,200,true,55,55,29
1767618720396,29,200,true,55,55,29
1767618720397,29,200,true,55,55,29
1767618720398,29,200,true,55,55,29
1767618720369,59,200,true,55,55,59
1767618720078,352,200,true,55,55,352
1767618720401,29,200,true,55,55,29
1767618720402,29,200,true,55,55,29
1767618720404,28,200,true,55,55,28
1767618720404,29,200,true,55,55,29
1767618720405,29,200,true,55,55,29
1767618720406,29,200,true,55,55,29
1767618720407,29,200,true,55,55,29
1767618720408,29,200,true,55,55,29
1767618720409,29,200,true,55,55,29
1767618720410,29,200,true,55,55,29
1767618720411,28,200,true,55,55,28
1767618720412,28,200,true,55,55,28
1767618720413,28,200,true,55,55,28
1767618720414,28,200,true,55,55,28
1767618720415,28,200,true,55,55,28
1767618720416,28,200,true,55,55,28
1767618720416,29,200,true,55,55,29
1767618720417,29,200,true,55,55,29
1767618720418,29,200,true,55,55,29
1767618720419,29,200,true,55,55,29
1767618720420,29,200,true,55,55,29
1767618720421,29,200,true,55,55,28
1767618720422,28,200,true,55,55,28
1767618720423,28,200,true,55,55,28
1767618720424,28,200,true,55,55,28
1767618720425,28,200,true,55,55,28
1767618720425,29,200,true,55,55,29
1767618720426,29,200,true,55,55,29
1767618720427,29,200,true,55,55,29
1767618720428,29,200,true,55,55,29
1767618720400,58,200,true,55,55,58
1767618720077,383,200,true,55,55,383
1767618720430,30,200,true,55,55,30
1767618720431,30,200,true,55,55,30
1767618720432,30,200,true,55,55,30
1767618720433,30,200,true,55,55,30
1767618720434,30,200,true,55,55,30
1767618720435,30,200,true,55,55,30
1767618720436,30,200,true,55,55,30
1767618720437,29,200,true,55,55,29
1767618720438,29,200,true,55,55,29
1767618720439,29,200,true,55,55,29
1767618720440,29,200,true,55,55,29
1767618720440,30,200,true,55,55,30
1767618720441,30,200,true,55,55,30
1767618720442,30,200,true,55,55,30
1767618720443,30,200,true,55,55,30
1767618720444,30,200,true,55,55,30
1767618720445,30,200,true,55,55,30
1767618720446,30,200,true,55,55,30
1767618720447,29,200,true,55,55,29
1767618720448,29,200,true,55,55,29
1767618720449,30,200,true,55,55,30
1767618720450,29,200,true,55,55,29
1767618720451,29,200,true,55,55,29
1767618720452,29,200,true,55,55,29
1767618720452,30,200,true,55,55,30
1767618720454,29,200,true,55,55,29
1767618720455,29,200,true,55,55,29
1767618720455,30,200,true,55,55,30
1767618720456,30,200,true,55,55,30
1767618720457,30,200,true,55,55,30
1767618720458,30,200,true,55,55,30
1767618720429,60,200,true,55,55,60
1767618720070,421,200,true,55,55,421
1767618720460,31,200,true,55,55,31
1767618720461,31,200,true,55,55,31
1767618720462,30,200,true,55,55,30
1767618720463,30,200,true,55,55,30
1767618720464,30,200,true,55,55,30
1767618720465,30,200,true,55,55,30
1767618720466,30,200,true,55,55,30
1767618720467,30,200,true,55,55,30
1767618720468,30,200,true,55,55,30
1767618720468,31,200,true,55,55,31
1767618720469,31,200,true,55,55,31
1767618720470,31,200,true,55,55,31
1767618720471,31,200,true,55,55,31
1767618720472,30,200,true,55,55,30
1767618720473,31,200,true,55,55,31
1767618720474,31,200,true,55,55,31
1767618720475,30,200,true,55,55,30
1767618720476,30,200,true,55,55,30
1767618720477,30,200,true,55,55,30
1767618720478,30,200,true,55,55,30
1767618720479,30,200,true,55,55,30
1767618720480,30,200,true,55,55,30
1767618720480,31,200,true,55,55,31
1767618720481,31,200,true,55,55,31
1767618720482,31,200,true,55,55,31
1767618720483,31,200,true,55,55,31
1767618720484,31,200,true,55,55,31
1767618720485,31,200,true,55,55,31
1767618720486,31,200,true,55,55,31
1767618720487,30,200,true,55,55,30
1767618720488,30,200,true,55,55,30
1767618720489,30,200,true,55,55,30
1767618720459,61,200,true,55,55,61
1767618720078,444,200,true,55,55,444
1767618720491,31,200,true,55,55,31
1767618720492,31,200,true,55,55,31
1767618720493,31,200,true,55,55,31
1767618720493,32,200,true,55,55,32
1767618720494,32,200,true,55,55,32
1767618720496,31,200,true,55,55,31
1767618720496,32,200,true,55,55,32
1767618720497,32,200,true,55,55,32
1767618720498,32,200,true,55,55,32
1767618720499,32,200,true,55,55,32
1767618720500,32,200,true,55,55,32
1767618720501,32,200,true,55,55,32
1767618720502,32,200,true,55,55,32
1767618720503,31,200,true,55,55,31
1767618720504,31,200,true,55,55,31
1767618720505,31,200,true,55,55,31
1767618720506,31,200,true,55,55,31
1767618720507,31,200,true,55,55,31
1767618720507,32,200,true,55,55,32
1767618720508,32,200,true,55,55,32
1767618720509,32,200,true,55,55,32
1767618720510,32,200,true,55,55,32
1767618720511,32,200,true,55,55,32
1767618720512,31,200,true,55,55,31
1767618720513,31,200,true,55,55,31
1767618720514,32,200,true,55,55,32
1767618720515,31,200,true,55,55,31
1767618720516,31,200,true,55,55,31
1767618720517,31,200,true,55,55,31
1767618720518,31,200,true,55,55,31
1767618720519,31,200,true,55,55,31
1767618720520,31,200,true,55,55,31
1767618720521,31,200,true,55,55,31
1767618720490,63,200,true,55,55,63
1767618720072,483,200,true,55,55,483
1767618720523,32,200,true,55,55,32
1767618720524,32,200,true,55,55,32
1767618720524,33,200,true,55,55,33
1767618720525,33,200,true,55,55,33
1767618720526,33,200,true,55,55,33
1767618720527,33,200,true,55,55,32
1767618720528,32,200,true,55,55,32
1767618720529,32,200,true,55,55,32
1767618720530,32,200,true,55,55,32
1767618720531,32,200,true,55,55,32
1767618720532,32,200,true,55,55,32
1767618720533,32,200,true,55,55,32
1767618720534,32,200,true,55,55,32
1767618720535,32,200,true,55,55,32
1767618720536,32,200,true,55,55,32
1767618720536,33,200,true,55,55,33
1767618720537,33,200,true,55,55,33
1767618720538,33,200,true,55,55,33
1767618720539,33,200,true,55,55,33
1767618720540,32,200,true,55,55,32
1767618720541,32,200,true,55,55,32
1767618720542,32,200,true,55,55,32
1767618720543,32,200,true,55,55,32
1767618720544,32,200,true,55,55,32
1767618720545,32,200,true,55,55,32
1767618720546,32,200,true,55,55,32
1767618720547,32,200,true,55,55,32
1767618720547,33,200,true,55,55,33
1767618720548,33,200,true,55,55,33
1767618720549,33,200,true,55,55,33
1767618720550,33,200,true,55,55,33
1767618720551,32,200,true,55,55,32
1767618720552,32,200,true,55,55,32
1767618720553,33,200,true,55,55,33
1767618720522,64,200,true,55,55,64
1767618720078,510,200,true,55,55,510
1767618720555,33,200,true,55,55,33
1767618720556,33,200,true,55,55,33
1767618720557,33,200,true,55,55,33
1767618720558,33,200,true,55,55,33
1767618720559,33,200,true,55,55,33
1767618720560,33,200,true,55,55,33
1767618720561,33,200,true,55,55,33
1767618720561,34,200,true,55,55,34
1767618720563,33,200,true,55,55,33
1767618720563,34,200,true,55,55,34
1767618720564,34,200,true,55,55,34
1767618720565,33,200,true,55,55,33
1767618720566,33,200,true,55,55,33
1767618720567,33,200,true,55,55,33
1767618720568,33,200,true,55,55,33
1767618720569,33,200,true,55,55,33
1767618720570,33,200,true,55,55,33
1767618720571,33,200,true,55,55,33
1767618720572,33,200,true,55,55,33
1767618720573,33,200,true,55,55,33
1767618720573,34,200,true,55,55,34
1767618720574,33,200,true,55,55,33
1767618720575,33,200,true,55,55,33
1767618720576,33,200,true,55,55,33
1767618720577,33,200,true,55,55,33
1767618720578,33,200,true,55,55,33
1767618720579,33,200,true,55,55,33
1767618720580,33,200,true,55,55,33
1767618720581,33,200,true,55,55,33
1767618720582,33,200,true,55,55,33
1767618720583,33,200,true,55,55,33
1767618720584,33,200,true,55,55,33
1767618720584,34,200,true,55,55,34
1767618720586,33,200,true,55,55,32
1767618720587,33,200,true,55,55,33
1767618720554,67,200,true,55,55,67
1767618720068,554,200,true,55,55,554
1767618720589,34,200,true,55,55,34
1767618720589,34,200,true,55,55,34
1767618720590,34,200,true,55,55,34
1767618720591,34,200,true,55,55,34
1767618720592,34,200,true,55,55,34
1767618720593,34,200,true,55,55,34
1767618720594,34,200,true,55,55,34
1767618720595,34,200,true,55,55,34
1767618720596,34,200,true,55,55,34
1767618720597,34,200,true,55,55,34
1767618720598,34,200,true,55,55,34
1767618720599,34,200,true,55,55,33
1767618720599,34,200,true,55,55,34
1767618720600,34,200,true,55,55,34
1767618720601,34,200,true,55,55,34
1767618720602,34,200,true,55,55,34
1767618720603,34,200,true,55,55,34
1767618720604,34,200,true,55,55,34
1767618720605,34,200,true,55,55,34
1767618720606,34,200,true,55,55,34
1767618720607,34,200,true,55,55,34
1767618720608,34,200,true,55,55,34
1767618720608,34,200,true,55,55,34
1767618720609,34,200,true,55,55,34
1767618720610,35,200,true,55,55,34
1767618720612,33,200,true,55,55,33
1767618720612,34,200,true,55,55,34
1767618720613,34,200,true,55,55,34
1767618720614,34,200,true,55,55,34
1767618720615,34,200,true,55,55,34
1767618720616,34,200,true,55,55,34
1767618720617,34,200,true,55,55,34
1767618720618,34,200,true,55,55,34
1767618720619,34,200,true,55,55,34
1767618720620,34,200,true,55,55,34
1767618720621,34,200,true,55,55,34
1767618720588,68,200,true,55,55,68
1767618720077,580,200,true,55,55,580
1767618720623,35,200,true,55,55,35
1767618720624,34,200,true,55,55,34
1767618720624,35,200,true,55,55,35
1767618720625,35,200,true,55,55,35
1767618720626,35,200,true,55,55,35
1767618720627,35,200,true,55,55,35
1767618720628,35,200,true,55,55,35
1767618720629,35,200,true,55,55,35
1767618720630,35,200,true,55,55,35
1767618720631,35,200,true,55,55,35
1767618720632,35,200,true,55,55,35
1767618720633,35,200,true,55,55,35
1767618720634,34,200,true,55,55,34
1767618720634,36,200,true,55,55,36
1767618720635,36,200,true,55,55,36
1767618720636,35,200,true,55,55,35
1767618720637,35,200,true,55,55,35
1767618720638,35,200,true,55,55,35
1767618720639,35,200,true,55,55,35
1767618720640,35,200,true,55,55,35
1767618720641,35,200,true,55,55,35
1767618720642,35,200,true,55,55,35
1767618720643,35,200,true,55,55,35
1767618720644,35,200,true,55,55,35
1767618720645,35,200,true,55,55,35
1767618720645,36,200,true,55,55,36
1767618720646,36,200,true,55,55,36
1767618720647,35,200,true,55,55,35
1767618720648,35,200,true,55,55,35
1767618720649,35,200,true,55,55,35
1767618720650,35,200,true,55,55,35
1767618720651,35,200,true,55,55,35
1767618720652,35,200,true,55,55,35
1767618720653,35,200,true,55,55,35
1767618720654,35,200,true,55,55,35
1767618720655,35,200,true,55,55,35
1767618720656,35,200,true,55,55,35
1767618720622,70,200,true,55,55,70
1767618720068,626,200,true,55,55,626
1767618720658,36,200,true,55,55,36
1767618720659,36,200,true,55,55,36
1767618720660,36,200,true,55,55,36
1767618720660,37,200,true,55,55,37
1767618720662,36,200,true,55,55,36
1767618720662,37,200,true,55,55,37
1767618720663,36,200,true,55,55,36
1767618720664,36,200,true,55,55,36
1767618720665,36,200,true,55,55,36
1767618720666,36,200,true,55,55,36
1767618720667,36,200,true,55,55,36
1767618720668,36,200,true,55,55,36
1767618720669,36,200,true,55,55,36
1767618720670,36,200,true,55,55,36
1767618720671,36,200,true,55,55,36
1767618720672,36,200,true,55,55,36
1767618720672,37,200,true,55,55,37
1767618720673,37,200,true,55,55,37
1767618720674,36,200,true,55,55,36
1767618720675,37,200,true,55,55,37
1767618720676,37,200,true,55,55,37
1767618720677,36,200,true,55,55,36
1767618720678,36,200,true,55,55,36
1767618720679,36,200,true,55,55,36
1767618720680,36,200,true,55,55,36
1767618720681,36,200,true,55,55,36
1767618720682,36,200,true,55,55,36
1767618720683,36,200,true,55,55,36
1767618720683,37,200,true,55,55,37
1767618720684,37,200,true,55,55,37
1767618720685,37,200,true,55,55,37
1767618720686,37,200,true,55,55,37
1767618720687,37,200,true,55,55,37
1767618720688,37,200,true,55,55,37
1767618720689,36,200,true,55,55,36
1767618720690,36,200,true,55,55,36
1767618720691,36,200,true,55,55,36
1767618720692,36,200,true,55,55,36
1767618720657,72,200,true,55,55,72
1767618720069,662,200,true,55,55,662
1767618720694,37,200,true,55,55,37
1767618720695,37,200,true,55,55,37
1767618720696,37,200,true,55,55,37
1767618720697,37,200,true,55,55,37
1767618720698,37,200,true,55,55,37
1767618720699,37,200,true,55,55,37
1767618720700,37,200,true,55,55,37
1767618720700,38,200,true,55,55,38
1767618720701,38,200,true,55,55,38
1767618720702,38,200,true,55,55,38
1767618720703,38,200,true,55,55,38
1767618720704,37,200,true,55,55,37
1767618720705,37,200,true,55,55,37
1767618720706,37,200,true,55,55,37
1767618720707,37,200,true,55,55,37
1767618720708,37,200,true,55,55,37
1767618720709,37,200,true,55,55,37
1767618720710,37,200,true,55,55,37
1767618720711,37,200,true,55,55,37
1767618720712,37,200,true,55,55,37
1767618720713,37,200,true,55,55,37
1767618720714,37,200,true,55,55,37
1767618720714,37,200,true,55,55,37
1767618720715,37,200,true,55,55,37
1767618720716,38,200,true,55,55,38
1767618720717,37,200,true,55,55,37
1767618720718,37,200,true,55,55,37
1767618720719,37,200,true,55,55,37
1767618720720,37,200,true,55,55,37
1767618720721,37,200,true,55,55,37
1767618720722,37,200,true,55,55,37
1767618720723,37,200,true,55,55,37
1767618720724,37,200,true,55,55,37
1767618720725,37,200,true,55,55,37
1767618720725,38,200,true,55,55,38
1767618720726,38,200,true,55,55,38
1767618720727,38,200,true,55,55,38
1767618720728,38,200,true,55,55,38
1767618720730,36,200,true,55,55,36
1767618720693,74,200,true,55,55,74
1767618720077,692,200,true,55,55,692
1767618720731,38,200,true,55,55,38
1767618720732,39,200,true,55,55,39
1767618720733,38,200,true,55,55,38
1767618720734,38,200,true,55,55,38
1767618720735,38,200,true,55,55,38
1767618720736,38,200,true,55,55,38
1767618720737,38,200,true,55,55,38
1767618720738,38,200,true,55,55,38
1767618720739,38,200,true,55,55,38
1767618720740,38,200,true,55,55,38
1767618720741,38,200,true,55,55,38
1767618720742,38,200,true,55,55,38
1767618720742,39,200,true,55,55,39
1767618720743,39,200,true,55,55,39
1767618720744,38,200,true,55,55,38
1767618720745,38,200,true,55,55,38
1767618720746,38,200,true,55,55,38
1767618720747,38,200,true,55,55,38
1767618720748,38,200,true,55,55,38
1767618720749,38,200,true,55,55,38
1767618720750,38,200,true,55,55,38
1767618720751,38,200,true,55,55,38
1767618720752,38,200,true,55,55,38
1767618720752,39,200,true,55,55,39
1767618720754,38,200,true,55,55,38
1767618720755,37,200,true,55,55,37
1767618720755,38,200,true,55,55,38
1767618720756,38,200,true,55,55,38
1767618720757,38,200,true,55,55,38
1767618720758,38,200,true,55,55,38
1767618720759,38,200,true,55,55,38
1767618720760,38,200,true,55,55,38
1767618720761,38,200,true,55,55,38
1767618720762,38,200,true,55,55,38
1767618720763,38,200,true,55,55,38
1767618720764,38,200,true,55,55,38
1767618720765,38,200,true,55,55,38
1767618720766,38,200,true,55,55,38
1767618720767,38,200,true,55,55,38
1767618720767,39,200,true,55,55,39
1767618720730,76,200,true,55,55,76
1767618720068,740,200,true,55,55,740
1767618720769,39,200,true,55,55,39
1767618720771,38,200,true,55,55,38
1767618720772,38,200,true,55,55,38
1767618720772,39,200,true,55,55,39
1767618720773,39,200,true,55,55,39
1767618720774,39,200,true,55,55,39
1767618720775,39,200,true,55,55,39
1767618720776,39,200,true,55,55,39
1767618720777,39,200,true,55,55,39
1767618720778,39,200,true,55,55,39
1767618720779,39,200,true,55,55,39
1767618720780,39,200,true,55,55,39
1767618720781,38,200,true,55,55,38
1767618720782,39,200,true,55,55,39
1767618720783,38,200,true,55,55,38
1767618720783,39,200,true,55,55,39
1767618720784,39,200,true,55,55,39
1767618720785,39,200,true,55,55,39
1767618720786,39,200,true,55,55,39
1767618720787,39,200,true,55,55,39
1767618720788,39,200,true,55,55,39
1767618720789,39,200,true,55,55,39
1767618720790,39,200,true,55,55,39
1767618720791,39,200,true,55,55,39
1767618720792,39,200,true,55,55,39
1767618720793,38,200,true,55,55,38
1767618720793,39,200,true,55,55,39
1767618720794,39,200,true,55,55,39
1767618720796,38,200,true,55,55,38
1767618720796,39,200,true,55,55,39
1767618720797,39,200,true,55,55,39
1767618720798,39,200,true,55,55,39
1767618720799,39,200,true,55,55,39
1767618720800,39,200,true,55,55,39
1767618720801,39,200,true,55,55,39
1767618720802,39,200,true,55,55,39
1767618720803,39,200,true,55,55,39
1767618720804,39,200,true,55,55,39
1767618720805,38,200,true,55,55,38
1767618720806,38,200,true,55,55,38
1767618720807,39,200,true,55,55,39
1767618720768,78,200,true,55,55,78
1767618720069,779,200,true,55,55,779
1767618720809,39,200,true,55,55,39
1767618720809,40,200,true,55,55,40
1767618720810,40,200,true,55,55,40
1767618720811,40,200,true,55,55,40
1767618720812,40,200,true,55,55,40
1767618720813,40,200,true,55,55,40
1767618720814,40,200,true,55,55,40
1767618720815,40,200,true,55,55,40
1767618720816,40,200,true,55,55,40
1767618720817,40,200,true,55,55,40
1767618720818,40,200,true,55,55,40
1767618720819,39,200,true,55,55,39
1767618720820,39,200,true,55,55,39
1767618720821,39,200,true,55,55,39
1767618720822,39,200,true,55,55,39
1767618720822,40,200,true,55,55,40
1767618720823,40,200,true,55,55,40
1767618720824,40,200,true,55,55,40
1767618720825,40,200,true,55,55,40
1767618720826,40,200,true,55,55,40
1767618720827,40,200,true,55,55,40
1767618720828,40,200,true,55,55,40
1767618720829,39,200,true,55,55,39
1767618720830,39,200,true,55,55,39
1767618720831,40,200,true,55,55,40
1767618720832,39,200,true,55,55,39
1767618720833,39,200,true,55,55,39
1767618720833,40,200,true,55,55,40
1767618720834,40,200,true,55,55,40
1767618720835,40,200,true,55,55,40
1767618720836,40,200,true,55,55,40
1767618720837,40,200,true,55,55,40
1767618720838,40,200,true,55,55,40
1767618720839,40,200,true,55,55,40
1767618720840,40,200,true,55,55,40
1767618720841,40,200,true,55,55,40
1767618720842,40,200,true,55,55,40
1767618720843,39,200,true,55,55,39
1767618720844,39,200,true,55,55,39
1767618720845,39,200,true,55,55,39
1767618720846,39,200,true,55,55,39
1767618720846,40,200,true,55,55,40
1767618720808,79,200,true,55,55,79
1767618720069,820,200,true,55,55,820
1767618720849,40,200,true,55,55,40
1767618720849,41,200,true,55,55,41
1767618720850,41,200,true,55,55,41
1767618720851,41,200,true,55,55,41
1767618720852,41,200,true,55,55,41
1767618720853,41,200,true,55,55,41
1767618720854,41,200,true,55,55,41
1767618720855,41,200,true,55,55,41
1767618720856,41,200,true,55,55,41
1767618720857,40,200,true,55,55,40
1767618720858,40,200,true,55,55,40
1767618720859,40,200,true,55,55,40
1767618720859,41,200,true,55,55,41
1767618720860,41,200,true,55,55,41
1767618720861,41,200,true,55,55,41
1767618720862,41,200,true,55,55,41
1767618720863,41,200,true,55,55,41
1767618720864,41,200,true,55,55,41
1767618720865,41,200,true,55,55,41
1767618720866,41,200,true,55,55,41
1767618720867,40,200,true,55,55,40
1767618720868,40,200,true,55,55,40
1767618720868,41,200,true,55,55,41
1767618720869,41,200,true,55,55,41
1767618720871,40,200,true,55,55,40
1767618720871,41,200,true,55,55,41
1767618720872,41,200,true,55,55,41
1767618720873,41,200,true,55,55,41
1767618720874,41,200,true,55,55,41
1767618720875,41,200,true,55,55,41
1767618720876,41,200,true,55,55,41
1767618720877,41,200,true,55,55,41
1767618720878,41,200,true,55,55,41
1767618720879,41,200,true,55,55,41
1767618720880,41,200,true,55,55,41
1767618720881,41,200,true,55,55,41
1767618720882,40,200,true,55,55,40
1767618720883,40,200,true,55,55,40
1767618720883,41,200,true,55,55,41
1767618720884,41,200,true,55,55,41
1767618720885,41,200,true,55,55,41
1767618720886,41,200,true,55,55,41
1767618720887,41,200,true,55,55,41
1767618720847,82,200,true,55,55,82
1767618720077,854,200,true,55,55,854
1767618720889,43,200,true,55,55,43
1767618720890,42,200,true,55,55,42
1767618720891,42,200,true,55,55,42
1767618720892,42,200,true,55,55,42
1767618720893,42,200,true,55,55,42
1767618720894,42,200,true,55,55,42
1767618720895,42,200,true,55,55,42
1767618720896,42,200,true,55,55,42
1767618720897,42,200,true,55,55,42
1767618720898,43,200,true,55,55,43
1767618720898,44,200,true,55,55,44
1767618720899,44,200,true,55,55,44
1767618720900,44,200,true,55,55,44
1767618720901,45,200,true,55,55,45
1767618720902,45,200,true,55,55,45
1767618720903,45,200,true,55,55,45
1767618720904,45,200,true,55,55,45
1767618720905,45,200,true,55,55,45
1767618720906,45,200,true,55,55,45
1767618720907,45,200,true,55,55,45
1767618720908,45,200,true,55,55,45
1767618720908,46,200,true,55,55,46
1767618720909,46,200,true,55,55,46
1767618720910,46,200,true,55,55,46
1767618720911,46,200,true,55,55,46
1767618720912,46,200,true,55,55,46
1767618720913,46,200,true,55,55,46
1767618720914,46,200,true,55,55,46
1767618720915,47,200,true,55,55,47
1767618720916,47,200,true,55,55,47
1767618720917,47,200,true,55,55,47
1767618720918,48,200,true,55,55,48
1767618720919,48,200,true,55,55,48
1767618720920,48,200,true,55,55,48
1767618720921,48,200,true,55,55,48
1767618720922,48,200,true,55,55,48
1767618720923,48,200,true,55,55,48
1767618720923,49,200,true,55,55,49
1767618720924,49,200,true,55,55,49
1767618720925,49,200,true,55,55,49
1767618720926,49,200,true,55,55,49
1767618720927,49,200,true,55,55,49
1767618720928,49,200,true,55,55,49
1767618720930,48,200,true,55,55,48
1767618720888,91,200,true,55,55,91
1767618720071,910,200,true,55,55,910
1767618720932,49,200,true,55,55,49
1767618720933,49,200,true,55,55,49
1767618720933,50,200,true,55,55,50
1767618720934,49,200,true,55,55,49
1767618720935,49,200,true,55,55,49
1767618720936,49,200,true,55,55,49
1767618720937,50,200,true,55,55,50
1767618720938,50,200,true,55,55,50
1767618720939,50,200,true,55,55,50
1767618720941,48,200,true,55,55,48
1767618720942,48,200,true,55,55,48
1767618720943,48,200,true,55,55,48
1767618720945,47,200,true,55,55,47
1767618720946,47,200,true,55,55,47
1767618720947,47,200,true,55,55,47
1767618720948,47,200,true,55,55,47
1767618720950,46,200,true,55,55,46
1767618720950,47,200,true,55,55,47
1767618720951,47,200,true,55,55,47
1767618720952,47,200,true,55,55,47
1767618720953,47,200,true,55,55,47
1767618720954,46,200,true,55,55,46
1767618720955,46,200,true,55,55,46
1767618720956,46,200,true,55,55,46
1767618720957,47,200,true,55,55,47
1767618720958,46,200,true,55,55,46
1767618720959,46,200,true,55,55,46
1767618720961,45,200,true,55,55,45
1767618720962,45,200,true,55,55,45
1767618720963,45,200,true,55,55,45
1767618720964,45,200,true,55,55,45
1767618720966,44,200,true,55,55,44
1767618720967,44,200,true,55,55,44
1767618720968,44,200,true,55,55,44
1767618720970,43,200,true,55,55,43
1767618720970,44,200,true,55,55,44
1767618720971,44,200,true,55,55,44
1767618720972,44,200,true,55,55,44
1767618720973,44,200,true,55,55,44
1767618720974,44,200,true,55,55,44
1767618720975,43,200,true,55,55,43
1767618720976,43,200,true,55,55,43
1767618720977,44,200,true,55,55,44
1767618720978,44,200,true,55,55,44
1767618720979,43,200,true,55,55,43
1767618720931,92,200,true,55,55,92
1767618720072,953,200,true,55,55,953
1767618720981,44,200,true,55,55,44
1767618720982,44,200,true,55,55,44
1767618720983,44,200,true,55,55,44
1767618720984,44,200,true,55,55,44
1767618720984,45,200,true,55,55,45
1767618720985,45,200,true,55,55,45
1767618720987,44,200,true,55,55,44
1767618720988,44,200,true,55,55,44
1767618720989,44,200,true,55,55,44
1767618720990,44,200,true,55,55,44
1767618720990,45,200,true,55,55,45
1767618720991,45,200,true,55,55,45
1767618720992,45,200,true,55,55,45
1767618720993,44,200,true,55,55,44
1767618720994,45,200,true,55,55,45
1767618720995,45,200,true,55,55,45
1767618720996,45,200,true,55,55,44
1767618720997,44,200,true,55,55,44
1767618720998,44,200,true,55,55,44
1767618720999,44,200,true,55,55,44
1767618721000,44,200,true,55,55,44
1767618721001,44,200,true,55,55,44
1767618721002,44,200,true,55,55,44
1767618721002,45,200,true,55,55,45
1767618721004,44,200,true,55,55,44
1767618721005,44,200,true,55,55,44
1767618721006,43,200,true,55,55,43
1767618721006,44,200,true,55,55,44
1767618721007,44,200,true,55,55,44
1767618721008,44,200,true,55,55,44
1767618721009,44,200,true,55,55,44
1767618721010,44,200,true,55,55,44
1767618721011,44,200,true,55,55,44
1767618721012,44,200,true,55,55,44
1767618721013,44,200,true,55,55,44
1767618721014,44,200,true,55,55,44
1767618721015,44,200,true,55,55,44
1767618721016,44,200,true,55,55,44
1767618721017,44,200,true,55,55,44
1767618721018,44,200,true,55,55,44
1767618721019,44,200,true,55,55,44
1767618721020,44,200,true,55,55,44
1767618721021,44,200,true,55,55,44
1767618721022,44,200,true,55,55,44
1767618721023,43,200,true,55,55,43
1767618721024,43,200,true,55,55,43
1767618720980,88,200,true,55,55,88
1767618720077,993,200,true,55,55,993
1767618721026,44,200,true,55,55,44
1767618721026,45,200,true,55,55,45
1767618721027,46,200,true,55,55,46
1767618721028,46,200,true,55,55,46
1767618721029,45,200,true,55,55,45
1767618721030,45,200,true,55,55,45
1767618721031,45,200,true,55,55,45
1767618721032,45,200,true,55,55,45
1767618721033,45,200,true,55,55,45
1767618721034,45,200,true,55,55,45
1767618721035,45,200,true,55,55,45
1767618721036,45,200,true,55,55,45
1767618721037,45,200,true,55,55,45
1767618721038,44,200,true,55,55,44
1767618721039,45,200,true,55,55,45
1767618721040,44,200,true,55,55,44
1767618721041,44,200,true,55,55,44
1767618721042,44,200,true,55,55,44
1767618721042,45,200,true,55,55,45
1767618721043,45,200,true,55,55,45
1767618721044,45,200,true,55,55,45
1767618721045,45,200,true,55,55,45
1767618721046,45,200,true,55,55,45
1767618721047,45,200,true,55,55,45
1767618721048,45,200,true,55,55,45
1767618721049,45,200,true,55,55,45
1767618721050,45,200,true,55,55,45
1767618721050,46,200,true,55,55,46
1767618721051,46,200,true,55,55,46
1767618721052,46,200,true,55,55,46
1767618721053,45,200,true,55,55,45
1767618721054,45,200,true,55,55,45
1767618721055,45,200,true,55,55,45
1767618721056,45,200,true,55,55,45
1767618721057,45,200,true,55,55,45
1767618721058,45,200,true,55,55,45
1767618721059,45,200,true,55,55,45
1767618721060,45,200,true,55,55,45
1767618721061,45,200,true,55,55,45
1767618721062,45,200,true,55,55,45
1767618721063,45,200,true,55,55,45
1767618721064,45,200,true,55,55,45
1767618721065,45,200,true,55,55,45
1767618721066,45,200,true,55,55,45
1767618721067,45,200,true,55,55,45
1767618721067,46,200,true,55,55,46
1767618721068,46,200,true,55,55,46
1767618721025,90,200,true,55,55,90
1767618720069,1048,200,true,55,55,1048
1767618721071,46,200,true,55,55,46
1767618721072,45,200,true,55,55,45
1767618721073,45,200,true,55,55,45
1767618721074,45,200,true,55,55,45
1767618721075,45,200,true,55,55,45
1767618721076,45,200,true,55,55,45
1767618721076,46,200,true,55,55,46
1767618721077,46,200,true,55,55,46
1767618721078,46,200,true,55,55,46
1767618721079,46,200,true,55,55,46
1767618721080,46,200,true,55,55,46
1767618721081,46,200,true,55,55,46
1767618721082,46,200,true,55,55,46
1767618721083,46,200,true,55,55,46
1767618721084,46,200,true,55,55,46
1767618721084,47,200,true,55,55,47
1767618721085,46,200,true,55,55,46
1767618721086,46,200,true,55,55,46
1767618721087,46,200,true,55,55,46
1767618721088,46,200,true,55,55,46
1767618721089,46,200,true,55,55,46
1767618721090,46,200,true,55,55,46
1767618721091,46,200,true,55,55,46
1767618721092,46,200,true,55,55,46
1767618721093,46,200,true,55,55,46
1767618721094,46,200,true,55,55,46
1767618721095,46,200,true,55,55,46
1767618721096,46,200,true,55,55,46
1767618721097,46,200,true,55,55,46
1767618721098,46,200,true,55,55,46
1767618721099,46,200,true,55,55,46
1767618721099,46,200,true,55,55,46
1767618721100,46,200,true,55,55,46
1767618721101,46,200,true,55,55,46
1767618721102,46,200,true,55,55,46
1767618721103,46,200,true,55,55,46
1767618721104,46,200,true,55,55,46
1767618721105,46,200,true,55,55,46
1767618721106,46,200,true,55,55,46
1767618721107,46,200,true,55,55,46
1767618721108,46,200,true,55,55,46
1767618721109,46,200,true,55,55,46
1767618721110,46,200,true,55,55,46
1767618721111,45,200,true,55,55,45
1767618721112,46,200,true,55,55,46
1767618721113,46,200,true,55,55,46
1767618721114,46,200,true,55,55,46
1767618721115,46,200,true,55,55,46
1767618721070,92,200,true,55,55,92
1767618720069,1094,200,true,55,55,1094
1767618721117,47,200,true,55,55,47
1767618721118,46,200,true,55,55,46
1767618721119,46,200,true,55,55,46
1767618721119,47,200,true,55,55,47
1767618721120,47,200,true,55,55,47
1767618721121,47,200,true,55,55,47
1767618721122,47,200,true,55,55,47
1767618721123,47,200,true,55,55,47
1767618721124,47,200,true,55,55,47
1767618721125,47,200,true,55,55,47
1767618721126,47,200,true,55,55,47
1767618721127,47,200,true,55,55,47
1767618721128,47,200,true,55,55,47
1767618721129,47,200,true,55,55,47
1767618721130,47,200,true,55,55,47
1767618721131,46,200,true,55,55,46
1767618721132,48,200,true,55,55,48
1767618721133,49,200,true,55,55,49
1767618721133,52,200,true,55,55,52
1767618721134,53,200,true,55,55,53
1767618721135,53,200,true,55,55,53
1767618721136,53,200,true,55,55,53
1767618721137,52,200,true,55,55,52
1767618721138,52,200,true,55,55,52
1767618721139,52,200,true,55,55,52
1767618721140,52,200,true,55,55,52
1767618721141,52,200,true,55,55,52
1767618721142,52,200,true,55,55,52
1767618721143,52,200,true,55,55,52
1767618721144,52,200,true,55,55,52
1767618721145,52,200,true,55,55,52
1767618721146,53,200,true,55,55,53
1767618721147,53,200,true,55,55,53
1767618721148,53,200,true,55,55,52
1767618721148,54,200,true,55,55,53
1767618721149,53,200,true,55,55,53
1767618721150,53,200,true,55,55,53
1767618721151,53,200,true,55,55,53
1767618721152,53,200,true,55,55,53
1767618721153,53,200,true,55,55,53
1767618721154,53,200,true,55,55,53
1767618721155,53,200,true,55,55,53
1767618721156,53,200,true,55,55,53
1767618721157,53,200,true,55,55,53
1767618721158,53,200,true,55,55,53
1767618721159,53,200,true,55,55,53
1767618721160,53,200,true,55,55,53
1767618721161,53,200,true,55,55,53
1767618721162,53,200,true,55,55,53
1767618721116,101,200,true,55,55,101
1767618720072,1147,200,true,55,55,1147
1767618721164,55,200,true,55,55,55
1767618721165,55,200,true,55,55,55
1767618721166,55,200,true,55,55,55
1767618721166,56,200,true,55,55,56
1767618721167,56,200,true,55,55,56
1767618721168,56,200,true,55,55,56
1767618721169,56,200,true,55,55,56
1767618721170,56,200,true,55,55,56
1767618721171,56,200,true,55,55,56
1767618721172,56,200,true,55,55,56
1767618721173,55,200,true,55,55,55
1767618721174,55,200,true,55,55,55
1767618721175,55,200,true,55,55,55
1767618721176,55,200,true,55,55,55
1767618721177,55,200,true,55,55,55
1767618721178,55,200,true,55,55,55
1767618721180,56,200,true,55,55,56
1767618721183,54,200,true,55,55,54
1767618721185,53,200,true,55,55,53
1767618721187,52,200,true,55,55,52
1767618721188,52,200,true,55,55,52
1767618721189,52,200,true,55,55,52
1767618721190,52,200,true,55,55,52
1767618721190,53,200,true,55,55,53
1767618721192,52,200,true,55,55,52
1767618721192,53,200,true,55,55,53
1767618721193,53,200,true,55,55,53
1767618721194,53,200,true,55,55,53
1767618721195,52,200,true,55,55,52
1767618721196,52,200,true,55,55,52
1767618721197,52,200,true,55,55,52
1767618721199,51,200,true,55,55,51
1767618721200,51,200,true,55,55,51
1767618721201,51,200,true,55,55,51
1767618721202,51,200,true,55,55,51
1767618721203,51,200,true,55,55,51
1767618721203,52,200,true,55,55,52
1767618721205,51,200,true,55,55,51
1767618721206,51,200,true,55,55,51
1767618721206,52,200,true,55,55,52
1767618721208,51,200,true,55,55,51
1767618721208,52,200,true,55,55,52
1767618721209,52,200,true,55,55,52
1767618721210,51,200,true,55,55,51
1767618721211,51,200,true,55,55,51
1767618721212,51,200,true,55,55,51
1767618721213,51,200,true,55,55,51
1767618721214,51,200,true,55,55,51
1767618721215,51,200,true,55,55,51
1767618721217,50,200,true,55,55,50
1767618721163,105,200,true,55,55,105
1767618720078,1192,200,true,55,55,1192
1767618721219,51,200,true,55,55,51
1767618721220,51,200,true,55,55,51
1767618721221,51,200,true,55,55,51
1767618721222,51,200,true,55,55,51
1767618721223,51,200,true,55,55,51
1767618721224,51,200,true,55,55,51
1767618721225,51,200,true,55,55,51
1767618721226,51,200,true,55,55,51
1767618721227,51,200,true,55,55,51
1767618721228,51,200,true,55,55,51
1767618721229,51,200,true,55,55,51
1767618721230,50,200,true,55,55,50
1767618721231,50,200,true,55,55,50
1767618721232,50,200,true,55,55,50
1767618721233,50,200,true,55,55,50
1767618721233,51,200,true,55,55,51
1767618721236,49,200,true,55,55,49
1767618721238,48,200,true,55,55,48
1767618721238,49,200,true,55,55,49
1767618721239,49,200,true,55,55,49
1767618721240,49,200,true,55,55,49
1767618721241,49,200,true,55,55,49
1767618721242,49,200,true,55,55,49
1767618721243,49,200,true,55,55,49
1767618721244,49,200,true,55,55,49
1767618721245,48,200,true,55,55,48
1767618721246,48,200,true,55,55,48
1767618721247,48,200,true,55,55,48
1767618721248,48,200,true,55,55,48
1767618721248,49,200,true,55,55,49
1767618721249,49,200,true,55,55,49
1767618721250,49,200,true,55,55,49
1767618721251,49,200,true,55,55,49
1767618721252,49,200,true,55,55,49
1767618721253,49,200,true,55,55,49
1767618721254,49,200,true,55,55,49
1767618721255,49,200,true,55,55,49
1767618721256,49,200,true,55,55,49
1767618721257,49,200,true,55,55,49
1767618721258,49,200,true,55,55,49
1767618721259,48,200,true,55,55,48
1767618721260,48,200,true,55,55,48
1767618721261,48,200,true,55,55,48
1767618721262,48,200,true,55,55,48
1767618721262,49,200,true,55,55,49
1767618721263,49,200,true,55,55,49
1767618721264,49,200,true,55,55,49
1767618721265,49,200,true,55,55,49
1767618721266,49,200,true,55,55,49
1767618721267,49,200,true,55,55,49
1767618721268,49,200,true,55,55,49
1767618721218,100,200,true,55,55,100
1767618720070,1250,200,true,55,55,1250
1767618721270,50,200,true,55,55,50
1767618721271,50,200,true,55,55,50
1767618721272,50,200,true,55,55,50
1767618721273,50,200,true,55,55,50
1767618721274,50,200,true,55,55,50
1767618721275,49,200,true,55,55,49
1767618721276,49,200,true,55,55,49
1767618721277,49,200,true,55,55,49
1767618721278,49,200,true,55,55,49
1767618721279,49,200,true,55,55,49
1767618721280,49,200,true,55,55,49
1767618721281,49,200,true,55,55,49
1767618721281,50,200,true,55,55,50
1767618721282,50,200,true,55,55,50
1767618721283,50,200,true,55,55,50
1767618721284,49,200,true,55,55,49
1767618721285,50,200,true,55,55,50
1767618721286,50,200,true,55,55,50
1767618721287,50,200,true,55,55,50
1767618721288,49,200,true,55,55,49
1767618721289,49,200,true,55,55,49
1767618721290,49,200,true,55,55,49
1767618721291,49,200,true,55,55,49
1767618721292,49,200,true,55,55,49
1767618721293,49,200,true,55,55,49
1767618721294,49,200,true,55,55,49
1767618721294,50,200,true,55,55,50
1767618721295,50,200,true,55,55,50
1767618721296,50,200,true,55,55,50
1767618721297,50,200,true,55,55,50
1767618721298,49,200,true,55,55,49
1767618721299,49,200,true,55,55,49
1767618721300,49,200,true,55,55,49
1767618721301,49,200,true,55,55,49
1767618721302,49,200,true,55,55,49
1767618721303,49,200,true,55,55,49
1767618721304,49,200,true,55,55,49
1767618721305,49,200,true,55,55,49
1767618721306,49,200,true,55,55,49
1767618721307,49,200,true,55,55,49
1767618721307,50,200,true,55,55,50
1767618721308,50,200,true,55,55,50
1767618721309,50,200,true,55,55,50
1767618721310,50,200,true,55,55,50
1767618721311,50,200,true,55,55,50
1767618721312,50,200,true,55,55,50
1767618721313,49,200,true,55,55,49
1767618721314,49,200,true,55,55,49
1767618721315,49,200,true,55,55,49
1767618721316,49,200,true,55,55,49
1767618721317,49,200,true,55,55,49
1767618721318,49,200,true,55,55,49
1767618721269,99,200,true,55,55,99
1767618720069,1301,200,true,55,55,1301
1767618721320,50,200,true,55,55,50
1767618721321,50,200,true,55,55,50
1767618721322,50,200,true,55,55,50
1767618721323,50,200,true,55,55,50
1767618721324,50,200,true,55,55,50
1767618721324,51,200,true,55,55,51
1767618721325,51,200,true,55,55,51
1767618721326,51,200,true,55,55,51
1767618721327,51,200,true,55,55,51
1767618721328,51,200,true,55,55,51
1767618721329,50,200,true,55,55,50
1767618721330,50,200,true,55,55,50
1767618721331,50,200,true,55,55,50
1767618721332,50,200,true,55,55,50
1767618721333,50,200,true,55,55,50
1767618721334,50,200,true,55,55,50
1767618721335,50,200,true,55,55,50
1767618721336,50,200,true,55,55,50
1767618721337,50,200,true,55,55,50
1767618721338,50,200,true,55,55,50
1767618721338,51,200,true,55,55,51
1767618721339,51,200,true,55,55,51
1767618721340,51,200,true,55,55,51
1767618721341,51,200,true,55,55,51
1767618721342,50,200,true,55,55,50
1767618721343,50,200,true,55,55,50
1767618721344,50,200,true,55,55,50
1767618721345,50,200,true,55,55,50
1767618721346,50,200,true,55,55,50
1767618721347,50,200,true,55,55,50
1767618721348,50,200,true,55,55,50
1767618721349,50,200,true,55,55,50
1767618721349,51,200,true,55,55,51
1767618721350,51,200,true,55,55,51
1767618721352,50,200,true,55,55,50
1767618721352,51,200,true,55,55,51
1767618721353,51,200,true,55,55,51
1767618721354,51,200,true,55,55,51
1767618721355,51,200,true,55,55,51
1767618721356,50,200,true,55,55,50
1767618721357,50,200,true,55,55,50
1767618721358,50,200,true,55,55,50
1767618721359,50,200,true,55,55,50
1767618721360,50,200,true,55,55,50
1767618721361,50,200,true,55,55,50
1767618721362,50,200,true,55,55,50
1767618721363,50,200,true,55,55,50
1767618721364,50,200,true,55,55,50
1767618721364,51,200,true,55,55,51
1767618721365,52,200,true,55,55,52
1767618721366,52,200,true,55,55,52
1767618721367,52,200,true,55,55,52
1767618721369,51,200,true,55,55,51
1767618721319,102,200,true,55,55,102
1767618721370,52,200,true,55,55,52
1767618721371,52,200,true,55,55,52
1767618721372,52,200,true,55,55,52
1767618721373,52,200,true,55,55,52
1767618721374,52,200,true,55,55,52
1767618721375,51,200,true,55,55,51
1767618721376,51,200,true,55,55,51
1767618721377,51,200,true,55,55,51
1767618721378,51,200,true,55,55,51
1767618721379,51,200,true,55,55,51
1767618721380,51,200,true,55,55,51
1767618721380,52,200,true,55,55,52
1767618721381,52,200,true,55,55,52
1767618721382,52,200,true,55,55,52
1767618721383,52,200,true,55,55,52
1767618721384,52,200,true,55,55,52
1767618721385,52,200,true,55,55,52
1767618721386,52,200,true,55,55,52
1767618721387,52,200,true,55,55,52
1767618721388,52,200,true,55,55,52
1767618721389,52,200,true,55,55,52
1767618721390,51,200,true,55,55,51
1767618721391,51,200,true,55,55,51
1767618721392,51,200,true,55,55,51
1767618721393,51,200,true,55,55,51
1767618721393,52,200,true,55,55,52
1767618721394,52,200,true,55,55,52
1767618721395,52,200,true,55,55,52
1767618721396,52,200,true,55,55,52
1767618721397,52,200,true,55,55,52
1767618721398,52,200,true,55,55,52
1767618721399,52,200,true,55,55,52
1767618721400,51,200,true,55,55,51
1767618721401,51,200,true,55,55,51
1767618721402,52,200,true,55,55,52
1767618721403,52,200,true,55,55,52
1767618721404,51,200,true,55,55,51
1767618721405,51,200,true,55,55,51
1767618721406,51,200,true,55,55,51
1767618721407,51,200,true,55,55,51
1767618721408,51,200,true,55,55,51
1767618721408,52,200,true,55,55,52
1767618721409,52,200,true,55,55,52
1767618721410,52,200,true,55,55,52
1767618721411,52,200,true,55,55,52
1767618721412,52,200,true,55,55,52
1767618721413,52,200,true,55,55,52
1767618721414,52,200,true,55,55,52
1767618721416,50,200,true,55,55,50
1767618721417,50,200,true,55,55,50
1767618721418,50,200,true,55,55,50
1767618721419,50,200,true,55,55,50
1767618721420,51,200,true,55,55,51
1767618721369,103,200,true,55,55,103
1767618721422,50,200,true,55,55,50
1767618721423,50,200,true,55,55,50
1767618721424,50,200,true,55,55,50
1767618721425,50,200,true,55,55,50
1767618721426,50,200,true,55,55,50
1767618721426,51,200,true,55,55,51
1767618721427,51,200,true,55,55,51
1767618721428,51,200,true,55,55,51
1767618721429,51,200,true,55,55,51
1767618721430,51,200,true,55,55,51
1767618721431,51,200,true,55,55,51
1767618721432,50,200,true,55,55,50
1767618721433,50,200,true,55,55,50
1767618721434,50,200,true,55,55,50
1767618721435,50,200,true,55,55,50
1767618721436,50,200,true,55,55,50
1767618721437,50,200,true,55,55,50
1767618721438,50,200,true,55,55,50
1767618721439,50,200,true,55,55,50
1767618721440,50,200,true,55,55,50
1767618721441,50,200,true,55,55,50
1767618721441,51,200,true,55,55,51
1767618721442,51,200,true,55,55,51
1767618721443,51,200,true,55,55,51
1767618721444,51,200,true,55,55,51
1767618721445,50,200,true,55,55,50
1767618721446,50,200,true,55,55,50
1767618721447,50,200,true,55,55,50
1767618721448,50,200,true,55,55,50
1767618721449,50,200,true,55,55,50
1767618721450,50,200,true,55,55,50
1767618721451,50,200,true,55,55,50
1767618721451,51,200,true,55,55,51
1767618721452,51,200,true,55,55,51
1767618721454,50,200,true,55,55,50
1767618721455,50,200,true,55,55,50
1767618721455,51,200,true,55,55,51
1767618721456,51,200,true,55,55,51
1767618721457,51,200,true,55,55,51
1767618721458,51,200,true,55,55,51
1767618721459,51,200,true,55,55,51
1767618721460,51,200,true,55,55,51
1767618721461,50,200,true,55,55,50
1767618721462,50,200,true,55,55,50
1767618721463,50,200,true,55,55,50
1767618721464,50,200,true,55,55,50
1767618721465,50,200,true,55,55,50
1767618721466,50,200,true,55,55,50
1767618721467,50,200,true,55,55,50
1767618721468,50,200,true,55,55,50
1767618721468,51,200,true,55,55,51
1767618721469,51,200,true,55,55,51
1767618721471,50,200,true,55,55,50
1767618721421,101,200,true,55,55,101
1767618721473,50,200,true,55,55,50
1767618721473,51,200,true,55,55,51
1767618721474,51,200,true,55,55,51
1767618721475,51,200,true,55,55,51
1767618721476,51,200,true,55,55,51
1767618721477,51,200,true,55,55,51
1767618721478,50,200,true,55,55,50
1767618721479,50,200,true,55,55,50
1767618721480,50,200,true,55,55,50
1767618721481,50,200,true,55,55,50
1767618721482,50,200,true,55,55,50
1767618721483,50,200,true,55,55,50
1767618721484,50,200,true,55,55,50
1767618721484,51,200,true,55,55,51
1767618721485,51,200,true,55,55,51
1767618721486,51,200,true,55,55,51
1767618721487,51,200,true,55,55,51
1767618721488,51,200,true,55,55,51
1767618721489,51,200,true,55,55,51
1767618721490,51,200,true,55,55,51
1767618721491,51,200,true,55,55,51
1767618721492,51,200,true,55,55,51
1767618721493,51,200,true,55,55,51
1767618721494,51,200,true,55,55,51
1767618721495,50,200,true,55,55,50
1767618721496,50,200,true,55,55,50
1767618721496,51,200,true,55,55,51
1767618721497,51,200,true,55,55,51
1767618721498,51,200,true,55,55,51
1767618721499,51,200,true,55,55,51
1767618721500,51,200,true,55,55,51
1767618721501,51,200,true,55,55,51
1767618721502,51,200,true,55,55,51
1767618721503,51,200,true,55,55,51
1767618721504,51,200,true,55,55,51
1767618721505,51,200,true,55,55,51
1767618721506,51,200,true,55,55,51
1767618721507,51,200,true,55,55,51
1767618721508,51,200,true,55,55,51
1767618721509,51,200,true,55,55,51
1767618721510,51,200,true,55,55,51
1767618721511,50,200,true,55,55,50
1767618721511,51,200,true,55,55,51
1767618721512,51,200,true,55,55,51
1767618721513,51,200,true,55,55,51
1767618721514,51,200,true,55,55,51
1767618721515,51,200,true,55,55,51
1767618721516,51,200,true,55,55,51
1767618721517,51,200,true,55,55,51
1767618721518,51,200,true,55,55,51
1767618721519,51,200,true,55,55,51
1767618721520,51,200,true,55,55,51
1767618721521,51,200,true,55,55,51
1767618721472,101,200,true,55,55,101
1767618721523,51,200,true,55,55,51
1767618721524,51,200,true,55,55,51
1767618721525,51,200,true,55,55,51
1767618721526,51,200,true,55,55,51
1767618721527,51,200,true,55,55,51
1767618721528,50,200,true,55,55,50
1767618721529,50,200,true,55,55,50
1767618721529,51,200,true,55,55,51
1767618721530,51,200,true,55,55,51
1767618721531,51,200,true,55,55,51
1767618721532,51,200,true,55,55,51
1767618721533,51,200,true,55,55,51
1767618721534,51,200,true,55,55,51
1767618721535,51,200,true,55,55,51
1767618721536,51,200,true,55,55,51
1767618721537,51,200,true,55,55,51
1767618721538,51,200,true,55,55,51
1767618721539,51,200,true,55,55,51
1767618721540,51,200,true,55,55,51
1767618721541,51,200,true,55,55,51
1767618721542,51,200,true,55,55,51
1767618721543,50,200,true,55,55,50
1767618721544,50,200,true,55,55,50
1767618721545,50,200,true,55,55,50
1767618721545,51,200,true,55,55,51
1767618721546,51,200,true,55,55,51
1767618721547,51,200,true,55,55,51
1767618721548,51,200,true,55,55,51
1767618721549,51,200,true,55,55,51
1767618721550,51,200,true,55,55,51
1767618721551,51,200,true,55,55,51
1767618721552,51,200,true,55,55,51
1767618721553,50,200,true,55,55,50
1767618721554,50,200,true,55,55,50
1767618721555,51,200,true,55,55,51
1767618721556,50,200,true,55,55,50
1767618721557,50,200,true,55,55,50
1767618721558,50,200,true,55,55,50
1767618721559,50,200,true,55,55,50
1767618721560,50,200,true,55,55,50
1767618721561,50,200,true,55,55,50
1767618721561,51,200,true,55,55,51
1767618721562,51,200,true,55,55,51
1767618721563,51,200,true,55,55,51
1767618721564,51,200,true,55,55,51
1767618721565,51,200,true,55,55,51
1767618721566,51,200,true,55,55,51
1767618721567,51,200,true,55,55,51
1767618721568,50,200,true,55,55,50
1767618721569,50,200,true,55,55,50
1767618721570,50,200,true,55,55,50
1767618721571,50,200,true,55,55,50
1767618721572,50,200,true,55,55,50
1767618721522,101,200,true,55,55,101
1767618721574,50,200,true,55,55,50
1767618721575,50,200,true,55,55,50
1767618721576,50,200,true,55,55,50
1767618721577,50,200,true,55,55,50
1767618721578,50,200,true,55,55,50
1767618721578,51,200,true,55,55,51
1767618721579,51,200,true,55,55,51
1767618721580,51,200,true,55,55,51
1767618721581,51,200,true,55,55,51
1767618721582,51,200,true,55,55,50
1767618721583,50,200,true,55,55,50
1767618721584,50,200,true,55,55,50
1767618721585,50,200,true,55,55,50
1767618721586,50,200,true,55,55,50
1767618721587,50,200,true,55,55,50
1767618721588,50,200,true,55,55,50
1767618721589,50,200,true,55,55,50
1767618721590,50,200,true,55,55,50
1767618721591,50,200,true,55,55,50
1767618721592,50,200,true,55,55,50
1767618721593,50,200,true,55,55,50
1767618721593,51,200,true,55,55,51
1767618721594,51,200,true,55,55,51
1767618721595,50,200,true,55,55,50
1767618721596,50,200,true,55,55,50
1767618721597,50,200,true,55,55,50
1767618721598,50,200,true,55,55,50
1767618721599,50,200,true,55,55,50
1767618721600,50,200,true,55,55,50
1767618721601,50,200,true,55,55,50
1767618721602,50,200,true,55,55,50
1767618721603,50,200,true,55,55,50
1767618721604,50,200,true,55,55,50
1767618721604,51,200,true,55,55,51
1767618721606,50,200,true,55,55,50
1767618721607,50,200,true,55,55,50
1767618721607,51,200,true,55,55,51
1767618721608,51,200,true,55,55,51
1767618721609,51,200,true,55,55,51
1767618721610,50,200,true,55,55,50
1767618721611,50,200,true,55,55,50
1767618721612,50,200,true,55,55,50
1767618721613,50,200,true,55,55,50
1767618721614,50,200,true,55,55,50
1767618721615,50,200,true,55,55,50
1767618721616,50,200,true,55,55,50
1767618721617,50,200,true,55,55,50
1767618721618,50,200,true,55,55,50
1767618721619,50,200,true,55,55,50
1767618721620,50,200,true,55,55,50
1767618721620,51,200,true,55,55,51
1767618721621,51,200,true,55,55,51
1767618721623,50,200,true,55,55,50
1767618721573,101,200,true,55,55,101
1767618721624,51,200,true,55,55,51
1767618721625,51,200,true,55,55,51
1767618721626,51,200,true,55,55,51
1767618721627,50,200,true,55,55,50
1767618721628,50,200,true,55,55,50
1767618721629,50,200,true,55,55,50
1767618721630,50,200,true,55,55,50
1767618721631,50,200,true,55,55,50
1767618721632,50,200,true,55,55,50
1767618721633,50,200,true,55,55,50
1767618721633,51,200,true,55,55,51
1767618721634,51,200,true,55,55,51
1767618721635,51,200,true,55,55,51
1767618721636,50,200,true,55,55,50
1767618721637,50,200,true,55,55,50
1767618721638,50,200,true,55,55,50
1767618721639,50,200,true,55,55,50
1767618721640,50,200,true,55,55,50
1767618721641,50,200,true,55,55,50
1767618721642,50,200,true,55,55,50
1767618721643,50,200,true,55,55,50
1767618721644,50,200,true,55,55,50
1767618721645,50,200,true,55,55,50
1767618721645,51,200,true,55,55,51
1767618721646,51,200,true,55,55,51
1767618721647,51,200,true,55,55,51
1767618721648,51,200,true,55,55,51
1767618721649,51,200,true,55,55,51
1767618721650,51,200,true,55,55,50
1767618721651,50,200,true,55,55,50
1767618721652,50,200,true,55,55,50
1767618721653,50,200,true,55,55,50
1767618721654,50,200,true,55,55,50
1767618721655,50,200,true,55,55,50
1767618721656,50,200,true,55,55,50
1767618721657,50,200,true,55,55,50
1767618721658,50,200,true,55,55,50
1767618721659,50,200,true,55,55,50
1767618721660,50,200,true,55,55,50
1767618721660,51,200,true,55,55,51
1767618721661,51,200,true,55,55,51
1767618721662,51,200,true,55,55,51
1767618721663,51,200,true,55,55,51
1767618721664,51,200,true,55,55,51
1767618721665,51,200,true,55,55,51
1767618721666,50,200,true,55,55,50
1767618721667,50,200,true,55,55,50
1767618721668,50,200,true,55,55,50
1767618721669,50,200,true,55,55,50
1767618721670,50,200,true,55,55,50
1767618721671,50,200,true,55,55,50
1767618721672,50,200,true,55,55,50
1767618721673,50,200,true,55,55,50
1767618721624,100,200,true,55,55,100
1767618721675,50,200,true,55,55,50
1767618721676,50,200,true,55,55,50
1767618721677,50,200,true,55,55,50
1767618721678,50,200,true,55,55,50
1767618721678,51,200,true,55,55,51
1767618721679,51,200,true,55,55,51
1767618721680,51,200,true,55,55,51
1767618721681,51,200,true,55,55,51
1767618721682,51,200,true,55,55,51
1767618721683,50,200,true,55,55,50
1767618721684,50,200,true,55,55,50
1767618721685,50,200,true,55,55,50
1767618721686,50,200,true,55,55,50
1767618721687,50,200,true,55,55,50
1767618721687,51,200,true,55,55,51
1767618721688,51,200,true,55,55,51
1767618721690,50,200,true,55,55,50
1767618721690,51,200,true,55,55,51
1767618721691,51,200,true,55,55,51
1767618721692,51,200,true,55,55,51
1767618721693,51,200,true,55,55,51
1767618721694,51,200,true,55,55,51
1767618721695,51,200,true,55,55,50
1767618721696,50,200,true,55,55,50
1767618721697,50,200,true,55,55,50
1767618721698,50,200,true,55,55,50
1767618721699,50,200,true,55,55,50
1767618721700,50,200,true,55,55,50
1767618721701,50,200,true,55,55,50
1767618721701,51,200,true,55,55,51
1767618721702,51,200,true,55,55,51
1767618721703,51,200,true,55,55,51
1767618721704,51,200,true,55,55,51
1767618721705,51,200,true,55,55,51
1767618721706,51,200,true,55,55,51
1767618721707,51,200,true,55,55,51
1767618721708,51,200,true,55,55,51
1767618721709,51,200,true,55,55,51
1767618721710,51,200,true,55,55,51
1767618721711,50,200,true,55,55,50
1767618721712,50,200,true,55,55,50
1767618721713,50,200,true,55,55,50
1767618721714,50,200,true,55,55,50
1767618721715,50,200,true,55,55,50
1767618721716,50,200,true,55,55,50
1767618721716,51,200,true,55,55,51
1767618721717,51,200,true,55,55,51
1767618721718,51,200,true,55,55,51
1767618721719,51,200,true,55,55,51
1767618721720,51,200,true,55,55,51
1767618721721,51,200,true,55,55,51
1767618721722,51,200,true,55,55,51
1767618721723,51,200,true,55,55,51
1767618721674,101,200,true,55,55,101
1767618721725,51,200,true,55,55,51
1767618721726,51,200,true,55,55,51
1767618721727,51,200,true,55,55,51
1767618721728,50,200,true,55,55,50
1767618721729,50,200,true,55,55,50
1767618721730,50,200,true,55,55,50
1767618721731,50,200,true,55,55,50
1767618721732,50,200,true,55,55,50
1767618721733,50,200,true,55,55,50
1767618721733,51,200,true,55,55,51
1767618721734,51,200,true,55,55,51
1767618721735,51,200,true,55,55,51
1767618721736,51,200,true,55,55,51
1767618721737,50,200,true,55,55,50
1767618721738,50,200,true,55,55,50
1767618721739,50,200,true,55,55,50
1767618721740,51,200,true,55,55,50
1767618721741,50,200,true,55,55,50
1767618721742,50,200,true,55,55,50
1767618721743,50,200,true,55,55,50
1767618721744,50,200,true,55,55,50
1767618721745,50,200,true,55,55,50
1767618721746,50,200,true,55,55,50
1767618721746,51,200,true,55,55,51
1767618721747,51,200,true,55,55,51
1767618721748,51,200,true,55,55,51
1767618721749,51,200,true,55,55,51
1767618721750,50,200,true,55,55,50
1767618721751,50,200,true,55,55,50
1767618721752,50,200,true,55,55,50
1767618721753,50,200,true,55,55,50
1767618721754,50,200,true,55,55,50
1767618721755,50,200,true,55,55,50
1767618721756,50,200,true,55,55,50
1767618721757,50,200,true,55,55,50
1767618721758,50,200,true,55,55,50
1767618721759,50,200,true,55,55,50
1767618721760,50,200,true,55,55,50
1767618721761,50,200,true,55,55,50
1767618721762,50,200,true,55,55,50
1767618721762,51,200,true,55,55,51
1767618721763,51,200,true,55,55,51
1767618721764,51,200,true,55,55,51
1767618721765,50,200,true,55,55,50
1767618721766,50,200,true,55,55,50
1767618721767,50,200,true,55,55,50
1767618721768,50,200,true,55,55,50
1767618721769,50,200,true,55,55,50
1767618721770,50,200,true,55,55,50
1767618721771,50,200,true,55,55,50
1767618721772,50,200,true,55,55,50
1767618721773,50,200,true,55,55,50
1767618721774,50,200,true,55,55,50
1767618721724,101,200,true,55,55,101
1767618721776,50,200,true,55,55,50
1767618721777,50,200,true,55,55,50
1767618721778,50,200,true,55,55,50
1767618721778,51,200,true,55,55,51
1767618721779,51,200,true,55,55,51
1767618721780,50,200,true,55,55,50
1767618721781,50,200,true,55,55,50
1767618721782,50,200,true,55,55,50
1767618721783,50,200,true,55,55,50
1767618721784,50,200,true,55,55,50
1767618721785,50,200,true,55,55,50
1767618721786,50,200,true,55,55,50
1767618721787,50,200,true,55,55,50
1767618721788,50,200,true,55,55,50
1767618721788,51,200,true,55,55,51
1767618721789,51,200,true,55,55,51
1767618721791,50,200,true,55,55,50
1767618721792,50,200,true,55,55,50
1767618721792,51,200,true,55,55,51
1767618721793,51,200,true,55,55,51
1767618721794,51,200,true,55,55,51
1767618721795,50,200,true,55,55,50
1767618721796,50,200,true,55,55,50
1767618721797,50,200,true,55,55,50
1767618721798,50,200,true,55,55,50
1767618721799,50,200,true,55,55,50
1767618721800,50,200,true,55,55,50
1767618721801,50,200,true,55,55,50
1767618721802,50,200,true,55,55,50
1767618721802,51,200,true,55,55,51
1767618721803,51,200,true,55,55,51
1767618721804,51,200,true,55,55,51
1767618721805,51,200,true,55,55,51
1767618721806,50,200,true,55,55,50
1767618721807,51,200,true,55,55,51
1767618721808,51,200,true,55,55,51
1767618721809,51,200,true,55,55,51
1767618721810,50,200,true,55,55,50
1767618721811,50,200,true,55,55,50
1767618721812,50,200,true,55,55,50
1767618721813,50,200,true,55,55,50
1767618721814,50,200,true,55,55,50
1767618721815,50,200,true,55,55,50
1767618721816,50,200,true,55,55,50
1767618721816,51,200,true,55,55,51
1767618721817,51,200,true,55,55,51
1767618721818,51,200,true,55,55,51
1767618721819,51,200,true,55,55,51
1767618721820,50,200,true,55,55,50
1767618721821,50,200,true,55,55,50
1767618721822,50,200,true,55,55,50
1767618721823,50,200,true,55,55,50
1767618721824,51,200,true,55,55,51
1767618721775,101,200,true,55,55,101
1767618721826,50,200,true,55,55,50
1767618721827,50,200,true,55,55,50
1767618721828,50,200,true,55,55,50
1767618721829,50,200,true,55,55,50
1767618721830,50,200,true,55,55,50
1767618721831,50,200,true,55,55,50
1767618721831,51,200,true,55,55,51
1767618721832,51,200,true,55,55,51
1767618721833,51,200,true,55,55,51
1767618721834,51,200,true,55,55,51
1767618721835,50,200,true,55,55,50
1767618721836,50,200,true,55,55,50
1767618721837,50,200,true,55,55,50
1767618721838,50,200,true,55,55,50
1767618721839,50,200,true,55,55,50
1767618721840,50,200,true,55,55,50
1767618721841,50,200,true,55,55,50
1767618721842,50,200,true,55,55,50
1767618721843,50,200,true,55,55,50
1767618721844,50,200,true,55,55,50
1767618721845,50,200,true,55,55,50
1767618721845,51,200,true,55,55,51
1767618721846,51,200,true,55,55,51
1767618721847,50,200,true,55,55,50
1767618721848,50,200,true,55,55,50
1767618721849,50,200,true,55,55,50
1767618721850,50,200,true,55,55,50
1767618721851,50,200,true,55,55,50
1767618721852,50,200,true,55,55,50
1767618721853,50,200,true,55,55,50
1767618721854,50,200,true,55,55,50
1767618721855,50,200,true,55,55,50
1767618721856,50,200,true,55,55,50
1767618721856,51,200,true,55,55,51
1767618721858,50,200,true,55,55,50
1767618721859,50,200,true,55,55,50
1767618721860,50,200,true,55,55,50
1767618721861,50,200,true,55,55,50
1767618721861,51,200,true,55,55,51
1767618721862,51,200,true,55,55,51
1767618721863,50,200,true,55,55,50
1767618721864,50,200,true,55,55,50
1767618721865,50,200,true,55,55,50
1767618721866,50,200,true,55,55,50
1767618721867,50,200,true,55,55,50
1767618721868,50,200,true,55,55,50
1767618721869,50,200,true,55,55,50
1767618721870,50,200,true,55,55,50
1767618721871,50,200,true,55,55,50
1767618721872,50,200,true,55,55,50
1767618721872,51,200,true,55,55,51
1767618721873,51,200,true,55,55,51
1767618721875,50,200,true,55,55,50
1767618721825,101,200,true,55,55,101
1767618721877,50,200,true,55,55,50
1767618721877,51,200,true,55,55,51
1767618721878,51,200,true,55,55,51
1767618721879,51,200,true,55,55,51
1767618721880,50,200,true,55,55,50
1767618721881,50,200,true,55,55,50
1767618721882,50,200,true,55,55,50
1767618721883,50,200,true,55,55,50
1767618721884,50,200,true,55,55,50
1767618721885,50,200,true,55,55,50
1767618721885,51,200,true,55,55,51
1767618721886,51,200,true,55,55,51
1767618721887,51,200,true,55,55,51
1767618721888,51,200,true,55,55,51
1767618721889,51,200,true,55,55,51
1767618721890,50,200,true,55,55,50
1767618721891,51,200,true,55,55,51
1767618721892,51,200,true,55,55,51
1767618721893,50,200,true,55,55,50
1767618721894,50,200,true,55,55,50
1767618721895,50,200,true,55,55,50
1767618721896,50,200,true,55,55,50
1767618721897,50,200,true,55,55,50
1767618721898,50,200,true,55,55,50
1767618721898,51,200,true,55,55,51
1767618721899,51,200,true,55,55,51
1767618721900,51,200,true,55,55,51
1767618721901,51,200,true,55,55,51
1767618721902,51,200,true,55,55,51
1767618721903,50,200,true,55,55,50
1767618721904,50,200,true,55,55,50
1767618721905,50,200,true,55,55,50
1767618721906,50,200,true,55,55,50
1767618721907,50,200,true,55,55,50
1767618721908,50,200,true,55,55,50
1767618721909,50,200,true,55,55,50
1767618721910,50,200,true,55,55,50
1767618721911,50,200,true,55,55,50
1767618721912,50,200,true,55,55,50
1767618721913,50,200,true,55,55,50
1767618721914,50,200,true,55,55,50
1767618721915,50,200,true,55,55,50
1767618721915,51,200,true,55,55,51
1767618721916,51,200,true,55,55,51
1767618721917,51,200,true,55,55,51
1767618721918,51,200,true,55,55,51
1767618721919,50,200,true,55,55,50
1767618721920,50,200,true,55,55,50
1767618721921,50,200,true,55,55,50
1767618721922,50,200,true,55,55,50
1767618721923,50,200,true,55,55,50
1767618721924,50,200,true,55,55,50
1767618721925,50,200,true,55,55,50
1767618721876,100,200,true,55,55,100
1767618721927,50,200,true,55,55,50
1767618721928,50,200,true,55,55,50
1767618721929,50,200,true,55,55,50
1767618721930,50,200,true,55,55,50
1767618721931,50,200,true,55,55,50
1767618721931,51,200,true,55,55,51
1767618721932,51,200,true,55,55,51
1767618721933,51,200,true,55,55,51
1767618721934,51,200,true,55,55,51
1767618721935,50,200,true,55,55,50
1767618721936,50,200,true,55,55,50
1767618721937,50,200,true,55,55,50
1767618721938,50,200,true,55,55,50
1767618721939,50,200,true,55,55,50
1767618721940,50,200,true,55,55,50
1767618721940,51,200,true,55,55,51
1767618721942,50,200,true,55,55,50
1767618721943,50,200,true,55,55,50
1767618721944,50,200,true,55,55,50
1767618721944,51,200,true,55,55,51
1767618721945,51,200,true,55,55,51
1767618721946,51,200,true,55,55,51
1767618721947,51,200,true,55,55,51
1767618721948,51,200,true,55,55,51
1767618721949,51,200,true,55,55,51
1767618721950,50,200,true,55,55,50
1767618721951,50,200,true,55,55,50
1767618721952,50,200,true,55,55,50
1767618721953,50,200,true,55,55,50
1767618721954,50,200,true,55,55,50
1767618721955,50,200,true,55,55,50
1767618721956,50,200,true,55,55,50
1767618721956,51,200,true,55,55,51
1767618721957,51,200,true,55,55,51
1767618721959,50,200,true,55,55,50
1767618721959,51,200,true,55,55,51
1767618721960,51,200,true,55,55,51
1767618721961,51,200,true,55,55,51
1767618721962,51,200,true,55,55,51
1767618721963,51,200,true,55,55,51
1767618721964,51,200,true,55,55,51
1767618721965,51,200,true,55,55,51
1767618721966,51,200,true,55,55,51
1767618721967,50,200,true,55,55,50
1767618721968,50,200,true,55,55,50
1767618721969,50,200,true,55,55,50
1767618721970,50,200,true,55,55,50
1767618721970,51,200,true,55,55,51
1767618721971,51,200,true,55,55,51
1767618721972,51,200,true,55,55,51
1767618721973,51,200,true,55,55,51
1767618721974,51,200,true,55,55,51
1767618721975,51,200,true,55,55,51
1767618721926,101,200,true,55,55,101
1767618721977,51,200,true,55,55,51
1767618721978,51,200,true,55,55,51
1767618721979,51,200,true,55,55,51
1767618721980,51,200,true,55,55,51
1767618721981,51,200,true,55,55,51
1767618721982,51,200,true,55,55,51
1767618721983,50,200,true,55,55,50
1767618721984,50,200,true,55,55,50
1767618721985,50,200,true,55,55,50
1767618721986,50,200,true,55,55,50
1767618721986,51,200,true,55,55,51
1767618721987,51,200,true,55,55,51
1767618721988,51,200,true,55,55,51
1767618721989,51,200,true,55,55,51
1767618721990,51,200,true,55,55,51
1767618721991,51,200,true,55,55,51
1767618721992,51,200,true,55,55,51
1767618721993,51,200,true,55,55,51
1767618721994,51,200,true,55,55,51
1767618721995,51,200,true,55,55,51
1767618721996,50,200,true,55,55,50
1767618721997,50,200,true,55,55,50
1767618721998,50,200,true,55,55,50
1767618721999,50,200,true,55,55,50
1767618722000,50,200,true,55,55,50
1767618722001,50,200,true,55,55,50
1767618722001,51,200,true,55,55,51
1767618722002,51,200,true,55,55,51
1767618722003,51,200,true,55,55,51
1767618722004,51,200,true,55,55,51
1767618722005,51,200,true,55,55,51
1767618722006,50,200,true,55,55,50
1767618722007,50,200,true,55,55,50
1767618722008,50,200,true,55,55,50
1767618722009,51,200,true,55,55,51
1767618722010,50,200,true,55,55,50
1767618722011,50,200,true,55,55,50
1767618722012,50,200,true,55,55,50
1767618722013,50,200,true,55,55,50
1767618722014,50,200,true,55,55,50
1767618722015,50,200,true,55,55,50
1767618722016,50,200,true,55,55,50
1767618722017,50,200,true,55,55,50
1767618722017,51,200,true,55,55,51
1767618722018,51,200,true,55,55,51
1767618722019,51,200,true,55,55,51
1767618722020,50,200,true,55,55,50
1767618722021,50,200,true,55,55,50
1767618722022,50,200,true,55,55,50
1767618722023,50,200,true,55,55,50
1767618722024,50,200,true,55,55,50
1767618722025,50,200,true,55,55,50
1767618722026,50,200,true,55,55,50
1767618721976,101,200,true,55,55,101
1767618722028,50,200,true,55,55,50
1767618722029,50,200,true,55,55,50
1767618722030,50,200,true,55,55,50
1767618722031,50,200,true,55,55,50
1767618722032,50,200,true,55,55,50
1767618722033,50,200,true,55,55,50
1767618722033,51,200,true,55,55,51
1767618722034,51,200,true,55,55,51
1767618722035,50,200,true,55,55,50
1767618722036,50,200,true,55,55,50
1767618722037,50,200,true,55,55,50
1767618722038,50,200,true,55,55,50
1767618722039,50,200,true,55,55,50
1767618722040,50,200,true,55,55,50
1767618722041,50,200,true,55,55,50
1767618722042,50,200,true,55,55,50
1767618722043,50,200,true,55,55,50
1767618722044,50,200,true,55,55,50
1767618722045,50,200,true,55,55,50
1767618722046,50,200,true,55,55,50
1767618722047,50,200,true,55,55,50
1767618722047,51,200,true,55,55,51
1767618722048,50,200,true,55,55,50
1767618722049,50,200,true,55,55,50
1767618722050,50,200,true,55,55,50
1767618722051,50,200,true,55,55,50
1767618722052,50,200,true,55,55,50
1767618722053,50,200,true,55,55,50
1767618722054,50,200,true,55,55,50
1767618722055,50,200,true,55,55,50
1767618722056,50,200,true,55,55,50
1767618722057,50,200,true,55,55,50
1767618722057,51,200,true,55,55,51
1767618722058,51,200,true,55,55,51
1767618722060,50,200,true,55,55,50
1767618722060,51,200,true,55,55,51
1767618722061,51,200,true,55,55,51
1767618722062,51,200,true,55,55,51
1767618722063,51,200,true,55,55,51
1767618722064,50,200,true,55,55,50
1767618722065,50,200,true,55,55,50
1767618722066,50,200,true,55,55,50
1767618722067,50,200,true,55,55,50
1767618722068,50,200,true,55,55,50
1767618722069,50,200,true,55,55,50
1767618722070,50,200,true,55,55,50
1767618722071,50,200,true,55,55,50
1767618722072,50,200,true,55,55,50
1767618722072,51,200,true,55,55,51
1767618722073,51,200,true,55,55,51
1767618722074,51,200,true,55,55,51
1767618722075,51,200,true,55,55,51
1767618722076,51,200,true,55,55,51
1767618722027,101,200,true,55,55,101
1767618722078,51,200,true,55,55,51
1767618722079,51,200,true,55,55,51
1767618722080,50,200,true,55,55,50
1767618722081,50,200,true,55,55,50
1767618722082,50,200,true,55,55,50
1767618722083,50,200,true,55,55,50
1767618722084,50,200,true,55,55,50
1767618722085,50,200,true,55,55,50
1767618722086,50,200,true,55,55,50
1767618722086,51,200,true,55,55,51
1767618722087,51,200,true,55,55,51
1767618722088,51,200,true,55,55,51
1767618722089,51,200,true,55,55,51
1767618722090,51,200,true,55,55,51
1767618722091,50,200,true,55,55,50
1767618722092,50,200,true,55,55,50
1767618722093,51,200,true,55,55,51
1767618722094,51,200,true,55,55,51
1767618722095,50,200,true,55,55,50
1767618722096,50,200,true,55,55,50
1767618722097,50,200,true,55,55,50
1767618722098,50,200,true,55,55,50
1767618722098,51,200,true,55,55,51
1767618722099,51,200,true,55,55,51
1767618722100,51,200,true,55,55,51
1767618722101,51,200,true,55,55,51
1767618722102,51,200,true,55,55,51
1767618722103,51,200,true,55,55,51
1767618722104,50,200,true,55,55,50
1767618722105,50,200,true,55,55,50
1767618722106,50,200,true,55,55,50
1767618722107,50,200,true,55,55,50
1767618722108,50,200,true,55,55,50
1767618722109,50,200,true,55,55,50
1767618722110,50,200,true,55,55,50
1767618722111,50,200,true,55,55,50
1767618722112,50,200,true,55,55,50
1767618722113,50,200,true,55,55,50
1767618722114,50,200,true,55,55,50
1767618722115,50,200,true,55,55,50
1767618722115,51,200,true,55,55,51
1767618722116,51,200,true,55,55,51
1767618722117,51,200,true,55,55,51
1767618722118,51,200,true,55,55,51
1767618722119,51,200,true,55,55,51
1767618722120,51,200,true,55,55,51
1767618722121,51,200,true,55,55,51
1767618722122,51,200,true,55,55,51
1767618722123,50,200,true,55,55,50
1767618722124,50,200,true,55,55,50
1767618722125,50,200,true,55,55,50
1767618722126,50,200,true,55,55,50
1767618722127,50,200,true,55,55,50
1767618722077,101,200,true,55,55,101
1767618722129,50,200,true,55,55,50
1767618722130,50,200,true,55,55,50
1767618722131,50,200,true,55,55,50
1767618722132,50,200,true,55,55,50
1767618722132,51,200,true,55,55,51
1767618722133,51,200,true,55,55,51
1767618722134,51,200,true,55,55,51
1767618722135,51,200,true,55,55,51
1767618722136,51,200,true,55,55,51
1767618722137,51,200,true,55,55,51
1767618722138,50,200,true,55,55,50
1767618722139,50,200,true,55,55,50
1767618722140,50,200,true,55,55,50
1767618722141,50,200,true,55,55,50
1767618722141,51,200,true,55,55,51
1767618722142,51,200,true,55,55,51
1767618722144,50,200,true,55,55,50
1767618722145,50,200,true,55,55,50
1767618722145,51,200,true,55,55,51
1767618722146,51,200,true,55,55,51
1767618722147,51,200,true,55,55,51
1767618722148,51,200,true,55,55,51
1767618722149,51,200,true,55,55,51
1767618722150,51,200,true,55,55,51
1767618722151,51,200,true,55,55,51
1767618722152,50,200,true,55,55,50
1767618722153,50,200,true,55,55,50
1767618722154,50,200,true,55,55,50
1767618722155,50,200,true,55,55,50
1767618722155,51,200,true,55,55,51
1767618722156,51,200,true,55,55,51
1767618722157,51,200,true,55,55,51
1767618722158,51,200,true,55,55,51
1767618722159,51,200,true,55,55,51
1767618722160,51,200,true,55,55,51
1767618722161,51,200,true,55,55,51
1767618722162,51,200,true,55,55,51
1767618722163,51,200,true,55,55,51
1767618722164,51,200,true,55,55,51
1767618722165,51,200,true,55,55,51
1767618722166,51,200,true,55,55,51
1767618722167,51,200,true,55,55,51
1767618722168,51,200,true,55,55,50
1767618722169,50,200,true,55,55,50
1767618722170,50,200,true,55,55,50
1767618722171,50,200,true,55,55,50
1767618722172,50,200,true,55,55,50
1767618722173,50,200,true,55,55,50
1767618722173,51,200,true,55,55,51
1767618722174,51,200,true,55,55,51
1767618722175,51,200,true,55,55,51
1767618722176,51,200,true,55,55,51
1767618722178,50,200,true,55,55,50
1767618722128,101,200,true,55,55,101
1767618722179,51,200,true,55,55,51
1767618722180,51,200,true,55,55,51
1767618722181,51,200,true,55,55,51
1767618722182,51,200,true,55,55,51
1767618722183,51,200,true,55,55,51
1767618722184,50,200,true,55,55,50
1767618722185,50,200,true,55,55,50
1767618722186,50,200,true,55,55,50
1767618722187,50,200,true,55,55,50
1767618722188,50,200,true,55,55,50
1767618722188,51,200,true,55,55,51
1767618722189,51,200,true,55,55,51
1767618722190,51,200,true,55,55,51
1767618722191,51,200,true,55,55,51
1767618722192,51,200,true,55,55,51
1767618722193,51,200,true,55,55,51
1767618722194,51,200,true,55,55,51
1767618722195,51,200,true,55,55,51
1767618722196,51,200,true,55,55,51
1767618722197,50,200,true,55,55,50
1767618722198,50,200,true,55,55,50
1767618722199,50,200,true,55,55,50
1767618722200,50,200,true,55,55,50
1767618722201,50,200,true,55,55,50
1767618722202,50,200,true,55,55,50
1767618722202,51,200,true,55,55,51
1767618722203,51,200,true,55,55,51
1767618722204,51,200,true,55,55,51
1767618722205,51,200,true,55,55,51
1767618722206,51,200,true,55,55,51
1767618722207,51,200,true,55,55,51
1767618722208,50,200,true,55,55,50
1767618722209,50,200,true,55,55,50
1767618722210,50,200,true,55,55,50
1767618722211,51,200,true,55,55,51
1767618722212,50,200,true,55,55,50
1767618722213,50,200,true,55,55,50
1767618722214,50,200,true,55,55,50
1767618722215,50,200,true,55,55,50
1767618722216,50,200,true,55,55,50
1767618722217,50,200,true,55,55,50
1767618722218,50,200,true,55,55,50
1767618722219,50,200,true,55,55,50
1767618722220,50,200,true,55,55,50
1767618722220,51,200,true,55,55,51
1767618722221,51,200,true,55,55,51
1767618722222,51,200,true,55,55,51
1767618722223,51,200,true,55,55,51
1767618722224,50,200,true,55,55,50
1767618722225,50,200,true,55,55,50
1767618722226,50,200,true,55,55,50
1767618722227,50,200,true,55,55,50
1767618722228,51,200,true,55,55,51
1767618722178,101,200,true,55,55,101
1767618722230,50,200,true,55,55,50
1767618722231,50,200,true,55,55,50
1767618722232,50,200,true,55,55,50
1767618722233,50,200,true,55,55,50
1767618722234,50,200,true,55,55,50
1767618722235,50,200,true,55,55,50
1767618722235,51,200,true,55,55,51
1767618722236,51,200,true,55,55,51
1767618722237,51,200,true,55,55,51
1767618722238,51,200,true,55,55,51
1767618722239,51,200,true,55,55,50
1767618722240,50,200,true,55,55,50
1767618722241,50,200,true,55,55,50
1767618722242,50,200,true,55,55,50
1767618722243,50,200,true,55,55,50
1767618722244,50,200,true,55,55,50
1767618722245,50,200,true,55,55,50
1767618722246,50,200,true,55,55,50
1767618722247,50,200,true,55,55,50
1767618722248,50,200,true,55,55,50
1767618722248,51,200,true,55,55,51
1767618722249,51,200,true,55,55,51
1767618722250,51,200,true,55,55,51
1767618722251,51,200,true,55,55,51
1767618722252,51,200,true,55,55,51
1767618722253,50,200,true,55,55,50
1767618722254,50,200,true,55,55,50
1767618722255,50,200,true,55,55,50
1767618722256,50,200,true,55,55,50
1767618722257,50,200,true,55,55,50
1767618722258,50,200,true,55,55,50
1767618722259,50,200,true,55,55,50
1767618722259,51,200,true,55,55,51
1767618722260,51,200,true,55,55,51
1767618722262,50,200,true,55,55,50
1767618722263,50,200,true,55,55,50
1767618722264,50,200,true,55,55,50
1767618722264,51,200,true,55,55,51
1767618722265,51,200,true,55,55,51
1767618722266,51,200,true,55,55,51
1767618722267,51,200,true,55,55,51
1767618722268,51,200,true,55,55,50
1767618722269,50,200,true,55,55,50
1767618722270,50,200,true,55,55,50
1767618722271,50,200,true,55,55,50
1767618722272,50,200,true,55,55,50
1767618722273,50,200,true,55,55,50
1767618722274,50,200,true,55,55,50
1767618722275,50,200,true,55,55,50
1767618722276,50,200,true,55,55,50
1767618722276,51,200,true,55,55,51
1767618722277,51,200,true,55,55,51
1767618722279,50,200,true,55,55,50
1767618722229,101,200,true,55,55,101
1767618722280,51,200,true,55,55,51
1767618722281,51,200,true,55,55,51
1767618722282,51,200,true,55,55,51
1767618722283,51,200,true,55,55,51
1767618722284,50,200,true,55,55,50
1767618722285,50,200,true,55,55,50
1767618722286,50,200,true,55,55,50
1767618722287,50,200,true,55,55,50
1767618722288,50,200,true,55,55,50
1767618722289,50,200,true,55,55,50
1767618722290,50,200,true,55,55,50
1767618722290,51,200,true,55,55,51
1767618722291,51,200,true,55,55,51
1767618722292,51,200,true,55,55,51
1767618722293,51,200,true,55,55,51
1767618722294,50,200,true,55,55,50
1767618722295,51,200,true,55,55,51
1767618722296,51,200,true,55,55,51
1767618722297,50,200,true,55,55,50
1767618722298,50,200,true,55,55,50
1767618722299,50,200,true,55,55,50
1767618722300,50,200,true,55,55,50
1767618722301,50,200,true,55,55,50
1767618722302,50,200,true,55,55,50
1767618722303,50,200,true,55,55,50
1767618722304,50,200,true,55,55,50
1767618722304,51,200,true,55,55,51
1767618722305,51,200,true,55,55,51
1767618722306,51,200,true,55,55,51
1767618722307,50,200,true,55,55,50
1767618722308,50,200,true,55,55,50
1767618722309,50,200,true,55,55,50
1767618722310,50,200,true,55,55,50
1767618722311,50,200,true,55,55,50
1767618722312,50,200,true,55,55,50
1767618722313,50,200,true,55,55,50
1767618722314,50,200,true,55,55,50
1767618722315,50,200,true,55,55,50
1767618722316,50,200,true,55,55,50
1767618722317,50,200,true,55,55,50
1767618722318,50,200,true,55,55,50
1767618722319,50,200,true,55,55,50
1767618722320,50,200,true,55,55,50
1767618722320,51,200,true,55,55,51
1767618722321,51,200,true,55,55,51
1767618722322,51,200,true,55,55,51
1767618722323,50,200,true,55,55,50
1767618722324,50,200,true,55,55,50
1767618722325,50,200,true,55,55,50
1767618722326,50,200,true,55,55,50
1767618722327,50,200,true,55,55,50
1767618722328,50,200,true,55,55,50
1767618722329,50,200,true,55,55,50
1767618722280,100,200,true,55,55,100
1767618722331,50,200,true,55,55,50
1767618722332,50,200,true,55,55,50
1767618722333,50,200,true,55,55,50
1767618722334,50,200,true,55,55,50
1767618722334,51,200,true,55,55,51
1767618722335,51,200,true,55,55,51
1767618722336,51,200,true,55,55,51
1767618722337,51,200,true,55,55,51
1767618722338,51,200,true,55,55,50
1767618722339,50,200,true,55,55,50
1767618722340,50,200,true,55,55,50
1767618722341,50,200,true,55,55,50
1767618722342,50,200,true,55,55,50
1767618722343,50,200,true,55,55,50
1767618722344,50,200,true,55,55,50
1767618722345,50,200,true,55,55,50
1767618722346,50,200,true,55,55,50
1767618722347,50,200,true,55,55,50
1767618722348,50,200,true,55,55,50
1767618722348,51,200,true,55,55,51
1767618722349,51,200,true,55,55,51
1767618722350,51,200,true,55,55,51
1767618722351,50,200,true,55,55,50
1767618722352,50,200,true,55,55,50
1767618722353,50,200,true,55,55,50
1767618722354,50,200,true,55,55,50
1767618722355,50,200,true,55,55,50
1767618722356,50,200,true,55,55,50
1767618722357,50,200,true,55,55,50
1767618722358,50,200,true,55,55,50
1767618722358,51,200,true,55,55,51
1767618722359,51,200,true,55,55,51
1767618722360,51,200,true,55,55,51
1767618722361,51,200,true,55,55,51
1767618722362,51,200,true,55,55,51
1767618722363,51,200,true,55,55,51
1767618722364,51,200,true,55,55,51
1767618722365,51,200,true,55,55,51
1767618722366,51,200,true,55,55,51
1767618722367,50,200,true,55,55,50
1767618722368,50,200,true,55,55,50
1767618722369,50,200,true,55,55,50
1767618722370,50,200,true,55,55,50
1767618722371,50,200,true,55,55,50
1767618722372,50,200,true,55,55,50
1767618722373,50,200,true,55,55,50
1767618722374,50,200,true,55,55,50
1767618722375,50,200,true,55,55,50
1767618722375,51,200,true,55,55,51
1767618722376,51,200,true,55,55,51
1767618722377,51,200,true,55,55,51
1767618722378,51,200,true,55,55,51
1767618722379,51,200,true,55,55,51
1767618722330,101,200,true,55,55,101
1767618722381,51,200,true,55,55,51
1767618722382,51,200,true,55,55,51
1767618722383,51,200,true,55,55,51
1767618722384,50,200,true,55,55,50
1767618722385,50,200,true,55,55,50
1767618722386,50,200,true,55,55,50
1767618722387,50,200,true,55,55,50
1767618722388,50,200,true,55,55,50
1767618722389,50,200,true,55,55,50
1767618722389,51,200,true,55,55,51
1767618722390,51,200,true,55,55,51
1767618722391,51,200,true,55,55,51
1767618722392,51,200,true,55,55,51
1767618722393,51,200,true,55,55,51
1767618722394,50,200,true,55,55,50
1767618722395,50,200,true,55,55,50
1767618722396,52,200,true,55,55,52
1767618722397,53,200,true,55,55,53
1767618722398,55,200,true,55,55,55
1767618722399,55,200,true,55,55,55
1767618722400,55,200,true,55,55,55
1767618722401,55,200,true,55,55,55
1767618722402,55,200,true,55,55,55
1767618722402,56,200,true,55,55,56
1767618722403,56,200,true,55,55,56
1767618722404,56,200,true,55,55,56
1767618722405,56,200,true,55,55,56
1767618722406,56,200,true,55,55,56
1767618722407,56,200,true,55,55,56
1767618722408,56,200,true,55,55,56
1767618722409,56,200,true,55,55,56
1767618722410,56,200,true,55,55,56
1767618722411,56,200,true,55,55,56
1767618722412,56,200,true,55,55,56
1767618722413,57,200,true,55,55,57
1767618722414,57,200,true,55,55,57
1767618722415,57,200,true,55,55,57
1767618722416,57,200,true,55,55,57
1767618722417,57,200,true,55,55,57
1767618722418,57,200,true,55,55,57
1767618722418,58,200,true,55,55,58
1767618722419,58,200,true,55,55,58
1767618722420,57,200,true,55,55,57
1767618722421,57,200,true,55,55,57
1767618722422,57,200,true,55,55,57
1767618722423,57,200,true,55,55,57
1767618722424,57,200,true,55,55,57
1767618722425,57,200,true,55,55,57
1767618722426,57,200,true,55,55,57
1767618722427,57,200,true,55,55,57
1767618722428,57,200,true,55,55,57
1767618722429,57,200,true,55,55,57
1767618722430,58,200,true,55,55,58
1767618722380,109,200,true,55,55,109
1767618722432,58,200,true,55,55,58
1767618722433,58,200,true,55,55,58
1767618722434,58,200,true,55,55,58
1767618722435,58,200,true,55,55,58
1767618722435,59,200,true,55,55,59
1767618722436,59,200,true,55,55,59
1767618722437,58,200,true,55,55,58
1767618722438,58,200,true,55,55,58
1767618722439,58,200,true,55,55,58
1767618722440,58,200,true,55,55,58
1767618722441,58,200,true,55,55,58
1767618722442,58,200,true,55,55,58
1767618722443,58,200,true,55,55,58
1767618722444,58,200,true,55,55,58
1767618722445,58,200,true,55,55,58
1767618722445,61,200,true,55,55,61
1767618722448,59,200,true,55,55,59
1767618722451,57,200,true,55,55,57
1767618722453,56,200,true,55,55,56
1767618722455,55,200,true,55,55,55
1767618722456,55,200,true,55,55,55
1767618722456,56,200,true,55,55,56
1767618722457,56,200,true,55,55,56
1767618722458,56,200,true,55,55,56
1767618722459,56,200,true,55,55,56
1767618722460,56,200,true,55,55,56
1767618722461,55,200,true,55,55,55
1767618722462,55,200,true,55,55,55
1767618722463,55,200,true,55,55,55
1767618722464,55,200,true,55,55,55
1767618722465,55,200,true,55,55,55
1767618722466,55,200,true,55,55,55
1767618722467,55,200,true,55,55,55
1767618722468,55,200,true,55,55,55
1767618722470,54,200,true,55,55,54
1767618722471,54,200,true,55,55,54
1767618722472,54,200,true,55,55,54
1767618722473,54,200,true,55,55,54
1767618722474,54,200,true,55,55,54
1767618722475,54,200,true,55,55,54
1767618722476,54,200,true,55,55,54
1767618722477,54,200,true,55,55,54
1767618722478,54,200,true,55,55,54
1767618722478,55,200,true,55,55,55
1767618722480,54,200,true,55,55,54
1767618722481,53,200,true,55,55,53
1767618722481,54,200,true,55,55,54
1767618722482,54,200,true,55,55,54
1767618722483,54,200,true,55,55,54
1767618722484,54,200,true,55,55,54
1767618722485,54,200,true,55,55,54
1767618722486,54,200,true,55,55,54
1767618722488,53,200,true,55,55,53
1767618722431,111,200,true,55,55,111
1767618722490,53,200,true,55,55,53
1767618722491,53,200,true,55,55,53
1767618722492,53,200,true,55,55,53
1767618722493,53,200,true,55,55,53
1767618722494,53,200,true,55,55,53
1767618722495,53,200,true,55,55,53
1767618722496,53,200,true,55,55,53
1767618722496,54,200,true,55,55,54
1767618722498,52,200,true,55,55,52
1767618722498,53,200,true,55,55,53
1767618722499,53,200,true,55,55,53
1767618722500,53,200,true,55,55,53
1767618722501,53,200,true,55,55,53
1767618722502,53,200,true,55,55,53
1767618722503,53,200,true,55,55,53
1767618722506,51,200,true,55,55,51
1767618722507,51,200,true,55,55,51
1767618722508,51,200,true,55,55,51
1767618722509,51,200,true,55,55,51
1767618722510,51,200,true,55,55,51
1767618722511,51,200,true,55,55,51
1767618722512,51,200,true,55,55,51
1767618722513,51,200,true,55,55,51
1767618722514,50,200,true,55,55,50
1767618722515,50,200,true,55,55,50
1767618722516,50,200,true,55,55,50
1767618722517,50,200,true,55,55,50
1767618722517,51,200,true,55,55,51
1767618722518,51,200,true,55,55,51
1767618722519,51,200,true,55,55,51
1767618722520,51,200,true,55,55,51
1767618722521,51,200,true,55,55,51
1767618722522,51,200,true,55,55,51
1767618722523,51,200,true,55,55,51
1767618722524,51,200,true,55,55,51
1767618722525,51,200,true,55,55,51
1767618722526,51,200,true,55,55,51
1767618722527,51,200,true,55,55,51
1767618722528,51,200,true,55,55,51
1767618722529,51,200,true,55,55,51
1767618722530,51,200,true,55,55,51
1767618722531,51,200,true,55,55,51
1767618722532,50,200,true,55,55,50
1767618722533,50,200,true,55,55,50
1767618722534,50,200,true,55,55,50
1767618722534,51,200,true,55,55,51
1767618722535,51,200,true,55,55,51
1767618722536,51,200,true,55,55,51
1767618722537,51,200,true,55,55,51
1767618722538,51,200,true,55,55,51
1767618722539,51,200,true,55,55,51
1767618722540,51,200,true,55,55,51
1767618722541,51,200,true,55,55,51
1767618722489,104,200,true,55,55,104
1767618722543,51,200,true,55,55,51
1767618722544,51,200,true,55,55,51
1767618722545,51,200,true,55,55,51
1767618722546,51,200,true,55,55,51
1767618722547,51,200,true,55,55,51
1767618722548,50,200,true,55,55,50
1767618722549,50,200,true,55,55,50
1767618722550,50,200,true,55,55,50
1767618722551,50,200,true,55,55,50
1767618722551,51,200,true,55,55,51
1767618722552,51,200,true,55,55,51
1767618722553,51,200,true,55,55,51
1767618722554,51,200,true,55,55,51
1767618722555,51,200,true,55,55,51
1767618722556,51,200,true,55,55,51
1767618722557,51,200,true,55,55,51
1767618722558,51,200,true,55,55,51
1767618722559,51,200,true,55,55,51
1767618722560,51,200,true,55,55,51
1767618722561,51,200,true,55,55,51
1767618722562,51,200,true,55,55,51
1767618722563,50,200,true,55,55,50
1767618722564,50,200,true,55,55,50
1767618722565,50,200,true,55,55,50
1767618722565,51,200,true,55,55,51
1767618722566,51,200,true,55,55,51
1767618722567,51,200,true,55,55,51
1767618722568,51,200,true,55,55,51
1767618722569,51,200,true,55,55,51
1767618722570,51,200,true,55,55,51
1767618722571,51,200,true,55,55,51
1767618722572,51,200,true,55,55,51
1767618722573,51,200,true,55,55,51
1767618722574,50,200,true,55,55,50
1767618722575,51,200,true,55,55,51
1767618722576,51,200,true,55,55,51
1767618722577,51,200,true,55,55,51
1767618722578,51,200,true,55,55,51
1767618722579,50,200,true,55,55,50
1767618722580,50,200,true,55,55,50
1767618722581,50,200,true,55,55,50
1767618722582,50,200,true,55,55,50
1767618722582,51,200,true,55,55,51
1767618722583,51,200,true,55,55,51
1767618722584,51,200,true,55,55,51
1767618722585,51,200,true,55,55,51
1767618722586,51,200,true,55,55,51
1767618722587,51,200,true,55,55,51
1767618722588,51,200,true,55,55,51
1767618722589,51,200,true,55,55,51
1767618722590,51,200,true,55,55,51
1767618722591,50,200,true,55,55,50
1767618722592,51,200,true,55,55,51
1767618722542,102,200,true,55,55,102
1767618722594,51,200,true,55,55,51
1767618722595,51,200,true,55,55,51
1767618722596,50,200,true,55,55,50
1767618722597,50,200,true,55,55,50
1767618722598,50,200,true,55,55,50
1767618722598,51,200,true,55,55,51
1767618722599,51,200,true,55,55,51
1767618722600,51,200,true,55,55,51
1767618722601,51,200,true,55,55,51
1767618722602,51,200,true,55,55,51
1767618722603,51,200,true,55,55,51
1767618722604,50,200,true,55,55,50
1767618722605,50,200,true,55,55,50
1767618722606,50,200,true,55,55,50
1767618722607,50,200,true,55,55,50
1767618722608,50,200,true,55,55,50
1767618722609,50,200,true,55,55,50
1767618722610,50,200,true,55,55,50
1767618722611,50,200,true,55,55,50
1767618722612,50,200,true,55,55,50
1767618722613,50,200,true,55,55,50
1767618722614,50,200,true,55,55,50
1767618722614,51,200,true,55,55,51
1767618722615,51,200,true,55,55,51
1767618722616,51,200,true,55,55,51
1767618722617,51,200,true,55,55,51
1767618722618,50,200,true,55,55,50
1767618722619,50,200,true,55,55,50
1767618722620,50,200,true,55,55,50
1767618722621,50,200,true,55,55,50
1767618722622,50,200,true,55,55,50
1767618722623,50,200,true,55,55,50
1767618722624,50,200,true,55,55,50
1767618722625,50,200,true,55,55,50
1767618722626,50,200,true,55,55,50
1767618722627,50,200,true,55,55,50
1767618722628,50,200,true,55,55,50
1767618722629,50,200,true,55,55,50
1767618722630,50,200,true,55,55,50
1767618722630,51,200,true,55,55,51
1767618722631,51,200,true,55,55,51
1767618722632,51,200,true,55,55,51
1767618722633,51,200,true,55,55,51
1767618722634,51,200,true,55,55,51
1767618722635,50,200,true,55,55,50
1767618722636,50,200,true,55,55,50
1767618722637,50,200,true,55,55,50
1767618722638,50,200,true,55,55,50
1767618722639,50,200,true,55,55,50
1767618722640,50,200,true,55,55,50
1767618722641,50,200,true,55,55,50
1767618722642,50,200,true,55,55,50
1767618722643,50,200,true,55,55,50
1767618722593,101,200,true,55,55,101
1767618722645,50,200,true,55,55,50
1767618722646,50,200,true,55,55,50
1767618722647,50,200,true,55,55,50
1767618722647,51,200,true,55,55,51
1767618722648,51,200,true,55,55,51
1767618722649,51,200,true,55,55,51
1767618722650,51,200,true,55,55,51
1767618722651,50,200,true,55,55,50
1767618722652,50,200,true,55,55,50
1767618722653,50,200,true,55,55,50
1767618722654,50,200,true,55,55,50
1767618722655,50,200,true,55,55,50
1767618722656,50,200,true,55,55,50
1767618722656,51,200,true,55,55,51
1767618722657,51,200,true,55,55,51
1767618722658,51,200,true,55,55,51
1767618722659,51,200,true,55,55,51
1767618722660,51,200,true,55,55,51
1767618722661,51,200,true,55,55,51
1767618722662,51,200,true,55,55,51
1767618722663,51,200,true,55,55,51
1767618722664,51,200,true,55,55,51
1767618722665,51,200,true,55,55,51
1767618722666,51,200,true,55,55,51
1767618722667,51,200,true,55,55,51
1767618722668,51,200,true,55,55,51
1767618722669,51,200,true,55,55,51
1767618722669,51,200,true,55,55,51
1767618722670,51,200,true,55,55,51
1767618722671,51,200,true,55,55,51
1767618722672,51,200,true,55,55,51
1767618722673,51,200,true,55,55,51
1767618722674,51,200,true,55,55,51
1767618722675,51,200,true,55,55,51
1767618722676,51,200,true,55,55,51
1767618722677,51,200,true,55,55,51
1767618722678,51,200,true,55,55,51
1767618722679,51,200,true,55,55,51
1767618722680,51,200,true,55,55,51
1767618722681,51,200,true,55,55,51
1767618722682,51,200,true,55,55,51
1767618722683,51,200,true,55,55,51
1767618722684,51,200,true,55,55,51
1767618722685,51,200,true,55,55,51
1767618722686,51,200,true,55,55,51
1767618722687,51,200,true,55,55,51
1767618722687,51,200,true,55,55,51
1767618722688,51,200,true,55,55,51
1767618722689,51,200,true,55,55,51
1767618722690,51,200,true,55,55,51
1767618722691,51,200,true,55,55,51
1767618722692,51,200,true,55,55,51
1767618722693,51,200,true,55,55,51
1767618722644,101,200,true,55,55,101
1767618722695,51,200,true,55,55,51
1767618722696,51,200,true,55,55,51
1767618722697,51,200,true,55,55,51
1767618722698,51,200,true,55,55,51
1767618722699,51,200,true,55,55,51
1767618722700,51,200,true,55,55,51
1767618722701,51,200,true,55,55,51
1767618722702,51,200,true,55,55,51
1767618722702,51,200,true,55,55,51
1767618722703,51,200,true,55,55,51
1767618722704,51,200,true,55,55,51
1767618722705,51,200,true,55,55,51
1767618722706,51,200,true,55,55,51
1767618722707,51,200,true,55,55,51
1767618722708,51,200,true,55,55,51
1767618722709,51,200,true,55,55,51
1767618722710,51,200,true,55,55,51
1767618722711,51,200,true,55,55,51
1767618722712,51,200,true,55,55,51
1767618722713,51,200,true,55,55,51
1767618722714,51,200,true,55,55,51
1767618722715,51,200,true,55,55,51
1767618722716,50,200,true,55,55,50
1767618722717,50,200,true,55,55,50
1767618722718,50,200,true,55,55,50
1767618722719,50,200,true,55,55,50
1767618722720,50,200,true,55,55,50
1767618722721,50,200,true,55,55,50
1767618722721,51,200,true,55,55,51
1767618722722,51,200,true,55,55,51
1767618722723,51,200,true,55,55,51
1767618722724,51,200,true,55,55,51
1767618722725,51,200,true,55,55,51
1767618722726,51,200,true,55,55,51
1767618722727,51,200,true,55,55,51
1767618722728,51,200,true,55,55,51
1767618722729,51,200,true,55,55,51
1767618722730,51,200,true,55,55,51
1767618722731,51,200,true,55,55,51
1767618722732,50,200,true,55,55,50
1767618722733,50,200,true,55,55,50
1767618722734,50,200,true,55,55,50
1767618722735,50,200,true,55,55,50
1767618722736,50,200,true,55,55,50
1767618722737,50,200,true,55,55,50
1767618722738,50,200,true,55,55,50
1767618722738,51,200,true,55,55,51
1767618722739,51,200,true,55,55,51
1767618722740,51,200,true,55,55,51
1767618722741,51,200,true,55,55,51
1767618722742,51,200,true,55,55,51
1767618722743,51,200,true,55,55,51
1767618722744,51,200,true,55,55,51
1767618722694,102,200,true,55,55,102
1767618722746,51,200,true,55,55,51
1767618722747,51,200,true,55,55,51
1767618722748,50,200,true,55,55,50
1767618722749,50,200,true,55,55,50
1767618722750,50,200,true,55,55,50
1767618722751,50,200,true,55,55,50
1767618722752,50,200,true,55,55,50
1767618722753,50,200,true,55,55,50
1767618722754,50,200,true,55,55,50
1767618722754,51,200,true,55,55,51
1767618722755,51,200,true,55,55,51
1767618722756,51,200,true,55,55,51
1767618722757,51,200,true,55,55,51
1767618722758,51,200,true,55,55,51
1767618722759,50,200,true,55,55,50
1767618722760,50,200,true,55,55,50
1767618722761,51,200,true,55,55,51
1767618722762,50,200,true,55,55,50
1767618722763,50,200,true,55,55,50
1767618722764,50,200,true,55,55,50
1767618722765,50,200,true,55,55,50
1767618722766,50,200,true,55,55,50
1767618722767,50,200,true,55,55,50
1767618722767,51,200,true,55,55,51
1767618722768,51,200,true,55,55,51
1767618722769,51,200,true,55,55,51
1767618722770,51,200,true,55,55,51
1767618722771,51,200,true,55,55,51
1767618722772,51,200,true,55,55,51
1767618722773,51,200,true,55,55,51
1767618722774,51,200,true,55,55,51
1767618722775,51,200,true,55,55,51
1767618722776,50,200,true,55,55,50
1767618722777,50,200,true,55,55,50
1767618722778,51,200,true,55,55,51
1767618722779,51,200,true,55,55,51
1767618722780,50,200,true,55,55,50
1767618722781,50,200,true,55,55,50
1767618722782,50,200,true,55,55,50
1767618722783,50,200,true,55,55,50
1767618722783,51,200,true,55,55,51
1767618722784,51,200,true,55,55,51
1767618722785,51,200,true,55,55,51
1767618722786,51,200,true,55,55,51
1767618722787,51,200,true,55,55,51
1767618722788,51,200,true,55,55,51
1767618722789,51,200,true,55,55,51
1767618722790,51,200,true,55,55,51
1767618722791,51,200,true,55,55,51
1767618722792,50,200,true,55,55,50
1767618722793,50,200,true,55,55,50
1767618722794,50,200,true,55,55,50
1767618722795,50,200,true,55,55,50
1767618722745,101,200,true,55,55,101
1767618722797,50,200,true,55,55,50
1767618722798,50,200,true,55,55,50
1767618722799,50,200,true,55,55,50
1767618722799,51,200,true,55,55,51
1767618722800,51,200,true,55,55,51
1767618722801,51,200,true,55,55,51
1767618722802,51,200,true,55,55,51
1767618722803,51,200,true,55,55,51
1767618722804,51,200,true,55,55,51
1767618722805,51,200,true,55,55,51
1767618722806,51,200,true,55,55,51
1767618722807,50,200,true,55,55,50
1767618722808,50,200,true,55,55,50
1767618722809,50,200,true,55,55,50
1767618722810,50,200,true,55,55,50
1767618722810,51,200,true,55,55,51
1767618722812,50,200,true,55,55,50
1767618722813,50,200,true,55,55,50
1767618722813,51,200,true,55,55,51
1767618722814,51,200,true,55,55,51
1767618722815,51,200,true,55,55,51
1767618722816,51,200,true,55,55,51
1767618722817,51,200,true,55,55,51
1767618722818,51,200,true,55,55,51
1767618722819,51,200,true,55,55,51
1767618722820,50,200,true,55,55,50
1767618722821,50,200,true,55,55,50
1767618722822,50,200,true,55,55,50
1767618722823,50,200,true,55,55,50
1767618722824,50,200,true,55,55,50
1767618722825,50,200,true,55,55,50
1767618722826,50,200,true,55,55,50
1767618722827,50,200,true,55,55,50
1767618722827,51,200,true,55,55,51
1767618722829,50,200,true,55,55,50
1767618722830,50,200,true,55,55,50
1767618722831,50,200,true,55,55,50
1767618722831,51,200,true,55,55,51
1767618722832,51,200,true,55,55,51
1767618722833,51,200,true,55,55,51
1767618722834,51,200,true,55,55,51
1767618722835,51,200,true,55,55,51
1767618722836,50,200,true,55,55,50
1767618722837,50,200,true,55,55,50
1767618722838,50,200,true,55,55,50
1767618722839,50,200,true,55,55,50
1767618722840,50,200,true,55,55,50
1767618722841,50,200,true,55,55,50
1767618722842,50,200,true,55,55,50
1767618722842,51,200,true,55,55,51
1767618722843,51,200,true,55,55,51
1767618722844,51,200,true,55,55,51
1767618722846,50,200,true,55,55,50
1767618722796,101,200,true,55,55,101
1767618722847,51,200,true,55,55,51
1767618722848,51,200,true,55,55,51
1767618722849,51,200,true,55,55,51
1767618722850,51,200,true,55,55,51
1767618722851,50,200,true,55,55,50
1767618722852,50,200,true,55,55,50
1767618722853,50,200,true,55,55,50
1767618722854,50,200,true,55,55,50
1767618722855,50,200,true,55,55,50
1767618722856,50,200,true,55,55,50
1767618722857,50,200,true,55,55,50
1767618722857,51,200,true,55,55,51
1767618722858,51,200,true,55,55,51
1767618722859,51,200,true,55,55,51
1767618722860,51,200,true,55,55,50
1767618722861,50,200,true,55,55,50
1767618722862,51,200,true,55,55,51
1767618722863,51,200,true,55,55,51
1767618722864,50,200,true,55,55,50
1767618722865,50,200,true,55,55,50
1767618722866,50,200,true,55,55,50
1767618722867,50,200,true,55,55,50
1767618722868,50,200,true,55,55,50
1767618722869,50,200,true,55,55,50
1767618722870,50,200,true,55,55,50
1767618722870,51,200,true,55,55,51
1767618722871,51,200,true,55,55,51
1767618722872,51,200,true,55,55,51
1767618722873,51,200,true,55,55,51
1767618722874,51,200,true,55,55,51
1767618722875,50,200,true,55,55,50
1767618722876,50,200,true,55,55,50
1767618722877,50,200,true,55,55,50
1767618722878,50,200,true,55,55,50
1767618722879,51,200,true,55,55,51
1767618722880,50,200,true,55,55,50
1767618722881,50,200,true,55,55,50
1767618722882,50,200,true,55,55,50
1767618722883,50,200,true,55,55,50
1767618722884,50,200,true,55,55,50
1767618722885,50,200,true,55,55,50
1767618722886,50,200,true,55,55,50
1767618722886,51,200,true,55,55,51
1767618722887,51,200,true,55,55,51
1767618722888,51,200,true,55,55,51
1767618722889,51,200,true,55,55,51
1767618722890,51,200,true,55,55,51
1767618722891,50,200,true,55,55,50
1767618722892,50,200,true,55,55,50
1767618722893,50,200,true,55,55,50
1767618722894,50,200,true,55,55,50
1767618722895,50,200,true,55,55,50
1767618722896,50,200,true,55,55,50
1767618722846,101,200,true,55,55,101
1767618722898,50,200,true,55,55,50
1767618722899,50,200,true,55,55,50
1767618722900,50,200,true,55,55,50
1767618722901,50,200,true,55,55,50
1767618722901,51,200,true,55,55,51
1767618722902,51,200,true,55,55,51
1767618722903,51,200,true,55,55,51
1767618722904,51,200,true,55,55,51
1767618722905,51,200,true,55,55,51
1767618722906,50,200,true,55,55,50
1767618722907,50,200,true,55,55,50
1767618722908,50,200,true,55,55,50
1767618722909,50,200,true,55,55,50
1767618722910,50,200,true,55,55,50
1767618722911,50,200,true,55,55,50
1767618722911,51,200,true,55,55,51
1767618722913,50,200,true,55,55,50
1767618722914,50,200,true,55,55,50
1767618722915,50,200,true,55,55,50
1767618722916,50,200,true,55,55,50
1767618722916,51,200,true,55,55,51
1767618722917,51,200,true,55,55,51
1767618722918,51,200,true,55,55,51
1767618722919,50,200,true,55,55,50
1767618722920,50,200,true,55,55,50
1767618722921,50,200,true,55,55,50
1767618722922,50,200,true,55,55,50
1767618722923,50,200,true,55,55,50
1767618722924,50,200,true,55,55,50
1767618722925,50,200,true,55,55,50
1767618722926,50,200,true,55,55,50
1767618722927,50,200,true,55,55,50
1767618722927,51,200,true,55,55,51
1767618722928,51,200,true,55,55,51
1767618722930,50,200,true,55,55,50
1767618722931,50,200,true,55,55,50
1767618722931,51,200,true,55,55,51
1767618722932,51,200,true,55,55,51
1767618722933,51,200,true,55,55,51
1767618722934,51,200,true,55,55,50
1767618722935,50,200,true,55,55,50
1767618722936,50,200,true,55,55,50
1767618722937,50,200,true,55,55,50
1767618722938,50,200,true,55,55,50
1767618722939,50,200,true,55,55,50
1767618722940,50,200,true,55,55,50
1767618722941,50,200,true,55,55,50
1767618722942,50,200,true,55,55,50
1767618722942,51,200,true,55,55,51
1767618722943,51,200,true,55,55,51
1767618722944,51,200,true,55,55,51
1767618722945,51,200,true,55,55,51
1767618722947,50,200,true,55,55,50
1767618722897,101,200,true,55,55,101
1767618722948,51,200,true,55,55,51
1767618722949,51,200,true,55,55,51
1767618722950,50,200,true,55,55,50
1767618722951,50,200,true,55,55,50
1767618722952,50,200,true,55,55,50
1767618722953,50,200,true,55,55,50
1767618722954,50,200,true,55,55,50
1767618722955,50,200,true,55,55,50
1767618722956,50,200,true,55,55,50
1767618722957,50,200,true,55,55,50
1767618722957,51,200,true,55,55,51
1767618722958,51,200,true,55,55,51
1767618722959,51,200,true,55,55,51
1767618722960,50,200,true,55,55,50
1767618722961,50,200,true,55,55,50
1767618722962,50,200,true,55,55,50
1767618722963,51,200,true,55,55,51
1767618722964,51,200,true,55,55,51
1767618722965,50,200,true,55,55,50
1767618722966,50,200,true,55,55,50
1767618722967,50,200,true,55,55,50
1767618722968,50,200,true,55,55,50
1767618722969,50,200,true,55,55,50
1767618722970,50,200,true,55,55,50
1767618722970,51,200,true,55,55,51
1767618722971,51,200,true,55,55,51
1767618722972,51,200,true,55,55,51
1767618722973,51,200,true,55,55,51
1767618722974,51,200,true,55,55,51
1767618722975,50,200,true,55,55,50
1767618722976,50,200,true,55,55,50
1767618722977,50,200,true,55,55,50
1767618722978,50,200,true,55,55,50
1767618722979,50,200,true,55,55,50
1767618722980,50,200,true,55,55,50
1767618722981,50,200,true,55,55,50
1767618722982,50,200,true,55,55,50
1767618722983,50,200,true,55,55,50
1767618722984,50,200,true,55,55,50
1767618722985,50,200,true,55,55,50
1767618722985,51,200,true,55,55,51
1767618722986,51,200,true,55,55,51
1767618722987,51,200,true,55,55,51
1767618722988,51,200,true,55,55,51
1767618722989,51,200,true,55,55,51
1767618722990,50,200,true,55,55,50
1767618722991,50,200,true,55,55,50
1767618722992,50,200,true,55,55,50
1767618722993,50,200,true,55,55,50
1767618722994,50,200,true,55,55,50
1767618722995,50,200,true,55,55,50
1767618722996,50,200,true,55,55,50
1767618722997,50,200,true,55,55,50
1767618722947,101,200,true,55,55,101
1767618722999,50,200,true,55,55,50
1767618723000,50,200,true,55,55,50
1767618723001,50,200,true,55,55,50
1767618723001,51,200,true,55,55,51
1767618723002,51,200,true,55,55,51
1767618723003,51,200,true,55,55,51
1767618723004,50,200,true,55,55,50
1767618723005,50,200,true,55,55,50
1767618723006,50,200,true,55,55,50
1767618723007,50,200,true,55,55,50
1767618723008,50,200,true,55,55,50
1767618723009,50,200,true,55,55,50
1767618723010,50,200,true,55,55,50
1767618723011,50,200,true,55,55,50
1767618723012,50,200,true,55,55,50
1767618723012,51,200,true,55,55,51
1767618723014,50,200,true,55,55,50
1767618723015,50,200,true,55,55,50
1767618723016,50,200,true,55,55,50
1767618723016,50,200,true,55,55,50
1767618723017,51,200,true,55,55,50
1767618723018,50,200,true,55,55,50
1767618723019,50,200,true,55,55,50
1767618723020,50,200,true,55,55,50
1767618723021,50,200,true,55,55,50
1767618723022,50,200,true,55,55,50
1767618723023,50,200,true,55,55,50
1767618723024,50,200,true,55,55,50
1767618723025,50,200,true,55,55,50
1767618723025,51,200,true,55,55,51
1767618723026,51,200,true,55,55,51
1767618723027,51,200,true,55,55,51
1767618723028,50,200,true,55,55,50
1767618723029,50,200,true,55,55,50
1767618723030,51,200,true,55,55,51
1767618723031,51,200,true,55,55,51
1767618723032,50,200,true,55,55,50
1767618723033,50,200,true,55,55,50
1767618723034,50,200,true,55,55,50
1767618723035,50,200,true,55,55,50
1767618723036,50,200,true,55,55,50
1767618723037,50,200,true,55,55,50
1767618723038,50,200,true,55,55,50
1767618723039,50,200,true,55,55,50
1767618723040,50,200,true,55,55,50
1767618723041,50,200,true,55,55,50
1767618723041,51,200,true,55,55,51
1767618723042,51,200,true,55,55,51
1767618723043,50,200,true,55,55,50
1767618723044,50,200,true,55,55,50
1767618723045,50,200,true,55,55,50
1767618723046,50,200,true,55,55,50
1767618723047,50,200,true,55,55,50
1767618722998,100,200,true,55,55,100
1767618723049,50,200,true,55,55,50
1767618723050,50,200,true,55,55,50
1767618723051,50,200,true,55,55,50
1767618723052,50,200,true,55,55,50
1767618723053,50,200,true,55,55,50
1767618723054,50,200,true,55,55,50
1767618723054,51,200,true,55,55,51
1767618723055,51,200,true,55,55,51
1767618723056,51,200,true,55,55,51
1767618723057,51,200,true,55,55,51
1767618723058,50,200,true,55,55,50
1767618723059,50,200,true,55,55,50
1767618723060,50,200,true,55,55,50
1767618723061,50,200,true,55,55,50
1767618723062,50,200,true,55,55,50
1767618723063,50,200,true,55,55,50
1767618723064,50,200,true,55,55,50
1767618723065,50,200,true,55,55,50
1767618723066,50,200,true,55,55,50
1767618723067,50,200,true,55,55,50
1767618723068,50,200,true,55,55,50
1767618723068,51,200,true,55,55,51
1767618723069,51,200,true,55,55,51
1767618723070,51,200,true,55,55,51
1767618723071,50,200,true,55,55,50
1767618723072,50,200,true,55,55,50
1767618723073,50,200,true,55,55,50
1767618723074,50,200,true,55,55,50
1767618723075,50,200,true,55,55,50
1767618723076,50,200,true,55,55,50
1767618723077,50,200,true,55,55,50
1767618723078,50,200,true,55,55,50
1767618723079,50,200,true,55,55,50
1767618723079,51,200,true,55,55,51
1767618723081,50,200,true,55,55,50
1767618723082,50,200,true,55,55,50
1767618723082,51,200,true,55,55,51
1767618723083,51,200,true,55,55,51
1767618723084,51,200,true,55,55,51
1767618723085,51,200,true,55,55,51
1767618723086,51,200,true,55,55,51
1767618723087,50,200,true,55,55,50
1767618723088,50,200,true,55,55,50
1767618723089,50,200,true,55,55,50
1767618723090,50,200,true,55,55,50
1767618723091,50,200,true,55,55,50
1767618723092,50,200,true,55,55,50
1767618723093,50,200,true,55,55,50
1767618723094,50,200,true,55,55,50
1767618723094,51,200,true,55,55,51
1767618723095,51,200,true,55,55,51
1767618723096,51,200,true,55,55,51
1767618723098,50,200,true,55,55,50
1767618723048,101,200,true,55,55,101
1767618723099,51,200,true,55,55,51
1767618723100,51,200,true,55,55,51
1767618723101,51,200,true,55,55,51
1767618723102,51,200,true,55,55,50
1767618723103,50,200,true,55,55,50
1767618723104,50,200,true,55,55,50
1767618723105,50,200,true,55,55,50
1767618723106,50,200,true,55,55,50
1767618723107,50,200,true,55,55,50
1767618723108,50,200,true,55,55,50
1767618723108,51,200,true,55,55,51
1767618723109,51,200,true,55,55,51
1767618723110,51,200,true,55,55,51
1767618723111,51,200,true,55,55,51
1767618723112,50,200,true,55,55,50
1767618723113,50,200,true,55,55,50
1767618723114,51,200,true,55,55,51
1767618723115,50,200,true,55,55,50
1767618723116,50,200,true,55,55,50
1767618723117,50,200,true,55,55,50
1767618723118,50,200,true,55,55,50
1767618723119,50,200,true,55,55,50
1767618723120,50,200,true,55,55,50
1767618723121,50,200,true,55,55,50
1767618723122,50,200,true,55,55,50
1767618723122,51,200,true,55,55,51
1767618723123,51,200,true,55,55,51
1767618723124,51,200,true,55,55,51
1767618723125,51,200,true,55,55,51
1767618723126,50,200,true,55,55,50
1767618723127,50,200,true,55,55,50
1767618723128,50,200,true,55,55,50
1767618723129,50,200,true,55,55,50
1767618723130,50,200,true,55,55,50
1767618723131,50,200,true,55,55,50
1767618723132,50,200,true,55,55,50
1767618723133,50,200,true,55,55,50
1767618723134,50,200,true,55,55,50
1767618723135,50,200,true,55,55,50
1767618723136,50,200,true,55,55,50
1767618723137,50,200,true,55,55,50
1767618723137,51,200,true,55,55,51
1767618723138,51,200,true,55,55,51
1767618723139,51,200,true,55,55,51
1767618723140,51,200,true,55,55,51
1767618723141,51,200,true,55,55,51
1767618723142,50,200,true,55,55,50
1767618723143,50,200,true,55,55,50
1767618723144,50,200,true,55,55,50
1767618723145,50,200,true,55,55,50
1767618723146,50,200,true,55,55,50
1767618723147,50,200,true,55,55,50
1767618723148,50,200,true,55,55,50
1767618723098,101,200,true,55,55,101
1767618723150,50,200,true,55,55,50
1767618723151,50,200,true,55,55,50
1767618723152,50,200,true,55,55,50
1767618723153,50,200,true,55,55,50
1767618723153,51,200,true,55,55,51
1767618723154,51,200,true,55,55,51
1767618723155,51,200,true,55,55,51
1767618723156,50,200,true,55,55,50
1767618723157,50,200,true,55,55,50
1767618723158,50,200,true,55,55,50
1767618723159,50,200,true,55,55,50
1767618723160,50,200,true,55,55,50
1767618723161,50,200,true,55,55,50
1767618723162,50,200,true,55,55,50
1767618723163,50,200,true,55,55,50
1767618723164,50,200,true,55,55,50
1767618723165,50,200,true,55,55,50
1767618723166,50,200,true,55,55,50
1767618723166,51,200,true,55,55,51
1767618723167,51,200,true,55,55,51
1767618723168,51,200,true,55,55,51
1767618723169,50,200,true,55,55,50
1767618723170,50,200,true,55,55,50
1767618723171,50,200,true,55,55,50
1767618723172,50,200,true,55,55,50
1767618723173,50,200,true,55,55,50
1767618723174,50,200,true,55,55,50
1767618723175,50,200,true,55,55,50
1767618723176,50,200,true,55,55,50
1767618723177,50,200,true,55,55,50
1767618723177,51,200,true,55,55,51
1767618723178,51,200,true,55,55,51
1767618723179,50,200,true,55,55,50
1767618723180,50,200,true,55,55,50
1767618723181,51,200,true,55,55,51
1767618723182,50,200,true,55,55,50
1767618723183,50,200,true,55,55,50
1767618723184,50,200,true,55,55,50
1767618723185,50,200,true,55,55,50
1767618723186,50,200,true,55,55,50
1767618723187,50,200,true,55,55,50
1767618723188,50,200,true,55,55,50
1767618723189,50,200,true,55,55,50
1767618723190,50,200,true,55,55,50
1767618723191,50,200,true,55,55,50
1767618723192,50,200,true,55,55,50
1767618723192,51,200,true,55,55,51
1767618723193,51,200,true,55,55,51
1767618723194,51,200,true,55,55,50
1767618723195,50,200,true,55,55,50
1767618723196,50,200,true,55,55,50
1767618723197,50,200,true,55,55,50
1767618723198,50,200,true,55,55,50
1767618723149,100,200,true,55,55,100
1767618723200,50,200,true,55,55,50
1767618723201,50,200,true,55,55,50
1767618723202,50,200,true,55,55,50
1767618723203,50,200,true,55,55,50
1767618723204,50,200,true,55,55,50
1767618723205,50,200,true,55,55,50
1767618723206,50,200,true,55,55,50
1767618723206,51,200,true,55,55,51
1767618723207,51,200,true,55,55,51
1767618723208,50,200,true,55,55,50
1767618723209,50,200,true,55,55,50
1767618723210,50,200,true,55,55,50
1767618723211,50,200,true,55,55,50
1767618723212,50,200,true,55,55,50
1767618723213,50,200,true,55,55,50
1767618723214,50,200,true,55,55,50
1767618723215,50,200,true,55,55,50
1767618723216,50,200,true,55,55,50
1767618723217,50,200,true,55,55,50
1767618723218,50,200,true,55,55,50
1767618723219,50,200,true,55,55,50
1767618723219,51,200,true,55,55,51
1767618723220,51,200,true,55,55,51
1767618723221,50,200,true,55,55,50
1767618723222,50,200,true,55,55,50
1767618723223,50,200,true,55,55,50
1767618723224,50,200,true,55,55,50
1767618723225,50,200,true,55,55,50
1767618723226,50,200,true,55,55,50
1767618723227,50,200,true,55,55,50
1767618723228,50,200,true,55,55,50
1767618723229,50,200,true,55,55,50
1767618723230,50,200,true,55,55,50
1767618723230,51,200,true,55,55,51
1767618723232,50,200,true,55,55,50
1767618723233,50,200,true,55,55,50
1767618723233,51,200,true,55,55,51
1767618723234,51,200,true,55,55,51
1767618723235,50,200,true,55,55,50
1767618723236,50,200,true,55,55,50
1767618723237,50,200,true,55,55,50
1767618723238,50,200,true,55,55,50
1767618723239,50,200,true,55,55,50
1767618723240,50,200,true,55,55,50
1767618723241,50,200,true,55,55,50
1767618723242,50,200,true,55,55,50
1767618723243,50,200,true,55,55,50
1767618723244,50,200,true,55,55,50
1767618723245,50,200,true,55,55,50
1767618723245,51,200,true,55,55,51
1767618723246,51,200,true,55,55,51
1767618723247,50,200,true,55,55,50
1767618723249,50,200,true,55,55,50
1767618723199,101,200,true,55,55,101
1767618723250,51,200,true,55,55,51
1767618723251,51,200,true,55,55,51
1767618723252,50,200,true,55,55,50
1767618723253,51,200,true,55,55,50
1767618723254,50,200,true,55,55,50
1767618723255,50,200,true,55,55,50
1767618723256,50,200,true,55,55,50
1767618723257,50,200,true,55,55,50
1767618723258,50,200,true,55,55,50
1767618723259,50,200,true,55,55,50
1767618723259,51,200,true,55,55,51
1767618723260,50,200,true,55,55,50
1767618723261,51,200,true,55,55,51
1767618723262,50,200,true,55,55,50
1767618723263,50,200,true,55,55,50
1767618723264,50,200,true,55,55,50
1767618723265,50,200,true,55,55,50
1767618723266,50,200,true,55,55,50
1767618723267,50,200,true,55,55,50
1767618723268,50,200,true,55,55,50
1767618723269,50,200,true,55,55,50
1767618723270,50,200,true,55,55,50
1767618723271,50,200,true,55,55,50
1767618723272,50,200,true,55,55,50
1767618723272,51,200,true,55,55,51
1767618723273,51,200,true,55,55,51
1767618723274,50,200,true,55,55,50
1767618723275,50,200,true,55,55,50
1767618723276,50,200,true,55,55,50
1767618723277,50,200,true,55,55,50
1767618723278,50,200,true,55,55,50
1767618723279,50,200,true,55,55,50
1767618723280,50,200,true,55,55,50
1767618723281,50,200,true,55,55,50
1767618723282,50,200,true,55,55,50
1767618723283,50,200,true,55,55,50
1767618723284,50,200,true,55,55,50
1767618723285,50,200,true,55,55,50
1767618723286,50,200,true,55,55,50
1767618723286,51,200,true,55,55,51
1767618723287,51,200,true,55,55,51
1767618723288,51,200,true,55,55,51
1767618723289,51,200,true,55,55,51
1767618723290,50,200,true,55,55,50
1767618723291,50,200,true,55,55,50
1767618723292,50,200,true,55,55,50
1767618723293,50,200,true,55,55,50
1767618723294,50,200,true,55,55,50
1767618723295,50,200,true,55,55,50
1767618723296,50,200,true,55,55,50
1767618723297,50,200,true,55,55,50
1767618723298,50,200,true,55,55,50
1767618723299,50,200,true,55,55,50
1767618723249,101,200,true,55,55,101
1767618723301,50,200,true,55,55,50
1767618723302,50,200,true,55,55,50
1767618723302,51,200,true,55,55,51
1767618723304,50,200,true,55,55,50
1767618723304,51,200,true,55,55,51
1767618723305,50,200,true,55,55,50
1767618723306,50,200,true,55,55,50
1767618723307,50,200,true,55,55,50
1767618723308,50,200,true,55,55,50
1767618723309,50,200,true,55,55,50
1767618723310,50,200,true,55,55,50
1767618723311,50,200,true,55,55,50
1767618723312,50,200,true,55,55,50
1767618723312,51,200,true,55,55,51
1767618723313,51,200,true,55,55,51
1767618723314,51,200,true,55,55,51
1767618723315,51,200,true,55,55,51
1767618723316,51,200,true,55,55,51
1767618723317,51,200,true,55,55,51
1767618723318,50,200,true,55,55,50
1767618723319,50,200,true,55,55,50
1767618723320,50,200,true,55,55,50
1767618723321,50,200,true,55,55,50
1767618723322,50,200,true,55,55,50
1767618723323,50,200,true,55,55,50
1767618723324,50,200,true,55,55,50
1767618723325,50,200,true,55,55,50
1767618723325,51,200,true,55,55,51
1767618723326,51,200,true,55,55,51
1767618723327,51,200,true,55,55,51
1767618723328,50,200,true,55,55,50
1767618723329,50,200,true,55,55,50
1767618723330,50,200,true,55,55,50
1767618723331,50,200,true,55,55,50
1767618723332,50,200,true,55,55,50
1767618723333,50,200,true,55,55,50
1767618723334,50,200,true,55,55,50
1767618723335,50,200,true,55,55,50
1767618723336,50,200,true,55,55,50
1767618723337,50,200,true,55,55,50
1767618723338,50,200,true,55,55,50
1767618723339,50,200,true,55,55,50
1767618723340,50,200,true,55,55,50
1767618723341,50,200,true,55,55,50
1767618723341,51,200,true,55,55,51
1767618723342,51,200,true,55,55,51
1767618723343,50,200,true,55,55,50
1767618723344,50,200,true,55,55,50
1767618723345,50,200,true,55,55,50
1767618723346,50,200,true,55,55,50
1767618723347,50,200,true,55,55,50
1767618723348,50,200,true,55,55,50
1767618723349,50,200,true,55,55,50
1767618723300,100,200,true,55,55,100
1767618723351,50,200,true,55,55,50
1767618723352,50,200,true,55,55,50
1767618723353,50,200,true,55,55,50
1767618723354,50,200,true,55,55,50
1767618723355,50,200,true,55,55,50
1767618723356,50,200,true,55,55,50
1767618723356,51,200,true,55,55,51
1767618723357,51,200,true,55,55,51
1767618723358,50,200,true,55,55,50
1767618723359,50,200,true,55,55,50
1767618723360,50,200,true,55,55,50
1767618723361,50,200,true,55,55,50
1767618723362,50,200,true,55,55,50
1767618723363,50,200,true,55,55,50
1767618723364,50,200,true,55,55,50
1767618723365,50,200,true,55,55,50
1767618723366,50,200,true,55,55,50
1767618723367,50,200,true,55,55,50
1767618723368,50,200,true,55,55,50
1767618723369,50,200,true,55,55,50
1767618723369,51,200,true,55,55,51
1767618723370,51,200,true,55,55,51
1767618723371,51,200,true,55,55,51
1767618723372,50,200,true,55,55,50
1767618723373,50,200,true,55,55,50
1767618723374,50,200,true,55,55,50
1767618723375,50,200,true,55,55,50
1767618723376,50,200,true,55,55,50
1767618723377,50,200,true,55,55,50
1767618723378,50,200,true,55,55,50
1767618723378,51,200,true,55,55,51
1767618723380,50,200,true,55,55,50
1767618723380,51,200,true,55,55,51
1767618723381,51,200,true,55,55,51
1767618723382,51,200,true,55,55,51
1767618723383,51,200,true,55,55,51
1767618723384,51,200,true,55,55,51
1767618723385,51,200,true,55,55,51
1767618723386,51,200,true,55,55,51
1767618723387,51,200,true,55,55,51
1767618723388,50,200,true,55,55,50
1767618723389,50,200,true,55,55,50
1767618723390,50,200,true,55,55,50
1767618723391,50,200,true,55,55,50
1767618723392,50,200,true,55,55,50
1767618723393,50,200,true,55,55,50
1767618723394,50,200,true,55,55,50
1767618723394,51,200,true,55,55,51
1767618723395,51,200,true,55,55,51
1767618723396,51,200,true,55,55,51
1767618723397,51,200,true,55,55,51
1767618723398,51,200,true,55,55,51
1767618723399,51,200,true,55,55,51
1767618723350,101,200,true,55,55,101
1767618723401,51,200,true,55,55,51
1767618723402,51,200,true,55,55,51
1767618723403,50,200,true,55,55,50
1767618723404,50,200,true,55,55,50
1767618723405,50,200,true,55,55,50
1767618723406,50,200,true,55,55,50
1767618723407,50,200,true,55,55,50
1767618723408,50,200,true,55,55,50
1767618723409,50,200,true,55,55,50
1767618723410,50,200,true,55,55,50
1767618723410,51,200,true,55,55,51
1767618723411,51,200,true,55,55,51
1767618723412,51,200,true,55,55,51
1767618723413,51,200,true,55,55,51
1767618723414,50,200,true,55,55,50
1767618723415,50,200,true,55,55,50
1767618723416,50,200,true,55,55,50
1767618723417,50,200,true,55,55,50
1767618723418,50,200,true,55,55,50
1767618723419,50,200,true,55,55,50
1767618723420,50,200,true,55,55,50
1767618723421,50,200,true,55,55,50
1767618723422,50,200,true,55,55,50
1767618723423,50,200,true,55,55,50
1767618723423,51,200,true,55,55,51
1767618723424,51,200,true,55,55,51
1767618723425,51,200,true,55,55,51
1767618723426,51,200,true,55,55,51
1767618723427,50,200,true,55,55,50
1767618723428,50,200,true,55,55,50
1767618723429,50,200,true,55,55,50
1767618723430,50,200,true,55,55,50
1767618723431,50,200,true,55,55,50
1767618723432,50,200,true,55,55,50
1767618723433,50,200,true,55,55,50
1767618723434,50,200,true,55,55,50
1767618723435,50,200,true,55,55,50
1767618723436,50,200,true,55,55,50
1767618723437,50,200,true,55,55,50
1767618723438,50,200,true,55,55,50
1767618723439,50,200,true,55,55,50
1767618723439,51,200,true,55,55,51
1767618723440,51,200,true,55,55,51
1767618723441,51,200,true,55,55,51
1767618723442,51,200,true,55,55,51
1767618723443,50,200,true,55,55,50
1767618723444,50,200,true,55,55,50
1767618723445,50,200,true,55,55,50
1767618723446,50,200,true,55,55,50
1767618723447,50,200,true,55,55,50
1767618723448,50,200,true,55,55,50
1767618723449,50,200,true,55,55,50
1767618723450,50,200,true,55,55,50
1767618723400,101,200,true,55,55,101
1767618723452,50,200,true,55,55,50
1767618723453,50,200,true,55,55,50
1767618723454,50,200,true,55,55,50
1767618723454,51,200,true,55,55,51
1767618723455,51,200,true,55,55,51
1767618723456,51,200,true,55,55,51
1767618723457,51,200,true,55,55,51
1767618723458,51,200,true,55,55,51
1767618723459,50,200,true,55,55,50
1767618723460,50,200,true,55,55,50
1767618723461,50,200,true,55,55,50
1767618723462,50,200,true,55,55,50
1767618723463,50,200,true,55,55,50
1767618723464,50,200,true,55,55,50
1767618723464,51,200,true,55,55,51
1767618723465,51,200,true,55,55,51
1767618723467,50,200,true,55,55,50
1767618723468,50,200,true,55,55,50
1767618723468,51,200,true,55,55,51
1767618723469,51,200,true,55,55,51
1767618723470,51,200,true,55,55,51
1767618723471,51,200,true,55,55,51
1767618723472,50,200,true,55,55,50
1767618723473,50,200,true,55,55,50
1767618723474,50,200,true,55,55,50
1767618723475,50,200,true,55,55,50
1767618723476,50,200,true,55,55,50
1767618723477,50,200,true,55,55,50
1767618723477,51,200,true,55,55,51
1767618723478,51,200,true,55,55,51
1767618723479,51,200,true,55,55,51
1767618723480,51,200,true,55,55,51
1767618723481,51,200,true,55,55,51
1767618723482,51,200,true,55,55,51
1767618723483,51,200,true,55,55,51
1767618723484,51,200,true,55,55,51
1767618723485,51,200,true,55,55,51
1767618723486,51,200,true,55,55,51
1767618723487,51,200,true,55,55,51
1767618723488,51,200,true,55,55,51
1767618723489,50,200,true,55,55,50
1767618723490,50,200,true,55,55,50
1767618723491,50,200,true,55,55,50
1767618723492,50,200,true,55,55,50
1767618723493,50,200,true,55,55,50
1767618723493,51,200,true,55,55,51
1767618723494,51,200,true,55,55,51
1767618723495,51,200,true,55,55,51
1767618723496,51,200,true,55,55,51
1767618723497,51,200,true,55,55,51
1767618723498,51,200,true,55,55,51
1767618723499,51,200,true,55,55,51
1767618723500,51,200,true,55,55,51
1767618723451,101,200,true,55,55,101
1767618723502,51,200,true,55,55,51
1767618723503,51,200,true,55,55,51
1767618723504,51,200,true,55,55,51
1767618723505,51,200,true,55,55,51
1767618723506,50,200,true,55,55,50
1767618723507,50,200,true,55,55,50
1767618723508,50,200,true,55,55,50
1767618723509,50,200,true,55,55,50
1767618723509,51,200,true,55,55,51
1767618723510,51,200,true,55,55,51
1767618723511,51,200,true,55,55,51
1767618723512,51,200,true,55,55,51
1767618723513,51,200,true,55,55,51
1767618723514,51,200,true,55,55,51
1767618723515,51,200,true,55,55,51
1767618723516,50,200,true,55,55,50
1767618723517,51,200,true,55,55,51
1767618723518,51,200,true,55,55,51
1767618723519,50,200,true,55,55,50
1767618723520,50,200,true,55,55,50
1767618723521,50,200,true,55,55,50
1767618723522,50,200,true,55,55,50
1767618723523,50,200,true,55,55,50
1767618723523,51,200,true,55,55,51
1767618723524,51,200,true,55,55,51
1767618723525,51,200,true,55,55,51
1767618723526,51,200,true,55,55,51
1767618723527,51,200,true,55,55,51
1767618723528,51,200,true,55,55,51
1767618723529,50,200,true,55,55,50
1767618723530,50,200,true,55,55,50
1767618723531,50,200,true,55,55,50
1767618723532,50,200,true,55,55,50
1767618723533,50,200,true,55,55,50
1767618723534,50,200,true,55,55,50
1767618723535,50,200,true,55,55,50
1767618723536,50,200,true,55,55,50
1767618723537,50,200,true,55,55,50
1767618723538,50,200,true,55,55,50
1767618723539,50,200,true,55,55,50
1767618723539,51,200,true,55,55,51
1767618723540,51,200,true,55,55,51
1767618723541,51,200,true,55,55,51
1767618723542,51,200,true,55,55,51
1767618723543,51,200,true,55,55,51
1767618723544,51,200,true,55,55,51
1767618723545,51,200,true,55,55,51
1767618723546,50,200,true,55,55,50
1767618723547,50,200,true,55,55,50
1767618723548,50,200,true,55,55,50
1767618723549,50,200,true,55,55,50
1767618723550,50,200,true,55,55,50
1767618723551,50,200,true,55,55,50
1767618723501,101,200,true,55,55,101
1767618723553,50,200,true,55,55,50
1767618723554,50,200,true,55,55,50
1767618723555,50,200,true,55,55,50
1767618723556,50,200,true,55,55,50
1767618723557,50,200,true,55,55,50
1767618723557,51,200,true,55,55,51
1767618723558,51,200,true,55,55,51
1767618723559,51,200,true,55,55,51
1767618723560,51,200,true,55,55,51
1767618723561,51,200,true,55,55,50
1767618723562,50,200,true,55,55,50
1767618723563,50,200,true,55,55,50
1767618723564,50,200,true,55,55,50
1767618723565,50,200,true,55,55,50
1767618723566,50,200,true,55,55,50
1767618723566,51,200,true,55,55,51
1767618723568,50,200,true,55,55,50
1767618723569,50,200,true,55,55,50
1767618723570,50,200,true,55,55,50
1767618723570,51,200,true,55,55,51
1767618723571,51,200,true,55,55,51
1767618723572,51,200,true,55,55,51
1767618723573,51,200,true,55,55,51
1767618723574,51,200,true,55,55,51
1767618723575,50,200,true,55,55,50
1767618723576,50,200,true,55,55,50
1767618723577,50,200,true,55,55,50
1767618723578,50,200,true,55,55,50
1767618723579,50,200,true,55,55,50
1767618723580,50,200,true,55,55,50
1767618723580,51,200,true,55,55,51
1767618723581,51,200,true,55,55,51
1767618723582,51,200,true,55,55,51
1767618723583,51,200,true,55,55,51
1767618723585,50,200,true,55,55,50
1767618723585,51,200,true,55,55,51
1767618723586,51,200,true,55,55,51
1767618723587,51,200,true,55,55,51
1767618723588,51,200,true,55,55,51
1767618723589,51,200,true,55,55,51
1767618723590,51,200,true,55,55,51
1767618723591,50,200,true,55,55,50
1767618723592,50,200,true,55,55,50
1767618723593,50,200,true,55,55,50
1767618723594,50,200,true,55,55,50
1767618723595,50,200,true,55,55,50
1767618723596,50,200,true,55,55,50
1767618723596,51,200,true,55,55,51
1767618723597,51,200,true,55,55,51
1767618723598,51,200,true,55,55,51
1767618723599,51,200,true,55,55,51
1767618723600,51,200,true,55,55,51
1767618723602,50,200,true,55,55,50
1767618723552,101,200,true,55,55,101
1767618723603,51,200,true,55,55,51
1767618723604,51,200,true,55,55,51
1767618723605,51,200,true,55,55,51
1767618723606,51,200,true,55,55,51
1767618723607,50,200,true,55,55,50
1767618723608,50,200,true,55,55,50
1767618723609,50,200,true,55,55,50
1767618723610,50,200,true,55,55,50
1767618723611,50,200,true,55,55,50
1767618723612,50,200,true,55,55,50
1767618723612,51,200,true,55,55,51
1767618723613,51,200,true,55,55,51
1767618723614,51,200,true,55,55,51
1767618723615,51,200,true,55,55,51
1767618723616,50,200,true,55,55,50
1767618723617,50,200,true,55,55,50
1767618723618,51,200,true,55,55,51
1767618723619,51,200,true,55,55,51
1767618723620,50,200,true,55,55,50
1767618723621,50,200,true,55,55,50
1767618723622,50,200,true,55,55,50
1767618723623,50,200,true,55,55,50
1767618723624,50,200,true,55,55,50
1767618723625,51,200,true,55,55,51
1767618723625,51,200,true,55,55,51
1767618723626,51,200,true,55,55,51
1767618723627,51,200,true,55,55,51
1767618723628,51,200,true,55,55,51
1767618723629,51,200,true,55,55,51
1767618723630,51,200,true,55,55,51
1767618723631,50,200,true,55,55,50
1767618723632,50,200,true,55,55,50
1767618723633,50,200,true,55,55,50
1767618723634,50,200,true,55,55,50
1767618723635,51,200,true,55,55,51
1767618723636,50,200,true,55,55,50
1767618723637,50,200,true,55,55,50
1767618723638,50,200,true,55,55,50
1767618723639,50,200,true,55,55,50
1767618723640,50,200,true,55,55,50
1767618723641,50,200,true,55,55,50
1767618723641,51,200,true,55,55,51
1767618723642,51,200,true,55,55,51
1767618723643,51,200,true,55,55,51
1767618723644,51,200,true,55,55,51
1767618723645,51,200,true,55,55,51
1767618723646,51,200,true,55,55,51
1767618723647,51,200,true,55,55,51
1767618723648,51,200,true,55,55,51
1767618723649,51,200,true,55,55,51
1767618723650,51,200,true,55,55,51
1767618723651,50,200,true,55,55,50
1767618723652,51,200,true,55,55,51
1767618723602,102,200,true,55,55,102
1767618723654,51,200,true,55,55,51
1767618723655,51,200,true,55,55,51
1767618723656,51,200,true,55,55,51
1767618723657,51,200,true,55,55,51
1767618723657,51,200,true,55,55,51
1767618723658,51,200,true,55,55,51
1767618723659,51,200,true,55,55,51
1767618723660,51,200,true,55,55,51
1767618723661,51,200,true,55,55,51
1767618723662,51,200,true,55,55,51
1767618723663,51,200,true,55,55,51
1767618723664,51,200,true,55,55,51
1767618723665,51,200,true,55,55,51
1767618723666,51,200,true,55,55,51
1767618723667,51,200,true,55,55,51
1767618723667,52,200,true,55,55,52
1767618723669,52,200,true,55,55,52
1767618723670,54,200,true,55,55,54
1767618723671,55,200,true,55,55,55
1767618723671,57,200,true,55,55,57
1767618723672,57,200,true,55,55,57
1767618723673,57,200,true,55,55,57
1767618723674,57,200,true,55,55,57
1767618723676,56,200,true,55,55,56
1767618723676,57,200,true,55,55,57
1767618723677,57,200,true,55,55,57
1767618723678,57,200,true,55,55,57
1767618723679,57,200,true,55,55,57
1767618723680,57,200,true,55,55,57
1767618723681,57,200,true,55,55,57
1767618723682,57,200,true,55,55,57
1767618723682,58,200,true,55,55,58
1767618723683,58,200,true,55,55,58
1767618723684,58,200,true,55,55,58
1767618723686,57,200,true,55,55,57
1767618723687,57,200,true,55,55,57
1767618723688,57,200,true,55,55,57
1767618723688,58,200,true,55,55,58
1767618723689,58,200,true,55,55,58
1767618723690,58,200,true,55,55,58
1767618723691,58,200,true,55,55,58
1767618723692,58,200,true,55,55,58
1767618723693,58,200,true,55,55,58
1767618723694,58,200,true,55,55,58
1767618723695,58,200,true,55,55,58
1767618723696,58,200,true,55,55,58
1767618723697,58,200,true,55,55,58
1767618723698,58,200,true,55,55,58
1767618723699,58,200,true,55,55,58
1767618723700,58,200,true,55,55,58
1767618723701,58,200,true,55,55,58
1767618723702,58,200,true,55,55,58
1767618723703,58,200,true,55,55,58
1767618723653,109,200,true,55,55,109
1767618723705,58,200,true,55,55,58
1767618723706,58,200,true,55,55,58
1767618723707,58,200,true,55,55,58
1767618723708,58,200,true,55,55,58
1767618723708,59,200,true,55,55,59
1767618723709,59,200,true,55,55,59
1767618723710,59,200,true,55,55,59
1767618723711,59,200,true,55,55,59
1767618723712,59,200,true,55,55,59
1767618723713,59,200,true,55,55,59
1767618723714,59,200,true,55,55,59
1767618723715,59,200,true,55,55,59
1767618723716,59,200,true,55,55,59
1767618723717,59,200,true,55,55,59
1767618723718,59,200,true,55,55,59
1767618723719,61,200,true,55,55,61
1767618723721,60,200,true,55,55,60
1767618723724,58,200,true,55,55,58
1767618723726,57,200,true,55,55,57
1767618723728,56,200,true,55,55,56
1767618723729,56,200,true,55,55,56
1767618723730,56,200,true,55,55,55
1767618723731,55,200,true,55,55,55
1767618723732,55,200,true,55,55,55
1767618723733,55,200,true,55,55,55
1767618723734,55,200,true,55,55,55
1767618723735,55,200,true,55,55,55
1767618723736,55,200,true,55,55,55
1767618723737,55,200,true,55,55,55
1767618723738,55,200,true,55,55,55
1767618723739,55,200,true,55,55,55
1767618723740,55,200,true,55,55,55
1767618723741,55,200,true,55,55,55
1767618723742,55,200,true,55,55,55
1767618723743,55,200,true,55,55,55
1767618723744,55,200,true,55,55,55
1767618723745,55,200,true,55,55,55
1767618723746,55,200,true,55,55,55
1767618723747,55,200,true,55,55,55
1767618723748,55,200,true,55,55,55
1767618723749,55,200,true,55,55,55
1767618723750,54,200,true,55,55,54
1767618723751,54,200,true,55,55,54
1767618723752,54,200,true,55,55,54
1767618723753,54,200,true,55,55,54
1767618723754,54,200,true,55,55,54
1767618723755,54,200,true,55,55,54
1767618723756,54,200,true,55,55,54
1767618723757,54,200,true,55,55,54
1767618723758,54,200,true,55,55,54
1767618723759,54,200,true,55,55,54
1767618723760,54,200,true,55,55,54
1767618723761,54,200,true,55,55,54
1767618723704,112,200,true,55,55,112
1767618723763,54,200,true,55,55,54
1767618723764,54,200,true,55,55,54
1767618723765,54,200,true,55,55,54
1767618723766,54,200,true,55,55,54
1767618723767,53,200,true,55,55,53
1767618723768,53,200,true,55,55,53
1767618723769,53,200,true,55,55,53
1767618723770,53,200,true,55,55,53
1767618723771,53,200,true,55,55,53
1767618723772,53,200,true,55,55,53
1767618723773,53,200,true,55,55,53
1767618723774,53,200,true,55,55,53
1767618723775,53,200,true,55,55,53
1767618723776,53,200,true,55,55,53
1767618723777,53,200,true,55,55,53
1767618723780,51,200,true,55,55,51
1767618723781,51,200,true,55,55,51
1767618723782,51,200,true,55,55,51
1767618723783,51,200,true,55,55,51
1767618723784,50,200,true,55,55,50
1767618723785,50,200,true,55,55,50
1767618723786,50,200,true,55,55,50
1767618723786,51,200,true,55,55,51
1767618723787,51,200,true,55,55,51
1767618723788,51,200,true,55,55,51
1767618723789,51,200,true,55,55,51
1767618723790,51,200,true,55,55,51
1767618723791,51,200,true,55,55,51
1767618723792,51,200,true,55,55,51
1767618723793,51,200,true,55,55,51
1767618723794,51,200,true,55,55,51
1767618723795,51,200,true,55,55,51
1767618723796,50,200,true,55,55,50
1767618723797,51,200,true,55,55,51
1767618723798,51,200,true,55,55,51
1767618723799,51,200,true,55,55,51
1767618723800,50,200,true,55,55,50
1767618723801,50,200,true,55,55,50
1767618723802,50,200,true,55,55,50
1767618723803,50,200,true,55,55,50
1767618723804,50,200,true,55,55,50
1767618723804,51,200,true,55,55,51
1767618723805,51,200,true,55,55,51
1767618723806,51,200,true,55,55,51
1767618723807,51,200,true,55,55,51
1767618723808,51,200,true,55,55,51
1767618723809,51,200,true,55,55,51
1767618723810,51,200,true,55,55,51
1767618723811,50,200,true,55,55,50
1767618723812,50,200,true,55,55,50
1767618723813,50,200,true,55,55,50
1767618723814,50,200,true,55,55,50
1767618723815,51,200,true,55,55,51
1767618723762,105,200,true,55,55,105
1767618723817,51,200,true,55,55,51
1767618723818,50,200,true,55,55,50
1767618723819,50,200,true,55,55,50
1767618723820,50,200,true,55,55,50
1767618723821,50,200,true,55,55,50
1767618723821,51,200,true,55,55,51
1767618723822,51,200,true,55,55,51
1767618723823,51,200,true,55,55,51
1767618723824,51,200,true,55,55,51
1767618723825,51,200,true,55,55,51
1767618723826,51,200,true,55,55,51
1767618723827,51,200,true,55,55,51
1767618723828,50,200,true,55,55,50
1767618723829,50,200,true,55,55,50
1767618723830,50,200,true,55,55,50
1767618723831,50,200,true,55,55,50
1767618723832,50,200,true,55,55,50
1767618723833,50,200,true,55,55,50
1767618723834,50,200,true,55,55,50
1767618723834,51,200,true,55,55,51
1767618723836,50,200,true,55,55,50
1767618723836,51,200,true,55,55,51
1767618723837,51,200,true,55,55,51
1767618723838,51,200,true,55,55,51
1767618723839,51,200,true,55,55,51
1767618723840,51,200,true,55,55,51
1767618723841,51,200,true,55,55,51
1767618723842,51,200,true,55,55,51
1767618723843,50,200,true,55,55,50
1767618723844,50,200,true,55,55,50
1767618723845,50,200,true,55,55,50
1767618723846,50,200,true,55,55,50
1767618723847,50,200,true,55,55,50
1767618723848,50,200,true,55,55,50
1767618723849,50,200,true,55,55,50
1767618723850,50,200,true,55,55,50
1767618723851,50,200,true,55,55,50
1767618723851,51,200,true,55,55,51
1767618723852,51,200,true,55,55,51
1767618723853,51,200,true,55,55,51
1767618723854,51,200,true,55,55,51
1767618723855,51,200,true,55,55,51
1767618723856,51,200,true,55,55,51
1767618723857,51,200,true,55,55,51
1767618723858,51,200,true,55,55,51
1767618723859,50,200,true,55,55,50
1767618723860,50,200,true,55,55,50
1767618723861,50,200,true,55,55,50
1767618723862,50,200,true,55,55,50
1767618723862,51,200,true,55,55,51
1767618723863,51,200,true,55,55,51
1767618723864,51,200,true,55,55,51
1767618723866,50,200,true,55,55,50
1767618723816,101,200,true,55,55,101
1767618723868,50,200,true,55,55,50
1767618723868,51,200,true,55,55,51
1767618723869,51,200,true,55,55,51
1767618723870,51,200,true,55,55,51
1767618723871,51,200,true,55,55,51
1767618723872,51,200,true,55,55,51
1767618723873,51,200,true,55,55,51
1767618723874,51,200,true,55,55,51
1767618723875,50,200,true,55,55,50
1767618723876,50,200,true,55,55,50
1767618723877,50,200,true,55,55,50
1767618723878,50,200,true,55,55,50
1767618723879,50,200,true,55,55,50
1767618723880,50,200,true,55,55,50
1767618723880,51,200,true,55,55,51
1767618723881,51,200,true,55,55,51
1767618723882,51,200,true,55,55,51
1767618723883,51,200,true,55,55,51
1767618723884,51,200,true,55,55,51
1767618723885,51,200,true,55,55,51
1767618723886,51,200,true,55,55,51
1767618723887,50,200,true,55,55,50
1767618723888,50,200,true,55,55,50
1767618723889,50,200,true,55,55,50
1767618723890,50,200,true,55,55,50
1767618723891,50,200,true,55,55,50
1767618723892,50,200,true,55,55,50
1767618723893,50,200,true,55,55,50
1767618723893,51,200,true,55,55,51
1767618723894,51,200,true,55,55,51
1767618723895,51,200,true,55,55,51
1767618723896,51,200,true,55,55,51
1767618723897,51,200,true,55,55,51
1767618723898,50,200,true,55,55,50
1767618723899,51,200,true,55,55,51
1767618723900,51,200,true,55,55,51
1767618723901,51,200,true,55,55,51
1767618723902,51,200,true,55,55,51
1767618723903,50,200,true,55,55,50
1767618723904,50,200,true,55,55,50
1767618723905,50,200,true,55,55,50
1767618723906,50,200,true,55,55,50
1767618723907,50,200,true,55,55,50
1767618723908,50,200,true,55,55,50
1767618723909,50,200,true,55,55,50
1767618723910,50,200,true,55,55,50
1767618723910,51,200,true,55,55,51
1767618723911,51,200,true,55,55,51
1767618723912,51,200,true,55,55,51
1767618723913,51,200,true,55,55,51
1767618723914,51,200,true,55,55,51
1767618723915,51,200,true,55,55,51
1767618723916,51,200,true,55,55,51
1767618723867,101,200,true,55,55,101
1767618723918,51,200,true,55,55,51
1767618723919,51,200,true,55,55,51
1767618723920,51,200,true,55,55,50
1767618723921,50,200,true,55,55,50
1767618723922,50,200,true,55,55,50
1767618723923,50,200,true,55,55,50
1767618723924,50,200,true,55,55,50
1767618723925,50,200,true,55,55,50
1767618723926,50,200,true,55,55,50
1767618723926,51,200,true,55,55,51
1767618723927,51,200,true,55,55,51
1767618723928,51,200,true,55,55,51
1767618723929,51,200,true,55,55,51
1767618723930,51,200,true,55,55,51
1767618723931,51,200,true,55,55,51
1767618723932,50,200,true,55,55,50
1767618723933,51,200,true,55,55,51
1767618723934,51,200,true,55,55,51
1767618723935,51,200,true,55,55,51
1767618723936,50,200,true,55,55,50
1767618723937,50,200,true,55,55,50
1767618723938,50,200,true,55,55,50
1767618723938,51,200,true,55,55,51
1767618723939,51,200,true,55,55,51
1767618723940,51,200,true,55,55,51
1767618723941,51,200,true,55,55,51
1767618723942,51,200,true,55,55,51
1767618723943,51,200,true,55,55,51
1767618723944,51,200,true,55,55,51
1767618723945,51,200,true,55,55,51
1767618723946,51,200,true,55,55,51
1767618723947,51,200,true,55,55,51
1767618723948,50,200,true,55,55,50
1767618723949,50,200,true,55,55,50
1767618723950,51,200,true,55,55,51
1767618723951,51,200,true,55,55,51
1767618723952,50,200,true,55,55,50
1767618723953,50,200,true,55,55,50
1767618723954,50,200,true,55,55,50
1767618723954,51,200,true,55,55,51
1767618723955,51,200,true,55,55,51
1767618723956,51,200,true,55,55,51
1767618723957,51,200,true,55,55,51
1767618723958,51,200,true,55,55,51
1767618723959,51,200,true,55,55,51
1767618723960,51,200,true,55,55,51
1767618723961,51,200,true,55,55,51
1767618723962,51,200,true,55,55,51
1767618723963,51,200,true,55,55,51
1767618723964,50,200,true,55,55,50
1767618723965,50,200,true,55,55,50
1767618723966,50,200,true,55,55,50
1767618723967,51,200,true,55,55,51
1767618723917,102,200,true,55,55,102
1767618723969,51,200,true,55,55,51
1767618723970,51,200,true,55,55,51
1767618723971,50,200,true,55,55,50
1767618723972,50,200,true,55,55,50
1767618723972,51,200,true,55,55,51
1767618723973,51,200,true,55,55,51
1767618723974,51,200,true,55,55,51
1767618723975,51,200,true,55,55,51
1767618723976,51,200,true,55,55,51
1767618723977,51,200,true,55,55,51
1767618723978,51,200,true,55,55,51
1767618723979,51,200,true,55,55,51
1767618723980,51,200,true,55,55,51
1767618723981,51,200,true,55,55,51
1767618723982,50,200,true,55,55,50
1767618723982,51,200,true,55,55,51
1767618723984,51,200,true,55,55,51
1767618723985,51,200,true,55,55,51
1767618723986,50,200,true,55,55,50
1767618723986,51,200,true,55,55,51
1767618723988,50,200,true,55,55,50
1767618723988,51,200,true,55,55,51
1767618723989,51,200,true,55,55,51
1767618723990,51,200,true,55,55,51
1767618723991,51,200,true,55,55,51
1767618723992,51,200,true,55,55,51
1767618723993,51,200,true,55,55,51
1767618723994,51,200,true,55,55,51
1767618723995,50,200,true,55,55,50
1767618723996,50,200,true,55,55,50
1767618723997,50,200,true,55,55,50
1767618723998,50,200,true,55,55,50
1767618723999,50,200,true,55,55,50
1767618723999,51,200,true,55,55,51
1767618724001,50,200,true,55,55,50
1767618724002,50,200,true,55,55,50
1767618724003,50,200,true,55,55,50
1767618724003,51,200,true,55,55,51
1767618724004,51,200,true,55,55,51
1767618724005,51,200,true,55,55,51
1767618724006,51,200,true,55,55,51
1767618724007,51,200,true,55,55,51
1767618724008,51,200,true,55,55,51
1767618724009,51,200,true,55,55,51
1767618724010,51,200,true,55,55,51
1767618724011,51,200,true,55,55,51
1767618724012,50,200,true,55,55,50
1767618724013,50,200,true,55,55,50
1767618724014,50,200,true,55,55,50
1767618724015,50,200,true,55,55,50
1767618724015,51,200,true,55,55,51
1767618724016,51,200,true,55,55,51
1767618724018,50,200,true,55,55,50
1767618723968,101,200,true,55,55,101
1767618724020,50,200,true,55,55,50
1767618724021,50,200,true,55,55,50
1767618724021,51,200,true,55,55,51
1767618724022,51,200,true,55,55,51
1767618724023,51,200,true,55,55,51
1767618724024,51,200,true,55,55,51
1767618724025,51,200,true,55,55,51
1767618724026,51,200,true,55,55,51
1767618724027,50,200,true,55,55,50
1767618724028,50,200,true,55,55,50
1767618724029,50,200,true,55,55,50
1767618724030,50,200,true,55,55,50
1767618724031,50,200,true,55,55,50
1767618724032,50,200,true,55,55,50
1767618724033,50,200,true,55,55,50
1767618724033,51,200,true,55,55,51
1767618724035,50,200,true,55,55,50
1767618724036,50,200,true,55,55,50
1767618724036,51,200,true,55,55,51
1767618724037,51,200,true,55,55,51
1767618724038,51,200,true,55,55,51
1767618724039,51,200,true,55,55,51
1767618724040,50,200,true,55,55,50
1767618724041,50,200,true,55,55,50
1767618724042,50,200,true,55,55,50
1767618724043,50,200,true,55,55,50
1767618724044,50,200,true,55,55,50
1767618724045,50,200,true,55,55,50
1767618724046,50,200,true,55,55,50
1767618724046,51,200,true,55,55,51
1767618724048,50,200,true,55,55,50
1767618724048,51,200,true,55,55,51
1767618724049,51,200,true,55,55,51
1767618724050,51,200,true,55,55,51
1767618724052,50,200,true,55,55,50
1767618724052,51,200,true,55,55,51
1767618724053,51,200,true,55,55,51
1767618724054,51,200,true,55,55,51
1767618724055,51,200,true,55,55,51
1767618724056,50,200,true,55,55,50
1767618724057,50,200,true,55,55,50
1767618724058,50,200,true,55,55,50
1767618724059,50,200,true,55,55,50
1767618724060,50,200,true,55,55,50
1767618724061,50,200,true,55,55,50
1767618724062,50,200,true,55,55,50
1767618724063,50,200,true,55,55,50
1767618724064,50,200,true,55,55,50
1767618724064,51,200,true,55,55,51
1767618724065,51,200,true,55,55,51
1767618724066,51,200,true,55,55,51
1767618724067,51,200,true,55,55,51
1767618724068,51,200,true,55,55,51
1767618724019,101,200,true,55,55,101
1767618724070,51,200,true,55,55,51
1767618724071,51,200,true,55,55,51
1767618724072,50,200,true,55,55,50
1767618724073,50,200,true,55,55,50
1767618724074,50,200,true,55,55,50
1767618724075,50,200,true,55,55,50
1767618724076,50,200,true,55,55,50
1767618724077,50,200,true,55,55,50
1767618724077,51,200,true,55,55,51
1767618724078,51,200,true,55,55,51
1767618724079,51,200,true,55,55,51
1767618724080,51,200,true,55,55,51
1767618724081,51,200,true,55,55,51
1767618724082,50,200,true,55,55,50
1767618724083,50,200,true,55,55,50
1767618724084,50,200,true,55,55,50
1767618724085,51,200,true,55,55,51
1767618724086,50,200,true,55,55,50
1767618724087,50,200,true,55,55,50
1767618724088,50,200,true,55,55,50
1767618724089,50,200,true,55,55,50
1767618724090,50,200,true,55,55,50
1767618724090,51,200,true,55,55,51
1767618724091,51,200,true,55,55,51
1767618724092,51,200,true,55,55,51
1767618724093,51,200,true,55,55,51
1767618724094,51,200,true,55,55,51
1767618724095,50,200,true,55,55,50
1767618724096,50,200,true,55,55,50
1767618724097,50,200,true,55,55,50
1767618724098,50,200,true,55,55,50
1767618724099,50,200,true,55,55,50
1767618724100,50,200,true,55,55,50
1767618724101,50,200,true,55,55,50
1767618724102,50,200,true,55,55,50
1767618724103,50,200,true,55,55,50
1767618724104,50,200,true,55,55,50
1767618724105,50,200,true,55,55,50
1767618724106,50,200,true,55,55,50
1767618724106,51,200,true,55,55,51
1767618724107,51,200,true,55,55,51
1767618724108,51,200,true,55,55,51
1767618724109,51,200,true,55,55,51
1767618724110,51,200,true,55,55,51
1767618724111,51,200,true,55,55,51
1767618724112,51,200,true,55,55,51
1767618724113,50,200,true,55,55,50
1767618724114,50,200,true,55,55,50
1767618724115,50,200,true,55,55,50
1767618724116,50,200,true,55,55,50
1767618724117,50,200,true,55,55,50
1767618724118,50,200,true,55,55,50
1767618724119,50,200,true,55,55,50
1767618724069,101,200,true,55,55,101
1767618724121,50,200,true,55,55,50
1767618724122,50,200,true,55,55,50
1767618724123,50,200,true,55,55,50
1767618724123,51,200,true,55,55,51
1767618724124,51,200,true,55,55,51
1767618724125,51,200,true,55,55,51
1767618724126,51,200,true,55,55,51
1767618724127,51,200,true,55,55,51
1767618724128,50,200,true,55,55,50
1767618724129,50,200,true,55,55,50
1767618724130,50,200,true,55,55,50
1767618724131,50,200,true,55,55,50
1767618724132,50,200,true,55,55,50
1767618724133,50,200,true,55,55,50
1767618724133,51,200,true,55,55,51
1767618724134,51,200,true,55,55,51
1767618724136,50,200,true,55,55,50
1767618724136,51,200,true,55,55,51
1767618724137,51,200,true,55,55,51
1767618724138,51,200,true,55,55,51
1767618724139,51,200,true,55,55,51
1767618724140,51,200,true,55,55,51
1767618724141,51,200,true,55,55,50
1767618724142,50,200,true,55,55,50
1767618724143,50,200,true,55,55,50
1767618724144,50,200,true,55,55,50
1767618724145,50,200,true,55,55,50
1767618724146,50,200,true,55,55,50
1767618724146,51,200,true,55,55,51
1767618724147,51,200,true,55,55,51
1767618724148,51,200,true,55,55,51
1767618724149,51,200,true,55,55,51
1767618724150,51,200,true,55,55,51
1767618724151,51,200,true,55,55,51
1767618724152,51,200,true,55,55,51
1767618724153,51,200,true,55,55,51
1767618724154,51,200,true,55,55,51
1767618724155,51,200,true,55,55,51
1767618724156,50,200,true,55,55,50
1767618724157,50,200,true,55,55,50
1767618724158,50,200,true,55,55,50
1767618724159,50,200,true,55,55,50
1767618724160,50,200,true,55,55,50
1767618724161,50,200,true,55,55,50
1767618724162,50,200,true,55,55,50
1767618724163,50,200,true,55,55,50
1767618724164,50,200,true,55,55,50
1767618724164,51,200,true,55,55,51
1767618724165,51,200,true,55,55,51
1767618724166,51,200,true,55,55,51
1767618724167,51,200,true,55,55,51
1767618724168,51,200,true,55,55,51
1767618724169,51,200,true,55,55,51
1767618724120,101,200,true,55,55,101
1767618724171,51,200,true,55,55,51
1767618724172,51,200,true,55,55,51
1767618724173,51,200,true,55,55,51
1767618724174,50,200,true,55,55,50
1767618724175,50,200,true,55,55,50
1767618724176,50,200,true,55,55,50
1767618724177,50,200,true,55,55,50
1767618724178,50,200,true,55,55,50
1767618724179,50,200,true,55,55,50
1767618724179,51,200,true,55,55,51
1767618724180,51,200,true,55,55,51
1767618724181,51,200,true,55,55,51
1767618724182,51,200,true,55,55,51
1767618724183,50,200,true,55,55,50
1767618724184,50,200,true,55,55,50
1767618724185,50,200,true,55,55,50
1767618724186,50,200,true,55,55,50
1767618724187,50,200,true,55,55,50
1767618724188,50,200,true,55,55,50
1767618724189,50,200,true,55,55,50
1767618724190,50,200,true,55,55,50
1767618724191,50,200,true,55,55,50
1767618724192,50,200,true,55,55,50
1767618724192,51,200,true,55,55,51
1767618724193,51,200,true,55,55,51
1767618724194,51,200,true,55,55,51
1767618724195,51,200,true,55,55,51
1767618724196,50,200,true,55,55,50
1767618724197,50,200,true,55,55,50
1767618724198,50,200,true,55,55,50
1767618724199,50,200,true,55,55,50
1767618724200,50,200,true,55,55,50
1767618724201,50,200,true,55,55,50
1767618724202,50,200,true,55,55,50
1767618724203,50,200,true,55,55,50
1767618724204,50,200,true,55,55,50
1767618724205,50,200,true,55,55,50
1767618724206,50,200,true,55,55,50
1767618724207,50,200,true,55,55,50
1767618724208,50,200,true,55,55,50
1767618724208,51,200,true,55,55,51
1767618724209,51,200,true,55,55,51
1767618724210,51,200,true,55,55,51
1767618724211,50,200,true,55,55,50
1767618724212,50,200,true,55,55,50
1767618724213,50,200,true,55,55,50
1767618724214,50,200,true,55,55,50
1767618724215,50,200,true,55,55,50
1767618724216,50,200,true,55,55,50
1767618724217,50,200,true,55,55,50
1767618724218,50,200,true,55,55,50
1767618724219,50,200,true,55,55,50
1767618724220,50,200,true,55,55,50
1767618724170,101,200,true,55,55,101
1767618724222,50,200,true,55,55,50
1767618724223,50,200,true,55,55,50
1767618724224,50,200,true,55,55,50
1767618724225,50,200,true,55,55,50
1767618724225,51,200,true,55,55,51
1767618724226,51,200,true,55,55,51
1767618724227,51,200,true,55,55,51
1767618724228,50,200,true,55,55,50
1767618724229,50,200,true,55,55,50
1767618724230,50,200,true,55,55,50
1767618724231,50,200,true,55,55,50
1767618724232,50,200,true,55,55,50
1767618724233,50,200,true,55,55,50
1767618724234,50,200,true,55,55,50
1767618724234,51,200,true,55,55,51
1767618724235,51,200,true,55,55,51
1767618724237,50,200,true,55,55,50
1767618724237,51,200,true,55,55,51
1767618724239,50,200,true,55,55,50
1767618724239,51,200,true,55,55,51
1767618724240,51,200,true,55,55,51
1767618724241,51,200,true,55,55,51
1767618724242,50,200,true,55,55,50
1767618724243,50,200,true,55,55,50
1767618724244,50,200,true,55,55,50
1767618724245,50,200,true,55,55,50
1767618724246,50,200,true,55,55,50
1767618724246,51,200,true,55,55,51
1767618724247,51,200,true,55,55,51
1767618724248,51,200,true,55,55,51
1767618724249,51,200,true,55,55,51
1767618724250,51,200,true,55,55,51
1767618724251,51,200,true,55,55,51
1767618724252,50,200,true,55,55,50
1767618724253,51,200,true,55,55,51
1767618724254,51,200,true,55,55,51
1767618724255,51,200,true,55,55,51
1767618724256,50,200,true,55,55,50
1767618724257,50,200,true,55,55,50
1767618724258,50,200,true,55,55,50
1767618724259,50,200,true,55,55,50
1767618724260,50,200,true,55,55,50
1767618724261,50,200,true,55,55,50
1767618724262,50,200,true,55,55,50
1767618724262,51,200,true,55,55,51
1767618724263,51,200,true,55,55,51
1767618724264,51,200,true,55,55,51
1767618724265,51,200,true,55,55,51
1767618724266,51,200,true,55,55,51
1767618724267,51,200,true,55,55,51
1767618724268,50,200,true,55,55,50
1767618724269,50,200,true,55,55,50
1767618724270,51,200,true,55,55,51
1767618724221,101,200,true,55,55,101
1767618724272,50,200,true,55,55,50
1767618724273,50,200,true,55,55,50
1767618724274,50,200,true,55,55,50
1767618724275,50,200,true,55,55,50
1767618724276,50,200,true,55,55,50
1767618724277,50,200,true,55,55,50
1767618724278,50,200,true,55,55,50
1767618724278,51,200,true,55,55,51
1767618724279,51,200,true,55,55,51
1767618724280,51,200,true,55,55,51
1767618724281,51,200,true,55,55,51
1767618724282,50,200,true,55,55,50
1767618724283,50,200,true,55,55,50
1767618724284,50,200,true,55,55,50
1767618724285,50,200,true,55,55,50
1767618724286,50,200,true,55,55,50
1767618724287,50,200,true,55,55,50
1767618724288,50,200,true,55,55,50
1767618724289,50,200,true,55,55,50
1767618724290,50,200,true,55,55,50
1767618724291,50,200,true,55,55,50
1767618724292,50,200,true,55,55,50
1767618724293,50,200,true,55,55,50
1767618724293,51,200,true,55,55,51
1767618724294,51,200,true,55,55,51
1767618724295,51,200,true,55,55,51
1767618724296,50,200,true,55,55,50
1767618724297,50,200,true,55,55,50
1767618724298,50,200,true,55,55,50
1767618724299,50,200,true,55,55,50
1767618724300,50,200,true,55,55,50
1767618724301,50,200,true,55,55,50
1767618724302,50,200,true,55,55,50
1767618724302,51,200,true,55,55,51
1767618724304,50,200,true,55,55,50
1767618724305,50,200,true,55,55,50
1767618724306,50,200,true,55,55,50
1767618724306,51,200,true,55,55,51
1767618724307,51,200,true,55,55,51
1767618724308,51,200,true,55,55,51
1767618724309,51,200,true,55,55,51
1767618724310,51,200,true,55,55,51
1767618724311,51,200,true,55,55,51
1767618724312,50,200,true,55,55,50
1767618724313,50,200,true,55,55,50
1767618724314,50,200,true,55,55,50
1767618724315,50,200,true,55,55,50
1767618724316,50,200,true,55,55,50
1767618724317,50,200,true,55,55,50
1767618724318,50,200,true,55,55,50
1767618724319,50,200,true,55,55,50
1767618724320,50,200,true,55,55,50
1767618724321,50,200,true,55,55,50
1767618724271,101,200,true,55,55,101
1767618724322,51,200,true,55,55,51
1767618724323,51,200,true,55,55,51
1767618724324,51,200,true,55,55,51
1767618724325,51,200,true,55,55,51
1767618724326,51,200,true,55,55,51
1767618724327,50,200,true,55,55,50
1767618724328,50,200,true,55,55,50
1767618724329,50,200,true,55,55,50
1767618724330,50,200,true,55,55,50
1767618724331,50,200,true,55,55,50
1767618724332,50,200,true,55,55,50
1767618724333,50,200,true,55,55,50
1767618724333,51,200,true,55,55,51
1767618724334,51,200,true,55,55,51
1767618724335,51,200,true,55,55,51
1767618724336,51,200,true,55,55,51
1767618724337,51,200,true,55,55,51
1767618724338,51,200,true,55,55,51
1767618724339,51,200,true,55,55,51
1767618724340,50,200,true,55,55,50
1767618724341,50,200,true,55,55,50
1767618724342,50,200,true,55,55,50
1767618724343,50,200,true,55,55,50
1767618724344,50,200,true,55,55,50
1767618724345,50,200,true,55,55,50
1767618724346,50,200,true,55,55,50
1767618724347,50,200,true,55,55,50
1767618724347,51,200,true,55,55,51
1767618724348,51,200,true,55,55,51
1767618724349,51,200,true,55,55,51
1767618724350,51,200,true,55,55,50
1767618724351,50,200,true,55,55,50
1767618724352,50,200,true,55,55,50
1767618724353,50,200,true,55,55,50
1767618724354,50,200,true,55,55,50
1767618724355,50,200,true,55,55,50
1767618724356,50,200,true,55,55,50
1767618724357,50,200,true,55,55,50
1767618724358,50,200,true,55,55,50
1767618724359,50,200,true,55,55,50
1767618724360,50,200,true,55,55,50
1767618724361,50,200,true,55,55,50
1767618724362,50,200,true,55,55,50
1767618724363,50,200,true,55,55,50
1767618724363,51,200,true,55,55,51
1767618724364,51,200,true,55,55,51
1767618724365,51,200,true,55,55,51
1767618724366,51,200,true,55,55,51
1767618724367,51,200,true,55,55,51
1767618724368,51,200,true,55,55,51
1767618724369,51,200,true,55,55,51
1767618724370,50,200,true,55,55,50
1767618724371,51,200,true,55,55,51
1767618724322,101,200,true,55,55,101
1767618724373,51,200,true,55,55,51
1767618724374,50,200,true,55,55,50
1767618724375,50,200,true,55,55,50
1767618724376,50,200,true,55,55,50
1767618724377,50,200,true,55,55,50
1767618724378,50,200,true,55,55,50
1767618724378,51,200,true,55,55,51
1767618724379,51,200,true,55,55,51
1767618724380,51,200,true,55,55,51
1767618724381,51,200,true,55,55,51
1767618724382,51,200,true,55,55,51
1767618724383,50,200,true,55,55,50
1767618724384,50,200,true,55,55,50
1767618724385,50,200,true,55,55,50
1767618724386,50,200,true,55,55,50
1767618724387,50,200,true,55,55,50
1767618724388,50,200,true,55,55,50
1767618724389,50,200,true,55,55,50
1767618724390,50,200,true,55,55,50
1767618724391,50,200,true,55,55,50
1767618724392,50,200,true,55,55,50
1767618724392,51,200,true,55,55,51
1767618724393,51,200,true,55,55,51
1767618724394,51,200,true,55,55,51
1767618724395,51,200,true,55,55,51
1767618724396,51,200,true,55,55,51
1767618724397,50,200,true,55,55,50
1767618724398,50,200,true,55,55,50
1767618724399,50,200,true,55,55,50
1767618724400,50,200,true,55,55,50
1767618724401,50,200,true,55,55,50
1767618724402,50,200,true,55,55,50
1767618724402,51,200,true,55,55,51
1767618724403,51,200,true,55,55,51
1767618724405,50,200,true,55,55,50
1767618724405,51,200,true,55,55,51
1767618724406,51,200,true,55,55,51
1767618724407,51,200,true,55,55,51
1767618724408,51,200,true,55,55,51
1767618724409,51,200,true,55,55,51
1767618724410,51,200,true,55,55,51
1767618724411,51,200,true,55,55,51
1767618724412,51,200,true,55,55,51
1767618724413,50,200,true,55,55,50
1767618724414,50,200,true,55,55,50
1767618724415,50,200,true,55,55,50
1767618724416,50,200,true,55,55,50
1767618724417,50,200,true,55,55,50
1767618724418,50,200,true,55,55,50
1767618724419,50,200,true,55,55,50
1767618724420,50,200,true,55,55,50
1767618724421,50,200,true,55,55,50
1767618724422,50,200,true,55,55,50
1767618724372,101,200,true,55,55,101
1767618724424,50,200,true,55,55,50
1767618724425,50,200,true,55,55,50
1767618724425,51,200,true,55,55,51
1767618724426,51,200,true,55,55,51
1767618724427,51,200,true,55,55,51
1767618724428,50,200,true,55,55,50
1767618724429,50,200,true,55,55,50
1767618724430,50,200,true,55,55,50
1767618724431,50,200,true,55,55,50
1767618724432,50,200,true,55,55,50
1767618724433,50,200,true,55,55,50
1767618724434,50,200,true,55,55,50
1767618724434,51,200,true,55,55,51
1767618724435,51,200,true,55,55,51
1767618724436,51,200,true,55,55,51
1767618724437,51,200,true,55,55,51
1767618724438,51,200,true,55,55,51
1767618724439,51,200,true,55,55,51
1767618724440,51,200,true,55,55,51
1767618724441,51,200,true,55,55,51
1767618724442,50,200,true,55,55,50
1767618724443,50,200,true,55,55,50
1767618724444,50,200,true,55,55,50
1767618724445,50,200,true,55,55,50
1767618724446,50,200,true,55,55,50
1767618724447,50,200,true,55,55,50
1767618724448,50,200,true,55,55,50
1767618724448,51,200,true,55,55,51
1767618724449,51,200,true,55,55,51
1767618724450,51,200,true,55,55,51
1767618724451,51,200,true,55,55,51
1767618724452,51,200,true,55,55,51
1767618724453,50,200,true,55,55,50
1767618724454,50,200,true,55,55,50
1767618724455,51,200,true,55,55,51
1767618724456,50,200,true,55,55,50
1767618724457,50,200,true,55,55,50
1767618724458,50,200,true,55,55,50
1767618724459,51,200,true,55,55,51
1767618724460,50,200,true,55,55,50
1767618724461,50,200,true,55,55,50
1767618724462,50,200,true,55,55,50
1767618724463,50,200,true,55,55,50
1767618724464,50,200,true,55,55,50
1767618724464,51,200,true,55,55,51
1767618724465,51,200,true,55,55,51
1767618724466,51,200,true,55,55,51
1767618724467,51,200,true,55,55,51
1767618724468,50,200,true,55,55,50
1767618724469,51,200,true,55,55,51
1767618724470,50,200,true,55,55,50
1767618724471,50,200,true,55,55,50
1767618724472,51,200,true,55,55,51
1767618724423,100,200,true,55,55,100
1767618724474,50,200,true,55,55,50
1767618724475,50,200,true,55,55,50
1767618724476,50,200,true,55,55,50
1767618724477,50,200,true,55,55,50
1767618724478,50,200,true,55,55,50
1767618724478,51,200,true,55,55,51
1767618724479,51,200,true,55,55,51
1767618724480,51,200,true,55,55,51
1767618724481,51,200,true,55,55,51
1767618724482,51,200,true,55,55,51
1767618724483,50,200,true,55,55,50
1767618724484,50,200,true,55,55,50
1767618724485,50,200,true,55,55,50
1767618724486,50,200,true,55,55,50
1767618724487,50,200,true,55,55,50
1767618724488,50,200,true,55,55,50
1767618724489,50,200,true,55,55,50
1767618724490,50,200,true,55,55,50
1767618724491,50,200,true,55,55,50
1767618724492,50,200,true,55,55,50
1767618724492,51,200,true,55,55,51
1767618724493,51,200,true,55,55,51
1767618724494,51,200,true,55,55,51
1767618724495,51,200,true,55,55,51
1767618724496,51,200,true,55,55,51
1767618724497,50,200,true,55,55,50
1767618724498,50,200,true,55,55,50
1767618724499,50,200,true,55,55,50
1767618724500,50,200,true,55,55,50
1767618724501,50,200,true,55,55,50
1767618724502,50,200,true,55,55,50
1767618724503,50,200,true,55,55,50
1767618724503,51,200,true,55,55,51
1767618724504,51,200,true,55,55,51
1767618724506,50,200,true,55,55,50
1767618724507,50,200,true,55,55,50
1767618724508,50,200,true,55,55,50
1767618724508,51,200,true,55,55,51
1767618724510,50,200,true,55,55,50
1767618724510,51,200,true,55,55,51
1767618724511,51,200,true,55,55,51
1767618724512,51,200,true,55,55,51
1767618724513,50,200,true,55,55,50
1767618724514,50,200,true,55,55,50
1767618724515,50,200,true,55,55,50
1767618724516,50,200,true,55,55,50
1767618724517,50,200,true,55,55,50
1767618724518,50,200,true,55,55,50
1767618724519,50,200,true,55,55,50
1767618724520,50,200,true,55,55,50
1767618724520,51,200,true,55,55,51
1767618724521,51,200,true,55,55,51
1767618724523,50,200,true,55,55,50
1767618724473,101,200,true,55,55,101
1767618724525,50,200,true,55,55,50
1767618724525,51,200,true,55,55,51
1767618724526,51,200,true,55,55,51
1767618724527,51,200,true,55,55,51
1767618724528,50,200,true,55,55,50
1767618724529,50,200,true,55,55,50
1767618724530,50,200,true,55,55,50
1767618724531,50,200,true,55,55,50
1767618724532,50,200,true,55,55,50
1767618724533,50,200,true,55,55,50
1767618724534,50,200,true,55,55,50
1767618724534,51,200,true,55,55,51
1767618724535,51,200,true,55,55,51
1767618724536,51,200,true,55,55,51
1767618724537,51,200,true,55,55,51
1767618724538,50,200,true,55,55,50
1767618724539,51,200,true,55,55,51
1767618724540,51,200,true,55,55,51
1767618724541,51,200,true,55,55,51
1767618724542,50,200,true,55,55,50
1767618724543,50,200,true,55,55,50
1767618724544,50,200,true,55,55,50
1767618724545,50,200,true,55,55,50
1767618724546,50,200,true,55,55,50
1767618724547,50,200,true,55,55,50
1767618724548,50,200,true,55,55,50
1767618724548,51,200,true,55,55,51
1767618724549,51,200,true,55,55,51
1767618724550,51,200,true,55,55,51
1767618724551,51,200,true,55,55,51
1767618724552,50,200,true,55,55,50
1767618724553,50,200,true,55,55,50
1767618724554,50,200,true,55,55,50
1767618724555,50,200,true,55,55,50
1767618724556,50,200,true,55,55,50
1767618724557,50,200,true,55,55,50
1767618724558,51,200,true,55,55,51
1767618724559,50,200,true,55,55,50
1767618724560,50,200,true,55,55,50
1767618724561,50,200,true,55,55,50
1767618724562,50,200,true,55,55,50
1767618724563,50,200,true,55,55,50
1767618724564,50,200,true,55,55,50
1767618724564,51,200,true,55,55,51
1767618724565,51,200,true,55,55,51
1767618724566,51,200,true,55,55,51
1767618724567,51,200,true,55,55,51
1767618724568,50,200,true,55,55,50
1767618724569,50,200,true,55,55,50
1767618724570,50,200,true,55,55,50
1767618724571,50,200,true,55,55,50
1767618724572,50,200,true,55,55,50
1767618724573,50,200,true,55,55,50
1767618724524,100,200,true,55,55,100
1767618724575,50,200,true,55,55,50
1767618724576,50,200,true,55,55,50
1767618724577,50,200,true,55,55,50
1767618724578,50,200,true,55,55,50
1767618724579,50,200,true,55,55,50
1767618724579,51,200,true,55,55,51
1767618724580,51,200,true,55,55,51
1767618724581,51,200,true,55,55,51
1767618724582,51,200,true,55,55,51
1767618724583,50,200,true,55,55,50
1767618724584,50,200,true,55,55,50
1767618724585,50,200,true,55,55,50
1767618724586,50,200,true,55,55,50
1767618724587,50,200,true,55,55,50
1767618724588,50,200,true,55,55,50
1767618724589,50,200,true,55,55,50
1767618724590,50,200,true,55,55,50
1767618724591,50,200,true,55,55,50
1767618724592,50,200,true,55,55,50
1767618724592,51,200,true,55,55,51
1767618724593,51,200,true,55,55,51
1767618724594,51,200,true,55,55,51
1767618724595,51,200,true,55,55,51
1767618724596,50,200,true,55,55,50
1767618724597,50,200,true,55,55,50
1767618724598,50,200,true,55,55,50
1767618724599,50,200,true,55,55,50
1767618724600,50,200,true,55,55,50
1767618724601,50,200,true,55,55,50
1767618724602,50,200,true,55,55,50
1767618724603,50,200,true,55,55,50
1767618724603,51,200,true,55,55,51
1767618724604,51,200,true,55,55,51
1767618724605,51,200,true,55,55,51
1767618724607,50,200,true,55,55,50
1767618724607,51,200,true,55,55,51
1767618724609,50,200,true,55,55,50
1767618724609,51,200,true,55,55,51
1767618724610,51,200,true,55,55,51
1767618724611,51,200,true,55,55,51
1767618724612,50,200,true,55,55,50
1767618724613,51,200,true,55,55,51
1767618724614,50,200,true,55,55,50
1767618724615,50,200,true,55,55,50
1767618724616,50,200,true,55,55,50
1767618724617,50,200,true,55,55,50
1767618724618,50,200,true,55,55,50
1767618724619,50,200,true,55,55,50
1767618724620,50,200,true,55,55,50
1767618724620,51,200,true,55,55,51
1767618724621,51,200,true,55,55,51
1767618724622,51,200,true,55,55,51
1767618724624,50,200,true,55,55,50
1767618724574,101,200,true,55,55,101
1767618724625,51,200,true,55,55,51
1767618724626,51,200,true,55,55,51
1767618724627,50,200,true,55,55,50
1767618724628,50,200,true,55,55,50
1767618724629,50,200,true,55,55,50
1767618724630,50,200,true,55,55,50
1767618724631,50,200,true,55,55,50
1767618724632,50,200,true,55,55,50
1767618724633,50,200,true,55,55,50
1767618724634,50,200,true,55,55,50
1767618724634,51,200,true,55,55,51
1767618724635,51,200,true,55,55,51
1767618724636,51,200,true,55,55,51
1767618724637,50,200,true,55,55,50
1767618724638,50,200,true,55,55,50
1767618724639,50,200,true,55,55,50
1767618724640,50,200,true,55,55,50
1767618724641,50,200,true,55,55,50
1767618724642,50,200,true,55,55,50
1767618724643,50,200,true,55,55,50
1767618724644,50,200,true,55,55,50
1767618724645,50,200,true,55,55,50
1767618724646,50,200,true,55,55,50
1767618724646,51,200,true,55,55,51
1767618724647,51,200,true,55,55,51
1767618724648,51,200,true,55,55,51
1767618724649,51,200,true,55,55,51
1767618724650,51,200,true,55,55,50
1767618724651,50,200,true,55,55,50
1767618724652,50,200,true,55,55,50
1767618724653,50,200,true,55,55,50
1767618724654,50,200,true,55,55,50
1767618724655,50,200,true,55,55,50
1767618724656,50,200,true,55,55,50
1767618724657,50,200,true,55,55,50
1767618724658,50,200,true,55,55,50
1767618724659,50,200,true,55,55,50
1767618724660,50,200,true,55,55,50
1767618724661,50,200,true,55,55,50
1767618724662,50,200,true,55,55,50
1767618724662,51,200,true,55,55,51
1767618724664,50,200,true,55,55,50
1767618724664,51,200,true,55,55,51
1767618724665,51,200,true,55,55,51
1767618724666,51,200,true,55,55,51
1767618724667,50,200,true,55,55,50
1767618724668,50,200,true,55,55,50
1767618724669,50,200,true,55,55,50
1767618724670,50,200,true,55,55,50
1767618724671,50,200,true,55,55,50
1767618724672,50,200,true,55,55,50
1767618724673,50,200,true,55,55,50
1767618724674,50,200,true,55,55,50
1767618724624,101,200,true,55,55,101
1767618724676,50,200,true,55,55,50
1767618724677,50,200,true,55,55,50
1767618724678,50,200,true,55,55,50
1767618724678,51,200,true,55,55,51
1767618724679,51,200,true,55,55,51
1767618724680,51,200,true,55,55,51
1767618724681,51,200,true,55,55,51
1767618724682,50,200,true,55,55,50
1767618724683,50,200,true,55,55,50
1767618724684,50,200,true,55,55,50
1767618724685,50,200,true,55,55,50
1767618724686,50,200,true,55,55,50
1767618724687,50,200,true,55,55,50
1767618724688,50,200,true,55,55,50
1767618724688,51,200,true,55,55,51
1767618724689,51,200,true,55,55,51
1767618724691,50,200,true,55,55,50
1767618724691,51,200,true,55,55,51
1767618724692,51,200,true,55,55,51
1767618724693,51,200,true,55,55,51
1767618724694,51,200,true,55,55,51
1767618724695,50,200,true,55,55,50
1767618724696,50,200,true,55,55,50
1767618724697,50,200,true,55,55,50
1767618724698,50,200,true,55,55,50
1767618724699,50,200,true,55,55,50
1767618724700,50,200,true,55,55,50
1767618724701,50,200,true,55,55,50
1767618724702,50,200,true,55,55,50
1767618724702,51,200,true,55,55,51
1767618724703,51,200,true,55,55,51
1767618724704,51,200,true,55,55,51
1767618724705,50,200,true,55,55,50
1767618724706,50,200,true,55,55,50
1767618724707,51,200,true,55,55,51
1767618724708,50,200,true,55,55,50
1767618724709,50,200,true,55,55,50
1767618724710,50,200,true,55,55,50
1767618724711,50,200,true,55,55,50
1767618724712,50,200,true,55,55,50
1767618724713,50,200,true,55,55,50
1767618724714,50,200,true,55,55,50
1767618724715,50,200,true,55,55,50
1767618724716,50,200,true,55,55,50
1767618724717,50,200,true,55,55,50
1767618724718,50,200,true,55,55,50
1767618724719,50,200,true,55,55,50
1767618724719,51,200,true,55,55,51
1767618724720,50,200,true,55,55,50
1767618724721,50,200,true,55,55,50
1767618724722,50,200,true,55,55,50
1767618724723,50,200,true,55,55,50
1767618724724,51,200,true,55,55,50
1767618724675,100,200,true,55,55,100
1767618724726,50,200,true,55,55,50
1767618724727,50,200,true,55,55,50
1767618724728,50,200,true,55,55,50
1767618724729,50,200,true,55,55,50
1767618724730,50,200,true,55,55,50
1767618724731,50,200,true,55,55,50
1767618724732,50,200,true,55,55,50
1767618724732,51,200,true,55,55,51
1767618724733,51,200,true,55,55,51
1767618724734,51,200,true,55,55,51
1767618724735,50,200,true,55,55,50
1767618724736,50,200,true,55,55,50
1767618724737,50,200,true,55,55,50
1767618724738,50,200,true,55,55,50
1767618724739,50,200,true,55,55,50
1767618724740,50,200,true,55,55,50
1767618724741,50,200,true,55,55,50
1767618724742,50,200,true,55,55,50
1767618724743,50,200,true,55,55,50
1767618724744,50,200,true,55,55,50
1767618724745,50,200,true,55,55,50
1767618724746,50,200,true,55,55,50
1767618724746,51,200,true,55,55,51
1767618724747,51,200,true,55,55,51
1767618724748,50,200,true,55,55,50
1767618724749,50,200,true,55,55,50
1767618724750,50,200,true,55,55,50
1767618724751,50,200,true,55,55,50
1767618724752,50,200,true,55,55,50
1767618724753,50,200,true,55,55,50
1767618724754,50,200,true,55,55,50
1767618724755,50,200,true,55,55,50
1767618724756,50,200,true,55,55,50
1767618724756,51,200,true,55,55,51
1767618724758,50,200,true,55,55,50
1767618724759,50,200,true,55,55,50
1767618724760,50,200,true,55,55,50
1767618724760,51,200,true,55,55,51
1767618724761,51,200,true,55,55,51
1767618724762,51,200,true,55,55,51
1767618724763,50,200,true,55,55,50
1767618724764,50,200,true,55,55,50
1767618724765,50,200,true,55,55,50
1767618724766,51,200,true,55,55,51
1767618724767,50,200,true,55,55,50
1767618724768,50,200,true,55,55,50
1767618724769,50,200,true,55,55,50
1767618724770,50,200,true,55,55,50
1767618724771,50,200,true,55,55,50
1767618724771,51,200,true,55,55,51
1767618724772,51,200,true,55,55,51
1767618724773,51,200,true,55,55,51
1767618724775,51,200,true,55,55,51
1767618724725,103,200,true,55,55,103
1767618724776,54,200,true,55,55,54
1767618724777,54,200,true,55,55,54
1767618724778,55,200,true,55,55,55
1767618724779,55,200,true,55,55,55
1767618724780,55,200,true,55,55,55
1767618724781,55,200,true,55,55,55
1767618724782,56,200,true,55,55,56
1767618724783,56,200,true,55,55,56
1767618724784,56,200,true,55,55,56
1767618724785,56,200,true,55,55,56
1767618724785,57,200,true,55,55,57
1767618724786,57,200,true,55,55,57
1767618724787,58,200,true,55,55,58
1767618724788,58,200,true,55,55,58
1767618724789,58,200,true,55,55,58
1767618724790,58,200,true,55,55,58
1767618724791,58,200,true,55,55,58
1767618724792,58,200,true,55,55,58
1767618724793,58,200,true,55,55,58
1767618724794,58,200,true,55,55,58
1767618724795,58,200,true,55,55,58
1767618724796,58,200,true,55,55,58
1767618724797,58,200,true,55,55,58
1767618724798,58,200,true,55,55,58
1767618724798,58,200,true,55,55,58
1767618724799,58,200,true,55,55,58
1767618724800,58,200,true,55,55,58
1767618724801,58,200,true,55,55,58
1767618724802,58,200,true,55,55,58
1767618724803,58,200,true,55,55,58
1767618724804,58,200,true,55,55,58
1767618724805,58,200,true,55,55,58
1767618724806,58,200,true,55,55,58
1767618724807,58,200,true,55,55,58
1767618724808,58,200,true,55,55,58
1767618724809,58,200,true,55,55,58
1767618724810,58,200,true,55,55,58
1767618724811,58,200,true,55,55,58
1767618724812,58,200,true,55,55,58
1767618724813,58,200,true,55,55,58
1767618724814,58,200,true,55,55,58
1767618724814,58,200,true,55,55,58
1767618724815,58,200,true,55,55,58
1767618724817,57,200,true,55,55,57
1767618724817,58,200,true,55,55,58
1767618724818,58,200,true,55,55,58
1767618724819,58,200,true,55,55,58
1767618724820,58,200,true,55,55,58
1767618724821,58,200,true,55,55,58
1767618724822,58,200,true,55,55,58
1767618724823,58,200,true,55,55,58
1767618724825,57,200,true,55,55,57
1767618724826,57,200,true,55,55,57
1767618724776,108,200,true,55,55,108
1767618724830,55,200,true,55,55,55
1767618724831,55,200,true,55,55,55
1767618724833,53,200,true,55,55,53
1767618724834,53,200,true,55,55,53
1767618724835,53,200,true,55,55,53
1767618724836,53,200,true,55,55,53
1767618724838,52,200,true,55,55,52
1767618724839,52,200,true,55,55,52
1767618724840,52,200,true,55,55,52
1767618724841,52,200,true,55,55,52
1767618724842,52,200,true,55,55,52
1767618724844,51,200,true,55,55,51
1767618724845,51,200,true,55,55,51
1767618724846,50,200,true,55,55,50
1767618724847,50,200,true,55,55,50
1767618724848,50,200,true,55,55,50
1767618724849,51,200,true,55,55,51
1767618724850,50,200,true,55,55,50
1767618724851,50,200,true,55,55,50
1767618724852,50,200,true,55,55,50
1767618724853,50,200,true,55,55,50
1767618724854,50,200,true,55,55,50
1767618724855,50,200,true,55,55,50
1767618724856,50,200,true,55,55,50
1767618724857,50,200,true,55,55,50
1767618724857,51,200,true,55,55,51
1767618724858,51,200,true,55,55,51
1767618724859,50,200,true,55,55,50
1767618724860,50,200,true,55,55,50
1767618724861,50,200,true,55,55,50
1767618724862,50,200,true,55,55,50
1767618724863,50,200,true,55,55,50
1767618724864,50,200,true,55,55,50
1767618724865,50,200,true,55,55,50
1767618724866,50,200,true,55,55,50
1767618724867,50,200,true,55,55,50
1767618724868,50,200,true,55,55,50
1767618724869,50,200,true,55,55,50
1767618724870,50,200,true,55,55,50
1767618724871,50,200,true,55,55,50
1767618724872,50,200,true,55,55,50
1767618724873,50,200,true,55,55,50
1767618724873,51,200,true,55,55,51
1767618724874,50,200,true,55,55,50
1767618724875,50,200,true,55,55,50
1767618724876,51,200,true,55,55,51
1767618724877,50,200,true,55,55,50
1767618724878,50,200,true,55,55,50
1767618724879,50,200,true,55,55,50
1767618724880,50,200,true,55,55,50
1767618724881,50,200,true,55,55,50
1767618724882,50,200,true,55,55,50
1767618724883,50,200,true,55,55,50
1767618724828,106,200,true,55,55,106
1767618724885,50,200,true,55,55,50
1767618724886,50,200,true,55,55,50
1767618724887,50,200,true,55,55,50
1767618724887,51,200,true,55,55,51
1767618724888,51,200,true,55,55,51
1767618724889,51,200,true,55,55,51
1767618724890,50,200,true,55,55,50
1767618724891,50,200,true,55,55,50
1767618724892,50,200,true,55,55,50
1767618724893,50,200,true,55,55,50
1767618724894,50,200,true,55,55,50
1767618724895,50,200,true,55,55,50
1767618724896,50,200,true,55,55,50
1767618724897,50,200,true,55,55,50
1767618724897,51,200,true,55,55,51
1767618724898,51,200,true,55,55,51
1767618724900,50,200,true,55,55,50
1767618724900,51,200,true,55,55,51
1767618724901,51,200,true,55,55,51
1767618724902,51,200,true,55,55,51
1767618724903,50,200,true,55,55,50
1767618724904,50,200,true,55,55,50
1767618724905,50,200,true,55,55,50
1767618724906,50,200,true,55,55,50
1767618724907,50,200,true,55,55,50
1767618724908,50,200,true,55,55,50
1767618724909,50,200,true,55,55,50
1767618724910,50,200,true,55,55,50
1767618724910,51,200,true,55,55,51
1767618724911,51,200,true,55,55,51
1767618724912,51,200,true,55,55,51
1767618724913,51,200,true,55,55,51
1767618724914,51,200,true,55,55,51
1767618724915,50,200,true,55,55,50
1767618724916,51,200,true,55,55,51
1767618724917,51,200,true,55,55,51
1767618724918,51,200,true,55,55,51
1767618724919,50,200,true,55,55,50
1767618724920,50,200,true,55,55,50
1767618724921,50,200,true,55,55,50
1767618724922,50,200,true,55,55,50
1767618724923,50,200,true,55,55,50
1767618724924,50,200,true,55,55,50
1767618724925,50,200,true,55,55,50
1767618724925,51,200,true,55,55,51
1767618724927,50,200,true,55,55,50
1767618724927,51,200,true,55,55,51
1767618724928,51,200,true,55,55,51
1767618724929,51,200,true,55,55,51
1767618724930,50,200,true,55,55,50
1767618724931,50,200,true,55,55,50
1767618724932,50,200,true,55,55,50
1767618724933,51,200,true,55,55,51
1767618724884,101,200,true,55,55,101
1767618724935,50,200,true,55,55,50
1767618724936,50,200,true,55,55,50
1767618724937,50,200,true,55,55,50
1767618724938,50,200,true,55,55,50
1767618724939,50,200,true,55,55,50
1767618724940,50,200,true,55,55,50
1767618724941,50,200,true,55,55,50
1767618724941,51,200,true,55,55,51
1767618724942,51,200,true,55,55,51
1767618724943,51,200,true,55,55,51
1767618724944,51,200,true,55,55,51
1767618724945,51,200,true,55,55,51
1767618724946,50,200,true,55,55,50
1767618724947,50,200,true,55,55,50
1767618724948,50,200,true,55,55,50
1767618724949,50,200,true,55,55,50
1767618724950,52,200,true,55,55,52
1767618724951,53,200,true,55,55,53
1767618724952,54,200,true,55,55,54
1767618724953,55,200,true,55,55,55
1767618724954,55,200,true,55,55,55
1767618724954,56,200,true,55,55,56
1767618724955,56,200,true,55,55,56
1767618724956,56,200,true,55,55,56
1767618724957,56,200,true,55,55,56
1767618724958,56,200,true,55,55,56
1767618724959,56,200,true,55,55,56
1767618724960,56,200,true,55,55,56
1767618724961,56,200,true,55,55,56
1767618724962,56,200,true,55,55,56
1767618724963,56,200,true,55,55,56
1767618724964,56,200,true,55,55,56
1767618724965,56,200,true,55,55,56
1767618724965,57,200,true,55,55,57
1767618724967,56,200,true,55,55,56
1767618724968,56,200,true,55,55,56
1767618724969,56,200,true,55,55,56
1767618724969,57,200,true,55,55,57
1767618724970,57,200,true,55,55,57
1767618724971,57,200,true,55,55,57
1767618724972,57,200,true,55,55,57
1767618724973,57,200,true,55,55,57
1767618724974,57,200,true,55,55,57
1767618724975,57,200,true,55,55,57
1767618724976,57,200,true,55,55,57
1767618724977,57,200,true,55,55,57
1767618724978,57,200,true,55,55,57
1767618724979,57,200,true,55,55,57
1767618724980,57,200,true,55,55,57
1767618724981,57,200,true,55,55,57
1767618724981,58,200,true,55,55,58
1767618724982,58,200,true,55,55,58
1767618724984,57,200,true,55,55,57
1767618724934,108,200,true,55,55,108
1767618724985,58,200,true,55,55,58
1767618724986,58,200,true,55,55,58
1767618724987,58,200,true,55,55,58
1767618724988,58,200,true,55,55,58
1767618724989,58,200,true,55,55,58
1767618724990,58,200,true,55,55,58
1767618724991,58,200,true,55,55,58
1767618724992,58,200,true,55,55,58
1767618724993,58,200,true,55,55,58
1767618724994,58,200,true,55,55,58
1767618724995,58,200,true,55,55,58
1767618724996,58,200,true,55,55,58
1767618724996,59,200,true,55,55,59
1767618724997,59,200,true,55,55,59
1767618724998,59,200,true,55,55,59
1767618724999,59,200,true,55,55,59
1767618725002,58,200,true,55,55,58
1767618725004,57,200,true,55,55,57
1767618725006,56,200,true,55,55,56
1767618725008,55,200,true,55,55,55
1767618725009,55,200,true,55,55,55
1767618725010,55,200,true,55,55,55
1767618725011,55,200,true,55,55,55
1767618725012,55,200,true,55,55,55
1767618725013,55,200,true,55,55,55
1767618725014,55,200,true,55,55,55
1767618725015,55,200,true,55,55,55
1767618725016,55,200,true,55,55,55
1767618725017,55,200,true,55,55,55
1767618725018,55,200,true,55,55,55
1767618725019,54,200,true,55,55,54
1767618725020,54,200,true,55,55,54
1767618725021,54,200,true,55,55,54
1767618725022,54,200,true,55,55,54
1767618725023,54,200,true,55,55,54
1767618725024,54,200,true,55,55,54
1767618725025,54,200,true,55,55,54
1767618725026,54,200,true,55,55,54
1767618725027,54,200,true,55,55,54
1767618725028,54,200,true,55,55,54
1767618725029,54,200,true,55,55,54
1767618725030,54,200,true,55,55,54
1767618725031,54,200,true,55,55,54
1767618725032,54,200,true,55,55,54
1767618725033,54,200,true,55,55,54
1767618725034,54,200,true,55,55,54
1767618725035,53,200,true,55,55,53
1767618725036,53,200,true,55,55,53
1767618725037,53,200,true,55,55,53
1767618725038,53,200,true,55,55,53
1767618725039,53,200,true,55,55,53
1767618725040,53,200,true,55,55,53
1767618725041,54,200,true,55,55,54
1767618724985,110,200,true,55,55,110
1767618725043,53,200,true,55,55,53
1767618725044,53,200,true,55,55,53
1767618725045,53,200,true,55,55,53
1767618725046,53,200,true,55,55,53
1767618725047,53,200,true,55,55,53
1767618725048,53,200,true,55,55,53
1767618725049,53,200,true,55,55,53
1767618725050,53,200,true,55,55,53
1767618725051,53,200,true,55,55,53
1767618725052,53,200,true,55,55,53
1767618725053,52,200,true,55,55,52
1767618725054,52,200,true,55,55,52
1767618725055,52,200,true,55,55,52
1767618725056,52,200,true,55,55,52
1767618725057,52,200,true,55,55,52
1767618725058,52,200,true,55,55,52
1767618725060,51,200,true,55,55,51
1767618725061,51,200,true,55,55,51
1767618725062,51,200,true,55,55,51
1767618725063,51,200,true,55,55,51
1767618725064,51,200,true,55,55,51
1767618725065,51,200,true,55,55,51
1767618725066,51,200,true,55,55,51
1767618725067,51,200,true,55,55,51
1767618725068,50,200,true,55,55,50
1767618725069,50,200,true,55,55,50
1767618725070,50,200,true,55,55,50
1767618725071,50,200,true,55,55,50
1767618725072,50,200,true,55,55,50
1767618725073,50,200,true,55,55,50
1767618725073,51,200,true,55,55,51
1767618725074,51,200,true,55,55,51
1767618725075,51,200,true,55,55,51
1767618725076,51,200,true,55,55,51
1767618725077,51,200,true,55,55,51
1767618725078,51,200,true,55,55,51
1767618725079,51,200,true,55,55,51
1767618725080,51,200,true,55,55,51
1767618725081,51,200,true,55,55,51
1767618725082,51,200,true,55,55,51
1767618725083,51,200,true,55,55,51
1767618725084,50,200,true,55,55,50
1767618725085,50,200,true,55,55,50
1767618725086,50,200,true,55,55,50
1767618725087,50,200,true,55,55,50
1767618725088,50,200,true,55,55,50
1767618725089,50,200,true,55,55,50
1767618725090,50,200,true,55,55,50
1767618725090,51,200,true,55,55,51
1767618725091,51,200,true,55,55,51
1767618725092,51,200,true,55,55,51
1767618725093,51,200,true,55,55,51
1767618725095,50,200,true,55,55,50
1767618725042,104,200,true,55,55,104
1767618725096,51,200,true,55,55,51
1767618725097,51,200,true,55,55,51
1767618725098,51,200,true,55,55,51
1767618725099,51,200,true,55,55,51
1767618725100,50,200,true,55,55,50
1767618725101,50,200,true,55,55,50
1767618725102,50,200,true,55,55,50
1767618725103,50,200,true,55,55,50
1767618725104,50,200,true,55,55,50
1767618725105,50,200,true,55,55,50
1767618725105,51,200,true,55,55,51
1767618725106,51,200,true,55,55,51
1767618725107,51,200,true,55,55,51
1767618725108,51,200,true,55,55,51
1767618725109,51,200,true,55,55,51
1767618725110,51,200,true,55,55,51
1767618725111,51,200,true,55,55,51
1767618725112,51,200,true,55,55,51
1767618725113,51,200,true,55,55,51
1767618725114,50,200,true,55,55,50
1767618725115,50,200,true,55,55,50
1767618725116,50,200,true,55,55,50
1767618725117,50,200,true,55,55,50
1767618725118,50,200,true,55,55,50
1767618725118,51,200,true,55,55,51
1767618725119,51,200,true,55,55,51
1767618725120,51,200,true,55,55,51
1767618725121,51,200,true,55,55,51
1767618725122,51,200,true,55,55,51
1767618725123,51,200,true,55,55,51
1767618725124,50,200,true,55,55,50
1767618725125,50,200,true,55,55,50
1767618725126,50,200,true,55,55,50
1767618725127,50,200,true,55,55,50
1767618725128,50,200,true,55,55,50
1767618725129,50,200,true,55,55,50
1767618725130,50,200,true,55,55,50
1767618725131,50,200,true,55,55,50
1767618725132,50,200,true,55,55,50
1767618725133,50,200,true,55,55,50
1767618725134,50,200,true,55,55,50
1767618725135,50,200,true,55,55,50
1767618725135,51,200,true,55,55,51
1767618725136,51,200,true,55,55,51
1767618725137,51,200,true,55,55,51
1767618725138,51,200,true,55,55,51
1767618725139,51,200,true,55,55,51
1767618725140,50,200,true,55,55,50
1767618725141,50,200,true,55,55,50
1767618725142,50,200,true,55,55,50
1767618725143,50,200,true,55,55,50
1767618725144,50,200,true,55,55,50
1767618725145,50,200,true,55,55,50
1767618725096,100,200,true,55,55,100
1767618725147,50,200,true,55,55,50
1767618725148,50,200,true,55,55,50
1767618725149,50,200,true,55,55,50
1767618725150,50,200,true,55,55,50
1767618725151,50,200,true,55,55,50
1767618725151,51,200,true,55,55,51
1767618725152,51,200,true,55,55,51
1767618725153,51,200,true,55,55,51
1767618725154,51,200,true,55,55,51
1767618725155,50,200,true,55,55,50
1767618725156,50,200,true,55,55,50
1767618725157,50,200,true,55,55,50
1767618725158,50,200,true,55,55,50
1767618725159,50,200,true,55,55,50
1767618725160,50,200,true,55,55,50
1767618725161,50,200,true,55,55,50
1767618725162,50,200,true,55,55,50
1767618725163,50,200,true,55,55,50
1767618725164,50,200,true,55,55,50
1767618725164,51,200,true,55,55,51
1767618725165,51,200,true,55,55,51
1767618725166,51,200,true,55,55,51
1767618725167,51,200,true,55,55,51
1767618725168,50,200,true,55,55,50
1767618725169,50,200,true,55,55,50
1767618725170,50,200,true,55,55,50
1767618725171,50,200,true,55,55,50
1767618725172,50,200,true,55,55,50
1767618725173,50,200,true,55,55,50
1767618725174,50,200,true,55,55,50
1767618725175,50,200,true,55,55,50
1767618725176,50,200,true,55,55,50
1767618725176,51,200,true,55,55,51
1767618725177,51,200,true,55,55,51
1767618725179,50,200,true,55,55,50
1767618725179,51,200,true,55,55,51
1767618725180,51,200,true,55,55,51
1767618725181,51,200,true,55,55,51
1767618725182,51,200,true,55,55,51
1767618725183,51,200,true,55,55,51
1767618725184,50,200,true,55,55,50
1767618725185,50,200,true,55,55,50
1767618725186,50,200,true,55,55,50
1767618725187,50,200,true,55,55,50
1767618725188,50,200,true,55,55,50
1767618725189,50,200,true,55,55,50
1767618725190,50,200,true,55,55,50
1767618725190,51,200,true,55,55,51
1767618725191,51,200,true,55,55,51
1767618725192,51,200,true,55,55,51
1767618725194,50,200,true,55,55,50
1767618725194,51,200,true,55,55,51
1767618725196,50,200,true,55,55,50
1767618725146,101,200,true,55,55,101
1767618725197,51,200,true,55,55,51
1767618725198,51,200,true,55,55,51
1767618725199,51,200,true,55,55,51
1767618725200,50,200,true,55,55,50
1767618725201,50,200,true,55,55,50
1767618725202,50,200,true,55,55,50
1767618725203,50,200,true,55,55,50
1767618725204,50,200,true,55,55,50
1767618725205,50,200,true,55,55,50
1767618725206,50,200,true,55,55,50
1767618725206,51,200,true,55,55,51
1767618725207,51,200,true,55,55,51
1767618725208,51,200,true,55,55,51
1767618725209,51,200,true,55,55,51
1767618725210,50,200,true,55,55,50
1767618725211,50,200,true,55,55,50
1767618725212,51,200,true,55,55,51
1767618725213,51,200,true,55,55,51
1767618725214,50,200,true,55,55,50
1767618725215,50,200,true,55,55,50
1767618725216,50,200,true,55,55,50
1767618725217,50,200,true,55,55,50
1767618725218,50,200,true,55,55,50
1767618725219,50,200,true,55,55,50
1767618725219,51,200,true,55,55,51
1767618725220,51,200,true,55,55,51
1767618725221,51,200,true,55,55,51
1767618725222,51,200,true,55,55,51
1767618725223,50,200,true,55,55,50
1767618725224,50,200,true,55,55,50
1767618725225,50,200,true,55,55,50
1767618725226,50,200,true,55,55,50
1767618725227,50,200,true,55,55,50
1767618725228,50,200,true,55,55,50
1767618725229,50,200,true,55,55,50
1767618725230,50,200,true,55,55,50
1767618725231,50,200,true,55,55,50
1767618725232,50,200,true,55,55,50
1767618725233,50,200,true,55,55,50
1767618725234,50,200,true,55,55,50
1767618725235,50,200,true,55,55,50
1767618725235,51,200,true,55,55,51
1767618725236,51,200,true,55,55,51
1767618725237,51,200,true,55,55,51
1767618725238,51,200,true,55,55,51
1767618725239,51,200,true,55,55,51
1767618725240,50,200,true,55,55,50
1767618725241,50,200,true,55,55,50
1767618725242,50,200,true,55,55,50
1767618725243,50,200,true,55,55,50
1767618725244,50,200,true,55,55,50
1767618725245,50,200,true,55,55,50
1767618725246,50,200,true,55,55,50
1767618725196,101,200,true,55,55,101
1767618725248,50,200,true,55,55,50
1767618725249,50,200,true,55,55,50
1767618725250,50,200,true,55,55,50
1767618725251,50,200,true,55,55,50
1767618725251,51,200,true,55,55,51
1767618725252,51,200,true,55,55,51
1767618725253,51,200,true,55,55,51
1767618725254,51,200,true,55,55,51
1767618725255,50,200,true,55,55,50
1767618725256,50,200,true,55,55,50
1767618725257,50,200,true,55,55,50
1767618725258,50,200,true,55,55,50
1767618725259,50,200,true,55,55,50
1767618725260,50,200,true,55,55,50
1767618725261,50,200,true,55,55,50
1767618725261,51,200,true,55,55,51
1767618725263,50,200,true,55,55,50
1767618725264,50,200,true,55,55,50
1767618725264,51,200,true,55,55,51
1767618725265,51,200,true,55,55,51
1767618725266,51,200,true,55,55,51
1767618725267,51,200,true,55,55,51
1767618725268,50,200,true,55,55,50
1767618725269,50,200,true,55,55,50
1767618725270,50,200,true,55,55,50
1767618725271,50,200,true,55,55,50
1767618725272,50,200,true,55,55,50
1767618725273,50,200,true,55,55,50
1767618725274,50,200,true,55,55,50
1767618725274,51,200,true,55,55,51
1767618725275,51,200,true,55,55,51
1767618725276,51,200,true,55,55,51
1767618725277,51,200,true,55,55,51
1767618725278,51,200,true,55,55,51
1767618725279,51,200,true,55,55,51
1767618725280,51,200,true,55,55,51
1767618725281,51,200,true,55,55,51
1767618725282,51,200,true,55,55,51
1767618725283,51,200,true,55,55,51
1767618725284,50,200,true,55,55,50
1767618725285,50,200,true,55,55,50
1767618725286,50,200,true,55,55,50
1767618725287,50,200,true,55,55,50
1767618725288,50,200,true,55,55,50
1767618725289,50,200,true,55,55,50
1767618725290,50,200,true,55,55,50
1767618725290,51,200,true,55,55,51
1767618725291,51,200,true,55,55,51
1767618725292,51,200,true,55,55,51
1767618725293,51,200,true,55,55,51
1767618725294,51,200,true,55,55,51
1767618725295,50,200,true,55,55,50
1767618725296,51,200,true,55,55,51
1767618725247,101,200,true,55,55,101
1767618725298,51,200,true,55,55,51
1767618725299,50,200,true,55,55,50
1767618725300,50,200,true,55,55,50
1767618725301,50,200,true,55,55,50
1767618725302,50,200,true,55,55,50
1767618725303,50,200,true,55,55,50
1767618725304,50,200,true,55,55,50
1767618725305,50,200,true,55,55,50
1767618725305,51,200,true,55,55,51
1767618725306,51,200,true,55,55,51
1767618725307,51,200,true,55,55,51
1767618725308,51,200,true,55,55,51
1767618725309,51,200,true,55,55,51
1767618725310,50,200,true,55,55,50
1767618725311,50,200,true,55,55,50
1767618725312,50,200,true,55,55,50
1767618725313,50,200,true,55,55,50
1767618725314,50,200,true,55,55,50
1767618725315,50,200,true,55,55,50
1767618725316,50,200,true,55,55,50
1767618725317,50,200,true,55,55,50
1767618725318,50,200,true,55,55,50
1767618725318,51,200,true,55,55,51
1767618725319,51,200,true,55,55,51
1767618725320,51,200,true,55,55,51
1767618725321,51,200,true,55,55,51
1767618725322,50,200,true,55,55,50
1767618725323,50,200,true,55,55,50
1767618725324,50,200,true,55,55,50
1767618725325,50,200,true,55,55,50
1767618725326,50,200,true,55,55,50
1767618725327,50,200,true,55,55,50
1767618725328,50,200,true,55,55,50
1767618725329,50,200,true,55,55,50
1767618725330,50,200,true,55,55,50
1767618725331,50,200,true,55,55,50
1767618725332,50,200,true,55,55,50
1767618725333,50,200,true,55,55,50
1767618725334,50,200,true,55,55,50
1767618725334,51,200,true,55,55,51
1767618725335,51,200,true,55,55,51
1767618725336,51,200,true,55,55,51
1767618725337,51,200,true,55,55,51
1767618725338,50,200,true,55,55,50
1767618725339,50,200,true,55,55,50
1767618725340,50,200,true,55,55,50
1767618725341,50,200,true,55,55,50
1767618725342,50,200,true,55,55,50
1767618725343,50,200,true,55,55,50
1767618725344,50,200,true,55,55,50
1767618725345,50,200,true,55,55,50
1767618725345,51,200,true,55,55,51
1767618725347,50,200,true,55,55,50
1767618725297,101,200,true,55,55,101
1767618725349,50,200,true,55,55,50
1767618725349,51,200,true,55,55,51
1767618725350,51,200,true,55,55,51
1767618725351,51,200,true,55,55,51
1767618725352,51,200,true,55,55,51
1767618725353,50,200,true,55,55,50
1767618725354,50,200,true,55,55,50
1767618725355,50,200,true,55,55,50
1767618725356,50,200,true,55,55,50
1767618725357,50,200,true,55,55,50
1767618725358,50,200,true,55,55,50
1767618725359,50,200,true,55,55,50
1767618725360,50,200,true,55,55,50
1767618725360,51,200,true,55,55,51
1767618725361,51,200,true,55,55,51
1767618725362,51,200,true,55,55,51
1767618725363,51,200,true,55,55,51
1767618725364,51,200,true,55,55,51
1767618725365,51,200,true,55,55,51
1767618725366,51,200,true,55,55,51
1767618725367,51,200,true,55,55,50
1767618725368,50,200,true,55,55,50
1767618725369,50,200,true,55,55,50
1767618725370,50,200,true,55,55,50
1767618725371,50,200,true,55,55,50
1767618725372,50,200,true,55,55,50
1767618725373,50,200,true,55,55,50
1767618725373,51,200,true,55,55,51
1767618725374,51,200,true,55,55,51
1767618725375,51,200,true,55,55,51
1767618725376,51,200,true,55,55,51
1767618725377,50,200,true,55,55,50
1767618725378,50,200,true,55,55,50
1767618725379,50,200,true,55,55,50
1767618725380,51,200,true,55,55,51
1767618725381,50,200,true,55,55,50
1767618725382,50,200,true,55,55,50
1767618725383,50,200,true,55,55,50
1767618725384,50,200,true,55,55,50
1767618725385,50,200,true,55,55,50
1767618725386,50,200,true,55,55,50
1767618725387,50,200,true,55,55,50
1767618725388,50,200,true,55,55,50
1767618725389,50,200,true,55,55,50
1767618725389,51,200,true,55,55,51
1767618725390,51,200,true,55,55,51
1767618725391,50,200,true,55,55,50
1767618725392,50,200,true,55,55,50
1767618725393,50,200,true,55,55,50
1767618725394,50,200,true,55,55,50
1767618725395,50,200,true,55,55,50
1767618725396,50,200,true,55,55,50
1767618725397,50,200,true,55,55,50
1767618725348,100,200,true,55,55,100
1767618725399,50,200,true,55,55,50
1767618725400,50,200,true,55,55,50
1767618725401,50,200,true,55,55,50
1767618725402,50,200,true,55,55,50
1767618725403,50,200,true,55,55,50
1767618725404,50,200,true,55,55,50
1767618725404,51,200,true,55,55,51
1767618725405,51,200,true,55,55,50
1767618725406,50,200,true,55,55,50
1767618725407,50,200,true,55,55,50
1767618725408,50,200,true,55,55,50
1767618725409,50,200,true,55,55,50
1767618725410,50,200,true,55,55,50
1767618725411,50,200,true,55,55,50
1767618725412,50,200,true,55,55,50
1767618725413,50,200,true,55,55,50
1767618725414,50,200,true,55,55,50
1767618725415,50,200,true,55,55,50
1767618725416,50,200,true,55,55,50
1767618725417,50,200,true,55,55,50
1767618725418,50,200,true,55,55,50
1767618725418,50,200,true,55,55,50
1767618725419,50,200,true,55,55,50
1767618725420,50,200,true,55,55,50
1767618725421,50,200,true,55,55,50
1767618725422,50,200,true,55,55,50
1767618725423,50,200,true,55,55,50
1767618725424,50,200,true,55,55,50
1767618725425,50,200,true,55,55,50
1767618725426,50,200,true,55,55,50
1767618725427,50,200,true,55,55,50
1767618725428,50,200,true,55,55,50
1767618725428,51,200,true,55,55,51
1767618725429,51,200,true,55,55,51
1767618725431,50,200,true,55,55,50
1767618725432,50,200,true,55,55,50
1767618725432,51,200,true,55,55,51
1767618725433,51,200,true,55,55,51
1767618725434,50,200,true,55,55,50
1767618725435,50,200,true,55,55,50
1767618725436,50,200,true,55,55,50
1767618725437,50,200,true,55,55,50
1767618725438,50,200,true,55,55,50
1767618725439,50,200,true,55,55,50
1767618725440,50,200,true,55,55,50
1767618725441,50,200,true,55,55,50
1767618725442,50,200,true,55,55,50
1767618725442,51,200,true,55,55,51
1767618725443,51,200,true,55,55,51
1767618725444,51,200,true,55,55,51
1767618725445,51,200,true,55,55,51
1767618725446,50,200,true,55,55,50
1767618725447,51,200,true,55,55,51
1767618725398,101,200,true,55,55,101
1767618725449,51,200,true,55,55,51
1767618725450,50,200,true,55,55,50
1767618725451,50,200,true,55,55,50
1767618725452,50,200,true,55,55,50
1767618725453,50,200,true,55,55,50
1767618725454,50,200,true,55,55,50
1767618725455,50,200,true,55,55,50
1767618725456,50,200,true,55,55,50
1767618725457,50,200,true,55,55,50
1767618725457,51,200,true,55,55,51
1767618725458,51,200,true,55,55,51
1767618725459,51,200,true,55,55,51
1767618725460,50,200,true,55,55,50
1767618725461,50,200,true,55,55,50
1767618725462,50,200,true,55,55,50
1767618725463,50,200,true,55,55,50
1767618725464,50,200,true,55,55,50
1767618725465,50,200,true,55,55,50
1767618725466,50,200,true,55,55,50
1767618725467,50,200,true,55,55,50
1767618725468,50,200,true,55,55,50
1767618725469,50,200,true,55,55,50
1767618725469,51,200,true,55,55,51
1767618725470,51,200,true,55,55,51
1767618725471,51,200,true,55,55,51
1767618725472,51,200,true,55,55,51
1767618725473,51,200,true,55,55,51
1767618725474,50,200,true,55,55,50
1767618725475,50,200,true,55,55,50
1767618725476,50,200,true,55,55,50
1767618725477,50,200,true,55,55,50
1767618725478,50,200,true,55,55,50
1767618725479,50,200,true,55,55,50
1767618725480,50,200,true,55,55,50
1767618725481,50,200,true,55,55,50
1767618725482,50,200,true,55,55,50
1767618725483,50,200,true,55,55,50
1767618725484,50,200,true,55,55,50
1767618725484,51,200,true,55,55,51
1767618725485,51,200,true,55,55,51
1767618725486,51,200,true,55,55,51
1767618725487,51,200,true,55,55,51
1767618725488,51,200,true,55,55,51
1767618725489,51,200,true,55,55,51
1767618725490,51,200,true,55,55,51
1767618725491,50,200,true,55,55,50
1767618725492,50,200,true,55,55,50
1767618725493,50,200,true,55,55,50
1767618725494,50,200,true,55,55,50
1767618725495,50,200,true,55,55,50
1767618725496,50,200,true,55,55,50
1767618725496,51,200,true,55,55,51
1767618725498,50,200,true,55,55,50
1767618725448,101,200,true,55,55,101
1767618725500,50,200,true,55,55,50
1767618725501,50,200,true,55,55,50
1767618725501,51,200,true,55,55,51
1767618725502,51,200,true,55,55,51
1767618725503,51,200,true,55,55,51
1767618725504,51,200,true,55,55,51
1767618725505,51,200,true,55,55,51
1767618725506,50,200,true,55,55,50
1767618725507,50,200,true,55,55,50
1767618725508,50,200,true,55,55,50
1767618725509,50,200,true,55,55,50
1767618725510,50,200,true,55,55,50
1767618725511,50,200,true,55,55,50
1767618725512,50,200,true,55,55,50
1767618725512,51,200,true,55,55,51
1767618725513,51,200,true,55,55,51
1767618725514,51,200,true,55,55,51
1767618725515,51,200,true,55,55,51
1767618725516,51,200,true,55,55,51
1767618725517,51,200,true,55,55,51
1767618725518,51,200,true,55,55,51
1767618725519,50,200,true,55,55,50
1767618725520,50,200,true,55,55,50
1767618725521,50,200,true,55,55,50
1767618725522,50,200,true,55,55,50
1767618725523,50,200,true,55,55,50
1767618725524,50,200,true,55,55,50
1767618725525,50,200,true,55,55,50
1767618725525,51,200,true,55,55,51
1767618725526,51,200,true,55,55,51
1767618725527,51,200,true,55,55,51
1767618725528,51,200,true,55,55,51
1767618725529,51,200,true,55,55,51
1767618725530,50,200,true,55,55,50
1767618725531,51,200,true,55,55,51
1767618725532,51,200,true,55,55,51
1767618725533,51,200,true,55,55,51
1767618725534,50,200,true,55,55,50
1767618725535,50,200,true,55,55,50
1767618725536,50,200,true,55,55,50
1767618725537,50,200,true,55,55,50
1767618725538,50,200,true,55,55,50
1767618725539,50,200,true,55,55,50
1767618725540,50,200,true,55,55,50
1767618725541,50,200,true,55,55,50
1767618725541,51,200,true,55,55,51
1767618725542,51,200,true,55,55,51
1767618725543,51,200,true,55,55,51
1767618725544,51,200,true,55,55,51
1767618725545,51,200,true,55,55,51
1767618725546,50,200,true,55,55,50
1767618725547,50,200,true,55,55,50
1767618725548,51,200,true,55,55,51
1767618725499,101,200,true,55,55,101
1767618725550,50,200,true,55,55,50
1767618725551,50,200,true,55,55,50
1767618725552,50,200,true,55,55,50
1767618725553,50,200,true,55,55,50
1767618725554,50,200,true,55,55,50
1767618725555,50,200,true,55,55,50
1767618725556,50,200,true,55,55,50
1767618725557,50,200,true,55,55,50
1767618725557,51,200,true,55,55,51
1767618725558,51,200,true,55,55,51
1767618725559,51,200,true,55,55,51
1767618725560,50,200,true,55,55,50
1767618725561,50,200,true,55,55,50
1767618725562,50,200,true,55,55,50
1767618725563,50,200,true,55,55,50
1767618725564,50,200,true,55,55,50
1767618725565,50,200,true,55,55,50
1767618725566,50,200,true,55,55,50
1767618725567,50,200,true,55,55,50
1767618725568,50,200,true,55,55,50
1767618725569,50,200,true,55,55,50
1767618725569,51,200,true,55,55,51
1767618725570,51,200,true,55,55,51
1767618725571,51,200,true,55,55,51
1767618725572,51,200,true,55,55,51
1767618725573,51,200,true,55,55,51
1767618725574,51,200,true,55,55,51
1767618725575,51,200,true,55,55,51
1767618725576,50,200,true,55,55,50
1767618725577,50,200,true,55,55,50
1767618725578,50,200,true,55,55,50
1767618725579,50,200,true,55,55,50
1767618725580,50,200,true,55,55,50
1767618725581,50,200,true,55,55,50
1767618725582,50,200,true,55,55,50
1767618725583,50,200,true,55,55,50
1767618725584,50,200,true,55,55,50
1767618725585,50,200,true,55,55,50
1767618725585,51,200,true,55,55,51
1767618725586,51,200,true,55,55,51
1767618725587,51,200,true,55,55,51
1767618725588,51,200,true,55,55,51
1767618725589,51,200,true,55,55,51
1767618725590,51,200,true,55,55,51
1767618725591,51,200,true,55,55,51
1767618725592,50,200,true,55,55,50
1767618725593,50,200,true,55,55,50
1767618725594,50,200,true,55,55,50
1767618725595,50,200,true,55,55,50
1767618725596,50,200,true,55,55,50
1767618725597,50,200,true,55,55,50
1767618725597,51,200,true,55,55,51
1767618725599,50,200,true,55,55,50
1767618725549,101,200,true,55,55,101
1767618725601,50,200,true,55,55,50
1767618725601,51,200,true,55,55,51
1767618725602,51,200,true,55,55,51
1767618725603,51,200,true,55,55,51
1767618725604,51,200,true,55,55,51
1767618725605,51,200,true,55,55,51
1767618725606,51,200,true,55,55,51
1767618725607,51,200,true,55,55,51
1767618725608,50,200,true,55,55,50
1767618725609,50,200,true,55,55,50
1767618725610,50,200,true,55,55,50
1767618725611,50,200,true,55,55,50
1767618725612,50,200,true,55,55,50
1767618725612,51,200,true,55,55,51
1767618725613,51,200,true,55,55,51
1767618725614,51,200,true,55,55,51
1767618725616,50,200,true,55,55,50
1767618725616,51,200,true,55,55,51
1767618725617,51,200,true,55,55,51
1767618725618,51,200,true,55,55,51
1767618725619,51,200,true,55,55,51
1767618725620,51,200,true,55,55,51
1767618725621,51,200,true,55,55,51
1767618725622,51,200,true,55,55,51
1767618725623,50,200,true,55,55,50
1767618725624,50,200,true,55,55,50
1767618725625,50,200,true,55,55,50
1767618725626,50,200,true,55,55,50
1767618725626,51,200,true,55,55,51
1767618725628,50,200,true,55,55,50
1767618725628,51,200,true,55,55,51
1767618725629,51,200,true,55,55,51
1767618725630,51,200,true,55,55,51
1767618725631,51,200,true,55,55,51
1767618725632,51,200,true,55,55,51
1767618725633,51,200,true,55,55,51
1767618725634,51,200,true,55,55,51
1767618725635,51,200,true,55,55,51
1767618725636,51,200,true,55,55,51
1767618725637,51,200,true,55,55,51
1767618725638,51,200,true,55,55,51
1767618725639,51,200,true,55,55,51
1767618725640,50,200,true,55,55,50
1767618725641,50,200,true,55,55,50
1767618725642,50,200,true,55,55,50
1767618725643,50,200,true,55,55,50
1767618725643,51,200,true,55,55,51
1767618725644,51,200,true,55,55,51
1767618725645,51,200,true,55,55,51
1767618725646,51,200,true,55,55,51
1767618725647,51,200,true,55,55,51
1767618725648,51,200,true,55,55,51
1767618725649,51,200,true,55,55,51
1767618725600,101,200,true,55,55,101
1767618725651,51,200,true,55,55,51
1767618725652,51,200,true,55,55,51
1767618725653,51,200,true,55,55,51
1767618725654,51,200,true,55,55,51
1767618725655,50,200,true,55,55,50
1767618725656,50,200,true,55,55,50
1767618725657,50,200,true,55,55,50
1767618725658,50,200,true,55,55,50
1767618725659,50,200,true,55,55,50
1767618725659,51,200,true,55,55,51
1767618725660,51,200,true,55,55,51
1767618725661,51,200,true,55,55,51
1767618725662,51,200,true,55,55,51
1767618725663,51,200,true,55,55,51
1767618725664,51,200,true,55,55,51
1767618725665,51,200,true,55,55,51
1767618725666,51,200,true,55,55,51
1767618725667,51,200,true,55,55,51
1767618725668,51,200,true,55,55,51
1767618725669,51,200,true,55,55,51
1767618725670,51,200,true,55,55,51
1767618725671,50,200,true,55,55,50
1767618725672,50,200,true,55,55,50
1767618725673,50,200,true,55,55,50
1767618725673,51,200,true,55,55,51
1767618725674,51,200,true,55,55,51
1767618725675,51,200,true,55,55,51
1767618725676,51,200,true,55,55,51
1767618725677,51,200,true,55,55,51
1767618725678,51,200,true,55,55,51
1767618725679,51,200,true,55,55,51
1767618725680,50,200,true,55,55,50
1767618725681,51,200,true,55,55,51
1767618725682,51,200,true,55,55,51
1767618725683,51,200,true,55,55,51
1767618725684,52,200,true,55,55,52
1767618725685,51,200,true,55,55,51
1767618725686,51,200,true,55,55,51
1767618725687,51,200,true,55,55,51
1767618725688,51,200,true,55,55,51
1767618725689,51,200,true,55,55,51
1767618725690,51,200,true,55,55,51
1767618725690,52,200,true,55,55,52
1767618725691,52,200,true,55,55,52
1767618725692,52,200,true,55,55,52
1767618725693,52,200,true,55,55,52
1767618725694,52,200,true,55,55,52
1767618725695,52,200,true,55,55,52
1767618725696,52,200,true,55,55,52
1767618725697,52,200,true,55,55,52
1767618725698,52,200,true,55,55,52
1767618725699,52,200,true,55,55,52
1767618725700,53,200,true,55,55,53
1767618725650,103,200,true,55,55,103
1767618725702,52,200,true,55,55,52
1767618725703,52,200,true,55,55,52
1767618725704,52,200,true,55,55,52
1767618725705,52,200,true,55,55,52
1767618725706,52,200,true,55,55,52
1767618725706,53,200,true,55,55,53
1767618725707,53,200,true,55,55,53
1767618725708,53,200,true,55,55,53
1767618725709,53,200,true,55,55,53
1767618725710,53,200,true,55,55,53
1767618725711,53,200,true,55,55,53
1767618725712,53,200,true,55,55,53
1767618725713,53,200,true,55,55,53
1767618725714,53,200,true,55,55,53
1767618725715,53,200,true,55,55,53
1767618725716,53,200,true,55,55,53
1767618725717,53,200,true,55,55,53
1767618725718,53,200,true,55,55,53
1767618725719,53,200,true,55,55,53
1767618725720,53,200,true,55,55,53
1767618725721,53,200,true,55,55,53
1767618725721,54,200,true,55,55,54
1767618725722,54,200,true,55,55,54
1767618725723,54,200,true,55,55,54
1767618725724,53,200,true,55,55,53
1767618725725,53,200,true,55,55,53
1767618725726,53,200,true,55,55,53
1767618725727,53,200,true,55,55,53
1767618725728,53,200,true,55,55,53
1767618725729,53,200,true,55,55,53
1767618725730,53,200,true,55,55,53
1767618725731,53,200,true,55,55,53
1767618725732,53,200,true,55,55,53
1767618725733,53,200,true,55,55,53
1767618725734,53,200,true,55,55,53
1767618725736,52,200,true,55,55,52
1767618725737,52,200,true,55,55,52
1767618725738,52,200,true,55,55,52
1767618725738,53,200,true,55,55,53
1767618725739,53,200,true,55,55,53
1767618725740,53,200,true,55,55,53
1767618725741,53,200,true,55,55,53
1767618725742,53,200,true,55,55,53
1767618725743,53,200,true,55,55,53
1767618725744,52,200,true,55,55,52
1767618725745,52,200,true,55,55,52
1767618725746,52,200,true,55,55,52
1767618725747,52,200,true,55,55,52
1767618725748,52,200,true,55,55,52
1767618725749,52,200,true,55,55,52
1767618725750,52,200,true,55,55,52
1767618725751,52,200,true,55,55,52
1767618725753,51,200,true,55,55,51
1767618725701,104,200,true,55,55,104
1767618725754,52,200,true,55,55,52
1767618725755,52,200,true,55,55,52
1767618725756,52,200,true,55,55,52
1767618725757,52,200,true,55,55,52
1767618725758,52,200,true,55,55,52
1767618725759,52,200,true,55,55,52
1767618725760,52,200,true,55,55,52
1767618725761,52,200,true,55,55,52
1767618725762,51,200,true,55,55,51
1767618725763,51,200,true,55,55,51
1767618725764,51,200,true,55,55,51
1767618725765,51,200,true,55,55,51
1767618725766,51,200,true,55,55,51
1767618725767,51,200,true,55,55,51
1767618725768,51,200,true,55,55,51
1767618725769,51,200,true,55,55,51
1767618725770,51,200,true,55,55,51
1767618725771,51,200,true,55,55,51
1767618725772,51,200,true,55,55,51
1767618725773,51,200,true,55,55,51
1767618725774,51,200,true,55,55,51
1767618725775,51,200,true,55,55,51
1767618725776,51,200,true,55,55,51
1767618725777,51,200,true,55,55,51
1767618725778,50,200,true,55,55,50
1767618725779,50,200,true,55,55,50
1767618725780,50,200,true,55,55,50
1767618725780,51,200,true,55,55,51
1767618725781,51,200,true,55,55,51
1767618725782,51,200,true,55,55,51
1767618725783,51,200,true,55,55,51
1767618725784,51,200,true,55,55,51
1767618725785,51,200,true,55,55,51
1767618725786,51,200,true,55,55,51
1767618725787,51,200,true,55,55,51
1767618725788,51,200,true,55,55,51
1767618725789,51,200,true,55,55,51
1767618725790,51,200,true,55,55,51
1767618725791,51,200,true,55,55,51
1767618725792,51,200,true,55,55,51
1767618725793,51,200,true,55,55,51
1767618725794,50,200,true,55,55,50
1767618725795,50,200,true,55,55,50
1767618725796,50,200,true,55,55,50
1767618725796,51,200,true,55,55,51
1767618725797,51,200,true,55,55,51
1767618725798,51,200,true,55,55,51
1767618725799,51,200,true,55,55,51
1767618725800,51,200,true,55,55,51
1767618725801,51,200,true,55,55,51
1767618725802,51,200,true,55,55,51
1767618725803,51,200,true,55,55,51
1767618725804,52,200,true,55,55,52
1767618725754,103,200,true,55,55,103
1767618725806,52,200,true,55,55,52
1767618725807,52,200,true,55,55,52
1767618725808,52,200,true,55,55,52
1767618725809,52,200,true,55,55,52
1767618725810,52,200,true,55,55,52
1767618725811,52,200,true,55,55,52
1767618725812,51,200,true,55,55,51
1767618725813,51,200,true,55,55,51
1767618725814,51,200,true,55,55,51
1767618725814,52,200,true,55,55,52
1767618725815,52,200,true,55,55,52
1767618725816,52,200,true,55,55,52
1767618725817,52,200,true,55,55,52
1767618725818,52,200,true,55,55,52
1767618725819,52,200,true,55,55,52
1767618725820,52,200,true,55,55,52
1767618725821,53,200,true,55,55,53
1767618725822,53,200,true,55,55,52
1767618725823,53,200,true,55,55,53
1767618725824,52,200,true,55,55,52
1767618725825,52,200,true,55,55,52
1767618725826,52,200,true,55,55,52
1767618725827,52,200,true,55,55,52
1767618725828,52,200,true,55,55,52
1767618725828,53,200,true,55,55,53
1767618725829,53,200,true,55,55,53
1767618725830,53,200,true,55,55,53
1767618725831,53,200,true,55,55,53
1767618725832,53,200,true,55,55,53
1767618725833,53,200,true,55,55,53
1767618725834,53,200,true,55,55,53
1767618725835,53,200,true,55,55,53
1767618725836,53,200,true,55,55,53
1767618725837,53,200,true,55,55,53
1767618725838,53,200,true,55,55,53
1767618725839,53,200,true,55,55,53
1767618725840,53,200,true,55,55,53
1767618725841,53,200,true,55,55,53
1767618725842,53,200,true,55,55,53
1767618725843,53,200,true,55,55,53
1767618725844,53,200,true,55,55,53
1767618725845,53,200,true,55,55,53
1767618725845,53,200,true,55,55,53
1767618725846,53,200,true,55,55,53
1767618725847,53,200,true,55,55,53
1767618725848,53,200,true,55,55,53
1767618725849,53,200,true,55,55,53
1767618725850,53,200,true,55,55,53
1767618725851,53,200,true,55,55,53
1767618725852,53,200,true,55,55,53
1767618725853,53,200,true,55,55,53
1767618725854,53,200,true,55,55,53
1767618725856,52,200,true,55,55,52
1767618725805,104,200,true,55,55,104
1767618725858,52,200,true,55,55,52
1767618725859,52,200,true,55,55,52
1767618725860,52,200,true,55,55,52
1767618725861,52,200,true,55,55,52
1767618725862,52,200,true,55,55,52
1767618725863,52,200,true,55,55,52
1767618725864,52,200,true,55,55,52
1767618725864,53,200,true,55,55,53
1767618725865,52,200,true,55,55,52
1767618725866,52,200,true,55,55,52
1767618725867,52,200,true,55,55,52
1767618725868,52,200,true,55,55,52
1767618725869,52,200,true,55,55,52
1767618725870,52,200,true,55,55,52
1767618725871,52,200,true,55,55,52
1767618725872,52,200,true,55,55,52
1767618725874,51,200,true,55,55,51
1767618725875,51,200,true,55,55,51
1767618725876,51,200,true,55,55,51
1767618725876,52,200,true,55,55,52
1767618725877,52,200,true,55,55,52
1767618725878,52,200,true,55,55,52
1767618725879,52,200,true,55,55,52
1767618725880,52,200,true,55,55,52
1767618725881,51,200,true,55,55,51
1767618725882,51,200,true,55,55,51
1767618725883,51,200,true,55,55,51
1767618725884,51,200,true,55,55,51
1767618725885,51,200,true,55,55,51
1767618725886,51,200,true,55,55,51
1767618725887,51,200,true,55,55,51
1767618725888,51,200,true,55,55,51
1767618725889,51,200,true,55,55,51
1767618725890,51,200,true,55,55,51
1767618725891,51,200,true,55,55,51
1767618725892,51,200,true,55,55,51
1767618725893,51,200,true,55,55,51
1767618725894,51,200,true,55,55,51
1767618725895,51,200,true,55,55,51
1767618725896,51,200,true,55,55,51
1767618725897,51,200,true,55,55,51
1767618725898,51,200,true,55,55,51
1767618725899,50,200,true,55,55,50
1767618725900,50,200,true,55,55,50
1767618725900,51,200,true,55,55,51
1767618725901,51,200,true,55,55,51
1767618725902,51,200,true,55,55,51
1767618725903,51,200,true,55,55,51
1767618725904,51,200,true,55,55,51
1767618725905,51,200,true,55,55,51
1767618725906,51,200,true,55,55,51
1767618725907,51,200,true,55,55,51
1767618725908,51,200,true,55,55,51
1767618725857,103,200,true,55,55,103
1767618725910,51,200,true,55,55,51
1767618725911,51,200,true,55,55,51
1767618725912,51,200,true,55,55,51
1767618725913,51,200,true,55,55,51
1767618725914,51,200,true,55,55,51
1767618725915,51,200,true,55,55,51
1767618725916,50,200,true,55,55,50
1767618725917,50,200,true,55,55,50
1767618725917,51,200,true,55,55,51
1767618725918,51,200,true,55,55,51
1767618725919,51,200,true,55,55,51
1767618725920,51,200,true,55,55,51
1767618725921,51,200,true,55,55,51
1767618725922,51,200,true,55,55,51
1767618725923,51,200,true,55,55,51
1767618725924,51,200,true,55,55,51
1767618725925,51,200,true,55,55,51
1767618725926,51,200,true,55,55,51
1767618725927,51,200,true,55,55,51
1767618725928,51,200,true,55,55,51
1767618725929,51,200,true,55,55,51
1767618725930,51,200,true,55,55,51
1767618725931,50,200,true,55,55,50
1767618725932,50,200,true,55,55,50
1767618725932,51,200,true,55,55,51
1767618725933,51,200,true,55,55,51
1767618725934,51,200,true,55,55,51
1767618725935,51,200,true,55,55,51
1767618725936,51,200,true,55,55,51
1767618725937,51,200,true,55,55,51
1767618725938,51,200,true,55,55,51
1767618725939,51,200,true,55,55,51
1767618725940,51,200,true,55,55,51
1767618725941,51,200,true,55,55,51
1767618725942,51,200,true,55,55,51
1767618725943,51,200,true,55,55,51
1767618725944,51,200,true,55,55,51
1767618725945,51,200,true,55,55,51
1767618725946,51,200,true,55,55,51
1767618725947,51,200,true,55,55,51
1767618725948,50,200,true,55,55,50
1767618725949,50,200,true,55,55,50
1767618725950,50,200,true,55,55,50
1767618725950,51,200,true,55,55,51
1767618725951,51,200,true,55,55,51
1767618725952,51,200,true,55,55,51
1767618725953,51,200,true,55,55,51
1767618725954,51,200,true,55,55,51
1767618725955,51,200,true,55,55,51
1767618725956,51,200,true,55,55,51
1767618725957,51,200,true,55,55,51
1767618725958,51,200,true,55,55,51
1767618725959,51,200,true,55,55,51
1767618725909,102,200,true,55,55,102
1767618725961,51,200,true,55,55,51
1767618725962,51,200,true,55,55,51
1767618725963,51,200,true,55,55,51
1767618725964,51,200,true,55,55,51
1767618725965,51,200,true,55,55,51
1767618725966,50,200,true,55,55,50
1767618725966,51,200,true,55,55,51
1767618725967,51,200,true,55,55,51
1767618725968,51,200,true,55,55,51
1767618725969,51,200,true,55,55,51
1767618725970,51,200,true,55,55,51
1767618725971,51,200,true,55,55,51
1767618725972,51,200,true,55,55,51
1767618725973,51,200,true,55,55,51
1767618725974,51,200,true,55,55,51
1767618725975,51,200,true,55,55,51
1767618725976,51,200,true,55,55,51
1767618725977,51,200,true,55,55,51
1767618725978,51,200,true,55,55,51
1767618725979,51,200,true,55,55,51
1767618725980,51,200,true,55,55,51
1767618725981,50,200,true,55,55,50
1767618725982,50,200,true,55,55,50
1767618725982,51,200,true,55,55,51
1767618725983,51,200,true,55,55,51
1767618725984,51,200,true,55,55,51
1767618725985,51,200,true,55,55,51
1767618725986,51,200,true,55,55,51
1767618725987,51,200,true,55,55,51
1767618725988,51,200,true,55,55,51
1767618725989,51,200,true,55,55,51
1767618725990,51,200,true,55,55,51
1767618725991,51,200,true,55,55,51
1767618725992,51,200,true,55,55,51
1767618725993,51,200,true,55,55,51
1767618725994,51,200,true,55,55,51
1767618725995,51,200,true,55,55,51
1767618725996,50,200,true,55,55,50
1767618725997,50,200,true,55,55,50
1767618725998,50,200,true,55,55,50
1767618725999,50,200,true,55,55,50
1767618726000,50,200,true,55,55,50
1767618726000,51,200,true,55,55,51
1767618726001,51,200,true,55,55,51
1767618726002,51,200,true,55,55,51
1767618726003,51,200,true,55,55,51
1767618726004,51,200,true,55,55,51
1767618726005,51,200,true,55,55,51
1767618726006,51,200,true,55,55,51
1767618726007,51,200,true,55,55,51
1767618726008,50,200,true,55,55,50
1767618726009,50,200,true,55,55,50
1767618726010,51,200,true,55,55,51
1767618725960,102,200,true,55,55,102
1767618726012,51,200,true,55,55,51
1767618726013,50,200,true,55,55,50
1767618726014,50,200,true,55,55,50
1767618726015,50,200,true,55,55,50
1767618726016,50,200,true,55,55,50
1767618726017,50,200,true,55,55,50
1767618726017,51,200,true,55,55,51
1767618726018,51,200,true,55,55,51
1767618726019,51,200,true,55,55,51
1767618726020,51,200,true,55,55,51
1767618726021,51,200,true,55,55,51
1767618726022,51,200,true,55,55,51
1767618726023,51,200,true,55,55,51
1767618726024,50,200,true,55,55,50
1767618726025,50,200,true,55,55,50
1767618726026,50,200,true,55,55,50
1767618726027,50,200,true,55,55,50
1767618726028,50,200,true,55,55,50
1767618726029,50,200,true,55,55,50
1767618726030,50,200,true,55,55,50
1767618726031,50,200,true,55,55,50
1767618726032,50,200,true,55,55,50
1767618726032,51,200,true,55,55,51
1767618726033,51,200,true,55,55,51
1767618726034,51,200,true,55,55,51
1767618726035,51,200,true,55,55,51
1767618726036,50,200,true,55,55,50
1767618726037,50,200,true,55,55,50
1767618726038,50,200,true,55,55,50
1767618726039,50,200,true,55,55,50
1767618726040,50,200,true,55,55,50
1767618726041,50,200,true,55,55,50
1767618726042,50,200,true,55,55,50
1767618726043,50,200,true,55,55,50
1767618726044,50,200,true,55,55,50
1767618726045,50,200,true,55,55,50
1767618726046,50,200,true,55,55,50
1767618726047,50,200,true,55,55,50
1767618726048,50,200,true,55,55,50
1767618726048,51,200,true,55,55,51
1767618726049,51,200,true,55,55,51
1767618726050,51,200,true,55,55,51
1767618726051,51,200,true,55,55,51
1767618726052,51,200,true,55,55,51
1767618726053,51,200,true,55,55,51
1767618726054,51,200,true,55,55,51
1767618726055,50,200,true,55,55,50
1767618726056,50,200,true,55,55,50
1767618726057,50,200,true,55,55,50
1767618726058,50,200,true,55,55,50
1767618726059,50,200,true,55,55,50
1767618726060,50,200,true,55,55,50
1767618726061,50,200,true,55,55,50
1767618726011,101,200,true,55,55,101
1767618726063,50,200,true,55,55,50
1767618726064,50,200,true,55,55,50
1767618726064,51,200,true,55,55,51
1767618726065,51,200,true,55,55,51
1767618726066,51,200,true,55,55,51
1767618726067,51,200,true,55,55,51
1767618726068,51,200,true,55,55,51
1767618726069,51,200,true,55,55,51
1767618726070,51,200,true,55,55,51
1767618726071,50,200,true,55,55,50
1767618726072,50,200,true,55,55,50
1767618726073,50,200,true,55,55,50
1767618726074,50,200,true,55,55,50
1767618726074,51,200,true,55,55,51
1767618726075,51,200,true,55,55,51
1767618726076,51,200,true,55,55,51
1767618726077,51,200,true,55,55,51
1767618726078,51,200,true,55,55,51
1767618726079,51,200,true,55,55,51
1767618726080,51,200,true,55,55,51
1767618726081,51,200,true,55,55,51
1767618726082,51,200,true,55,55,51
1767618726083,51,200,true,55,55,51
1767618726084,51,200,true,55,55,51
1767618726085,51,200,true,55,55,51
1767618726086,50,200,true,55,55,50
1767618726087,50,200,true,55,55,50
1767618726088,50,200,true,55,55,50
1767618726088,51,200,true,55,55,51
1767618726089,51,200,true,55,55,51
1767618726090,51,200,true,55,55,51
1767618726091,51,200,true,55,55,51
1767618726092,51,200,true,55,55,51
1767618726093,51,200,true,55,55,51
1767618726094,51,200,true,55,55,51
1767618726095,51,200,true,55,55,51
1767618726096,51,200,true,55,55,51
1767618726097,51,200,true,55,55,51
1767618726098,51,200,true,55,55,51
1767618726099,51,200,true,55,55,51
1767618726100,51,200,true,55,55,51
1767618726101,51,200,true,55,55,51
1767618726102,50,200,true,55,55,50
1767618726103,50,200,true,55,55,50
1767618726104,50,200,true,55,55,50
1767618726105,50,200,true,55,55,50
1767618726105,51,200,true,55,55,51
1767618726106,51,200,true,55,55,51
1767618726107,51,200,true,55,55,51
1767618726108,51,200,true,55,55,51
1767618726109,51,200,true,55,55,51
1767618726110,51,200,true,55,55,51
1767618726111,51,200,true,55,55,51
1767618726062,101,200,true,55,55,101
1767618726113,51,200,true,55,55,51
1767618726114,51,200,true,55,55,51
1767618726115,51,200,true,55,55,51
1767618726116,51,200,true,55,55,51
1767618726117,51,200,true,55,55,51
1767618726118,51,200,true,55,55,51
1767618726119,51,200,true,55,55,50
1767618726120,50,200,true,55,55,50
1767618726121,50,200,true,55,55,50
1767618726122,50,200,true,55,55,50
1767618726122,51,200,true,55,55,51
1767618726123,51,200,true,55,55,51
1767618726124,51,200,true,55,55,51
1767618726125,51,200,true,55,55,51
1767618726126,51,200,true,55,55,51
1767618726127,51,200,true,55,55,51
1767618726128,51,200,true,55,55,51
1767618726129,51,200,true,55,55,51
1767618726130,51,200,true,55,55,51
1767618726131,51,200,true,55,55,51
1767618726132,51,200,true,55,55,51
1767618726133,51,200,true,55,55,51
1767618726134,50,200,true,55,55,50
1767618726135,50,200,true,55,55,50
1767618726136,50,200,true,55,55,50
1767618726137,50,200,true,55,55,50
1767618726137,51,200,true,55,55,51
1767618726138,51,200,true,55,55,51
1767618726139,51,200,true,55,55,51
1767618726140,51,200,true,55,55,51
1767618726141,51,200,true,55,55,51
1767618726142,51,200,true,55,55,51
1767618726143,51,200,true,55,55,51
1767618726144,51,200,true,55,55,51
1767618726145,51,200,true,55,55,51
1767618726146,51,200,true,55,55,51
1767618726147,51,200,true,55,55,51
1767618726148,51,200,true,55,55,51
1767618726149,51,200,true,55,55,51
1767618726150,51,200,true,55,55,51
1767618726151,50,200,true,55,55,50
1767618726152,50,200,true,55,55,50
1767618726153,50,200,true,55,55,50
1767618726153,51,200,true,55,55,51
1767618726154,51,200,true,55,55,51
1767618726155,51,200,true,55,55,51
1767618726156,51,200,true,55,55,51
1767618726157,51,200,true,55,55,51
1767618726158,51,200,true,55,55,51
1767618726159,51,200,true,55,55,51
1767618726160,51,200,true,55,55,51
1767618726161,51,200,true,55,55,51
1767618726162,51,200,true,55,55,51
1767618726112,102,200,true,55,55,102
1767618726164,51,200,true,55,55,51
1767618726165,51,200,true,55,55,51
1767618726166,51,200,true,55,55,51
1767618726167,50,200,true,55,55,50
1767618726168,50,200,true,55,55,50
1767618726169,50,200,true,55,55,50
1767618726170,50,200,true,55,55,50
1767618726170,51,200,true,55,55,51
1767618726171,51,200,true,55,55,51
1767618726172,51,200,true,55,55,51
1767618726173,51,200,true,55,55,51
1767618726174,51,200,true,55,55,51
1767618726175,51,200,true,55,55,51
1767618726176,51,200,true,55,55,51
1767618726177,51,200,true,55,55,51
1767618726178,50,200,true,55,55,50
1767618726179,51,200,true,55,55,51
1767618726180,51,200,true,55,55,51
1767618726181,50,200,true,55,55,50
1767618726182,50,200,true,55,55,50
1767618726183,50,200,true,55,55,50
1767618726184,50,200,true,55,55,50
1767618726184,51,200,true,55,55,51
1767618726185,51,200,true,55,55,51
1767618726186,51,200,true,55,55,51
1767618726187,51,200,true,55,55,51
1767618726188,51,200,true,55,55,51
1767618726189,51,200,true,55,55,51
1767618726190,51,200,true,55,55,51
1767618726191,50,200,true,55,55,50
1767618726192,50,200,true,55,55,50
1767618726193,50,200,true,55,55,50
1767618726194,50,200,true,55,55,50
1767618726195,50,200,true,55,55,50
1767618726196,50,200,true,55,55,50
1767618726197,50,200,true,55,55,50
1767618726198,50,200,true,55,55,50
1767618726199,50,200,true,55,55,50
1767618726200,50,200,true,55,55,50
1767618726201,50,200,true,55,55,50
1767618726201,51,200,true,55,55,51
1767618726202,51,200,true,55,55,51
1767618726203,51,200,true,55,55,51
1767618726204,51,200,true,55,55,51
1767618726205,51,200,true,55,55,51
1767618726206,51,200,true,55,55,51
1767618726207,51,200,true,55,55,51
1767618726208,50,200,true,55,55,50
1767618726209,50,200,true,55,55,50
1767618726210,50,200,true,55,55,50
1767618726211,50,200,true,55,55,50
1767618726212,50,200,true,55,55,50
1767618726213,50,200,true,55,55,50
1767618726163,101,200,true,55,55,101
1767618726215,50,200,true,55,55,50
1767618726216,50,200,true,55,55,50
1767618726217,50,200,true,55,55,50
1767618726218,50,200,true,55,55,50
1767618726218,51,200,true,55,55,51
1767618726219,51,200,true,55,55,51
1767618726220,51,200,true,55,55,51
1767618726221,51,200,true,55,55,51
1767618726222,51,200,true,55,55,51
1767618726223,50,200,true,55,55,50
1767618726224,50,200,true,55,55,50
1767618726225,50,200,true,55,55,50
1767618726226,51,200,true,55,55,51
1767618726227,51,200,true,55,55,51
1767618726228,51,200,true,55,55,51
1767618726228,52,200,true,55,55,52
1767618726230,56,200,true,55,55,56
1767618726231,56,200,true,55,55,56
1767618726232,58,200,true,55,55,58
1767618726232,60,200,true,55,55,60
1767618726233,60,200,true,55,55,60
1767618726234,60,200,true,55,55,60
1767618726235,59,200,true,55,55,59
1767618726236,59,200,true,55,55,59
1767618726237,59,200,true,55,55,59
1767618726238,59,200,true,55,55,59
1767618726239,59,200,true,55,55,59
1767618726240,59,200,true,55,55,59
1767618726241,59,200,true,55,55,59
1767618726241,60,200,true,55,55,60
1767618726242,60,200,true,55,55,60
1767618726243,60,200,true,55,55,60
1767618726244,60,200,true,55,55,60
1767618726245,60,200,true,55,55,60
1767618726246,59,200,true,55,55,59
1767618726247,59,200,true,55,55,59
1767618726248,59,200,true,55,55,59
1767618726249,60,200,true,55,55,60
1767618726250,60,200,true,55,55,60
1767618726251,59,200,true,55,55,59
1767618726252,59,200,true,55,55,59
1767618726253,59,200,true,55,55,59
1767618726254,59,200,true,55,55,59
1767618726255,59,200,true,55,55,59
1767618726256,59,200,true,55,55,59
1767618726257,59,200,true,55,55,59
1767618726258,59,200,true,55,55,59
1767618726258,60,200,true,55,55,60
1767618726259,60,200,true,55,55,60
1767618726260,60,200,true,55,55,60
1767618726261,60,200,true,55,55,60
1767618726262,60,200,true,55,55,60
1767618726263,59,200,true,55,55,59
1767618726214,109,200,true,55,55,109
1767618726265,59,200,true,55,55,59
1767618726266,60,200,true,55,55,60
1767618726267,59,200,true,55,55,59
1767618726268,59,200,true,55,55,59
1767618726269,59,200,true,55,55,59
1767618726270,59,200,true,55,55,59
1767618726271,59,200,true,55,55,59
1767618726272,59,200,true,55,55,59
1767618726273,59,200,true,55,55,59
1767618726274,59,200,true,55,55,59
1767618726274,60,200,true,55,55,60
1767618726276,59,200,true,55,55,59
1767618726277,59,200,true,55,55,59
1767618726278,58,200,true,55,55,58
1767618726279,58,200,true,55,55,58
1767618726280,58,200,true,55,55,58
1767618726286,53,200,true,55,55,53
1767618726287,53,200,true,55,55,53
1767618726290,51,200,true,55,55,51
1767618726292,50,200,true,55,55,50
1767618726293,50,200,true,55,55,50
1767618726294,50,200,true,55,55,50
1767618726294,51,200,true,55,55,51
1767618726295,51,200,true,55,55,51
1767618726296,51,200,true,55,55,51
1767618726297,51,200,true,55,55,51
1767618726298,51,200,true,55,55,51
1767618726299,51,200,true,55,55,51
1767618726300,50,200,true,55,55,50
1767618726301,50,200,true,55,55,50
1767618726302,50,200,true,55,55,50
1767618726303,50,200,true,55,55,50
1767618726304,50,200,true,55,55,50
1767618726305,50,200,true,55,55,50
1767618726306,50,200,true,55,55,50
1767618726306,51,200,true,55,55,51
1767618726307,51,200,true,55,55,51
1767618726309,50,200,true,55,55,50
1767618726310,50,200,true,55,55,50
1767618726310,51,200,true,55,55,51
1767618726311,51,200,true,55,55,51
1767618726312,51,200,true,55,55,51
1767618726313,51,200,true,55,55,51
1767618726314,51,200,true,55,55,51
1767618726315,51,200,true,55,55,51
1767618726316,51,200,true,55,55,51
1767618726317,51,200,true,55,55,51
1767618726318,50,200,true,55,55,50
1767618726319,50,200,true,55,55,50
1767618726320,50,200,true,55,55,50
1767618726321,50,200,true,55,55,50
1767618726322,50,200,true,55,55,50
1767618726323,50,200,true,55,55,50
1767618726264,110,200,true,55,55,110
1767618726324,51,200,true,55,55,51
1767618726326,50,200,true,55,55,50
1767618726327,50,200,true,55,55,50
1767618726328,50,200,true,55,55,50
1767618726328,51,200,true,55,55,51
1767618726329,51,200,true,55,55,51
1767618726330,51,200,true,55,55,51
1767618726331,51,200,true,55,55,51
1767618726332,51,200,true,55,55,51
1767618726333,50,200,true,55,55,50
1767618726334,50,200,true,55,55,50
1767618726335,50,200,true,55,55,50
1767618726336,50,200,true,55,55,50
1767618726337,50,200,true,55,55,50
1767618726337,51,200,true,55,55,51
1767618726338,51,200,true,55,55,51
1767618726339,51,200,true,55,55,51
1767618726340,51,200,true,55,55,51
1767618726341,51,200,true,55,55,51
1767618726342,51,200,true,55,55,51
1767618726343,51,200,true,55,55,51
1767618726344,51,200,true,55,55,51
1767618726345,51,200,true,55,55,51
1767618726346,50,200,true,55,55,50
1767618726347,50,200,true,55,55,50
1767618726348,50,200,true,55,55,50
1767618726349,50,200,true,55,55,50
1767618726350,50,200,true,55,55,50
1767618726351,50,200,true,55,55,50
1767618726352,50,200,true,55,55,50
1767618726352,51,200,true,55,55,51
1767618726353,51,200,true,55,55,51
1767618726354,51,200,true,55,55,51
1767618726355,51,200,true,55,55,51
1767618726356,51,200,true,55,55,51
1767618726357,51,200,true,55,55,51
1767618726358,50,200,true,55,55,50
1767618726359,50,200,true,55,55,50
1767618726360,51,200,true,55,55,51
1767618726361,51,200,true,55,55,51
1767618726362,51,200,true,55,55,51
1767618726363,50,200,true,55,55,50
1767618726364,50,200,true,55,55,50
1767618726365,50,200,true,55,55,50
1767618726366,50,200,true,55,55,50
1767618726367,50,200,true,55,55,50
1767618726368,50,200,true,55,55,50
1767618726368,51,200,true,55,55,51
1767618726369,51,200,true,55,55,51
1767618726370,51,200,true,55,55,51
1767618726371,51,200,true,55,55,51
1767618726372,51,200,true,55,55,51
1767618726373,51,200,true,55,55,51
1767618726323,102,200,true,55,55,102
1767618726375,51,200,true,55,55,51
1767618726376,50,200,true,55,55,50
1767618726377,51,200,true,55,55,51
1767618726378,51,200,true,55,55,51
1767618726379,51,200,true,55,55,51
1767618726380,50,200,true,55,55,50
1767618726381,50,200,true,55,55,50
1767618726382,50,200,true,55,55,50
1767618726383,50,200,true,55,55,50
1767618726384,50,200,true,55,55,50
1767618726384,51,200,true,55,55,51
1767618726385,51,200,true,55,55,51
1767618726386,51,200,true,55,55,51
1767618726387,51,200,true,55,55,51
1767618726388,51,200,true,55,55,51
1767618726389,51,200,true,55,55,51
1767618726390,51,200,true,55,55,51
1767618726391,50,200,true,55,55,50
1767618726392,50,200,true,55,55,50
1767618726393,50,200,true,55,55,50
1767618726394,50,200,true,55,55,50
1767618726395,50,200,true,55,55,50
1767618726396,50,200,true,55,55,50
1767618726397,50,200,true,55,55,50
1767618726397,51,200,true,55,55,51
1767618726398,51,200,true,55,55,51
1767618726399,51,200,true,55,55,51
1767618726400,51,200,true,55,55,51
1767618726401,51,200,true,55,55,51
1767618726402,51,200,true,55,55,51
1767618726403,51,200,true,55,55,51
1767618726404,51,200,true,55,55,51
1767618726405,51,200,true,55,55,50
1767618726406,50,200,true,55,55,50
1767618726407,50,200,true,55,55,50
1767618726408,50,200,true,55,55,50
1767618726408,51,200,true,55,55,51
1767618726409,51,200,true,55,55,51
1767618726411,50,200,true,55,55,50
1767618726412,50,200,true,55,55,50
1767618726413,50,200,true,55,55,50
1767618726414,50,200,true,55,55,50
1767618726414,51,200,true,55,55,51
1767618726415,51,200,true,55,55,51
1767618726416,51,200,true,55,55,51
1767618726417,51,200,true,55,55,51
1767618726418,51,200,true,55,55,51
1767618726419,51,200,true,55,55,51
1767618726420,51,200,true,55,55,51
1767618726421,51,200,true,55,55,51
1767618726422,50,200,true,55,55,50
1767618726423,50,200,true,55,55,50
1767618726424,50,200,true,55,55,50
1767618726374,101,200,true,55,55,101
1767618726426,50,200,true,55,55,50
1767618726426,51,200,true,55,55,51
1767618726428,50,200,true,55,55,50
1767618726429,50,200,true,55,55,50
1767618726430,50,200,true,55,55,50
1767618726431,50,200,true,55,55,50
1767618726431,51,200,true,55,55,51
1767618726432,51,200,true,55,55,51
1767618726433,51,200,true,55,55,51
1767618726434,51,200,true,55,55,51
1767618726435,51,200,true,55,55,51
1767618726436,51,200,true,55,55,51
1767618726437,50,200,true,55,55,50
1767618726438,50,200,true,55,55,50
1767618726439,50,200,true,55,55,50
1767618726440,50,200,true,55,55,50
1767618726441,50,200,true,55,55,50
1767618726441,51,200,true,55,55,51
1767618726442,51,200,true,55,55,51
1767618726443,51,200,true,55,55,51
1767618726445,50,200,true,55,55,50
1767618726445,51,200,true,55,55,51
1767618726446,51,200,true,55,55,51
1767618726447,51,200,true,55,55,51
1767618726448,51,200,true,55,55,51
1767618726449,51,200,true,55,55,51
1767618726450,51,200,true,55,55,51
1767618726451,50,200,true,55,55,50
1767618726452,50,200,true,55,55,50
1767618726453,50,200,true,55,55,50
1767618726454,50,200,true,55,55,50
1767618726455,50,200,true,55,55,50
1767618726456,50,200,true,55,55,50
1767618726456,51,200,true,55,55,51
1767618726457,51,200,true,55,55,51
1767618726458,51,200,true,55,55,51
1767618726459,51,200,true,55,55,51
1767618726460,51,200,true,55,55,51
1767618726461,51,200,true,55,55,51
1767618726462,51,200,true,55,55,51
1767618726463,51,200,true,55,55,51
1767618726464,51,200,true,55,55,51
1767618726465,51,200,true,55,55,51
1767618726466,51,200,true,55,55,51
1767618726467,51,200,true,55,55,51
1767618726468,51,200,true,55,55,51
1767618726469,51,200,true,55,55,51
1767618726470,50,200,true,55,55,50
1767618726471,50,200,true,55,55,50
1767618726472,50,200,true,55,55,50
1767618726472,51,200,true,55,55,51
1767618726473,51,200,true,55,55,51
1767618726474,51,200,true,55,55,51
1767618726425,101,200,true,55,55,101
1767618726476,51,200,true,55,55,51
1767618726477,51,200,true,55,55,51
1767618726478,51,200,true,55,55,51
1767618726479,51,200,true,55,55,51
1767618726480,51,200,true,55,55,51
1767618726481,51,200,true,55,55,51
1767618726482,51,200,true,55,55,51
1767618726483,51,200,true,55,55,51
1767618726484,51,200,true,55,55,51
1767618726485,51,200,true,55,55,51
1767618726486,50,200,true,55,55,50
1767618726487,50,200,true,55,55,50
1767618726488,50,200,true,55,55,50
1767618726488,51,200,true,55,55,51
1767618726489,51,200,true,55,55,51
1767618726490,51,200,true,55,55,51
1767618726491,51,200,true,55,55,51
1767618726492,51,200,true,55,55,51
1767618726493,51,200,true,55,55,51
1767618726494,51,200,true,55,55,51
1767618726495,51,200,true,55,55,51
1767618726496,51,200,true,55,55,51
1767618726497,51,200,true,55,55,51
1767618726498,51,200,true,55,55,51
1767618726499,51,200,true,55,55,51
1767618726500,50,200,true,55,55,50
1767618726501,50,200,true,55,55,50
1767618726502,50,200,true,55,55,50
1767618726502,51,200,true,55,55,51
1767618726503,51,200,true,55,55,51
1767618726504,51,200,true,55,55,51
1767618726505,51,200,true,55,55,51
1767618726506,51,200,true,55,55,51
1767618726507,51,200,true,55,55,51
1767618726508,51,200,true,55,55,51
1767618726509,51,200,true,55,55,51
1767618726510,51,200,true,55,55,51
1767618726511,51,200,true,55,55,51
1767618726512,50,200,true,55,55,50
1767618726513,50,200,true,55,55,50
1767618726514,51,200,true,55,55,51
1767618726515,51,200,true,55,55,51
1767618726516,50,200,true,55,55,50
1767618726517,50,200,true,55,55,50
1767618726518,50,200,true,55,55,50
1767618726519,50,200,true,55,55,50
1767618726520,50,200,true,55,55,50
1767618726520,51,200,true,55,55,51
1767618726521,51,200,true,55,55,51
1767618726522,51,200,true,55,55,51
1767618726523,51,200,true,55,55,51
1767618726524,51,200,true,55,55,51
1767618726525,51,200,true,55,55,51
1767618726475,102,200,true,55,55,102
1767618726527,51,200,true,55,55,51
1767618726528,50,200,true,55,55,50
1767618726529,50,200,true,55,55,50
1767618726530,50,200,true,55,55,50
1767618726531,51,200,true,55,55,51
1767618726532,50,200,true,55,55,50
1767618726533,50,200,true,55,55,50
1767618726534,50,200,true,55,55,50
1767618726535,50,200,true,55,55,50
1767618726536,50,200,true,55,55,50
1767618726537,50,200,true,55,55,50
1767618726537,51,200,true,55,55,51
1767618726538,51,200,true,55,55,51
1767618726539,51,200,true,55,55,51
1767618726540,51,200,true,55,55,51
1767618726541,51,200,true,55,55,51
1767618726542,50,200,true,55,55,50
1767618726543,50,200,true,55,55,50
1767618726544,50,200,true,55,55,50
1767618726545,50,200,true,55,55,50
1767618726546,50,200,true,55,55,50
1767618726547,50,200,true,55,55,50
1767618726548,50,200,true,55,55,50
1767618726549,50,200,true,55,55,50
1767618726550,50,200,true,55,55,50
1767618726551,50,200,true,55,55,50
1767618726551,51,200,true,55,55,51
1767618726552,51,200,true,55,55,51
1767618726553,51,200,true,55,55,51
1767618726554,51,200,true,55,55,51
1767618726555,51,200,true,55,55,51
1767618726556,50,200,true,55,55,50
1767618726557,50,200,true,55,55,50
1767618726558,50,200,true,55,55,50
1767618726559,50,200,true,55,55,50
1767618726560,50,200,true,55,55,50
1767618726561,50,200,true,55,55,50
1767618726562,50,200,true,55,55,50
1767618726562,51,200,true,55,55,51
1767618726563,51,200,true,55,55,51
1767618726565,50,200,true,55,55,50
1767618726566,50,200,true,55,55,50
1767618726567,50,200,true,55,55,50
1767618726568,50,200,true,55,55,50
1767618726568,51,200,true,55,55,51
1767618726569,51,200,true,55,55,51
1767618726570,51,200,true,55,55,51
1767618726571,51,200,true,55,55,51
1767618726572,50,200,true,55,55,50
1767618726573,50,200,true,55,55,50
1767618726574,50,200,true,55,55,50
1767618726575,50,200,true,55,55,50
1767618726576,50,200,true,55,55,50
1767618726526,101,200,true,55,55,101
1767618726578,50,200,true,55,55,50
1767618726578,51,200,true,55,55,51
1767618726579,51,200,true,55,55,51
1767618726580,51,200,true,55,55,51
1767618726582,50,200,true,55,55,50
1767618726582,51,200,true,55,55,51
1767618726583,51,200,true,55,55,51
1767618726584,51,200,true,55,55,51
1767618726585,51,200,true,55,55,51
1767618726586,51,200,true,55,55,51
1767618726587,50,200,true,55,55,50
1767618726588,50,200,true,55,55,50
1767618726589,50,200,true,55,55,50
1767618726590,50,200,true,55,55,50
1767618726591,50,200,true,55,55,50
1767618726592,50,200,true,55,55,50
1767618726592,51,200,true,55,55,51
1767618726593,51,200,true,55,55,51
1767618726594,51,200,true,55,55,51
1767618726595,51,200,true,55,55,51
1767618726596,51,200,true,55,55,51
1767618726597,51,200,true,55,55,51
1767618726598,51,200,true,55,55,51
1767618726599,51,200,true,55,55,51
1767618726600,51,200,true,55,55,51
1767618726601,51,200,true,55,55,51
1767618726602,50,200,true,55,55,50
1767618726603,50,200,true,55,55,50
1767618726604,50,200,true,55,55,50
1767618726605,50,200,true,55,55,50
1767618726606,50,200,true,55,55,50
1767618726606,51,200,true,55,55,51
1767618726607,51,200,true,55,55,51
1767618726608,51,200,true,55,55,51
1767618726609,51,200,true,55,55,51
1767618726610,51,200,true,55,55,51
1767618726611,51,200,true,55,55,51
1767618726612,51,200,true,55,55,51
1767618726613,51,200,true,55,55,51
1767618726614,51,200,true,55,55,51
1767618726615,50,200,true,55,55,50
1767618726616,51,200,true,55,55,51
1767618726617,51,200,true,55,55,51
1767618726618,51,200,true,55,55,51
1767618726619,51,200,true,55,55,51
1767618726620,50,200,true,55,55,50
1767618726621,50,200,true,55,55,50
1767618726622,50,200,true,55,55,50
1767618726622,51,200,true,55,55,51
1767618726623,51,200,true,55,55,51
1767618726624,51,200,true,55,55,51
1767618726625,51,200,true,55,55,51
1767618726626,51,200,true,55,55,51
1767618726577,101,200,true,55,55,101
1767618726628,51,200,true,55,55,51
1767618726629,51,200,true,55,55,51
1767618726630,51,200,true,55,55,51
1767618726631,51,200,true,55,55,51
1767618726632,50,200,true,55,55,50
1767618726633,50,200,true,55,55,50
1767618726634,51,200,true,55,55,51
1767618726635,51,200,true,55,55,51
1767618726636,50,200,true,55,55,50
1767618726637,50,200,true,55,55,50
1767618726638,50,200,true,55,55,50
1767618726638,51,200,true,55,55,51
1767618726639,51,200,true,55,55,51
1767618726640,51,200,true,55,55,51
1767618726641,51,200,true,55,55,51
1767618726642,51,200,true,55,55,51
1767618726643,51,200,true,55,55,51
1767618726644,51,200,true,55,55,51
1767618726645,51,200,true,55,55,51
1767618726646,51,200,true,55,55,51
1767618726647,50,200,true,55,55,50
1767618726648,50,200,true,55,55,50
1767618726649,50,200,true,55,55,50
1767618726650,50,200,true,55,55,50
1767618726651,50,200,true,55,55,50
1767618726652,50,200,true,55,55,50
1767618726653,50,200,true,55,55,50
1767618726653,51,200,true,55,55,51
1767618726654,51,200,true,55,55,51
1767618726655,51,200,true,55,55,51
1767618726656,51,200,true,55,55,51
1767618726657,51,200,true,55,55,51
1767618726658,51,200,true,55,55,51
1767618726659,51,200,true,55,55,51
1767618726660,51,200,true,55,55,51
1767618726661,51,200,true,55,55,51
1767618726662,51,200,true,55,55,51
1767618726663,50,200,true,55,55,50
1767618726664,50,200,true,55,55,50
1767618726665,50,200,true,55,55,50
1767618726666,50,200,true,55,55,50
1767618726667,50,200,true,55,55,50
1767618726668,50,200,true,55,55,50
1767618726669,50,200,true,55,55,50
1767618726670,50,200,true,55,55,50
1767618726670,51,200,true,55,55,51
1767618726671,51,200,true,55,55,51
1767618726672,51,200,true,55,55,51
1767618726673,51,200,true,55,55,51
1767618726674,51,200,true,55,55,51
1767618726675,51,200,true,55,55,51
1767618726676,51,200,true,55,55,51
1767618726677,51,200,true,55,55,51
1767618726627,102,200,true,55,55,102
1767618726679,51,200,true,55,55,51
1767618726680,50,200,true,55,55,50
1767618726681,50,200,true,55,55,50
1767618726682,50,200,true,55,55,50
1767618726683,50,200,true,55,55,50
1767618726683,51,200,true,55,55,51
1767618726685,50,200,true,55,55,50
1767618726686,50,200,true,55,55,50
1767618726687,50,200,true,55,55,50
1767618726687,51,200,true,55,55,51
1767618726688,51,200,true,55,55,51
1767618726689,51,200,true,55,55,51
1767618726690,51,200,true,55,55,51
1767618726691,51,200,true,55,55,51
1767618726692,51,200,true,55,55,51
1767618726693,51,200,true,55,55,51
1767618726694,51,200,true,55,55,51
1767618726695,50,200,true,55,55,50
1767618726696,50,200,true,55,55,50
1767618726697,50,200,true,55,55,50
1767618726697,51,200,true,55,55,51
1767618726698,51,200,true,55,55,51
1767618726699,51,200,true,55,55,51
1767618726700,51,200,true,55,55,51
1767618726701,51,200,true,55,55,51
1767618726702,51,200,true,55,55,51
1767618726703,51,200,true,55,55,51
1767618726704,51,200,true,55,55,51
1767618726705,51,200,true,55,55,51
1767618726706,51,200,true,55,55,51
1767618726707,51,200,true,55,55,51
1767618726708,51,200,true,55,55,51
1767618726709,51,200,true,55,55,51
1767618726710,50,200,true,55,55,50
1767618726711,50,200,true,55,55,50
1767618726712,50,200,true,55,55,50
1767618726713,50,200,true,55,55,50
1767618726714,50,200,true,55,55,50
1767618726714,51,200,true,55,55,51
1767618726715,51,200,true,55,55,51
1767618726716,51,200,true,55,55,51
1767618726717,51,200,true,55,55,51
1767618726718,51,200,true,55,55,51
1767618726719,51,200,true,55,55,51
1767618726720,51,200,true,55,55,51
1767618726721,51,200,true,55,55,51
1767618726722,51,200,true,55,55,51
1767618726723,51,200,true,55,55,51
1767618726724,51,200,true,55,55,51
1767618726725,51,200,true,55,55,51
1767618726726,51,200,true,55,55,51
1767618726727,51,200,true,55,55,51
1767618726728,51,200,true,55,55,51
1767618726678,102,200,true,55,55,102
1767618726730,51,200,true,55,55,51
1767618726731,51,200,true,55,55,51
1767618726732,51,200,true,55,55,51
1767618726732,52,200,true,55,55,52
1767618726733,52,200,true,55,55,52
1767618726734,52,200,true,55,55,52
1767618726735,52,200,true,55,55,52
1767618726736,52,200,true,55,55,52
1767618726737,52,200,true,55,55,52
1767618726738,52,200,true,55,55,52
1767618726739,52,200,true,55,55,52
1767618726740,52,200,true,55,55,52
1767618726741,52,200,true,55,55,52
1767618726742,52,200,true,55,55,52
1767618726743,52,200,true,55,55,52
1767618726744,52,200,true,55,55,52
1767618726745,52,200,true,55,55,52
1767618726745,53,200,true,55,55,53
1767618726746,53,200,true,55,55,53
1767618726747,53,200,true,55,55,53
1767618726748,53,200,true,55,55,53
1767618726749,53,200,true,55,55,53
1767618726750,53,200,true,55,55,53
1767618726751,53,200,true,55,55,53
1767618726752,53,200,true,55,55,53
1767618726753,53,200,true,55,55,53
1767618726754,53,200,true,55,55,53
1767618726755,53,200,true,55,55,53
1767618726756,53,200,true,55,55,53
1767618726757,53,200,true,55,55,53
1767618726758,53,200,true,55,55,53
1767618726759,53,200,true,55,55,53
1767618726760,53,200,true,55,55,53
1767618726760,54,200,true,55,55,54
1767618726761,54,200,true,55,55,54
1767618726762,54,200,true,55,55,54
1767618726763,54,200,true,55,55,54
1767618726764,53,200,true,55,55,53
1767618726765,53,200,true,55,55,53
1767618726766,53,200,true,55,55,53
1767618726767,53,200,true,55,55,53
1767618726768,53,200,true,55,55,53
1767618726769,53,200,true,55,55,53
1767618726770,53,200,true,55,55,53
1767618726771,53,200,true,55,55,53
1767618726772,53,200,true,55,55,53
1767618726774,52,200,true,55,55,52
1767618726774,53,200,true,55,55,53
1767618726776,52,200,true,55,55,52
1767618726776,53,200,true,55,55,53
1767618726777,53,200,true,55,55,53
1767618726778,53,200,true,55,55,53
1767618726779,53,200,true,55,55,53
1767618726729,104,200,true,55,55,104
1767618726781,53,200,true,55,55,53
1767618726782,53,200,true,55,55,53
1767618726783,53,200,true,55,55,53
1767618726784,53,200,true,55,55,53
1767618726785,52,200,true,55,55,52
1767618726786,52,200,true,55,55,52
1767618726787,52,200,true,55,55,52
1767618726789,51,200,true,55,55,51
1767618726790,51,200,true,55,55,51
1767618726790,52,200,true,55,55,52
1767618726791,52,200,true,55,55,52
1767618726792,52,200,true,55,55,52
1767618726793,52,200,true,55,55,52
1767618726794,52,200,true,55,55,52
1767618726795,52,200,true,55,55,52
1767618726796,52,200,true,55,55,52
1767618726797,52,200,true,55,55,52
1767618726798,52,200,true,55,55,52
1767618726799,52,200,true,55,55,52
1767618726800,52,200,true,55,55,52
1767618726801,52,200,true,55,55,52
1767618726802,51,200,true,55,55,51
1767618726803,51,200,true,55,55,51
1767618726804,51,200,true,55,55,51
1767618726805,51,200,true,55,55,51
1767618726806,51,200,true,55,55,51
1767618726807,51,200,true,55,55,51
1767618726808,51,200,true,55,55,51
1767618726809,51,200,true,55,55,51
1767618726810,51,200,true,55,55,51
1767618726811,51,200,true,55,55,51
1767618726812,51,200,true,55,55,51
1767618726813,51,200,true,55,55,51
1767618726814,51,200,true,55,55,51
1767618726815,51,200,true,55,55,51
1767618726816,51,200,true,55,55,51
1767618726817,51,200,true,55,55,51
1767618726817,51,200,true,55,55,51
1767618726818,51,200,true,55,55,51
1767618726819,51,200,true,55,55,51
1767618726820,51,200,true,55,55,51
1767618726821,51,200,true,55,55,51
1767618726822,51,200,true,55,55,51
1767618726823,51,200,true,55,55,51
1767618726824,51,200,true,55,55,51
1767618726825,51,200,true,55,55,51
1767618726826,51,200,true,55,55,51
1767618726827,51,200,true,55,55,51
1767618726828,51,200,true,55,55,51
1767618726829,51,200,true,55,55,51
1767618726830,51,200,true,55,55,51
1767618726831,51,200,true,55,55,51
1767618726832,51,200,true,55,55,51
1767618726780,104,200,true,55,55,104
1767618726834,51,200,true,55,55,51
1767618726835,51,200,true,55,55,51
1767618726836,51,200,true,55,55,51
1767618726837,51,200,true,55,55,51
1767618726837,52,200,true,55,55,52
1767618726838,52,200,true,55,55,52
1767618726839,52,200,true,55,55,52
1767618726840,52,200,true,55,55,52
1767618726841,52,200,true,55,55,52
1767618726842,52,200,true,55,55,52
1767618726843,52,200,true,55,55,52
1767618726844,52,200,true,55,55,52
1767618726845,52,200,true,55,55,52
1767618726846,52,200,true,55,55,52
1767618726847,52,200,true,55,55,52
1767618726848,52,200,true,55,55,52
1767618726849,52,200,true,55,55,52
1767618726850,52,200,true,55,55,52
1767618726851,51,200,true,55,55,51
1767618726852,51,200,true,55,55,51
1767618726853,51,200,true,55,55,51
1767618726853,52,200,true,55,55,52
1767618726854,52,200,true,55,55,52
1767618726855,52,200,true,55,55,52
1767618726856,52,200,true,55,55,52
1767618726857,52,200,true,55,55,52
1767618726858,53,200,true,55,55,53
1767618726859,53,200,true,55,55,53
1767618726860,53,200,true,55,55,53
1767618726861,52,200,true,55,55,52
1767618726862,52,200,true,55,55,52
1767618726863,52,200,true,55,55,52
1767618726864,52,200,true,55,55,52
1767618726865,52,200,true,55,55,52
1767618726866,52,200,true,55,55,52
1767618726867,52,200,true,55,55,52
1767618726868,52,200,true,55,55,52
1767618726868,53,200,true,55,55,53
1767618726869,53,200,true,55,55,53
1767618726870,53,200,true,55,55,53
1767618726871,53,200,true,55,55,53
1767618726872,53,200,true,55,55,53
1767618726873,53,200,true,55,55,53
1767618726874,53,200,true,55,55,53
1767618726875,53,200,true,55,55,53
1767618726876,53,200,true,55,55,53
1767618726877,53,200,true,55,55,53
1767618726878,53,200,true,55,55,53
1767618726879,53,200,true,55,55,53
1767618726880,53,200,true,55,55,53
1767618726881,53,200,true,55,55,53
1767618726882,53,200,true,55,55,53
1767618726883,53,200,true,55,55,53
1767618726833,103,200,true,55,55,103
1767618726885,52,200,true,55,55,52
1767618726886,52,200,true,55,55,52
1767618726887,52,200,true,55,55,52
1767618726888,52,200,true,55,55,52
1767618726889,52,200,true,55,55,52
1767618726890,52,200,true,55,55,52
1767618726891,52,200,true,55,55,52
1767618726892,52,200,true,55,55,52
1767618726893,52,200,true,55,55,52
1767618726894,52,200,true,55,55,52
1767618726895,52,200,true,55,55,52
1767618726896,52,200,true,55,55,52
1767618726897,52,200,true,55,55,52
1767618726898,52,200,true,55,55,52
1767618726899,52,200,true,55,55,52
1767618726900,52,200,true,55,55,52
1767618726901,52,200,true,55,55,52
1767618726902,51,200,true,55,55,51
1767618726902,52,200,true,55,55,52
1767618726903,52,200,true,55,55,52
1767618726904,52,200,true,55,55,52
1767618726905,52,200,true,55,55,52
1767618726906,52,200,true,55,55,52
1767618726907,52,200,true,55,55,52
1767618726908,52,200,true,55,55,52
1767618726909,52,200,true,55,55,52
1767618726911,51,200,true,55,55,51
1767618726912,51,200,true,55,55,51
1767618726913,51,200,true,55,55,51
1767618726914,51,200,true,55,55,51
1767618726914,52,200,true,55,55,52
1767618726915,52,200,true,55,55,52
1767618726916,52,200,true,55,55,52
1767618726917,52,200,true,55,55,52
1767618726918,52,200,true,55,55,52
1767618726919,51,200,true,55,55,51
1767618726920,51,200,true,55,55,51
1767618726921,51,200,true,55,55,51
1767618726922,51,200,true,55,55,51
1767618726923,51,200,true,55,55,51
1767618726924,51,200,true,55,55,51
1767618726925,51,200,true,55,55,51
1767618726926,51,200,true,55,55,51
1767618726927,51,200,true,55,55,51
1767618726928,51,200,true,55,55,51
1767618726929,51,200,true,55,55,51
1767618726930,51,200,true,55,55,51
1767618726931,51,200,true,55,55,51
1767618726932,51,200,true,55,55,51
1767618726933,51,200,true,55,55,51
1767618726934,51,200,true,55,55,51
1767618726935,51,200,true,55,55,51
1767618726936,50,200,true,55,55,50
1767618726884,103,200,true,55,55,103
1767618726937,51,200,true,55,55,51
1767618726938,51,200,true,55,55,51
1767618726939,51,200,true,55,55,51
1767618726940,51,200,true,55,55,51
1767618726941,51,200,true,55,55,51
1767618726942,51,200,true,55,55,51
1767618726943,51,200,true,55,55,51
1767618726944,51,200,true,55,55,51
1767618726945,51,200,true,55,55,51
1767618726946,51,200,true,55,55,51
1767618726947,51,200,true,55,55,51
1767618726948,51,200,true,55,55,51
1767618726949,51,200,true,55,55,51
1767618726950,51,200,true,55,55,51
1767618726951,50,200,true,55,55,50
1767618726952,50,200,true,55,55,50
1767618726953,50,200,true,55,55,50
1767618726954,50,200,true,55,55,50
1767618726954,51,200,true,55,55,51
1767618726955,51,200,true,55,55,51
1767618726956,51,200,true,55,55,51
1767618726957,51,200,true,55,55,51
1767618726958,51,200,true,55,55,51
1767618726959,51,200,true,55,55,51
1767618726960,51,200,true,55,55,51
1767618726961,51,200,true,55,55,51
1767618726962,50,200,true,55,55,50
1767618726963,51,200,true,55,55,51
1767618726964,51,200,true,55,55,51
1767618726965,51,200,true,55,55,51
1767618726966,50,200,true,55,55,50
1767618726967,50,200,true,55,55,50
1767618726968,50,200,true,55,55,50
1767618726969,50,200,true,55,55,50
1767618726970,50,200,true,55,55,50
1767618726970,51,200,true,55,55,51
1767618726971,51,200,true,55,55,51
1767618726972,51,200,true,55,55,51
1767618726973,51,200,true,55,55,51
1767618726974,51,200,true,55,55,51
1767618726975,51,200,true,55,55,51
1767618726976,51,200,true,55,55,51
1767618726977,51,200,true,55,55,51
1767618726978,50,200,true,55,55,50
1767618726979,50,200,true,55,55,50
1767618726980,50,200,true,55,55,50
1767618726981,51,200,true,55,55,51
1767618726982,51,200,true,55,55,51
1767618726983,50,200,true,55,55,50
1767618726984,50,200,true,55,55,50
1767618726985,50,200,true,55,55,50
1767618726986,50,200,true,55,55,50
1767618726986,51,200,true,55,55,51
1767618726937,101,200,true,55,55,101
1767618726988,51,200,true,55,55,51
1767618726989,51,200,true,55,55,51
1767618726990,51,200,true,55,55,51
1767618726991,51,200,true,55,55,51
1767618726992,51,200,true,55,55,51
1767618726993,51,200,true,55,55,51
1767618726994,50,200,true,55,55,50
1767618726995,50,200,true,55,55,50
1767618726996,50,200,true,55,55,50
1767618726997,50,200,true,55,55,50
1767618726998,50,200,true,55,55,50
1767618726999,50,200,true,55,55,50
1767618727000,50,200,true,55,55,50
1767618727001,50,200,true,55,55,50
1767618727002,50,200,true,55,55,50
1767618727002,51,200,true,55,55,51
1767618727003,51,200,true,55,55,51
1767618727004,51,200,true,55,55,51
1767618727005,51,200,true,55,55,51
1767618727006,51,200,true,55,55,51
1767618727007,51,200,true,55,55,51
1767618727008,50,200,true,55,55,50
1767618727009,50,200,true,55,55,50
1767618727010,50,200,true,55,55,50
1767618727011,50,200,true,55,55,50
1767618727012,50,200,true,55,55,50
1767618727012,51,200,true,55,55,51
1767618727014,50,200,true,55,55,50
1767618727015,50,200,true,55,55,50
1767618727016,50,200,true,55,55,50
1767618727016,51,200,true,55,55,51
1767618727017,51,200,true,55,55,51
1767618727018,51,200,true,55,55,51
1767618727019,51,200,true,55,55,51
1767618727020,51,200,true,55,55,51
1767618727021,51,200,true,55,55,51
1767618727022,51,200,true,55,55,51
1767618727023,51,200,true,55,55,51
1767618727024,50,200,true,55,55,50
1767618727025,50,200,true,55,55,50
1767618727026,50,200,true,55,55,50
1767618727027,50,200,true,55,55,50
1767618727028,50,200,true,55,55,50
1767618727028,51,200,true,55,55,51
1767618727029,51,200,true,55,55,51
1767618727030,51,200,true,55,55,51
1767618727032,50,200,true,55,55,50
1767618727033,50,200,true,55,55,50
1767618727033,51,200,true,55,55,51
1767618727034,51,200,true,55,55,51
1767618727035,51,200,true,55,55,51
1767618727036,51,200,true,55,55,51
1767618727037,51,200,true,55,55,51
1767618726987,102,200,true,55,55,102
1767618727039,51,200,true,55,55,51
1767618727040,50,200,true,55,55,50
1767618727041,50,200,true,55,55,50
1767618727042,50,200,true,55,55,50
1767618727043,50,200,true,55,55,50
1767618727044,50,200,true,55,55,50
1767618727044,51,200,true,55,55,51
1767618727045,51,200,true,55,55,51
1767618727046,51,200,true,55,55,51
1767618727047,51,200,true,55,55,51
1767618727048,51,200,true,55,55,51
1767618727049,51,200,true,55,55,51
1767618727050,51,200,true,55,55,51
1767618727051,51,200,true,55,55,51
1767618727052,51,200,true,55,55,51
1767618727053,51,200,true,55,55,51
1767618727054,51,200,true,55,55,51
1767618727055,50,200,true,55,55,50
1767618727056,50,200,true,55,55,50
1767618727057,50,200,true,55,55,50
1767618727058,50,200,true,55,55,50
1767618727058,51,200,true,55,55,51
1767618727059,51,200,true,55,55,51
1767618727060,51,200,true,55,55,51
1767618727061,51,200,true,55,55,51
1767618727062,51,200,true,55,55,51
1767618727063,51,200,true,55,55,51
1767618727064,51,200,true,55,55,51
1767618727065,51,200,true,55,55,51
1767618727066,51,200,true,55,55,51
1767618727067,51,200,true,55,55,51
1767618727068,51,200,true,55,55,51
1767618727069,51,200,true,55,55,51
1767618727070,51,200,true,55,55,51
1767618727071,51,200,true,55,55,51
1767618727072,50,200,true,55,55,50
1767618727073,50,200,true,55,55,50
1767618727074,50,200,true,55,55,50
1767618727074,51,200,true,55,55,51
1767618727075,51,200,true,55,55,51
1767618727076,51,200,true,55,55,51
1767618727077,51,200,true,55,55,51
1767618727078,51,200,true,55,55,51
1767618727079,51,200,true,55,55,51
1767618727080,51,200,true,55,55,51
1767618727081,51,200,true,55,55,51
1767618727082,51,200,true,55,55,51
1767618727083,51,200,true,55,55,51
1767618727084,51,200,true,55,55,51
1767618727085,51,200,true,55,55,51
1767618727086,51,200,true,55,55,51
1767618727087,51,200,true,55,55,51
1767618727088,50,200,true,55,55,50
1767618727038,101,200,true,55,55,101
1767618727090,50,200,true,55,55,50
1767618727090,51,200,true,55,55,51
1767618727091,51,200,true,55,55,51
1767618727092,51,200,true,55,55,51
1767618727093,51,200,true,55,55,51
1767618727094,51,200,true,55,55,51
1767618727095,51,200,true,55,55,51
1767618727096,51,200,true,55,55,51
1767618727097,51,200,true,55,55,51
1767618727098,51,200,true,55,55,51
1767618727099,50,200,true,55,55,50
1767618727100,51,200,true,55,55,51
1767618727101,51,200,true,55,55,51
1767618727102,51,200,true,55,55,51
1767618727103,50,200,true,55,55,50
1767618727104,50,200,true,55,55,50
1767618727105,50,200,true,55,55,50
1767618727105,51,200,true,55,55,51
1767618727106,51,200,true,55,55,51
1767618727107,51,200,true,55,55,51
1767618727108,51,200,true,55,55,51
1767618727109,51,200,true,55,55,51
1767618727110,51,200,true,55,55,51
1767618727111,51,200,true,55,55,51
1767618727112,51,200,true,55,55,51
1767618727113,51,200,true,55,55,51
1767618727114,50,200,true,55,55,50
1767618727115,50,200,true,55,55,50
1767618727116,50,200,true,55,55,50
1767618727117,51,200,true,55,55,51
1767618727118,51,200,true,55,55,51
1767618727119,51,200,true,55,55,51
1767618727120,50,200,true,55,55,50
1767618727121,50,200,true,55,55,50
1767618727122,50,200,true,55,55,50
1767618727122,51,200,true,55,55,51
1767618727123,51,200,true,55,55,51
1767618727124,51,200,true,55,55,51
1767618727125,51,200,true,55,55,51
1767618727126,51,200,true,55,55,51
1767618727127,51,200,true,55,55,51
1767618727128,51,200,true,55,55,51
1767618727129,51,200,true,55,55,51
1767618727130,51,200,true,55,55,51
1767618727131,51,200,true,55,55,51
1767618727132,50,200,true,55,55,50
1767618727133,50,200,true,55,55,50
1767618727134,50,200,true,55,55,50
1767618727135,51,200,true,55,55,51
1767618727136,50,200,true,55,55,50
1767618727137,50,200,true,55,55,50
1767618727138,50,200,true,55,55,50
1767618727139,50,200,true,55,55,50
1767618727089,101,200,true,55,55,101
1767618727140,51,200,true,55,55,51
1767618727141,51,200,true,55,55,51
1767618727142,51,200,true,55,55,51
1767618727143,51,200,true,55,55,51
1767618727144,51,200,true,55,55,51
1767618727145,51,200,true,55,55,51
1767618727146,51,200,true,55,55,51
1767618727147,51,200,true,55,55,51
1767618727148,50,200,true,55,55,50
1767618727149,50,200,true,55,55,50
1767618727149,51,200,true,55,55,51
1767618727151,50,200,true,55,55,50
1767618727152,50,200,true,55,55,50
1767618727153,50,200,true,55,55,50
1767618727154,50,200,true,55,55,50
1767618727154,51,200,true,55,55,51
1767618727155,51,200,true,55,55,51
1767618727156,51,200,true,55,55,51
1767618727157,51,200,true,55,55,51
1767618727158,51,200,true,55,55,51
1767618727159,51,200,true,55,55,51
1767618727160,51,200,true,55,55,51
1767618727161,51,200,true,55,55,51
1767618727162,50,200,true,55,55,50
1767618727163,50,200,true,55,55,50
1767618727164,50,200,true,55,55,50
1767618727165,50,200,true,55,55,50
1767618727165,51,200,true,55,55,51
1767618727166,51,200,true,55,55,51
1767618727168,50,200,true,55,55,50
1767618727169,50,200,true,55,55,50
1767618727170,50,200,true,55,55,50
1767618727170,51,200,true,55,55,51
1767618727171,51,200,true,55,55,51
1767618727172,51,200,true,55,55,51
1767618727173,51,200,true,55,55,51
1767618727174,51,200,true,55,55,51
1767618727175,51,200,true,55,55,51
1767618727176,51,200,true,55,55,51
1767618727177,51,200,true,55,55,51
1767618727178,51,200,true,55,55,51
1767618727179,50,200,true,55,55,50
1767618727180,50,200,true,55,55,50
1767618727181,50,200,true,55,55,50
1767618727182,50,200,true,55,55,50
1767618727182,51,200,true,55,55,51
1767618727183,51,200,true,55,55,51
1767618727184,51,200,true,55,55,51
1767618727186,50,200,true,55,55,50
1767618727187,50,200,true,55,55,50
1767618727188,50,200,true,55,55,50
1767618727188,51,200,true,55,55,51
1767618727189,51,200,true,55,55,51
1767618727139,102,200,true,55,55,102
1767618727191,51,200,true,55,55,51
1767618727192,51,200,true,55,55,51
1767618727193,51,200,true,55,55,51
1767618727194,50,200,true,55,55,50
1767618727195,50,200,true,55,55,50
1767618727196,50,200,true,55,55,50
1767618727197,50,200,true,55,55,50
1767618727198,50,200,true,55,55,50
1767618727199,50,200,true,55,55,50
1767618727199,51,200,true,55,55,51
1767618727200,51,200,true,55,55,51
1767618727201,51,200,true,55,55,51
1767618727203,50,200,true,55,55,50
1767618727203,51,200,true,55,55,51
1767618727204,51,200,true,55,55,51
1767618727205,51,200,true,55,55,51
1767618727206,51,200,true,55,55,51
1767618727207,51,200,true,55,55,51
1767618727208,51,200,true,55,55,51
1767618727209,51,200,true,55,55,51
1767618727210,50,200,true,55,55,50
1767618727211,50,200,true,55,55,50
1767618727212,50,200,true,55,55,50
1767618727213,50,200,true,55,55,50
1767618727213,51,200,true,55,55,51
1767618727214,51,200,true,55,55,51
1767618727215,51,200,true,55,55,51
1767618727216,51,200,true,55,55,51
1767618727217,51,200,true,55,55,51
1767618727218,51,200,true,55,55,51
1767618727219,51,200,true,55,55,51
1767618727220,51,200,true,55,55,51
1767618727221,51,200,true,55,55,51
1767618727222,51,200,true,55,55,51
1767618727223,51,200,true,55,55,51
1767618727224,51,200,true,55,55,51
1767618727225,50,200,true,55,55,50
1767618727226,50,200,true,55,55,50
1767618727227,50,200,true,55,55,50
1767618727228,50,200,true,55,55,50
1767618727229,50,200,true,55,55,50
1767618727229,51,200,true,55,55,51
1767618727230,51,200,true,55,55,51
1767618727231,51,200,true,55,55,51
1767618727232,51,200,true,55,55,51
1767618727233,51,200,true,55,55,51
1767618727234,51,200,true,55,55,51
1767618727235,51,200,true,55,55,51
1767618727236,51,200,true,55,55,51
1767618727237,51,200,true,55,55,51
1767618727238,51,200,true,55,55,51
1767618727239,51,200,true,55,55,51
1767618727240,51,200,true,55,55,51
1767618727190,102,200,true,55,55,102
1767618727242,51,200,true,55,55,51
1767618727243,50,200,true,55,55,50
1767618727244,50,200,true,55,55,50
1767618727245,50,200,true,55,55,50
1767618727245,51,200,true,55,55,51
1767618727246,51,200,true,55,55,51
1767618727247,51,200,true,55,55,51
1767618727249,50,200,true,55,55,50
1767618727249,51,200,true,55,55,51
1767618727250,51,200,true,55,55,51
1767618727251,51,200,true,55,55,51
1767618727252,51,200,true,55,55,51
1767618727253,50,200,true,55,55,50
1767618727254,51,200,true,55,55,51
1767618727255,51,200,true,55,55,51
1767618727256,50,200,true,55,55,50
1767618727257,50,200,true,55,55,50
1767618727258,50,200,true,55,55,50
1767618727259,50,200,true,55,55,50
1767618727260,50,200,true,55,55,50
1767618727260,51,200,true,55,55,51
1767618727261,51,200,true,55,55,51
1767618727262,51,200,true,55,55,51
1767618727263,51,200,true,55,55,51
1767618727264,51,200,true,55,55,51
1767618727265,51,200,true,55,55,51
1767618727266,51,200,true,55,55,51
1767618727267,50,200,true,55,55,50
1767618727268,50,200,true,55,55,50
1767618727269,50,200,true,55,55,50
1767618727270,50,200,true,55,55,50
1767618727271,50,200,true,55,55,50
1767618727272,50,200,true,55,55,50
1767618727273,50,200,true,55,55,50
1767618727274,50,200,true,55,55,50
1767618727275,50,200,true,55,55,50
1767618727276,50,200,true,55,55,50
1767618727276,51,200,true,55,55,51
1767618727277,51,200,true,55,55,51
1767618727278,51,200,true,55,55,51
1767618727279,51,200,true,55,55,51
1767618727280,51,200,true,55,55,51
1767618727281,51,200,true,55,55,51
1767618727282,51,200,true,55,55,51
1767618727283,51,200,true,55,55,51
1767618727284,51,200,true,55,55,51
1767618727285,51,200,true,55,55,51
1767618727286,51,200,true,55,55,51
1767618727287,51,200,true,55,55,51
1767618727288,51,200,true,55,55,51
1767618727289,51,200,true,55,55,51
1767618727290,51,200,true,55,55,51
1767618727291,51,200,true,55,55,51
1767618727241,102,200,true,55,55,102
1767618727293,51,200,true,55,55,51
1767618727293,52,200,true,55,55,52
1767618727294,51,200,true,55,55,51
1767618727295,51,200,true,55,55,51
1767618727296,51,200,true,55,55,51
1767618727297,51,200,true,55,55,51
1767618727298,51,200,true,55,55,51
1767618727299,51,200,true,55,55,51
1767618727300,51,200,true,55,55,51
1767618727301,51,200,true,55,55,51
1767618727302,51,200,true,55,55,51
1767618727303,51,200,true,55,55,51
1767618727303,52,200,true,55,55,52
1767618727305,51,200,true,55,55,51
1767618727306,51,200,true,55,55,51
1767618727306,52,200,true,55,55,52
1767618727307,52,200,true,55,55,52
1767618727308,52,200,true,55,55,52
1767618727309,52,200,true,55,55,52
1767618727310,51,200,true,55,55,51
1767618727311,51,200,true,55,55,51
1767618727312,51,200,true,55,55,51
1767618727313,51,200,true,55,55,51
1767618727314,51,200,true,55,55,51
1767618727315,51,200,true,55,55,51
1767618727316,51,200,true,55,55,51
1767618727317,51,200,true,55,55,51
1767618727318,51,200,true,55,55,51
1767618727318,52,200,true,55,55,52
1767618727319,52,200,true,55,55,52
1767618727320,52,200,true,55,55,52
1767618727321,52,200,true,55,55,52
1767618727322,52,200,true,55,55,52
1767618727323,52,200,true,55,55,52
1767618727324,52,200,true,55,55,52
1767618727325,52,200,true,55,55,52
1767618727326,51,200,true,55,55,51
1767618727327,51,200,true,55,55,51
1767618727328,51,200,true,55,55,51
1767618727329,51,200,true,55,55,51
1767618727330,51,200,true,55,55,51
1767618727331,51,200,true,55,55,51
1767618727332,51,200,true,55,55,51
1767618727333,51,200,true,55,55,51
1767618727334,51,200,true,55,55,51
1767618727335,51,200,true,55,55,51
1767618727336,51,200,true,55,55,51
1767618727337,51,200,true,55,55,51
1767618727338,51,200,true,55,55,51
1767618727339,50,200,true,55,55,50
1767618727340,51,200,true,55,55,51
1767618727341,51,200,true,55,55,51
1767618727342,51,200,true,55,55,51
1767618727292,101,200,true,55,55,101
1767618727344,50,200,true,55,55,50
1767618727345,50,200,true,55,55,50
1767618727346,50,200,true,55,55,50
1767618727346,51,200,true,55,55,51
1767618727347,51,200,true,55,55,51
1767618727348,51,200,true,55,55,51
1767618727349,51,200,true,55,55,51
1767618727350,51,200,true,55,55,51
1767618727351,51,200,true,55,55,51
1767618727352,51,200,true,55,55,51
1767618727353,51,200,true,55,55,51
1767618727354,50,200,true,55,55,50
1767618727355,50,200,true,55,55,50
1767618727356,50,200,true,55,55,50
1767618727357,50,200,true,55,55,50
1767618727358,50,200,true,55,55,50
1767618727359,50,200,true,55,55,50
1767618727360,50,200,true,55,55,50
1767618727361,50,200,true,55,55,50
1767618727361,51,200,true,55,55,51
1767618727362,51,200,true,55,55,51
1767618727363,51,200,true,55,55,51
1767618727364,51,200,true,55,55,51
1767618727365,51,200,true,55,55,51
1767618727366,51,200,true,55,55,51
1767618727367,50,200,true,55,55,50
1767618727368,50,200,true,55,55,50
1767618727369,50,200,true,55,55,50
1767618727370,50,200,true,55,55,50
1767618727371,50,200,true,55,55,50
1767618727372,50,200,true,55,55,50
1767618727373,50,200,true,55,55,50
1767618727374,50,200,true,55,55,50
1767618727375,50,200,true,55,55,50
1767618727376,50,200,true,55,55,50
1767618727377,50,200,true,55,55,50
1767618727377,51,200,true,55,55,51
1767618727378,51,200,true,55,55,51
1767618727379,51,200,true,55,55,51
1767618727380,51,200,true,55,55,51
1767618727381,51,200,true,55,55,51
1767618727382,51,200,true,55,55,51
1767618727383,50,200,true,55,55,50
1767618727384,50,200,true,55,55,50
1767618727385,50,200,true,55,55,50
1767618727386,50,200,true,55,55,50
1767618727387,50,200,true,55,55,50
1767618727388,50,200,true,55,55,50
1767618727389,50,200,true,55,55,50
1767618727390,50,200,true,55,55,50
1767618727391,50,200,true,55,55,50
1767618727392,50,200,true,55,55,50
1767618727393,50,200,true,55,55,50
1767618727343,101,200,true,55,55,101
1767618727395,50,200,true,55,55,50
1767618727395,51,200,true,55,55,51
1767618727396,51,200,true,55,55,51
1767618727397,51,200,true,55,55,51
1767618727398,51,200,true,55,55,51
1767618727399,50,200,true,55,55,50
1767618727400,50,200,true,55,55,50
1767618727401,50,200,true,55,55,50
1767618727402,50,200,true,55,55,50
1767618727403,50,200,true,55,55,50
1767618727404,50,200,true,55,55,50
1767618727405,50,200,true,55,55,50
1767618727405,51,200,true,55,55,51
1767618727406,51,200,true,55,55,51
1767618727407,51,200,true,55,55,51
1767618727408,51,200,true,55,55,51
1767618727409,51,200,true,55,55,51
1767618727410,51,200,true,55,55,51
1767618727411,51,200,true,55,55,51
1767618727412,51,200,true,55,55,51
1767618727413,50,200,true,55,55,50
1767618727414,50,200,true,55,55,50
1767618727415,50,200,true,55,55,50
1767618727416,50,200,true,55,55,50
1767618727417,50,200,true,55,55,50
1767618727418,50,200,true,55,55,50
1767618727418,51,200,true,55,55,51
1767618727419,51,200,true,55,55,51
1767618727420,51,200,true,55,55,51
1767618727421,51,200,true,55,55,51
1767618727422,51,200,true,55,55,51
1767618727423,51,200,true,55,55,51
1767618727424,50,200,true,55,55,50
1767618727425,51,200,true,55,55,51
1767618727426,51,200,true,55,55,51
1767618727427,51,200,true,55,55,51
1767618727428,50,200,true,55,55,50
1767618727429,50,200,true,55,55,50
1767618727430,50,200,true,55,55,50
1767618727431,50,200,true,55,55,50
1767618727432,50,200,true,55,55,50
1767618727433,50,200,true,55,55,50
1767618727433,51,200,true,55,55,51
1767618727435,50,200,true,55,55,50
1767618727435,51,200,true,55,55,51
1767618727436,51,200,true,55,55,51
1767618727437,51,200,true,55,55,51
1767618727438,51,200,true,55,55,51
1767618727439,51,200,true,55,55,51
1767618727440,50,200,true,55,55,50
1767618727441,50,200,true,55,55,50
1767618727442,51,200,true,55,55,51
1767618727443,51,200,true,55,55,51
1767618727393,101,200,true,55,55,101
1767618727445,50,200,true,55,55,50
1767618727446,50,200,true,55,55,50
1767618727447,50,200,true,55,55,50
1767618727448,50,200,true,55,55,50
1767618727449,50,200,true,55,55,50
1767618727449,51,200,true,55,55,51
1767618727450,51,200,true,55,55,51
1767618727451,51,200,true,55,55,51
1767618727452,51,200,true,55,55,51
1767618727453,51,200,true,55,55,51
1767618727454,51,200,true,55,55,51
1767618727455,51,200,true,55,55,51
1767618727456,50,200,true,55,55,50
1767618727457,50,200,true,55,55,50
1767618727458,50,200,true,55,55,50
1767618727459,51,200,true,55,55,51
1767618727460,52,200,true,55,55,52
1767618727461,53,200,true,55,55,53
1767618727462,54,200,true,55,55,54
1767618727463,55,200,true,55,55,55
1767618727464,55,200,true,55,55,55
1767618727464,56,200,true,55,55,56
1767618727465,56,200,true,55,55,56
1767618727466,56,200,true,55,55,56
1767618727467,56,200,true,55,55,56
1767618727468,56,200,true,55,55,56
1767618727469,56,200,true,55,55,56
1767618727470,56,200,true,55,55,56
1767618727471,56,200,true,55,55,56
1767618727472,56,200,true,55,55,56
1767618727473,56,200,true,55,55,56
1767618727474,56,200,true,55,55,56
1767618727475,56,200,true,55,55,56
1767618727476,56,200,true,55,55,56
1767618727477,56,200,true,55,55,56
1767618727478,56,200,true,55,55,56
1767618727479,56,200,true,55,55,56
1767618727479,57,200,true,55,55,57
1767618727480,57,200,true,55,55,57
1767618727481,57,200,true,55,55,57
1767618727482,57,200,true,55,55,57
1767618727483,57,200,true,55,55,57
1767618727484,57,200,true,55,55,57
1767618727485,57,200,true,55,55,57
1767618727486,57,200,true,55,55,57
1767618727487,57,200,true,55,55,57
1767618727488,57,200,true,55,55,57
1767618727489,57,200,true,55,55,57
1767618727490,57,200,true,55,55,57
1767618727490,58,200,true,55,55,58
1767618727492,57,200,true,55,55,57
1767618727493,57,200,true,55,55,57
1767618727494,58,200,true,55,55,57
1767618727444,108,200,true,55,55,108
1767618727495,58,200,true,55,55,58
1767618727496,58,200,true,55,55,58
1767618727497,58,200,true,55,55,58
1767618727498,58,200,true,55,55,58
1767618727499,58,200,true,55,55,58
1767618727500,58,200,true,55,55,58
1767618727501,58,200,true,55,55,58
1767618727502,58,200,true,55,55,58
1767618727503,58,200,true,55,55,58
1767618727504,58,200,true,55,55,58
1767618727505,58,200,true,55,55,58
1767618727506,58,200,true,55,55,58
1767618727506,59,200,true,55,55,59
1767618727507,59,200,true,55,55,59
1767618727508,59,200,true,55,55,59
1767618727510,59,200,true,55,55,59
1767618727512,58,200,true,55,55,58
1767618727514,58,200,true,55,55,58
1767618727516,57,200,true,55,55,57
1767618727518,55,200,true,55,55,55
1767618727519,55,200,true,55,55,55
1767618727520,55,200,true,55,55,55
1767618727521,55,200,true,55,55,55
1767618727522,55,200,true,55,55,55
1767618727523,55,200,true,55,55,55
1767618727524,55,200,true,55,55,55
1767618727525,55,200,true,55,55,55
1767618727526,55,200,true,55,55,55
1767618727527,55,200,true,55,55,55
1767618727528,55,200,true,55,55,55
1767618727529,55,200,true,55,55,55
1767618727530,55,200,true,55,55,55
1767618727531,54,200,true,55,55,54
1767618727533,53,200,true,55,55,53
1767618727533,55,200,true,55,55,55
1767618727534,55,200,true,55,55,55
1767618727535,54,200,true,55,55,54
1767618727536,54,200,true,55,55,54
1767618727537,54,200,true,55,55,54
1767618727538,54,200,true,55,55,54
1767618727539,54,200,true,55,55,54
1767618727540,54,200,true,55,55,54
1767618727541,54,200,true,55,55,54
1767618727542,54,200,true,55,55,54
1767618727543,54,200,true,55,55,54
1767618727544,54,200,true,55,55,54
1767618727545,54,200,true,55,55,54
1767618727546,54,200,true,55,55,54
1767618727547,53,200,true,55,55,53
1767618727548,53,200,true,55,55,53
1767618727549,53,200,true,55,55,53
1767618727550,53,200,true,55,55,53
1767618727552,53,200,true,55,55,52
1767618727495,110,200,true,55,55,110
1767618727553,53,200,true,55,55,53
1767618727554,53,200,true,55,55,53
1767618727555,53,200,true,55,55,53
1767618727556,53,200,true,55,55,53
1767618727557,53,200,true,55,55,53
1767618727558,53,200,true,55,55,53
1767618727559,53,200,true,55,55,53
1767618727560,53,200,true,55,55,53
1767618727561,53,200,true,55,55,53
1767618727562,53,200,true,55,55,53
1767618727563,52,200,true,55,55,52
1767618727564,52,200,true,55,55,52
1767618727565,52,200,true,55,55,52
1767618727566,52,200,true,55,55,52
1767618727567,52,200,true,55,55,52
1767618727569,51,200,true,55,55,51
1767618727570,51,200,true,55,55,51
1767618727572,50,200,true,55,55,50
1767618727573,50,200,true,55,55,50
1767618727574,50,200,true,55,55,50
1767618727574,51,200,true,55,55,51
1767618727575,51,200,true,55,55,51
1767618727576,51,200,true,55,55,51
1767618727577,51,200,true,55,55,51
1767618727578,51,200,true,55,55,51
1767618727579,50,200,true,55,55,50
1767618727580,50,200,true,55,55,50
1767618727581,50,200,true,55,55,50
1767618727582,50,200,true,55,55,50
1767618727583,50,200,true,55,55,50
1767618727584,50,200,true,55,55,50
1767618727585,50,200,true,55,55,50
1767618727585,51,200,true,55,55,51
1767618727586,51,200,true,55,55,51
1767618727588,50,200,true,55,55,50
1767618727589,50,200,true,55,55,50
1767618727589,51,200,true,55,55,51
1767618727590,51,200,true,55,55,51
1767618727591,51,200,true,55,55,51
1767618727592,51,200,true,55,55,51
1767618727593,51,200,true,55,55,51
1767618727594,50,200,true,55,55,50
1767618727595,50,200,true,55,55,50
1767618727596,50,200,true,55,55,50
1767618727597,50,200,true,55,55,50
1767618727598,50,200,true,55,55,50
1767618727599,50,200,true,55,55,50
1767618727600,50,200,true,55,55,50
1767618727600,51,200,true,55,55,51
1767618727601,51,200,true,55,55,51
1767618727602,51,200,true,55,55,51
1767618727603,51,200,true,55,55,51
1767618727605,50,200,true,55,55,50
1767618727552,104,200,true,55,55,104
1767618727606,51,200,true,55,55,51
1767618727607,51,200,true,55,55,51
1767618727608,51,200,true,55,55,51
1767618727609,51,200,true,55,55,51
1767618727610,51,200,true,55,55,51
1767618727611,50,200,true,55,55,50
1767618727612,50,200,true,55,55,50
1767618727613,50,200,true,55,55,50
1767618727614,50,200,true,55,55,50
1767618727615,50,200,true,55,55,50
1767618727615,51,200,true,55,55,51
1767618727616,51,200,true,55,55,51
1767618727617,51,200,true,55,55,51
1767618727618,51,200,true,55,55,51
1767618727619,51,200,true,55,55,51
1767618727620,51,200,true,55,55,50
1767618727621,51,200,true,55,55,51
1767618727622,51,200,true,55,55,51
1767618727623,51,200,true,55,55,51
1767618727624,50,200,true,55,55,50
1767618727625,50,200,true,55,55,50
1767618727626,50,200,true,55,55,50
1767618727627,50,200,true,55,55,50
1767618727628,50,200,true,55,55,50
1767618727629,50,200,true,55,55,50
1767618727630,50,200,true,55,55,50
1767618727630,51,200,true,55,55,51
1767618727631,51,200,true,55,55,51
1767618727632,51,200,true,55,55,51
1767618727633,51,200,true,55,55,51
1767618727634,51,200,true,55,55,51
1767618727635,50,200,true,55,55,50
1767618727636,50,200,true,55,55,50
1767618727637,50,200,true,55,55,50
1767618727638,51,200,true,55,55,51
1767618727639,50,200,true,55,55,50
1767618727640,50,200,true,55,55,50
1767618727641,50,200,true,55,55,50
1767618727642,50,200,true,55,55,50
1767618727643,50,200,true,55,55,50
1767618727644,50,200,true,55,55,50
1767618727645,50,200,true,55,55,50
1767618727645,51,200,true,55,55,51
1767618727646,51,200,true,55,55,51
1767618727647,51,200,true,55,55,51
1767618727648,51,200,true,55,55,51
1767618727649,51,200,true,55,55,51
1767618727650,51,200,true,55,55,51
1767618727651,51,200,true,55,55,51
1767618727652,50,200,true,55,55,50
1767618727653,50,200,true,55,55,50
1767618727654,50,200,true,55,55,50
1767618727655,51,200,true,55,55,51
1767618727605,101,200,true,55,55,101
1767618727657,50,200,true,55,55,50
1767618727658,50,200,true,55,55,50
1767618727659,50,200,true,55,55,50
1767618727660,50,200,true,55,55,50
1767618727661,50,200,true,55,55,50
1767618727661,51,200,true,55,55,51
1767618727662,51,200,true,55,55,51
1767618727663,51,200,true,55,55,51
1767618727664,51,200,true,55,55,51
1767618727665,51,200,true,55,55,51
1767618727666,51,200,true,55,55,51
1767618727667,51,200,true,55,55,51
1767618727668,50,200,true,55,55,50
1767618727669,50,200,true,55,55,50
1767618727670,50,200,true,55,55,50
1767618727671,50,200,true,55,55,50
1767618727672,51,200,true,55,55,51
1767618727673,50,200,true,55,55,50
1767618727674,50,200,true,55,55,50
1767618727675,50,200,true,55,55,50
1767618727675,51,200,true,55,55,51
1767618727676,51,200,true,55,55,51
1767618727677,51,200,true,55,55,51
1767618727678,51,200,true,55,55,51
1767618727679,51,200,true,55,55,51
1767618727680,51,200,true,55,55,51
1767618727681,50,200,true,55,55,50
1767618727682,50,200,true,55,55,50
1767618727683,50,200,true,55,55,50
1767618727684,50,200,true,55,55,50
1767618727685,50,200,true,55,55,50
1767618727686,50,200,true,55,55,50
1767618727686,51,200,true,55,55,51
1767618727687,51,200,true,55,55,51
1767618727689,50,200,true,55,55,50
1767618727690,50,200,true,55,55,50
1767618727691,50,200,true,55,55,50
1767618727691,51,200,true,55,55,51
1767618727692,51,200,true,55,55,51
1767618727693,51,200,true,55,55,51
1767618727694,51,200,true,55,55,51
1767618727695,51,200,true,55,55,51
1767618727696,51,200,true,55,55,51
1767618727697,51,200,true,55,55,50
1767618727698,50,200,true,55,55,50
1767618727699,50,200,true,55,55,50
1767618727700,50,200,true,55,55,50
1767618727701,50,200,true,55,55,50
1767618727702,50,200,true,55,55,50
1767618727702,51,200,true,55,55,51
1767618727703,51,200,true,55,55,51
1767618727704,51,200,true,55,55,51
1767618727706,50,200,true,55,55,50
1767618727656,101,200,true,55,55,101
1767618727708,50,200,true,55,55,50
1767618727708,51,200,true,55,55,51
1767618727709,51,200,true,55,55,51
1767618727710,51,200,true,55,55,51
1767618727711,51,200,true,55,55,51
1767618727712,51,200,true,55,55,51
1767618727713,51,200,true,55,55,51
1767618727714,50,200,true,55,55,50
1767618727715,50,200,true,55,55,50
1767618727716,50,200,true,55,55,50
1767618727717,50,200,true,55,55,50
1767618727718,50,200,true,55,55,50
1767618727718,51,200,true,55,55,51
1767618727719,51,200,true,55,55,51
1767618727720,51,200,true,55,55,51
1767618727721,51,200,true,55,55,51
1767618727723,50,200,true,55,55,50
1767618727723,51,200,true,55,55,51
1767618727724,51,200,true,55,55,51
1767618727725,51,200,true,55,55,51
1767618727726,51,200,true,55,55,51
1767618727727,51,200,true,55,55,51
1767618727728,50,200,true,55,55,50
1767618727729,50,200,true,55,55,50
1767618727730,50,200,true,55,55,50
1767618727731,50,200,true,55,55,50
1767618727732,50,200,true,55,55,50
1767618727732,51,200,true,55,55,51
1767618727733,51,200,true,55,55,51
1767618727734,51,200,true,55,55,51
1767618727735,51,200,true,55,55,51
1767618727736,51,200,true,55,55,51
1767618727737,51,200,true,55,55,51
1767618727738,51,200,true,55,55,51
1767618727739,51,200,true,55,55,51
1767618727740,51,200,true,55,55,51
1767618727741,51,200,true,55,55,51
1767618727742,51,200,true,55,55,51
1767618727743,51,200,true,55,55,51
1767618727744,50,200,true,55,55,50
1767618727745,50,200,true,55,55,50
1767618727746,50,200,true,55,55,50
1767618727747,50,200,true,55,55,50
1767618727748,50,200,true,55,55,50
1767618727748,51,200,true,55,55,51
1767618727749,51,200,true,55,55,51
1767618727750,51,200,true,55,55,51
1767618727751,51,200,true,55,55,51
1767618727752,51,200,true,55,55,51
1767618727753,51,200,true,55,55,51
1767618727754,51,200,true,55,55,51
1767618727755,50,200,true,55,55,50
1767618727756,51,200,true,55,55,51
1767618727706,102,200,true,55,55,102
1767618727758,51,200,true,55,55,51
1767618727759,51,200,true,55,55,51
1767618727760,50,200,true,55,55,50
1767618727761,50,200,true,55,55,50
1767618727762,50,200,true,55,55,50
1767618727763,50,200,true,55,55,50
1767618727764,50,200,true,55,55,50
1767618727764,51,200,true,55,55,51
1767618727765,51,200,true,55,55,51
1767618727766,51,200,true,55,55,51
1767618727767,51,200,true,55,55,51
1767618727768,51,200,true,55,55,51
1767618727769,51,200,true,55,55,51
1767618727770,50,200,true,55,55,50
1767618727771,51,200,true,55,55,51
1767618727772,51,200,true,55,55,51
1767618727773,50,200,true,55,55,50
1767618727774,50,200,true,55,55,50
1767618727775,50,200,true,55,55,50
1767618727776,50,200,true,55,55,50
1767618727777,50,200,true,55,55,50
1767618727778,50,200,true,55,55,50
1767618727778,51,200,true,55,55,51
1767618727779,51,200,true,55,55,51
1767618727780,51,200,true,55,55,51
1767618727781,51,200,true,55,55,51
1767618727782,51,200,true,55,55,50
1767618727783,50,200,true,55,55,50
1767618727784,50,200,true,55,55,50
1767618727785,50,200,true,55,55,50
1767618727786,50,200,true,55,55,50
1767618727787,50,200,true,55,55,50
1767618727788,50,200,true,55,55,50
1767618727789,50,200,true,55,55,50
1767618727790,50,200,true,55,55,50
1767618727791,50,200,true,55,55,50
1767618727792,50,200,true,55,55,50
1767618727793,50,200,true,55,55,50
1767618727794,50,200,true,55,55,50
1767618727794,51,200,true,55,55,51
1767618727795,51,200,true,55,55,51
1767618727796,51,200,true,55,55,51
1767618727797,51,200,true,55,55,51
1767618727798,51,200,true,55,55,51
1767618727799,50,200,true,55,55,50
1767618727800,50,200,true,55,55,50
1767618727801,50,200,true,55,55,50
1767618727802,50,200,true,55,55,50
1767618727803,50,200,true,55,55,50
1767618727804,50,200,true,55,55,50
1767618727805,50,200,true,55,55,50
1767618727805,51,200,true,55,55,51
1767618727807,50,200,true,55,55,50
1767618727757,101,200,true,55,55,101
1767618727809,50,200,true,55,55,50
1767618727810,50,200,true,55,55,50
1767618727810,51,200,true,55,55,51
1767618727811,51,200,true,55,55,51
1767618727812,51,200,true,55,55,51
1767618727813,51,200,true,55,55,51
1767618727814,50,200,true,55,55,50
1767618727815,50,200,true,55,55,50
1767618727816,50,200,true,55,55,50
1767618727817,50,200,true,55,55,50
1767618727818,50,200,true,55,55,50
1767618727819,50,200,true,55,55,50
1767618727820,50,200,true,55,55,50
1767618727821,50,200,true,55,55,50
1767618727822,50,200,true,55,55,50
1767618727823,50,200,true,55,55,50
1767618727823,51,200,true,55,55,51
1767618727824,51,200,true,55,55,51
1767618727825,51,200,true,55,55,51
1767618727826,51,200,true,55,55,51
1767618727827,51,200,true,55,55,51
1767618727828,51,200,true,55,55,51
1767618727829,51,200,true,55,55,51
1767618727830,51,200,true,55,55,51
1767618727831,50,200,true,55,55,50
1767618727832,50,200,true,55,55,50
1767618727833,50,200,true,55,55,50
1767618727833,51,200,true,55,55,51
1767618727834,51,200,true,55,55,51
1767618727835,51,200,true,55,55,51
1767618727836,51,200,true,55,55,51
1767618727837,51,200,true,55,55,51
1767618727838,51,200,true,55,55,51
1767618727839,51,200,true,55,55,51
1767618727840,51,200,true,55,55,51
1767618727841,51,200,true,55,55,51
1767618727842,51,200,true,55,55,51
1767618727843,51,200,true,55,55,51
1767618727844,51,200,true,55,55,51
1767618727845,51,200,true,55,55,51
1767618727846,51,200,true,55,55,51
1767618727847,51,200,true,55,55,51
1767618727848,50,200,true,55,55,50
1767618727849,50,200,true,55,55,50
1767618727849,51,200,true,55,55,51
1767618727850,51,200,true,55,55,51
1767618727851,51,200,true,55,55,51
1767618727852,51,200,true,55,55,51
1767618727853,51,200,true,55,55,51
1767618727854,51,200,true,55,55,51
1767618727855,51,200,true,55,55,51
1767618727856,51,200,true,55,55,51
1767618727857,51,200,true,55,55,51
1767618727808,101,200,true,55,55,101
1767618727859,51,200,true,55,55,51
1767618727860,51,200,true,55,55,51
1767618727861,51,200,true,55,55,51
1767618727862,51,200,true,55,55,51
1767618727863,51,200,true,55,55,51
1767618727864,51,200,true,55,55,51
1767618727865,51,200,true,55,55,51
1767618727865,51,200,true,55,55,51
1767618727866,51,200,true,55,55,51
1767618727867,51,200,true,55,55,51
1767618727868,51,200,true,55,55,51
1767618727869,51,200,true,55,55,51
1767618727870,51,200,true,55,55,51
1767618727871,51,200,true,55,55,51
1767618727872,51,200,true,55,55,51
1767618727873,51,200,true,55,55,51
1767618727874,51,200,true,55,55,51
1767618727875,51,200,true,55,55,51
1767618727876,51,200,true,55,55,51
1767618727877,51,200,true,55,55,51
1767618727878,51,200,true,55,55,51
1767618727879,50,200,true,55,55,50
1767618727880,50,200,true,55,55,50
1767618727881,50,200,true,55,55,50
1767618727881,51,200,true,55,55,51
1767618727882,51,200,true,55,55,51
1767618727883,51,200,true,55,55,51
1767618727884,51,200,true,55,55,51
1767618727885,51,200,true,55,55,51
1767618727886,51,200,true,55,55,51
1767618727887,51,200,true,55,55,51
1767618727888,51,200,true,55,55,51
1767618727889,51,200,true,55,55,51
1767618727890,51,200,true,55,55,51
1767618727891,51,200,true,55,55,51
1767618727892,51,200,true,55,55,51
1767618727893,51,200,true,55,55,51
1767618727894,51,200,true,55,55,51
1767618727895,50,200,true,55,55,50
1767618727896,50,200,true,55,55,50
1767618727897,50,200,true,55,55,50
1767618727898,50,200,true,55,55,50
1767618727898,51,200,true,55,55,51
1767618727899,51,200,true,55,55,51
1767618727900,51,200,true,55,55,51
1767618727901,51,200,true,55,55,51
1767618727902,51,200,true,55,55,51
1767618727903,51,200,true,55,55,51
1767618727904,51,200,true,55,55,51
1767618727905,51,200,true,55,55,51
1767618727906,51,200,true,55,55,51
1767618727907,50,200,true,55,55,50
1767618727908,51,200,true,55,55,51
1767618727858,102,200,true,55,55,102
1767618727910,51,200,true,55,55,51
1767618727911,51,200,true,55,55,51
1767618727912,50,200,true,55,55,50
1767618727913,50,200,true,55,55,50
1767618727914,50,200,true,55,55,50
1767618727915,50,200,true,55,55,50
1767618727916,50,200,true,55,55,50
1767618727916,51,200,true,55,55,51
1767618727917,51,200,true,55,55,51
1767618727918,51,200,true,55,55,51
1767618727919,51,200,true,55,55,51
1767618727920,51,200,true,55,55,51
1767618727921,51,200,true,55,55,51
1767618727922,50,200,true,55,55,50
1767618727923,50,200,true,55,55,50
1767618727924,50,200,true,55,55,50
1767618727925,51,200,true,55,55,51
1767618727926,50,200,true,55,55,50
1767618727927,50,200,true,55,55,50
1767618727928,50,200,true,55,55,50
1767618727929,50,200,true,55,55,50
1767618727929,51,200,true,55,55,51
1767618727930,51,200,true,55,55,51
1767618727931,51,200,true,55,55,51
1767618727932,51,200,true,55,55,51
1767618727933,51,200,true,55,55,51
1767618727934,51,200,true,55,55,51
1767618727935,51,200,true,55,55,51
1767618727936,50,200,true,55,55,50
1767618727937,50,200,true,55,55,50
1767618727938,50,200,true,55,55,50
1767618727939,50,200,true,55,55,50
1767618727940,50,200,true,55,55,50
1767618727941,50,200,true,55,55,50
1767618727942,50,200,true,55,55,50
1767618727943,50,200,true,55,55,50
1767618727944,50,200,true,55,55,50
1767618727945,50,200,true,55,55,50
1767618727945,51,200,true,55,55,51
1767618727946,51,200,true,55,55,51
1767618727947,51,200,true,55,55,51
1767618727948,51,200,true,55,55,51
1767618727949,51,200,true,55,55,51
1767618727950,51,200,true,55,55,51
1767618727951,51,200,true,55,55,51
1767618727952,50,200,true,55,55,50
1767618727953,50,200,true,55,55,50
1767618727954,50,200,true,55,55,50
1767618727955,50,200,true,55,55,50
1767618727956,50,200,true,55,55,50
1767618727957,50,200,true,55,55,50
1767618727957,51,200,true,55,55,51
1767618727959,50,200,true,55,55,50
1767618727909,101,200,true,55,55,101
1767618727961,50,200,true,55,55,50
1767618727962,50,200,true,55,55,50
1767618727962,51,200,true,55,55,51
1767618727963,51,200,true,55,55,51
1767618727964,51,200,true,55,55,51
1767618727965,51,200,true,55,55,51
1767618727966,51,200,true,55,55,51
1767618727967,51,200,true,55,55,51
1767618727968,51,200,true,55,55,51
1767618727969,51,200,true,55,55,51
1767618727970,50,200,true,55,55,50
1767618727971,50,200,true,55,55,50
1767618727972,50,200,true,55,55,50
1767618727973,50,200,true,55,55,50
1767618727973,51,200,true,55,55,51
1767618727974,51,200,true,55,55,51
1767618727976,50,200,true,55,55,50
1767618727976,51,200,true,55,55,51
1767618727977,51,200,true,55,55,51
1767618727978,51,200,true,55,55,51
1767618727979,51,200,true,55,55,51
1767618727980,51,200,true,55,55,51
1767618727981,51,200,true,55,55,51
1767618727982,51,200,true,55,55,51
1767618727983,51,200,true,55,55,51
1767618727984,51,200,true,55,55,51
1767618727985,51,200,true,55,55,51
1767618727986,50,200,true,55,55,50
1767618727986,51,200,true,55,55,51
1767618727987,51,200,true,55,55,51
1767618727988,51,200,true,55,55,51
1767618727989,51,200,true,55,55,51
1767618727990,51,200,true,55,55,51
1767618727991,51,200,true,55,55,51
1767618727992,51,200,true,55,55,51
1767618727993,51,200,true,55,55,51
1767618727994,51,200,true,55,55,51
1767618727995,51,200,true,55,55,51
1767618727996,51,200,true,55,55,51
1767618727997,51,200,true,55,55,51
1767618727998,51,200,true,55,55,51
1767618727999,51,200,true,55,55,51
1767618728000,51,200,true,55,55,51
1767618728001,51,200,true,55,55,51
1767618728002,51,200,true,55,55,51
1767618728002,51,200,true,55,55,51
1767618728003,51,200,true,55,55,51
1767618728004,51,200,true,55,55,51
1767618728005,51,200,true,55,55,51
1767618728006,51,200,true,55,55,51
1767618728007,51,200,true,55,55,51
1767618728008,51,200,true,55,55,51
1767618728009,51,200,true,55,55,51
1767618727960,101,200,true,55,55,101
1767618728011,51,200,true,55,55,51
1767618728012,51,200,true,55,55,51
1767618728013,51,200,true,55,55,51
1767618728014,51,200,true,55,55,51
1767618728015,51,200,true,55,55,51
1767618728016,51,200,true,55,55,51
1767618728017,51,200,true,55,55,51
1767618728018,51,200,true,55,55,51
1767618728019,51,200,true,55,55,51
1767618728020,51,200,true,55,55,51
1767618728020,51,200,true,55,55,51
1767618728021,51,200,true,55,55,51
1767618728022,51,200,true,55,55,51
1767618728023,51,200,true,55,55,51
1767618728024,51,200,true,55,55,51
1767618728025,51,200,true,55,55,51
1767618728026,51,200,true,55,55,51
1767618728027,51,200,true,55,55,51
1767618728028,51,200,true,55,55,51
1767618728029,51,200,true,55,55,51
1767618728030,51,200,true,55,55,51
1767618728031,51,200,true,55,55,51
1767618728032,51,200,true,55,55,51
1767618728033,51,200,true,55,55,51
1767618728034,51,200,true,55,55,51
1767618728035,51,200,true,55,55,51
1767618728036,50,200,true,55,55,50
1767618728036,51,200,true,55,55,51
1767618728037,51,200,true,55,55,51
1767618728038,51,200,true,55,55,51
1767618728039,51,200,true,55,55,51
1767618728040,51,200,true,55,55,51
1767618728041,51,200,true,55,55,51
1767618728042,51,200,true,55,55,51
1767618728043,51,200,true,55,55,51
1767618728044,51,200,true,55,55,51
1767618728045,51,200,true,55,55,51
1767618728046,51,200,true,55,55,51
1767618728047,51,200,true,55,55,51
1767618728048,51,200,true,55,55,51
1767618728049,51,200,true,55,55,51
1767618728050,51,200,true,55,55,51
1767618728051,51,200,true,55,55,51
1767618728052,50,200,true,55,55,50
1767618728053,50,200,true,55,55,50
1767618728054,50,200,true,55,55,50
1767618728054,51,200,true,55,55,51
1767618728055,51,200,true,55,55,51
1767618728056,51,200,true,55,55,51
1767618728057,51,200,true,55,55,51
1767618728058,51,200,true,55,55,51
1767618728059,51,200,true,55,55,51
1767618728060,51,200,true,55,55,51
1767618728010,102,200,true,55,55,102
1767618728062,51,200,true,55,55,51
1767618728063,51,200,true,55,55,51
1767618728064,51,200,true,55,55,51
1767618728065,51,200,true,55,55,51
1767618728066,51,200,true,55,55,51
1767618728067,51,200,true,55,55,51
1767618728068,51,200,true,55,55,51
1767618728069,51,200,true,55,55,51
1767618728070,50,200,true,55,55,50
1767618728071,50,200,true,55,55,50
1767618728071,51,200,true,55,55,51
1767618728072,51,200,true,55,55,51
1767618728073,51,200,true,55,55,51
1767618728074,51,200,true,55,55,51
1767618728075,51,200,true,55,55,51
1767618728076,51,200,true,55,55,51
1767618728077,51,200,true,55,55,51
1767618728078,51,200,true,55,55,51
1767618728079,51,200,true,55,55,51
1767618728080,51,200,true,55,55,51
1767618728081,51,200,true,55,55,51
1767618728082,51,200,true,55,55,51
1767618728083,51,200,true,55,55,51
1767618728084,50,200,true,55,55,50
1767618728085,50,200,true,55,55,50
1767618728086,50,200,true,55,55,50
1767618728086,51,200,true,55,55,51
1767618728087,51,200,true,55,55,51
1767618728088,51,200,true,55,55,51
1767618728089,51,200,true,55,55,51
1767618728090,51,200,true,55,55,51
1767618728091,51,200,true,55,55,51
1767618728092,51,200,true,55,55,51
1767618728093,51,200,true,55,55,51
1767618728094,51,200,true,55,55,51
1767618728095,51,200,true,55,55,51
1767618728096,51,200,true,55,55,51
1767618728097,51,200,true,55,55,51
1767618728098,51,200,true,55,55,51
1767618728099,51,200,true,55,55,51
1767618728100,51,200,true,55,55,51
1767618728101,51,200,true,55,55,51
1767618728102,51,200,true,55,55,51
1767618728103,50,200,true,55,55,50
1767618728104,50,200,true,55,55,50
1767618728104,51,200,true,55,55,51
1767618728105,51,200,true,55,55,51
1767618728106,51,200,true,55,55,51
1767618728107,51,200,true,55,55,51
1767618728108,51,200,true,55,55,51
1767618728109,51,200,true,55,55,51
1767618728110,51,200,true,55,55,51
1767618728111,51,200,true,55,55,51
1767618728061,102,200,true,55,55,102
1767618728113,51,200,true,55,55,51
1767618728114,51,200,true,55,55,51
1767618728115,51,200,true,55,55,51
1767618728116,51,200,true,55,55,51
1767618728117,51,200,true,55,55,51
1767618728118,51,200,true,55,55,51
1767618728119,51,200,true,55,55,51
1767618728120,50,200,true,55,55,50
1767618728120,51,200,true,55,55,51
1767618728121,51,200,true,55,55,51
1767618728122,51,200,true,55,55,51
1767618728123,51,200,true,55,55,51
1767618728124,51,200,true,55,55,51
1767618728125,51,200,true,55,55,51
1767618728126,51,200,true,55,55,51
1767618728127,51,200,true,55,55,51
1767618728128,51,200,true,55,55,51
1767618728129,51,200,true,55,55,51
1767618728130,51,200,true,55,55,51
1767618728131,51,200,true,55,55,51
1767618728132,51,200,true,55,55,51
1767618728133,51,200,true,55,55,51
1767618728134,50,200,true,55,55,50
1767618728135,51,200,true,55,55,51
1767618728135,51,200,true,55,55,51
1767618728136,51,200,true,55,55,51
1767618728137,51,200,true,55,55,51
1767618728138,51,200,true,55,55,51
1767618728139,51,200,true,55,55,51
1767618728140,51,200,true,55,55,51
1767618728141,51,200,true,55,55,51
1767618728142,51,200,true,55,55,51
1767618728143,51,200,true,55,55,51
1767618728144,51,200,true,55,55,51
1767618728145,51,200,true,55,55,51
1767618728146,51,200,true,55,55,51
1767618728147,51,200,true,55,55,51
1767618728148,51,200,true,55,55,51
1767618728149,51,200,true,55,55,51
1767618728150,50,200,true,55,55,50
1767618728151,50,200,true,55,55,50
1767618728152,50,200,true,55,55,50
1767618728153,50,200,true,55,55,50
1767618728153,51,200,true,55,55,51
1767618728154,51,200,true,55,55,51
1767618728155,51,200,true,55,55,51
1767618728156,51,200,true,55,55,51
1767618728157,51,200,true,55,55,51
1767618728158,51,200,true,55,55,51
1767618728159,51,200,true,55,55,51
1767618728160,51,200,true,55,55,51
1767618728161,51,200,true,55,55,51
1767618728162,51,200,true,55,55,51
1767618728112,102,200,true,55,55,102
1767618728164,51,200,true,55,55,51
1767618728165,51,200,true,55,55,51
1767618728166,50,200,true,55,55,50
1767618728167,50,200,true,55,55,50
1767618728168,50,200,true,55,55,50
1767618728169,50,200,true,55,55,50
1767618728170,50,200,true,55,55,50
1767618728170,51,200,true,55,55,51
1767618728171,51,200,true,55,55,51
1767618728172,51,200,true,55,55,51
1767618728173,51,200,true,55,55,51
1767618728174,51,200,true,55,55,51
1767618728175,51,200,true,55,55,51
1767618728176,50,200,true,55,55,50
1767618728177,50,200,true,55,55,50
1767618728178,50,200,true,55,55,50
1767618728179,51,200,true,55,55,51
1767618728180,50,200,true,55,55,50
1767618728181,50,200,true,55,55,50
1767618728182,50,200,true,55,55,50
1767618728183,50,200,true,55,55,50
1767618728184,50,200,true,55,55,50
1767618728184,51,200,true,55,55,51
1767618728186,50,200,true,55,55,50
1767618728186,51,200,true,55,55,51
1767618728187,51,200,true,55,55,51
1767618728188,51,200,true,55,55,51
1767618728189,51,200,true,55,55,51
1767618728190,50,200,true,55,55,50
1767618728191,50,200,true,55,55,50
1767618728192,50,200,true,55,55,50
1767618728193,50,200,true,55,55,50
1767618728194,50,200,true,55,55,50
1767618728195,50,200,true,55,55,50
1767618728196,50,200,true,55,55,50
1767618728197,50,200,true,55,55,50
1767618728198,50,200,true,55,55,50
1767618728199,50,200,true,55,55,50
1767618728200,50,200,true,55,55,50
1767618728200,51,200,true,55,55,51
1767618728201,51,200,true,55,55,51
1767618728202,51,200,true,55,55,51
1767618728203,51,200,true,55,55,51
1767618728204,51,200,true,55,55,51
1767618728205,51,200,true,55,55,51
1767618728206,51,200,true,55,55,51
1767618728207,50,200,true,55,55,50
1767618728208,50,200,true,55,55,50
1767618728209,50,200,true,55,55,50
1767618728210,50,200,true,55,55,50
1767618728211,50,200,true,55,55,50
1767618728212,50,200,true,55,55,50
1767618728213,50,200,true,55,55,50
1767618728163,101,200,true,55,55,101
1767618728215,50,200,true,55,55,50
1767618728216,50,200,true,55,55,50
1767618728216,51,200,true,55,55,51
1767618728217,51,200,true,55,55,51
1767618728218,51,200,true,55,55,51
1767618728219,51,200,true,55,55,51
1767618728220,51,200,true,55,55,51
1767618728221,51,200,true,55,55,51
1767618728222,51,200,true,55,55,51
1767618728223,50,200,true,55,55,50
1767618728224,50,200,true,55,55,50
1767618728225,50,200,true,55,55,50
1767618728226,50,200,true,55,55,50
1767618728226,51,200,true,55,55,51
1767618728227,51,200,true,55,55,51
1767618728228,51,200,true,55,55,51
1767618728230,50,200,true,55,55,50
1767618728230,51,200,true,55,55,51
1767618728231,51,200,true,55,55,51
1767618728232,51,200,true,55,55,51
1767618728233,51,200,true,55,55,51
1767618728234,51,200,true,55,55,51
1767618728235,51,200,true,55,55,51
1767618728236,51,200,true,55,55,51
1767618728237,51,200,true,55,55,51
1767618728238,51,200,true,55,55,51
1767618728239,50,200,true,55,55,50
1767618728240,50,200,true,55,55,50
1767618728241,50,200,true,55,55,50
1767618728241,51,200,true,55,55,51
1767618728242,51,200,true,55,55,51
1767618728243,51,200,true,55,55,51
1767618728244,51,200,true,55,55,51
1767618728245,51,200,true,55,55,51
1767618728246,51,200,true,55,55,51
1767618728247,51,200,true,55,55,51
1767618728248,51,200,true,55,55,51
1767618728249,51,200,true,55,55,51
1767618728250,51,200,true,55,55,51
1767618728251,51,200,true,55,55,51
1767618728252,51,200,true,55,55,51
1767618728253,51,200,true,55,55,51
1767618728254,50,200,true,55,55,50
1767618728255,50,200,true,55,55,50
1767618728256,50,200,true,55,55,50
1767618728257,50,200,true,55,55,50
1767618728257,51,200,true,55,55,51
1767618728258,51,200,true,55,55,51
1767618728259,51,200,true,55,55,51
1767618728260,51,200,true,55,55,51
1767618728261,51,200,true,55,55,51
1767618728262,51,200,true,55,55,51
1767618728263,51,200,true,55,55,51
1767618728214,101,200,true,55,55,101
1767618728265,51,200,true,55,55,51
1767618728266,51,200,true,55,55,51
1767618728267,51,200,true,55,55,51
1767618728268,51,200,true,55,55,51
1767618728269,51,200,true,55,55,51
1767618728270,50,200,true,55,55,50
1767618728271,50,200,true,55,55,50
1767618728272,50,200,true,55,55,50
1767618728273,50,200,true,55,55,50
1767618728273,51,200,true,55,55,51
1767618728274,51,200,true,55,55,51
1767618728275,51,200,true,55,55,51
1767618728276,51,200,true,55,55,51
1767618728277,51,200,true,55,55,51
1767618728278,51,200,true,55,55,51
1767618728279,51,200,true,55,55,51
1767618728280,51,200,true,55,55,51
1767618728281,51,200,true,55,55,51
1767618728282,51,200,true,55,55,51
1767618728283,51,200,true,55,55,51
1767618728284,51,200,true,55,55,51
1767618728285,50,200,true,55,55,50
1767618728286,50,200,true,55,55,50
1767618728287,50,200,true,55,55,50
1767618728288,50,200,true,55,55,50
1767618728289,50,200,true,55,55,50
1767618728289,51,200,true,55,55,51
1767618728290,51,200,true,55,55,51
1767618728291,51,200,true,55,55,51
1767618728292,51,200,true,55,55,51
1767618728293,51,200,true,55,55,51
1767618728294,51,200,true,55,55,51
1767618728295,50,200,true,55,55,50
1767618728296,50,200,true,55,55,50
1767618728297,51,200,true,55,55,51
1767618728298,51,200,true,55,55,51
1767618728299,51,200,true,55,55,51
1767618728300,51,200,true,55,55,51
1767618728301,50,200,true,55,55,50
1767618728302,50,200,true,55,55,50
1767618728303,50,200,true,55,55,50
1767618728304,50,200,true,55,55,50
1767618728304,51,200,true,55,55,51
1767618728305,51,200,true,55,55,51
1767618728306,51,200,true,55,55,51
1767618728307,51,200,true,55,55,51
1767618728308,51,200,true,55,55,51
1767618728309,51,200,true,55,55,51
1767618728310,51,200,true,55,55,51
1767618728311,51,200,true,55,55,51
1767618728312,50,200,true,55,55,50
1767618728313,50,200,true,55,55,50
1767618728314,51,200,true,55,55,51
1767618728264,102,200,true,55,55,102
1767618728316,51,200,true,55,55,51
1767618728317,50,200,true,55,55,50
1767618728318,50,200,true,55,55,50
1767618728319,50,200,true,55,55,50
1767618728320,50,200,true,55,55,50
1767618728320,51,200,true,55,55,51
1767618728321,51,200,true,55,55,51
1767618728322,51,200,true,55,55,51
1767618728323,51,200,true,55,55,51
1767618728324,51,200,true,55,55,51
1767618728325,51,200,true,55,55,51
1767618728326,51,200,true,55,55,51
1767618728327,50,200,true,55,55,50
1767618728328,50,200,true,55,55,50
1767618728329,50,200,true,55,55,50
1767618728330,50,200,true,55,55,50
1767618728331,50,200,true,55,55,50
1767618728332,50,200,true,55,55,50
1767618728333,50,200,true,55,55,50
1767618728334,50,200,true,55,55,50
1767618728335,50,200,true,55,55,50
1767618728336,50,200,true,55,55,50
1767618728336,51,200,true,55,55,51
1767618728337,51,200,true,55,55,51
1767618728338,51,200,true,55,55,51
1767618728339,51,200,true,55,55,51
1767618728340,51,200,true,55,55,51
1767618728341,50,200,true,55,55,50
1767618728342,50,200,true,55,55,50
1767618728343,50,200,true,55,55,50
1767618728344,50,200,true,55,55,50
1767618728345,50,200,true,55,55,50
1767618728346,50,200,true,55,55,50
1767618728346,51,200,true,55,55,51
1767618728348,50,200,true,55,55,50
1767618728349,50,200,true,55,55,50
1767618728350,50,200,true,55,55,50
1767618728351,50,200,true,55,55,50
1767618728351,51,200,true,55,55,51
1767618728352,51,200,true,55,55,51
1767618728353,51,200,true,55,55,51
1767618728354,51,200,true,55,55,51
1767618728355,51,200,true,55,55,51
1767618728356,51,200,true,55,55,51
1767618728357,51,200,true,55,55,51
1767618728358,51,200,true,55,55,51
1767618728359,50,200,true,55,55,50
1767618728360,50,200,true,55,55,50
1767618728361,50,200,true,55,55,50
1767618728362,50,200,true,55,55,50
1767618728363,50,200,true,55,55,50
1767618728363,51,200,true,55,55,51
1767618728365,50,200,true,55,55,50
1767618728315,101,200,true,55,55,101
1767618728367,50,200,true,55,55,50
1767618728367,51,200,true,55,55,51
1767618728368,51,200,true,55,55,51
1767618728369,51,200,true,55,55,51
1767618728370,51,200,true,55,55,51
1767618728371,51,200,true,55,55,51
1767618728372,51,200,true,55,55,51
1767618728373,51,200,true,55,55,51
1767618728374,50,200,true,55,55,50
1767618728375,50,200,true,55,55,50
1767618728376,50,200,true,55,55,50
1767618728377,50,200,true,55,55,50
1767618728377,51,200,true,55,55,51
1767618728378,51,200,true,55,55,51
1767618728379,51,200,true,55,55,51
1767618728380,51,200,true,55,55,51
1767618728381,51,200,true,55,55,51
1767618728382,51,200,true,55,55,51
1767618728383,51,200,true,55,55,51
1767618728384,51,200,true,55,55,51
1767618728385,51,200,true,55,55,51
1767618728386,51,200,true,55,55,51
1767618728387,51,200,true,55,55,51
1767618728388,50,200,true,55,55,50
1767618728389,50,200,true,55,55,50
1767618728390,50,200,true,55,55,50
1767618728391,50,200,true,55,55,50
1767618728392,50,200,true,55,55,50
1767618728392,51,200,true,55,55,51
1767618728393,51,200,true,55,55,51
1767618728394,51,200,true,55,55,51
1767618728395,51,200,true,55,55,51
1767618728396,51,200,true,55,55,51
1767618728397,51,200,true,55,55,51
1767618728398,51,200,true,55,55,51
1767618728399,51,200,true,55,55,51
1767618728400,51,200,true,55,55,51
1767618728401,51,200,true,55,55,51
1767618728402,51,200,true,55,55,51
1767618728403,51,200,true,55,55,51
1767618728404,50,200,true,55,55,50
1767618728405,50,200,true,55,55,50
1767618728406,50,200,true,55,55,50
1767618728407,50,200,true,55,55,50
1767618728408,50,200,true,55,55,50
1767618728409,50,200,true,55,55,50
1767618728409,51,200,true,55,55,51
1767618728410,51,200,true,55,55,51
1767618728411,51,200,true,55,55,51
1767618728412,51,200,true,55,55,51
1767618728413,51,200,true,55,55,51
1767618728414,51,200,true,55,55,51
1767618728415,51,200,true,55,55,51
1767618728366,101,200,true,55,55,101
1767618728417,51,200,true,55,55,51
1767618728418,51,200,true,55,55,51
1767618728419,50,200,true,55,55,50
1767618728420,50,200,true,55,55,50
1767618728421,50,200,true,55,55,50
1767618728422,50,200,true,55,55,50
1767618728423,50,200,true,55,55,50
1767618728424,50,200,true,55,55,50
1767618728425,50,200,true,55,55,50
1767618728425,51,200,true,55,55,51
1767618728426,51,200,true,55,55,51
1767618728427,51,200,true,55,55,51
1767618728428,51,200,true,55,55,50
1767618728429,50,200,true,55,55,50
1767618728430,50,200,true,55,55,50
1767618728431,50,200,true,55,55,50
1767618728432,50,200,true,55,55,50
1767618728433,50,200,true,55,55,50
1767618728434,50,200,true,55,55,50
1767618728435,50,200,true,55,55,50
1767618728436,50,200,true,55,55,50
1767618728437,50,200,true,55,55,50
1767618728438,50,200,true,55,55,50
1767618728439,50,200,true,55,55,50
1767618728439,51,200,true,55,55,51
1767618728440,51,200,true,55,55,51
1767618728441,51,200,true,55,55,51
1767618728443,50,200,true,55,55,50
1767618728443,50,200,true,55,55,50
1767618728444,50,200,true,55,55,50
1767618728445,50,200,true,55,55,50
1767618728446,50,200,true,55,55,50
1767618728447,50,200,true,55,55,50
1767618728448,50,200,true,55,55,50
1767618728449,50,200,true,55,55,50
1767618728450,50,200,true,55,55,50
1767618728451,50,200,true,55,55,50
1767618728452,50,200,true,55,55,50
1767618728453,50,200,true,55,55,50
1767618728454,50,200,true,55,55,50
1767618728454,51,200,true,55,55,51
1767618728455,51,200,true,55,55,51
1767618728456,51,200,true,55,55,51
1767618728457,51,200,true,55,55,51
1767618728458,51,200,true,55,55,51
1767618728459,50,200,true,55,55,50
1767618728460,50,200,true,55,55,50
1767618728461,50,200,true,55,55,50
1767618728462,50,200,true,55,55,50
1767618728463,50,200,true,55,55,50
1767618728464,50,200,true,55,55,50
1767618728465,50,200,true,55,55,50
1767618728466,50,200,true,55,55,50
1767618728416,101,200,true,55,55,101
1767618728468,50,200,true,55,55,50
1767618728469,50,200,true,55,55,50
1767618728469,51,200,true,55,55,51
1767618728470,51,200,true,55,55,51
1767618728471,51,200,true,55,55,51
1767618728472,51,200,true,55,55,51
1767618728473,51,200,true,55,55,51
1767618728474,51,200,true,55,55,51
1767618728475,50,200,true,55,55,50
1767618728476,50,200,true,55,55,50
1767618728477,50,200,true,55,55,50
1767618728478,50,200,true,55,55,50
1767618728479,50,200,true,55,55,50
1767618728479,51,200,true,55,55,51
1767618728480,51,200,true,55,55,51
1767618728481,51,200,true,55,55,51
1767618728482,51,200,true,55,55,51
1767618728483,51,200,true,55,55,51
1767618728484,51,200,true,55,55,51
1767618728485,51,200,true,55,55,51
1767618728486,51,200,true,55,55,51
1767618728487,51,200,true,55,55,51
1767618728488,51,200,true,55,55,51
1767618728489,50,200,true,55,55,50
1767618728490,50,200,true,55,55,50
1767618728491,50,200,true,55,55,50
1767618728492,50,200,true,55,55,50
1767618728493,50,200,true,55,55,50
1767618728493,51,200,true,55,55,51
1767618728494,51,200,true,55,55,51
1767618728495,51,200,true,55,55,51
1767618728496,51,200,true,55,55,51
1767618728497,51,200,true,55,55,51
1767618728498,51,200,true,55,55,51
1767618728499,51,200,true,55,55,51
1767618728500,51,200,true,55,55,51
1767618728501,51,200,true,55,55,51
1767618728502,51,200,true,55,55,51
1767618728503,51,200,true,55,55,51
1767618728504,51,200,true,55,55,51
1767618728505,50,200,true,55,55,50
1767618728506,50,200,true,55,55,50
1767618728507,50,200,true,55,55,50
1767618728508,50,200,true,55,55,50
1767618728509,50,200,true,55,55,50
1767618728509,51,200,true,55,55,51
1767618728510,51,200,true,55,55,51
1767618728511,51,200,true,55,55,51
1767618728512,51,200,true,55,55,51
1767618728513,51,200,true,55,55,51
1767618728514,51,200,true,55,55,51
1767618728515,51,200,true,55,55,51
1767618728516,51,200,true,55,55,51
1767618728467,101,200,true,55,55,101
1767618728518,51,200,true,55,55,51
1767618728519,51,200,true,55,55,51
1767618728520,50,200,true,55,55,50
1767618728521,50,200,true,55,55,50
1767618728522,50,200,true,55,55,50
1767618728523,50,200,true,55,55,50
1767618728524,50,200,true,55,55,50
1767618728525,50,200,true,55,55,50
1767618728525,51,200,true,55,55,51
1767618728526,51,200,true,55,55,51
1767618728527,51,200,true,55,55,51
1767618728528,51,200,true,55,55,51
1767618728529,51,200,true,55,55,51
1767618728530,51,200,true,55,55,51
1767618728531,50,200,true,55,55,50
1767618728532,50,200,true,55,55,50
1767618728533,51,200,true,55,55,51
1767618728534,50,200,true,55,55,50
1767618728535,50,200,true,55,55,50
1767618728536,50,200,true,55,55,50
1767618728537,50,200,true,55,55,50
1767618728538,50,200,true,55,55,50
1767618728539,50,200,true,55,55,50
1767618728540,50,200,true,55,55,50
1767618728540,51,200,true,55,55,51
1767618728541,51,200,true,55,55,51
1767618728542,51,200,true,55,55,51
1767618728543,51,200,true,55,55,51
1767618728544,50,200,true,55,55,50
1767618728545,50,200,true,55,55,50
1767618728546,51,200,true,55,55,51
1767618728547,50,200,true,55,55,50
1767618728548,50,200,true,55,55,50
1767618728549,50,200,true,55,55,50
1767618728550,50,200,true,55,55,50
1767618728551,50,200,true,55,55,50
1767618728552,50,200,true,55,55,50
1767618728553,50,200,true,55,55,50
1767618728554,50,200,true,55,55,50
1767618728555,50,200,true,55,55,50
1767618728556,50,200,true,55,55,50
1767618728556,51,200,true,55,55,51
1767618728557,51,200,true,55,55,51
1767618728558,51,200,true,55,55,51
1767618728559,51,200,true,55,55,51
1767618728560,50,200,true,55,55,50
1767618728561,50,200,true,55,55,50
1767618728562,50,200,true,55,55,50
1767618728563,50,200,true,55,55,50
1767618728564,50,200,true,55,55,50
1767618728565,50,200,true,55,55,50
1767618728566,50,200,true,55,55,50
1767618728567,50,200,true,55,55,50
1767618728517,101,200,true,55,55,101
1767618728569,50,200,true,55,55,50
1767618728570,50,200,true,55,55,50
1767618728571,50,200,true,55,55,50
1767618728572,50,200,true,55,55,50
1767618728572,51,200,true,55,55,51
1767618728573,51,200,true,55,55,51
1767618728574,51,200,true,55,55,51
1767618728575,50,200,true,55,55,50
1767618728576,50,200,true,55,55,50
1767618728577,50,200,true,55,55,50
1767618728578,50,200,true,55,55,50
1767618728579,50,200,true,55,55,50
1767618728580,50,200,true,55,55,50
1767618728581,50,200,true,55,55,50
1767618728581,51,200,true,55,55,51
1767618728582,51,200,true,55,55,51
1767618728584,50,200,true,55,55,50
1767618728585,50,200,true,55,55,50
1767618728585,51,200,true,55,55,51
1767618728586,51,200,true,55,55,51
1767618728587,51,200,true,55,55,51
1767618728588,51,200,true,55,55,50
1767618728589,50,200,true,55,55,50
1767618728590,50,200,true,55,55,50
1767618728591,50,200,true,55,55,50
1767618728592,50,200,true,55,55,50
1767618728593,50,200,true,55,55,50
1767618728594,50,200,true,55,55,50
1767618728595,50,200,true,55,55,50
1767618728595,51,200,true,55,55,51
1767618728597,50,200,true,55,55,50
1767618728597,51,200,true,55,55,51
1767618728598,51,200,true,55,55,51
1767618728599,51,200,true,55,55,51
1767618728600,51,200,true,55,55,51
1767618728601,51,200,true,55,55,51
1767618728602,51,200,true,55,55,51
1767618728603,51,200,true,55,55,51
1767618728604,50,200,true,55,55,50
1767618728605,50,200,true,55,55,50
1767618728606,50,200,true,55,55,50
1767618728607,50,200,true,55,55,50
1767618728608,50,200,true,55,55,50
1767618728609,50,200,true,55,55,50
1767618728610,50,200,true,55,55,50
1767618728611,50,200,true,55,55,50
1767618728611,51,200,true,55,55,51
1767618728612,51,200,true,55,55,51
1767618728613,51,200,true,55,55,51
1767618728614,51,200,true,55,55,51
1767618728615,50,200,true,55,55,50
1767618728616,50,200,true,55,55,50
1767618728617,51,200,true,55,55,51
1767618728568,101,200,true,55,55,101
1767618728619,51,200,true,55,55,51
1767618728620,51,200,true,55,55,51
1767618728621,50,200,true,55,55,50
1767618728622,50,200,true,55,55,50
1767618728623,50,200,true,55,55,50
1767618728624,50,200,true,55,55,50
1767618728625,50,200,true,55,55,50
1767618728626,50,200,true,55,55,50
1767618728626,51,200,true,55,55,51
1767618728627,51,200,true,55,55,51
1767618728628,51,200,true,55,55,51
1767618728629,51,200,true,55,55,51
1767618728630,50,200,true,55,55,50
1767618728631,50,200,true,55,55,50
1767618728632,50,200,true,55,55,50
1767618728633,50,200,true,55,55,50
1767618728634,50,200,true,55,55,50
1767618728635,50,200,true,55,55,50
1767618728636,50,200,true,55,55,50
1767618728637,50,200,true,55,55,50
1767618728638,50,200,true,55,55,50
1767618728639,50,200,true,55,55,50
1767618728639,51,200,true,55,55,51
1767618728640,51,200,true,55,55,51
1767618728641,51,200,true,55,55,51
1767618728642,51,200,true,55,55,51
1767618728643,51,200,true,55,55,51
1767618728644,50,200,true,55,55,50
1767618728645,50,200,true,55,55,50
1767618728646,50,200,true,55,55,50
1767618728647,50,200,true,55,55,50
1767618728648,50,200,true,55,55,50
1767618728649,50,200,true,55,55,50
1767618728650,50,200,true,55,55,50
1767618728651,50,200,true,55,55,50
1767618728652,50,200,true,55,55,50
1767618728653,50,200,true,55,55,50
1767618728654,50,200,true,55,55,50
1767618728654,51,200,true,55,55,51
1767618728655,51,200,true,55,55,51
1767618728656,51,200,true,55,55,51
1767618728657,51,200,true,55,55,51
1767618728658,51,200,true,55,55,51
1767618728659,51,200,true,55,55,51
1767618728660,51,200,true,55,55,51
1767618728661,51,200,true,55,55,51
1767618728662,51,200,true,55,55,51
1767618728663,50,200,true,55,55,50
1767618728664,50,200,true,55,55,50
1767618728665,50,200,true,55,55,50
1767618728666,50,200,true,55,55,50
1767618728666,51,200,true,55,55,51
1767618728668,51,200,true,55,55,51
1767618728618,102,200,true,55,55,102
1767618728670,50,200,true,55,55,50
1767618728671,50,200,true,55,55,50
1767618728671,51,200,true,55,55,51
1767618728672,51,200,true,55,55,51
1767618728673,51,200,true,55,55,51
1767618728674,51,200,true,55,55,51
1767618728675,51,200,true,55,55,51
1767618728676,51,200,true,55,55,51
1767618728677,51,200,true,55,55,51
1767618728678,51,200,true,55,55,51
1767618728679,51,200,true,55,55,51
1767618728680,51,200,true,55,55,51
1767618728681,51,200,true,55,55,51
1767618728681,51,200,true,55,55,51
1767618728682,51,200,true,55,55,51
1767618728683,51,200,true,55,55,51
1767618728684,52,200,true,55,55,52
1767618728685,51,200,true,55,55,51
1767618728686,51,200,true,55,55,51
1767618728687,51,200,true,55,55,51
1767618728688,51,200,true,55,55,51
1767618728689,51,200,true,55,55,51
1767618728690,51,200,true,55,55,51
1767618728691,51,200,true,55,55,51
1767618728692,51,200,true,55,55,51
1767618728693,51,200,true,55,55,51
1767618728694,51,200,true,55,55,51
1767618728694,52,200,true,55,55,52
1767618728695,52,200,true,55,55,52
1767618728696,52,200,true,55,55,52
1767618728697,52,200,true,55,55,52
1767618728698,51,200,true,55,55,51
1767618728700,50,200,true,55,55,50
1767618728700,51,200,true,55,55,51
1767618728701,52,200,true,55,55,52
1767618728702,51,200,true,55,55,51
1767618728703,51,200,true,55,55,51
1767618728704,51,200,true,55,55,51
1767618728705,51,200,true,55,55,51
1767618728706,51,200,true,55,55,51
1767618728707,51,200,true,55,55,51
1767618728708,51,200,true,55,55,51
1767618728709,51,200,true,55,55,51
1767618728710,51,200,true,55,55,51
1767618728711,51,200,true,55,55,51
1767618728712,51,200,true,55,55,51
1767618728713,51,200,true,55,55,51
1767618728713,52,200,true,55,55,52
1767618728714,52,200,true,55,55,52
1767618728715,51,200,true,55,55,51
1767618728716,51,200,true,55,55,51
1767618728717,51,200,true,55,55,51
1767618728719,51,200,true,55,55,51
1767618728669,102,200,true,55,55,102
1767618728721,51,200,true,55,55,51
1767618728721,51,200,true,55,55,51
1767618728722,51,200,true,55,55,51
1767618728723,51,200,true,55,55,51
1767618728724,51,200,true,55,55,51
1767618728725,51,200,true,55,55,51
1767618728726,51,200,true,55,55,51
1767618728727,51,200,true,55,55,51
1767618728728,51,200,true,55,55,51
1767618728729,51,200,true,55,55,51
1767618728730,51,200,true,55,55,51
1767618728731,51,200,true,55,55,51
1767618728732,50,200,true,55,55,50
1767618728733,50,200,true,55,55,50
1767618728733,51,200,true,55,55,51
1767618728734,51,200,true,55,55,51
1767618728736,52,200,true,55,55,52
1767618728737,53,200,true,55,55,53
1767618728737,56,200,true,55,55,56
1767618728738,56,200,true,55,55,56
1767618728739,56,200,true,55,55,56
1767618728740,56,200,true,55,55,56
1767618728741,56,200,true,55,55,56
1767618728742,56,200,true,55,55,56
1767618728743,56,200,true,55,55,56
1767618728744,56,200,true,55,55,56
1767618728745,56,200,true,55,55,56
1767618728746,56,200,true,55,55,56
1767618728747,56,200,true,55,55,56
1767618728748,56,200,true,55,55,56
1767618728749,56,200,true,55,55,56
1767618728749,57,200,true,55,55,57
1767618728750,57,200,true,55,55,57
1767618728751,57,200,true,55,55,57
1767618728753,57,200,true,55,55,57
1767618728753,57,200,true,55,55,57
1767618728754,58,200,true,55,55,58
1767618728755,57,200,true,55,55,57
1767618728756,57,200,true,55,55,57
1767618728757,57,200,true,55,55,57
1767618728758,57,200,true,55,55,57
1767618728759,57,200,true,55,55,57
1767618728760,58,200,true,55,55,58
1767618728761,57,200,true,55,55,57
1767618728762,57,200,true,55,55,57
1767618728763,57,200,true,55,55,57
1767618728764,57,200,true,55,55,57
1767618728765,57,200,true,55,55,57
1767618728766,57,200,true,55,55,57
1767618728766,58,200,true,55,55,58
1767618728767,58,200,true,55,55,58
1767618728768,58,200,true,55,55,58
1767618728770,58,200,true,55,55,58
1767618728720,109,200,true,55,55,109
1767618728772,58,200,true,55,55,58
1767618728772,59,200,true,55,55,59
1767618728773,59,200,true,55,55,59
1767618728774,58,200,true,55,55,58
1767618728775,58,200,true,55,55,58
1767618728776,58,200,true,55,55,58
1767618728777,58,200,true,55,55,58
1767618728778,58,200,true,55,55,58
1767618728779,58,200,true,55,55,58
1767618728780,58,200,true,55,55,58
1767618728781,58,200,true,55,55,58
1767618728782,58,200,true,55,55,58
1767618728783,58,200,true,55,55,58
1767618728783,59,200,true,55,55,59
1767618728784,59,200,true,55,55,59
1767618728785,60,200,true,55,55,60
1767618728788,59,200,true,55,55,59
1767618728790,58,200,true,55,55,58
1767618728793,56,200,true,55,55,56
1767618728794,56,200,true,55,55,56
1767618728795,56,200,true,55,55,56
1767618728796,56,200,true,55,55,56
1767618728797,56,200,true,55,55,56
1767618728798,55,200,true,55,55,55
1767618728799,55,200,true,55,55,55
1767618728800,55,200,true,55,55,55
1767618728801,55,200,true,55,55,55
1767618728802,55,200,true,55,55,55
1767618728803,55,200,true,55,55,55
1767618728804,55,200,true,55,55,55
1767618728805,55,200,true,55,55,55
1767618728806,55,200,true,55,55,55
1767618728807,55,200,true,55,55,55
1767618728808,55,200,true,55,55,55
1767618728810,54,200,true,55,55,54
1767618728810,55,200,true,55,55,55
1767618728812,54,200,true,55,55,54
1767618728812,55,200,true,55,55,55
1767618728813,55,200,true,55,55,55
1767618728814,55,200,true,55,55,55
1767618728815,55,200,true,55,55,55
1767618728816,54,200,true,55,55,54
1767618728818,53,200,true,55,55,53
1767618728818,54,200,true,55,55,54
1767618728819,54,200,true,55,55,54
1767618728820,54,200,true,55,55,54
1767618728821,54,200,true,55,55,54
1767618728822,54,200,true,55,55,54
1767618728823,54,200,true,55,55,54
1767618728824,54,200,true,55,55,54
1767618728825,54,200,true,55,55,54
1767618728826,54,200,true,55,55,54
1767618728828,53,200,true,55,55,53
1767618728771,111,200,true,55,55,111
1767618728830,53,200,true,55,55,53
1767618728831,53,200,true,55,55,53
1767618728832,53,200,true,55,55,53
1767618728833,53,200,true,55,55,53
1767618728833,54,200,true,55,55,54
1767618728834,53,200,true,55,55,53
1767618728835,53,200,true,55,55,53
1767618728836,53,200,true,55,55,53
1767618728837,53,200,true,55,55,53
1767618728838,53,200,true,55,55,53
1767618728839,53,200,true,55,55,53
1767618728840,53,200,true,55,55,53
1767618728841,53,200,true,55,55,53
1767618728842,53,200,true,55,55,53
1767618728843,53,200,true,55,55,53
1767618728845,52,200,true,55,55,52
1767618728847,51,200,true,55,55,51
1767618728848,51,200,true,55,55,51
1767618728849,51,200,true,55,55,51
1767618728850,51,200,true,55,55,51
1767618728851,51,200,true,55,55,51
1767618728852,50,200,true,55,55,50
1767618728853,50,200,true,55,55,50
1767618728853,51,200,true,55,55,51
1767618728854,51,200,true,55,55,51
1767618728855,51,200,true,55,55,51
1767618728856,51,200,true,55,55,51
1767618728857,51,200,true,55,55,51
1767618728858,51,200,true,55,55,51
1767618728859,51,200,true,55,55,51
1767618728860,51,200,true,55,55,51
1767618728861,51,200,true,55,55,51
1767618728862,51,200,true,55,55,51
1767618728863,50,200,true,55,55,50
1767618728864,51,200,true,55,55,51
1767618728865,51,200,true,55,55,51
1767618728866,51,200,true,55,55,51
1767618728867,50,200,true,55,55,50
1767618728868,50,200,true,55,55,50
1767618728869,50,200,true,55,55,50
1767618728870,50,200,true,55,55,50
1767618728870,51,200,true,55,55,51
1767618728871,51,200,true,55,55,51
1767618728872,51,200,true,55,55,51
1767618728873,51,200,true,55,55,51
1767618728874,51,200,true,55,55,51
1767618728875,51,200,true,55,55,51
1767618728876,51,200,true,55,55,51
1767618728877,51,200,true,55,55,51
1767618728878,51,200,true,55,55,51
1767618728879,51,200,true,55,55,51
1767618728880,50,200,true,55,55,50
1767618728881,51,200,true,55,55,51
1767618728829,104,200,true,55,55,104
1767618728883,51,200,true,55,55,51
1767618728884,50,200,true,55,55,50
1767618728885,50,200,true,55,55,50
1767618728886,50,200,true,55,55,50
1767618728887,50,200,true,55,55,50
1767618728888,50,200,true,55,55,50
1767618728888,51,200,true,55,55,51
1767618728889,51,200,true,55,55,51
1767618728890,51,200,true,55,55,51
1767618728891,51,200,true,55,55,51
1767618728892,51,200,true,55,55,51
1767618728893,51,200,true,55,55,51
1767618728894,50,200,true,55,55,50
1767618728895,50,200,true,55,55,50
1767618728896,50,200,true,55,55,50
1767618728897,50,200,true,55,55,50
1767618728898,50,200,true,55,55,50
1767618728899,50,200,true,55,55,50
1767618728900,50,200,true,55,55,50
1767618728901,50,200,true,55,55,50
1767618728902,50,200,true,55,55,50
1767618728902,51,200,true,55,55,51
1767618728903,51,200,true,55,55,51
1767618728904,51,200,true,55,55,51
1767618728905,51,200,true,55,55,51
1767618728906,51,200,true,55,55,51
1767618728907,51,200,true,55,55,51
1767618728908,50,200,true,55,55,50
1767618728909,50,200,true,55,55,50
1767618728910,50,200,true,55,55,50
1767618728911,50,200,true,55,55,50
1767618728912,50,200,true,55,55,50
1767618728913,50,200,true,55,55,50
1767618728914,50,200,true,55,55,50
1767618728915,50,200,true,55,55,50
1767618728916,50,200,true,55,55,50
1767618728917,50,200,true,55,55,50
1767618728917,51,200,true,55,55,51
1767618728918,51,200,true,55,55,51
1767618728919,51,200,true,55,55,51
1767618728920,51,200,true,55,55,51
1767618728921,51,200,true,55,55,51
1767618728922,51,200,true,55,55,51
1767618728923,51,200,true,55,55,50
1767618728924,50,200,true,55,55,50
1767618728925,50,200,true,55,55,50
1767618728926,50,200,true,55,55,50
1767618728927,50,200,true,55,55,50
1767618728928,50,200,true,55,55,50
1767618728929,50,200,true,55,55,50
1767618728930,50,200,true,55,55,50
1767618728930,51,200,true,55,55,51
1767618728932,50,200,true,55,55,50
1767618728882,101,200,true,55,55,101
1767618728934,50,200,true,55,55,50
1767618728934,51,200,true,55,55,51
1767618728935,51,200,true,55,55,51
1767618728936,51,200,true,55,55,51
1767618728937,51,200,true,55,55,51
1767618728938,51,200,true,55,55,51
1767618728939,50,200,true,55,55,50
1767618728940,50,200,true,55,55,50
1767618728941,50,200,true,55,55,50
1767618728942,50,200,true,55,55,50
1767618728943,50,200,true,55,55,50
1767618728944,50,200,true,55,55,50
1767618728945,50,200,true,55,55,50
1767618728945,51,200,true,55,55,51
1767618728946,51,200,true,55,55,51
1767618728947,51,200,true,55,55,51
1767618728948,51,200,true,55,55,51
1767618728949,51,200,true,55,55,51
1767618728950,51,200,true,55,55,51
1767618728951,51,200,true,55,55,51
1767618728952,51,200,true,55,55,51
1767618728953,50,200,true,55,55,50
1767618728954,50,200,true,55,55,50
1767618728955,50,200,true,55,55,50
1767618728956,50,200,true,55,55,50
1767618728957,50,200,true,55,55,50
1767618728958,50,200,true,55,55,50
1767618728958,51,200,true,55,55,51
1767618728959,51,200,true,55,55,51
1767618728960,51,200,true,55,55,51
1767618728961,51,200,true,55,55,51
1767618728962,51,200,true,55,55,51
1767618728963,51,200,true,55,55,51
1767618728964,51,200,true,55,55,51
1767618728965,51,200,true,55,55,51
1767618728966,51,200,true,55,55,51
1767618728967,51,200,true,55,55,51
1767618728968,51,200,true,55,55,51
1767618728969,51,200,true,55,55,51
1767618728970,51,200,true,55,55,51
1767618728971,51,200,true,55,55,51
1767618728972,51,200,true,55,55,51
1767618728973,51,200,true,55,55,51
1767618728974,50,200,true,55,55,50
1767618728974,51,200,true,55,55,51
1767618728975,51,200,true,55,55,51
1767618728976,51,200,true,55,55,51
1767618728977,51,200,true,55,55,51
1767618728978,51,200,true,55,55,51
1767618728979,51,200,true,55,55,51
1767618728980,51,200,true,55,55,51
1767618728981,51,200,true,55,55,51
1767618728982,51,200,true,55,55,51
1767618728933,101,200,true,55,55,101
1767618728984,51,200,true,55,55,51
1767618728985,51,200,true,55,55,51
1767618728986,51,200,true,55,55,51
1767618728987,51,200,true,55,55,51
1767618728988,51,200,true,55,55,51
1767618728989,51,200,true,55,55,51
1767618728989,52,200,true,55,55,52
1767618728990,52,200,true,55,55,52
1767618728991,51,200,true,55,55,51
1767618728992,51,200,true,55,55,51
1767618728993,51,200,true,55,55,51
1767618728994,51,200,true,55,55,51
1767618728995,51,200,true,55,55,51
1767618728996,51,200,true,55,55,51
1767618728997,51,200,true,55,55,51
1767618728998,51,200,true,55,55,51
1767618728999,51,200,true,55,55,51
1767618729000,51,200,true,55,55,51
1767618729001,51,200,true,55,55,51
1767618729002,51,200,true,55,55,51
1767618729003,51,200,true,55,55,51
1767618729004,51,200,true,55,55,51
1767618729004,52,200,true,55,55,52
1767618729005,52,200,true,55,55,52
1767618729006,51,200,true,55,55,51
1767618729007,51,200,true,55,55,51
1767618729008,51,200,true,55,55,51
1767618729009,51,200,true,55,55,51
1767618729010,51,200,true,55,55,51
1767618729011,51,200,true,55,55,51
1767618729012,51,200,true,55,55,51
1767618729013,51,200,true,55,55,51
1767618729014,51,200,true,55,55,51
1767618729015,51,200,true,55,55,51
1767618729016,51,200,true,55,55,51
1767618729017,51,200,true,55,55,51
1767618729018,51,200,true,55,55,51
1767618729019,51,200,true,55,55,51
1767618729020,51,200,true,55,55,51
1767618729021,51,200,true,55,55,51
1767618729022,51,200,true,55,55,51
1767618729023,50,200,true,55,55,50
1767618729024,50,200,true,55,55,50
1767618729024,51,200,true,55,55,51
1767618729025,51,200,true,55,55,51
1767618729026,51,200,true,55,55,51
1767618729027,51,200,true,55,55,51
1767618729028,51,200,true,55,55,51
1767618729029,51,200,true,55,55,51
1767618729030,51,200,true,55,55,51
1767618729031,51,200,true,55,55,51
1767618729032,51,200,true,55,55,51
1767618729033,51,200,true,55,55,51
1767618728983,102,200,true,55,55,102
1767618729035,51,200,true,55,55,51
1767618729036,51,200,true,55,55,51
1767618729037,51,200,true,55,55,51
1767618729038,51,200,true,55,55,51
1767618729039,51,200,true,55,55,51
1767618729040,50,200,true,55,55,50
1767618729041,50,200,true,55,55,50
1767618729042,50,200,true,55,55,50
1767618729042,51,200,true,55,55,51
1767618729043,51,200,true,55,55,51
1767618729044,51,200,true,55,55,51
1767618729045,51,200,true,55,55,51
1767618729046,51,200,true,55,55,51
1767618729047,51,200,true,55,55,51
1767618729048,51,200,true,55,55,51
1767618729049,51,200,true,55,55,51
1767618729050,51,200,true,55,55,51
1767618729051,51,200,true,55,55,51
1767618729052,51,200,true,55,55,51
1767618729053,51,200,true,55,55,51
1767618729054,50,200,true,55,55,50
1767618729055,50,200,true,55,55,50
1767618729056,50,200,true,55,55,50
1767618729057,50,200,true,55,55,50
1767618729057,51,200,true,55,55,51
1767618729058,51,200,true,55,55,51
1767618729059,51,200,true,55,55,51
1767618729060,51,200,true,55,55,51
1767618729061,51,200,true,55,55,51
1767618729062,51,200,true,55,55,51
1767618729063,51,200,true,55,55,51
1767618729064,51,200,true,55,55,51
1767618729065,51,200,true,55,55,51
1767618729066,50,200,true,55,55,50
1767618729067,51,200,true,55,55,51
1767618729068,51,200,true,55,55,51
1767618729069,51,200,true,55,55,51
1767618729070,50,200,true,55,55,50
1767618729071,50,200,true,55,55,50
1767618729072,51,200,true,55,55,51
1767618729073,50,200,true,55,55,50
1767618729073,51,200,true,55,55,51
1767618729074,51,200,true,55,55,51
1767618729075,51,200,true,55,55,51
1767618729076,51,200,true,55,55,51
1767618729077,51,200,true,55,55,51
1767618729078,51,200,true,55,55,51
1767618729079,51,200,true,55,55,51
1767618729080,51,200,true,55,55,51
1767618729081,51,200,true,55,55,51
1767618729082,50,200,true,55,55,50
1767618729083,50,200,true,55,55,50
1767618729084,51,200,true,55,55,51
1767618729034,102,200,true,55,55,102
1767618729086,50,200,true,55,55,50
1767618729087,50,200,true,55,55,50
1767618729088,50,200,true,55,55,50
1767618729089,50,200,true,55,55,50
1767618729090,50,200,true,55,55,50
1767618729090,51,200,true,55,55,51
1767618729091,51,200,true,55,55,51
1767618729092,51,200,true,55,55,51
1767618729093,51,200,true,55,55,51
1767618729094,51,200,true,55,55,51
1767618729095,50,200,true,55,55,50
1767618729096,50,200,true,55,55,50
1767618729097,50,200,true,55,55,50
1767618729098,50,200,true,55,55,50
1767618729099,50,200,true,55,55,50
1767618729100,50,200,true,55,55,50
1767618729101,50,200,true,55,55,50
1767618729102,50,200,true,55,55,50
1767618729103,50,200,true,55,55,50
1767618729104,50,200,true,55,55,50
1767618729105,50,200,true,55,55,50
1767618729105,51,200,true,55,55,51
1767618729106,51,200,true,55,55,51
1767618729107,51,200,true,55,55,51
1767618729108,51,200,true,55,55,51
1767618729109,51,200,true,55,55,51
1767618729110,50,200,true,55,55,50
1767618729111,50,200,true,55,55,50
1767618729112,50,200,true,55,55,50
1767618729113,50,200,true,55,55,50
1767618729114,50,200,true,55,55,50
1767618729115,50,200,true,55,55,50
1767618729116,50,200,true,55,55,50
1767618729116,51,200,true,55,55,51
1767618729118,50,200,true,55,55,50
1767618729119,50,200,true,55,55,50
1767618729120,50,200,true,55,55,50
1767618729121,50,200,true,55,55,50
1767618729121,51,200,true,55,55,51
1767618729123,50,200,true,55,55,50
1767618729123,51,200,true,55,55,51
1767618729124,51,200,true,55,55,51
1767618729125,51,200,true,55,55,51
1767618729126,51,200,true,55,55,51
1767618729127,51,200,true,55,55,51
1767618729128,50,200,true,55,55,50
1767618729129,50,200,true,55,55,50
1767618729130,50,200,true,55,55,50
1767618729131,50,200,true,55,55,50
1767618729132,50,200,true,55,55,50
1767618729132,51,200,true,55,55,51
1767618729133,51,200,true,55,55,51
1767618729135,50,200,true,55,55,50
1767618729085,101,200,true,55,55,101
1767618729136,51,200,true,55,55,51
1767618729137,51,200,true,55,55,51
1767618729138,51,200,true,55,55,51
1767618729139,51,200,true,55,55,51
1767618729140,51,200,true,55,55,51
1767618729141,51,200,true,55,55,51
1767618729142,51,200,true,55,55,51
1767618729143,51,200,true,55,55,51
1767618729144,50,200,true,55,55,50
1767618729145,51,200,true,55,55,50
1767618729145,51,200,true,55,55,51
1767618729146,51,200,true,55,55,51
1767618729147,51,200,true,55,55,51
1767618729148,51,200,true,55,55,51
1767618729149,51,200,true,55,55,51
1767618729150,51,200,true,55,55,51
1767618729151,51,200,true,55,55,51
1767618729152,51,200,true,55,55,51
1767618729153,51,200,true,55,55,51
1767618729154,51,200,true,55,55,51
1767618729155,51,200,true,55,55,51
1767618729156,51,200,true,55,55,51
1767618729157,51,200,true,55,55,51
1767618729158,51,200,true,55,55,51
1767618729159,50,200,true,55,55,50
1767618729160,50,200,true,55,55,50
1767618729161,50,200,true,55,55,50
1767618729161,51,200,true,55,55,51
1767618729162,51,200,true,55,55,51
1767618729163,51,200,true,55,55,51
1767618729164,51,200,true,55,55,51
1767618729165,51,200,true,55,55,51
1767618729166,51,200,true,55,55,51
1767618729167,51,200,true,55,55,51
1767618729168,51,200,true,55,55,51
1767618729169,51,200,true,55,55,51
1767618729171,50,200,true,55,55,50
1767618729171,51,200,true,55,55,51
1767618729172,51,200,true,55,55,51
1767618729173,51,200,true,55,55,51
1767618729174,51,200,true,55,55,51
1767618729175,50,200,true,55,55,50
1767618729176,50,200,true,55,55,50
1767618729177,50,200,true,55,55,50
1767618729178,50,200,true,55,55,50
1767618729178,51,200,true,55,55,51
1767618729179,51,200,true,55,55,51
1767618729180,51,200,true,55,55,51
1767618729181,51,200,true,55,55,51
1767618729182,51,200,true,55,55,51
1767618729183,51,200,true,55,55,51
1767618729184,51,200,true,55,55,51
1767618729185,51,200,true,55,55,51
1767618729136,101,200,true,55,55,101
1767618729187,51,200,true,55,55,51
1767618729188,51,200,true,55,55,51
1767618729189,51,200,true,55,55,51
1767618729190,51,200,true,55,55,51
1767618729191,50,200,true,55,55,50
1767618729192,50,200,true,55,55,50
1767618729193,50,200,true,55,55,50
1767618729194,50,200,true,55,55,50
1767618729194,51,200,true,55,55,51
1767618729196,50,200,true,55,55,50
1767618729196,51,200,true,55,55,51
1767618729197,51,200,true,55,55,51
1767618729198,51,200,true,55,55,51
1767618729199,51,200,true,55,55,51
1767618729200,51,200,true,55,55,51
1767618729201,51,200,true,55,55,50
1767618729202,51,200,true,55,55,51
1767618729203,51,200,true,55,55,51
1767618729204,51,200,true,55,55,51
1767618729205,50,200,true,55,55,50
1767618729206,50,200,true,55,55,50
1767618729207,50,200,true,55,55,50
1767618729208,50,200,true,55,55,50
1767618729209,50,200,true,55,55,50
1767618729209,51,200,true,55,55,51
1767618729210,51,200,true,55,55,51
1767618729211,51,200,true,55,55,51
1767618729212,51,200,true,55,55,51
1767618729213,51,200,true,55,55,51
1767618729214,51,200,true,55,55,51
1767618729215,50,200,true,55,55,50
1767618729216,50,200,true,55,55,50
1767618729217,50,200,true,55,55,50
1767618729218,50,200,true,55,55,50
1767618729219,51,200,true,55,55,51
1767618729220,50,200,true,55,55,50
1767618729221,50,200,true,55,55,50
1767618729222,50,200,true,55,55,50
1767618729223,50,200,true,55,55,50
1767618729224,50,200,true,55,55,50
1767618729225,50,200,true,55,55,50
1767618729225,51,200,true,55,55,51
1767618729226,51,200,true,55,55,51
1767618729227,51,200,true,55,55,51
1767618729228,51,200,true,55,55,51
1767618729229,51,200,true,55,55,51
1767618729230,51,200,true,55,55,51
1767618729231,50,200,true,55,55,50
1767618729232,50,200,true,55,55,50
1767618729233,50,200,true,55,55,50
1767618729234,50,200,true,55,55,50
1767618729235,50,200,true,55,55,50
1767618729236,50,200,true,55,55,50
1767618729186,101,200,true,55,55,101
1767618729238,50,200,true,55,55,50
1767618729239,50,200,true,55,55,50
1767618729240,50,200,true,55,55,50
1767618729241,50,200,true,55,55,50
1767618729241,51,200,true,55,55,51
1767618729242,51,200,true,55,55,51
1767618729243,51,200,true,55,55,51
1767618729244,51,200,true,55,55,51
1767618729245,51,200,true,55,55,51
1767618729246,51,200,true,55,55,51
1767618729247,51,200,true,55,55,51
1767618729248,50,200,true,55,55,50
1767618729249,50,200,true,55,55,50
1767618729250,50,200,true,55,55,50
1767618729251,50,200,true,55,55,50
1767618729252,50,200,true,55,55,50
1767618729253,50,200,true,55,55,50
1767618729254,50,200,true,55,55,50
1767618729255,50,200,true,55,55,50
1767618729255,51,200,true,55,55,51
1767618729256,51,200,true,55,55,51
1767618729257,51,200,true,55,55,51
1767618729258,51,200,true,55,55,51
1767618729259,51,200,true,55,55,51
1767618729260,51,200,true,55,55,51
1767618729261,51,200,true,55,55,51
1767618729262,51,200,true,55,55,51
1767618729263,51,200,true,55,55,51
1767618729264,50,200,true,55,55,50
1767618729265,50,200,true,55,55,50
1767618729265,51,200,true,55,55,51
1767618729266,51,200,true,55,55,51
1767618729267,51,200,true,55,55,51
1767618729268,51,200,true,55,55,51
1767618729270,50,200,true,55,55,50
1767618729270,51,200,true,55,55,51
1767618729271,51,200,true,55,55,51
1767618729272,51,200,true,55,55,51
1767618729273,51,200,true,55,55,51
1767618729274,51,200,true,55,55,51
1767618729275,51,200,true,55,55,51
1767618729276,51,200,true,55,55,51
1767618729277,51,200,true,55,55,51
1767618729278,51,200,true,55,55,51
1767618729279,51,200,true,55,55,51
1767618729280,51,200,true,55,55,51
1767618729281,51,200,true,55,55,51
1767618729281,52,200,true,55,55,52
1767618729282,51,200,true,55,55,51
1767618729283,51,200,true,55,55,51
1767618729284,51,200,true,55,55,51
1767618729285,51,200,true,55,55,51
1767618729286,52,200,true,55,55,52
1767618729237,101,200,true,55,55,101
1767618729288,51,200,true,55,55,51
1767618729289,51,200,true,55,55,51
1767618729290,51,200,true,55,55,51
1767618729291,51,200,true,55,55,51
1767618729292,51,200,true,55,55,51
1767618729293,51,200,true,55,55,51
1767618729294,51,200,true,55,55,51
1767618729295,51,200,true,55,55,51
1767618729296,51,200,true,55,55,51
1767618729297,51,200,true,55,55,51
1767618729298,50,200,true,55,55,50
1767618729299,50,200,true,55,55,50
1767618729300,50,200,true,55,55,50
1767618729300,51,200,true,55,55,51
1767618729301,51,200,true,55,55,51
1767618729302,51,200,true,55,55,51
1767618729303,51,200,true,55,55,51
1767618729304,51,200,true,55,55,51
1767618729305,51,200,true,55,55,51
1767618729306,51,200,true,55,55,51
1767618729307,51,200,true,55,55,51
1767618729308,51,200,true,55,55,51
1767618729309,51,200,true,55,55,51
1767618729310,51,200,true,55,55,51
1767618729311,50,200,true,55,55,50
1767618729312,50,200,true,55,55,50
1767618729313,50,200,true,55,55,50
1767618729314,50,200,true,55,55,50
1767618729315,50,200,true,55,55,50
1767618729316,50,200,true,55,55,50
1767618729316,51,200,true,55,55,51
1767618729317,51,200,true,55,55,51
1767618729318,51,200,true,55,55,51
1767618729319,51,200,true,55,55,51
1767618729320,51,200,true,55,55,51
1767618729321,51,200,true,55,55,51
1767618729322,51,200,true,55,55,51
1767618729323,51,200,true,55,55,51
1767618729324,51,200,true,55,55,51
1767618729325,51,200,true,55,55,51
1767618729326,51,200,true,55,55,51
1767618729327,51,200,true,55,55,51
1767618729328,50,200,true,55,55,50
1767618729329,50,200,true,55,55,50
1767618729330,50,200,true,55,55,50
1767618729331,50,200,true,55,55,50
1767618729332,50,200,true,55,55,50
1767618729333,50,200,true,55,55,50
1767618729333,51,200,true,55,55,51
1767618729334,51,200,true,55,55,51
1767618729335,51,200,true,55,55,51
1767618729336,51,200,true,55,55,51
1767618729338,50,200,true,55,55,50
1767618729288,101,200,true,55,55,101
1767618729339,51,200,true,55,55,51
1767618729340,51,200,true,55,55,51
1767618729341,51,200,true,55,55,51
1767618729342,51,200,true,55,55,51
1767618729343,51,200,true,55,55,51
1767618729344,50,200,true,55,55,50
1767618729345,50,200,true,55,55,50
1767618729346,50,200,true,55,55,50
1767618729347,50,200,true,55,55,50
1767618729348,50,200,true,55,55,50
1767618729348,51,200,true,55,55,51
1767618729349,51,200,true,55,55,51
1767618729350,51,200,true,55,55,51
1767618729351,51,200,true,55,55,51
1767618729352,51,200,true,55,55,51
1767618729353,51,200,true,55,55,51
1767618729354,51,200,true,55,55,51
1767618729355,51,200,true,55,55,51
1767618729356,51,200,true,55,55,51
1767618729357,50,200,true,55,55,50
1767618729358,50,200,true,55,55,50
1767618729359,50,200,true,55,55,50
1767618729360,50,200,true,55,55,50
1767618729361,50,200,true,55,55,50
1767618729362,50,200,true,55,55,50
1767618729362,51,200,true,55,55,51
1767618729363,51,200,true,55,55,51
1767618729364,51,200,true,55,55,51
1767618729365,51,200,true,55,55,51
1767618729366,51,200,true,55,55,51
1767618729367,51,200,true,55,55,51
1767618729368,51,200,true,55,55,51
1767618729369,51,200,true,55,55,51
1767618729370,51,200,true,55,55,51
1767618729371,51,200,true,55,55,51
1767618729372,51,200,true,55,55,51
1767618729373,51,200,true,55,55,51
1767618729374,51,200,true,55,55,51
1767618729375,51,200,true,55,55,51
1767618729376,51,200,true,55,55,51
1767618729377,51,200,true,55,55,51
1767618729378,50,200,true,55,55,50
1767618729379,50,200,true,55,55,50
1767618729380,50,200,true,55,55,50
1767618729380,52,200,true,55,55,52
1767618729381,51,200,true,55,55,51
1767618729382,51,200,true,55,55,51
1767618729383,51,200,true,55,55,51
1767618729384,51,200,true,55,55,51
1767618729385,51,200,true,55,55,51
1767618729386,51,200,true,55,55,51
1767618729387,51,200,true,55,55,51
1767618729388,51,200,true,55,55,51
1767618729338,102,200,true,55,55,102
1767618729390,51,200,true,55,55,51
1767618729391,51,200,true,55,55,51
1767618729392,51,200,true,55,55,51
1767618729393,51,200,true,55,55,51
1767618729394,51,200,true,55,55,51
1767618729394,51,200,true,55,55,51
1767618729395,51,200,true,55,55,51
1767618729396,51,200,true,55,55,51
1767618729397,51,200,true,55,55,51
1767618729398,51,200,true,55,55,51
1767618729399,51,200,true,55,55,51
1767618729400,51,200,true,55,55,51
1767618729401,51,200,true,55,55,51
1767618729402,51,200,true,55,55,51
1767618729403,51,200,true,55,55,51
1767618729404,51,200,true,55,55,51
1767618729405,51,200,true,55,55,51
1767618729406,51,200,true,55,55,51
1767618729407,51,200,true,55,55,51
1767618729408,51,200,true,55,55,51
1767618729409,51,200,true,55,55,51
1767618729409,51,200,true,55,55,51
1767618729410,51,200,true,55,55,51
1767618729411,51,200,true,55,55,51
1767618729412,51,200,true,55,55,51
1767618729413,51,200,true,55,55,51
1767618729414,51,200,true,55,55,51
1767618729415,51,200,true,55,55,51
1767618729416,51,200,true,55,55,51
1767618729417,51,200,true,55,55,51
1767618729418,51,200,true,55,55,51
1767618729419,50,200,true,55,55,50
1767618729420,50,200,true,55,55,50
1767618729421,50,200,true,55,55,50
1767618729422,51,200,true,55,55,51
1767618729423,50,200,true,55,55,50
1767618729424,50,200,true,55,55,50
1767618729425,50,200,true,55,55,50
1767618729426,50,200,true,55,55,50
1767618729427,50,200,true,55,55,50
1767618729428,50,200,true,55,55,50
1767618729428,51,200,true,55,55,51
1767618729429,51,200,true,55,55,51
1767618729430,51,200,true,55,55,51
1767618729432,50,200,true,55,55,50
1767618729432,51,200,true,55,55,51
1767618729433,50,200,true,55,55,50
1767618729434,50,200,true,55,55,50
1767618729435,50,200,true,55,55,50
1767618729436,50,200,true,55,55,50
1767618729437,50,200,true,55,55,50
1767618729438,50,200,true,55,55,50
1767618729439,50,200,true,55,55,50
1767618729389,101,200,true,55,55,101
1767618729441,50,200,true,55,55,50
1767618729442,50,200,true,55,55,50
1767618729443,50,200,true,55,55,50
1767618729444,50,200,true,55,55,50
1767618729445,50,200,true,55,55,50
1767618729445,51,200,true,55,55,51
1767618729446,51,200,true,55,55,51
1767618729447,50,200,true,55,55,50
1767618729448,50,200,true,55,55,50
1767618729449,50,200,true,55,55,50
1767618729450,50,200,true,55,55,50
1767618729451,50,200,true,55,55,50
1767618729452,50,200,true,55,55,50
1767618729453,50,200,true,55,55,50
1767618729454,50,200,true,55,55,50
1767618729455,50,200,true,55,55,50
1767618729456,50,200,true,55,55,50
1767618729457,50,200,true,55,55,50
1767618729458,50,200,true,55,55,50
1767618729459,50,200,true,55,55,50
1767618729460,50,200,true,55,55,50
1767618729460,51,200,true,55,55,51
1767618729461,51,200,true,55,55,51
1767618729462,50,200,true,55,55,50
1767618729463,50,200,true,55,55,50
1767618729464,50,200,true,55,55,50
1767618729465,50,200,true,55,55,50
1767618729466,50,200,true,55,55,50
1767618729467,50,200,true,55,55,50
1767618729468,50,200,true,55,55,50
1767618729469,50,200,true,55,55,50
1767618729469,51,200,true,55,55,51
1767618729470,51,200,true,55,55,51
1767618729471,51,200,true,55,55,51
1767618729473,50,200,true,55,55,50
1767618729473,51,200,true,55,55,51
1767618729474,51,200,true,55,55,51
1767618729475,51,200,true,55,55,51
1767618729476,50,200,true,55,55,50
1767618729477,50,200,true,55,55,50
1767618729478,50,200,true,55,55,50
1767618729479,50,200,true,55,55,50
1767618729480,50,200,true,55,55,50
1767618729481,50,200,true,55,55,50
1767618729482,50,200,true,55,55,50
1767618729483,50,200,true,55,55,50
1767618729483,51,200,true,55,55,51
1767618729484,51,200,true,55,55,51
1767618729485,51,200,true,55,55,51
1767618729486,51,200,true,55,55,51
1767618729487,50,200,true,55,55,50
1767618729488,50,200,true,55,55,50
1767618729489,51,200,true,55,55,51
1767618729440,100,200,true,55,55,100
1767618729491,50,200,true,55,55,50
1767618729492,50,200,true,55,55,50
1767618729493,50,200,true,55,55,50
1767618729494,50,200,true,55,55,50
1767618729495,50,200,true,55,55,50
1767618729496,50,200,true,55,55,50
1767618729497,50,200,true,55,55,50
1767618729497,51,200,true,55,55,51
1767618729498,51,200,true,55,55,51
1767618729499,51,200,true,55,55,51
1767618729500,51,200,true,55,55,51
1767618729501,51,200,true,55,55,51
1767618729502,51,200,true,55,55,51
1767618729503,50,200,true,55,55,50
1767618729504,50,200,true,55,55,50
1767618729505,50,200,true,55,55,50
1767618729506,51,200,true,55,55,51
1767618729507,50,200,true,55,55,50
1767618729508,50,200,true,55,55,50
1767618729509,50,200,true,55,55,50
1767618729510,50,200,true,55,55,50
1767618729511,50,200,true,55,55,50
1767618729512,50,200,true,55,55,50
1767618729513,50,200,true,55,55,50
1767618729513,51,200,true,55,55,51
1767618729514,51,200,true,55,55,51
1767618729515,51,200,true,55,55,51
1767618729516,51,200,true,55,55,51
1767618729517,51,200,true,55,55,51
1767618729518,51,200,true,55,55,51
1767618729519,50,200,true,55,55,50
1767618729520,50,200,true,55,55,50
1767618729521,50,200,true,55,55,50
1767618729522,50,200,true,55,55,50
1767618729523,50,200,true,55,55,50
1767618729524,50,200,true,55,55,50
1767618729525,50,200,true,55,55,50
1767618729526,50,200,true,55,55,50
1767618729526,51,200,true,55,55,51
1767618729527,51,200,true,55,55,51
1767618729528,51,200,true,55,55,51
1767618729529,51,200,true,55,55,51
1767618729530,51,200,true,55,55,51
1767618729531,51,200,true,55,55,51
1767618729532,51,200,true,55,55,51
1767618729533,50,200,true,55,55,50
1767618729534,50,200,true,55,55,50
1767618729535,50,200,true,55,55,50
1767618729536,50,200,true,55,55,50
1767618729537,50,200,true,55,55,50
1767618729537,51,200,true,55,55,51
1767618729538,51,200,true,55,55,51
1767618729540,50,200,true,55,55,50
1767618729490,101,200,true,55,55,101
1767618729541,51,200,true,55,55,51
1767618729542,51,200,true,55,55,51
1767618729543,51,200,true,55,55,51
1767618729544,51,200,true,55,55,51
1767618729545,51,200,true,55,55,51
1767618729546,51,200,true,55,55,51
1767618729547,51,200,true,55,55,51
1767618729548,50,200,true,55,55,50
1767618729549,50,200,true,55,55,50
1767618729550,50,200,true,55,55,50
1767618729551,50,200,true,55,55,50
1767618729552,50,200,true,55,55,50
1767618729553,50,200,true,55,55,50
1767618729554,50,200,true,55,55,50
1767618729554,51,200,true,55,55,51
1767618729555,51,200,true,55,55,51
1767618729557,50,200,true,55,55,50
1767618729558,50,200,true,55,55,50
1767618729558,51,200,true,55,55,51
1767618729559,51,200,true,55,55,51
1767618729560,51,200,true,55,55,51
1767618729561,51,200,true,55,55,51
1767618729562,51,200,true,55,55,51
1767618729563,50,200,true,55,55,50
1767618729564,50,200,true,55,55,50
1767618729565,50,200,true,55,55,50
1767618729566,50,200,true,55,55,50
1767618729567,50,200,true,55,55,50
1767618729568,50,200,true,55,55,50
1767618729569,50,200,true,55,55,50
1767618729569,51,200,true,55,55,51
1767618729570,51,200,true,55,55,51
1767618729571,51,200,true,55,55,51
1767618729572,50,200,true,55,55,50
1767618729573,51,200,true,55,55,51
1767618729574,51,200,true,55,55,51
1767618729575,51,200,true,55,55,51
1767618729576,50,200,true,55,55,50
1767618729577,50,200,true,55,55,50
1767618729578,50,200,true,55,55,50
1767618729579,50,200,true,55,55,50
1767618729580,50,200,true,55,55,50
1767618729581,50,200,true,55,55,50
1767618729582,50,200,true,55,55,50
1767618729583,50,200,true,55,55,50
1767618729583,51,200,true,55,55,51
1767618729584,51,200,true,55,55,51
1767618729585,51,200,true,55,55,51
1767618729586,50,200,true,55,55,50
1767618729587,50,200,true,55,55,50
1767618729588,50,200,true,55,55,50
1767618729589,50,200,true,55,55,50
1767618729590,50,200,true,55,55,50
1767618729541,100,200,true,55,55,100
1767618729592,50,200,true,55,55,50
1767618729593,50,200,true,55,55,50
1767618729594,50,200,true,55,55,50
1767618729595,50,200,true,55,55,50
1767618729596,50,200,true,55,55,50
1767618729597,50,200,true,55,55,50
1767618729598,50,200,true,55,55,50
1767618729598,51,200,true,55,55,51
1767618729599,51,200,true,55,55,51
1767618729600,50,200,true,55,55,50
1767618729601,50,200,true,55,55,50
1767618729602,50,200,true,55,55,50
1767618729603,50,200,true,55,55,50
1767618729604,50,200,true,55,55,50
1767618729605,50,200,true,55,55,50
1767618729606,50,200,true,55,55,50
1767618729607,50,200,true,55,55,50
1767618729608,50,200,true,55,55,50
1767618729609,50,200,true,55,55,50
1767618729610,50,200,true,55,55,50
1767618729611,50,200,true,55,55,50
1767618729612,50,200,true,55,55,50
1767618729613,50,200,true,55,55,50
1767618729614,50,200,true,55,55,50
1767618729614,51,200,true,55,55,51
1767618729615,51,200,true,55,55,51
1767618729616,50,200,true,55,55,50
1767618729617,50,200,true,55,55,50
1767618729618,50,200,true,55,55,50
1767618729619,50,200,true,55,55,50
1767618729620,50,200,true,55,55,50
1767618729621,50,200,true,55,55,50
1767618729622,50,200,true,55,55,50
1767618729623,50,200,true,55,55,50
1767618729624,50,200,true,55,55,50
1767618729625,50,200,true,55,55,50
1767618729626,50,200,true,55,55,50
1767618729627,50,200,true,55,55,50
1767618729627,51,200,true,55,55,51
1767618729628,51,200,true,55,55,51
1767618729629,51,200,true,55,55,51
1767618729630,51,200,true,55,55,51
1767618729631,51,200,true,55,55,51
1767618729632,51,200,true,55,55,51
1767618729633,51,200,true,55,55,51
1767618729634,51,200,true,55,55,51
1767618729635,50,200,true,55,55,50
1767618729636,50,200,true,55,55,50
1767618729637,50,200,true,55,55,50
1767618729637,51,200,true,55,55,51
1767618729638,51,200,true,55,55,51
1767618729639,51,200,true,55,55,51
1767618729640,51,200,true,55,55,51
1767618729591,101,200,true,55,55,101
1767618729642,51,200,true,55,55,51
1767618729643,51,200,true,55,55,51
1767618729644,51,200,true,55,55,51
1767618729645,51,200,true,55,55,51
1767618729646,51,200,true,55,55,51
1767618729647,51,200,true,55,55,51
1767618729648,51,200,true,55,55,51
1767618729649,51,200,true,55,55,51
1767618729650,50,200,true,55,55,50
1767618729651,50,200,true,55,55,50
1767618729651,51,200,true,55,55,51
1767618729652,51,200,true,55,55,51
1767618729653,51,200,true,55,55,51
1767618729654,51,200,true,55,55,51
1767618729655,51,200,true,55,55,51
1767618729656,51,200,true,55,55,51
1767618729657,51,200,true,55,55,51
1767618729658,51,200,true,55,55,51
1767618729659,51,200,true,55,55,51
1767618729660,51,200,true,55,55,51
1767618729661,51,200,true,55,55,51
1767618729662,51,200,true,55,55,51
1767618729663,51,200,true,55,55,51
1767618729664,51,200,true,55,55,51
1767618729665,51,200,true,55,55,51
1767618729666,52,200,true,55,55,52
1767618729667,52,200,true,55,55,52
1767618729667,53,200,true,55,55,53
1767618729668,53,200,true,55,55,53
1767618729669,53,200,true,55,55,53
1767618729670,53,200,true,55,55,53
1767618729671,53,200,true,55,55,53
1767618729672,53,200,true,55,55,53
1767618729673,53,200,true,55,55,53
1767618729674,53,200,true,55,55,53
1767618729675,53,200,true,55,55,53
1767618729676,53,200,true,55,55,53
1767618729677,53,200,true,55,55,53
1767618729678,53,200,true,55,55,53
1767618729679,53,200,true,55,55,53
1767618729680,53,200,true,55,55,53
1767618729681,53,200,true,55,55,53
1767618729682,53,200,true,55,55,53
1767618729683,53,200,true,55,55,53
1767618729684,53,200,true,55,55,53
1767618729685,52,200,true,55,55,52
1767618729685,53,200,true,55,55,53
1767618729686,53,200,true,55,55,53
1767618729687,53,200,true,55,55,53
1767618729688,53,200,true,55,55,53
1767618729689,53,200,true,55,55,53
1767618729690,53,200,true,55,55,53
1767618729691,53,200,true,55,55,53
1767618729641,104,200,true,55,55,104
1767618729693,53,200,true,55,55,53
1767618729694,53,200,true,55,55,53
1767618729695,53,200,true,55,55,53
1767618729696,53,200,true,55,55,53
1767618729697,53,200,true,55,55,53
1767618729698,53,200,true,55,55,53
1767618729699,52,200,true,55,55,52
1767618729700,52,200,true,55,55,52
1767618729701,52,200,true,55,55,52
1767618729701,53,200,true,55,55,53
1767618729702,53,200,true,55,55,53
1767618729703,53,200,true,55,55,53
1767618729704,53,200,true,55,55,53
1767618729705,53,200,true,55,55,53
1767618729706,53,200,true,55,55,53
1767618729707,53,200,true,55,55,53
1767618729708,53,200,true,55,55,53
1767618729709,53,200,true,55,55,53
1767618729710,53,200,true,55,55,53
1767618729711,53,200,true,55,55,53
1767618729712,53,200,true,55,55,53
1767618729713,52,200,true,55,55,52
1767618729714,52,200,true,55,55,52
1767618729715,52,200,true,55,55,52
1767618729716,52,200,true,55,55,52
1767618729718,51,200,true,55,55,51
1767618729719,51,200,true,55,55,51
1767618729720,51,200,true,55,55,51
1767618729721,51,200,true,55,55,51
1767618729722,51,200,true,55,55,51
1767618729723,51,200,true,55,55,51
1767618729724,50,200,true,55,55,50
1767618729725,50,200,true,55,55,50
1767618729726,50,200,true,55,55,50
1767618729727,50,200,true,55,55,50
1767618729728,50,200,true,55,55,50
1767618729729,50,200,true,55,55,50
1767618729730,50,200,true,55,55,50
1767618729731,50,200,true,55,55,50
1767618729732,50,200,true,55,55,50
1767618729733,50,200,true,55,55,50
1767618729734,50,200,true,55,55,50
1767618729735,50,200,true,55,55,50
1767618729736,50,200,true,55,55,50
1767618729737,50,200,true,55,55,50
1767618729737,51,200,true,55,55,51
1767618729738,50,200,true,55,55,50
1767618729739,50,200,true,55,55,50
1767618729740,50,200,true,55,55,50
1767618729741,50,200,true,55,55,50
1767618729742,50,200,true,55,55,50
1767618729743,50,200,true,55,55,50
1767618729744,51,200,true,55,55,51
1767618729692,103,200,true,55,55,103
1767618729746,50,200,true,55,55,50
1767618729747,50,200,true,55,55,50
1767618729748,50,200,true,55,55,50
1767618729749,50,200,true,55,55,50
1767618729750,50,200,true,55,55,50
1767618729751,50,200,true,55,55,50
1767618729751,51,200,true,55,55,51
1767618729752,50,200,true,55,55,50
1767618729753,50,200,true,55,55,50
1767618729754,50,200,true,55,55,50
1767618729755,50,200,true,55,55,50
1767618729756,50,200,true,55,55,50
1767618729757,50,200,true,55,55,50
1767618729758,50,200,true,55,55,50
1767618729759,50,200,true,55,55,50
1767618729760,50,200,true,55,55,50
1767618729761,50,200,true,55,55,50
1767618729762,50,200,true,55,55,50
1767618729763,50,200,true,55,55,50
1767618729764,50,200,true,55,55,50
1767618729765,50,200,true,55,55,50
1767618729765,51,200,true,55,55,51
1767618729766,51,200,true,55,55,51
1767618729767,50,200,true,55,55,50
1767618729768,50,200,true,55,55,50
1767618729769,50,200,true,55,55,50
1767618729770,50,200,true,55,55,50
1767618729771,50,200,true,55,55,50
1767618729772,50,200,true,55,55,50
1767618729773,50,200,true,55,55,50
1767618729774,50,200,true,55,55,50
1767618729775,50,200,true,55,55,50
1767618729775,51,200,true,55,55,51
1767618729776,51,200,true,55,55,51
1767618729778,50,200,true,55,55,50
1767618729778,51,200,true,55,55,51
1767618729779,51,200,true,55,55,51
1767618729780,51,200,true,55,55,51
1767618729781,51,200,true,55,55,51
1767618729782,50,200,true,55,55,50
1767618729783,50,200,true,55,55,50
1767618729784,50,200,true,55,55,50
1767618729785,50,200,true,55,55,50
1767618729786,50,200,true,55,55,50
1767618729787,50,200,true,55,55,50
1767618729788,50,200,true,55,55,50
1767618729788,51,200,true,55,55,51
1767618729789,51,200,true,55,55,51
1767618729790,50,200,true,55,55,50
1767618729791,50,200,true,55,55,50
1767618729792,50,200,true,55,55,50
1767618729793,50,200,true,55,55,50
1767618729795,50,200,true,55,55,50
1767618729745,100,200,true,55,55,100
1767618729796,50,200,true,55,55,50
1767618729797,50,200,true,55,55,50
1767618729798,50,200,true,55,55,50
1767618729799,50,200,true,55,55,50
1767618729800,50,200,true,55,55,50
1767618729801,50,200,true,55,55,50
1767618729802,50,200,true,55,55,50
1767618729802,51,200,true,55,55,51
1767618729803,51,200,true,55,55,51
1767618729804,51,200,true,55,55,51
1767618729805,50,200,true,55,55,50
1767618729806,50,200,true,55,55,50
1767618729807,50,200,true,55,55,50
1767618729808,50,200,true,55,55,50
1767618729809,50,200,true,55,55,50
1767618729810,50,200,true,55,55,50
1767618729811,50,200,true,55,55,50
1767618729812,50,200,true,55,55,50
1767618729813,50,200,true,55,55,50
1767618729814,50,200,true,55,55,50
1767618729815,50,200,true,55,55,50
1767618729816,50,200,true,55,55,50
1767618729817,50,200,true,55,55,50
1767618729818,50,200,true,55,55,50
1767618729818,51,200,true,55,55,51
1767618729819,51,200,true,55,55,51
1767618729820,50,200,true,55,55,50
1767618729821,50,200,true,55,55,50
1767618729822,50,200,true,55,55,50
1767618729823,50,200,true,55,55,50
1767618729824,50,200,true,55,55,50
1767618729825,50,200,true,55,55,50
1767618729826,50,200,true,55,55,50
1767618729827,50,200,true,55,55,50
1767618729828,50,200,true,55,55,50
1767618729829,50,200,true,55,55,50
1767618729830,50,200,true,55,55,50
1767618729831,50,200,true,55,55,50
1767618729832,50,200,true,55,55,50
1767618729832,51,200,true,55,55,51
1767618729833,50,200,true,55,55,50
1767618729834,50,200,true,55,55,50
1767618729835,50,200,true,55,55,50
1767618729836,50,200,true,55,55,50
1767618729837,50,200,true,55,55,50
1767618729838,50,200,true,55,55,50
1767618729839,50,200,true,55,55,50
1767618729840,50,200,true,55,55,50
1767618729841,50,200,true,55,55,50
1767618729841,51,200,true,55,55,51
1767618729842,51,200,true,55,55,51
1767618729843,50,200,true,55,55,50
1767618729845,50,200,true,55,55,50
1767618729795,101,200,true,55,55,101
1767618729846,50,200,true,55,55,50
1767618729847,50,200,true,55,55,50
1767618729848,50,200,true,55,55,50
1767618729849,50,200,true,55,55,50
1767618729850,50,200,true,55,55,50
1767618729851,50,200,true,55,55,50
1767618729852,50,200,true,55,55,50
1767618729853,50,200,true,55,55,50
1767618729854,50,200,true,55,55,50
1767618729855,50,200,true,55,55,50
1767618729856,50,200,true,55,55,50
1767618729857,49,200,true,55,55,49
1767618729857,50,200,true,55,55,50
1767618729858,50,200,true,55,55,50
1767618729859,50,200,true,55,55,50
1767618729860,50,200,true,55,55,50
1767618729861,50,200,true,55,55,50
1767618729862,50,200,true,55,55,50
1767618729863,50,200,true,55,55,50
1767618729864,50,200,true,55,55,50
1767618729865,50,200,true,55,55,50
1767618729866,50,200,true,55,55,50
1767618729867,50,200,true,55,55,50
1767618729868,50,200,true,55,55,50
1767618729869,50,200,true,55,55,50
1767618729870,50,200,true,55,55,50
1767618729870,51,200,true,55,55,51
1767618729871,51,200,true,55,55,51
1767618729872,51,200,true,55,55,50
1767618729873,50,200,true,55,55,50
1767618729874,50,200,true,55,55,50
1767618729875,50,200,true,55,55,50
1767618729876,50,200,true,55,55,50
1767618729877,50,200,true,55,55,50
1767618729878,50,200,true,55,55,50
1767618729879,50,200,true,55,55,50
1767618729880,50,200,true,55,55,50
1767618729881,50,200,true,55,55,50
1767618729882,50,200,true,55,55,50
1767618729883,50,200,true,55,55,50
1767618729884,50,200,true,55,55,50
1767618729884,51,200,true,55,55,51
1767618729885,51,200,true,55,55,51
1767618729886,51,200,true,55,55,51
1767618729887,50,200,true,55,55,50
1767618729888,50,200,true,55,55,50
1767618729889,50,200,true,55,55,50
1767618729890,50,200,true,55,55,50
1767618729891,50,200,true,55,55,50
1767618729892,50,200,true,55,55,50
1767618729893,50,200,true,55,55,50
1767618729893,51,200,true,55,55,51
1767618729895,50,200,true,55,55,50
1767618729846,100,200,true,55,55,100
1767618729897,50,200,true,55,55,50
1767618729897,51,200,true,55,55,51
1767618729898,51,200,true,55,55,51
1767618729899,51,200,true,55,55,51
1767618729900,51,200,true,55,55,51
1767618729901,51,200,true,55,55,51
1767618729902,50,200,true,55,55,50
1767618729903,50,200,true,54,54,50
1767618729904,50,200,true,54,54,50
1767618729905,50,200,true,54,54,50
1767618729906,50,200,true,54,54,50
1767618729907,50,200,true,54,54,50
1767618729907,51,200,true,54,54,51
1767618729908,51,200,true,54,54,51
1767618729909,51,200,true,54,54,51
1767618729910,51,200,true,54,54,51
1767618729911,51,200,true,54,54,51
1767618729912,51,200,true,54,54,51
1767618729913,51,200,true,53,53,51
1767618729914,51,200,true,52,52,51
1767618729915,51,200,true,52,52,51
1767618729916,50,200,true,52,52,50
1767618729917,50,200,true,51,51,50
1767618729918,50,200,true,50,50,50
1767618729919,50,200,true,50,50,50
1767618729920,50,200,true,50,50,50
1767618729921,50,200,true,49,49,50
1767618729922,50,200,true,48,48,50
1767618729923,50,200,true,47,47,50
1767618729924,50,200,true,47,47,50
1767618729924,51,200,true,46,46,51
1767618729925,51,200,true,45,45,51
1767618729926,50,200,true,44,44,50
1767618729927,50,200,true,43,43,50
1767618729928,51,200,true,42,42,51
1767618729929,51,200,true,41,41,51
1767618729930,50,200,true,40,40,50
1767618729931,50,200,true,39,39,50
1767618729932,50,200,true,38,38,50
1767618729933,50,200,true,37,37,50
1767618729934,50,200,true,36,36,50
1767618729935,50,200,true,35,35,50
1767618729936,50,200,true,34,34,50
1767618729937,50,200,true,33,33,50
1767618729938,50,200,true,32,32,50
1767618729938,50,200,true,31,31,50
1767618729939,50,200,true,30,30,50
1767618729940,50,200,true,29,29,50
1767618729941,50,200,true,28,28,50
1767618729942,50,200,true,27,27,50
1767618729943,50,200,true,26,26,50
1767618729944,50,200,true,25,25,50
1767618729945,50,200,true,24,24,50
1767618729896,100,200,true,23,23,100
1767618729947,50,200,true,22,22,50
1767618729948,50,200,true,21,21,50
1767618729949,50,200,true,20,20,50
1767618729950,50,200,true,19,19,50
1767618729951,50,200,true,18,18,50
1767618729953,49,200,true,17,17,49
1767618729953,50,200,true,16,16,50
1767618729954,50,200,true,15,15,50
1767618729955,49,200,true,14,14,49
1767618729956,49,200,true,13,13,49
1767618729957,49,200,true,12,12,49
1767618729958,49,200,true,11,11,49
1767618729959,49,200,true,10,10,49
1767618729960,49,200,true,9,9,49
1767618729961,49,200,true,8,8,49
1767618729962,49,200,true,7,7,49
1767618729965,47,200,true,6,6,47
1767618729966,47,200,true,5,5,47
1767618729968,46,200,true,4,4,46
1767618729969,46,200,true,3,3,46
1767618729973,43,200,true,2,2,43
1767618729946,71,200,true,1,1,71
