timeStamp,elapsed,responseCode,success,grpThreads,allThreads,Latency
1767653453578,55,200,true,110,110,50
1767653453579,54,200,true,110,110,54
1767653453578,55,200,true,110,110,54
1767653453578,56,200,true,110,110,56
1767653453578,55,200,true,110,110,52
1767653453582,68,200,true,110,110,68
1767653453583,67,200,true,110,110,67
1767653453582,68,200,true,110,110,68
1767653453581,69,200,true,110,110,69
1767653453578,72,200,true,110,110,72
1767653453579,72,200,true,110,110,72
1767653453578,73,200,true,110,110,73
1767653453584,68,200,true,110,110,68
1767653453578,74,200,true,110,110,74
1767653453577,74,200,true,110,110,74
1767653453581,71,200,true,110,110,71
1767653453578,73,200,true,110,110,73
1767653453582,69,200,true,110,110,69
1767653453578,74,200,true,110,110,74
1767653453580,71,200,true,110,110,71
1767653453581,70,200,true,110,110,70
1767653453583,68,200,true,110,110,68
1767653453579,72,200,true,110,110,72
1767653453584,69,200,true,110,110,69
1767653453580,72,200,true,110,110,72
1767653453583,70,200,true,110,110,69
1767653453580,72,200,true,110,110,72
1767653453578,74,200,true,110,110,74
1767653453578,74,200,true,110,110,74
1767653453580,72,200,true,110,110,70
1767653453578,75,200,true,110,110,75
1767653453580,72,200,true,110,110,72
1767653453580,73,200,true,110,110,73
1767653453580,74,200,true,110,110,74
1767653453583,71,200,true,110,110,71
1767653453584,70,200,true,110,110,70
1767653453577,77,200,true,110,110,77
1767653453577,77,200,true,110,110,77
1767653453579,75,200,true,110,110,75
1767653453578,77,200,true,110,110,77
1767653453575,80,200,true,110,110,80
1767653453581,75,200,true,110,110,75
1767653453583,72,200,true,110,110,71
1767653453577,79,200,true,110,110,79
1767653453583,72,200,true,110,110,72
1767653453583,72,200,true,110,110,72
1767653453580,75,200,true,110,110,75
1767653453582,73,200,true,110,110,73
1767653453579,77,200,true,110,110,77
1767653453578,78,200,true,110,110,78
1767653453580,76,200,true,110,110,76
1767653453579,77,200,true,110,110,77
1767653453581,75,200,true,110,110,75
1767653453580,77,200,true,110,110,77
1767653453577,80,200,true,110,110,80
1767653453577,80,200,true,110,110,80
1767653453579,78,200,true,110,110,78
1767653453581,76,200,true,110,110,76
1767653453577,80,200,true,110,110,80
1767653453584,73,200,true,110,110,73
1767653453581,76,200,true,110,110,76
1767653453581,77,200,true,110,110,77
1767653453582,75,200,true,110,110,75
1767653453580,77,200,true,110,110,77
1767653453578,80,200,true,110,110,80
1767653453580,79,200,true,110,110,79
1767653453583,75,200,true,110,110,75
1767653453580,78,200,true,110,110,78
1767653453579,79,200,true,110,110,79
1767653453578,80,200,true,110,110,80
1767653453577,81,200,true,110,110,81
1767653453583,75,200,true,110,110,75
1767653453579,80,200,true,110,110,80
1767653453584,74,200,true,110,110,74
1767653453580,78,200,true,110,110,78
1767653453579,79,200,true,110,110,79
1767653453577,81,200,true,110,110,81
1767653453577,82,200,true,110,110,82
1767653453582,77,200,true,110,110,77
1767653453578,81,200,true,110,110,81
1767653453578,81,200,true,110,110,81
1767653453578,55,200,true,110,110,50
1767653453579,54,200,true,110,110,50
1767653453581,53,200,true,110,110,53
1767653453584,50,200,true,110,110,47
1767653453580,79,200,true,110,110,79
1767653453577,82,200,true,110,110,82
1767653453577,82,200,true,110,110,82
1767653453577,82,200,true,110,110,82
1767653453577,83,200,true,110,110,83
1767653453579,54,200,true,110,110,51
1767653453580,54,200,true,110,110,53
1767653453579,54,200,true,110,110,53
1767653453578,55,200,true,110,110,53
1767653453575,87,200,true,110,110,87
1767653453579,83,200,true,110,110,83
1767653453578,84,200,true,110,110,84
1767653453580,82,200,true,110,110,82
1767653453580,82,200,true,110,110,82
1767653453579,84,200,true,110,110,83
1767653453579,85,200,true,110,110,85
1767653453579,86,200,true,110,110,86
1767653453578,87,200,true,110,110,87
1767653453579,86,200,true,110,110,86
1767653453577,88,200,true,110,110,88
1767653453578,88,200,true,110,110,87
1767653453581,85,200,true,110,110,85
1767653453579,87,200,true,110,110,87
1767653453580,86,200,true,110,110,86
1767653453578,88,200,true,110,110,88
1767653453663,7,200,true,110,110,7
1767653453663,8,200,true,110,110,8
1767653453663,10,200,true,110,110,10
1767653453662,12,200,true,110,110,12
1767653453663,15,200,true,110,110,15
1767653453663,16,200,true,110,110,16
1767653453663,16,200,true,110,110,16
1767653453666,14,200,true,110,110,14
1767653453665,15,200,true,110,110,15
1767653453664,17,200,true,110,110,17
1767653453665,16,200,true,110,110,16
1767653453666,15,200,true,110,110,15
1767653453666,25,200,true,110,110,25
1767653453668,23,200,true,110,110,23
1767653453666,25,200,true,110,110,25
1767653453665,26,200,true,110,110,26
1767653453668,23,200,true,110,110,23
1767653453664,28,200,true,110,110,28
1767653453666,26,200,true,110,110,26
1767653453671,21,200,true,110,110,21
1767653453670,22,200,true,110,110,22
1767653453672,20,200,true,110,110,20
1767653453667,25,200,true,110,110,25
1767653453669,24,200,true,110,110,23
1767653453667,26,200,true,110,110,26
1767653453671,22,200,true,110,110,22
1767653453668,25,200,true,110,110,25
1767653453668,25,200,true,110,110,25
1767653453664,29,200,true,110,110,29
1767653453666,26,200,true,110,110,26
1767653453666,27,200,true,110,110,27
1767653453680,13,200,true,110,110,13
1767653453663,31,200,true,110,110,30
1767653453664,30,200,true,110,110,29
1767653453664,30,200,true,110,110,30
1767653453671,23,200,true,110,110,23
1767653453672,22,200,true,110,110,22
1767653453664,30,200,true,110,110,30
1767653453668,26,200,true,110,110,24
1767653453667,27,200,true,110,110,27
1767653453666,28,200,true,110,110,28
1767653453665,30,200,true,110,110,30
1767653453670,25,200,true,110,110,25
1767653453670,25,200,true,110,110,25
1767653453668,27,200,true,110,110,27
1767653453673,22,200,true,110,110,22
1767653453672,24,200,true,110,110,24
1767653453669,27,200,true,110,110,27
1767653453667,28,200,true,110,110,28
1767653453671,25,200,true,110,110,25
1767653453667,29,200,true,110,110,29
1767653453669,27,200,true,110,110,27
1767653453665,31,200,true,110,110,31
1767653453670,25,200,true,110,110,25
1767653453668,29,200,true,110,110,29
1767653453662,35,200,true,110,110,35
1767653453668,29,200,true,110,110,29
1767653453665,32,200,true,110,110,32
1767653453668,29,200,true,110,110,29
1767653453667,30,200,true,110,110,25
1767653453673,24,200,true,110,110,24
1767653453668,30,200,true,110,110,24
1767653453671,27,200,true,110,110,27
1767653453679,22,200,true,110,110,22
1767653453678,23,200,true,110,110,23
1767653453679,26,200,true,110,110,26
1767653453679,31,200,true,110,110,31
1767653453684,26,200,true,110,110,26
1767653453676,36,200,true,110,110,36
1767653453673,39,200,true,110,110,39
1767653453673,39,200,true,110,110,39
1767653453682,30,200,true,110,110,30
1767653453681,31,200,true,110,110,31
1767653453673,39,200,true,110,110,39
1767653453682,30,200,true,110,110,30
1767653453682,31,200,true,110,110,31
1767653453676,37,200,true,110,110,37
1767653453679,34,200,true,110,110,34
1767653453678,35,200,true,110,110,35
1767653453679,34,200,true,110,110,34
1767653453681,33,200,true,110,110,32
1767653453682,32,200,true,110,110,32
1767653453683,31,200,true,110,110,31
1767653453674,40,200,true,110,110,40
1767653453683,31,200,true,110,110,31
1767653453674,40,200,true,110,110,40
1767653453683,31,200,true,110,110,31
1767653453683,32,200,true,110,110,32
1767653453677,38,200,true,110,110,38
1767653453683,32,200,true,110,110,32
1767653453674,41,200,true,110,110,41
1767653453676,39,200,true,110,110,39
1767653453684,31,200,true,110,110,31
1767653453681,34,200,true,110,110,34
1767653453683,33,200,true,110,110,33
1767653453681,35,200,true,110,110,35
1767653453676,40,200,true,110,110,40
1767653453675,41,200,true,110,110,41
1767653453697,33,200,true,110,110,33
1767653453693,38,200,true,110,110,37
1767653453676,55,200,true,110,110,55
1767653453691,40,200,true,110,110,40
1767653453694,37,200,true,110,110,36
1767653453694,38,200,true,110,110,38
1767653453685,49,200,true,110,110,49
1767653453695,40,200,true,110,110,39
1767653453692,43,200,true,110,110,43
1767653453681,54,200,true,110,110,54
1767653453676,60,200,true,110,110,60
1767653453693,44,200,true,110,110,44
1767653453680,57,200,true,110,110,57
1767653453694,43,200,true,110,110,43
1767653453697,40,200,true,110,110,40
1767653453694,44,200,true,110,110,43
1767653453679,59,200,true,110,110,59
1767653453694,44,200,true,110,110,44
1767653453698,41,200,true,110,110,41
1767653453675,64,200,true,110,110,64
1767653453674,66,200,true,110,110,66
1767653453683,58,200,true,110,110,58
1767653453697,46,200,true,110,110,45
1767653453694,49,200,true,110,110,48
1767653453680,63,200,true,110,110,62
1767653453695,52,200,true,110,110,52
1767653453681,66,200,true,110,110,66
1767653453692,56,200,true,110,110,56
1767653453684,64,200,true,110,110,64
1767653453702,46,200,true,110,110,46
1767653453677,71,200,true,110,110,71
1767653453696,52,200,true,110,110,52
1767653453693,55,200,true,110,110,55
1767653453692,56,200,true,110,110,56
1767653453693,56,200,true,110,110,56
1767653453693,56,200,true,110,110,56
1767653453675,74,200,true,110,110,74
1767653453693,56,200,true,110,110,56
1767653453682,67,200,true,110,110,67
1767653453683,66,200,true,110,110,66
1767653453695,54,200,true,110,110,54
1767653453696,53,200,true,110,110,53
1767653453696,54,200,true,110,110,52
1767653453693,57,200,true,110,110,57
1767653453698,53,200,true,110,110,53
1767653453681,71,200,true,110,110,69
1767653453698,54,200,true,110,110,54
1767653453695,57,200,true,110,110,57
1767653453697,55,200,true,110,110,55
1767653453675,78,200,true,110,110,77
1767653453678,75,200,true,110,110,75
1767653453714,40,200,true,110,110,39
1767653453714,40,200,true,110,110,40
1767653453696,58,200,true,110,110,58
1767653453695,59,200,true,110,110,59
1767653453694,61,200,true,110,110,61
1767653453694,62,200,true,110,110,62
1767653453692,64,200,true,110,110,64
1767653453705,53,200,true,110,110,53
1767653453696,62,200,true,110,110,62
1767653453697,61,200,true,110,110,61
1767653453674,84,200,true,110,110,84
1767653453697,62,200,true,110,110,62
1767653453696,63,200,true,110,110,63
1767653453684,75,200,true,110,110,75
1767653453677,82,200,true,110,110,82
1767653453696,63,200,true,110,110,63
1767653453696,63,200,true,110,110,63
1767653453696,63,200,true,110,110,54
1767653453694,66,200,true,110,110,55
1767653453678,82,200,true,110,110,78
1767653453685,75,200,true,110,110,75
1767653453713,48,200,true,110,110,48
1767653453702,59,200,true,110,110,59
1767653453698,63,200,true,110,110,63
1767653453710,51,200,true,110,110,51
1767653453714,47,200,true,110,110,47
1767653453713,48,200,true,110,110,48
1767653453713,48,200,true,110,110,48
1767653453713,49,200,true,110,110,49
1767653453715,47,200,true,110,110,47
1767653453714,48,200,true,110,110,48
1767653453716,46,200,true,110,110,46
1767653453716,46,200,true,110,110,46
1767653453715,47,200,true,110,110,47
1767653453716,46,200,true,110,110,46
1767653453697,65,200,true,110,110,65
1767653453743,20,200,true,110,110,20
1767653453716,47,200,true,110,110,47
1767653453739,24,200,true,110,110,24
1767653453712,51,200,true,110,110,51
1767653453715,48,200,true,110,110,48
1767653453696,67,200,true,110,110,67
1767653453738,25,200,true,110,110,25
1767653453696,67,200,true,110,110,67
1767653453694,69,200,true,110,110,69
1767653453731,32,200,true,110,110,32
1767653453736,27,200,true,110,110,27
1767653453738,25,200,true,110,110,25
1767653453734,30,200,true,110,110,30
1767653453739,25,200,true,110,110,25
1767653453696,68,200,true,110,110,68
1767653453737,27,200,true,110,110,27
1767653453716,48,200,true,110,110,48
1767653453743,21,200,true,110,110,21
1767653453730,34,200,true,110,110,34
1767653453735,29,200,true,110,110,29
1767653453715,49,200,true,110,110,49
1767653453732,32,200,true,110,110,32
1767653453738,27,200,true,110,110,26
1767653453731,34,200,true,110,110,34
1767653453712,53,200,true,110,110,53
1767653453696,69,200,true,110,110,69
1767653453743,22,200,true,110,110,22
1767653453717,48,200,true,110,110,48
1767653453714,51,200,true,110,110,51
1767653453715,50,200,true,110,110,50
1767653453713,52,200,true,110,110,52
1767653453731,35,200,true,110,110,35
1767653453715,51,200,true,110,110,51
1767653453735,31,200,true,110,110,31
1767653453713,53,200,true,110,110,53
1767653453711,55,200,true,110,110,55
1767653453741,25,200,true,110,110,25
1767653453740,26,200,true,110,110,26
1767653453737,29,200,true,110,110,29
1767653453735,32,200,true,110,110,32
1767653453715,52,200,true,110,110,52
1767653453714,53,200,true,110,110,53
1767653453712,55,200,true,110,110,55
1767653453731,36,200,true,110,110,36
1767653453715,53,200,true,110,110,53
1767653453712,56,200,true,110,110,56
1767653453737,31,200,true,110,110,31
1767653453738,30,200,true,110,110,30
1767653453749,34,200,true,110,110,34
1767653453751,32,200,true,110,110,32
1767653453749,34,200,true,110,110,34
1767653453748,35,200,true,110,110,35
1767653453749,35,200,true,110,110,35
1767653453750,35,200,true,110,110,35
1767653453750,35,200,true,110,110,35
1767653453749,36,200,true,110,110,36
1767653453760,26,200,true,110,110,26
1767653453765,21,200,true,110,110,21
1767653453752,35,200,true,110,110,34
1767653453764,22,200,true,110,110,22
1767653453750,37,200,true,110,110,37
1767653453753,34,200,true,110,110,34
1767653453748,39,200,true,110,110,39
1767653453754,33,200,true,110,110,33
1767653453752,36,200,true,110,110,35
1767653453749,39,200,true,110,110,39
1767653453752,36,200,true,110,110,35
1767653453748,40,200,true,110,110,40
1767653453753,35,200,true,110,110,35
1767653453754,35,200,true,110,110,35
1767653453756,33,200,true,110,110,33
1767653453749,40,200,true,110,110,40
1767653453748,42,200,true,110,110,42
1767653453749,41,200,true,110,110,41
1767653453756,34,200,true,110,110,34
1767653453748,42,200,true,110,110,42
1767653453748,44,200,true,110,110,44
1767653453762,32,200,true,110,110,32
1767653453764,30,200,true,110,110,30
1767653453765,29,200,true,110,110,29
1767653453749,45,200,true,110,110,44
1767653453749,46,200,true,110,110,45
1767653453755,42,200,true,110,110,42
1767653453754,43,200,true,110,110,43
1767653453765,32,200,true,110,110,32
1767653453762,35,200,true,110,110,35
1767653453762,36,200,true,110,110,35
1767653453762,39,200,true,110,110,39
1767653453763,38,200,true,110,110,38
1767653453759,42,200,true,110,110,42
1767653453759,42,200,true,110,110,42
1767653453760,41,200,true,110,110,41
1767653453766,35,200,true,110,110,35
1767653453768,33,200,true,110,110,33
1767653453762,39,200,true,110,110,39
1767653453764,38,200,true,110,110,37
1767653453764,38,200,true,110,110,38
1767653453767,35,200,true,110,110,35
1767653453754,48,200,true,110,110,48
1767653453764,38,200,true,110,110,38
1767653453766,36,200,true,110,110,36
1767653453763,39,200,true,110,110,39
1767653453755,48,200,true,110,110,47
1767653453763,40,200,true,110,110,40
1767653453763,40,200,true,110,110,40
1767653453761,42,200,true,110,110,42
1767653453762,41,200,true,110,110,41
1767653453763,40,200,true,110,110,40
1767653453749,54,200,true,110,110,54
1767653453758,45,200,true,110,110,45
1767653453763,40,200,true,110,110,40
1767653453766,37,200,true,110,110,37
1767653453760,43,200,true,110,110,43
1767653453765,39,200,true,110,110,39
1767653453762,42,200,true,110,110,42
1767653453766,38,200,true,110,110,38
1767653453762,42,200,true,110,110,42
1767653453759,45,200,true,110,110,45
1767653453761,43,200,true,110,110,43
1767653453764,40,200,true,110,110,40
1767653453765,39,200,true,110,110,39
1767653453763,42,200,true,110,110,41
1767653453760,45,200,true,110,110,45
1767653453767,38,200,true,110,110,38
1767653453759,46,200,true,110,110,46
1767653453762,43,200,true,110,110,43
1767653453759,47,200,true,110,110,47
1767653453758,48,200,true,110,110,48
1767653453764,42,200,true,110,110,42
1767653453763,44,200,true,110,110,44
1767653453763,44,200,true,110,110,44
1767653453764,43,200,true,110,110,43
1767653453765,42,200,true,110,110,42
1767653453764,43,200,true,110,110,43
1767653453765,42,200,true,110,110,42
1767653453762,46,200,true,110,110,46
1767653453764,44,200,true,110,110,44
1767653453764,44,200,true,110,110,44
1767653453765,43,200,true,110,110,43
1767653453761,47,200,true,110,110,47
1767653453760,49,200,true,110,110,49
1767653453759,50,200,true,110,110,50
1767653453765,44,200,true,110,110,44
1767653453767,49,200,true,110,110,49
1767653453767,49,200,true,110,110,49
1767653453787,29,200,true,110,110,29
1767653453789,27,200,true,110,110,27
1767653453787,29,200,true,110,110,29
1767653453766,51,200,true,110,110,51
1767653453767,50,200,true,110,110,50
1767653453768,48,200,true,110,110,48
1767653453767,50,200,true,110,110,50
1767653453788,30,200,true,110,110,29
1767653453767,51,200,true,110,110,51
1767653453760,58,200,true,110,110,58
1767653453788,30,200,true,110,110,30
1767653453787,31,200,true,110,110,29
1767653453766,52,200,true,110,110,51
1767653453763,55,200,true,110,110,55
1767653453787,31,200,true,110,110,31
1767653453764,54,200,true,110,110,54
1767653453767,52,200,true,110,110,52
1767653453784,35,200,true,110,110,35
1767653453783,36,200,true,110,110,36
1767653453768,51,200,true,110,110,51
1767653453788,31,200,true,110,110,31
1767653453787,33,200,true,110,110,32
1767653453785,35,200,true,110,110,35
1767653453788,32,200,true,110,110,32
1767653453787,33,200,true,110,110,33
1767653453785,35,200,true,110,110,35
1767653453794,27,200,true,110,110,27
1767653453783,38,200,true,110,110,38
1767653453783,41,200,true,110,110,41
1767653453794,31,200,true,110,110,31
1767653453786,40,200,true,110,110,39
1767653453794,32,200,true,110,110,32
1767653453793,33,200,true,110,110,33
1767653453785,41,200,true,110,110,41
1767653453790,37,200,true,110,110,36
1767653453790,37,200,true,110,110,37
1767653453785,42,200,true,110,110,42
1767653453791,36,200,true,110,110,36
1767653453790,37,200,true,110,110,37
1767653453786,47,200,true,110,110,41
1767653453788,45,200,true,110,110,45
1767653453766,67,200,true,110,110,67
1767653453794,40,200,true,110,110,40
1767653453768,66,200,true,110,110,66
1767653453790,44,200,true,110,110,37
1767653453790,44,200,true,110,110,37
1767653453804,33,200,true,110,110,33
1767653453801,36,200,true,110,110,36
1767653453805,32,200,true,110,110,32
1767653453802,35,200,true,110,110,35
1767653453806,31,200,true,110,110,31
1767653453797,41,200,true,110,110,41
1767653453797,41,200,true,110,110,41
1767653453795,43,200,true,110,110,43
1767653453801,40,200,true,110,110,40
1767653453802,39,200,true,110,110,39
1767653453797,45,200,true,110,110,45
1767653453804,38,200,true,110,110,38
1767653453818,24,200,true,110,110,24
1767653453801,41,200,true,110,110,41
1767653453804,38,200,true,110,110,38
1767653453802,40,200,true,110,110,40
1767653453803,40,200,true,110,110,40
1767653453803,44,200,true,110,110,44
1767653453804,44,200,true,110,110,44
1767653453806,42,200,true,110,110,40
1767653453805,43,200,true,110,110,43
1767653453802,46,200,true,110,110,44
1767653453801,47,200,true,110,110,46
1767653453798,50,200,true,110,110,49
1767653453802,46,200,true,110,110,45
1767653453801,47,200,true,110,110,47
1767653453804,45,200,true,110,110,43
1767653453803,46,200,true,110,110,44
1767653453803,46,200,true,110,110,45
1767653453802,47,200,true,110,110,44
1767653453809,45,200,true,110,110,44
1767653453802,52,200,true,110,110,51
1767653453801,53,200,true,110,110,53
1767653453804,50,200,true,110,110,50
1767653453803,51,200,true,110,110,51
1767653453804,51,200,true,110,110,51
1767653453801,54,200,true,110,110,54
1767653453808,47,200,true,110,110,47
1767653453802,54,200,true,110,110,54
1767653453818,38,200,true,110,110,38
1767653453818,38,200,true,110,110,38
1767653453798,58,200,true,110,110,58
1767653453817,39,200,true,110,110,39
1767653453818,39,200,true,110,110,39
1767653453809,50,200,true,110,110,50
1767653453808,51,200,true,110,110,50
1767653453818,41,200,true,110,110,41
1767653453809,50,200,true,110,110,50
1767653453820,54,200,true,110,110,54
1767653453827,47,200,true,110,110,47
1767653453818,56,200,true,110,110,56
1767653453818,56,200,true,110,110,56
1767653453806,68,200,true,110,110,68
1767653453821,53,200,true,110,110,53
1767653453807,67,200,true,110,110,67
1767653453804,70,200,true,110,110,70
1767653453819,56,200,true,110,110,56
1767653453828,47,200,true,110,110,47
1767653453807,68,200,true,110,110,68
1767653453805,71,200,true,110,110,71
1767653453826,51,200,true,110,110,51
1767653453805,72,200,true,110,110,72
1767653453833,44,200,true,110,110,44
1767653453808,69,200,true,110,110,69
1767653453827,50,200,true,110,110,50
1767653453817,60,200,true,110,110,60
1767653453805,73,200,true,110,110,73
1767653453806,71,200,true,110,110,71
1767653453820,58,200,true,110,110,58
1767653453803,75,200,true,110,110,75
1767653453834,45,200,true,110,110,44
1767653453819,60,200,true,110,110,60
1767653453819,60,200,true,110,110,60
1767653453826,53,200,true,110,110,53
1767653453824,55,200,true,110,110,55
1767653453818,61,200,true,110,110,61
1767653453820,59,200,true,110,110,59
1767653453820,59,200,true,110,110,59
1767653453819,60,200,true,110,110,60
1767653453838,41,200,true,110,110,41
1767653453807,72,200,true,110,110,72
1767653453808,72,200,true,110,110,71
1767653453820,60,200,true,110,110,59
1767653453816,64,200,true,110,110,64
1767653453817,63,200,true,110,110,58
1767653453809,71,200,true,110,110,71
1767653453809,71,200,true,110,110,71
1767653453809,71,200,true,110,110,71
1767653453816,64,200,true,110,110,64
1767653453826,54,200,true,110,110,54
1767653453809,71,200,true,110,110,71
1767653453816,65,200,true,110,110,59
1767653453818,63,200,true,110,110,63
1767653453837,44,200,true,110,110,44
1767653453805,76,200,true,110,110,72
1767653453819,63,200,true,110,110,63
1767653453809,73,200,true,110,110,71
1767653453849,40,200,true,110,110,40
1767653453848,41,200,true,110,110,41
1767653453833,56,200,true,110,110,56
1767653453854,35,200,true,110,110,35
1767653453849,40,200,true,110,110,40
1767653453849,41,200,true,110,110,40
1767653453843,47,200,true,110,110,47
1767653453849,41,200,true,110,110,41
1767653453842,48,200,true,110,110,48
1767653453837,53,200,true,110,110,53
1767653453848,42,200,true,110,110,42
1767653453838,52,200,true,110,110,52
1767653453842,48,200,true,110,110,48
1767653453843,47,200,true,110,110,47
1767653453842,48,200,true,110,110,48
1767653453855,35,200,true,110,110,35
1767653453837,54,200,true,110,110,54
1767653453849,42,200,true,110,110,42
1767653453817,74,200,true,110,110,74
1767653453819,72,200,true,110,110,72
1767653453834,57,200,true,110,110,57
1767653453826,65,200,true,110,110,65
1767653453859,32,200,true,110,110,32
1767653453877,14,200,true,110,110,14
1767653453834,57,200,true,110,110,57
1767653453827,64,200,true,110,110,64
1767653453826,66,200,true,110,110,66
1767653453834,58,200,true,110,110,58
1767653453849,43,200,true,110,110,43
1767653453854,38,200,true,110,110,38
1767653453874,18,200,true,110,110,18
1767653453837,55,200,true,110,110,55
1767653453827,65,200,true,110,110,65
1767653453856,36,200,true,110,110,36
1767653453848,44,200,true,110,110,44
1767653453854,38,200,true,110,110,38
1767653453856,36,200,true,110,110,36
1767653453838,54,200,true,110,110,54
1767653453877,16,200,true,110,110,15
1767653453842,51,200,true,110,110,51
1767653453807,86,200,true,110,110,86
1767653453808,85,200,true,110,110,85
1767653453877,16,200,true,110,110,16
1767653453855,38,200,true,110,110,38
1767653453876,17,200,true,110,110,17
1767653453842,51,200,true,110,110,51
1767653453875,18,200,true,110,110,18
1767653453875,18,200,true,110,110,18
1767653453820,73,200,true,110,110,73
1767653453859,35,200,true,110,110,35
1767653453874,20,200,true,110,110,20
1767653453878,16,200,true,110,110,16
1767653453854,40,200,true,110,110,40
1767653453859,35,200,true,110,110,35
1767653453874,20,200,true,110,110,20
1767653453877,17,200,true,110,110,17
1767653453848,46,200,true,110,110,46
1767653453874,20,200,true,110,110,20
1767653453857,38,200,true,110,110,38
1767653453876,18,200,true,110,110,18
1767653453857,38,200,true,110,110,38
1767653453859,36,200,true,110,110,36
1767653453849,45,200,true,110,110,45
1767653453857,38,200,true,110,110,38
1767653453857,38,200,true,110,110,38
1767653453857,39,200,true,110,110,38
1767653453843,53,200,true,110,110,52
1767653453849,47,200,true,110,110,47
1767653453855,41,200,true,110,110,41
1767653453874,22,200,true,110,110,22
1767653453835,61,200,true,110,110,61
1767653453875,21,200,true,110,110,21
1767653453874,22,200,true,110,110,22
1767653453848,48,200,true,110,110,45
1767653453821,75,200,true,110,110,72
1767653453837,60,200,true,110,110,55
1767653453842,54,200,true,110,110,54
1767653453874,23,200,true,110,110,23
1767653453878,20,200,true,110,110,20
1767653453877,21,200,true,110,110,21
1767653453877,21,200,true,110,110,21
1767653453890,26,200,true,110,110,26
1767653453880,37,200,true,110,110,37
1767653453890,27,200,true,110,110,27
1767653453881,36,200,true,110,110,36
1767653453880,38,200,true,110,110,38
1767653453890,30,200,true,110,110,30
1767653453879,41,200,true,110,110,41
1767653453881,40,200,true,110,110,40
1767653453881,40,200,true,110,110,40
1767653453890,31,200,true,110,110,31
1767653453879,42,200,true,110,110,42
1767653453880,41,200,true,110,110,41
1767653453880,41,200,true,110,110,41
1767653453894,27,200,true,110,110,27
1767653453894,27,200,true,110,110,27
1767653453895,26,200,true,110,110,26
1767653453880,42,200,true,110,110,42
1767653453880,42,200,true,110,110,42
1767653453890,38,200,true,110,110,38
1767653453892,36,200,true,110,110,36
1767653453893,35,200,true,110,110,35
1767653453891,37,200,true,110,110,37
1767653453892,36,200,true,110,110,36
1767653453892,36,200,true,110,110,36
1767653453879,49,200,true,110,110,49
1767653453893,35,200,true,110,110,35
1767653453879,49,200,true,110,110,49
1767653453895,33,200,true,110,110,33
1767653453893,35,200,true,110,110,35
1767653453894,34,200,true,110,110,34
1767653453895,33,200,true,110,110,33
1767653453882,47,200,true,110,110,47
1767653453898,31,200,true,110,110,31
1767653453896,33,200,true,110,110,33
1767653453895,34,200,true,110,110,34
1767653453882,47,200,true,110,110,47
1767653453880,49,200,true,110,110,49
1767653453895,34,200,true,110,110,34
1767653453879,50,200,true,110,110,50
1767653453897,32,200,true,110,110,32
1767653453898,31,200,true,110,110,31
1767653453891,38,200,true,110,110,38
1767653453891,39,200,true,110,110,39
1767653453890,40,200,true,110,110,40
1767653453893,37,200,true,110,110,37
1767653453890,40,200,true,110,110,40
1767653453880,50,200,true,110,110,50
1767653453880,50,200,true,110,110,50
1767653453890,40,200,true,110,110,40
1767653453896,34,200,true,110,110,34
1767653453890,40,200,true,110,110,40
1767653453896,34,200,true,110,110,34
1767653453897,33,200,true,110,110,33
1767653453896,39,200,true,110,110,39
1767653453893,43,200,true,110,110,42
1767653453894,42,200,true,110,110,42
1767653453891,45,200,true,110,110,45
1767653453892,44,200,true,110,110,44
1767653453894,42,200,true,110,110,42
1767653453896,41,200,true,110,110,41
1767653453897,40,200,true,110,110,40
1767653453878,59,200,true,110,110,59
1767653453894,44,200,true,110,110,44
1767653453880,59,200,true,110,110,59
1767653453897,42,200,true,110,110,42
1767653453879,60,200,true,110,110,60
1767653453880,59,200,true,110,110,59
1767653453890,49,200,true,110,110,49
1767653453893,46,200,true,110,110,46
1767653453916,24,200,true,110,110,23
1767653453880,60,200,true,110,110,60
1767653453895,45,200,true,110,110,45
1767653453879,61,200,true,110,110,61
1767653453879,61,200,true,110,110,61
1767653453898,42,200,true,110,110,42
1767653453881,60,200,true,110,110,60
1767653453894,47,200,true,110,110,47
1767653453892,49,200,true,110,110,49
1767653453890,52,200,true,110,110,52
1767653453896,46,200,true,110,110,46
1767653453895,48,200,true,110,110,48
1767653453897,47,200,true,110,110,47
1767653453895,49,200,true,110,110,49
1767653453918,26,200,true,110,110,26
1767653453894,50,200,true,110,110,50
1767653453890,55,200,true,110,110,55
1767653453890,55,200,true,110,110,55
1767653453921,24,200,true,110,110,24
1767653453892,53,200,true,110,110,53
1767653453921,25,200,true,110,110,25
1767653453921,25,200,true,110,110,25
1767653453917,33,200,true,110,110,33
1767653453921,29,200,true,110,110,29
1767653453922,28,200,true,110,110,28
1767653453922,29,200,true,110,110,29
1767653453896,55,200,true,110,110,55
1767653453921,30,200,true,110,110,30
1767653453921,30,200,true,110,110,30
1767653453917,34,200,true,110,110,34
1767653453894,58,200,true,110,110,58
1767653453921,31,200,true,110,110,31
1767653453890,62,200,true,110,110,60
1767653453921,31,200,true,110,110,31
1767653453891,62,200,true,110,110,62
1767653453892,62,200,true,110,110,62
1767653453893,62,200,true,110,110,62
1767653453893,62,200,true,110,110,62
1767653453892,63,200,true,110,110,63
1767653453892,64,200,true,110,110,64
1767653453892,64,200,true,110,110,64
1767653453893,63,200,true,110,110,63
1767653453892,64,200,true,110,110,64
1767653453879,77,200,true,110,110,77
1767653453921,36,200,true,110,110,35
1767653453897,60,200,true,110,110,59
1767653453893,64,200,true,110,110,64
1767653453892,65,200,true,110,110,64
1767653453928,29,200,true,110,110,29
1767653453891,66,200,true,110,110,66
1767653453917,40,200,true,110,110,40
1767653453893,65,200,true,110,110,65
1767653453922,36,200,true,110,110,36
1767653453894,64,200,true,110,110,64
1767653453921,37,200,true,110,110,37
1767653453928,31,200,true,110,110,31
1767653453928,36,200,true,110,110,36
1767653453928,36,200,true,110,110,36
1767653453895,69,200,true,110,110,69
1767653453936,28,200,true,110,110,28
1767653453896,69,200,true,110,110,69
1767653453937,28,200,true,110,110,28
1767653453880,85,200,true,110,110,85
1767653453929,36,200,true,110,110,36
1767653453939,26,200,true,110,110,26
1767653453937,28,200,true,110,110,28
1767653453930,36,200,true,110,110,36
1767653453929,38,200,true,110,110,38
1767653453939,28,200,true,110,110,28
1767653453931,36,200,true,110,110,36
1767653453930,37,200,true,110,110,37
1767653453936,31,200,true,110,110,31
1767653453939,28,200,true,110,110,28
1767653453940,27,200,true,110,110,27
1767653453892,75,200,true,110,110,75
1767653453930,38,200,true,110,110,38
1767653453940,28,200,true,110,110,28
1767653453928,40,200,true,110,110,40
1767653453936,32,200,true,110,110,32
1767653453929,39,200,true,110,110,39
1767653453929,39,200,true,110,110,39
1767653453936,32,200,true,110,110,32
1767653453937,31,200,true,110,110,31
1767653453930,38,200,true,110,110,38
1767653453940,28,200,true,110,110,28
1767653453930,39,200,true,110,110,38
1767653453929,40,200,true,110,110,40
1767653453930,39,200,true,110,110,39
1767653453929,40,200,true,110,110,40
1767653453929,40,200,true,110,110,40
1767653453930,39,200,true,110,110,39
1767653453930,39,200,true,110,110,39
1767653453929,40,200,true,110,110,40
1767653453929,40,200,true,110,110,40
1767653453929,40,200,true,110,110,40
1767653453928,42,200,true,110,110,42
1767653453928,42,200,true,110,110,42
1767653453928,42,200,true,110,110,42
1767653453930,40,200,true,110,110,37
1767653453891,79,200,true,110,110,79
1767653453940,30,200,true,110,110,30
1767653453928,42,200,true,110,110,42
1767653453941,30,200,true,110,110,30
1767653453930,41,200,true,110,110,41
1767653453940,31,200,true,110,110,31
1767653453940,31,200,true,110,110,31
1767653453940,31,200,true,110,110,31
1767653453937,34,200,true,110,110,34
1767653453929,43,200,true,110,110,43
1767653453929,46,200,true,110,110,46
1767653453929,46,200,true,110,110,46
1767653453937,38,200,true,110,110,38
1767653453940,35,200,true,110,110,35
1767653453930,47,200,true,110,110,47
1767653453929,49,200,true,110,110,49
1767653453939,41,200,true,110,110,41
1767653453957,24,200,true,110,110,24
1767653453945,36,200,true,110,110,36
1767653453958,25,200,true,110,110,25
1767653453959,25,200,true,110,110,25
1767653453945,40,200,true,110,110,40
1767653453950,35,200,true,110,110,35
1767653453956,30,200,true,110,110,29
1767653453952,34,200,true,110,110,34
1767653453958,29,200,true,110,110,29
1767653453941,46,200,true,110,110,46
1767653453951,36,200,true,110,110,36
1767653453952,35,200,true,110,110,35
1767653453955,32,200,true,110,110,32
1767653453957,30,200,true,110,110,30
1767653453944,43,200,true,110,110,43
1767653453951,36,200,true,110,110,36
1767653453956,31,200,true,110,110,31
1767653453951,37,200,true,110,110,37
1767653453951,37,200,true,110,110,37
1767653453956,33,200,true,110,110,33
1767653453957,32,200,true,110,110,32
1767653453942,47,200,true,110,110,47
1767653453952,39,200,true,110,110,39
1767653453964,27,200,true,110,110,27
1767653453954,37,200,true,110,110,37
1767653453959,32,200,true,110,110,32
1767653453955,37,200,true,110,110,37
1767653453946,46,200,true,110,110,46
1767653453946,46,200,true,110,110,46
1767653453952,40,200,true,110,110,40
1767653453946,46,200,true,110,110,46
1767653453957,35,200,true,110,110,35
1767653453950,42,200,true,110,110,42
1767653453955,37,200,true,110,110,37
1767653453957,36,200,true,110,110,36
1767653453952,41,200,true,110,110,41
1767653453944,49,200,true,110,110,42
1767653453958,36,200,true,110,110,36
1767653453945,49,200,true,110,110,49
1767653453957,38,200,true,110,110,38
1767653453969,26,200,true,110,110,26
1767653453969,26,200,true,110,110,26
1767653453942,53,200,true,110,110,53
1767653453970,25,200,true,110,110,25
1767653453944,52,200,true,110,110,51
1767653453969,27,200,true,110,110,26
1767653453942,53,200,true,110,110,53
1767653453945,51,200,true,110,110,51
1767653453964,32,200,true,110,110,32
1767653453953,43,200,true,110,110,43
1767653453942,54,200,true,110,110,54
1767653453970,27,200,true,110,110,27
1767653453968,29,200,true,110,110,29
1767653453957,40,200,true,110,110,40
1767653453945,52,200,true,110,110,52
1767653453965,33,200,true,110,110,33
1767653453964,34,200,true,110,110,34
1767653453957,41,200,true,110,110,41
1767653453958,41,200,true,110,110,41
1767653453951,48,200,true,110,110,48
1767653453966,33,200,true,110,110,33
1767653453970,29,200,true,110,110,29
1767653453971,34,200,true,110,110,34
1767653453968,38,200,true,110,110,38
1767653453971,36,200,true,110,110,36
1767653453966,41,200,true,110,110,41
1767653453967,40,200,true,110,110,40
1767653453965,42,200,true,110,110,42
1767653453967,42,200,true,110,110,42
1767653453965,44,200,true,110,110,44
1767653453968,42,200,true,110,110,42
1767653453969,41,200,true,110,110,41
1767653453968,42,200,true,110,110,42
1767653453968,43,200,true,110,110,43
1767653453965,46,200,true,110,110,46
1767653453968,43,200,true,110,110,43
1767653453969,42,200,true,110,110,42
1767653453969,43,200,true,110,110,43
1767653453966,47,200,true,110,110,47
1767653453971,42,200,true,110,110,42
1767653453969,45,200,true,110,110,45
1767653453980,34,200,true,110,110,34
1767653453970,44,200,true,110,110,44
1767653453967,47,200,true,110,110,47
1767653453967,47,200,true,110,110,47
1767653453966,48,200,true,110,110,48
1767653453967,47,200,true,110,110,47
1767653453969,45,200,true,110,110,45
1767653453969,45,200,true,110,110,45
1767653453969,45,200,true,110,110,45
1767653453970,44,200,true,110,110,44
1767653453970,44,200,true,110,110,44
1767653453975,40,200,true,110,110,40
1767653453975,40,200,true,110,110,40
1767653453969,46,200,true,110,110,46
1767653453975,40,200,true,110,110,40
1767653453981,35,200,true,110,110,35
1767653453969,47,200,true,110,110,47
1767653453972,44,200,true,110,110,44
1767653453967,49,200,true,110,110,49
1767653453975,44,200,true,110,110,44
1767653453967,53,200,true,110,110,53
1767653453967,53,200,true,110,110,53
1767653453984,49,200,true,110,110,49
1767653453994,39,200,true,110,110,39
1767653453981,52,200,true,110,110,52
1767653453996,37,200,true,110,110,37
1767653453987,46,200,true,110,110,46
1767653453992,41,200,true,110,110,41
1767653453971,63,200,true,110,110,63
1767653453986,48,200,true,110,110,48
1767653453991,43,200,true,110,110,43
1767653453992,43,200,true,110,110,43
1767653453985,50,200,true,110,110,50
1767653453993,42,200,true,110,110,42
1767653453987,50,200,true,110,110,50
1767653453996,41,200,true,110,110,41
1767653453977,60,200,true,110,110,60
1767653453971,66,200,true,110,110,66
1767653453993,44,200,true,110,110,44
1767653453971,66,200,true,110,110,66
1767653453988,50,200,true,110,110,50
1767653453985,53,200,true,110,110,53
1767653453992,46,200,true,110,110,46
1767653453987,51,200,true,110,110,51
1767653453992,46,200,true,110,110,46
1767653453992,46,200,true,110,110,46
1767653453987,51,200,true,110,110,51
1767653453988,51,200,true,110,110,51
1767653453987,52,200,true,110,110,52
1767653453991,48,200,true,110,110,48
1767653453989,50,200,true,110,110,50
1767653453997,43,200,true,110,110,42
1767653453992,48,200,true,110,110,48
1767653453988,52,200,true,110,110,51
1767653453989,51,200,true,110,110,51
1767653453988,52,200,true,110,110,52
1767653454011,31,200,true,110,110,31
1767653453999,43,200,true,110,110,43
1767653453992,51,200,true,110,110,50
1767653454010,33,200,true,110,110,33
1767653454005,38,200,true,110,110,38
1767653454000,43,200,true,110,110,43
1767653453999,45,200,true,110,110,45
1767653453987,58,200,true,110,110,58
1767653453991,54,200,true,110,110,54
1767653453999,46,200,true,110,110,46
1767653454014,31,200,true,110,110,31
1767653454011,34,200,true,110,110,34
1767653453992,53,200,true,110,110,53
1767653453993,52,200,true,110,110,52
1767653453997,49,200,true,110,110,49
1767653453998,48,200,true,110,110,48
1767653453999,47,200,true,110,110,47
1767653453996,50,200,true,110,110,50
1767653453987,59,200,true,110,110,59
1767653453997,49,200,true,110,110,49
1767653453998,48,200,true,110,110,48
1767653453994,54,200,true,110,110,54
1767653453996,54,200,true,110,110,54
1767653453991,59,200,true,110,110,56
1767653453984,66,200,true,110,110,63
1767653453998,52,200,true,110,110,52
1767653454014,36,200,true,110,110,36
1767653453968,82,200,true,110,110,82
1767653453978,73,200,true,110,110,73
1767653453997,55,200,true,110,110,48
1767653454014,39,200,true,110,110,39
1767653454010,52,200,true,110,110,52
1767653454007,55,200,true,110,110,55
1767653454012,50,200,true,110,110,50
1767653454014,48,200,true,110,110,48
1767653453972,91,200,true,110,110,91
1767653454015,48,200,true,110,110,48
1767653454016,47,200,true,110,110,47
1767653454012,52,200,true,110,110,52
1767653454007,57,200,true,110,110,57
1767653454007,57,200,true,110,110,57
1767653454016,48,200,true,110,110,48
1767653453995,69,200,true,110,110,69
1767653454011,53,200,true,110,110,53
1767653454035,29,200,true,110,110,29
1767653454014,50,200,true,110,110,50
1767653454015,50,200,true,110,110,50
1767653454014,51,200,true,110,110,51
1767653453995,70,200,true,110,110,70
1767653454011,54,200,true,110,110,54
1767653454015,50,200,true,110,110,50
1767653454014,51,200,true,110,110,51
1767653454014,52,200,true,110,110,52
1767653454016,50,200,true,110,110,50
1767653453996,70,200,true,110,110,70
1767653454020,46,200,true,110,110,46
1767653454040,26,200,true,110,110,26
1767653454009,57,200,true,110,110,57
1767653453989,77,200,true,110,110,77
1767653453996,70,200,true,110,110,70
1767653454015,51,200,true,110,110,51
1767653453996,70,200,true,110,110,70
1767653453989,77,200,true,110,110,77
1767653453996,71,200,true,110,110,70
1767653454014,53,200,true,110,110,53
1767653454020,47,200,true,110,110,47
1767653453996,71,200,true,110,110,71
1767653454014,53,200,true,110,110,53
1767653454020,47,200,true,110,110,47
1767653454007,61,200,true,110,110,61
1767653454037,31,200,true,110,110,31
1767653454014,58,200,true,110,110,58
1767653453971,101,200,true,110,110,101
1767653454014,58,200,true,110,110,58
1767653454010,62,200,true,110,110,62
1767653454034,39,200,true,110,110,39
1767653454015,58,200,true,110,110,58
1767653454038,35,200,true,110,110,35
1767653454038,35,200,true,110,110,35
1767653454035,38,200,true,110,110,38
1767653454039,34,200,true,110,110,34
1767653454043,30,200,true,110,110,30
1767653454039,34,200,true,110,110,34
1767653454037,36,200,true,110,110,36
1767653454015,59,200,true,110,110,58
1767653454007,67,200,true,110,110,67
1767653454034,40,200,true,110,110,40
1767653454037,37,200,true,110,110,37
1767653454034,40,200,true,110,110,40
1767653454050,24,200,true,110,110,24
1767653454040,34,200,true,110,110,34
1767653454038,36,200,true,110,110,36
1767653454034,40,200,true,110,110,40
1767653454037,38,200,true,110,110,38
1767653454042,33,200,true,110,110,33
1767653454045,30,200,true,110,110,30
1767653454017,58,200,true,110,110,58
1767653454034,41,200,true,110,110,41
1767653454040,35,200,true,110,110,35
1767653454046,29,200,true,110,110,29
1767653454040,36,200,true,110,110,36
1767653454044,32,200,true,110,110,32
1767653454035,41,200,true,110,110,41
1767653454035,41,200,true,110,110,41
1767653454034,42,200,true,110,110,42
1767653454034,43,200,true,110,110,43
1767653454039,38,200,true,110,110,38
1767653454046,31,200,true,110,110,31
1767653454038,40,200,true,110,110,40
1767653454046,33,200,true,110,110,33
1767653454042,37,200,true,110,110,37
1767653454034,45,200,true,110,110,45
1767653454045,35,200,true,110,110,35
1767653454043,37,200,true,110,110,37
1767653454040,43,200,true,110,110,43
1767653454038,45,200,true,110,110,45
1767653454038,45,200,true,110,110,45
1767653454038,45,200,true,110,110,45
1767653454040,43,200,true,110,110,43
1767653454050,33,200,true,110,110,33
1767653454045,39,200,true,110,110,31
1767653454037,47,200,true,110,110,47
1767653454039,45,200,true,110,110,45
1767653454047,39,200,true,110,110,39
1767653454064,22,200,true,110,110,22
1767653454064,22,200,true,110,110,22
1767653454065,22,200,true,110,110,22
1767653454065,22,200,true,110,110,22
1767653454048,39,200,true,110,110,39
1767653454064,23,200,true,110,110,23
1767653454065,22,200,true,110,110,22
1767653454050,37,200,true,110,110,37
1767653454065,22,200,true,110,110,22
1767653454064,23,200,true,110,110,23
1767653454045,42,200,true,110,110,42
1767653454053,35,200,true,110,110,35
1767653454045,44,200,true,110,110,44
1767653454051,39,200,true,110,110,39
1767653454064,26,200,true,110,110,26
1767653454053,37,200,true,110,110,37
1767653454045,45,200,true,110,110,45
1767653454050,40,200,true,110,110,40
1767653454046,46,200,true,110,110,46
1767653454065,27,200,true,110,110,27
1767653454066,27,200,true,110,110,27
1767653454064,30,200,true,110,110,30
1767653454063,31,200,true,110,110,31
1767653454073,32,200,true,110,110,32
1767653454066,39,200,true,110,110,39
1767653454074,31,200,true,110,110,31
1767653454043,62,200,true,110,110,62
1767653454050,55,200,true,110,110,55
1767653454072,33,200,true,110,110,33
1767653454067,40,200,true,110,110,40
1767653454074,34,200,true,110,110,34
1767653454075,33,200,true,110,110,33
1767653454073,35,200,true,110,110,35
1767653454044,65,200,true,110,110,65
1767653454045,64,200,true,110,110,64
1767653454067,44,200,true,110,110,44
1767653454066,45,200,true,110,110,45
1767653454066,45,200,true,110,110,45
1767653454067,45,200,true,110,110,45
1767653454072,40,200,true,110,110,40
1767653454073,39,200,true,110,110,39
1767653454074,38,200,true,110,110,38
1767653454062,50,200,true,110,110,50
1767653454050,62,200,true,110,110,62
1767653454066,47,200,true,110,110,47
1767653454063,50,200,true,110,110,50
1767653454046,68,200,true,110,110,68
1767653454073,41,200,true,110,110,41
1767653454075,40,200,true,110,110,40
1767653454073,42,200,true,110,110,42
1767653454075,40,200,true,110,110,40
1767653454062,53,200,true,110,110,53
1767653454068,47,200,true,110,110,47
1767653454065,50,200,true,110,110,50
1767653454077,38,200,true,110,110,38
1767653454066,49,200,true,110,110,49
1767653454068,48,200,true,110,110,47
1767653454075,41,200,true,110,110,41
1767653454074,42,200,true,110,110,42
1767653454076,40,200,true,110,110,40
1767653454074,42,200,true,110,110,42
1767653454065,51,200,true,110,110,51
1767653454067,49,200,true,110,110,49
1767653454066,51,200,true,110,110,51
1767653454065,52,200,true,110,110,52
1767653454074,43,200,true,110,110,43
1767653454046,71,200,true,110,110,71
1767653454075,43,200,true,110,110,42
1767653454073,45,200,true,110,110,45
1767653454066,52,200,true,110,110,52
1767653454066,52,200,true,110,110,52
1767653454074,44,200,true,110,110,44
1767653454067,51,200,true,110,110,51
1767653454073,45,200,true,110,110,45
1767653454074,44,200,true,110,110,44
1767653454063,55,200,true,110,110,55
1767653454066,53,200,true,110,110,52
1767653454067,52,200,true,110,110,52
1767653454074,45,200,true,110,110,45
1767653454073,46,200,true,110,110,46
1767653454066,54,200,true,110,110,53
1767653454072,48,200,true,110,110,48
1767653454066,55,200,true,110,110,55
1767653454062,59,200,true,110,110,59
1767653454092,31,200,true,110,110,31
1767653454087,38,200,true,110,110,37
1767653454090,35,200,true,110,110,35
1767653454087,38,200,true,110,110,38
1767653454105,21,200,true,110,110,21
1767653454078,48,200,true,110,110,48
1767653454090,36,200,true,110,110,36
1767653454076,51,200,true,110,110,50
1767653454083,44,200,true,110,110,44
1767653454080,47,200,true,110,110,47
1767653454087,40,200,true,110,110,40
1767653454076,51,200,true,110,110,51
1767653454088,39,200,true,110,110,39
1767653454077,50,200,true,110,110,50
1767653454086,41,200,true,110,110,41
1767653454084,43,200,true,110,110,43
1767653454094,33,200,true,110,110,33
1767653454090,38,200,true,110,110,38
1767653454093,35,200,true,110,110,35
1767653454079,49,200,true,110,110,49
1767653454083,45,200,true,110,110,45
1767653454084,44,200,true,110,110,44
1767653454090,38,200,true,110,110,38
1767653454079,49,200,true,110,110,49
1767653454075,53,200,true,110,110,53
1767653454087,41,200,true,110,110,41
1767653454083,45,200,true,110,110,45
1767653454094,34,200,true,110,110,34
1767653454094,35,200,true,110,110,34
1767653454076,53,200,true,110,110,53
1767653454083,46,200,true,110,110,46
1767653454090,39,200,true,110,110,39
1767653454076,53,200,true,110,110,53
1767653454086,43,200,true,110,110,43
1767653454090,39,200,true,110,110,39
1767653454086,43,200,true,110,110,43
1767653454075,54,200,true,110,110,51
1767653454080,49,200,true,110,110,49
1767653454083,49,200,true,110,110,49
1767653454087,45,200,true,110,110,45
1767653454077,56,200,true,110,110,56
1767653454084,49,200,true,110,110,49
1767653454080,53,200,true,110,110,53
1767653454087,46,200,true,110,110,46
1767653454087,46,200,true,110,110,46
1767653454084,49,200,true,110,110,45
1767653454077,56,200,true,110,110,56
1767653454073,61,200,true,110,110,61
1767653454087,47,200,true,110,110,47
1767653454105,30,200,true,110,110,30
1767653454088,47,200,true,110,110,47
1767653454109,27,200,true,110,110,27
1767653454105,31,200,true,110,110,31
1767653454110,27,200,true,110,110,27
1767653454109,28,200,true,110,110,28
1767653454108,29,200,true,110,110,29
1767653454113,24,200,true,110,110,24
1767653454105,32,200,true,110,110,32
1767653454112,25,200,true,110,110,25
1767653454116,22,200,true,110,110,22
1767653454114,25,200,true,110,110,25
1767653454112,29,200,true,110,110,29
1767653454112,29,200,true,110,110,29
1767653454112,29,200,true,110,110,24
1767653454112,29,200,true,110,110,29
1767653454105,36,200,true,110,110,31
1767653454108,33,200,true,110,110,33
1767653454105,37,200,true,110,110,37
1767653454111,31,200,true,110,110,31
1767653454108,35,200,true,110,110,35
1767653454111,32,200,true,110,110,32
1767653454115,28,200,true,110,110,28
1767653454115,29,200,true,110,110,29
1767653454114,30,200,true,110,110,30
1767653454114,30,200,true,110,110,30
1767653454111,33,200,true,110,110,33
1767653454115,40,200,true,110,110,40
1767653454118,37,200,true,110,110,37
1767653454118,38,200,true,110,110,38
1767653454117,39,200,true,110,110,39
1767653454115,41,200,true,110,110,41
1767653454112,44,200,true,110,110,44
1767653454119,37,200,true,110,110,36
1767653454115,41,200,true,110,110,41
1767653454118,38,200,true,110,110,38
1767653454117,39,200,true,110,110,39
1767653454115,41,200,true,110,110,41
1767653454129,27,200,true,110,110,27
1767653454116,40,200,true,110,110,40
1767653454128,28,200,true,110,110,28
1767653454118,38,200,true,110,110,38
1767653454118,38,200,true,110,110,38
1767653454116,40,200,true,110,110,40
1767653454128,29,200,true,110,110,29
1767653454128,29,200,true,110,110,29
1767653454116,41,200,true,110,110,41
1767653454117,40,200,true,110,110,40
1767653454134,23,200,true,110,110,23
1767653454125,32,200,true,110,110,32
1767653454115,42,200,true,110,110,42
1767653454118,39,200,true,110,110,39
1767653454128,29,200,true,110,110,29
1767653454119,38,200,true,110,110,38
1767653454120,37,200,true,110,110,37
1767653454117,40,200,true,110,110,40
1767653454118,39,200,true,110,110,39
1767653454117,40,200,true,110,110,40
1767653454118,40,200,true,110,110,40
1767653454116,42,200,true,110,110,42
1767653454128,30,200,true,110,110,30
1767653454133,25,200,true,110,110,25
1767653454117,41,200,true,110,110,41
1767653454127,34,200,true,110,110,34
1767653454133,28,200,true,110,110,28
1767653454129,32,200,true,110,110,32
1767653454126,35,200,true,110,110,35
1767653454129,32,200,true,110,110,32
1767653454123,38,200,true,110,110,38
1767653454135,26,200,true,110,110,26
1767653454127,34,200,true,110,110,34
1767653454127,34,200,true,110,110,31
1767653454133,28,200,true,110,110,28
1767653454126,36,200,true,110,110,35
1767653454129,33,200,true,110,110,33
1767653454127,35,200,true,110,110,35
1767653454126,37,200,true,110,110,37
1767653454129,34,200,true,110,110,34
1767653454115,48,200,true,110,110,48
1767653454133,30,200,true,110,110,30
1767653454129,34,200,true,110,110,34
1767653454126,38,200,true,110,110,37
1767653454125,39,200,true,110,110,39
1767653454127,37,200,true,110,110,37
1767653454135,30,200,true,110,110,30
1767653454128,39,200,true,110,110,38
1767653454128,39,200,true,110,110,36
1767653454133,34,200,true,110,110,34
1767653454127,40,200,true,110,110,40
1767653454121,47,200,true,110,110,47
1767653454129,39,200,true,110,110,39
1767653454129,39,200,true,110,110,39
1767653454120,48,200,true,110,110,48
1767653454129,39,200,true,110,110,39
1767653454127,41,200,true,110,110,41
1767653454127,42,200,true,110,110,42
1767653454128,41,200,true,110,110,41
1767653454129,40,200,true,110,110,40
1767653454127,44,200,true,110,110,44
1767653454135,36,200,true,110,110,36
1767653454144,31,200,true,110,110,31
1767653454129,46,200,true,110,110,46
1767653454133,42,200,true,110,110,42
1767653454134,41,200,true,110,110,41
1767653454139,36,200,true,110,110,36
1767653454137,41,200,true,110,110,41
1767653454137,41,200,true,110,110,41
1767653454141,37,200,true,110,110,34
1767653454144,34,200,true,110,110,34
1767653454136,42,200,true,110,110,42
1767653454137,42,200,true,110,110,40
1767653454141,38,200,true,110,110,37
1767653454127,52,200,true,110,110,52
1767653454137,42,200,true,110,110,42
1767653454143,36,200,true,110,110,36
1767653454139,40,200,true,110,110,40
1767653454143,37,200,true,110,110,37
1767653454137,43,200,true,110,110,43
1767653454141,39,200,true,110,110,39
1767653454136,44,200,true,110,110,43
1767653454129,51,200,true,110,110,51
1767653454132,48,200,true,110,110,47
1767653454133,47,200,true,110,110,47
1767653454141,40,200,true,110,110,40
1767653454141,40,200,true,110,110,40
1767653454141,40,200,true,110,110,40
1767653454137,44,200,true,110,110,44
1767653454119,62,200,true,110,110,62
1767653454128,54,200,true,110,110,54
1767653454143,39,200,true,110,110,39
1767653454142,40,200,true,110,110,40
1767653454144,38,200,true,110,110,38
1767653454119,63,200,true,110,110,63
1767653454121,61,200,true,110,110,61
1767653454119,63,200,true,110,110,63
1767653454144,39,200,true,110,110,39
1767653454142,41,200,true,110,110,41
1767653454163,21,200,true,110,110,21
1767653454156,28,200,true,110,110,28
1767653454157,28,200,true,110,110,28
1767653454161,24,200,true,110,110,24
1767653454157,28,200,true,110,110,28
1767653454156,29,200,true,110,110,29
1767653454156,29,200,true,110,110,29
1767653454161,24,200,true,110,110,24
1767653454161,24,200,true,110,110,24
1767653454164,22,200,true,110,110,22
1767653454157,33,200,true,110,110,32
1767653454156,34,200,true,110,110,34
1767653454157,33,200,true,110,110,33
1767653454157,33,200,true,110,110,33
1767653454156,34,200,true,110,110,34
1767653454157,33,200,true,110,110,33
1767653454161,29,200,true,110,110,29
1767653454161,29,200,true,110,110,29
1767653454158,33,200,true,110,110,33
1767653454155,36,200,true,110,110,36
1767653454157,34,200,true,110,110,34
1767653454163,28,200,true,110,110,28
1767653454162,31,200,true,110,110,31
1767653454158,35,200,true,110,110,35
1767653454158,35,200,true,110,110,35
1767653454156,37,200,true,110,110,35
1767653454157,38,200,true,110,110,38
1767653454157,40,200,true,110,110,40
1767653454156,41,200,true,110,110,41
1767653454162,35,200,true,110,110,35
1767653454162,36,200,true,110,110,36
1767653454156,42,200,true,110,110,42
1767653454157,41,200,true,110,110,41
1767653454157,41,200,true,110,110,41
1767653454158,41,200,true,110,110,41
1767653454164,35,200,true,110,110,35
1767653454178,21,200,true,110,110,21
1767653454157,42,200,true,110,110,41
1767653454178,21,200,true,110,110,21
1767653454157,44,200,true,110,110,44
1767653454162,39,200,true,110,110,39
1767653454171,31,200,true,110,110,31
1767653454156,46,200,true,110,110,46
1767653454161,42,200,true,110,110,42
1767653454156,52,200,true,110,110,52
1767653454181,42,200,true,110,110,42
1767653454180,43,200,true,110,110,43
1767653454184,39,200,true,110,110,39
1767653454169,54,200,true,110,110,54
1767653454156,68,200,true,110,110,68
1767653454186,38,200,true,110,110,38
1767653454180,44,200,true,110,110,44
1767653454169,55,200,true,110,110,55
1767653454180,44,200,true,110,110,44
1767653454168,56,200,true,110,110,56
1767653454180,44,200,true,110,110,44
1767653454179,45,200,true,110,110,45
1767653454168,56,200,true,110,110,56
1767653454162,62,200,true,110,110,62
1767653454157,67,200,true,110,110,67
1767653454183,41,200,true,110,110,41
1767653454185,39,200,true,110,110,39
1767653454168,56,200,true,110,110,56
1767653454180,44,200,true,110,110,44
1767653454182,43,200,true,110,110,43
1767653454182,43,200,true,110,110,43
1767653454182,43,200,true,110,110,43
1767653454181,44,200,true,110,110,44
1767653454179,46,200,true,110,110,46
1767653454157,68,200,true,110,110,68
1767653454182,43,200,true,110,110,43
1767653454181,45,200,true,110,110,45
1767653454175,51,200,true,110,110,51
1767653454156,70,200,true,110,110,69
1767653454167,59,200,true,110,110,59
1767653454165,61,200,true,110,110,61
1767653454164,62,200,true,110,110,62
1767653454158,69,200,true,110,110,69
1767653454185,42,200,true,110,110,42
1767653454175,52,200,true,110,110,52
1767653454182,46,200,true,110,110,46
1767653454168,60,200,true,110,110,60
1767653454180,48,200,true,110,110,48
1767653454179,49,200,true,110,110,49
1767653454168,60,200,true,110,110,60
1767653454185,43,200,true,110,110,43
1767653454185,43,200,true,110,110,43
1767653454180,49,200,true,110,110,49
1767653454161,68,200,true,110,110,68
1767653454182,47,200,true,110,110,47
1767653454168,61,200,true,110,110,60
1767653454180,49,200,true,110,110,49
1767653454168,62,200,true,110,110,62
1767653454182,48,200,true,110,110,48
1767653454181,49,200,true,110,110,49
1767653454175,56,200,true,110,110,56
1767653454187,45,200,true,110,110,45
1767653454175,57,200,true,110,110,57
1767653454185,49,200,true,110,110,49
1767653454157,77,200,true,110,110,77
1767653454167,67,200,true,110,110,67
1767653454180,54,200,true,110,110,54
1767653454202,34,200,true,110,110,34
1767653454201,35,200,true,110,110,35
1767653454190,47,200,true,110,110,47
1767653454202,35,200,true,110,110,35
1767653454163,74,200,true,110,110,74
1767653454191,46,200,true,110,110,46
1767653454199,38,200,true,110,110,38
1767653454171,66,200,true,110,110,66
1767653454190,47,200,true,110,110,47
1767653454184,53,200,true,110,110,53
1767653454191,46,200,true,110,110,46
1767653454156,81,200,true,110,110,81
1767653454198,39,200,true,110,110,39
1767653454167,70,200,true,110,110,70
1767653454158,79,200,true,110,110,79
1767653454178,59,200,true,110,110,59
1767653454183,54,200,true,110,110,54
1767653454198,40,200,true,110,110,40
1767653454185,53,200,true,110,110,53
1767653454197,41,200,true,110,110,41
1767653454195,43,200,true,110,110,43
1767653454190,48,200,true,110,110,48
1767653454190,48,200,true,110,110,48
1767653454175,63,200,true,110,110,63
1767653454183,55,200,true,110,110,55
1767653454190,48,200,true,110,110,48
1767653454161,77,200,true,110,110,77
1767653454190,48,200,true,110,110,48
1767653454169,69,200,true,110,110,69
1767653454191,47,200,true,110,110,47
1767653454197,42,200,true,110,110,42
1767653454163,76,200,true,110,110,76
1767653454193,46,200,true,110,110,46
1767653454190,49,200,true,110,110,49
1767653454178,61,200,true,110,110,61
1767653454179,60,200,true,110,110,60
1767653454191,48,200,true,110,110,48
1767653454191,49,200,true,110,110,49
1767653454178,62,200,true,110,110,62
1767653454199,42,200,true,110,110,42
1767653454164,77,200,true,110,110,77
1767653454202,39,200,true,110,110,39
1767653454193,49,200,true,110,110,47
1767653454199,44,200,true,110,110,43
1767653454193,50,200,true,110,110,49
1767653454199,44,200,true,110,110,44
1767653454199,46,200,true,110,110,46
1767653454198,47,200,true,110,110,47
1767653454198,47,200,true,110,110,47
1767653454223,22,200,true,110,110,22
1767653454224,23,200,true,110,110,23
1767653454198,49,200,true,110,110,46
1767653454224,25,200,true,110,110,25
1767653454224,25,200,true,110,110,25
1767653454224,26,200,true,110,110,26
1767653454203,47,200,true,110,110,47
1767653454225,26,200,true,110,110,26
1767653454224,28,200,true,110,110,26
1767653454193,59,200,true,110,110,59
1767653454224,28,200,true,110,110,28
1767653454225,27,200,true,110,110,27
1767653454224,28,200,true,110,110,28
1767653454223,29,200,true,110,110,29
1767653454224,28,200,true,110,110,28
1767653454225,27,200,true,110,110,27
1767653454208,44,200,true,110,110,44
1767653454224,28,200,true,110,110,28
1767653454224,28,200,true,110,110,28
1767653454223,31,200,true,110,110,31
1767653454227,29,200,true,110,110,29
1767653454224,33,200,true,110,110,33
1767653454225,32,200,true,110,110,32
1767653454226,31,200,true,110,110,31
1767653454224,33,200,true,110,110,33
1767653454228,29,200,true,110,110,29
1767653454224,33,200,true,110,110,33
1767653454225,33,200,true,110,110,33
1767653454227,31,200,true,110,110,31
1767653454227,31,200,true,110,110,31
1767653454226,32,200,true,110,110,32
1767653454225,33,200,true,110,110,33
1767653454225,33,200,true,110,110,33
1767653454228,30,200,true,110,110,30
1767653454228,30,200,true,110,110,30
1767653454223,35,200,true,110,110,35
1767653454228,30,200,true,110,110,30
1767653454226,33,200,true,110,110,33
1767653454225,34,200,true,110,110,34
1767653454228,32,200,true,110,110,32
1767653454226,40,200,true,110,110,40
1767653454234,33,200,true,110,110,33
1767653454232,35,200,true,110,110,35
1767653454237,30,200,true,110,110,30
1767653454237,30,200,true,110,110,30
1767653454237,30,200,true,110,110,30
1767653454232,35,200,true,110,110,35
1767653454238,29,200,true,110,110,29
1767653454237,30,200,true,110,110,30
1767653454237,31,200,true,110,110,31
1767653454229,39,200,true,110,110,39
1767653454241,27,200,true,110,110,27
1767653454230,38,200,true,110,110,38
1767653454234,34,200,true,110,110,34
1767653454237,32,200,true,110,110,31
1767653454230,40,200,true,110,110,40
1767653454230,42,200,true,110,110,42
1767653454224,48,200,true,110,110,48
1767653454229,43,200,true,110,110,43
1767653454229,43,200,true,110,110,43
1767653454237,36,200,true,110,110,35
1767653454234,39,200,true,110,110,38
1767653454229,44,200,true,110,110,43
1767653454231,42,200,true,110,110,41
1767653454230,43,200,true,110,110,42
1767653454237,36,200,true,110,110,32
1767653454237,36,200,true,110,110,36
1767653454238,36,200,true,110,110,36
1767653454238,36,200,true,110,110,31
1767653454227,48,200,true,110,110,42
1767653454229,46,200,true,110,110,40
1767653454229,46,200,true,110,110,46
1767653454237,38,200,true,110,110,32
1767653454226,49,200,true,110,110,47
1767653454245,43,200,true,110,110,43
1767653454249,39,200,true,110,110,39
1767653454250,38,200,true,110,110,38
1767653454252,36,200,true,110,110,36
1767653454252,36,200,true,110,110,36
1767653454240,48,200,true,110,110,48
1767653454249,39,200,true,110,110,39
1767653454260,29,200,true,110,110,29
1767653454267,22,200,true,110,110,22
1767653454252,37,200,true,110,110,37
1767653454253,37,200,true,110,110,37
1767653454243,47,200,true,110,110,47
1767653454243,47,200,true,110,110,47
1767653454252,39,200,true,110,110,39
1767653454256,35,200,true,110,110,35
1767653454237,54,200,true,110,110,54
1767653454245,46,200,true,110,110,46
1767653454243,48,200,true,110,110,48
1767653454250,42,200,true,110,110,42
1767653454239,55,200,true,110,110,55
1767653454234,60,200,true,110,110,60
1767653454239,55,200,true,110,110,55
1767653454259,35,200,true,110,110,35
1767653454238,56,200,true,110,110,56
1767653454240,54,200,true,110,110,54
1767653454266,29,200,true,110,110,29
1767653454238,57,200,true,110,110,56
1767653454238,57,200,true,110,110,57
1767653454258,37,200,true,110,110,37
1767653454252,43,200,true,110,110,43
1767653454239,56,200,true,110,110,56
1767653454258,37,200,true,110,110,37
1767653454272,23,200,true,110,110,23
1767653454252,43,200,true,110,110,43
1767653454238,57,200,true,110,110,57
1767653454238,57,200,true,110,110,57
1767653454273,22,200,true,110,110,22
1767653454252,43,200,true,110,110,43
1767653454258,37,200,true,110,110,37
1767653454237,58,200,true,110,110,58
1767653454239,56,200,true,110,110,56
1767653454247,49,200,true,110,110,49
1767653454258,38,200,true,110,110,38
1767653454239,57,200,true,110,110,57
1767653454254,42,200,true,110,110,42
1767653454258,38,200,true,110,110,38
1767653454252,44,200,true,110,110,44
1767653454238,58,200,true,110,110,58
1767653454267,29,200,true,110,110,29
1767653454237,59,200,true,110,110,59
1767653454258,38,200,true,110,110,38
1767653454239,57,200,true,110,110,57
1767653454267,29,200,true,110,110,29
1767653454259,37,200,true,110,110,37
1767653454238,58,200,true,110,110,58
1767653454253,43,200,true,110,110,43
1767653454251,45,200,true,110,110,45
1767653454252,44,200,true,110,110,44
1767653454267,29,200,true,110,110,29
1767653454257,40,200,true,110,110,39
1767653454247,50,200,true,110,110,50
1767653454258,39,200,true,110,110,39
1767653454238,59,200,true,110,110,59
1767653454268,29,200,true,110,110,29
1767653454241,56,200,true,110,110,56
1767653454257,40,200,true,110,110,40
1767653454238,59,200,true,110,110,59
1767653454257,40,200,true,110,110,40
1767653454273,24,200,true,110,110,24
1767653454274,23,200,true,110,110,23
1767653454274,23,200,true,110,110,23
1767653454258,39,200,true,110,110,39
1767653454268,30,200,true,110,110,30
1767653454258,40,200,true,110,110,40
1767653454268,30,200,true,110,110,30
1767653454238,60,200,true,110,110,57
1767653454238,60,200,true,110,110,60
1767653454273,25,200,true,110,110,25
1767653454267,31,200,true,110,110,31
1767653454245,53,200,true,110,110,53
1767653454269,29,200,true,110,110,29
1767653454236,62,200,true,110,110,62
1767653454243,55,200,true,110,110,55
1767653454258,41,200,true,110,110,41
1767653454257,42,200,true,110,110,42
1767653454267,33,200,true,110,110,32
1767653454239,61,200,true,110,110,61
1767653454237,63,200,true,110,110,63
1767653454258,42,200,true,110,110,42
1767653454267,33,200,true,110,110,33
1767653454238,63,200,true,110,110,63
1767653454245,56,200,true,110,110,52
1767653454241,60,200,true,110,110,60
1767653454258,44,200,true,110,110,44
1767653454271,32,200,true,110,110,32
1767653454273,42,200,true,110,110,42
1767653454288,27,200,true,110,110,27
1767653454273,42,200,true,110,110,42
1767653454275,40,200,true,110,110,40
1767653454268,47,200,true,110,110,47
1767653454268,47,200,true,110,110,47
1767653454273,42,200,true,110,110,42
1767653454289,27,200,true,110,110,27
1767653454273,43,200,true,110,110,43
1767653454268,48,200,true,110,110,48
1767653454275,41,200,true,110,110,41
1767653454275,41,200,true,110,110,41
1767653454275,41,200,true,110,110,41
1767653454273,43,200,true,110,110,43
1767653454288,28,200,true,110,110,28
1767653454290,26,200,true,110,110,26
1767653454289,28,200,true,110,110,28
1767653454289,28,200,true,110,110,28
1767653454288,29,200,true,110,110,29
1767653454275,42,200,true,110,110,42
1767653454273,45,200,true,110,110,45
1767653454272,46,200,true,110,110,46
1767653454288,30,200,true,110,110,30
1767653454289,29,200,true,110,110,29
1767653454290,28,200,true,110,110,28
1767653454297,26,200,true,110,110,26
1767653454289,34,200,true,110,110,34
1767653454291,33,200,true,110,110,33
1767653454291,34,200,true,110,110,34
1767653454291,34,200,true,110,110,34
1767653454291,37,200,true,110,110,37
1767653454292,37,200,true,110,110,37
1767653454295,34,200,true,110,110,34
1767653454291,38,200,true,110,110,38
1767653454295,34,200,true,110,110,34
1767653454298,31,200,true,110,110,31
1767653454298,32,200,true,110,110,32
1767653454296,34,200,true,110,110,34
1767653454290,40,200,true,110,110,40
1767653454295,35,200,true,110,110,35
1767653454298,32,200,true,110,110,32
1767653454290,40,200,true,110,110,40
1767653454295,35,200,true,110,110,35
1767653454298,32,200,true,110,110,32
1767653454296,35,200,true,110,110,35
1767653454295,36,200,true,110,110,36
1767653454298,33,200,true,110,110,33
1767653454296,36,200,true,110,110,36
1767653454297,35,200,true,110,110,35
1767653454295,37,200,true,110,110,37
1767653454295,37,200,true,110,110,37
1767653454299,33,200,true,110,110,33
1767653454297,35,200,true,110,110,35
1767653454296,37,200,true,110,110,37
1767653454297,36,200,true,110,110,36
1767653454298,35,200,true,110,110,35
1767653454298,35,200,true,110,110,35
1767653454297,37,200,true,110,110,37
1767653454296,39,200,true,110,110,39
1767653454297,38,200,true,110,110,38
1767653454296,39,200,true,110,110,39
1767653454294,41,200,true,110,110,41
1767653454296,40,200,true,110,110,40
1767653454297,41,200,true,110,110,41
1767653454294,44,200,true,110,110,44
1767653454298,40,200,true,110,110,40
1767653454296,43,200,true,110,110,43
1767653454295,44,200,true,110,110,44
1767653454297,42,200,true,110,110,42
1767653454298,42,200,true,110,110,42
1767653454296,44,200,true,110,110,44
1767653454297,43,200,true,110,110,43
1767653454316,25,200,true,110,110,25
1767653454296,45,200,true,110,110,45
1767653454316,25,200,true,110,110,25
1767653454300,41,200,true,110,110,41
1767653454297,44,200,true,110,110,44
1767653454315,26,200,true,110,110,26
1767653454316,26,200,true,110,110,26
1767653454295,47,200,true,110,110,47
1767653454299,43,200,true,110,110,41
1767653454316,26,200,true,110,110,26
1767653454302,40,200,true,110,110,40
1767653454299,43,200,true,110,110,41
1767653454296,46,200,true,110,110,46
1767653454317,25,200,true,110,110,25
1767653454295,47,200,true,110,110,45
1767653454295,47,200,true,110,110,47
1767653454317,26,200,true,110,110,26
1767653454315,28,200,true,110,110,28
1767653454316,27,200,true,110,110,27
1767653454301,42,200,true,110,110,42
1767653454295,48,200,true,110,110,48
1767653454316,27,200,true,110,110,27
1767653454296,47,200,true,110,110,47
1767653454303,40,200,true,110,110,40
1767653454301,42,200,true,110,110,42
1767653454297,46,200,true,110,110,44
1767653454300,44,200,true,110,110,43
1767653454300,44,200,true,110,110,43
1767653454315,29,200,true,110,110,29
1767653454296,48,200,true,110,110,48
1767653454294,50,200,true,110,110,50
1767653454296,48,200,true,110,110,48
1767653454300,45,200,true,110,110,45
1767653454316,29,200,true,110,110,29
1767653454316,29,200,true,110,110,29
1767653454298,47,200,true,110,110,43
1767653454296,49,200,true,110,110,49
1767653454301,44,200,true,110,110,44
1767653454295,50,200,true,110,110,50
1767653454295,51,200,true,110,110,51
1767653454298,48,200,true,110,110,48
1767653454317,29,200,true,110,110,29
1767653454315,32,200,true,110,110,31
1767653454315,32,200,true,110,110,32
1767653454317,31,200,true,110,110,31
1767653454294,54,200,true,110,110,54
1767653454295,54,200,true,110,110,54
1767653454315,34,200,true,110,110,34
1767653454296,54,200,true,110,110,54
1767653454316,34,200,true,110,110,34
1767653454297,53,200,true,110,110,53
1767653454296,55,200,true,110,110,55
1767653454300,53,200,true,110,110,50
1767653454298,56,200,true,110,110,53
1767653454295,59,200,true,110,110,59
1767653454295,60,200,true,110,110,60
1767653454297,60,200,true,110,110,60
1767653454318,39,200,true,110,110,39
1767653454318,39,200,true,110,110,39
1767653454323,35,200,true,110,110,35
1767653454318,53,200,true,110,110,53
1767653454318,53,200,true,110,110,53
1767653454330,41,200,true,110,110,41
1767653454324,47,200,true,110,110,47
1767653454325,46,200,true,110,110,46
1767653454331,41,200,true,110,110,40
1767653454329,43,200,true,110,110,43
1767653454325,47,200,true,110,110,47
1767653454324,48,200,true,110,110,48
1767653454330,42,200,true,110,110,42
1767653454329,43,200,true,110,110,43
1767653454329,43,200,true,110,110,43
1767653454318,54,200,true,110,110,53
1767653454318,54,200,true,110,110,54
1767653454328,44,200,true,110,110,44
1767653454330,42,200,true,110,110,42
1767653454332,40,200,true,110,110,40
1767653454332,40,200,true,110,110,40
1767653454330,43,200,true,110,110,43
1767653454329,44,200,true,110,110,44
1767653454330,43,200,true,110,110,43
1767653454330,43,200,true,110,110,43
1767653454330,45,200,true,110,110,45
1767653454331,44,200,true,110,110,44
1767653454331,44,200,true,110,110,44
1767653454330,45,200,true,110,110,45
1767653454330,46,200,true,110,110,46
1767653454333,43,200,true,110,110,43
1767653454342,34,200,true,110,110,34
1767653454332,44,200,true,110,110,44
1767653454343,33,200,true,110,110,33
1767653454342,35,200,true,110,110,34
1767653454345,32,200,true,110,110,32
1767653454345,32,200,true,110,110,32
1767653454335,42,200,true,110,110,42
1767653454335,42,200,true,110,110,42
1767653454332,45,200,true,110,110,45
1767653454344,34,200,true,110,110,34
1767653454344,34,200,true,110,110,34
1767653454336,43,200,true,110,110,43
1767653454335,44,200,true,110,110,44
1767653454341,38,200,true,110,110,38
1767653454343,36,200,true,110,110,36
1767653454342,37,200,true,110,110,37
1767653454342,37,200,true,110,110,37
1767653454344,35,200,true,110,110,35
1767653454342,38,200,true,110,110,38
1767653454347,33,200,true,110,110,33
1767653454339,41,200,true,110,110,41
1767653454335,45,200,true,110,110,45
1767653454332,48,200,true,110,110,48
1767653454342,38,200,true,110,110,38
1767653454340,40,200,true,110,110,40
1767653454339,41,200,true,110,110,41
1767653454339,42,200,true,110,110,42
1767653454341,40,200,true,110,110,40
1767653454333,48,200,true,110,110,48
1767653454338,43,200,true,110,110,43
1767653454340,42,200,true,110,110,42
1767653454333,49,200,true,110,110,49
1767653454333,49,200,true,110,110,49
1767653454344,38,200,true,110,110,38
1767653454342,41,200,true,110,110,41
1767653454343,40,200,true,110,110,40
1767653454341,42,200,true,110,110,42
1767653454343,40,200,true,110,110,40
1767653454341,42,200,true,110,110,42
1767653454342,42,200,true,110,110,42
1767653454338,46,200,true,110,110,46
1767653454343,41,200,true,110,110,41
1767653454338,46,200,true,110,110,46
1767653454346,38,200,true,110,110,38
1767653454341,43,200,true,110,110,43
1767653454345,39,200,true,110,110,39
1767653454334,50,200,true,110,110,50
1767653454344,40,200,true,110,110,40
1767653454340,45,200,true,110,110,45
1767653454345,40,200,true,110,110,40
1767653454346,39,200,true,110,110,39
1767653454341,44,200,true,110,110,44
1767653454333,52,200,true,110,110,52
1767653454346,39,200,true,110,110,39
1767653454343,42,200,true,110,110,42
1767653454344,41,200,true,110,110,41
1767653454343,43,200,true,110,110,43
1767653454342,44,200,true,110,110,44
1767653454343,43,200,true,110,110,43
1767653454346,40,200,true,110,110,40
1767653454344,44,200,true,110,110,44
1767653454350,41,200,true,110,110,41
1767653454350,41,200,true,110,110,41
1767653454349,42,200,true,110,110,42
1767653454351,40,200,true,110,110,40
1767653454348,44,200,true,110,110,43
1767653454344,48,200,true,110,110,48
1767653454357,48,200,true,110,110,48
1767653454347,60,200,true,110,110,60
1767653454346,61,200,true,110,110,61
1767653454357,51,200,true,110,110,51
1767653454358,50,200,true,110,110,50
1767653454354,54,200,true,110,110,54
1767653454348,60,200,true,110,110,60
1767653454354,54,200,true,110,110,54
1767653454357,51,200,true,110,110,51
1767653454349,59,200,true,110,110,59
1767653454345,63,200,true,110,110,63
1767653454345,63,200,true,110,110,63
1767653454353,56,200,true,110,110,56
1767653454351,58,200,true,110,110,58
1767653454355,54,200,true,110,110,54
1767653454377,38,200,true,110,110,38
1767653454376,39,200,true,110,110,39
1767653454373,43,200,true,110,110,43
1767653454372,44,200,true,110,110,44
1767653454380,36,200,true,110,110,36
1767653454379,37,200,true,110,110,37
1767653454379,37,200,true,110,110,37
1767653454372,44,200,true,110,110,44
1767653454378,38,200,true,110,110,38
1767653454380,36,200,true,110,110,36
1767653454375,42,200,true,110,110,42
1767653454384,33,200,true,110,110,33
1767653454382,35,200,true,110,110,35
1767653454373,48,200,true,110,110,48
1767653454376,45,200,true,110,110,45
1767653454379,42,200,true,110,110,42
1767653454385,36,200,true,110,110,36
1767653454377,44,200,true,110,110,44
1767653454372,50,200,true,110,110,50
1767653454377,45,200,true,110,110,45
1767653454375,47,200,true,110,110,47
1767653454371,51,200,true,110,110,51
1767653454377,45,200,true,110,110,45
1767653454373,50,200,true,110,110,49
1767653454379,44,200,true,110,110,44
1767653454376,47,200,true,110,110,47
1767653454380,43,200,true,110,110,43
1767653454371,52,200,true,110,110,52
1767653454380,43,200,true,110,110,43
1767653454379,44,200,true,110,110,44
1767653454381,42,200,true,110,110,42
1767653454380,44,200,true,110,110,43
1767653454373,51,200,true,110,110,51
1767653454380,44,200,true,110,110,44
1767653454372,52,200,true,110,110,52
1767653454380,44,200,true,110,110,44
1767653454373,51,200,true,110,110,51
1767653454383,41,200,true,110,110,41
1767653454372,52,200,true,110,110,52
1767653454377,47,200,true,110,110,47
1767653454371,54,200,true,110,110,54
1767653454372,53,200,true,110,110,53
1767653454372,53,200,true,110,110,53
1767653454385,41,200,true,110,110,41
1767653454377,49,200,true,110,110,49
1767653454377,49,200,true,110,110,49
1767653454376,50,200,true,110,110,50
1767653454371,55,200,true,110,110,55
1767653454375,52,200,true,110,110,52
1767653454372,55,200,true,110,110,55
1767653454379,48,200,true,110,110,48
1767653454373,54,200,true,110,110,54
1767653454384,43,200,true,110,110,43
1767653454381,47,200,true,110,110,47
1767653454380,48,200,true,110,110,48
1767653454372,56,200,true,110,110,56
1767653454383,48,200,true,110,110,48
1767653454377,55,200,true,110,110,54
1767653454385,47,200,true,110,110,47
1767653454373,59,200,true,110,110,59
1767653454385,48,200,true,110,110,48
1767653454384,52,200,true,110,110,52
1767653454372,64,200,true,110,110,64
1767653454384,52,200,true,110,110,52
1767653454385,52,200,true,110,110,52
1767653454382,55,200,true,110,110,55
1767653454382,55,200,true,110,110,55
1767653454381,56,200,true,110,110,56
1767653454408,30,200,true,110,110,30
1767653454384,54,200,true,110,110,54
1767653454381,57,200,true,110,110,57
1767653454386,52,200,true,110,110,52
1767653454391,47,200,true,110,110,47
1767653454381,57,200,true,110,110,57
1767653454406,33,200,true,110,110,33
1767653454408,31,200,true,110,110,31
1767653454408,32,200,true,110,110,32
1767653454408,32,200,true,110,110,32
1767653454392,48,200,true,110,110,47
1767653454409,31,200,true,110,110,30
1767653454408,32,200,true,110,110,32
1767653454409,31,200,true,110,110,31
1767653454416,24,200,true,110,110,24
1767653454384,57,200,true,110,110,57
1767653454408,33,200,true,110,110,33
1767653454408,33,200,true,110,110,33
1767653454386,55,200,true,110,110,55
1767653454416,26,200,true,110,110,26
1767653454416,26,200,true,110,110,26
1767653454386,56,200,true,110,110,56
1767653454421,21,200,true,110,110,21
1767653454416,26,200,true,110,110,26
1767653454384,58,200,true,110,110,58
1767653454384,58,200,true,110,110,58
1767653454385,57,200,true,110,110,57
1767653454371,71,200,true,110,110,71
1767653454409,34,200,true,110,110,34
1767653454416,27,200,true,110,110,27
1767653454385,58,200,true,110,110,58
1767653454385,58,200,true,110,110,58
1767653454386,57,200,true,110,110,57
1767653454408,35,200,true,110,110,35
1767653454421,22,200,true,110,110,22
1767653454382,61,200,true,110,110,61
1767653454384,59,200,true,110,110,59
1767653454391,52,200,true,110,110,52
1767653454415,28,200,true,110,110,28
1767653454392,52,200,true,110,110,52
1767653454408,36,200,true,110,110,36
1767653454388,56,200,true,110,110,56
1767653454391,53,200,true,110,110,53
1767653454386,58,200,true,110,110,58
1767653454407,37,200,true,110,110,37
1767653454384,60,200,true,110,110,60
1767653454416,28,200,true,110,110,28
1767653454381,63,200,true,110,110,57
1767653454384,60,200,true,110,110,60
1767653454416,28,200,true,110,110,28
1767653454392,52,200,true,110,110,52
1767653454416,28,200,true,110,110,28
1767653454408,37,200,true,110,110,37
1767653454423,23,200,true,110,110,23
1767653454422,25,200,true,110,110,25
1767653454417,30,200,true,110,110,30
1767653454417,31,200,true,110,110,31
1767653454423,38,200,true,110,110,38
1767653454426,35,200,true,110,110,35
1767653454421,40,200,true,110,110,40
1767653454424,37,200,true,110,110,37
1767653454422,40,200,true,110,110,40
1767653454424,40,200,true,110,110,40
1767653454425,40,200,true,110,110,40
1767653454424,41,200,true,110,110,38
1767653454426,39,200,true,110,110,39
1767653454417,48,200,true,110,110,48
1767653454421,46,200,true,110,110,46
1767653454427,40,200,true,110,110,40
1767653454428,40,200,true,110,110,40
1767653454425,43,200,true,110,110,43
1767653454428,40,200,true,110,110,40
1767653454422,46,200,true,110,110,46
1767653454423,45,200,true,110,110,45
1767653454428,40,200,true,110,110,40
1767653454422,47,200,true,110,110,47
1767653454426,43,200,true,110,110,43
1767653454424,45,200,true,110,110,45
1767653454423,46,200,true,110,110,46
1767653454417,52,200,true,110,110,52
1767653454426,43,200,true,110,110,43
1767653454428,41,200,true,110,110,41
1767653454422,47,200,true,110,110,47
1767653454425,44,200,true,110,110,44
1767653454423,46,200,true,110,110,46
1767653454423,46,200,true,110,110,46
1767653454424,46,200,true,110,110,46
1767653454423,47,200,true,110,110,47
1767653454423,47,200,true,110,110,47
1767653454428,42,200,true,110,110,42
1767653454426,44,200,true,110,110,44
1767653454423,47,200,true,110,110,47
1767653454427,44,200,true,110,110,44
1767653454424,47,200,true,110,110,47
1767653454424,47,200,true,110,110,42
1767653454424,47,200,true,110,110,43
1767653454427,44,200,true,110,110,44
1767653454424,47,200,true,110,110,43
1767653454437,36,200,true,110,110,36
1767653454436,37,200,true,110,110,37
1767653454443,30,200,true,110,110,30
1767653454442,32,200,true,110,110,32
1767653454442,32,200,true,110,110,32
1767653454437,37,200,true,110,110,37
1767653454440,34,200,true,110,110,34
1767653454438,36,200,true,110,110,36
1767653454442,32,200,true,110,110,32
1767653454432,42,200,true,110,110,42
1767653454438,37,200,true,110,110,37
1767653454431,44,200,true,110,110,44
1767653454432,43,200,true,110,110,43
1767653454439,36,200,true,110,110,36
1767653454442,33,200,true,110,110,33
1767653454442,33,200,true,110,110,33
1767653454442,33,200,true,110,110,33
1767653454433,42,200,true,110,110,42
1767653454442,33,200,true,110,110,33
1767653454441,34,200,true,110,110,34
1767653454440,35,200,true,110,110,35
1767653454441,34,200,true,110,110,34
1767653454438,38,200,true,110,110,38
1767653454442,35,200,true,110,110,35
1767653454436,41,200,true,110,110,41
1767653454438,40,200,true,110,110,40
1767653454440,38,200,true,110,110,38
1767653454437,41,200,true,110,110,41
1767653454437,41,200,true,110,110,41
1767653454432,46,200,true,110,110,46
1767653454436,42,200,true,110,110,42
1767653454443,35,200,true,110,110,35
1767653454441,38,200,true,110,110,38
1767653454438,41,200,true,110,110,41
1767653454444,36,200,true,110,110,36
1767653454444,43,200,true,110,110,43
1767653454443,44,200,true,110,110,44
1767653454442,46,200,true,110,110,46
1767653454440,48,200,true,110,110,48
1767653454444,44,200,true,110,110,44
1767653454444,47,200,true,110,110,47
1767653454442,49,200,true,110,110,49
1767653454444,48,200,true,110,110,47
1767653454443,49,200,true,110,110,45
1767653454444,48,200,true,110,110,48
1767653454447,45,200,true,110,110,45
1767653454443,49,200,true,110,110,49
1767653454442,50,200,true,110,110,50
1767653454444,48,200,true,110,110,48
1767653454444,48,200,true,110,110,48
1767653454448,45,200,true,110,110,44
1767653454440,53,200,true,110,110,53
1767653454444,49,200,true,110,110,49
1767653454444,49,200,true,110,110,49
1767653454447,46,200,true,110,110,46
1767653454447,46,200,true,110,110,46
1767653454444,49,200,true,110,110,49
1767653454445,48,200,true,110,110,48
1767653454438,55,200,true,110,110,55
1767653454443,50,200,true,110,110,50
1767653454444,49,200,true,110,110,49
1767653454443,51,200,true,110,110,51
1767653454469,25,200,true,110,110,25
1767653454468,26,200,true,110,110,26
1767653454439,55,200,true,110,110,55
1767653454468,27,200,true,110,110,27
1767653454470,27,200,true,110,110,27
1767653454461,36,200,true,110,110,36
1767653454441,56,200,true,110,110,56
1767653454444,54,200,true,110,110,54
1767653454443,55,200,true,110,110,55
1767653454461,37,200,true,110,110,37
1767653454444,54,200,true,110,110,53
1767653454444,55,200,true,110,110,55
1767653454444,55,200,true,110,110,55
1767653454469,34,200,true,110,110,34
1767653454464,41,200,true,110,110,41
1767653454468,37,200,true,110,110,37
1767653454470,35,200,true,110,110,35
1767653454469,37,200,true,110,110,37
1767653454469,37,200,true,110,110,37
1767653454465,42,200,true,110,110,42
1767653454469,38,200,true,110,110,37
1767653454469,39,200,true,110,110,39
1767653454467,41,200,true,110,110,41
1767653454472,37,200,true,110,110,37
1767653454470,39,200,true,110,110,39
1767653454474,35,200,true,110,110,35
1767653454462,47,200,true,110,110,47
1767653454475,35,200,true,110,110,35
1767653454477,33,200,true,110,110,33
1767653454474,36,200,true,110,110,36
1767653454475,35,200,true,110,110,35
1767653454474,36,200,true,110,110,36
1767653454470,40,200,true,110,110,40
1767653454469,41,200,true,110,110,41
1767653454471,41,200,true,110,110,41
1767653454469,43,200,true,110,110,43
1767653454469,44,200,true,110,110,44
1767653454476,38,200,true,110,110,34
1767653454474,40,200,true,110,110,40
1767653454474,40,200,true,110,110,37
1767653454470,45,200,true,110,110,45
1767653454461,54,200,true,110,110,54
1767653454477,38,200,true,110,110,34
1767653454478,37,200,true,110,110,37
1767653454471,44,200,true,110,110,44
1767653454475,41,200,true,110,110,41
1767653454465,51,200,true,110,110,51
1767653454475,41,200,true,110,110,41
1767653454475,41,200,true,110,110,41
1767653454465,51,200,true,110,110,49
1767653454475,42,200,true,110,110,42
1767653454471,46,200,true,110,110,46
1767653454475,43,200,true,110,110,42
1767653454469,49,200,true,110,110,49
1767653454465,53,200,true,110,110,53
1767653454478,40,200,true,110,110,37
1767653454468,50,200,true,110,110,49
1767653454468,50,200,true,110,110,50
1767653454473,45,200,true,110,110,45
1767653454475,43,200,true,110,110,43
1767653454471,48,200,true,110,110,47
1767653454468,51,200,true,110,110,51
1767653454470,49,200,true,110,110,48
1767653454475,44,200,true,110,110,44
1767653454468,51,200,true,110,110,49
1767653454475,44,200,true,110,110,44
1767653454475,44,200,true,110,110,44
1767653454461,58,200,true,110,110,58
1767653454487,33,200,true,110,110,33
1767653454471,49,200,true,110,110,49
1767653454469,51,200,true,110,110,51
1767653454476,44,200,true,110,110,44
1767653454475,45,200,true,110,110,45
1767653454492,29,200,true,110,110,29
1767653454493,28,200,true,110,110,28
1767653454480,41,200,true,110,110,41
1767653454498,23,200,true,110,110,23
1767653454497,24,200,true,110,110,24
1767653454493,28,200,true,110,110,28
1767653454492,30,200,true,110,110,29
1767653454474,49,200,true,110,110,48
1767653454479,44,200,true,110,110,43
1767653454479,44,200,true,110,110,44
1767653454494,29,200,true,110,110,29
1767653454493,30,200,true,110,110,30
1767653454475,52,200,true,110,110,51
1767653454498,29,200,true,110,110,28
1767653454499,28,200,true,110,110,28
1767653454494,33,200,true,110,110,33
1767653454492,35,200,true,110,110,35
1767653454478,49,200,true,110,110,48
1767653454498,29,200,true,110,110,29
1767653454493,35,200,true,110,110,35
1767653454495,33,200,true,110,110,33
1767653454497,31,200,true,110,110,31
1767653454493,35,200,true,110,110,35
1767653454493,35,200,true,110,110,35
1767653454492,37,200,true,110,110,37
1767653454493,36,200,true,110,110,36
1767653454492,37,200,true,110,110,37
1767653454473,57,200,true,110,110,57
1767653454498,32,200,true,110,110,32
1767653454478,53,200,true,110,110,53
1767653454478,53,200,true,110,110,52
1767653454492,40,200,true,110,110,40
1767653454478,54,200,true,110,110,54
1767653454478,55,200,true,110,110,53
1767653454494,39,200,true,110,110,36
1767653454488,45,200,true,110,110,43
1767653454491,42,200,true,110,110,42
1767653454488,45,200,true,110,110,45
1767653454493,42,200,true,110,110,38
1767653454492,45,200,true,110,110,45
1767653454491,46,200,true,110,110,46
1767653454493,45,200,true,110,110,45
1767653454487,51,200,true,110,110,51
1767653454503,36,200,true,110,110,36
1767653454505,34,200,true,110,110,34
1767653454505,34,200,true,110,110,34
1767653454505,34,200,true,110,110,34
1767653454506,33,200,true,110,110,33
1767653454499,40,200,true,110,110,40
1767653454509,30,200,true,110,110,30
1767653454493,46,200,true,110,110,46
1767653454506,33,200,true,110,110,33
1767653454510,30,200,true,110,110,30
1767653454507,33,200,true,110,110,33
1767653454507,33,200,true,110,110,33
1767653454508,32,200,true,110,110,32
1767653454498,42,200,true,110,110,42
1767653454509,31,200,true,110,110,31
1767653454513,28,200,true,110,110,28
1767653454488,53,200,true,110,110,53
1767653454492,49,200,true,110,110,49
1767653454494,47,200,true,110,110,47
1767653454508,34,200,true,110,110,34
1767653454516,46,200,true,110,110,46
1767653454509,53,200,true,110,110,53
1767653454521,41,200,true,110,110,41
1767653454520,42,200,true,110,110,42
1767653454522,40,200,true,110,110,40
1767653454523,39,200,true,110,110,39
1767653454518,44,200,true,110,110,44
1767653454515,47,200,true,110,110,47
1767653454521,41,200,true,110,110,41
1767653454521,41,200,true,110,110,41
1767653454518,44,200,true,110,110,44
1767653454515,47,200,true,110,110,47
1767653454516,46,200,true,110,110,46
1767653454510,52,200,true,110,110,52
1767653454519,44,200,true,110,110,43
1767653454516,47,200,true,110,110,47
1767653454517,46,200,true,110,110,46
1767653454509,54,200,true,110,110,54
1767653454510,53,200,true,110,110,53
1767653454521,42,200,true,110,110,42
1767653454510,53,200,true,110,110,53
1767653454510,54,200,true,110,110,54
1767653454519,45,200,true,110,110,45
1767653454510,54,200,true,110,110,54
1767653454518,46,200,true,110,110,46
1767653454518,46,200,true,110,110,46
1767653454512,52,200,true,110,110,52
1767653454519,45,200,true,110,110,45
1767653454516,48,200,true,110,110,48
1767653454514,50,200,true,110,110,50
1767653454518,47,200,true,110,110,47
1767653454520,45,200,true,110,110,45
1767653454519,46,200,true,110,110,46
1767653454518,47,200,true,110,110,47
1767653454515,50,200,true,110,110,50
1767653454510,55,200,true,110,110,55
1767653454520,45,200,true,110,110,45
1767653454515,51,200,true,110,110,51
1767653454512,54,200,true,110,110,54
1767653454514,52,200,true,110,110,52
1767653454493,74,200,true,110,110,74
1767653454515,52,200,true,110,110,52
1767653454515,53,200,true,110,110,53
1767653454519,49,200,true,110,110,49
1767653454519,49,200,true,110,110,49
1767653454519,49,200,true,110,110,49
1767653454539,29,200,true,110,110,29
1767653454521,48,200,true,110,110,47
1767653454528,41,200,true,110,110,41
1767653454540,29,200,true,110,110,29
1767653454533,36,200,true,110,110,36
1767653454538,31,200,true,110,110,31
1767653454521,48,200,true,110,110,48
1767653454538,31,200,true,110,110,31
1767653454528,41,200,true,110,110,41
1767653454529,40,200,true,110,110,40
1767653454539,30,200,true,110,110,30
1767653454527,42,200,true,110,110,42
1767653454528,41,200,true,110,110,41
1767653454539,30,200,true,110,110,30
1767653454527,42,200,true,110,110,42
1767653454540,29,200,true,110,110,29
1767653454539,30,200,true,110,110,30
1767653454531,39,200,true,110,110,39
1767653454523,47,200,true,110,110,47
1767653454533,37,200,true,110,110,37
1767653454538,32,200,true,110,110,32
1767653454540,30,200,true,110,110,30
1767653454531,39,200,true,110,110,39
1767653454533,37,200,true,110,110,37
1767653454531,39,200,true,110,110,39
1767653454532,38,200,true,110,110,38
1767653454533,37,200,true,110,110,37
1767653454527,43,200,true,110,110,43
1767653454530,40,200,true,110,110,40
1767653454523,47,200,true,110,110,47
1767653454540,30,200,true,110,110,30
1767653454518,52,200,true,110,110,52
1767653454523,47,200,true,110,110,47
1767653454535,35,200,true,110,110,35
1767653454520,51,200,true,110,110,51
1767653454529,42,200,true,110,110,42
1767653454540,31,200,true,110,110,31
1767653454529,42,200,true,110,110,42
1767653454519,52,200,true,110,110,52
1767653454539,32,200,true,110,110,32
1767653454517,54,200,true,110,110,54
1767653454529,42,200,true,110,110,42
1767653454533,38,200,true,110,110,38
1767653454528,43,200,true,110,110,43
1767653454518,54,200,true,110,110,54
1767653454539,33,200,true,110,110,33
1767653454537,39,200,true,110,110,39
1767653454520,56,200,true,110,110,56
1767653454519,57,200,true,110,110,57
1767653454523,56,200,true,110,110,56
1767653454527,52,200,true,110,110,52
1767653454541,47,200,true,110,110,47
1767653454540,48,200,true,110,110,48
1767653454541,48,200,true,110,110,48
1767653454540,50,200,true,110,110,50
1767653454540,50,200,true,110,110,50
1767653454529,62,200,true,110,110,62
1767653454527,64,200,true,110,110,64
1767653454533,59,200,true,110,110,59
1767653454541,51,200,true,110,110,45
1767653454542,51,200,true,110,110,49
1767653454527,66,200,true,110,110,65
1767653454569,32,200,true,110,110,32
1767653454569,32,200,true,110,110,32
1767653454563,38,200,true,110,110,38
1767653454569,32,200,true,110,110,32
1767653454562,39,200,true,110,110,39
1767653454569,32,200,true,110,110,32
1767653454562,39,200,true,110,110,39
1767653454562,40,200,true,110,110,40
1767653454562,40,200,true,110,110,40
1767653454569,33,200,true,110,110,33
1767653454562,40,200,true,110,110,40
1767653454564,38,200,true,110,110,38
1767653454565,37,200,true,110,110,37
1767653454570,32,200,true,110,110,32
1767653454567,35,200,true,110,110,35
1767653454564,38,200,true,110,110,38
1767653454570,32,200,true,110,110,32
1767653454564,38,200,true,110,110,38
1767653454565,37,200,true,110,110,37
1767653454568,35,200,true,110,110,35
1767653454564,39,200,true,110,110,39
1767653454562,41,200,true,110,110,41
1767653454569,34,200,true,110,110,34
1767653454570,33,200,true,110,110,33
1767653454563,40,200,true,110,110,40
1767653454563,40,200,true,110,110,40
1767653454569,34,200,true,110,110,34
1767653454565,38,200,true,110,110,38
1767653454565,38,200,true,110,110,38
1767653454570,33,200,true,110,110,33
1767653454562,42,200,true,110,110,42
1767653454562,42,200,true,110,110,42
1767653454566,38,200,true,110,110,38
1767653454563,41,200,true,110,110,41
1767653454562,42,200,true,110,110,42
1767653454564,40,200,true,110,110,40
1767653454564,40,200,true,110,110,40
1767653454565,39,200,true,110,110,39
1767653454565,39,200,true,110,110,39
1767653454564,41,200,true,110,110,41
1767653454565,40,200,true,110,110,40
1767653454567,38,200,true,110,110,38
1767653454563,42,200,true,110,110,42
1767653454569,36,200,true,110,110,36
1767653454569,37,200,true,110,110,37
1767653454565,41,200,true,110,110,41
1767653454562,45,200,true,110,110,45
1767653454569,38,200,true,110,110,38
1767653454570,38,200,true,110,110,38
1767653454570,39,200,true,110,110,39
1767653454563,46,200,true,110,110,46
1767653454571,38,200,true,110,110,38
1767653454572,37,200,true,110,110,37
1767653454569,40,200,true,110,110,40
1767653454570,39,200,true,110,110,39
1767653454571,38,200,true,110,110,38
1767653454540,70,200,true,110,110,70
1767653454568,42,200,true,110,110,42
1767653454568,42,200,true,110,110,42
1767653454565,45,200,true,110,110,45
1767653454542,68,200,true,110,110,68
1767653454562,48,200,true,110,110,48
1767653454562,48,200,true,110,110,48
1767653454571,40,200,true,110,110,40
1767653454570,41,200,true,110,110,40
1767653454568,43,200,true,110,110,43
1767653454563,48,200,true,110,110,48
1767653454566,45,200,true,110,110,45
1767653454569,42,200,true,110,110,42
1767653454571,40,200,true,110,110,40
1767653454570,41,200,true,110,110,41
1767653454566,45,200,true,110,110,45
1767653454562,50,200,true,110,110,50
1767653454570,42,200,true,110,110,42
1767653454563,49,200,true,110,110,49
1767653454569,45,200,true,110,110,45
1767653454579,35,200,true,110,110,35
1767653454571,43,200,true,110,110,43
1767653454572,42,200,true,110,110,42
1767653454590,24,200,true,110,110,24
1767653454571,43,200,true,110,110,43
1767653454571,43,200,true,110,110,43
1767653454571,43,200,true,110,110,43
1767653454572,43,200,true,110,110,43
1767653454571,44,200,true,110,110,44
1767653454569,46,200,true,110,110,46
1767653454572,43,200,true,110,110,43
1767653454569,46,200,true,110,110,46
1767653454591,24,200,true,110,110,24
1767653454570,46,200,true,110,110,46
1767653454590,26,200,true,110,110,26
1767653454571,45,200,true,110,110,45
1767653454576,40,200,true,110,110,40
1767653454576,40,200,true,110,110,40
1767653454569,47,200,true,110,110,47
1767653454569,47,200,true,110,110,47
1767653454571,45,200,true,110,110,45
1767653454570,47,200,true,110,110,47
1767653454570,47,200,true,110,110,47
1767653454591,26,200,true,110,110,26
1767653454570,51,200,true,110,110,51
1767653454576,45,200,true,110,110,45
1767653454579,45,200,true,110,110,45
1767653454593,31,200,true,110,110,31
1767653454589,35,200,true,110,110,35
1767653454592,32,200,true,110,110,32
1767653454589,37,200,true,110,110,37
1767653454593,34,200,true,110,110,33
1767653454588,39,200,true,110,110,39
1767653454609,24,200,true,110,110,24
1767653454603,30,200,true,110,110,30
1767653454607,31,200,true,110,110,27
1767653454603,35,200,true,110,110,35
1767653454601,37,200,true,110,110,37
1767653454605,33,200,true,110,110,33
1767653454604,35,200,true,110,110,35
1767653454604,35,200,true,110,110,35
1767653454592,47,200,true,110,110,47
1767653454603,36,200,true,110,110,36
1767653454603,36,200,true,110,110,36
1767653454602,38,200,true,110,110,38
1767653454601,46,200,true,110,110,46
1767653454602,45,200,true,110,110,45
1767653454602,45,200,true,110,110,45
1767653454602,45,200,true,110,110,45
1767653454609,39,200,true,110,110,39
1767653454603,45,200,true,110,110,45
1767653454604,44,200,true,110,110,44
1767653454607,41,200,true,110,110,41
1767653454601,47,200,true,110,110,47
1767653454602,46,200,true,110,110,46
1767653454602,46,200,true,110,110,46
1767653454605,43,200,true,110,110,43
1767653454606,42,200,true,110,110,42
1767653454602,46,200,true,110,110,46
1767653454602,46,200,true,110,110,46
1767653454610,38,200,true,110,110,38
1767653454603,45,200,true,110,110,45
1767653454604,45,200,true,110,110,45
1767653454610,39,200,true,110,110,39
1767653454604,45,200,true,110,110,45
1767653454609,40,200,true,110,110,40
1767653454603,46,200,true,110,110,46
1767653454610,39,200,true,110,110,39
1767653454601,48,200,true,110,110,48
1767653454604,45,200,true,110,110,45
1767653454609,40,200,true,110,110,40
1767653454605,44,200,true,110,110,44
1767653454606,43,200,true,110,110,43
1767653454604,45,200,true,110,110,45
1767653454604,45,200,true,110,110,45
1767653454604,45,200,true,110,110,45
1767653454602,47,200,true,110,110,47
1767653454611,38,200,true,110,110,38
1767653454601,48,200,true,110,110,48
1767653454603,46,200,true,110,110,46
1767653454603,47,200,true,110,110,46
1767653454602,48,200,true,110,110,48
1767653454610,40,200,true,110,110,40
1767653454609,41,200,true,110,110,41
1767653454602,48,200,true,110,110,48
1767653454609,41,200,true,110,110,41
1767653454605,45,200,true,110,110,45
1767653454608,42,200,true,110,110,42
1767653454603,47,200,true,110,110,47
1767653454610,40,200,true,110,110,40
1767653454604,46,200,true,110,110,46
1767653454602,49,200,true,110,110,49
1767653454610,41,200,true,110,110,41
1767653454609,42,200,true,110,110,42
1767653454615,37,200,true,110,110,37
1767653454615,37,200,true,110,110,37
1767653454614,38,200,true,110,110,38
1767653454611,42,200,true,110,110,42
1767653454616,37,200,true,110,110,37
1767653454601,53,200,true,110,110,53
1767653454605,49,200,true,110,110,49
1767653454603,52,200,true,110,110,52
1767653454615,40,200,true,110,110,40
1767653454611,44,200,true,110,110,44
1767653454615,40,200,true,110,110,40
1767653454616,39,200,true,110,110,39
1767653454616,39,200,true,110,110,39
1767653454614,52,200,true,110,110,51
1767653454616,50,200,true,110,110,50
1767653454621,45,200,true,110,110,44
1767653454612,54,200,true,110,110,53
1767653454614,52,200,true,110,110,52
1767653454616,50,200,true,110,110,50
1767653454616,50,200,true,110,110,50
1767653454614,52,200,true,110,110,52
1767653454612,54,200,true,110,110,54
1767653454611,55,200,true,110,110,55
1767653454614,52,200,true,110,110,52
1767653454617,49,200,true,110,110,49
1767653454617,49,200,true,110,110,49
1767653454611,55,200,true,110,110,55
1767653454617,50,200,true,110,110,50
1767653454614,53,200,true,110,110,53
1767653454616,51,200,true,110,110,51
1767653454614,53,200,true,110,110,53
1767653454615,52,200,true,110,110,52
1767653454611,56,200,true,110,110,56
1767653454614,53,200,true,110,110,53
1767653454610,57,200,true,110,110,57
1767653454617,51,200,true,110,110,51
1767653454616,52,200,true,110,110,52
1767653454621,47,200,true,110,110,47
1767653454612,56,200,true,110,110,56
1767653454627,41,200,true,110,110,41
1767653454611,57,200,true,110,110,57
1767653454626,43,200,true,110,110,43
1767653454634,35,200,true,110,110,35
1767653454639,30,200,true,110,110,30
1767653454639,30,200,true,110,110,30
1767653454611,58,200,true,110,110,58
1767653454611,58,200,true,110,110,58
1767653454624,47,200,true,110,110,47
1767653454640,31,200,true,110,110,31
1767653454624,47,200,true,110,110,47
1767653454624,47,200,true,110,110,47
1767653454624,49,200,true,110,110,49
1767653454627,51,200,true,110,110,51
1767653454647,36,200,true,110,110,36
1767653454639,45,200,true,110,110,45
1767653454648,36,200,true,110,110,36
1767653454649,35,200,true,110,110,35
1767653454638,46,200,true,110,110,46
1767653454649,35,200,true,110,110,35
1767653454638,46,200,true,110,110,46
1767653454649,35,200,true,110,110,35
1767653454648,36,200,true,110,110,36
1767653454648,36,200,true,110,110,36
1767653454649,36,200,true,110,110,36
1767653454649,36,200,true,110,110,36
1767653454638,47,200,true,110,110,47
1767653454650,35,200,true,110,110,35
1767653454647,38,200,true,110,110,38
1767653454650,35,200,true,110,110,35
1767653454649,36,200,true,110,110,36
1767653454650,36,200,true,110,110,36
1767653454633,53,200,true,110,110,53
1767653454652,34,200,true,110,110,34
1767653454639,47,200,true,110,110,47
1767653454650,36,200,true,110,110,36
1767653454649,37,200,true,110,110,37
1767653454649,37,200,true,110,110,37
1767653454649,37,200,true,110,110,37
1767653454649,37,200,true,110,110,37
1767653454649,37,200,true,110,110,37
1767653454650,36,200,true,110,110,36
1767653454648,40,200,true,110,110,40
1767653454649,39,200,true,110,110,39
1767653454654,35,200,true,110,110,35
1767653454649,40,200,true,110,110,40
1767653454638,51,200,true,110,110,51
1767653454649,40,200,true,110,110,40
1767653454649,40,200,true,110,110,40
1767653454650,39,200,true,110,110,39
1767653454649,40,200,true,110,110,40
1767653454649,40,200,true,110,110,40
1767653454648,41,200,true,110,110,41
1767653454649,41,200,true,110,110,41
1767653454650,40,200,true,110,110,40
1767653454650,40,200,true,110,110,37
1767653454650,40,200,true,110,110,37
1767653454651,40,200,true,110,110,40
1767653454648,43,200,true,110,110,43
1767653454648,43,200,true,110,110,43
1767653454650,41,200,true,110,110,41
1767653454649,42,200,true,110,110,42
1767653454653,38,200,true,110,110,38
1767653454648,43,200,true,110,110,43
1767653454651,40,200,true,110,110,40
1767653454652,39,200,true,110,110,39
1767653454647,44,200,true,110,110,44
1767653454649,42,200,true,110,110,42
1767653454648,44,200,true,110,110,43
1767653454650,42,200,true,110,110,42
1767653454647,46,200,true,110,110,45
1767653454653,41,200,true,110,110,41
1767653454667,27,200,true,110,110,27
1767653454651,43,200,true,110,110,43
1767653454655,39,200,true,110,110,39
1767653454669,25,200,true,110,110,25
1767653454668,26,200,true,110,110,26
1767653454668,26,200,true,110,110,26
1767653454655,39,200,true,110,110,39
1767653454639,55,200,true,110,110,55
1767653454668,26,200,true,110,110,26
1767653454654,40,200,true,110,110,40
1767653454666,28,200,true,110,110,28
1767653454666,28,200,true,110,110,28
1767653454652,42,200,true,110,110,41
1767653454666,28,200,true,110,110,28
1767653454648,47,200,true,110,110,47
1767653454668,27,200,true,110,110,27
1767653454668,27,200,true,110,110,27
1767653454666,29,200,true,110,110,29
1767653454667,28,200,true,110,110,28
1767653454667,28,200,true,110,110,28
1767653454655,40,200,true,110,110,40
1767653454655,41,200,true,110,110,41
1767653454666,30,200,true,110,110,30
1767653454666,30,200,true,110,110,30
1767653454656,40,200,true,110,110,40
1767653454666,30,200,true,110,110,30
1767653454666,31,200,true,110,110,29
1767653454666,31,200,true,110,110,31
1767653454651,47,200,true,110,110,47
1767653454655,43,200,true,110,110,43
1767653454678,24,200,true,110,110,24
1767653454666,36,200,true,110,110,36
1767653454671,31,200,true,110,110,31
1767653454669,33,200,true,110,110,33
1767653454673,29,200,true,110,110,29
1767653454667,36,200,true,110,110,35
1767653454669,34,200,true,110,110,34
1767653454671,32,200,true,110,110,32
1767653454668,35,200,true,110,110,35
1767653454669,35,200,true,110,110,35
1767653454666,40,200,true,110,110,40
1767653454666,41,200,true,110,110,41
1767653454667,40,200,true,110,110,40
1767653454667,41,200,true,110,110,41
1767653454691,17,200,true,110,110,17
1767653454667,41,200,true,110,110,41
1767653454693,15,200,true,110,110,15
1767653454686,23,200,true,110,110,23
1767653454667,42,200,true,110,110,42
1767653454671,38,200,true,110,110,38
1767653454671,39,200,true,110,110,39
1767653454668,42,200,true,110,110,42
1767653454688,22,200,true,110,110,22
1767653454669,41,200,true,110,110,41
1767653454666,44,200,true,110,110,44
1767653454670,40,200,true,110,110,40
1767653454694,31,200,true,110,110,31
1767653454694,31,200,true,110,110,31
1767653454685,42,200,true,110,110,42
1767653454684,44,200,true,110,110,43
1767653454689,39,200,true,110,110,39
1767653454694,34,200,true,110,110,34
1767653454684,44,200,true,110,110,44
1767653454695,34,200,true,110,110,34
1767653454694,35,200,true,110,110,35
1767653454685,44,200,true,110,110,44
1767653454689,40,200,true,110,110,40
1767653454684,45,200,true,110,110,45
1767653454689,43,200,true,110,110,43
1767653454686,46,200,true,110,110,46
1767653454695,37,200,true,110,110,37
1767653454685,47,200,true,110,110,45
1767653454694,38,200,true,110,110,38
1767653454686,47,200,true,110,110,46
1767653454685,48,200,true,110,110,48
1767653454684,55,200,true,110,110,55
1767653454695,44,200,true,110,110,44
1767653454690,49,200,true,110,110,49
1767653454695,44,200,true,110,110,44
1767653454690,49,200,true,110,110,49
1767653454686,53,200,true,110,110,53
1767653454685,54,200,true,110,110,54
1767653454691,48,200,true,110,110,48
1767653454685,55,200,true,110,110,55
1767653454684,56,200,true,110,110,56
1767653454684,56,200,true,110,110,56
1767653454694,46,200,true,110,110,46
1767653454698,42,200,true,110,110,42
1767653454694,46,200,true,110,110,46
1767653454694,46,200,true,110,110,46
1767653454696,44,200,true,110,110,44
1767653454690,50,200,true,110,110,50
1767653454685,55,200,true,110,110,55
1767653454694,46,200,true,110,110,46
1767653454691,50,200,true,110,110,50
1767653454685,56,200,true,110,110,56
1767653454691,50,200,true,110,110,50
1767653454689,52,200,true,110,110,52
1767653454694,47,200,true,110,110,47
1767653454686,55,200,true,110,110,55
1767653454689,52,200,true,110,110,52
1767653454691,50,200,true,110,110,50
1767653454695,46,200,true,110,110,46
1767653454703,38,200,true,110,110,38
1767653454691,50,200,true,110,110,50
1767653454686,56,200,true,110,110,56
1767653454696,46,200,true,110,110,46
1767653454704,38,200,true,110,110,38
1767653454694,48,200,true,110,110,48
1767653454686,56,200,true,110,110,56
1767653454686,56,200,true,110,110,56
1767653454703,39,200,true,110,110,39
1767653454694,48,200,true,110,110,48
1767653454689,54,200,true,110,110,54
1767653454690,53,200,true,110,110,51
1767653454694,50,200,true,110,110,50
1767653454695,49,200,true,110,110,49
1767653454689,56,200,true,110,110,56
1767653454686,59,200,true,110,110,59
1767653454703,44,200,true,110,110,44
1767653454702,46,200,true,110,110,46
1767653454696,53,200,true,110,110,53
1767653454691,59,200,true,110,110,59
1767653454708,44,200,true,110,110,44
1767653454703,49,200,true,110,110,49
1767653454703,50,200,true,110,110,49
1767653454695,58,200,true,110,110,58
1767653454704,49,200,true,110,110,49
1767653454697,56,200,true,110,110,56
1767653454686,67,200,true,110,110,67
1767653454698,55,200,true,110,110,55
1767653454696,57,200,true,110,110,57
1767653454695,58,200,true,110,110,58
1767653454702,51,200,true,110,110,51
1767653454709,45,200,true,110,110,45
1767653454691,63,200,true,110,110,63
1767653454709,45,200,true,110,110,45
1767653454696,59,200,true,110,110,57
1767653454702,53,200,true,110,110,53
1767653454708,47,200,true,110,110,46
1767653454708,47,200,true,110,110,46
1767653454689,66,200,true,110,110,66
1767653454691,64,200,true,110,110,64
1767653454687,70,200,true,110,110,57
1767653454691,66,200,true,110,110,65
1767653454683,75,200,true,110,110,61
1767653454684,74,200,true,110,110,61
1767653454689,71,200,true,110,110,71
1767653454697,63,200,true,110,110,63
1767653454691,69,200,true,110,110,69
1767653454692,69,200,true,110,110,69
1767653454692,69,200,true,110,110,62
1767653454728,38,200,true,110,110,38
1767653454729,37,200,true,110,110,37
1767653454728,38,200,true,110,110,38
1767653454729,37,200,true,110,110,37
1767653454697,69,200,true,110,110,69
1767653454707,59,200,true,110,110,59
1767653454708,59,200,true,110,110,59
1767653454710,57,200,true,110,110,57
1767653454706,61,200,true,110,110,61
1767653454740,27,200,true,110,110,27
1767653454710,57,200,true,110,110,57
1767653454725,42,200,true,110,110,42
1767653454732,36,200,true,110,110,36
1767653454710,58,200,true,110,110,58
1767653454690,78,200,true,110,110,78
1767653454729,39,200,true,110,110,39
1767653454709,59,200,true,110,110,59
1767653454732,36,200,true,110,110,36
1767653454707,61,200,true,110,110,61
1767653454732,36,200,true,110,110,36
1767653454684,84,200,true,110,110,84
1767653454710,58,200,true,110,110,58
1767653454740,28,200,true,110,110,28
1767653454733,35,200,true,110,110,35
1767653454732,37,200,true,110,110,37
1767653454732,37,200,true,110,110,37
1767653454710,59,200,true,110,110,59
1767653454710,59,200,true,110,110,57
1767653454729,40,200,true,110,110,40
1767653454725,44,200,true,110,110,44
1767653454740,29,200,true,110,110,29
1767653454740,29,200,true,110,110,29
1767653454741,32,200,true,110,110,28
1767653454742,36,200,true,110,110,36
1767653454748,30,200,true,110,110,30
1767653454742,36,200,true,110,110,36
1767653454740,38,200,true,110,110,38
1767653454742,36,200,true,110,110,36
1767653454739,39,200,true,110,110,39
1767653454742,37,200,true,110,110,36
1767653454742,37,200,true,110,110,37
1767653454748,31,200,true,110,110,31
1767653454739,40,200,true,110,110,40
1767653454741,38,200,true,110,110,38
1767653454740,39,200,true,110,110,39
1767653454741,38,200,true,110,110,38
1767653454749,32,200,true,110,110,32
1767653454739,42,200,true,110,110,42
1767653454741,41,200,true,110,110,41
1767653454741,41,200,true,110,110,41
1767653454728,55,200,true,110,110,55
1767653454741,42,200,true,110,110,42
1767653454742,41,200,true,110,110,41
1767653454741,42,200,true,110,110,42
1767653454741,42,200,true,110,110,42
1767653454739,44,200,true,110,110,44
1767653454740,43,200,true,110,110,43
1767653454740,44,200,true,110,110,44
1767653454740,44,200,true,110,110,44
1767653454742,42,200,true,110,110,42
1767653454742,43,200,true,110,110,42
1767653454741,50,200,true,110,110,50
1767653454741,50,200,true,110,110,50
1767653454745,47,200,true,110,110,47
1767653454729,63,200,true,110,110,63
1767653454740,56,200,true,110,110,56
1767653454750,47,200,true,110,110,47
1767653454727,70,200,true,110,110,70
1767653454739,58,200,true,110,110,58
1767653454745,52,200,true,110,110,52
1767653454733,64,200,true,110,110,64
1767653454739,58,200,true,110,110,58
1767653454741,56,200,true,110,110,56
1767653454743,55,200,true,110,110,55
1767653454728,73,200,true,110,110,73
1767653454768,38,200,true,110,110,38
1767653454744,62,200,true,110,110,62
1767653454767,39,200,true,110,110,39
1767653454768,38,200,true,110,110,38
1767653454773,33,200,true,110,110,33
1767653454769,38,200,true,110,110,38
1767653454768,39,200,true,110,110,39
1767653454753,54,200,true,110,110,54
1767653454768,39,200,true,110,110,39
1767653454768,39,200,true,110,110,39
1767653454753,54,200,true,110,110,54
1767653454761,46,200,true,110,110,46
1767653454755,52,200,true,110,110,52
1767653454767,40,200,true,110,110,40
1767653454752,55,200,true,110,110,55
1767653454753,54,200,true,110,110,54
1767653454754,54,200,true,110,110,54
1767653454757,51,200,true,110,110,51
1767653454760,48,200,true,110,110,48
1767653454753,55,200,true,110,110,55
1767653454758,51,200,true,110,110,51
1767653454754,55,200,true,110,110,54
1767653454753,56,200,true,110,110,56
1767653454755,54,200,true,110,110,54
1767653454759,50,200,true,110,110,50
1767653454755,54,200,true,110,110,54
1767653454756,54,200,true,110,110,54
1767653454753,57,200,true,110,110,57
1767653454753,57,200,true,110,110,57
1767653454741,70,200,true,110,110,70
1767653454760,51,200,true,110,110,51
1767653454757,54,200,true,110,110,54
1767653454755,56,200,true,110,110,56
1767653454744,67,200,true,110,110,67
1767653454768,43,200,true,110,110,43
1767653454743,68,200,true,110,110,68
1767653454740,71,200,true,110,110,71
1767653454767,44,200,true,110,110,44
1767653454767,45,200,true,110,110,45
1767653454740,72,200,true,110,110,72
1767653454768,44,200,true,110,110,44
1767653454767,45,200,true,110,110,45
1767653454769,43,200,true,110,110,43
1767653454769,43,200,true,110,110,43
1767653454769,43,200,true,110,110,43
1767653454767,45,200,true,110,110,45
1767653454768,44,200,true,110,110,44
1767653454766,46,200,true,110,110,46
1767653454766,46,200,true,110,110,46
1767653454769,43,200,true,110,110,43
1767653454767,45,200,true,110,110,45
1767653454754,59,200,true,110,110,59
1767653454768,45,200,true,110,110,45
1767653454767,46,200,true,110,110,46
1767653454768,45,200,true,110,110,45
1767653454769,44,200,true,110,110,44
1767653454769,44,200,true,110,110,44
1767653454754,60,200,true,110,110,59
1767653454753,61,200,true,110,110,61
1767653454755,59,200,true,110,110,59
1767653454753,61,200,true,110,110,60
1767653454760,54,200,true,110,110,51
1767653454761,54,200,true,110,110,54
1767653454798,19,200,true,110,110,19
1767653454768,49,200,true,110,110,49
1767653454779,39,200,true,110,110,38
1767653454782,36,200,true,110,110,36
1767653454784,34,200,true,110,110,34
1767653454781,37,200,true,110,110,37
1767653454780,38,200,true,110,110,38
1767653454783,35,200,true,110,110,35
1767653454781,37,200,true,110,110,37
1767653454784,34,200,true,110,110,34
1767653454778,40,200,true,110,110,40
1767653454783,35,200,true,110,110,35
1767653454791,27,200,true,110,110,27
1767653454778,40,200,true,110,110,40
1767653454784,34,200,true,110,110,34
1767653454779,40,200,true,110,110,40
1767653454784,35,200,true,110,110,35
1767653454779,41,200,true,110,110,40
1767653454783,37,200,true,110,110,37
1767653454779,41,200,true,110,110,41
1767653454797,23,200,true,110,110,23
1767653454779,41,200,true,110,110,41
1767653454782,38,200,true,110,110,38
1767653454778,42,200,true,110,110,42
1767653454783,37,200,true,110,110,37
1767653454783,38,200,true,110,110,38
1767653454785,37,200,true,110,110,37
1767653454792,30,200,true,110,110,30
1767653454797,26,200,true,110,110,26
1767653454779,44,200,true,110,110,44
1767653454792,31,200,true,110,110,31
1767653454779,44,200,true,110,110,44
1767653454783,41,200,true,110,110,40
1767653454778,46,200,true,110,110,46
1767653454791,33,200,true,110,110,33
1767653454768,56,200,true,110,110,56
1767653454797,27,200,true,110,110,27
1767653454769,55,200,true,110,110,55
1767653454797,27,200,true,110,110,27
1767653454768,56,200,true,110,110,56
1767653454797,27,200,true,110,110,27
1767653454798,27,200,true,110,110,27
1767653454797,28,200,true,110,110,28
1767653454801,24,200,true,110,110,24
1767653454797,28,200,true,110,110,28
1767653454778,47,200,true,110,110,44
1767653454767,59,200,true,110,110,58
1767653454807,19,200,true,110,110,19
1767653454807,20,200,true,110,110,20
1767653454807,20,200,true,110,110,20
1767653454806,21,200,true,110,110,21
1767653454806,21,200,true,110,110,21
1767653454807,20,200,true,110,110,20
1767653454808,19,200,true,110,110,19
1767653454807,20,200,true,110,110,20
1767653454807,20,200,true,110,110,20
1767653454806,22,200,true,110,110,22
1767653454806,22,200,true,110,110,22
1767653454807,21,200,true,110,110,21
1767653454807,21,200,true,110,110,21
1767653454806,23,200,true,110,110,23
1767653454807,23,200,true,110,110,23
1767653454810,30,200,true,110,110,30
1767653454811,30,200,true,110,110,30
1767653454807,34,200,true,110,110,34
1767653454808,41,200,true,110,110,41
1767653454813,36,200,true,110,110,36
1767653454812,41,200,true,110,110,41
1767653454812,41,200,true,110,110,41
1767653454811,42,200,true,110,110,42
1767653454808,45,200,true,110,110,45
1767653454809,44,200,true,110,110,44
1767653454809,44,200,true,110,110,44
1767653454809,44,200,true,110,110,44
1767653454809,44,200,true,110,110,44
1767653454812,41,200,true,110,110,41
1767653454812,42,200,true,110,110,42
1767653454811,43,200,true,110,110,43
1767653454812,42,200,true,110,110,42
1767653454809,45,200,true,110,110,45
1767653454813,41,200,true,110,110,41
1767653454809,46,200,true,110,110,46
1767653454812,43,200,true,110,110,43
1767653454811,44,200,true,110,110,44
1767653454813,42,200,true,110,110,42
1767653454810,45,200,true,110,110,45
1767653454810,45,200,true,110,110,45
1767653454811,45,200,true,110,110,45
1767653454812,44,200,true,110,110,44
1767653454813,43,200,true,110,110,43
1767653454811,46,200,true,110,110,46
1767653454820,42,200,true,110,110,42
1767653454817,45,200,true,110,110,45
1767653454812,50,200,true,110,110,50
1767653454822,40,200,true,110,110,40
1767653454818,44,200,true,110,110,44
1767653454820,43,200,true,110,110,43
1767653454818,45,200,true,110,110,45
1767653454814,49,200,true,110,110,48
1767653454815,48,200,true,110,110,48
1767653454818,45,200,true,110,110,45
1767653454818,45,200,true,110,110,45
1767653454818,45,200,true,110,110,45
1767653454820,44,200,true,110,110,44
1767653454814,50,200,true,110,110,50
1767653454824,40,200,true,110,110,40
1767653454818,46,200,true,110,110,46
1767653454807,57,200,true,110,110,57
1767653454814,50,200,true,110,110,50
1767653454817,47,200,true,110,110,47
1767653454812,52,200,true,110,110,52
1767653454818,46,200,true,110,110,46
1767653454808,56,200,true,110,110,56
1767653454818,46,200,true,110,110,46
1767653454818,47,200,true,110,110,47
1767653454820,45,200,true,110,110,45
1767653454814,51,200,true,110,110,51
1767653454823,42,200,true,110,110,42
1767653454823,42,200,true,110,110,42
1767653454820,45,200,true,110,110,45
1767653454823,42,200,true,110,110,42
1767653454824,41,200,true,110,110,41
1767653454823,42,200,true,110,110,42
1767653454820,46,200,true,110,110,46
1767653454825,41,200,true,110,110,41
1767653454824,42,200,true,110,110,42
1767653454825,41,200,true,110,110,41
1767653454825,41,200,true,110,110,41
1767653454813,53,200,true,110,110,53
1767653454824,42,200,true,110,110,42
1767653454813,53,200,true,110,110,53
1767653454820,46,200,true,110,110,46
1767653454814,53,200,true,110,110,53
1767653454820,47,200,true,110,110,47
1767653454819,48,200,true,110,110,48
1767653454814,53,200,true,110,110,53
1767653454825,42,200,true,110,110,42
1767653454811,56,200,true,110,110,56
1767653454812,55,200,true,110,110,55
1767653454820,48,200,true,110,110,48
1767653454811,57,200,true,110,110,57
1767653454818,50,200,true,110,110,50
1767653454827,41,200,true,110,110,41
1767653454825,43,200,true,110,110,43
1767653454827,41,200,true,110,110,41
1767653454812,56,200,true,110,110,56
1767653454826,42,200,true,110,110,42
1767653454828,40,200,true,110,110,40
1767653454823,45,200,true,110,110,45
1767653454828,40,200,true,110,110,40
1767653454826,42,200,true,110,110,42
1767653454849,20,200,true,110,110,20
1767653454829,40,200,true,110,110,40
1767653454841,28,200,true,110,110,28
1767653454828,41,200,true,110,110,41
1767653454840,29,200,true,110,110,29
1767653454828,41,200,true,110,110,41
1767653454827,42,200,true,110,110,42
1767653454824,45,200,true,110,110,45
1767653454827,42,200,true,110,110,42
1767653454841,28,200,true,110,110,28
1767653454827,43,200,true,110,110,43
1767653454828,42,200,true,110,110,42
1767653454824,46,200,true,110,110,46
1767653454824,46,200,true,110,110,46
1767653454854,16,200,true,110,110,16
1767653454821,49,200,true,110,110,49
1767653454857,13,200,true,110,110,13
1767653454856,14,200,true,110,110,14
1767653454828,42,200,true,110,110,42
1767653454818,52,200,true,110,110,52
1767653454818,53,200,true,110,110,46
1767653454824,47,200,true,110,110,47
1767653454853,18,200,true,110,110,18
1767653454855,16,200,true,110,110,16
1767653454812,59,200,true,110,110,59
1767653454856,15,200,true,110,110,15
1767653454812,59,200,true,110,110,59
1767653454818,53,200,true,110,110,53
1767653454855,16,200,true,110,110,16
1767653454854,17,200,true,110,110,17
1767653454849,23,200,true,110,110,23
1767653454824,48,200,true,110,110,48
1767653454827,46,200,true,110,110,46
1767653454830,43,200,true,110,110,43
1767653454853,21,200,true,110,110,21
1767653454855,20,200,true,110,110,20
1767653454857,18,200,true,110,110,18
1767653454854,22,200,true,110,110,22
1767653454853,23,200,true,110,110,23
1767653454855,21,200,true,110,110,21
1767653454854,23,200,true,110,110,22
1767653454855,23,200,true,110,110,23
1767653454865,13,200,true,110,110,13
1767653454863,16,200,true,110,110,16
1767653454853,26,200,true,110,110,26
1767653454853,26,200,true,110,110,26
1767653454853,26,200,true,110,110,26
1767653454854,25,200,true,110,110,25
1767653454855,24,200,true,110,110,24
1767653454854,26,200,true,110,110,26
1767653454854,26,200,true,110,110,26
1767653454867,13,200,true,110,110,13
1767653454856,24,200,true,110,110,24
1767653454862,19,200,true,110,110,19
1767653454873,9,200,true,110,110,9
1767653454870,14,200,true,110,110,14
1767653454864,23,200,true,110,110,23
1767653454862,25,200,true,110,110,25
1767653454869,19,200,true,110,110,19
1767653454870,18,200,true,110,110,18
1767653454870,19,200,true,110,110,19
1767653454873,16,200,true,110,110,16
1767653454866,24,200,true,110,110,24
1767653454868,22,200,true,110,110,22
1767653454869,21,200,true,110,110,21
1767653454872,18,200,true,110,110,18
1767653454871,20,200,true,110,110,20
1767653454868,23,200,true,110,110,23
1767653454866,25,200,true,110,110,25
1767653454870,22,200,true,110,110,22
1767653454869,23,200,true,110,110,22
1767653454863,29,200,true,110,110,29
1767653454865,27,200,true,110,110,27
1767653454867,25,200,true,110,110,24
1767653454868,28,200,true,110,110,26
1767653454864,36,200,true,110,110,36
1767653454868,32,200,true,110,110,32
1767653454869,32,200,true,110,110,32
1767653454869,44,200,true,110,110,44
1767653454868,45,200,true,110,110,45
1767653454868,46,200,true,110,110,46
1767653454863,51,200,true,110,110,51
1767653454868,46,200,true,110,110,46
1767653454865,50,200,true,110,110,49
1767653454868,47,200,true,110,110,47
1767653454862,53,200,true,110,110,53
1767653454871,44,200,true,110,110,44
1767653454866,49,200,true,110,110,49
1767653454866,50,200,true,110,110,50
1767653454865,51,200,true,110,110,51
1767653454871,45,200,true,110,110,45
1767653454871,45,200,true,110,110,45
1767653454865,51,200,true,110,110,51
1767653454868,48,200,true,110,110,48
1767653454864,53,200,true,110,110,52
1767653454871,46,200,true,110,110,45
1767653454871,46,200,true,110,110,46
1767653454865,52,200,true,110,110,52
1767653454862,55,200,true,110,110,55
1767653454869,48,200,true,110,110,48
1767653454869,48,200,true,110,110,48
1767653454865,52,200,true,110,110,52
1767653454869,49,200,true,110,110,49
1767653454871,47,200,true,110,110,47
1767653454869,63,200,true,110,110,63
1767653454868,64,200,true,110,110,64
1767653454880,53,200,true,110,110,53
1767653454867,66,200,true,110,110,66
1767653454871,62,200,true,110,110,62
1767653454866,67,200,true,110,110,67
1767653454879,54,200,true,110,110,54
1767653454865,69,200,true,110,110,69
1767653454879,55,200,true,110,110,55
1767653454867,67,200,true,110,110,67
1767653454878,56,200,true,110,110,56
1767653454864,70,200,true,110,110,70
1767653454877,58,200,true,110,110,58
1767653454879,56,200,true,110,110,56
1767653454864,71,200,true,110,110,71
1767653454865,70,200,true,110,110,70
1767653454871,64,200,true,110,110,64
1767653454869,66,200,true,110,110,66
1767653454876,59,200,true,110,110,59
1767653454875,61,200,true,110,110,61
1767653454865,71,200,true,110,110,70
1767653454868,68,200,true,110,110,68
1767653454863,73,200,true,110,110,73
1767653454866,70,200,true,110,110,70
1767653454880,56,200,true,110,110,56
1767653454870,67,200,true,110,110,67
1767653454891,46,200,true,110,110,46
1767653454882,55,200,true,110,110,55
1767653454892,45,200,true,110,110,45
1767653454889,49,200,true,110,110,49
1767653454892,46,200,true,110,110,46
1767653454880,58,200,true,110,110,58
1767653454863,75,200,true,110,110,75
1767653454896,42,200,true,110,110,42
1767653454863,75,200,true,110,110,75
1767653454868,70,200,true,110,110,70
1767653454892,46,200,true,110,110,46
1767653454873,66,200,true,110,110,66
1767653454865,74,200,true,110,110,74
1767653454890,49,200,true,110,110,49
1767653454879,60,200,true,110,110,60
1767653454890,49,200,true,110,110,49
1767653454888,51,200,true,110,110,51
1767653454880,59,200,true,110,110,59
1767653454864,75,200,true,110,110,75
1767653454866,73,200,true,110,110,73
1767653454868,71,200,true,110,110,71
1767653454887,52,200,true,110,110,52
1767653454863,76,200,true,110,110,76
1767653454864,76,200,true,110,110,76
1767653454877,63,200,true,110,110,62
1767653454871,69,200,true,110,110,69
1767653454867,73,200,true,110,110,71
1767653454871,69,200,true,110,110,69
1767653454867,73,200,true,110,110,72
1767653454871,69,200,true,110,110,64
1767653454879,61,200,true,110,110,61
1767653454875,65,200,true,110,110,65
1767653454891,49,200,true,110,110,49
1767653454871,69,200,true,110,110,69
1767653454866,74,200,true,110,110,74
1767653454866,74,200,true,110,110,74
1767653454892,48,200,true,110,110,48
1767653454879,61,200,true,110,110,61
1767653454890,50,200,true,110,110,50
1767653454891,49,200,true,110,110,49
1767653454880,60,200,true,110,110,60
1767653454881,60,200,true,110,110,60
1767653454871,70,200,true,110,110,70
1767653454888,53,200,true,110,110,53
1767653454887,54,200,true,110,110,54
1767653454889,52,200,true,110,110,52
1767653454870,71,200,true,110,110,68
1767653454884,57,200,true,110,110,57
1767653454901,40,200,true,110,110,40
1767653454890,52,200,true,110,110,52
1767653454918,26,200,true,110,110,26
1767653454864,80,200,true,110,110,80
1767653454900,44,200,true,110,110,44
1767653454892,53,200,true,110,110,53
1767653454915,30,200,true,110,110,30
1767653454863,82,200,true,110,110,82
1767653454874,71,200,true,110,110,71
1767653454916,29,200,true,110,110,29
1767653454915,30,200,true,110,110,30
1767653454914,32,200,true,110,110,32
1767653454914,32,200,true,110,110,32
1767653454917,29,200,true,110,110,29
1767653454864,82,200,true,110,110,81
1767653454876,70,200,true,110,110,68
1767653454916,30,200,true,110,110,30
1767653454917,29,200,true,110,110,29
1767653454917,32,200,true,110,110,32
1767653454917,32,200,true,110,110,27
1767653454916,33,200,true,110,110,33
1767653454913,36,200,true,110,110,31
1767653454914,35,200,true,110,110,32
1767653454915,35,200,true,110,110,35
1767653454915,40,200,true,110,110,40
1767653454917,47,200,true,110,110,47
1767653454917,47,200,true,110,110,47
1767653454933,31,200,true,110,110,31
1767653454916,48,200,true,110,110,48
1767653454932,32,200,true,110,110,32
1767653454934,30,200,true,110,110,30
1767653454918,46,200,true,110,110,46
1767653454901,63,200,true,110,110,63
1767653454933,31,200,true,110,110,31
1767653454917,47,200,true,110,110,47
1767653454935,32,200,true,110,110,32
1767653454913,54,200,true,110,110,54
1767653454917,50,200,true,110,110,50
1767653454939,28,200,true,110,110,28
1767653454916,51,200,true,110,110,51
1767653454934,33,200,true,110,110,33
1767653454937,30,200,true,110,110,30
1767653454939,29,200,true,110,110,29
1767653454936,32,200,true,110,110,32
1767653454938,30,200,true,110,110,30
1767653454938,30,200,true,110,110,30
1767653454937,31,200,true,110,110,31
1767653454940,30,200,true,110,110,30
1767653454939,31,200,true,110,110,31
1767653454940,31,200,true,110,110,31
1767653454937,34,200,true,110,110,34
1767653454934,38,200,true,110,110,37
1767653454917,55,200,true,110,110,55
1767653454938,34,200,true,110,110,34
1767653454939,33,200,true,110,110,31
1767653454933,39,200,true,110,110,39
1767653454938,34,200,true,110,110,34
1767653454935,38,200,true,110,110,38
1767653454938,35,200,true,110,110,35
1767653454939,35,200,true,110,110,35
1767653454935,40,200,true,110,110,40
1767653454939,36,200,true,110,110,36
1767653454933,43,200,true,110,110,43
1767653454939,37,200,true,110,110,37
1767653454935,41,200,true,110,110,41
1767653454935,41,200,true,110,110,41
1767653454936,40,200,true,110,110,40
1767653454940,36,200,true,110,110,36
1767653454941,36,200,true,110,110,36
1767653454942,36,200,true,110,110,36
1767653454940,38,200,true,110,110,38
1767653454940,38,200,true,110,110,38
1767653454945,33,200,true,110,110,33
1767653454934,45,200,true,110,110,45
1767653454940,39,200,true,110,110,39
1767653454949,30,200,true,110,110,30
1767653454946,33,200,true,110,110,32
1767653454941,38,200,true,110,110,38
1767653454936,43,200,true,110,110,40
1767653454940,39,200,true,110,110,38
1767653454940,39,200,true,110,110,39
1767653454941,39,200,true,110,110,36
1767653454940,40,200,true,110,110,40
1767653454941,39,200,true,110,110,39
1767653454938,42,200,true,110,110,40
1767653454940,40,200,true,110,110,40
1767653454950,30,200,true,110,110,30
1767653454946,34,200,true,110,110,34
1767653454932,49,200,true,110,110,35
1767653454915,66,200,true,110,110,66
1767653454936,45,200,true,110,110,37
1767653454939,43,200,true,110,110,43
1767653454940,42,200,true,110,110,42
1767653454941,41,200,true,110,110,41
1767653454945,37,200,true,110,110,37
1767653454945,38,200,true,110,110,38
1767653454949,34,200,true,110,110,34
1767653454945,38,200,true,110,110,38
1767653454936,47,200,true,110,110,47
1767653454941,43,200,true,110,110,42
1767653454940,44,200,true,110,110,44
1767653454941,43,200,true,110,110,43
1767653454933,51,200,true,110,110,46
1767653454945,39,200,true,110,110,39
1767653454940,44,200,true,110,110,39
1767653454940,45,200,true,110,110,39
1767653454940,45,200,true,110,110,40
1767653454936,49,200,true,110,110,43
1767653454945,40,200,true,110,110,33
1767653454935,50,200,true,110,110,41
1767653454939,47,200,true,110,110,47
1767653454964,22,200,true,110,110,22
1767653454941,45,200,true,110,110,45
1767653454964,22,200,true,110,110,22
1767653454946,40,200,true,110,110,40
1767653454940,47,200,true,110,110,46
1767653454964,23,200,true,110,110,22
1767653454964,23,200,true,110,110,23
1767653454939,48,200,true,110,110,48
1767653454964,23,200,true,110,110,23
1767653454949,38,200,true,110,110,38
1767653454946,41,200,true,110,110,41
1767653454944,43,200,true,110,110,43
1767653454946,41,200,true,110,110,41
1767653454945,43,200,true,110,110,43
1767653454945,43,200,true,110,110,43
1767653454949,39,200,true,110,110,39
1767653454955,33,200,true,110,110,33
1767653454949,42,200,true,110,110,42
1767653454940,51,200,true,110,110,51
1767653454964,27,200,true,110,110,27
1767653454938,54,200,true,110,110,54
1767653454964,28,200,true,110,110,28
1767653454938,54,200,true,110,110,54
1767653454946,46,200,true,110,110,46
1767653454939,54,200,true,110,110,54
1767653454942,51,200,true,110,110,51
1767653454939,54,200,true,110,110,53
1767653454935,58,200,true,110,110,58
1767653454939,54,200,true,110,110,54
1767653454935,59,200,true,110,110,59
1767653454946,49,200,true,110,110,49
1767653454967,37,200,true,110,110,37
1767653454968,36,200,true,110,110,36
1767653454972,32,200,true,110,110,32
1767653454970,35,200,true,110,110,35
1767653454972,33,200,true,110,110,33
1767653454967,40,200,true,110,110,40
1767653454972,35,200,true,110,110,35
1767653454971,37,200,true,110,110,37
1767653454968,40,200,true,110,110,39
1767653454967,41,200,true,110,110,41
1767653454972,36,200,true,110,110,36
1767653454968,40,200,true,110,110,40
1767653454968,40,200,true,110,110,40
1767653454972,36,200,true,110,110,36
1767653454967,42,200,true,110,110,42
1767653454973,36,200,true,110,110,36
1767653454971,38,200,true,110,110,38
1767653454978,34,200,true,110,110,34
1767653454979,33,200,true,110,110,33
1767653454978,35,200,true,110,110,35
1767653454976,37,200,true,110,110,37
1767653454972,41,200,true,110,110,41
1767653454977,37,200,true,110,110,36
1767653454978,36,200,true,110,110,36
1767653454976,38,200,true,110,110,38
1767653454967,47,200,true,110,110,47
1767653454973,42,200,true,110,110,42
1767653454982,33,200,true,110,110,33
1767653454967,48,200,true,110,110,48
1767653454968,48,200,true,110,110,48
1767653454981,35,200,true,110,110,35
1767653454983,33,200,true,110,110,33
1767653454975,42,200,true,110,110,42
1767653454978,39,200,true,110,110,39
1767653454983,35,200,true,110,110,35
1767653454964,54,200,true,110,110,54
1767653454981,37,200,true,110,110,37
1767653454984,34,200,true,110,110,34
1767653454980,38,200,true,110,110,32
1767653454984,34,200,true,110,110,34
1767653454981,37,200,true,110,110,37
1767653454980,38,200,true,110,110,38
1767653454984,34,200,true,110,110,34
1767653454982,36,200,true,110,110,36
1767653454979,39,200,true,110,110,39
1767653454968,51,200,true,110,110,51
1767653454983,36,200,true,110,110,36
1767653454980,39,200,true,110,110,39
1767653454976,43,200,true,110,110,43
1767653454980,39,200,true,110,110,39
1767653454981,39,200,true,110,110,39
1767653454982,38,200,true,110,110,38
1767653454980,40,200,true,110,110,40
1767653454980,40,200,true,110,110,40
1767653454983,37,200,true,110,110,37
1767653454984,36,200,true,110,110,36
1767653454979,42,200,true,110,110,42
1767653454984,37,200,true,110,110,37
1767653454979,43,200,true,110,110,43
1767653454979,43,200,true,110,110,43
1767653454964,58,200,true,110,110,58
1767653454984,38,200,true,110,110,38
1767653454974,49,200,true,110,110,49
1767653454982,41,200,true,110,110,41
1767653454976,47,200,true,110,110,47
1767653454976,47,200,true,110,110,46
1767653454993,46,200,true,110,110,46
1767653454979,60,200,true,110,110,60
1767653454976,64,200,true,110,110,64
1767653454987,53,200,true,110,110,53
1767653455008,33,200,true,110,110,33
1767653454987,54,200,true,110,110,54
1767653454987,54,200,true,110,110,54
1767653454992,49,200,true,110,110,49
1767653454994,47,200,true,110,110,47
1767653454985,57,200,true,110,110,57
1767653454988,54,200,true,110,110,54
1767653454987,55,200,true,110,110,55
1767653454987,55,200,true,110,110,55
1767653455012,30,200,true,110,110,30
1767653455007,36,200,true,110,110,36
1767653455008,36,200,true,110,110,36
1767653454987,57,200,true,110,110,57
1767653454987,57,200,true,110,110,57
1767653455008,36,200,true,110,110,36
1767653455006,40,200,true,110,110,40
1767653454985,61,200,true,110,110,61
1767653454975,71,200,true,110,110,71
1767653454993,54,200,true,110,110,54
1767653454988,59,200,true,110,110,59
1767653454994,54,200,true,110,110,54
1767653454991,57,200,true,110,110,57
1767653454970,78,200,true,110,110,78
1767653454988,65,200,true,110,110,65
1767653455008,45,200,true,110,110,45
1767653454987,67,200,true,110,110,67
1767653454992,62,200,true,110,110,62
1767653454995,59,200,true,110,110,59
1767653454985,69,200,true,110,110,69
1767653454993,62,200,true,110,110,62
1767653454986,69,200,true,110,110,69
1767653454980,75,200,true,110,110,75
1767653454980,75,200,true,110,110,75
1767653455008,47,200,true,110,110,47
1767653454987,68,200,true,110,110,68
1767653455009,46,200,true,110,110,46
1767653454987,69,200,true,110,110,69
1767653454986,70,200,true,110,110,70
1767653455004,52,200,true,110,110,52
1767653454985,71,200,true,110,110,71
1767653454986,70,200,true,110,110,70
1767653454992,64,200,true,110,110,64
1767653454992,64,200,true,110,110,64
1767653455004,52,200,true,110,110,52
1767653454991,67,200,true,110,110,67
1767653455008,50,200,true,110,110,50
1767653455005,55,200,true,110,110,55
1767653454986,75,200,true,110,110,75
1767653455004,57,200,true,110,110,57
1767653454993,68,200,true,110,110,68
1767653455009,52,200,true,110,110,52
1767653455012,49,200,true,110,110,49
1767653455009,53,200,true,110,110,53
1767653455008,54,200,true,110,110,54
1767653454985,77,200,true,110,110,69
1767653455007,55,200,true,110,110,55
1767653454988,74,200,true,110,110,74
1767653454964,98,200,true,110,110,98
1767653454992,70,200,true,110,110,70
1767653455016,48,200,true,110,110,48
1767653455022,42,200,true,110,110,42
1767653455015,49,200,true,110,110,49
1767653455013,52,200,true,110,110,52
1767653455018,47,200,true,110,110,47
1767653455013,52,200,true,110,110,52
1767653455014,51,200,true,110,110,51
1767653455014,51,200,true,110,110,51
1767653455014,53,200,true,110,110,53
1767653455016,51,200,true,110,110,51
1767653455013,54,200,true,110,110,54
1767653455018,50,200,true,110,110,50
1767653455015,53,200,true,110,110,53
1767653455016,52,200,true,110,110,52
1767653455021,47,200,true,110,110,47
1767653455015,53,200,true,110,110,51
1767653455020,48,200,true,110,110,48
1767653455041,27,200,true,110,110,27
1767653455020,48,200,true,110,110,48
1767653455018,50,200,true,110,110,50
1767653455020,48,200,true,110,110,48
1767653455018,51,200,true,110,110,51
1767653455040,29,200,true,110,110,29
1767653455048,21,200,true,110,110,21
1767653455023,46,200,true,110,110,46
1767653455021,48,200,true,110,110,48
1767653455042,27,200,true,110,110,27
1767653455047,23,200,true,110,110,23
1767653455047,23,200,true,110,110,23
1767653455044,26,200,true,110,110,26
1767653455044,26,200,true,110,110,26
1767653455023,47,200,true,110,110,47
1767653455043,27,200,true,110,110,27
1767653455042,28,200,true,110,110,28
1767653455046,24,200,true,110,110,24
1767653455044,26,200,true,110,110,26
1767653455048,23,200,true,110,110,23
1767653455041,30,200,true,110,110,30
1767653455048,23,200,true,110,110,23
1767653455047,24,200,true,110,110,24
1767653455022,49,200,true,110,110,49
1767653455015,56,200,true,110,110,56
1767653455039,33,200,true,110,110,33
1767653455019,53,200,true,110,110,46
1767653455042,31,200,true,110,110,27
1767653455041,32,200,true,110,110,32
1767653455044,29,200,true,110,110,29
1767653455017,58,200,true,110,110,58
1767653455018,58,200,true,110,110,58
1767653455042,34,200,true,110,110,34
1767653455042,34,200,true,110,110,32
1767653455019,57,200,true,110,110,57
1767653455018,58,200,true,110,110,58
1767653455017,59,200,true,110,110,59
1767653455018,58,200,true,110,110,58
1767653455018,58,200,true,110,110,58
1767653455018,58,200,true,110,110,58
1767653455018,59,200,true,110,110,59
1767653455022,55,200,true,110,110,55
1767653455018,59,200,true,110,110,59
1767653455023,54,200,true,110,110,54
1767653455041,36,200,true,110,110,36
1767653455020,57,200,true,110,110,57
1767653455055,23,200,true,110,110,23
1767653455057,21,200,true,110,110,21
1767653455056,22,200,true,110,110,22
1767653455020,58,200,true,110,110,58
1767653455055,23,200,true,110,110,23
1767653455061,17,200,true,110,110,17
1767653455020,58,200,true,110,110,58
1767653455056,22,200,true,110,110,22
1767653455054,24,200,true,110,110,24
1767653455056,22,200,true,110,110,22
1767653455039,39,200,true,110,110,39
1767653455058,20,200,true,110,110,20
1767653455019,59,200,true,110,110,59
1767653455056,22,200,true,110,110,22
1767653455056,22,200,true,110,110,22
1767653455041,37,200,true,110,110,37
1767653455062,17,200,true,110,110,17
1767653455061,18,200,true,110,110,18
1767653455062,17,200,true,110,110,17
1767653455054,25,200,true,110,110,25
1767653455056,23,200,true,110,110,23
1767653455019,60,200,true,110,110,60
1767653455023,56,200,true,110,110,56
1767653455061,18,200,true,110,110,18
1767653455061,18,200,true,110,110,18
1767653455055,24,200,true,110,110,24
1767653455062,17,200,true,110,110,17
1767653455061,18,200,true,110,110,18
1767653455056,24,200,true,110,110,24
1767653455054,26,200,true,110,110,26
1767653455054,28,200,true,110,110,26
1767653455056,26,200,true,110,110,26
1767653455019,63,200,true,110,110,63
1767653455054,29,200,true,110,110,29
1767653455041,42,200,true,110,110,42
1767653455047,36,200,true,110,110,36
1767653455022,61,200,true,110,110,61
1767653455062,22,200,true,110,110,22
1767653455062,23,200,true,110,110,23
1767653455062,23,200,true,110,110,23
1767653455071,14,200,true,110,110,14
1767653455068,17,200,true,110,110,17
1767653455054,31,200,true,110,110,31
1767653455073,12,200,true,110,110,12
1767653455062,23,200,true,110,110,23
1767653455058,28,200,true,110,110,28
1767653455055,32,200,true,110,110,32
1767653455055,36,200,true,110,110,36
1767653455055,36,200,true,110,110,36
1767653455061,34,200,true,110,110,34
1767653455067,28,200,true,110,110,28
1767653455083,12,200,true,110,110,12
1767653455078,21,200,true,110,110,21
1767653455065,34,200,true,110,110,34
1767653455078,23,200,true,110,110,23
1767653455083,19,200,true,110,110,19
1767653455079,23,200,true,110,110,23
1767653455078,24,200,true,110,110,24
1767653455077,25,200,true,110,110,25
1767653455083,19,200,true,110,110,19
1767653455064,38,200,true,110,110,38
1767653455065,37,200,true,110,110,37
1767653455083,19,200,true,110,110,19
1767653455077,25,200,true,110,110,25
1767653455078,25,200,true,110,110,25
1767653455065,38,200,true,110,110,38
1767653455068,35,200,true,110,110,35
1767653455079,24,200,true,110,110,24
1767653455072,31,200,true,110,110,30
1767653455068,35,200,true,110,110,35
1767653455068,35,200,true,110,110,35
1767653455069,34,200,true,110,110,34
1767653455080,23,200,true,110,110,23
1767653455079,24,200,true,110,110,24
1767653455065,38,200,true,110,110,38
1767653455082,21,200,true,110,110,21
1767653455065,38,200,true,110,110,38
1767653455068,35,200,true,110,110,35
1767653455076,27,200,true,110,110,27
1767653455076,27,200,true,110,110,27
1767653455073,31,200,true,110,110,31
1767653455078,26,200,true,110,110,26
1767653455078,26,200,true,110,110,26
1767653455079,25,200,true,110,110,25
1767653455070,35,200,true,110,110,35
1767653455078,27,200,true,110,110,25
1767653455079,50,200,true,110,110,50
1767653455079,51,200,true,110,110,51
1767653455070,60,200,true,110,110,60
1767653455078,52,200,true,110,110,52
1767653455079,51,200,true,110,110,51
1767653455075,55,200,true,110,110,55
1767653455085,45,200,true,110,110,45
1767653455085,45,200,true,110,110,45
1767653455069,61,200,true,110,110,61
1767653455085,45,200,true,110,110,45
1767653455091,39,200,true,110,110,39
1767653455069,61,200,true,110,110,61
1767653455071,59,200,true,110,110,59
1767653455068,62,200,true,110,110,62
1767653455068,62,200,true,110,110,62
1767653455078,52,200,true,110,110,52
1767653455085,45,200,true,110,110,45
1767653455069,62,200,true,110,110,62
1767653455079,52,200,true,110,110,52
1767653455065,66,200,true,110,110,66
1767653455071,60,200,true,110,110,59
1767653455076,55,200,true,110,110,55
1767653455078,53,200,true,110,110,53
1767653455070,61,200,true,110,110,61
1767653455068,63,200,true,110,110,63
1767653455069,62,200,true,110,110,62
1767653455078,53,200,true,110,110,53
1767653455085,46,200,true,110,110,46
1767653455072,59,200,true,110,110,59
1767653455070,61,200,true,110,110,61
1767653455076,55,200,true,110,110,55
1767653455070,61,200,true,110,110,61
1767653455079,53,200,true,110,110,52
1767653455070,62,200,true,110,110,62
1767653455078,54,200,true,110,110,54
1767653455078,54,200,true,110,110,54
1767653455078,54,200,true,110,110,54
1767653455083,49,200,true,110,110,49
1767653455070,62,200,true,110,110,62
1767653455079,53,200,true,110,110,53
1767653455068,64,200,true,110,110,64
1767653455077,55,200,true,110,110,55
1767653455070,62,200,true,110,110,62
1767653455070,62,200,true,110,110,62
1767653455068,64,200,true,110,110,64
1767653455078,54,200,true,110,110,54
1767653455079,53,200,true,110,110,53
1767653455072,60,200,true,110,110,60
1767653455080,52,200,true,110,110,52
1767653455068,65,200,true,110,110,65
1767653455077,56,200,true,110,110,56
1767653455071,67,200,true,110,110,67
1767653455103,35,200,true,110,110,35
1767653455064,74,200,true,110,110,74
1767653455070,69,200,true,110,110,69
1767653455085,54,200,true,110,110,54
1767653455103,36,200,true,110,110,36
1767653455103,36,200,true,110,110,36
1767653455103,36,200,true,110,110,36
1767653455077,63,200,true,110,110,63
1767653455103,37,200,true,110,110,37
1767653455102,38,200,true,110,110,38
1767653455104,36,200,true,110,110,36
1767653455076,64,200,true,110,110,64
1767653455102,38,200,true,110,110,38
1767653455104,36,200,true,110,110,36
1767653455104,37,200,true,110,110,37
1767653455079,62,200,true,110,110,62
1767653455085,56,200,true,110,110,56
1767653455073,68,200,true,110,110,68
1767653455076,66,200,true,110,110,66
1767653455076,67,200,true,110,110,67
1767653455071,72,200,true,110,110,72
1767653455095,48,200,true,110,110,48
1767653455091,52,200,true,110,110,52
1767653455095,49,200,true,110,110,49
1767653455082,62,200,true,110,110,62
1767653455079,65,200,true,110,110,65
1767653455078,66,200,true,110,110,66
1767653455087,57,200,true,110,110,57
1767653455077,67,200,true,110,110,67
1767653455085,59,200,true,110,110,57
1767653455086,58,200,true,110,110,54
1767653455102,42,200,true,110,110,42
1767653455103,41,200,true,110,110,41
1767653455069,75,200,true,110,110,75
1767653455095,49,200,true,110,110,49
1767653455103,42,200,true,110,110,42
1767653455103,42,200,true,110,110,42
1767653455104,41,200,true,110,110,41
1767653455102,43,200,true,110,110,43
1767653455102,43,200,true,110,110,43
1767653455099,46,200,true,110,110,46
1767653455103,42,200,true,110,110,42
1767653455103,42,200,true,110,110,42
1767653455103,42,200,true,110,110,42
1767653455103,42,200,true,110,110,42
1767653455103,42,200,true,110,110,42
1767653455102,44,200,true,110,110,44
1767653455103,43,200,true,110,110,43
1767653455099,47,200,true,110,110,47
1767653455105,41,200,true,110,110,41
1767653455104,42,200,true,110,110,42
1767653455076,71,200,true,110,110,71
1767653455103,44,200,true,110,110,44
1767653455101,46,200,true,110,110,46
1767653455104,43,200,true,110,110,43
1767653455105,42,200,true,110,110,42
1767653455102,45,200,true,110,110,45
1767653455102,46,200,true,110,110,46
1767653455132,17,200,true,110,110,17
1767653455130,19,200,true,110,110,19
1767653455130,20,200,true,110,110,20
1767653455132,18,200,true,110,110,17
1767653455131,21,200,true,110,110,20
1767653455131,21,200,true,110,110,21
1767653455130,22,200,true,110,110,22
1767653455131,22,200,true,110,110,22
1767653455132,21,200,true,110,110,21
1767653455131,22,200,true,110,110,22
1767653455131,23,200,true,110,110,23
1767653455131,23,200,true,110,110,23
1767653455131,23,200,true,110,110,23
1767653455132,22,200,true,110,110,22
1767653455132,22,200,true,110,110,22
1767653455130,24,200,true,110,110,24
1767653455132,22,200,true,110,110,22
1767653455131,24,200,true,110,110,24
1767653455132,23,200,true,110,110,23
1767653455131,24,200,true,110,110,24
1767653455131,24,200,true,110,110,24
1767653455130,25,200,true,110,110,25
1767653455132,25,200,true,110,110,25
1767653455130,27,200,true,110,110,27
1767653455130,28,200,true,110,110,28
1767653455130,28,200,true,110,110,28
1767653455131,27,200,true,110,110,27
1767653455130,30,200,true,110,110,30
1767653455131,29,200,true,110,110,29
1767653455132,28,200,true,110,110,28
1767653455133,30,200,true,110,110,30
1767653455144,20,200,true,110,110,20
1767653455132,37,200,true,110,110,37
1767653455132,37,200,true,110,110,37
1767653455140,29,200,true,110,110,29
1767653455130,39,200,true,110,110,39
1767653455144,25,200,true,110,110,25
1767653455145,32,200,true,110,110,32
1767653455145,32,200,true,110,110,32
1767653455138,39,200,true,110,110,39
1767653455140,37,200,true,110,110,37
1767653455144,35,200,true,110,110,35
1767653455144,35,200,true,110,110,35
1767653455144,35,200,true,110,110,35
1767653455143,37,200,true,110,110,37
1767653455140,40,200,true,110,110,40
1767653455145,35,200,true,110,110,35
1767653455141,39,200,true,110,110,39
1767653455142,38,200,true,110,110,38
1767653455145,35,200,true,110,110,35
1767653455145,35,200,true,110,110,35
1767653455140,40,200,true,110,110,40
1767653455145,35,200,true,110,110,35
1767653455139,41,200,true,110,110,41
1767653455144,37,200,true,110,110,36
1767653455140,41,200,true,110,110,41
1767653455145,36,200,true,110,110,36
1767653455139,42,200,true,110,110,42
1767653455143,39,200,true,110,110,39
1767653455144,38,200,true,110,110,38
1767653455145,37,200,true,110,110,37
1767653455145,37,200,true,110,110,37
1767653455131,52,200,true,110,110,52
1767653455140,43,200,true,110,110,43
1767653455130,53,200,true,110,110,53
1767653455132,52,200,true,110,110,52
1767653455144,40,200,true,110,110,40
1767653455132,52,200,true,110,110,52
1767653455138,46,200,true,110,110,46
1767653455131,53,200,true,110,110,53
1767653455130,54,200,true,110,110,54
1767653455132,53,200,true,110,110,53
1767653455131,54,200,true,110,110,54
1767653455132,53,200,true,110,110,53
1767653455144,41,200,true,110,110,41
1767653455140,45,200,true,110,110,45
1767653455132,53,200,true,110,110,53
1767653455141,45,200,true,110,110,45
1767653455133,53,200,true,110,110,53
1767653455140,46,200,true,110,110,46
1767653455139,47,200,true,110,110,47
1767653455144,42,200,true,110,110,42
1767653455143,43,200,true,110,110,43
1767653455145,42,200,true,110,110,42
1767653455130,57,200,true,110,110,57
1767653455139,48,200,true,110,110,48
1767653455144,43,200,true,110,110,43
1767653455132,55,200,true,110,110,55
1767653455141,46,200,true,110,110,46
1767653455130,58,200,true,110,110,58
1767653455139,49,200,true,110,110,49
1767653455132,56,200,true,110,110,56
1767653455130,58,200,true,110,110,58
1767653455130,58,200,true,110,110,58
1767653455147,42,200,true,110,110,42
1767653455154,35,200,true,110,110,35
1767653455147,42,200,true,110,110,42
1767653455146,44,200,true,110,110,44
1767653455150,40,200,true,110,110,39
1767653455154,36,200,true,110,110,36
1767653455147,43,200,true,110,110,43
1767653455148,43,200,true,110,110,43
1767653455154,37,200,true,110,110,37
1767653455160,32,200,true,110,110,32
1767653455149,43,200,true,110,110,43
1767653455155,37,200,true,110,110,37
1767653455155,37,200,true,110,110,37
1767653455145,47,200,true,110,110,47
1767653455153,39,200,true,110,110,39
1767653455153,39,200,true,110,110,39
1767653455145,47,200,true,110,110,47
1767653455141,51,200,true,110,110,50
1767653455146,46,200,true,110,110,46
1767653455152,40,200,true,110,110,40
1767653455154,38,200,true,110,110,38
1767653455146,47,200,true,110,110,47
1767653455147,46,200,true,110,110,46
1767653455145,48,200,true,110,110,48
1767653455158,35,200,true,110,110,35
1767653455146,47,200,true,110,110,47
1767653455155,40,200,true,110,110,40
1767653455152,43,200,true,110,110,43
1767653455147,48,200,true,110,110,48
1767653455153,42,200,true,110,110,42
1767653455154,41,200,true,110,110,41
1767653455154,42,200,true,110,110,42
1767653455149,47,200,true,110,110,47
1767653455155,41,200,true,110,110,41
1767653455158,38,200,true,110,110,38
1767653455169,27,200,true,110,110,27
1767653455154,43,200,true,110,110,43
1767653455150,47,200,true,110,110,47
1767653455163,34,200,true,110,110,34
1767653455169,30,200,true,110,110,30
1767653455169,30,200,true,110,110,30
1767653455164,35,200,true,110,110,35
1767653455155,44,200,true,110,110,40
1767653455152,47,200,true,110,110,41
1767653455160,40,200,true,110,110,40
1767653455169,31,200,true,110,110,31
1767653455146,55,200,true,110,110,55
1767653455148,53,200,true,110,110,53
1767653455170,31,200,true,110,110,31
1767653455157,44,200,true,110,110,44
1767653455158,43,200,true,110,110,43
1767653455157,44,200,true,110,110,44
1767653455160,42,200,true,110,110,42
1767653455178,34,200,true,110,110,34
1767653455179,33,200,true,110,110,33
1767653455180,32,200,true,110,110,32
1767653455183,30,200,true,110,110,30
1767653455181,32,200,true,110,110,32
1767653455181,32,200,true,110,110,32
1767653455182,31,200,true,110,110,31
1767653455188,25,200,true,110,110,25
1767653455187,26,200,true,110,110,26
1767653455180,33,200,true,110,110,33
1767653455180,33,200,true,110,110,33
1767653455180,34,200,true,110,110,34
1767653455188,26,200,true,110,110,26
1767653455180,34,200,true,110,110,34
1767653455182,32,200,true,110,110,32
1767653455180,34,200,true,110,110,34
1767653455185,29,200,true,110,110,29
1767653455186,28,200,true,110,110,28
1767653455182,32,200,true,110,110,32
1767653455182,32,200,true,110,110,32
1767653455187,28,200,true,110,110,28
1767653455186,29,200,true,110,110,29
1767653455188,27,200,true,110,110,27
1767653455186,33,200,true,110,110,33
1767653455186,35,200,true,110,110,35
1767653455187,35,200,true,110,110,35
1767653455180,42,200,true,110,110,42
1767653455177,45,200,true,110,110,45
1767653455178,44,200,true,110,110,44
1767653455182,40,200,true,110,110,40
1767653455188,35,200,true,110,110,35
1767653455185,38,200,true,110,110,38
1767653455185,38,200,true,110,110,38
1767653455180,43,200,true,110,110,43
1767653455184,39,200,true,110,110,39
1767653455184,39,200,true,110,110,31
1767653455188,35,200,true,110,110,35
1767653455185,38,200,true,110,110,38
1767653455188,36,200,true,110,110,36
1767653455180,44,200,true,110,110,44
1767653455184,40,200,true,110,110,40
1767653455187,37,200,true,110,110,37
1767653455188,36,200,true,110,110,36
1767653455186,38,200,true,110,110,38
1767653455178,47,200,true,110,110,47
1767653455180,46,200,true,110,110,46
1767653455179,47,200,true,110,110,47
1767653455190,37,200,true,110,110,29
1767653455183,44,200,true,110,110,44
1767653455184,43,200,true,110,110,39
1767653455186,41,200,true,110,110,40
1767653455184,43,200,true,110,110,31
1767653455185,42,200,true,110,110,41
1767653455184,45,200,true,110,110,45
1767653455183,46,200,true,110,110,46
1767653455179,50,200,true,110,110,50
1767653455181,48,200,true,110,110,48
1767653455188,42,200,true,110,110,42
1767653455193,37,200,true,110,110,37
1767653455192,38,200,true,110,110,38
1767653455201,30,200,true,110,110,30
1767653455199,34,200,true,110,110,34
1767653455199,34,200,true,110,110,34
1767653455201,32,200,true,110,110,32
1767653455213,20,200,true,110,110,20
1767653455213,20,200,true,110,110,20
1767653455201,32,200,true,110,110,32
1767653455195,40,200,true,110,110,40
1767653455190,47,200,true,110,110,47
1767653455212,25,200,true,110,110,25
1767653455190,47,200,true,110,110,47
1767653455190,47,200,true,110,110,47
1767653455212,25,200,true,110,110,25
1767653455213,24,200,true,110,110,24
1767653455197,40,200,true,110,110,40
1767653455213,24,200,true,110,110,24
1767653455213,25,200,true,110,110,25
1767653455197,41,200,true,110,110,41
1767653455195,43,200,true,110,110,43
1767653455192,46,200,true,110,110,46
1767653455192,46,200,true,110,110,46
1767653455192,46,200,true,110,110,46
1767653455197,41,200,true,110,110,41
1767653455192,46,200,true,110,110,46
1767653455192,47,200,true,110,110,47
1767653455190,49,200,true,110,110,49
1767653455189,56,200,true,110,110,56
1767653455191,54,200,true,110,110,54
1767653455196,49,200,true,110,110,49
1767653455195,50,200,true,110,110,50
1767653455191,54,200,true,110,110,54
1767653455196,50,200,true,110,110,50
1767653455201,45,200,true,110,110,45
1767653455189,57,200,true,110,110,54
1767653455195,51,200,true,110,110,51
1767653455193,54,200,true,110,110,54
1767653455192,55,200,true,110,110,55
1767653455192,55,200,true,110,110,55
1767653455197,50,200,true,110,110,47
1767653455201,46,200,true,110,110,46
1767653455196,51,200,true,110,110,51
1767653455195,53,200,true,110,110,53
1767653455192,56,200,true,110,110,56
1767653455203,45,200,true,110,110,43
1767653455200,48,200,true,110,110,45
1767653455192,59,200,true,110,110,59
1767653455226,25,200,true,110,110,25
1767653455193,58,200,true,110,110,58
1767653455222,29,200,true,110,110,29
1767653455193,58,200,true,110,110,58
1767653455224,27,200,true,110,110,27
1767653455215,36,200,true,110,110,36
1767653455199,52,200,true,110,110,52
1767653455223,28,200,true,110,110,28
1767653455192,60,200,true,110,110,60
1767653455193,59,200,true,110,110,59
1767653455224,28,200,true,110,110,28
1767653455222,30,200,true,110,110,30
1767653455213,39,200,true,110,110,39
1767653455223,29,200,true,110,110,29
1767653455227,26,200,true,110,110,26
1767653455223,30,200,true,110,110,30
1767653455224,29,200,true,110,110,29
1767653455214,39,200,true,110,110,39
1767653455213,40,200,true,110,110,40
1767653455224,29,200,true,110,110,29
1767653455214,39,200,true,110,110,39
1767653455200,53,200,true,110,110,53
1767653455201,52,200,true,110,110,52
1767653455227,27,200,true,110,110,27
1767653455213,41,200,true,110,110,41
1767653455226,28,200,true,110,110,28
1767653455215,39,200,true,110,110,39
1767653455225,29,200,true,110,110,29
1767653455227,27,200,true,110,110,27
1767653455222,32,200,true,110,110,32
1767653455199,55,200,true,110,110,55
1767653455215,39,200,true,110,110,39
1767653455224,31,200,true,110,110,31
1767653455214,41,200,true,110,110,41
1767653455193,62,200,true,110,110,62
1767653455224,31,200,true,110,110,31
1767653455223,32,200,true,110,110,32
1767653455199,56,200,true,110,110,56
1767653455219,36,200,true,110,110,36
1767653455214,41,200,true,110,110,41
1767653455222,33,200,true,110,110,33
1767653455214,42,200,true,110,110,42
1767653455222,34,200,true,110,110,34
1767653455224,32,200,true,110,110,32
1767653455224,32,200,true,110,110,32
1767653455214,43,200,true,110,110,43
1767653455215,42,200,true,110,110,42
1767653455227,30,200,true,110,110,30
1767653455223,34,200,true,110,110,31
1767653455215,43,200,true,110,110,42
1767653455222,37,200,true,110,110,37
1767653455227,32,200,true,110,110,32
1767653455213,46,200,true,110,110,43
1767653455196,63,200,true,110,110,63
1767653455214,46,200,true,110,110,46
1767653455223,39,200,true,110,110,39
1767653455238,31,200,true,110,110,31
1767653455233,36,200,true,110,110,36
1767653455237,32,200,true,110,110,32
1767653455227,42,200,true,110,110,42
1767653455234,35,200,true,110,110,35
1767653455229,40,200,true,110,110,40
1767653455231,38,200,true,110,110,38
1767653455237,32,200,true,110,110,32
1767653455233,37,200,true,110,110,36
1767653455238,32,200,true,110,110,32
1767653455233,37,200,true,110,110,37
1767653455238,32,200,true,110,110,32
1767653455230,40,200,true,110,110,40
1767653455237,33,200,true,110,110,33
1767653455237,33,200,true,110,110,33
1767653455234,36,200,true,110,110,36
1767653455237,33,200,true,110,110,33
1767653455233,38,200,true,110,110,37
1767653455235,36,200,true,110,110,36
1767653455229,42,200,true,110,110,42
1767653455230,41,200,true,110,110,41
1767653455230,41,200,true,110,110,39
1767653455237,35,200,true,110,110,34
1767653455237,35,200,true,110,110,35
1767653455229,43,200,true,110,110,43
1767653455229,43,200,true,110,110,43
1767653455251,29,200,true,110,110,29
1767653455252,30,200,true,110,110,30
1767653455252,30,200,true,110,110,30
1767653455251,32,200,true,110,110,32
1767653455252,31,200,true,110,110,31
1767653455248,36,200,true,110,110,36
1767653455247,40,200,true,110,110,40
1767653455246,42,200,true,110,110,41
1767653455253,35,200,true,110,110,35
1767653455252,36,200,true,110,110,36
1767653455251,37,200,true,110,110,37
1767653455251,37,200,true,110,110,37
1767653455248,40,200,true,110,110,40
1767653455238,50,200,true,110,110,50
1767653455248,40,200,true,110,110,40
1767653455247,41,200,true,110,110,40
1767653455254,35,200,true,110,110,35
1767653455253,36,200,true,110,110,36
1767653455252,37,200,true,110,110,37
1767653455251,39,200,true,110,110,39
1767653455251,39,200,true,110,110,39
1767653455252,38,200,true,110,110,38
1767653455251,39,200,true,110,110,39
1767653455253,37,200,true,110,110,37
1767653455253,38,200,true,110,110,37
1767653455253,38,200,true,110,110,38
1767653455247,44,200,true,110,110,44
1767653455245,46,200,true,110,110,46
1767653455239,52,200,true,110,110,52
1767653455254,37,200,true,110,110,37
1767653455247,44,200,true,110,110,44
1767653455238,53,200,true,110,110,53
1767653455246,45,200,true,110,110,45
1767653455238,53,200,true,110,110,53
1767653455239,52,200,true,110,110,52
1767653455255,36,200,true,110,110,36
1767653455254,37,200,true,110,110,37
1767653455238,54,200,true,110,110,54
1767653455254,38,200,true,110,110,38
1767653455254,38,200,true,110,110,38
1767653455254,38,200,true,110,110,38
1767653455253,39,200,true,110,110,39
1767653455255,37,200,true,110,110,37
1767653455245,47,200,true,110,110,47
1767653455238,54,200,true,110,110,54
1767653455248,45,200,true,110,110,45
1767653455247,46,200,true,110,110,46
1767653455253,40,200,true,110,110,40
1767653455253,40,200,true,110,110,40
1767653455245,48,200,true,110,110,48
1767653455251,42,200,true,110,110,42
1767653455254,39,200,true,110,110,39
1767653455246,47,200,true,110,110,47
1767653455247,46,200,true,110,110,46
1767653455252,41,200,true,110,110,41
1767653455245,49,200,true,110,110,49
1767653455238,56,200,true,110,110,56
1767653455255,39,200,true,110,110,39
1767653455255,39,200,true,110,110,39
1767653455255,39,200,true,110,110,39
1767653455255,39,200,true,110,110,39
1767653455255,39,200,true,110,110,39
1767653455246,48,200,true,110,110,48
1767653455255,40,200,true,110,110,40
1767653455245,50,200,true,110,110,50
1767653455254,41,200,true,110,110,41
1767653455256,40,200,true,110,110,40
1767653455269,39,200,true,110,110,39
1767653455269,40,200,true,110,110,40
1767653455255,54,200,true,110,110,54
1767653455270,39,200,true,110,110,39
1767653455272,37,200,true,110,110,37
1767653455269,41,200,true,110,110,41
1767653455269,41,200,true,110,110,41
1767653455270,41,200,true,110,110,41
1767653455270,41,200,true,110,110,40
1767653455270,42,200,true,110,110,42
1767653455270,42,200,true,110,110,42
1767653455271,42,200,true,110,110,42
1767653455270,45,200,true,110,110,45
1767653455269,46,200,true,110,110,46
1767653455260,56,200,true,110,110,56
1767653455256,60,200,true,110,110,60
1767653455257,59,200,true,110,110,59
1767653455259,57,200,true,110,110,57
1767653455259,57,200,true,110,110,57
1767653455270,46,200,true,110,110,46
1767653455271,45,200,true,110,110,45
1767653455271,46,200,true,110,110,46
1767653455260,57,200,true,110,110,56
1767653455271,46,200,true,110,110,46
1767653455270,47,200,true,110,110,47
1767653455271,46,200,true,110,110,46
1767653455269,49,200,true,110,110,49
1767653455258,61,200,true,110,110,61
1767653455291,29,200,true,110,110,29
1767653455270,50,200,true,110,110,50
1767653455280,40,200,true,110,110,40
1767653455290,30,200,true,110,110,30
1767653455270,50,200,true,110,110,50
1767653455272,48,200,true,110,110,48
1767653455262,59,200,true,110,110,59
1767653455288,33,200,true,110,110,33
1767653455269,52,200,true,110,110,52
1767653455258,63,200,true,110,110,63
1767653455272,49,200,true,110,110,49
1767653455290,31,200,true,110,110,31
1767653455282,39,200,true,110,110,39
1767653455259,62,200,true,110,110,62
1767653455272,49,200,true,110,110,49
1767653455288,33,200,true,110,110,33
1767653455284,37,200,true,110,110,37
1767653455256,65,200,true,110,110,65
1767653455283,38,200,true,110,110,38
1767653455288,33,200,true,110,110,33
1767653455282,39,200,true,110,110,39
1767653455288,33,200,true,110,110,33
1767653455288,34,200,true,110,110,34
1767653455291,31,200,true,110,110,31
1767653455257,65,200,true,110,110,65
1767653455288,34,200,true,110,110,34
1767653455257,65,200,true,110,110,65
1767653455283,39,200,true,110,110,39
1767653455291,31,200,true,110,110,31
1767653455256,66,200,true,110,110,63
1767653455257,65,200,true,110,110,65
1767653455254,68,200,true,110,110,68
1767653455289,33,200,true,110,110,33
1767653455291,31,200,true,110,110,31
1767653455290,32,200,true,110,110,32
1767653455290,33,200,true,110,110,33
1767653455291,40,200,true,110,110,40
1767653455292,39,200,true,110,110,39
1767653455291,40,200,true,110,110,40
1767653455293,38,200,true,110,110,38
1767653455289,42,200,true,110,110,42
1767653455292,39,200,true,110,110,39
1767653455291,40,200,true,110,110,40
1767653455290,41,200,true,110,110,41
1767653455294,37,200,true,110,110,37
1767653455288,43,200,true,110,110,43
1767653455292,40,200,true,110,110,39
1767653455293,39,200,true,110,110,39
1767653455293,39,200,true,110,110,39
1767653455288,44,200,true,110,110,44
1767653455293,39,200,true,110,110,39
1767653455288,44,200,true,110,110,44
1767653455293,39,200,true,110,110,39
1767653455295,37,200,true,110,110,37
1767653455292,40,200,true,110,110,40
1767653455294,38,200,true,110,110,38
1767653455289,43,200,true,110,110,43
1767653455292,40,200,true,110,110,40
1767653455292,40,200,true,110,110,40
1767653455293,40,200,true,110,110,40
1767653455293,40,200,true,110,110,40
1767653455292,41,200,true,110,110,41
1767653455288,45,200,true,110,110,45
1767653455295,38,200,true,110,110,38
1767653455294,39,200,true,110,110,39
1767653455294,39,200,true,110,110,39
1767653455294,39,200,true,110,110,39
1767653455293,40,200,true,110,110,40
1767653455291,43,200,true,110,110,43
1767653455294,40,200,true,110,110,40
1767653455291,43,200,true,110,110,43
1767653455295,39,200,true,110,110,39
1767653455292,42,200,true,110,110,42
1767653455294,40,200,true,110,110,40
1767653455291,43,200,true,110,110,43
1767653455292,43,200,true,110,110,43
1767653455292,43,200,true,110,110,43
1767653455291,44,200,true,110,110,44
1767653455293,42,200,true,110,110,42
1767653455320,22,200,true,110,110,22
1767653455295,47,200,true,110,110,47
1767653455309,33,200,true,110,110,33
1767653455309,33,200,true,110,110,33
1767653455311,31,200,true,110,110,31
1767653455310,33,200,true,110,110,33
1767653455310,33,200,true,110,110,33
1767653455317,26,200,true,110,110,26
1767653455296,47,200,true,110,110,47
1767653455317,26,200,true,110,110,26
1767653455316,28,200,true,110,110,28
1767653455317,27,200,true,110,110,27
1767653455295,50,200,true,110,110,50
1767653455317,29,200,true,110,110,29
1767653455316,30,200,true,110,110,30
1767653455319,27,200,true,110,110,27
1767653455316,30,200,true,110,110,30
1767653455315,32,200,true,110,110,32
1767653455316,31,200,true,110,110,31
1767653455317,30,200,true,110,110,30
1767653455313,34,200,true,110,110,34
1767653455317,30,200,true,110,110,30
1767653455315,33,200,true,110,110,33
1767653455309,39,200,true,110,110,39
1767653455321,27,200,true,110,110,27
1767653455310,38,200,true,110,110,38
1767653455316,33,200,true,110,110,32
1767653455311,38,200,true,110,110,38
1767653455322,27,200,true,110,110,27
1767653455322,27,200,true,110,110,27
1767653455320,29,200,true,110,110,29
1767653455318,31,200,true,110,110,31
1767653455320,29,200,true,110,110,29
1767653455312,37,200,true,110,110,37
1767653455322,27,200,true,110,110,27
1767653455320,29,200,true,110,110,29
1767653455322,27,200,true,110,110,27
1767653455321,29,200,true,110,110,29
1767653455321,29,200,true,110,110,29
1767653455308,42,200,true,110,110,42
1767653455321,29,200,true,110,110,29
1767653455316,34,200,true,110,110,34
1767653455312,39,200,true,110,110,39
1767653455321,30,200,true,110,110,29
1767653455321,30,200,true,110,110,30
1767653455321,30,200,true,110,110,30
1767653455322,36,200,true,110,110,36
1767653455322,40,200,true,110,110,36
1767653455321,51,200,true,110,110,51
1767653455334,38,200,true,110,110,38
1767653455333,39,200,true,110,110,39
1767653455321,52,200,true,110,110,52
1767653455334,39,200,true,110,110,39
1767653455331,42,200,true,110,110,41
1767653455320,53,200,true,110,110,53
1767653455332,41,200,true,110,110,41
1767653455334,39,200,true,110,110,39
1767653455321,53,200,true,110,110,53
1767653455334,41,200,true,110,110,41
1767653455333,42,200,true,110,110,42
1767653455322,53,200,true,110,110,53
1767653455322,54,200,true,110,110,54
1767653455333,43,200,true,110,110,43
1767653455331,45,200,true,110,110,45
1767653455322,54,200,true,110,110,54
1767653455322,54,200,true,110,110,54
1767653455322,54,200,true,110,110,54
1767653455331,45,200,true,110,110,45
1767653455333,43,200,true,110,110,43
1767653455323,53,200,true,110,110,53
1767653455322,54,200,true,110,110,54
1767653455333,43,200,true,110,110,43
1767653455334,42,200,true,110,110,42
1767653455321,56,200,true,110,110,56
1767653455332,45,200,true,110,110,45
1767653455333,44,200,true,110,110,44
1767653455331,46,200,true,110,110,46
1767653455322,55,200,true,110,110,55
1767653455333,45,200,true,110,110,45
1767653455335,44,200,true,110,110,44
1767653455332,47,200,true,110,110,47
1767653455332,48,200,true,110,110,48
1767653455349,31,200,true,110,110,31
1767653455335,45,200,true,110,110,45
1767653455333,48,200,true,110,110,48
1767653455343,38,200,true,110,110,38
1767653455332,49,200,true,110,110,48
1767653455343,38,200,true,110,110,38
1767653455342,39,200,true,110,110,39
1767653455343,38,200,true,110,110,38
1767653455321,61,200,true,110,110,61
1767653455349,33,200,true,110,110,33
1767653455342,40,200,true,110,110,40
1767653455332,50,200,true,110,110,50
1767653455331,51,200,true,110,110,51
1767653455348,35,200,true,110,110,35
1767653455332,51,200,true,110,110,51
1767653455347,36,200,true,110,110,36
1767653455331,52,200,true,110,110,52
1767653455349,34,200,true,110,110,34
1767653455342,41,200,true,110,110,41
1767653455332,51,200,true,110,110,51
1767653455335,48,200,true,110,110,48
1767653455351,32,200,true,110,110,32
1767653455345,38,200,true,110,110,38
1767653455332,51,200,true,110,110,51
1767653455320,63,200,true,110,110,63
1767653455348,36,200,true,110,110,36
1767653455321,63,200,true,110,110,63
1767653455331,53,200,true,110,110,53
1767653455321,63,200,true,110,110,63
1767653455343,41,200,true,110,110,41
1767653455347,37,200,true,110,110,37
1767653455349,35,200,true,110,110,35
1767653455346,38,200,true,110,110,38
1767653455321,63,200,true,110,110,63
1767653455350,34,200,true,110,110,34
1767653455347,37,200,true,110,110,37
1767653455331,53,200,true,110,110,53
1767653455347,37,200,true,110,110,37
1767653455346,38,200,true,110,110,38
1767653455333,51,200,true,110,110,51
1767653455342,42,200,true,110,110,42
1767653455332,52,200,true,110,110,52
1767653455321,63,200,true,110,110,63
1767653455350,34,200,true,110,110,34
1767653455349,35,200,true,110,110,35
1767653455347,37,200,true,110,110,37
1767653455331,54,200,true,110,110,54
1767653455343,42,200,true,110,110,42
1767653455332,53,200,true,110,110,53
1767653455351,35,200,true,110,110,35
1767653455372,14,200,true,110,110,14
1767653455351,35,200,true,110,110,35
1767653455334,52,200,true,110,110,51
1767653455350,36,200,true,110,110,36
1767653455372,15,200,true,110,110,15
1767653455349,38,200,true,110,110,38
1767653455349,38,200,true,110,110,38
1767653455351,36,200,true,110,110,36
1767653455344,43,200,true,110,110,43
1767653455349,39,200,true,110,110,39
1767653455373,15,200,true,110,110,15
1767653455350,38,200,true,110,110,38
1767653455373,15,200,true,110,110,15
1767653455359,29,200,true,110,110,29
1767653455349,39,200,true,110,110,39
1767653455344,44,200,true,110,110,44
1767653455373,15,200,true,110,110,15
1767653455373,15,200,true,110,110,15
1767653455335,53,200,true,110,110,53
1767653455373,15,200,true,110,110,15
1767653455362,26,200,true,110,110,26
1767653455333,55,200,true,110,110,55
1767653455332,56,200,true,110,110,56
1767653455350,38,200,true,110,110,37
1767653455372,16,200,true,110,110,16
1767653455350,38,200,true,110,110,38
1767653455349,40,200,true,110,110,40
1767653455349,40,200,true,110,110,38
1767653455342,47,200,true,110,110,45
1767653455347,42,200,true,110,110,42
1767653455347,43,200,true,110,110,43
1767653455349,41,200,true,110,110,41
1767653455332,58,200,true,110,110,51
1767653455334,56,200,true,110,110,51
1767653455373,21,200,true,110,110,16
1767653455376,23,200,true,110,110,23
1767653455376,23,200,true,110,110,23
1767653455375,25,200,true,110,110,25
1767653455380,20,200,true,110,110,20
1767653455376,24,200,true,110,110,24
1767653455377,23,200,true,110,110,23
1767653455376,24,200,true,110,110,24
1767653455376,24,200,true,110,110,24
1767653455378,22,200,true,110,110,22
1767653455376,24,200,true,110,110,24
1767653455375,25,200,true,110,110,25
1767653455376,25,200,true,110,110,25
1767653455376,27,200,true,110,110,27
1767653455377,26,200,true,110,110,26
1767653455376,27,200,true,110,110,27
1767653455380,23,200,true,110,110,23
1767653455377,27,200,true,110,110,27
1767653455379,25,200,true,110,110,25
1767653455376,29,200,true,110,110,29
1767653455377,28,200,true,110,110,28
1767653455376,29,200,true,110,110,24
1767653455377,29,200,true,110,110,28
1767653455390,16,200,true,110,110,16
1767653455379,27,200,true,110,110,27
1767653455374,33,200,true,110,110,31
1767653455381,26,200,true,110,110,26
1767653455381,26,200,true,110,110,26
1767653455381,26,200,true,110,110,26
1767653455381,26,200,true,110,110,26
1767653455376,31,200,true,110,110,29
1767653455381,26,200,true,110,110,26
1767653455382,25,200,true,110,110,25
1767653455382,25,200,true,110,110,25
1767653455381,26,200,true,110,110,26
1767653455375,33,200,true,110,110,33
1767653455382,26,200,true,110,110,26
1767653455381,27,200,true,110,110,27
1767653455382,27,200,true,110,110,27
1767653455386,25,200,true,110,110,25
1767653455387,24,200,true,110,110,24
1767653455385,26,200,true,110,110,26
1767653455385,26,200,true,110,110,26
1767653455388,24,200,true,110,110,24
1767653455383,29,200,true,110,110,28
1767653455384,31,200,true,110,110,31
1767653455389,26,200,true,110,110,26
1767653455388,28,200,true,110,110,28
1767653455388,28,200,true,110,110,28
1767653455382,34,200,true,110,110,34
1767653455388,28,200,true,110,110,28
1767653455388,28,200,true,110,110,28
1767653455383,33,200,true,110,110,33
1767653455384,33,200,true,110,110,33
1767653455383,34,200,true,110,110,34
1767653455384,33,200,true,110,110,33
1767653455385,32,200,true,110,110,32
1767653455389,28,200,true,110,110,28
1767653455388,29,200,true,110,110,29
1767653455390,27,200,true,110,110,27
1767653455386,31,200,true,110,110,31
1767653455388,30,200,true,110,110,30
1767653455387,31,200,true,110,110,31
1767653455384,43,200,true,110,110,43
1767653455383,44,200,true,110,110,44
1767653455401,26,200,true,110,110,26
1767653455400,27,200,true,110,110,27
1767653455384,44,200,true,110,110,44
1767653455390,38,200,true,110,110,38
1767653455399,29,200,true,110,110,29
1767653455385,43,200,true,110,110,43
1767653455383,45,200,true,110,110,45
1767653455405,24,200,true,110,110,24
1767653455390,39,200,true,110,110,38
1767653455387,42,200,true,110,110,42
1767653455384,45,200,true,110,110,45
1767653455388,41,200,true,110,110,41
1767653455403,26,200,true,110,110,26
1767653455387,42,200,true,110,110,42
1767653455387,42,200,true,110,110,42
1767653455383,46,200,true,110,110,46
1767653455389,41,200,true,110,110,41
1767653455384,46,200,true,110,110,46
1767653455389,41,200,true,110,110,41
1767653455384,46,200,true,110,110,46
1767653455405,25,200,true,110,110,25
1767653455388,42,200,true,110,110,42
1767653455384,46,200,true,110,110,46
1767653455388,42,200,true,110,110,42
1767653455384,46,200,true,110,110,46
1767653455386,45,200,true,110,110,45
1767653455385,46,200,true,110,110,46
1767653455384,47,200,true,110,110,47
1767653455389,42,200,true,110,110,42
1767653455388,43,200,true,110,110,43
1767653455383,49,200,true,110,110,49
1767653455387,45,200,true,110,110,45
1767653455386,46,200,true,110,110,46
1767653455384,48,200,true,110,110,48
1767653455384,48,200,true,110,110,48
1767653455388,44,200,true,110,110,44
1767653455383,49,200,true,110,110,49
1767653455403,29,200,true,110,110,29
1767653455405,28,200,true,110,110,28
1767653455383,50,200,true,110,110,50
1767653455384,54,200,true,110,110,54
1767653455407,31,200,true,110,110,31
1767653455384,54,200,true,110,110,54
1767653455388,50,200,true,110,110,50
1767653455385,53,200,true,110,110,53
1767653455389,50,200,true,110,110,50
1767653455400,39,200,true,110,110,39
1767653455407,40,200,true,110,110,40
1767653455390,57,200,true,110,110,57
1767653455409,39,200,true,110,110,39
1767653455408,40,200,true,110,110,40
1767653455400,48,200,true,110,110,48
1767653455407,43,200,true,110,110,43
1767653455403,48,200,true,110,110,48
1767653455407,44,200,true,110,110,44
1767653455383,68,200,true,110,110,68
1767653455407,45,200,true,110,110,45
1767653455400,53,200,true,110,110,53
1767653455404,49,200,true,110,110,49
1767653455406,48,200,true,110,110,48
1767653455407,47,200,true,110,110,47
1767653455384,70,200,true,110,110,70
1767653455394,60,200,true,110,110,60
1767653455403,51,200,true,110,110,51
1767653455384,71,200,true,110,110,71
1767653455383,72,200,true,110,110,72
1767653455401,54,200,true,110,110,54
1767653455400,55,200,true,110,110,55
1767653455400,55,200,true,110,110,55
1767653455405,52,200,true,110,110,52
1767653455417,41,200,true,110,110,41
1767653455412,46,200,true,110,110,46
1767653455400,58,200,true,110,110,58
1767653455417,41,200,true,110,110,41
1767653455417,41,200,true,110,110,41
1767653455408,50,200,true,110,110,50
1767653455418,40,200,true,110,110,40
1767653455416,42,200,true,110,110,42
1767653455417,42,200,true,110,110,42
1767653455412,47,200,true,110,110,47
1767653455411,48,200,true,110,110,48
1767653455417,42,200,true,110,110,42
1767653455408,51,200,true,110,110,51
1767653455407,52,200,true,110,110,52
1767653455416,43,200,true,110,110,43
1767653455418,41,200,true,110,110,41
1767653455407,52,200,true,110,110,52
1767653455407,52,200,true,110,110,52
1767653455388,71,200,true,110,110,71
1767653455384,75,200,true,110,110,72
1767653455407,52,200,true,110,110,50
1767653455417,42,200,true,110,110,42
1767653455417,43,200,true,110,110,43
1767653455400,60,200,true,110,110,56
1767653455411,49,200,true,110,110,49
1767653455412,48,200,true,110,110,48
1767653455400,60,200,true,110,110,57
1767653455407,53,200,true,110,110,50
1767653455418,42,200,true,110,110,42
1767653455416,44,200,true,110,110,44
1767653455407,53,200,true,110,110,53
1767653455415,45,200,true,110,110,45
1767653455384,77,200,true,110,110,72
1767653455412,49,200,true,110,110,49
1767653455416,45,200,true,110,110,45
1767653455416,45,200,true,110,110,45
1767653455418,51,200,true,110,110,51
1767653455430,40,200,true,110,110,40
1767653455432,38,200,true,110,110,38
1767653455433,37,200,true,110,110,37
1767653455430,40,200,true,110,110,40
1767653455438,32,200,true,110,110,32
1767653455427,43,200,true,110,110,43
1767653455439,31,200,true,110,110,31
1767653455433,37,200,true,110,110,37
1767653455431,39,200,true,110,110,39
1767653455429,41,200,true,110,110,41
1767653455419,51,200,true,110,110,51
1767653455432,39,200,true,110,110,39
1767653455431,40,200,true,110,110,40
1767653455430,41,200,true,110,110,41
1767653455431,40,200,true,110,110,40
1767653455428,43,200,true,110,110,43
1767653455438,33,200,true,110,110,33
1767653455430,41,200,true,110,110,41
1767653455433,38,200,true,110,110,38
1767653455429,42,200,true,110,110,42
1767653455427,45,200,true,110,110,45
1767653455428,44,200,true,110,110,44
1767653455431,41,200,true,110,110,41
1767653455430,42,200,true,110,110,42
1767653455427,45,200,true,110,110,45
1767653455430,42,200,true,110,110,42
1767653455432,40,200,true,110,110,40
1767653455432,40,200,true,110,110,40
1767653455428,44,200,true,110,110,44
1767653455430,45,200,true,110,110,45
1767653455429,46,200,true,110,110,46
1767653455438,37,200,true,110,110,37
1767653455427,48,200,true,110,110,48
1767653455432,44,200,true,110,110,44
1767653455432,44,200,true,110,110,44
1767653455439,41,200,true,110,110,41
1767653455447,33,200,true,110,110,33
1767653455438,42,200,true,110,110,42
1767653455430,50,200,true,110,110,50
1767653455430,50,200,true,110,110,50
1767653455429,52,200,true,110,110,51
1767653455431,50,200,true,110,110,44
1767653455428,53,200,true,110,110,53
1767653455430,51,200,true,110,110,51
1767653455428,53,200,true,110,110,53
1767653455432,50,200,true,110,110,50
1767653455430,52,200,true,110,110,42
1767653455429,53,200,true,110,110,53
1767653455429,54,200,true,110,110,54
1767653455429,57,200,true,110,110,57
1767653455459,29,200,true,110,110,29
1767653455438,50,200,true,110,110,50
1767653455448,40,200,true,110,110,40
1767653455448,40,200,true,110,110,40
1767653455447,42,200,true,110,110,41
1767653455458,31,200,true,110,110,31
1767653455454,35,200,true,110,110,35
1767653455459,30,200,true,110,110,30
1767653455459,30,200,true,110,110,30
1767653455459,30,200,true,110,110,30
1767653455458,31,200,true,110,110,31
1767653455459,30,200,true,110,110,30
1767653455458,31,200,true,110,110,31
1767653455459,30,200,true,110,110,30
1767653455460,29,200,true,110,110,29
1767653455454,35,200,true,110,110,35
1767653455458,31,200,true,110,110,31
1767653455459,31,200,true,110,110,31
1767653455454,36,200,true,110,110,36
1767653455459,31,200,true,110,110,31
1767653455457,33,200,true,110,110,33
1767653455454,38,200,true,110,110,38
1767653455455,37,200,true,110,110,37
1767653455455,37,200,true,110,110,37
1767653455459,33,200,true,110,110,33
1767653455455,37,200,true,110,110,37
1767653455455,37,200,true,110,110,35
1767653455450,42,200,true,110,110,42
1767653455460,33,200,true,110,110,33
1767653455448,45,200,true,110,110,43
1767653455458,35,200,true,110,110,35
1767653455459,34,200,true,110,110,34
1767653455458,35,200,true,110,110,35
1767653455460,34,200,true,110,110,34
1767653455459,35,200,true,110,110,35
1767653455459,35,200,true,110,110,35
1767653455451,44,200,true,110,110,44
1767653455452,43,200,true,110,110,43
1767653455451,45,200,true,110,110,45
1767653455453,43,200,true,110,110,43
1767653455451,45,200,true,110,110,45
1767653455460,36,200,true,110,110,36
1767653455458,38,200,true,110,110,38
1767653455459,37,200,true,110,110,37
1767653455461,36,200,true,110,110,36
1767653455461,36,200,true,110,110,36
1767653455461,36,200,true,110,110,36
1767653455455,42,200,true,110,110,42
1767653455455,43,200,true,110,110,43
1767653455460,38,200,true,110,110,38
1767653455460,38,200,true,110,110,38
1767653455460,39,200,true,110,110,39
1767653455460,39,200,true,110,110,39
1767653455461,38,200,true,110,110,38
1767653455460,40,200,true,110,110,40
1767653455453,47,200,true,110,110,47
1767653455460,40,200,true,110,110,40
1767653455460,41,200,true,110,110,41
1767653455469,34,200,true,110,110,34
1767653455471,32,200,true,110,110,32
1767653455470,33,200,true,110,110,33
1767653455470,33,200,true,110,110,33
1767653455470,33,200,true,110,110,33
1767653455470,33,200,true,110,110,33
1767653455471,33,200,true,110,110,33
1767653455471,40,200,true,110,110,40
1767653455471,40,200,true,110,110,40
1767653455470,41,200,true,110,110,41
1767653455471,40,200,true,110,110,40
1767653455470,43,200,true,110,110,43
1767653455470,43,200,true,110,110,43
1767653455460,55,200,true,110,110,55
1767653455470,45,200,true,110,110,45
1767653455481,36,200,true,110,110,36
1767653455481,36,200,true,110,110,36
1767653455471,56,200,true,110,110,56
1767653455471,56,200,true,110,110,56
1767653455472,56,200,true,110,110,56
1767653455472,56,200,true,110,110,56
1767653455475,53,200,true,110,110,53
1767653455483,46,200,true,110,110,46
1767653455475,54,200,true,110,110,54
1767653455472,57,200,true,110,110,57
1767653455498,31,200,true,110,110,31
1767653455472,57,200,true,110,110,57
1767653455480,49,200,true,110,110,49
1767653455489,40,200,true,110,110,40
1767653455499,31,200,true,110,110,31
1767653455499,31,200,true,110,110,31
1767653455495,36,200,true,110,110,36
1767653455472,59,200,true,110,110,59
1767653455489,42,200,true,110,110,42
1767653455500,31,200,true,110,110,31
1767653455480,51,200,true,110,110,51
1767653455497,35,200,true,110,110,34
1767653455488,44,200,true,110,110,44
1767653455481,51,200,true,110,110,51
1767653455498,34,200,true,110,110,34
1767653455492,40,200,true,110,110,40
1767653455494,38,200,true,110,110,38
1767653455488,44,200,true,110,110,44
1767653455480,52,200,true,110,110,52
1767653455480,52,200,true,110,110,52
1767653455496,37,200,true,110,110,37
1767653455480,53,200,true,110,110,53
1767653455497,36,200,true,110,110,36
1767653455489,44,200,true,110,110,44
1767653455472,61,200,true,110,110,61
1767653455482,51,200,true,110,110,51
1767653455471,62,200,true,110,110,62
1767653455476,57,200,true,110,110,57
1767653455472,62,200,true,110,110,62
1767653455486,48,200,true,110,110,48
1767653455471,63,200,true,110,110,63
1767653455471,63,200,true,110,110,63
1767653455482,52,200,true,110,110,52
1767653455472,62,200,true,110,110,62
1767653455472,63,200,true,110,110,63
1767653455481,54,200,true,110,110,54
1767653455489,47,200,true,110,110,47
1767653455489,47,200,true,110,110,47
1767653455493,43,200,true,110,110,43
1767653455476,60,200,true,110,110,60
1767653455498,39,200,true,110,110,39
1767653455481,56,200,true,110,110,56
1767653455496,41,200,true,110,110,41
1767653455482,55,200,true,110,110,55
1767653455494,43,200,true,110,110,43
1767653455489,49,200,true,110,110,49
1767653455472,66,200,true,110,110,66
1767653455493,45,200,true,110,110,45
1767653455497,41,200,true,110,110,41
1767653455496,42,200,true,110,110,42
1767653455475,64,200,true,110,110,64
1767653455496,44,200,true,110,110,42
1767653455493,47,200,true,110,110,44
1767653455492,48,200,true,110,110,48
1767653455476,65,200,true,110,110,65
1767653455500,44,200,true,110,110,44
1767653455511,33,200,true,110,110,33
1767653455492,52,200,true,110,110,52
1767653455517,27,200,true,110,110,27
1767653455504,40,200,true,110,110,40
1767653455503,41,200,true,110,110,41
1767653455513,31,200,true,110,110,31
1767653455489,56,200,true,110,110,56
1767653455503,42,200,true,110,110,42
1767653455503,42,200,true,110,110,42
1767653455492,53,200,true,110,110,53
1767653455472,73,200,true,110,110,73
1767653455499,47,200,true,110,110,47
1767653455493,53,200,true,110,110,53
1767653455489,57,200,true,110,110,57
1767653455490,56,200,true,110,110,56
1767653455493,53,200,true,110,110,53
1767653455515,31,200,true,110,110,31
1767653455489,57,200,true,110,110,57
1767653455503,43,200,true,110,110,43
1767653455501,47,200,true,110,110,47
1767653455503,45,200,true,110,110,45
1767653455490,58,200,true,110,110,58
1767653455488,61,200,true,110,110,61
1767653455511,38,200,true,110,110,38
1767653455496,53,200,true,110,110,53
1767653455514,35,200,true,110,110,35
1767653455503,46,200,true,110,110,46
1767653455497,52,200,true,110,110,52
1767653455494,55,200,true,110,110,55
1767653455492,57,200,true,110,110,56
1767653455497,52,200,true,110,110,51
1767653455489,60,200,true,110,110,57
1767653455511,38,200,true,110,110,38
1767653455489,60,200,true,110,110,60
1767653455492,57,200,true,110,110,57
1767653455489,60,200,true,110,110,60
1767653455493,56,200,true,110,110,56
1767653455490,60,200,true,110,110,58
1767653455490,60,200,true,110,110,60
1767653455511,39,200,true,110,110,38
1767653455500,50,200,true,110,110,49
1767653455488,62,200,true,110,110,62
1767653455489,61,200,true,110,110,61
1767653455496,54,200,true,110,110,54
1767653455529,26,200,true,110,110,26
1767653455527,28,200,true,110,110,28
1767653455529,27,200,true,110,110,27
1767653455531,27,200,true,110,110,27
1767653455531,27,200,true,110,110,27
1767653455529,29,200,true,110,110,29
1767653455529,29,200,true,110,110,29
1767653455528,30,200,true,110,110,30
1767653455530,29,200,true,110,110,29
1767653455515,44,200,true,110,110,44
1767653455529,30,200,true,110,110,30
1767653455530,29,200,true,110,110,29
1767653455528,31,200,true,110,110,31
1767653455532,30,200,true,110,110,30
1767653455531,32,200,true,110,110,32
1767653455531,32,200,true,110,110,32
1767653455532,31,200,true,110,110,31
1767653455532,31,200,true,110,110,31
1767653455532,31,200,true,110,110,31
1767653455533,30,200,true,110,110,30
1767653455536,27,200,true,110,110,27
1767653455532,31,200,true,110,110,31
1767653455533,30,200,true,110,110,30
1767653455533,30,200,true,110,110,30
1767653455528,35,200,true,110,110,35
1767653455532,31,200,true,110,110,31
1767653455536,28,200,true,110,110,28
1767653455533,31,200,true,110,110,31
1767653455517,47,200,true,110,110,47
1767653455533,31,200,true,110,110,31
1767653455532,32,200,true,110,110,32
1767653455536,28,200,true,110,110,28
1767653455531,33,200,true,110,110,33
1767653455527,37,200,true,110,110,37
1767653455537,27,200,true,110,110,27
1767653455532,32,200,true,110,110,32
1767653455538,26,200,true,110,110,26
1767653455529,35,200,true,110,110,35
1767653455536,28,200,true,110,110,28
1767653455534,30,200,true,110,110,30
1767653455534,30,200,true,110,110,30
1767653455533,32,200,true,110,110,32
1767653455533,32,200,true,110,110,32
1767653455534,32,200,true,110,110,32
1767653455537,29,200,true,110,110,29
1767653455537,29,200,true,110,110,29
1767653455534,33,200,true,110,110,33
1767653455537,30,200,true,110,110,30
1767653455535,32,200,true,110,110,32
1767653455535,33,200,true,110,110,33
1767653455533,35,200,true,110,110,35
1767653455532,36,200,true,110,110,36
1767653455534,37,200,true,110,110,37
1767653455534,37,200,true,110,110,37
1767653455534,37,200,true,110,110,37
1767653455548,37,200,true,110,110,37
1767653455549,36,200,true,110,110,36
1767653455563,22,200,true,110,110,22
1767653455550,35,200,true,110,110,35
1767653455550,35,200,true,110,110,35
1767653455549,37,200,true,110,110,37
1767653455544,42,200,true,110,110,42
1767653455550,37,200,true,110,110,37
1767653455546,41,200,true,110,110,41
1767653455549,38,200,true,110,110,38
1767653455550,37,200,true,110,110,37
1767653455550,38,200,true,110,110,38
1767653455549,39,200,true,110,110,39
1767653455538,50,200,true,110,110,50
1767653455549,39,200,true,110,110,39
1767653455546,42,200,true,110,110,42
1767653455549,42,200,true,110,110,42
1767653455555,36,200,true,110,110,36
1767653455555,36,200,true,110,110,36
1767653455549,42,200,true,110,110,42
1767653455563,28,200,true,110,110,28
1767653455548,44,200,true,110,110,44
1767653455549,43,200,true,110,110,43
1767653455563,29,200,true,110,110,29
1767653455538,54,200,true,110,110,54
1767653455564,29,200,true,110,110,28
1767653455549,44,200,true,110,110,44
1767653455564,29,200,true,110,110,29
1767653455538,55,200,true,110,110,55
1767653455546,47,200,true,110,110,47
1767653455549,44,200,true,110,110,44
1767653455540,53,200,true,110,110,53
1767653455544,49,200,true,110,110,49
1767653455546,47,200,true,110,110,47
1767653455546,47,200,true,110,110,47
1767653455540,53,200,true,110,110,53
1767653455544,50,200,true,110,110,50
1767653455549,45,200,true,110,110,45
1767653455545,49,200,true,110,110,49
1767653455549,45,200,true,110,110,45
1767653455540,54,200,true,110,110,54
1767653455546,48,200,true,110,110,48
1767653455549,46,200,true,110,110,46
1767653455546,49,200,true,110,110,49
1767653455545,50,200,true,110,110,50
1767653455558,37,200,true,110,110,37
1767653455564,39,200,true,110,110,39
1767653455544,59,200,true,110,110,59
1767653455564,40,200,true,110,110,40
1767653455566,38,200,true,110,110,38
1767653455565,39,200,true,110,110,39
1767653455564,43,200,true,110,110,43
1767653455564,43,200,true,110,110,43
1767653455567,40,200,true,110,110,40
1767653455558,49,200,true,110,110,49
1767653455564,44,200,true,110,110,44
1767653455546,62,200,true,110,110,61
1767653455563,45,200,true,110,110,45
1767653455563,45,200,true,110,110,45
1767653455564,44,200,true,110,110,44
1767653455549,60,200,true,110,110,60
1767653455564,45,200,true,110,110,45
1767653455559,50,200,true,110,110,50
1767653455550,59,200,true,110,110,59
1767653455544,66,200,true,110,110,66
1767653455566,44,200,true,110,110,44
1767653455537,73,200,true,110,110,73
1767653455541,69,200,true,110,110,69
1767653455546,64,200,true,110,110,64
1767653455559,51,200,true,110,110,51
1767653455550,60,200,true,110,110,60
1767653455564,46,200,true,110,110,46
1767653455558,52,200,true,110,110,52
1767653455544,66,200,true,110,110,66
1767653455558,52,200,true,110,110,52
1767653455550,60,200,true,110,110,60
1767653455564,46,200,true,110,110,46
1767653455544,66,200,true,110,110,66
1767653455539,71,200,true,110,110,71
1767653455545,66,200,true,110,110,66
1767653455545,66,200,true,110,110,66
1767653455558,53,200,true,110,110,53
1767653455565,46,200,true,110,110,46
1767653455563,48,200,true,110,110,48
1767653455538,73,200,true,110,110,73
1767653455550,62,200,true,110,110,62
1767653455563,49,200,true,110,110,49
1767653455567,46,200,true,110,110,46
1767653455556,57,200,true,110,110,57
1767653455564,49,200,true,110,110,49
1767653455565,53,200,true,110,110,53
1767653455593,25,200,true,110,110,25
1767653455591,28,200,true,110,110,28
1767653455588,31,200,true,110,110,31
1767653455591,28,200,true,110,110,28
1767653455588,32,200,true,110,110,32
1767653455571,49,200,true,110,110,49
1767653455593,27,200,true,110,110,27
1767653455593,27,200,true,110,110,27
1767653455563,57,200,true,110,110,57
1767653455591,29,200,true,110,110,29
1767653455593,27,200,true,110,110,27
1767653455594,26,200,true,110,110,26
1767653455585,35,200,true,110,110,35
1767653455594,27,200,true,110,110,26
1767653455568,53,200,true,110,110,53
1767653455592,29,200,true,110,110,29
1767653455586,35,200,true,110,110,35
1767653455587,34,200,true,110,110,34
1767653455586,36,200,true,110,110,36
1767653455587,35,200,true,110,110,35
1767653455572,50,200,true,110,110,50
1767653455564,58,200,true,110,110,58
1767653455592,30,200,true,110,110,30
1767653455572,50,200,true,110,110,50
1767653455569,53,200,true,110,110,53
1767653455564,59,200,true,110,110,59
1767653455563,60,200,true,110,110,60
1767653455566,58,200,true,110,110,58
1767653455564,62,200,true,110,110,62
1767653455564,62,200,true,110,110,62
1767653455559,67,200,true,110,110,67
1767653455563,64,200,true,110,110,64
1767653455559,68,200,true,110,110,68
1767653455593,35,200,true,110,110,35
1767653455594,34,200,true,110,110,34
1767653455588,40,200,true,110,110,40
1767653455585,43,200,true,110,110,43
1767653455592,36,200,true,110,110,36
1767653455594,34,200,true,110,110,34
1767653455591,38,200,true,110,110,38
1767653455592,37,200,true,110,110,37
1767653455585,44,200,true,110,110,44
1767653455593,36,200,true,110,110,36
1767653455593,36,200,true,110,110,36
1767653455592,37,200,true,110,110,37
1767653455568,61,200,true,110,110,61
1767653455588,41,200,true,110,110,41
1767653455587,43,200,true,110,110,43
1767653455588,42,200,true,110,110,42
1767653455567,63,200,true,110,110,63
1767653455593,37,200,true,110,110,37
1767653455585,45,200,true,110,110,45
1767653455593,38,200,true,110,110,38
1767653455593,38,200,true,110,110,38
1767653455585,46,200,true,110,110,46
1767653455587,44,200,true,110,110,40
1767653455595,39,200,true,110,110,39
1767653455604,30,200,true,110,110,30
1767653455564,71,200,true,110,110,71
1767653455607,28,200,true,110,110,28
1767653455559,76,200,true,110,110,76
1767653455594,41,200,true,110,110,41
1767653455593,42,200,true,110,110,42
1767653455604,32,200,true,110,110,32
1767653455607,29,200,true,110,110,29
1767653455595,41,200,true,110,110,41
1767653455608,28,200,true,110,110,28
1767653455610,27,200,true,110,110,27
1767653455610,27,200,true,110,110,27
1767653455609,28,200,true,110,110,28
1767653455610,27,200,true,110,110,27
1767653455608,30,200,true,110,110,30
1767653455610,28,200,true,110,110,28
1767653455610,28,200,true,110,110,28
1767653455607,31,200,true,110,110,31
1767653455610,28,200,true,110,110,28
1767653455594,44,200,true,110,110,44
1767653455603,36,200,true,110,110,36
1767653455595,44,200,true,110,110,44
1767653455603,36,200,true,110,110,36
1767653455610,32,200,true,110,110,32
1767653455607,35,200,true,110,110,35
1767653455595,47,200,true,110,110,47
1767653455611,32,200,true,110,110,32
1767653455604,39,200,true,110,110,39
1767653455612,31,200,true,110,110,31
1767653455608,35,200,true,110,110,35
1767653455610,33,200,true,110,110,33
1767653455619,26,200,true,110,110,26
1767653455610,38,200,true,110,110,36
1767653455613,35,200,true,110,110,35
1767653455609,39,200,true,110,110,39
1767653455619,30,200,true,110,110,30
1767653455620,29,200,true,110,110,29
1767653455620,29,200,true,110,110,29
1767653455610,39,200,true,110,110,39
1767653455618,31,200,true,110,110,31
1767653455613,37,200,true,110,110,37
1767653455618,32,200,true,110,110,32
1767653455622,28,200,true,110,110,28
1767653455621,29,200,true,110,110,29
1767653455613,38,200,true,110,110,38
1767653455621,30,200,true,110,110,30
1767653455611,40,200,true,110,110,40
1767653455609,42,200,true,110,110,42
1767653455611,40,200,true,110,110,40
1767653455610,41,200,true,110,110,41
1767653455611,40,200,true,110,110,40
1767653455619,33,200,true,110,110,32
1767653455612,40,200,true,110,110,40
1767653455610,42,200,true,110,110,42
1767653455610,42,200,true,110,110,42
1767653455609,43,200,true,110,110,43
1767653455611,41,200,true,110,110,41
1767653455608,44,200,true,110,110,44
1767653455611,41,200,true,110,110,41
1767653455609,44,200,true,110,110,44
1767653455611,42,200,true,110,110,42
1767653455611,42,200,true,110,110,42
1767653455622,34,200,true,110,110,34
1767653455626,30,200,true,110,110,30
1767653455622,35,200,true,110,110,35
1767653455620,38,200,true,110,110,38
1767653455622,36,200,true,110,110,36
1767653455622,37,200,true,110,110,37
1767653455620,39,200,true,110,110,39
1767653455620,39,200,true,110,110,39
1767653455620,40,200,true,110,110,40
1767653455620,40,200,true,110,110,40
1767653455630,31,200,true,110,110,31
1767653455624,37,200,true,110,110,37
1767653455630,31,200,true,110,110,31
1767653455629,32,200,true,110,110,32
1767653455621,40,200,true,110,110,40
1767653455626,35,200,true,110,110,35
1767653455623,38,200,true,110,110,38
1767653455627,35,200,true,110,110,35
1767653455622,40,200,true,110,110,40
1767653455622,40,200,true,110,110,40
1767653455629,33,200,true,110,110,33
1767653455635,27,200,true,110,110,27
1767653455623,39,200,true,110,110,39
1767653455622,41,200,true,110,110,41
1767653455626,37,200,true,110,110,37
1767653455622,41,200,true,110,110,41
1767653455620,43,200,true,110,110,43
1767653455629,34,200,true,110,110,34
1767653455628,35,200,true,110,110,35
1767653455630,35,200,true,110,110,33
1767653455637,28,200,true,110,110,28
1767653455628,38,200,true,110,110,38
1767653455637,29,200,true,110,110,29
1767653455621,45,200,true,110,110,45
1767653455636,30,200,true,110,110,30
1767653455635,31,200,true,110,110,31
1767653455628,38,200,true,110,110,38
1767653455637,29,200,true,110,110,29
1767653455638,29,200,true,110,110,29
1767653455637,30,200,true,110,110,30
1767653455629,38,200,true,110,110,38
1767653455630,37,200,true,110,110,37
1767653455638,29,200,true,110,110,29
1767653455638,29,200,true,110,110,29
1767653455630,37,200,true,110,110,37
1767653455628,39,200,true,110,110,39
1767653455638,30,200,true,110,110,30
1767653455636,32,200,true,110,110,32
1767653455631,37,200,true,110,110,37
1767653455636,32,200,true,110,110,32
1767653455631,37,200,true,110,110,37
1767653455628,40,200,true,110,110,40
1767653455638,30,200,true,110,110,30
1767653455636,33,200,true,110,110,33
1767653455629,40,200,true,110,110,40
1767653455629,40,200,true,110,110,40
1767653455628,41,200,true,110,110,41
1767653455630,39,200,true,110,110,39
1767653455630,40,200,true,110,110,40
1767653455636,34,200,true,110,110,34
1767653455634,36,200,true,110,110,35
1767653455634,36,200,true,110,110,36
1767653455638,33,200,true,110,110,32
1767653455635,37,200,true,110,110,37
1767653455636,36,200,true,110,110,36
1767653455631,46,200,true,110,110,46
1767653455629,48,200,true,110,110,48
1767653455631,46,200,true,110,110,46
1767653455639,39,200,true,110,110,39
1767653455642,36,200,true,110,110,36
1767653455643,36,200,true,110,110,36
1767653455642,37,200,true,110,110,37
1767653455639,40,200,true,110,110,40
1767653455642,38,200,true,110,110,38
1767653455639,41,200,true,110,110,41
1767653455660,32,200,true,110,110,32
1767653455649,43,200,true,110,110,43
1767653455651,41,200,true,110,110,41
1767653455649,43,200,true,110,110,43
1767653455653,39,200,true,110,110,39
1767653455653,40,200,true,110,110,40
1767653455659,34,200,true,110,110,34
1767653455651,42,200,true,110,110,42
1767653455662,31,200,true,110,110,31
1767653455661,32,200,true,110,110,32
1767653455662,31,200,true,110,110,31
1767653455652,41,200,true,110,110,41
1767653455649,45,200,true,110,110,45
1767653455652,42,200,true,110,110,42
1767653455650,44,200,true,110,110,44
1767653455648,51,200,true,110,110,51
1767653455651,48,200,true,110,110,48
1767653455653,46,200,true,110,110,46
1767653455662,38,200,true,110,110,38
1767653455661,39,200,true,110,110,39
1767653455649,51,200,true,110,110,51
1767653455659,45,200,true,110,110,45
1767653455651,53,200,true,110,110,53
1767653455643,61,200,true,110,110,61
1767653455661,43,200,true,110,110,43
1767653455659,45,200,true,110,110,45
1767653455652,53,200,true,110,110,53
1767653455650,55,200,true,110,110,55
1767653455656,49,200,true,110,110,49
1767653455649,56,200,true,110,110,56
1767653455648,57,200,true,110,110,57
1767653455662,43,200,true,110,110,43
1767653455662,43,200,true,110,110,43
1767653455652,53,200,true,110,110,53
1767653455651,55,200,true,110,110,55
1767653455649,57,200,true,110,110,57
1767653455662,45,200,true,110,110,45
1767653455650,58,200,true,110,110,56
1767653455652,56,200,true,110,110,56
1767653455660,49,200,true,110,110,49
1767653455652,57,200,true,110,110,57
1767653455667,52,200,true,110,110,52
1767653455667,53,200,true,110,110,52
1767653455666,54,200,true,110,110,54
1767653455667,53,200,true,110,110,53
1767653455652,68,200,true,110,110,68
1767653455667,54,200,true,110,110,54
1767653455668,53,200,true,110,110,53
1767653455666,55,200,true,110,110,55
1767653455652,69,200,true,110,110,69
1767653455671,50,200,true,110,110,50
1767653455662,59,200,true,110,110,59
1767653455677,44,200,true,110,110,44
1767653455657,65,200,true,110,110,65
1767653455665,57,200,true,110,110,57
1767653455666,56,200,true,110,110,56
1767653455670,52,200,true,110,110,52
1767653455661,61,200,true,110,110,61
1767653455662,60,200,true,110,110,60
1767653455662,61,200,true,110,110,61
1767653455668,55,200,true,110,110,55
1767653455668,55,200,true,110,110,55
1767653455670,53,200,true,110,110,53
1767653455668,55,200,true,110,110,55
1767653455668,55,200,true,110,110,55
1767653455666,57,200,true,110,110,57
1767653455679,44,200,true,110,110,44
1767653455663,60,200,true,110,110,60
1767653455669,54,200,true,110,110,54
1767653455670,53,200,true,110,110,53
1767653455680,43,200,true,110,110,43
1767653455666,57,200,true,110,110,57
1767653455667,57,200,true,110,110,57
1767653455666,58,200,true,110,110,58
1767653455665,59,200,true,110,110,59
1767653455672,52,200,true,110,110,52
1767653455663,61,200,true,110,110,61
1767653455667,57,200,true,110,110,57
1767653455669,55,200,true,110,110,55
1767653455659,66,200,true,110,110,66
1767653455651,74,200,true,110,110,74
1767653455663,62,200,true,110,110,62
1767653455670,56,200,true,110,110,56
1767653455680,46,200,true,110,110,46
1767653455668,58,200,true,110,110,58
1767653455668,58,200,true,110,110,58
1767653455645,84,200,true,110,110,84
1767653455663,66,200,true,110,110,66
1767653455670,59,200,true,110,110,59
1767653455656,73,200,true,110,110,73
1767653455643,87,200,true,110,110,87
1767653455677,53,200,true,110,110,53
1767653455669,61,200,true,110,110,61
1767653455663,70,200,true,110,110,70
1767653455643,91,200,true,110,110,91
1767653455643,91,200,true,110,110,91
1767653455666,68,200,true,110,110,68
1767653455669,65,200,true,110,110,65
1767653455677,58,200,true,110,110,58
1767653455672,63,200,true,110,110,63
1767653455652,83,200,true,110,110,83
1767653455659,76,200,true,110,110,66
1767653455663,73,200,true,110,110,72
1767653455650,86,200,true,110,110,85
1767653455668,69,200,true,110,110,69
1767653455678,59,200,true,110,110,59
1767653455693,44,200,true,110,110,44
1767653455692,45,200,true,110,110,45
1767653455678,59,200,true,110,110,59
1767653455667,70,200,true,110,110,70
1767653455680,58,200,true,110,110,58
1767653455679,59,200,true,110,110,59
1767653455694,45,200,true,110,110,45
1767653455705,34,200,true,110,110,34
1767653455699,40,200,true,110,110,40
1767653455694,45,200,true,110,110,45
1767653455704,35,200,true,110,110,35
1767653455704,35,200,true,110,110,35
1767653455705,34,200,true,110,110,34
1767653455694,45,200,true,110,110,45
1767653455699,40,200,true,110,110,40
1767653455693,46,200,true,110,110,46
1767653455693,46,200,true,110,110,46
1767653455705,35,200,true,110,110,35
1767653455693,47,200,true,110,110,47
1767653455704,36,200,true,110,110,36
1767653455700,40,200,true,110,110,40
1767653455700,40,200,true,110,110,40
1767653455705,35,200,true,110,110,35
1767653455694,46,200,true,110,110,46
1767653455692,48,200,true,110,110,48
1767653455693,47,200,true,110,110,47
1767653455704,37,200,true,110,110,37
1767653455693,48,200,true,110,110,48
1767653455692,49,200,true,110,110,49
1767653455693,48,200,true,110,110,48
1767653455700,41,200,true,110,110,41
1767653455692,49,200,true,110,110,49
1767653455704,37,200,true,110,110,37
1767653455700,41,200,true,110,110,41
1767653455705,37,200,true,110,110,37
1767653455706,39,200,true,110,110,38
1767653455707,38,200,true,110,110,38
1767653455705,40,200,true,110,110,40
1767653455705,40,200,true,110,110,40
1767653455709,36,200,true,110,110,36
1767653455705,40,200,true,110,110,40
1767653455722,23,200,true,110,110,23
1767653455719,26,200,true,110,110,26
1767653455720,25,200,true,110,110,25
1767653455720,26,200,true,110,110,26
1767653455723,23,200,true,110,110,23
1767653455724,26,200,true,110,110,26
1767653455724,26,200,true,110,110,26
1767653455724,27,200,true,110,110,27
1767653455709,42,200,true,110,110,37
1767653455722,29,200,true,110,110,29
1767653455722,29,200,true,110,110,29
1767653455724,27,200,true,110,110,27
1767653455723,28,200,true,110,110,27
1767653455721,30,200,true,110,110,30
1767653455725,27,200,true,110,110,27
1767653455723,29,200,true,110,110,29
1767653455706,47,200,true,110,110,47
1767653455723,30,200,true,110,110,30
1767653455723,30,200,true,110,110,30
1767653455722,31,200,true,110,110,31
1767653455709,45,200,true,110,110,43
1767653455721,33,200,true,110,110,32
1767653455708,46,200,true,110,110,46
1767653455724,31,200,true,110,110,31
1767653455723,32,200,true,110,110,32
1767653455722,33,200,true,110,110,33
1767653455724,31,200,true,110,110,30
1767653455723,32,200,true,110,110,32
1767653455724,32,200,true,110,110,31
1767653455721,35,200,true,110,110,35
1767653455724,32,200,true,110,110,32
1767653455723,33,200,true,110,110,33
1767653455723,33,200,true,110,110,33
1767653455721,35,200,true,110,110,35
1767653455721,35,200,true,110,110,35
1767653455723,33,200,true,110,110,33
1767653455720,37,200,true,110,110,37
1767653455721,37,200,true,110,110,37
1767653455725,33,200,true,110,110,33
1767653455721,37,200,true,110,110,37
1767653455722,36,200,true,110,110,36
1767653455723,35,200,true,110,110,35
1767653455725,33,200,true,110,110,33
1767653455720,39,200,true,110,110,39
1767653455735,28,200,true,110,110,28
1767653455737,26,200,true,110,110,26
1767653455741,22,200,true,110,110,22
1767653455729,34,200,true,110,110,34
1767653455740,24,200,true,110,110,24
1767653455740,24,200,true,110,110,24
1767653455737,27,200,true,110,110,27
1767653455726,38,200,true,110,110,38
1767653455726,38,200,true,110,110,38
1767653455735,29,200,true,110,110,29
1767653455740,24,200,true,110,110,24
1767653455739,25,200,true,110,110,25
1767653455739,26,200,true,110,110,26
1767653455737,28,200,true,110,110,28
1767653455740,25,200,true,110,110,25
1767653455737,28,200,true,110,110,28
1767653455740,25,200,true,110,110,25
1767653455740,25,200,true,110,110,25
1767653455734,31,200,true,110,110,31
1767653455741,24,200,true,110,110,24
1767653455737,29,200,true,110,110,29
1767653455730,36,200,true,110,110,36
1767653455740,26,200,true,110,110,26
1767653455741,25,200,true,110,110,25
1767653455740,26,200,true,110,110,26
1767653455741,25,200,true,110,110,25
1767653455734,32,200,true,110,110,32
1767653455729,37,200,true,110,110,37
1767653455735,31,200,true,110,110,31
1767653455726,40,200,true,110,110,40
1767653455740,26,200,true,110,110,25
1767653455734,32,200,true,110,110,32
1767653455740,27,200,true,110,110,27
1767653455739,28,200,true,110,110,28
1767653455735,32,200,true,110,110,32
1767653455737,30,200,true,110,110,30
1767653455736,31,200,true,110,110,29
1767653455738,29,200,true,110,110,29
1767653455738,30,200,true,110,110,30
1767653455730,38,200,true,110,110,38
1767653455739,29,200,true,110,110,29
1767653455735,44,200,true,110,110,44
1767653455741,38,200,true,110,110,38
1767653455729,50,200,true,110,110,50
1767653455753,26,200,true,110,110,26
1767653455752,28,200,true,110,110,28
1767653455746,34,200,true,110,110,34
1767653455739,42,200,true,110,110,42
1767653455745,36,200,true,110,110,36
1767653455754,27,200,true,110,110,27
1767653455730,51,200,true,110,110,51
1767653455745,36,200,true,110,110,36
1767653455750,32,200,true,110,110,32
1767653455754,28,200,true,110,110,28
1767653455724,61,200,true,110,110,61
1767653455750,35,200,true,110,110,35
1767653455751,34,200,true,110,110,34
1767653455736,49,200,true,110,110,49
1767653455753,32,200,true,110,110,32
1767653455730,55,200,true,110,110,55
1767653455734,51,200,true,110,110,51
1767653455726,60,200,true,110,110,60
1767653455746,40,200,true,110,110,40
1767653455739,47,200,true,110,110,47
1767653455745,41,200,true,110,110,41
1767653455742,44,200,true,110,110,44
1767653455741,45,200,true,110,110,45
1767653455751,35,200,true,110,110,35
1767653455752,35,200,true,110,110,35
1767653455741,46,200,true,110,110,46
1767653455741,46,200,true,110,110,46
1767653455751,36,200,true,110,110,36
1767653455751,36,200,true,110,110,36
1767653455741,47,200,true,110,110,47
1767653455745,43,200,true,110,110,43
1767653455739,49,200,true,110,110,49
1767653455741,47,200,true,110,110,47
1767653455741,47,200,true,110,110,47
1767653455751,37,200,true,110,110,37
1767653455746,47,200,true,110,110,47
1767653455756,37,200,true,110,110,37
1767653455757,36,200,true,110,110,36
1767653455751,42,200,true,110,110,42
1767653455756,38,200,true,110,110,38
1767653455753,41,200,true,110,110,41
1767653455753,42,200,true,110,110,42
1767653455745,51,200,true,110,110,51
1767653455751,45,200,true,110,110,45
1767653455745,52,200,true,110,110,52
1767653455756,41,200,true,110,110,41
1767653455756,41,200,true,110,110,41
1767653455755,42,200,true,110,110,42
1767653455758,39,200,true,110,110,39
1767653455745,52,200,true,110,110,52
1767653455745,52,200,true,110,110,52
1767653455755,43,200,true,110,110,43
1767653455756,43,200,true,110,110,43
1767653455754,45,200,true,110,110,45
1767653455767,47,200,true,110,110,47
1767653455758,56,200,true,110,110,56
1767653455758,56,200,true,110,110,56
1767653455766,48,200,true,110,110,48
1767653455765,49,200,true,110,110,49
1767653455763,51,200,true,110,110,51
1767653455763,52,200,true,110,110,52
1767653455766,49,200,true,110,110,49
1767653455768,47,200,true,110,110,47
1767653455758,57,200,true,110,110,57
1767653455766,49,200,true,110,110,49
1767653455763,52,200,true,110,110,52
1767653455766,49,200,true,110,110,49
1767653455765,50,200,true,110,110,50
1767653455766,50,200,true,110,110,50
1767653455766,50,200,true,110,110,50
1767653455767,49,200,true,110,110,49
1767653455764,52,200,true,110,110,52
1767653455765,51,200,true,110,110,51
1767653455767,49,200,true,110,110,49
1767653455758,58,200,true,110,110,58
1767653455768,48,200,true,110,110,48
1767653455766,50,200,true,110,110,50
1767653455765,52,200,true,110,110,52
1767653455757,60,200,true,110,110,60
1767653455765,52,200,true,110,110,52
1767653455758,59,200,true,110,110,59
1767653455765,52,200,true,110,110,51
1767653455755,62,200,true,110,110,60
1767653455781,38,200,true,110,110,38
1767653455785,34,200,true,110,110,34
1767653455779,40,200,true,110,110,40
1767653455786,33,200,true,110,110,33
1767653455782,37,200,true,110,110,37
1767653455785,34,200,true,110,110,34
1767653455766,53,200,true,110,110,53
1767653455788,32,200,true,110,110,32
1767653455765,55,200,true,110,110,55
1767653455765,55,200,true,110,110,55
1767653455785,35,200,true,110,110,35
1767653455765,55,200,true,110,110,55
1767653455759,61,200,true,110,110,61
1767653455786,34,200,true,110,110,34
1767653455766,54,200,true,110,110,54
1767653455786,34,200,true,110,110,34
1767653455799,21,200,true,110,110,21
1767653455764,56,200,true,110,110,56
1767653455786,35,200,true,110,110,35
1767653455786,35,200,true,110,110,35
1767653455764,57,200,true,110,110,57
1767653455799,22,200,true,110,110,22
1767653455788,33,200,true,110,110,33
1767653455797,24,200,true,110,110,24
1767653455797,24,200,true,110,110,24
1767653455794,27,200,true,110,110,27
1767653455787,34,200,true,110,110,34
1767653455798,23,200,true,110,110,23
1767653455798,23,200,true,110,110,23
1767653455787,34,200,true,110,110,34
1767653455781,40,200,true,110,110,40
1767653455797,25,200,true,110,110,25
1767653455788,34,200,true,110,110,34
1767653455788,34,200,true,110,110,34
1767653455794,28,200,true,110,110,28
1767653455782,40,200,true,110,110,40
1767653455786,36,200,true,110,110,36
1767653455797,25,200,true,110,110,25
1767653455787,35,200,true,110,110,35
1767653455780,43,200,true,110,110,43
1767653455779,44,200,true,110,110,44
1767653455781,42,200,true,110,110,42
1767653455798,25,200,true,110,110,25
1767653455787,36,200,true,110,110,36
1767653455814,9,200,true,110,110,9
1767653455795,28,200,true,110,110,28
1767653455764,59,200,true,110,110,59
1767653455785,38,200,true,110,110,38
1767653455796,27,200,true,110,110,27
1767653455766,57,200,true,110,110,57
1767653455768,56,200,true,110,110,56
1767653455797,27,200,true,110,110,27
1767653455786,38,200,true,110,110,38
1767653455767,57,200,true,110,110,57
1767653455767,57,200,true,110,110,57
1767653455764,63,200,true,110,110,63
1767653455764,64,200,true,110,110,64
1767653455793,35,200,true,110,110,35
1767653455780,48,200,true,110,110,48
1767653455785,43,200,true,110,110,43
1767653455768,60,200,true,110,110,60
1767653455788,40,200,true,110,110,40
1767653455820,8,200,true,110,110,8
1767653455781,47,200,true,110,110,47
1767653455822,6,200,true,110,110,6
1767653455822,6,200,true,110,110,6
1767653455788,41,200,true,110,110,41
1767653455756,73,200,true,110,110,73
1767653455793,36,200,true,110,110,36
1767653455793,36,200,true,110,110,36
1767653455796,33,200,true,110,110,33
1767653455756,73,200,true,110,110,73
1767653455767,62,200,true,110,110,62
1767653455786,43,200,true,110,110,43
1767653455764,65,200,true,110,110,65
1767653455768,61,200,true,110,110,61
1767653455755,75,200,true,110,110,75
1767653455794,36,200,true,110,110,25
1767653455755,75,200,true,110,110,62
1767653455788,42,200,true,110,110,33
1767653455763,67,200,true,110,110,59
1767653455785,45,200,true,110,110,38
1767653455779,51,200,true,110,110,51
1767653455779,51,200,true,110,110,51
1767653455781,50,200,true,110,110,50
1767653455814,25,200,true,110,110,25
1767653455821,18,200,true,110,110,18
1767653455821,18,200,true,110,110,18
1767653455820,20,200,true,110,110,20
1767653455821,19,200,true,110,110,19
1767653455816,24,200,true,110,110,24
1767653455814,26,200,true,110,110,26
1767653455828,13,200,true,110,110,13
1767653455828,13,200,true,110,110,13
1767653455820,21,200,true,110,110,21
1767653455821,21,200,true,110,110,21
1767653455821,21,200,true,110,110,21
1767653455816,26,200,true,110,110,26
1767653455815,27,200,true,110,110,27
1767653455823,21,200,true,110,110,21
1767653455815,30,200,true,110,110,30
1767653455828,17,200,true,110,110,17
1767653455819,36,200,true,110,110,36
1767653455822,33,200,true,110,110,33
1767653455815,40,200,true,110,110,40
1767653455829,38,200,true,110,110,38
1767653455828,39,200,true,110,110,39
1767653455819,48,200,true,110,110,48
1767653455819,48,200,true,110,110,48
1767653455823,44,200,true,110,110,44
1767653455816,51,200,true,110,110,51
1767653455816,52,200,true,110,110,52
1767653455816,52,200,true,110,110,52
1767653455820,48,200,true,110,110,48
1767653455823,45,200,true,110,110,45
1767653455816,52,200,true,110,110,52
1767653455822,46,200,true,110,110,46
1767653455824,44,200,true,110,110,44
1767653455823,45,200,true,110,110,45
1767653455823,45,200,true,110,110,45
1767653455824,44,200,true,110,110,44
1767653455821,47,200,true,110,110,47
1767653455824,45,200,true,110,110,44
1767653455829,40,200,true,110,110,40
1767653455817,52,200,true,110,110,52
1767653455815,54,200,true,110,110,54
1767653455814,56,200,true,110,110,56
1767653455829,41,200,true,110,110,41
1767653455829,41,200,true,110,110,41
1767653455820,50,200,true,110,110,50
1767653455823,48,200,true,110,110,48
1767653455815,56,200,true,110,110,56
1767653455814,57,200,true,110,110,56
1767653455820,57,200,true,110,110,57
1767653455821,56,200,true,110,110,56
1767653455822,55,200,true,110,110,55
1767653455816,61,200,true,110,110,61
1767653455824,53,200,true,110,110,53
1767653455831,47,200,true,110,110,46
1767653455817,61,200,true,110,110,61
1767653455821,57,200,true,110,110,57
1767653455829,50,200,true,110,110,50
1767653455822,57,200,true,110,110,57
1767653455816,63,200,true,110,110,63
1767653455816,63,200,true,110,110,63
1767653455830,49,200,true,110,110,49
1767653455817,62,200,true,110,110,62
1767653455829,50,200,true,110,110,50
1767653455816,63,200,true,110,110,63
1767653455817,62,200,true,110,110,62
1767653455829,51,200,true,110,110,51
1767653455820,60,200,true,110,110,60
1767653455819,61,200,true,110,110,61
1767653455817,64,200,true,110,110,64
1767653455820,61,200,true,110,110,61
1767653455845,36,200,true,110,110,36
1767653455822,59,200,true,110,110,59
1767653455822,59,200,true,110,110,59
1767653455828,53,200,true,110,110,53
1767653455828,53,200,true,110,110,52
1767653455841,41,200,true,110,110,38
1767653455829,53,200,true,110,110,52
1767653455820,62,200,true,110,110,62
1767653455823,59,200,true,110,110,59
1767653455824,58,200,true,110,110,58
1767653455829,53,200,true,110,110,52
1767653455830,52,200,true,110,110,52
1767653455828,55,200,true,110,110,54
1767653455819,64,200,true,110,110,63
1767653455817,66,200,true,110,110,62
1767653455830,53,200,true,110,110,51
1767653455816,67,200,true,110,110,67
1767653455815,68,200,true,110,110,68
1767653455823,60,200,true,110,110,60
1767653455821,63,200,true,110,110,63
1767653455821,64,200,true,110,110,64
1767653455840,45,200,true,110,110,45
1767653455870,15,200,true,110,110,15
1767653455841,44,200,true,110,110,44
1767653455823,62,200,true,110,110,62
1767653455870,16,200,true,110,110,16
1767653455828,58,200,true,110,110,58
1767653455824,62,200,true,110,110,62
1767653455821,65,200,true,110,110,65
1767653455841,45,200,true,110,110,45
1767653455868,18,200,true,110,110,18
1767653455830,56,200,true,110,110,56
1767653455821,65,200,true,110,110,65
1767653455819,67,200,true,110,110,67
1767653455820,67,200,true,110,110,67
1767653455830,57,200,true,110,110,57
1767653455840,47,200,true,110,110,47
1767653455842,46,200,true,110,110,46
1767653455839,49,200,true,110,110,49
1767653455839,50,200,true,110,110,50
1767653455824,65,200,true,110,110,65
1767653455828,62,200,true,110,110,62
1767653455840,50,200,true,110,110,50
1767653455815,75,200,true,110,110,75
1767653455880,10,200,true,110,110,10
1767653455869,22,200,true,110,110,22
1767653455867,24,200,true,110,110,24
1767653455830,61,200,true,110,110,61
1767653455867,24,200,true,110,110,24
1767653455868,24,200,true,110,110,24
1767653455821,71,200,true,110,110,71
1767653455869,24,200,true,110,110,24
1767653455830,63,200,true,110,110,63
1767653455868,25,200,true,110,110,25
1767653455868,25,200,true,110,110,25
1767653455842,51,200,true,110,110,51
1767653455868,25,200,true,110,110,25
1767653455870,24,200,true,110,110,24
1767653455871,24,200,true,110,110,24
1767653455855,40,200,true,110,110,40
1767653455855,40,200,true,110,110,40
1767653455822,73,200,true,110,110,73
1767653455871,24,200,true,110,110,24
1767653455829,66,200,true,110,110,66
1767653455869,27,200,true,110,110,27
1767653455881,15,200,true,110,110,15
1767653455830,66,200,true,110,110,66
1767653455855,41,200,true,110,110,41
1767653455881,15,200,true,110,110,15
1767653455870,26,200,true,110,110,26
1767653455881,15,200,true,110,110,15
1767653455845,51,200,true,110,110,51
1767653455867,29,200,true,110,110,29
1767653455820,77,200,true,110,110,75
1767653455883,14,200,true,110,110,14
1767653455841,56,200,true,110,110,56
1767653455868,29,200,true,110,110,29
1767653455842,56,200,true,110,110,47
1767653455879,19,200,true,110,110,19
1767653455868,30,200,true,110,110,30
1767653455830,68,200,true,110,110,68
1767653455881,17,200,true,110,110,17
1767653455830,69,200,true,110,110,69
1767653455869,30,200,true,110,110,30
1767653455883,16,200,true,110,110,16
1767653455882,17,200,true,110,110,17
1767653455879,20,200,true,110,110,20
1767653455882,18,200,true,110,110,18
1767653455879,21,200,true,110,110,21
1767653455868,32,200,true,110,110,18
1767653455879,21,200,true,110,110,21
1767653455879,21,200,true,110,110,21
1767653455867,33,200,true,110,110,33
1767653455881,19,200,true,110,110,19
1767653455845,55,200,true,110,110,42
1767653455868,32,200,true,110,110,32
1767653455842,58,200,true,110,110,54
1767653455868,33,200,true,110,110,29
1767653455878,23,200,true,110,110,23
1767653455867,34,200,true,110,110,34
1767653455839,62,200,true,110,110,62
1767653455883,19,200,true,110,110,19
1767653455870,32,200,true,110,110,32
1767653455871,31,200,true,110,110,31
1767653455879,29,200,true,110,110,29
1767653455880,29,200,true,110,110,29
1767653455883,26,200,true,110,110,26
1767653455877,32,200,true,110,110,32
1767653455867,42,200,true,110,110,42
1767653455896,17,200,true,110,110,17
1767653455884,29,200,true,110,110,29
1767653455879,34,200,true,110,110,34
1767653455885,29,200,true,110,110,29
1767653455896,19,200,true,110,110,19
1767653455886,29,200,true,110,110,29
1767653455880,35,200,true,110,110,35
1767653455890,25,200,true,110,110,25
1767653455894,21,200,true,110,110,21
1767653455879,36,200,true,110,110,36
1767653455899,16,200,true,110,110,16
1767653455887,28,200,true,110,110,28
1767653455894,21,200,true,110,110,21
1767653455878,37,200,true,110,110,37
1767653455882,34,200,true,110,110,34
1767653455882,34,200,true,110,110,34
1767653455882,34,200,true,110,110,34
1767653455878,38,200,true,110,110,38
1767653455881,35,200,true,110,110,35
1767653455882,34,200,true,110,110,34
1767653455877,39,200,true,110,110,39
1767653455884,33,200,true,110,110,33
1767653455883,34,200,true,110,110,34
1767653455892,25,200,true,110,110,25
1767653455891,26,200,true,110,110,26
1767653455877,40,200,true,110,110,40
1767653455879,38,200,true,110,110,38
1767653455884,33,200,true,110,110,33
1767653455881,36,200,true,110,110,35
1767653455878,44,200,true,110,110,44
1767653455884,38,200,true,110,110,34
1767653455891,49,200,true,110,110,49
1767653455887,53,200,true,110,110,53
1767653455896,44,200,true,110,110,44
1767653455901,40,200,true,110,110,40
1767653455896,45,200,true,110,110,45
1767653455902,39,200,true,110,110,39
1767653455900,41,200,true,110,110,41
1767653455900,41,200,true,110,110,41
1767653455893,48,200,true,110,110,48
1767653455895,46,200,true,110,110,46
1767653455886,56,200,true,110,110,56
1767653455899,43,200,true,110,110,43
1767653455886,56,200,true,110,110,56
1767653455886,56,200,true,110,110,56
1767653455913,29,200,true,110,110,29
1767653455897,45,200,true,110,110,45
1767653455885,58,200,true,110,110,58
1767653455896,47,200,true,110,110,47
1767653455891,52,200,true,110,110,52
1767653455893,50,200,true,110,110,50
1767653455888,55,200,true,110,110,55
1767653455896,47,200,true,110,110,47
1767653455896,47,200,true,110,110,47
1767653455892,51,200,true,110,110,51
1767653455900,44,200,true,110,110,44
1767653455899,45,200,true,110,110,45
1767653455898,46,200,true,110,110,46
1767653455901,43,200,true,110,110,43
1767653455895,49,200,true,110,110,49
1767653455886,58,200,true,110,110,58
1767653455901,43,200,true,110,110,43
1767653455895,49,200,true,110,110,49
1767653455890,55,200,true,110,110,55
1767653455898,47,200,true,110,110,47
1767653455902,43,200,true,110,110,43
1767653455886,60,200,true,110,110,60
1767653455877,69,200,true,110,110,69
1767653455890,56,200,true,110,110,56
1767653455915,31,200,true,110,110,31
1767653455900,46,200,true,110,110,46
1767653455894,52,200,true,110,110,52
1767653455897,49,200,true,110,110,49
1767653455898,49,200,true,110,110,49
1767653455885,62,200,true,110,110,62
1767653455895,52,200,true,110,110,52
1767653455886,61,200,true,110,110,61
1767653455893,54,200,true,110,110,54
1767653455915,32,200,true,110,110,32
1767653455909,38,200,true,110,110,38
1767653455886,61,200,true,110,110,61
1767653455909,38,200,true,110,110,38
1767653455885,62,200,true,110,110,62
1767653455890,57,200,true,110,110,57
1767653455900,48,200,true,110,110,48
1767653455891,57,200,true,110,110,57
1767653455913,35,200,true,110,110,35
1767653455888,60,200,true,110,110,60
1767653455900,48,200,true,110,110,48
1767653455902,46,200,true,110,110,46
1767653455913,35,200,true,110,110,35
1767653455899,49,200,true,110,110,49
1767653455899,49,200,true,110,110,49
1767653455901,47,200,true,110,110,47
1767653455893,55,200,true,110,110,55
1767653455887,61,200,true,110,110,61
1767653455915,34,200,true,110,110,34
1767653455889,60,200,true,110,110,60
1767653455897,52,200,true,110,110,52
1767653455900,49,200,true,110,110,49
1767653455897,53,200,true,110,110,53
1767653455909,41,200,true,110,110,41
1767653455908,42,200,true,110,110,42
1767653455896,54,200,true,110,110,54
1767653455909,41,200,true,110,110,41
1767653455885,65,200,true,110,110,65
1767653455895,55,200,true,110,110,55
1767653455889,62,200,true,110,110,62
1767653455901,50,200,true,110,110,50
1767653455899,52,200,true,110,110,52
1767653455900,52,200,true,110,110,52
1767653455886,66,200,true,110,110,62
1767653455896,56,200,true,110,110,52
1767653455895,57,200,true,110,110,55
1767653455900,52,200,true,110,110,51
1767653455916,37,200,true,110,110,37
1767653455900,53,200,true,110,110,53
1767653455917,36,200,true,110,110,36
1767653455915,38,200,true,110,110,38
1767653455916,37,200,true,110,110,37
1767653455916,37,200,true,110,110,37
1767653455915,38,200,true,110,110,38
1767653455917,36,200,true,110,110,36
1767653455916,37,200,true,110,110,37
1767653455917,36,200,true,110,110,36
1767653455914,41,200,true,110,110,41
1767653455915,40,200,true,110,110,40
1767653455915,41,200,true,110,110,41
1767653455917,39,200,true,110,110,39
1767653455923,34,200,true,110,110,34
1767653455917,40,200,true,110,110,40
1767653455916,42,200,true,110,110,42
1767653455916,42,200,true,110,110,42
1767653455917,41,200,true,110,110,41
1767653455923,35,200,true,110,110,35
1767653455915,44,200,true,110,110,39
1767653455917,43,200,true,110,110,43
1767653455915,45,200,true,110,110,45
1767653455917,43,200,true,110,110,43
1767653455915,50,200,true,110,110,50
1767653455916,49,200,true,110,110,49
1767653455942,25,200,true,110,110,25
1767653455948,20,200,true,110,110,20
1767653455940,28,200,true,110,110,28
1767653455947,21,200,true,110,110,21
1767653455947,21,200,true,110,110,21
1767653455948,21,200,true,110,110,21
1767653455943,26,200,true,110,110,26
1767653455947,22,200,true,110,110,22
1767653455946,26,200,true,110,110,26
1767653455947,27,200,true,110,110,27
1767653455947,28,200,true,110,110,28
1767653455948,32,200,true,110,110,32
1767653455942,38,200,true,110,110,38
1767653455948,33,200,true,110,110,33
1767653455947,34,200,true,110,110,34
1767653455945,36,200,true,110,110,36
1767653455948,33,200,true,110,110,33
1767653455944,37,200,true,110,110,37
1767653455944,38,200,true,110,110,38
1767653455947,35,200,true,110,110,35
1767653455942,40,200,true,110,110,40
1767653455944,38,200,true,110,110,38
1767653455948,34,200,true,110,110,34
1767653455941,42,200,true,110,110,42
1767653455944,39,200,true,110,110,39
1767653455943,42,200,true,110,110,42
1767653455942,43,200,true,110,110,43
1767653455947,38,200,true,110,110,38
1767653455943,42,200,true,110,110,42
1767653455943,42,200,true,110,110,42
1767653455940,46,200,true,110,110,46
1767653455947,39,200,true,110,110,39
1767653455941,45,200,true,110,110,45
1767653455944,43,200,true,110,110,42
1767653455942,45,200,true,110,110,45
1767653455941,46,200,true,110,110,46
1767653455947,40,200,true,110,110,40
1767653455951,36,200,true,110,110,36
1767653455949,39,200,true,110,110,38
1767653455946,42,200,true,110,110,42
1767653455942,46,200,true,110,110,46
1767653455940,48,200,true,110,110,48
1767653455948,40,200,true,110,110,40
1767653455941,47,200,true,110,110,47
1767653455943,45,200,true,110,110,45
1767653455943,45,200,true,110,110,45
1767653455948,41,200,true,110,110,41
1767653455947,43,200,true,110,110,43
1767653455947,43,200,true,110,110,43
1767653455944,46,200,true,110,110,46
1767653455948,42,200,true,110,110,42
1767653455949,42,200,true,110,110,42
1767653455950,41,200,true,110,110,41
1767653455949,43,200,true,110,110,43
1767653455945,47,200,true,110,110,47
1767653455947,47,200,true,110,110,47
1767653455946,49,200,true,110,110,49
1767653455949,46,200,true,110,110,46
1767653455944,52,200,true,110,110,52
1767653455942,54,200,true,110,110,54
1767653455945,51,200,true,110,110,51
1767653455941,55,200,true,110,110,55
1767653455948,49,200,true,110,110,49
1767653455943,54,200,true,110,110,54
1767653455951,46,200,true,110,110,46
1767653455944,54,200,true,110,110,54
1767653455951,47,200,true,110,110,47
1767653455956,42,200,true,110,110,42
1767653455953,45,200,true,110,110,45
1767653455951,47,200,true,110,110,47
1767653455949,49,200,true,110,110,49
1767653455944,54,200,true,110,110,54
1767653455948,50,200,true,110,110,50
1767653455952,46,200,true,110,110,46
1767653455950,49,200,true,110,110,49
1767653455950,50,200,true,110,110,49
1767653455953,47,200,true,110,110,47
1767653455950,50,200,true,110,110,49
1767653455942,58,200,true,110,110,57
1767653455952,48,200,true,110,110,48
1767653455953,47,200,true,110,110,47
1767653455948,53,200,true,110,110,53
1767653455952,50,200,true,110,110,50
1767653455960,42,200,true,110,110,42
1767653455946,57,200,true,110,110,55
1767653455953,51,200,true,110,110,51
1767653455950,54,200,true,110,110,54
1767653455956,48,200,true,110,110,48
1767653455957,47,200,true,110,110,47
1767653455950,55,200,true,110,110,55
1767653455952,53,200,true,110,110,53
1767653455953,55,200,true,110,110,55
1767653455955,53,200,true,110,110,53
1767653455958,50,200,true,110,110,50
1767653455955,54,200,true,110,110,54
1767653455968,41,200,true,110,110,41
1767653455968,41,200,true,110,110,41
1767653455968,41,200,true,110,110,41
1767653455966,43,200,true,110,110,43
1767653455969,40,200,true,110,110,40
1767653455952,57,200,true,110,110,57
1767653455975,34,200,true,110,110,34
1767653455969,42,200,true,110,110,42
1767653455953,59,200,true,110,110,56
1767653455960,52,200,true,110,110,52
1767653455958,54,200,true,110,110,54
1767653455953,60,200,true,110,110,60
1767653455957,56,200,true,110,110,56
1767653455959,54,200,true,110,110,54
1767653455954,59,200,true,110,110,59
1767653455958,55,200,true,110,110,55
1767653455958,56,200,true,110,110,56
1767653455953,61,200,true,110,110,61
1767653455965,49,200,true,110,110,49
1767653455954,60,200,true,110,110,60
1767653455960,55,200,true,110,110,55
1767653455982,35,200,true,110,110,34
1767653455983,35,200,true,110,110,35
1767653455974,44,200,true,110,110,44
1767653455969,49,200,true,110,110,49
1767653455987,31,200,true,110,110,31
1767653455981,38,200,true,110,110,38
1767653455967,52,200,true,110,110,52
1767653455982,37,200,true,110,110,37
1767653455981,38,200,true,110,110,38
1767653455981,39,200,true,110,110,39
1767653455968,52,200,true,110,110,52
1767653455972,48,200,true,110,110,48
1767653455987,37,200,true,110,110,37
1767653455980,44,200,true,110,110,44
1767653455988,36,200,true,110,110,36
1767653455983,41,200,true,110,110,41
1767653455982,42,200,true,110,110,42
1767653455981,43,200,true,110,110,43
1767653455988,36,200,true,110,110,36
1767653455982,42,200,true,110,110,42
1767653455988,37,200,true,110,110,37
1767653455988,37,200,true,110,110,37
1767653455985,41,200,true,110,110,41
1767653455997,30,200,true,110,110,30
1767653456000,27,200,true,110,110,27
1767653455998,29,200,true,110,110,29
1767653455990,37,200,true,110,110,37
1767653455985,42,200,true,110,110,42
1767653455991,36,200,true,110,110,36
1767653455988,39,200,true,110,110,39
1767653455988,40,200,true,110,110,40
1767653455987,41,200,true,110,110,41
1767653455986,42,200,true,110,110,42
1767653455981,47,200,true,110,110,47
1767653455995,33,200,true,110,110,33
1767653455982,46,200,true,110,110,46
1767653455991,38,200,true,110,110,37
1767653455990,39,200,true,110,110,39
1767653455990,39,200,true,110,110,39
1767653455992,37,200,true,110,110,37
1767653455990,39,200,true,110,110,39
1767653455998,32,200,true,110,110,32
1767653455992,39,200,true,110,110,39
1767653455997,34,200,true,110,110,34
1767653456000,31,200,true,110,110,31
1767653455990,41,200,true,110,110,41
1767653455988,43,200,true,110,110,43
1767653455996,35,200,true,110,110,35
1767653456004,28,200,true,110,110,28
1767653455994,38,200,true,110,110,38
1767653455995,37,200,true,110,110,37
1767653455998,34,200,true,110,110,34
1767653455996,37,200,true,110,110,36
1767653455998,35,200,true,110,110,34
1767653455998,35,200,true,110,110,35
1767653455997,36,200,true,110,110,36
1767653455998,36,200,true,110,110,35
1767653456012,22,200,true,110,110,22
1767653456009,25,200,true,110,110,25
1767653456004,30,200,true,110,110,30
1767653456011,23,200,true,110,110,23
1767653456009,25,200,true,110,110,25
1767653456005,30,200,true,110,110,30
1767653456009,26,200,true,110,110,26
1767653456013,22,200,true,110,110,21
1767653456009,26,200,true,110,110,26
1767653456013,22,200,true,110,110,22
1767653456005,30,200,true,110,110,30
1767653455996,39,200,true,110,110,37
1767653456010,25,200,true,110,110,25
1767653455987,48,200,true,110,110,48
1767653455997,39,200,true,110,110,39
1767653456013,23,200,true,110,110,23
1767653456012,24,200,true,110,110,24
1767653456009,30,200,true,110,110,30
1767653455985,54,200,true,110,110,54
1767653455988,52,200,true,110,110,52
1767653455980,60,200,true,110,110,60
1767653455988,52,200,true,110,110,52
1767653455986,55,200,true,110,110,55
1767653455985,57,200,true,110,110,57
1767653455985,57,200,true,110,110,57
1767653456000,46,200,true,110,110,46
1767653456001,45,200,true,110,110,45
1767653456000,46,200,true,110,110,46
1767653456000,47,200,true,110,110,47
1767653456000,47,200,true,110,110,47
1767653456002,45,200,true,110,110,45
1767653455999,48,200,true,110,110,48
1767653455999,48,200,true,110,110,48
1767653456002,46,200,true,110,110,46
1767653455998,50,200,true,110,110,50
1767653456018,31,200,true,110,110,31
1767653456024,26,200,true,110,110,26
1767653456009,41,200,true,110,110,41
1767653456029,22,200,true,110,110,22
1767653456009,42,200,true,110,110,42
1767653456009,42,200,true,110,110,42
1767653456013,38,200,true,110,110,38
1767653455998,53,200,true,110,110,53
1767653456013,39,200,true,110,110,39
1767653456003,49,200,true,110,110,49
1767653456008,45,200,true,110,110,44
1767653455986,67,200,true,110,110,67
1767653456025,28,200,true,110,110,28
1767653456014,39,200,true,110,110,39
1767653456026,27,200,true,110,110,27
1767653456004,49,200,true,110,110,49
1767653456028,25,200,true,110,110,25
1767653456004,49,200,true,110,110,49
1767653456024,29,200,true,110,110,26
1767653456012,41,200,true,110,110,41
1767653456029,29,200,true,110,110,29
1767653456027,31,200,true,110,110,31
1767653456017,41,200,true,110,110,41
1767653456008,50,200,true,110,110,50
1767653456024,34,200,true,110,110,34
1767653456024,34,200,true,110,110,34
1767653456019,39,200,true,110,110,39
1767653456014,44,200,true,110,110,44
1767653456020,38,200,true,110,110,38
1767653456020,38,200,true,110,110,38
1767653456019,39,200,true,110,110,39
1767653456032,26,200,true,110,110,26
1767653456035,23,200,true,110,110,23
1767653456024,34,200,true,110,110,34
1767653456026,32,200,true,110,110,32
1767653456027,31,200,true,110,110,31
1767653456024,35,200,true,110,110,35
1767653456028,31,200,true,110,110,31
1767653456032,27,200,true,110,110,27
1767653456024,35,200,true,110,110,35
1767653456024,35,200,true,110,110,35
1767653456032,28,200,true,110,110,28
1767653456031,30,200,true,110,110,30
1767653456031,30,200,true,110,110,30
1767653456027,34,200,true,110,110,33
1767653456028,33,200,true,110,110,33
1767653456027,34,200,true,110,110,34
1767653456014,47,200,true,110,110,47
1767653456018,43,200,true,110,110,43
1767653456019,43,200,true,110,110,43
1767653456014,48,200,true,110,110,48
1767653456029,33,200,true,110,110,33
1767653456019,43,200,true,110,110,43
1767653456028,34,200,true,110,110,34
1767653456018,44,200,true,110,110,44
1767653456034,28,200,true,110,110,28
1767653456020,42,200,true,110,110,42
1767653456019,43,200,true,110,110,43
1767653456015,48,200,true,110,110,47
1767653456031,32,200,true,110,110,32
1767653456029,35,200,true,110,110,35
1767653456028,59,200,true,110,110,59
1767653456040,47,200,true,110,110,47
1767653456042,45,200,true,110,110,45
1767653456047,40,200,true,110,110,40
1767653456046,41,200,true,110,110,41
1767653456039,48,200,true,110,110,48
1767653456047,40,200,true,110,110,40
1767653456035,52,200,true,110,110,52
1767653456035,52,200,true,110,110,52
1767653456058,29,200,true,110,110,29
1767653456047,40,200,true,110,110,40
1767653456035,52,200,true,110,110,52
1767653456050,37,200,true,110,110,37
1767653456035,52,200,true,110,110,52
1767653456053,34,200,true,110,110,34
1767653456035,53,200,true,110,110,53
1767653456032,56,200,true,110,110,56
1767653456051,37,200,true,110,110,37
1767653456030,58,200,true,110,110,58
1767653456058,30,200,true,110,110,30
1767653456031,58,200,true,110,110,57
1767653456047,42,200,true,110,110,42
1767653456036,53,200,true,110,110,53
1767653456064,25,200,true,110,110,25
1767653456046,43,200,true,110,110,43
1767653456034,55,200,true,110,110,55
1767653456031,58,200,true,110,110,58
1767653456035,54,200,true,110,110,54
1767653456053,36,200,true,110,110,36
1767653456034,55,200,true,110,110,55
1767653456039,50,200,true,110,110,50
1767653456058,32,200,true,110,110,32
1767653456034,56,200,true,110,110,56
1767653456036,54,200,true,110,110,54
1767653456059,31,200,true,110,110,31
1767653456040,50,200,true,110,110,50
1767653456042,49,200,true,110,110,49
1767653456062,29,200,true,110,110,29
1767653456033,58,200,true,110,110,56
1767653456033,58,200,true,110,110,57
1767653456035,56,200,true,110,110,55
1767653456040,51,200,true,110,110,51
1767653456028,63,200,true,110,110,63
1767653456035,57,200,true,110,110,57
1767653456035,57,200,true,110,110,57
1767653456036,56,200,true,110,110,56
1767653456029,63,200,true,110,110,63
1767653456041,51,200,true,110,110,51
1767653456051,41,200,true,110,110,41
1767653456027,65,200,true,110,110,65
1767653456028,64,200,true,110,110,64
1767653456031,62,200,true,110,110,62
1767653456027,66,200,true,110,110,66
1767653456033,60,200,true,110,110,60
1767653456059,34,200,true,110,110,34
1767653456035,59,200,true,110,110,59
1767653456035,59,200,true,110,110,59
1767653456063,31,200,true,110,110,31
1767653456062,34,200,true,110,110,34
1767653456053,43,200,true,110,110,43
1767653456047,49,200,true,110,110,49
1767653456062,34,200,true,110,110,34
1767653456058,38,200,true,110,110,38
1767653456061,35,200,true,110,110,35
1767653456061,35,200,true,110,110,35
1767653456063,33,200,true,110,110,33
1767653456051,46,200,true,110,110,46
1767653456062,35,200,true,110,110,35
1767653456058,39,200,true,110,110,39
1767653456051,46,200,true,110,110,46
1767653456061,36,200,true,110,110,36
1767653456053,44,200,true,110,110,44
1767653456053,45,200,true,110,110,45
1767653456052,46,200,true,110,110,46
1767653456062,36,200,true,110,110,36
1767653456049,49,200,true,110,110,49
1767653456058,40,200,true,110,110,40
1767653456062,36,200,true,110,110,36
1767653456058,40,200,true,110,110,40
1767653456052,46,200,true,110,110,46
1767653456058,40,200,true,110,110,40
1767653456060,38,200,true,110,110,38
1767653456062,36,200,true,110,110,36
1767653456048,50,200,true,110,110,50
1767653456062,36,200,true,110,110,36
1767653456061,37,200,true,110,110,37
1767653456058,41,200,true,110,110,41
1767653456061,38,200,true,110,110,38
1767653456062,37,200,true,110,110,37
1767653456058,41,200,true,110,110,41
1767653456059,40,200,true,110,110,40
1767653456051,48,200,true,110,110,48
1767653456062,37,200,true,110,110,37
1767653456053,46,200,true,110,110,46
1767653456048,51,200,true,110,110,51
1767653456058,41,200,true,110,110,41
1767653456053,46,200,true,110,110,46
1767653456058,41,200,true,110,110,41
1767653456051,48,200,true,110,110,48
1767653456059,40,200,true,110,110,40
1767653456047,52,200,true,110,110,52
1767653456058,42,200,true,110,110,42
1767653456060,40,200,true,110,110,40
1767653456053,47,200,true,110,110,47
1767653456058,42,200,true,110,110,42
1767653456053,47,200,true,110,110,47
1767653456059,41,200,true,110,110,41
1767653456062,38,200,true,110,110,38
1767653456053,47,200,true,110,110,47
1767653456058,42,200,true,110,110,42
1767653456093,8,200,true,110,110,8
1767653456090,11,200,true,110,110,11
1767653456089,26,200,true,110,110,26
1767653456087,28,200,true,110,110,28
1767653456092,23,200,true,110,110,23
1767653456087,28,200,true,110,110,28
1767653456087,29,200,true,110,110,29
1767653456088,28,200,true,110,110,28
1767653456087,29,200,true,110,110,28
1767653456088,28,200,true,110,110,28
1767653456087,29,200,true,110,110,29
1767653456088,28,200,true,110,110,28
1767653456089,27,200,true,110,110,27
1767653456092,24,200,true,110,110,24
1767653456091,30,200,true,110,110,30
1767653456089,32,200,true,110,110,32
1767653456087,35,200,true,110,110,35
1767653456093,29,200,true,110,110,29
1767653456092,30,200,true,110,110,30
1767653456091,31,200,true,110,110,31
1767653456094,28,200,true,110,110,28
1767653456093,29,200,true,110,110,29
1767653456087,35,200,true,110,110,35
1767653456089,34,200,true,110,110,34
1767653456087,36,200,true,110,110,36
1767653456087,36,200,true,110,110,36
1767653456092,31,200,true,110,110,31
1767653456091,32,200,true,110,110,32
1767653456092,31,200,true,110,110,31
1767653456091,33,200,true,110,110,33
1767653456091,33,200,true,110,110,33
1767653456092,32,200,true,110,110,32
1767653456090,34,200,true,110,110,34
1767653456087,40,200,true,110,110,40
1767653456091,36,200,true,110,110,36
1767653456089,38,200,true,110,110,38
1767653456088,39,200,true,110,110,39
1767653456089,49,200,true,110,110,49
1767653456093,45,200,true,110,110,45
1767653456089,49,200,true,110,110,49
1767653456096,43,200,true,110,110,43
1767653456091,48,200,true,110,110,48
1767653456088,51,200,true,110,110,51
1767653456089,50,200,true,110,110,50
1767653456087,52,200,true,110,110,52
1767653456094,45,200,true,110,110,45
1767653456089,50,200,true,110,110,50
1767653456096,43,200,true,110,110,43
1767653456089,50,200,true,110,110,50
1767653456089,50,200,true,110,110,50
1767653456092,47,200,true,110,110,47
1767653456094,45,200,true,110,110,45
1767653456096,44,200,true,110,110,44
1767653456097,43,200,true,110,110,43
1767653456087,53,200,true,110,110,53
1767653456090,50,200,true,110,110,50
1767653456090,50,200,true,110,110,50
1767653456087,53,200,true,110,110,53
1767653456087,53,200,true,110,110,53
1767653456096,45,200,true,110,110,45
1767653456087,54,200,true,110,110,54
1767653456093,48,200,true,110,110,47
1767653456091,50,200,true,110,110,49
1767653456096,46,200,true,110,110,45
1767653456099,53,200,true,110,110,53
1767653456098,54,200,true,110,110,54
1767653456098,54,200,true,110,110,54
1767653456116,37,200,true,110,110,37
1767653456099,54,200,true,110,110,54
1767653456100,53,200,true,110,110,53
1767653456100,53,200,true,110,110,53
1767653456096,58,200,true,110,110,58
1767653456099,55,200,true,110,110,55
1767653456116,38,200,true,110,110,38
1767653456099,55,200,true,110,110,55
1767653456116,38,200,true,110,110,38
1767653456098,56,200,true,110,110,56
1767653456099,55,200,true,110,110,55
1767653456098,56,200,true,110,110,56
1767653456097,58,200,true,110,110,58
1767653456100,55,200,true,110,110,55
1767653456099,56,200,true,110,110,56
1767653456116,39,200,true,110,110,39
1767653456097,58,200,true,110,110,58
1767653456116,40,200,true,110,110,40
1767653456098,58,200,true,110,110,58
1767653456099,57,200,true,110,110,57
1767653456099,57,200,true,110,110,57
1767653456099,57,200,true,110,110,57
1767653456098,58,200,true,110,110,58
1767653456100,56,200,true,110,110,56
1767653456098,59,200,true,110,110,59
1767653456098,59,200,true,110,110,59
1767653456101,56,200,true,110,110,56
1767653456100,57,200,true,110,110,57
1767653456116,41,200,true,110,110,41
1767653456099,58,200,true,110,110,58
1767653456115,42,200,true,110,110,42
1767653456098,59,200,true,110,110,59
1767653456116,42,200,true,110,110,42
1767653456098,60,200,true,110,110,60
1767653456098,60,200,true,110,110,60
1767653456101,58,200,true,110,110,58
1767653456100,59,200,true,110,110,59
1767653456097,62,200,true,110,110,62
1767653456121,38,200,true,110,110,38
1767653456123,36,200,true,110,110,36
1767653456097,63,200,true,110,110,63
1767653456097,63,200,true,110,110,63
1767653456123,37,200,true,110,110,37
1767653456140,20,200,true,110,110,20
1767653456127,34,200,true,110,110,34
1767653456140,21,200,true,110,110,21
1767653456121,44,200,true,110,110,44
1767653456122,44,200,true,110,110,44
1767653456123,44,200,true,110,110,44
1767653456127,40,200,true,110,110,40
1767653456139,28,200,true,110,110,28
1767653456140,28,200,true,110,110,28
1767653456122,46,200,true,110,110,46
1767653456100,68,200,true,110,110,68
1767653456099,69,200,true,110,110,69
1767653456138,30,200,true,110,110,30
1767653456123,45,200,true,110,110,45
1767653456124,44,200,true,110,110,44
1767653456140,28,200,true,110,110,28
1767653456122,46,200,true,110,110,46
1767653456139,29,200,true,110,110,29
1767653456099,69,200,true,110,110,69
1767653456116,52,200,true,110,110,52
1767653456140,29,200,true,110,110,28
1767653456116,53,200,true,110,110,53
1767653456140,29,200,true,110,110,29
1767653456124,45,200,true,110,110,45
1767653456140,29,200,true,110,110,29
1767653456098,71,200,true,110,110,71
1767653456100,69,200,true,110,110,69
1767653456098,72,200,true,110,110,72
1767653456098,72,200,true,110,110,72
1767653456097,73,200,true,110,110,73
1767653456123,48,200,true,110,110,48
1767653456124,47,200,true,110,110,47
1767653456122,50,200,true,110,110,50
1767653456138,34,200,true,110,110,34
1767653456124,48,200,true,110,110,40
1767653456141,31,200,true,110,110,31
1767653456116,56,200,true,110,110,56
1767653456139,33,200,true,110,110,33
1767653456142,30,200,true,110,110,30
1767653456115,57,200,true,110,110,57
1767653456141,31,200,true,110,110,31
1767653456099,74,200,true,110,110,73
1767653456141,32,200,true,110,110,32
1767653456140,33,200,true,110,110,33
1767653456139,34,200,true,110,110,34
1767653456139,34,200,true,110,110,34
1767653456123,50,200,true,110,110,50
1767653456100,74,200,true,110,110,74
1767653456139,35,200,true,110,110,35
1767653456127,47,200,true,110,110,47
1767653456099,75,200,true,110,110,75
1767653456123,51,200,true,110,110,51
1767653456123,51,200,true,110,110,51
1767653456127,47,200,true,110,110,46
1767653456122,52,200,true,110,110,46
1767653456138,36,200,true,110,110,36
1767653456140,34,200,true,110,110,34
1767653456141,33,200,true,110,110,33
1767653456139,36,200,true,110,110,36
1767653456139,36,200,true,110,110,35
1767653456097,78,200,true,110,110,78
1767653456099,77,200,true,110,110,76
1767653456153,31,200,true,110,110,31
1767653456154,30,200,true,110,110,30
1767653456152,32,200,true,110,110,32
1767653456154,30,200,true,110,110,30
1767653456139,45,200,true,110,110,45
1767653456154,31,200,true,110,110,31
1767653456155,30,200,true,110,110,30
1767653456154,31,200,true,110,110,31
1767653456155,30,200,true,110,110,30
1767653456169,17,200,true,110,110,17
1767653456153,33,200,true,110,110,33
1767653456157,29,200,true,110,110,29
1767653456160,26,200,true,110,110,26
1767653456157,29,200,true,110,110,29
1767653456157,29,200,true,110,110,29
1767653456160,26,200,true,110,110,26
1767653456160,27,200,true,110,110,27
1767653456159,28,200,true,110,110,28
1767653456158,29,200,true,110,110,29
1767653456157,30,200,true,110,110,29
1767653456155,32,200,true,110,110,32
1767653456155,33,200,true,110,110,33
1767653456153,36,200,true,110,110,36
1767653456156,33,200,true,110,110,33
1767653456160,30,200,true,110,110,30
1767653456152,38,200,true,110,110,38
1767653456154,36,200,true,110,110,36
1767653456154,37,200,true,110,110,37
1767653456159,32,200,true,110,110,32
1767653456156,35,200,true,110,110,35
1767653456159,32,200,true,110,110,32
1767653456156,36,200,true,110,110,36
1767653456157,35,200,true,110,110,35
1767653456152,40,200,true,110,110,40
1767653456157,35,200,true,110,110,35
1767653456161,31,200,true,110,110,31
1767653456156,36,200,true,110,110,36
1767653456170,23,200,true,110,110,23
1767653456139,54,200,true,110,110,53
1767653456161,32,200,true,110,110,32
1767653456153,40,200,true,110,110,39
1767653456155,38,200,true,110,110,38
1767653456154,39,200,true,110,110,39
1767653456167,26,200,true,110,110,26
1767653456157,36,200,true,110,110,36
1767653456158,35,200,true,110,110,35
1767653456155,39,200,true,110,110,39
1767653456158,36,200,true,110,110,36
1767653456157,37,200,true,110,110,37
1767653456156,38,200,true,110,110,38
1767653456170,24,200,true,110,110,24
1767653456157,37,200,true,110,110,37
1767653456173,21,200,true,110,110,21
1767653456159,36,200,true,110,110,36
1767653456156,39,200,true,110,110,39
1767653456168,38,200,true,110,110,38
1767653456172,34,200,true,110,110,34
1767653456173,34,200,true,110,110,34
1767653456174,33,200,true,110,110,33
1767653456169,38,200,true,110,110,38
1767653456168,44,200,true,110,110,39
1767653456174,39,200,true,110,110,39
1767653456174,48,200,true,110,110,48
1767653456172,50,200,true,110,110,50
1767653456167,55,200,true,110,110,55
1767653456176,46,200,true,110,110,46
1767653456171,51,200,true,110,110,51
1767653456172,50,200,true,110,110,50
1767653456165,57,200,true,110,110,57
1767653456169,53,200,true,110,110,53
1767653456168,54,200,true,110,110,54
1767653456169,53,200,true,110,110,53
1767653456174,49,200,true,110,110,49
1767653456168,55,200,true,110,110,55
1767653456174,49,200,true,110,110,49
1767653456174,49,200,true,110,110,49
1767653456175,48,200,true,110,110,48
1767653456168,55,200,true,110,110,55
1767653456168,55,200,true,110,110,55
1767653456169,54,200,true,110,110,54
1767653456167,56,200,true,110,110,56
1767653456168,55,200,true,110,110,55
1767653456174,50,200,true,110,110,50
1767653456175,49,200,true,110,110,49
1767653456170,54,200,true,110,110,54
1767653456172,52,200,true,110,110,52
1767653456174,50,200,true,110,110,50
1767653456173,52,200,true,110,110,52
1767653456173,52,200,true,110,110,52
1767653456174,51,200,true,110,110,51
1767653456187,38,200,true,110,110,38
1767653456168,57,200,true,110,110,57
1767653456168,57,200,true,110,110,57
1767653456172,53,200,true,110,110,53
1767653456185,41,200,true,110,110,41
1767653456184,42,200,true,110,110,42
1767653456169,58,200,true,110,110,58
1767653456168,59,200,true,110,110,59
1767653456175,52,200,true,110,110,52
1767653456187,40,200,true,110,110,40
1767653456185,43,200,true,110,110,43
1767653456195,33,200,true,110,110,33
1767653456190,38,200,true,110,110,38
1767653456184,44,200,true,110,110,44
1767653456193,35,200,true,110,110,35
1767653456187,41,200,true,110,110,41
1767653456191,37,200,true,110,110,37
1767653456172,56,200,true,110,110,56
1767653456168,61,200,true,110,110,61
1767653456189,40,200,true,110,110,40
1767653456193,36,200,true,110,110,36
1767653456193,36,200,true,110,110,36
1767653456193,36,200,true,110,110,36
1767653456187,43,200,true,110,110,43
1767653456190,40,200,true,110,110,39
1767653456184,47,200,true,110,110,47
1767653456193,38,200,true,110,110,38
1767653456172,59,200,true,110,110,59
1767653456167,64,200,true,110,110,64
1767653456172,59,200,true,110,110,59
1767653456194,37,200,true,110,110,37
1767653456174,57,200,true,110,110,57
1767653456172,59,200,true,110,110,59
1767653456192,39,200,true,110,110,39
1767653456188,43,200,true,110,110,43
1767653456174,57,200,true,110,110,57
1767653456168,64,200,true,110,110,64
1767653456184,48,200,true,110,110,48
1767653456192,40,200,true,110,110,40
1767653456173,59,200,true,110,110,52
1767653456171,61,200,true,110,110,55
1767653456192,40,200,true,110,110,40
1767653456193,39,200,true,110,110,39
1767653456186,46,200,true,110,110,46
1767653456186,46,200,true,110,110,46
1767653456185,47,200,true,110,110,47
1767653456187,45,200,true,110,110,45
1767653456187,46,200,true,110,110,46
1767653456191,42,200,true,110,110,42
1767653456184,49,200,true,110,110,49
1767653456194,39,200,true,110,110,39
1767653456191,42,200,true,110,110,42
1767653456161,72,200,true,110,110,65
1767653456174,59,200,true,110,110,55
1767653456170,63,200,true,110,110,58
1767653456193,41,200,true,110,110,41
1767653456193,41,200,true,110,110,41
1767653456187,47,200,true,110,110,47
1767653456192,42,200,true,110,110,42
1767653456192,42,200,true,110,110,42
1767653456186,48,200,true,110,110,47
1767653456194,40,200,true,110,110,40
1767653456186,48,200,true,110,110,48
1767653456190,44,200,true,110,110,44
1767653456190,45,200,true,110,110,45
1767653456194,41,200,true,110,110,41
1767653456185,50,200,true,110,110,50
1767653456191,45,200,true,110,110,45
1767653456193,43,200,true,110,110,43
1767653456195,41,200,true,110,110,41
1767653456186,50,200,true,110,110,50
1767653456194,43,200,true,110,110,43
1767653456207,30,200,true,110,110,30
1767653456207,31,200,true,110,110,31
1767653456195,43,200,true,110,110,43
1767653456206,32,200,true,110,110,32
1767653456207,31,200,true,110,110,31
1767653456212,28,200,true,110,110,28
1767653456213,28,200,true,110,110,28
1767653456193,48,200,true,110,110,48
1767653456222,19,200,true,110,110,19
1767653456223,18,200,true,110,110,18
1767653456223,19,200,true,110,110,19
1767653456222,20,200,true,110,110,20
1767653456223,19,200,true,110,110,19
1767653456222,20,200,true,110,110,20
1767653456223,19,200,true,110,110,19
1767653456222,21,200,true,110,110,21
1767653456223,20,200,true,110,110,20
1767653456223,20,200,true,110,110,20
1767653456207,36,200,true,110,110,36
1767653456223,20,200,true,110,110,20
1767653456222,22,200,true,110,110,22
1767653456194,50,200,true,110,110,50
1767653456222,22,200,true,110,110,22
1767653456223,21,200,true,110,110,21
1767653456229,15,200,true,110,110,15
1767653456223,21,200,true,110,110,21
1767653456223,21,200,true,110,110,21
1767653456226,18,200,true,110,110,18
1767653456222,23,200,true,110,110,21
1767653456230,15,200,true,110,110,15
1767653456229,19,200,true,110,110,19
1767653456234,22,200,true,110,110,22
1767653456224,33,200,true,110,110,32
1767653456223,34,200,true,110,110,34
1767653456228,29,200,true,110,110,29
1767653456232,25,200,true,110,110,25
1767653456231,26,200,true,110,110,26
1767653456234,23,200,true,110,110,23
1767653456229,28,200,true,110,110,28
1767653456236,21,200,true,110,110,21
1767653456225,32,200,true,110,110,32
1767653456223,34,200,true,110,110,34
1767653456231,26,200,true,110,110,26
1767653456231,26,200,true,110,110,26
1767653456233,25,200,true,110,110,25
1767653456225,33,200,true,110,110,33
1767653456233,25,200,true,110,110,25
1767653456226,32,200,true,110,110,32
1767653456234,24,200,true,110,110,24
1767653456232,26,200,true,110,110,26
1767653456227,31,200,true,110,110,31
1767653456228,30,200,true,110,110,30
1767653456231,28,200,true,110,110,28
1767653456224,35,200,true,110,110,35
1767653456233,26,200,true,110,110,26
1767653456233,26,200,true,110,110,26
1767653456231,28,200,true,110,110,28
1767653456232,43,200,true,110,110,43
1767653456236,39,200,true,110,110,39
1767653456234,41,200,true,110,110,41
1767653456230,45,200,true,110,110,45
1767653456232,43,200,true,110,110,43
1767653456241,34,200,true,110,110,34
1767653456228,47,200,true,110,110,47
1767653456232,43,200,true,110,110,43
1767653456245,30,200,true,110,110,30
1767653456231,45,200,true,110,110,45
1767653456244,32,200,true,110,110,32
1767653456235,41,200,true,110,110,41
1767653456233,43,200,true,110,110,43
1767653456231,45,200,true,110,110,45
1767653456231,45,200,true,110,110,45
1767653456229,47,200,true,110,110,47
1767653456236,40,200,true,110,110,40
1767653456244,32,200,true,110,110,32
1767653456241,35,200,true,110,110,35
1767653456228,48,200,true,110,110,48
1767653456232,44,200,true,110,110,44
1767653456233,43,200,true,110,110,43
1767653456237,39,200,true,110,110,39
1767653456234,42,200,true,110,110,42
1767653456224,53,200,true,110,110,53
1767653456227,50,200,true,110,110,50
1767653456232,45,200,true,110,110,45
1767653456228,49,200,true,110,110,49
1767653456224,54,200,true,110,110,54
1767653456233,45,200,true,110,110,45
1767653456238,40,200,true,110,110,40
1767653456232,46,200,true,110,110,43
1767653456234,46,200,true,110,110,46
1767653456238,42,200,true,110,110,42
1767653456242,38,200,true,110,110,38
1767653456232,48,200,true,110,110,48
1767653456238,42,200,true,110,110,42
1767653456244,36,200,true,110,110,36
1767653456243,37,200,true,110,110,37
1767653456235,45,200,true,110,110,45
1767653456242,38,200,true,110,110,38
1767653456244,36,200,true,110,110,36
1767653456242,39,200,true,110,110,39
1767653456236,45,200,true,110,110,45
1767653456241,40,200,true,110,110,40
1767653456243,38,200,true,110,110,38
1767653456241,40,200,true,110,110,40
1767653456232,49,200,true,110,110,49
1767653456243,38,200,true,110,110,38
1767653456227,54,200,true,110,110,54
1767653456241,40,200,true,110,110,40
1767653456244,37,200,true,110,110,37
1767653456238,43,200,true,110,110,43
1767653456228,53,200,true,110,110,53
1767653456238,43,200,true,110,110,43
1767653456243,39,200,true,110,110,39
1767653456242,40,200,true,110,110,40
1767653456225,57,200,true,110,110,57
1767653456231,51,200,true,110,110,51
1767653456231,51,200,true,110,110,51
1767653456225,57,200,true,110,110,57
1767653456224,58,200,true,110,110,58
1767653456244,38,200,true,110,110,38
1767653456228,54,200,true,110,110,54
1767653456243,39,200,true,110,110,39
1767653456229,53,200,true,110,110,53
1767653456234,48,200,true,110,110,48
1767653456225,58,200,true,110,110,58
1767653456235,48,200,true,110,110,48
1767653456225,58,200,true,110,110,58
1767653456233,50,200,true,110,110,50
1767653456231,52,200,true,110,110,52
1767653456229,54,200,true,110,110,54
1767653456234,49,200,true,110,110,49
1767653456225,58,200,true,110,110,58
1767653456228,55,200,true,110,110,55
1767653456243,40,200,true,110,110,40
1767653456224,59,200,true,110,110,59
1767653456232,51,200,true,110,110,48
1767653456235,49,200,true,110,110,49
1767653456244,45,200,true,110,110,43
1767653456257,36,200,true,110,110,36
1767653456257,36,200,true,110,110,36
1767653456258,35,200,true,110,110,35
1767653456258,35,200,true,110,110,35
1767653456258,35,200,true,110,110,35
1767653456258,36,200,true,110,110,36
1767653456257,37,200,true,110,110,37
1767653456259,35,200,true,110,110,35
1767653456257,37,200,true,110,110,37
1767653456259,36,200,true,110,110,36
1767653456257,38,200,true,110,110,38
1767653456245,51,200,true,110,110,51
1767653456257,39,200,true,110,110,39
1767653456258,38,200,true,110,110,38
1767653456248,48,200,true,110,110,48
1767653456244,52,200,true,110,110,52
1767653456257,39,200,true,110,110,39
1767653456259,37,200,true,110,110,37
1767653456258,38,200,true,110,110,38
1767653456257,39,200,true,110,110,39
1767653456257,40,200,true,110,110,40
1767653456257,41,200,true,110,110,40
1767653456256,42,200,true,110,110,42
1767653456277,35,200,true,110,110,35
1767653456276,36,200,true,110,110,36
1767653456276,36,200,true,110,110,36
1767653456275,44,200,true,110,110,44
1767653456280,39,200,true,110,110,39
1767653456277,42,200,true,110,110,42
1767653456277,42,200,true,110,110,42
1767653456283,37,200,true,110,110,37
1767653456283,37,200,true,110,110,37
1767653456281,39,200,true,110,110,39
1767653456276,44,200,true,110,110,44
1767653456276,45,200,true,110,110,45
1767653456282,39,200,true,110,110,39
1767653456281,40,200,true,110,110,40
1767653456275,46,200,true,110,110,46
1767653456278,43,200,true,110,110,43
1767653456276,46,200,true,110,110,46
1767653456277,45,200,true,110,110,45
1767653456283,39,200,true,110,110,39
1767653456283,39,200,true,110,110,39
1767653456281,41,200,true,110,110,39
1767653456259,63,200,true,110,110,63
1767653456276,47,200,true,110,110,47
1767653456280,43,200,true,110,110,43
1767653456277,46,200,true,110,110,46
1767653456276,47,200,true,110,110,47
1767653456280,43,200,true,110,110,43
1767653456259,65,200,true,110,110,65
1767653456281,43,200,true,110,110,43
1767653456275,49,200,true,110,110,49
1767653456257,67,200,true,110,110,67
1767653456282,42,200,true,110,110,42
1767653456279,45,200,true,110,110,45
1767653456276,48,200,true,110,110,48
1767653456281,43,200,true,110,110,43
1767653456258,66,200,true,110,110,66
1767653456280,44,200,true,110,110,44
1767653456276,48,200,true,110,110,48
1767653456281,43,200,true,110,110,43
1767653456278,47,200,true,110,110,47
1767653456275,50,200,true,110,110,50
1767653456275,50,200,true,110,110,50
1767653456276,49,200,true,110,110,49
1767653456275,50,200,true,110,110,48
1767653456278,47,200,true,110,110,47
1767653456275,50,200,true,110,110,50
1767653456276,49,200,true,110,110,49
1767653456281,44,200,true,110,110,44
1767653456258,67,200,true,110,110,67
1767653456277,48,200,true,110,110,48
1767653456282,43,200,true,110,110,43
1767653456257,69,200,true,110,110,69
1767653456277,49,200,true,110,110,49
1767653456281,45,200,true,110,110,45
1767653456281,45,200,true,110,110,45
1767653456275,52,200,true,110,110,52
1767653456280,47,200,true,110,110,46
1767653456276,59,200,true,110,110,59
1767653456293,42,200,true,110,110,42
1767653456294,42,200,true,110,110,42
1767653456293,43,200,true,110,110,43
1767653456293,43,200,true,110,110,43
1767653456280,56,200,true,110,110,56
1767653456281,55,200,true,110,110,55
1767653456284,52,200,true,110,110,52
1767653456293,44,200,true,110,110,44
1767653456282,55,200,true,110,110,55
1767653456283,54,200,true,110,110,54
1767653456280,57,200,true,110,110,57
1767653456296,42,200,true,110,110,42
1767653456282,56,200,true,110,110,56
1767653456294,44,200,true,110,110,44
1767653456296,42,200,true,110,110,42
1767653456283,56,200,true,110,110,56
1767653456283,56,200,true,110,110,56
1767653456283,56,200,true,110,110,56
1767653456296,43,200,true,110,110,43
1767653456297,42,200,true,110,110,42
1767653456296,44,200,true,110,110,43
1767653456282,58,200,true,110,110,58
1767653456289,51,200,true,110,110,51
1767653456320,20,200,true,110,110,20
1767653456283,57,200,true,110,110,57
1767653456280,60,200,true,110,110,60
1767653456280,61,200,true,110,110,61
1767653456296,45,200,true,110,110,45
1767653456282,59,200,true,110,110,56
1767653456297,44,200,true,110,110,44
1767653456296,45,200,true,110,110,41
1767653456296,45,200,true,110,110,45
1767653456276,65,200,true,110,110,65
1767653456283,58,200,true,110,110,58
1767653456293,48,200,true,110,110,45
1767653456283,58,200,true,110,110,58
1767653456282,60,200,true,110,110,60
1767653456281,61,200,true,110,110,61
1767653456282,60,200,true,110,110,60
1767653456281,61,200,true,110,110,61
1767653456281,61,200,true,110,110,61
1767653456298,44,200,true,110,110,44
1767653456312,30,200,true,110,110,30
1767653456282,60,200,true,110,110,60
1767653456297,45,200,true,110,110,45
1767653456312,30,200,true,110,110,30
1767653456281,62,200,true,110,110,62
1767653456312,31,200,true,110,110,31
1767653456296,47,200,true,110,110,47
1767653456294,49,200,true,110,110,49
1767653456324,19,200,true,110,110,19
1767653456283,60,200,true,110,110,60
1767653456298,46,200,true,110,110,46
1767653456283,61,200,true,110,110,61
1767653456294,50,200,true,110,110,50
1767653456282,62,200,true,110,110,62
1767653456295,49,200,true,110,110,49
1767653456323,24,200,true,110,110,24
1767653456322,26,200,true,110,110,25
1767653456324,24,200,true,110,110,24
1767653456325,23,200,true,110,110,23
1767653456325,23,200,true,110,110,23
1767653456319,29,200,true,110,110,29
1767653456322,27,200,true,110,110,27
1767653456325,24,200,true,110,110,24
1767653456322,27,200,true,110,110,27
1767653456324,25,200,true,110,110,25
1767653456324,25,200,true,110,110,25
1767653456319,30,200,true,110,110,30
1767653456321,31,200,true,110,110,31
1767653456323,29,200,true,110,110,29
1767653456320,32,200,true,110,110,32
1767653456321,31,200,true,110,110,31
1767653456320,32,200,true,110,110,32
1767653456325,28,200,true,110,110,24
1767653456324,29,200,true,110,110,29
1767653456324,29,200,true,110,110,29
1767653456323,30,200,true,110,110,30
1767653456319,34,200,true,110,110,34
1767653456325,30,200,true,110,110,30
1767653456325,30,200,true,110,110,30
1767653456325,31,200,true,110,110,31
1767653456326,30,200,true,110,110,30
1767653456324,32,200,true,110,110,32
1767653456323,33,200,true,110,110,33
1767653456320,36,200,true,110,110,36
1767653456324,33,200,true,110,110,29
1767653456321,36,200,true,110,110,36
1767653456324,33,200,true,110,110,33
1767653456325,32,200,true,110,110,32
1767653456324,34,200,true,110,110,34
1767653456336,36,200,true,110,110,36
1767653456323,49,200,true,110,110,49
1767653456342,30,200,true,110,110,30
1767653456339,33,200,true,110,110,33
1767653456340,32,200,true,110,110,32
1767653456341,31,200,true,110,110,31
1767653456338,34,200,true,110,110,34
1767653456324,48,200,true,110,110,48
1767653456325,47,200,true,110,110,47
1767653456337,35,200,true,110,110,35
1767653456342,30,200,true,110,110,30
1767653456327,45,200,true,110,110,45
1767653456340,32,200,true,110,110,32
1767653456340,32,200,true,110,110,32
1767653456339,33,200,true,110,110,33
1767653456338,34,200,true,110,110,34
1767653456326,46,200,true,110,110,46
1767653456339,33,200,true,110,110,33
1767653456326,47,200,true,110,110,47
1767653456340,33,200,true,110,110,33
1767653456338,35,200,true,110,110,35
1767653456323,50,200,true,110,110,50
1767653456340,33,200,true,110,110,33
1767653456323,51,200,true,110,110,51
1767653456336,38,200,true,110,110,38
1767653456321,53,200,true,110,110,53
1767653456325,50,200,true,110,110,50
1767653456340,35,200,true,110,110,35
1767653456324,53,200,true,110,110,53
1767653456336,42,200,true,110,110,42
1767653456326,52,200,true,110,110,52
1767653456335,43,200,true,110,110,43
1767653456327,51,200,true,110,110,51
1767653456337,42,200,true,110,110,42
1767653456326,61,200,true,110,110,61
1767653456319,68,200,true,110,110,68
1767653456339,48,200,true,110,110,48
1767653456338,49,200,true,110,110,49
1767653456336,51,200,true,110,110,51
1767653456343,45,200,true,110,110,45
1767653456342,46,200,true,110,110,46
1767653456341,47,200,true,110,110,47
1767653456321,68,200,true,110,110,68
1767653456343,46,200,true,110,110,46
1767653456342,47,200,true,110,110,47
1767653456344,45,200,true,110,110,45
1767653456337,52,200,true,110,110,52
1767653456348,41,200,true,110,110,41
1767653456341,48,200,true,110,110,48
1767653456341,49,200,true,110,110,49
1767653456322,68,200,true,110,110,68
1767653456356,34,200,true,110,110,34
1767653456325,65,200,true,110,110,65
1767653456352,38,200,true,110,110,38
1767653456341,49,200,true,110,110,49
1767653456348,42,200,true,110,110,42
1767653456348,42,200,true,110,110,42
1767653456353,37,200,true,110,110,37
1767653456349,42,200,true,110,110,42
1767653456353,38,200,true,110,110,38
1767653456336,55,200,true,110,110,55
1767653456344,47,200,true,110,110,47
1767653456344,47,200,true,110,110,47
1767653456357,34,200,true,110,110,34
1767653456349,42,200,true,110,110,42
1767653456337,54,200,true,110,110,54
1767653456343,48,200,true,110,110,48
1767653456349,42,200,true,110,110,42
1767653456342,49,200,true,110,110,49
1767653456336,55,200,true,110,110,55
1767653456343,49,200,true,110,110,49
1767653456341,51,200,true,110,110,51
1767653456341,51,200,true,110,110,51
1767653456341,51,200,true,110,110,51
1767653456342,50,200,true,110,110,50
1767653456352,40,200,true,110,110,40
1767653456342,50,200,true,110,110,50
1767653456336,56,200,true,110,110,56
1767653456353,39,200,true,110,110,39
1767653456344,49,200,true,110,110,49
1767653456348,45,200,true,110,110,45
1767653456357,36,200,true,110,110,36
1767653456352,41,200,true,110,110,41
1767653456341,52,200,true,110,110,52
1767653456353,40,200,true,110,110,40
1767653456349,44,200,true,110,110,44
1767653456356,37,200,true,110,110,37
1767653456352,41,200,true,110,110,40
1767653456349,44,200,true,110,110,44
1767653456357,36,200,true,110,110,36
1767653456357,36,200,true,110,110,36
1767653456342,51,200,true,110,110,51
1767653456349,44,200,true,110,110,44
1767653456356,37,200,true,110,110,37
1767653456348,45,200,true,110,110,45
1767653456342,51,200,true,110,110,51
1767653456353,41,200,true,110,110,41
1767653456343,51,200,true,110,110,51
1767653456341,53,200,true,110,110,50
1767653456340,54,200,true,110,110,54
1767653456343,51,200,true,110,110,51
1767653456348,46,200,true,110,110,46
1767653456352,43,200,true,110,110,43
1767653456344,51,200,true,110,110,51
1767653456356,39,200,true,110,110,39
1767653456358,37,200,true,110,110,37
1767653456342,54,200,true,110,110,54
1767653456355,41,200,true,110,110,41
1767653456356,45,200,true,110,110,45
1767653456372,30,200,true,110,110,30
1767653456355,47,200,true,110,110,47
1767653456374,28,200,true,110,110,28
1767653456372,33,200,true,110,110,33
1767653456372,36,200,true,110,110,36
1767653456372,36,200,true,110,110,36
1767653456372,36,200,true,110,110,36
1767653456387,22,200,true,110,110,22
1767653456373,36,200,true,110,110,36
1767653456375,34,200,true,110,110,34
1767653456372,37,200,true,110,110,37
1767653456372,45,200,true,110,110,45
1767653456378,39,200,true,110,110,39
1767653456372,45,200,true,110,110,45
1767653456372,45,200,true,110,110,45
1767653456374,44,200,true,110,110,43
1767653456373,45,200,true,110,110,45
1767653456373,45,200,true,110,110,45
1767653456372,47,200,true,110,110,47
1767653456387,32,200,true,110,110,32
1767653456373,46,200,true,110,110,46
1767653456387,32,200,true,110,110,32
1767653456373,47,200,true,110,110,47
1767653456372,48,200,true,110,110,48
1767653456372,48,200,true,110,110,48
1767653456387,33,200,true,110,110,33
1767653456375,46,200,true,110,110,46
1767653456372,49,200,true,110,110,49
1767653456372,49,200,true,110,110,49
1767653456373,48,200,true,110,110,48
1767653456372,49,200,true,110,110,49
1767653456390,31,200,true,110,110,31
1767653456390,31,200,true,110,110,31
1767653456372,49,200,true,110,110,49
1767653456393,28,200,true,110,110,28
1767653456378,43,200,true,110,110,43
1767653456393,28,200,true,110,110,28
1767653456377,45,200,true,110,110,45
1767653456378,44,200,true,110,110,44
1767653456378,44,200,true,110,110,44
1767653456391,31,200,true,110,110,31
1767653456388,34,200,true,110,110,34
1767653456380,42,200,true,110,110,42
1767653456391,31,200,true,110,110,31
1767653456392,31,200,true,110,110,31
1767653456372,51,200,true,110,110,51
1767653456374,49,200,true,110,110,49
1767653456389,34,200,true,110,110,34
1767653456391,33,200,true,110,110,33
1767653456394,45,200,true,110,110,45
1767653456391,48,200,true,110,110,48
1767653456390,49,200,true,110,110,49
1767653456389,50,200,true,110,110,50
1767653456390,50,200,true,110,110,50
1767653456392,48,200,true,110,110,48
1767653456391,49,200,true,110,110,49
1767653456389,51,200,true,110,110,51
1767653456394,47,200,true,110,110,47
1767653456393,48,200,true,110,110,48
1767653456395,46,200,true,110,110,46
1767653456390,51,200,true,110,110,51
1767653456391,50,200,true,110,110,50
1767653456388,53,200,true,110,110,53
1767653456393,48,200,true,110,110,48
1767653456390,52,200,true,110,110,52
1767653456393,49,200,true,110,110,49
1767653456392,50,200,true,110,110,50
1767653456395,47,200,true,110,110,47
1767653456392,50,200,true,110,110,50
1767653456393,50,200,true,110,110,50
1767653456391,52,200,true,110,110,52
1767653456393,50,200,true,110,110,50
1767653456392,51,200,true,110,110,51
1767653456389,54,200,true,110,110,54
1767653456393,51,200,true,110,110,51
1767653456389,55,200,true,110,110,55
1767653456391,53,200,true,110,110,53
1767653456390,54,200,true,110,110,54
1767653456391,53,200,true,110,110,53
1767653456390,54,200,true,110,110,54
1767653456394,50,200,true,110,110,50
1767653456391,53,200,true,110,110,53
1767653456389,56,200,true,110,110,56
1767653456391,54,200,true,110,110,51
1767653456391,54,200,true,110,110,54
1767653456393,52,200,true,110,110,50
1767653456393,52,200,true,110,110,52
1767653456393,52,200,true,110,110,52
1767653456394,51,200,true,110,110,50
1767653456392,54,200,true,110,110,54
1767653456393,53,200,true,110,110,53
1767653456392,54,200,true,110,110,54
1767653456424,22,200,true,110,110,22
1767653456393,53,200,true,110,110,53
1767653456422,24,200,true,110,110,24
1767653456389,57,200,true,110,110,57
1767653456408,38,200,true,110,110,38
1767653456393,54,200,true,110,110,54
1767653456422,25,200,true,110,110,25
1767653456422,25,200,true,110,110,25
1767653456395,52,200,true,110,110,52
1767653456388,59,200,true,110,110,59
1767653456409,38,200,true,110,110,38
1767653456422,25,200,true,110,110,25
1767653456423,24,200,true,110,110,24
1767653456421,26,200,true,110,110,26
1767653456393,54,200,true,110,110,49
1767653456421,26,200,true,110,110,26
1767653456421,26,200,true,110,110,26
1767653456421,27,200,true,110,110,27
1767653456394,54,200,true,110,110,54
1767653456394,54,200,true,110,110,54
1767653456421,27,200,true,110,110,27
1767653456409,40,200,true,110,110,40
1767653456423,26,200,true,110,110,26
1767653456392,57,200,true,110,110,57
1767653456396,53,200,true,110,110,53
1767653456419,34,200,true,110,110,34
1767653456421,33,200,true,110,110,33
1767653456419,35,200,true,110,110,35
1767653456410,44,200,true,110,110,44
1767653456408,46,200,true,110,110,46
1767653456421,33,200,true,110,110,33
1767653456417,37,200,true,110,110,37
1767653456408,46,200,true,110,110,46
1767653456420,35,200,true,110,110,35
1767653456421,34,200,true,110,110,34
1767653456419,36,200,true,110,110,36
1767653456422,33,200,true,110,110,33
1767653456402,53,200,true,110,110,53
1767653456402,54,200,true,110,110,54
1767653456418,38,200,true,110,110,38
1767653456393,63,200,true,110,110,63
1767653456402,54,200,true,110,110,54
1767653456391,65,200,true,110,110,65
1767653456409,47,200,true,110,110,47
1767653456389,67,200,true,110,110,67
1767653456401,55,200,true,110,110,55
1767653456421,35,200,true,110,110,35
1767653456417,39,200,true,110,110,39
1767653456423,33,200,true,110,110,33
1767653456393,63,200,true,110,110,63
1767653456405,51,200,true,110,110,51
1767653456422,35,200,true,110,110,35
1767653456419,38,200,true,110,110,38
1767653456420,37,200,true,110,110,37
1767653456395,62,200,true,110,110,62
1767653456421,36,200,true,110,110,36
1767653456418,40,200,true,110,110,40
1767653456394,64,200,true,110,110,64
1767653456420,38,200,true,110,110,38
1767653456396,62,200,true,110,110,61
1767653456421,37,200,true,110,110,37
1767653456418,40,200,true,110,110,40
1767653456422,37,200,true,110,110,37
1767653456422,37,200,true,110,110,37
1767653456423,37,200,true,110,110,37
1767653456417,43,200,true,110,110,43
1767653456442,19,200,true,110,110,19
1767653456441,20,200,true,110,110,20
1767653456441,21,200,true,110,110,21
1767653456442,20,200,true,110,110,20
1767653456444,19,200,true,110,110,19
1767653456417,46,200,true,110,110,46
1767653456442,21,200,true,110,110,21
1767653456440,26,200,true,110,110,23
1767653456444,24,200,true,110,110,24
1767653456440,31,200,true,110,110,31
1767653456441,30,200,true,110,110,30
1767653456446,25,200,true,110,110,25
1767653456445,28,200,true,110,110,28
1767653456441,32,200,true,110,110,32
1767653456443,30,200,true,110,110,30
1767653456440,34,200,true,110,110,34
1767653456444,30,200,true,110,110,30
1767653456439,35,200,true,110,110,35
1767653456443,31,200,true,110,110,31
1767653456446,29,200,true,110,110,29
1767653456441,34,200,true,110,110,34
1767653456446,29,200,true,110,110,29
1767653456445,31,200,true,110,110,31
1767653456446,30,200,true,110,110,30
1767653456445,31,200,true,110,110,31
1767653456443,34,200,true,110,110,34
1767653456445,32,200,true,110,110,32
1767653456444,33,200,true,110,110,33
1767653456446,31,200,true,110,110,31
1767653456439,38,200,true,110,110,38
1767653456442,36,200,true,110,110,36
1767653456446,32,200,true,110,110,32
1767653456444,34,200,true,110,110,34
1767653456440,38,200,true,110,110,38
1767653456444,35,200,true,110,110,35
1767653456440,39,200,true,110,110,39
1767653456445,34,200,true,110,110,34
1767653456441,38,200,true,110,110,38
1767653456443,37,200,true,110,110,37
1767653456446,34,200,true,110,110,34
1767653456443,38,200,true,110,110,34
1767653456447,35,200,true,110,110,35
1767653456454,29,200,true,110,110,29
1767653456447,36,200,true,110,110,36
1767653456449,40,200,true,110,110,40
1767653456445,44,200,true,110,110,44
1767653456447,42,200,true,110,110,42
1767653456456,33,200,true,110,110,33
1767653456447,43,200,true,110,110,43
1767653456456,34,200,true,110,110,34
1767653456458,32,200,true,110,110,32
1767653456456,34,200,true,110,110,34
1767653456447,43,200,true,110,110,43
1767653456455,35,200,true,110,110,35
1767653456454,37,200,true,110,110,37
1767653456441,50,200,true,110,110,50
1767653456453,38,200,true,110,110,38
1767653456454,37,200,true,110,110,36
1767653456456,35,200,true,110,110,35
1767653456443,48,200,true,110,110,48
1767653456455,36,200,true,110,110,36
1767653456447,44,200,true,110,110,44
1767653456455,36,200,true,110,110,36
1767653456446,45,200,true,110,110,45
1767653456445,46,200,true,110,110,46
1767653456456,36,200,true,110,110,36
1767653456456,36,200,true,110,110,36
1767653456456,36,200,true,110,110,36
1767653456457,35,200,true,110,110,35
1767653456457,35,200,true,110,110,35
1767653456447,45,200,true,110,110,45
1767653456463,30,200,true,110,110,29
1767653456455,38,200,true,110,110,38
1767653456461,32,200,true,110,110,32
1767653456448,45,200,true,110,110,45
1767653456460,33,200,true,110,110,33
1767653456460,33,200,true,110,110,33
1767653456460,34,200,true,110,110,34
1767653456446,48,200,true,110,110,48
1767653456445,49,200,true,110,110,49
1767653456456,38,200,true,110,110,38
1767653456454,42,200,true,110,110,42
1767653456447,49,200,true,110,110,48
1767653456449,47,200,true,110,110,46
1767653456448,49,200,true,110,110,48
1767653456447,50,200,true,110,110,48
1767653456449,48,200,true,110,110,44
1767653456456,41,200,true,110,110,37
1767653456449,48,200,true,110,110,47
1767653456457,42,200,true,110,110,42
1767653456447,52,200,true,110,110,52
1767653456456,43,200,true,110,110,43
1767653456458,42,200,true,110,110,42
1767653456458,42,200,true,110,110,42
1767653456455,45,200,true,110,110,45
1767653456456,44,200,true,110,110,44
1767653456458,42,200,true,110,110,42
1767653456454,46,200,true,110,110,46
1767653456457,43,200,true,110,110,43
1767653456479,21,200,true,110,110,21
1767653456448,53,200,true,110,110,52
1767653456462,39,200,true,110,110,39
1767653456478,23,200,true,110,110,23
1767653456482,19,200,true,110,110,19
1767653456462,39,200,true,110,110,39
1767653456458,43,200,true,110,110,43
1767653456459,42,200,true,110,110,42
1767653456457,44,200,true,110,110,44
1767653456442,59,200,true,110,110,59
1767653456456,45,200,true,110,110,45
1767653456447,54,200,true,110,110,54
1767653456461,40,200,true,110,110,40
1767653456449,52,200,true,110,110,52
1767653456447,54,200,true,110,110,53
1767653456456,46,200,true,110,110,46
1767653456480,22,200,true,110,110,22
1767653456457,45,200,true,110,110,45
1767653456479,23,200,true,110,110,23
1767653456458,44,200,true,110,110,44
1767653456480,22,200,true,110,110,22
1767653456466,36,200,true,110,110,36
1767653456456,46,200,true,110,110,46
1767653456475,31,200,true,110,110,31
1767653456471,35,200,true,110,110,35
1767653456476,30,200,true,110,110,30
1767653456476,30,200,true,110,110,30
1767653456474,32,200,true,110,110,32
1767653456476,30,200,true,110,110,30
1767653456474,33,200,true,110,110,33
1767653456477,33,200,true,110,110,33
1767653456475,36,200,true,110,110,36
1767653456476,35,200,true,110,110,35
1767653456479,32,200,true,110,110,32
1767653456473,39,200,true,110,110,39
1767653456481,31,200,true,110,110,31
1767653456480,32,200,true,110,110,32
1767653456483,29,200,true,110,110,29
1767653456483,31,200,true,110,110,31
1767653456477,37,200,true,110,110,37
1767653456479,35,200,true,110,110,35
1767653456477,37,200,true,110,110,37
1767653456463,52,200,true,110,110,52
1767653456474,41,200,true,110,110,41
1767653456477,40,200,true,110,110,40
1767653456471,46,200,true,110,110,46
1767653456478,39,200,true,110,110,39
1767653456477,41,200,true,110,110,41
1767653456478,40,200,true,110,110,40
1767653456474,44,200,true,110,110,43
1767653456471,47,200,true,110,110,47
1767653456463,56,200,true,110,110,55
1767653456501,26,200,true,110,110,26
1767653456473,54,200,true,110,110,54
1767653456499,28,200,true,110,110,28
1767653456500,28,200,true,110,110,28
1767653456491,40,200,true,110,110,40
1767653456492,40,200,true,110,110,40
1767653456491,41,200,true,110,110,41
1767653456491,42,200,true,110,110,42
1767653456499,36,200,true,110,110,36
1767653456501,35,200,true,110,110,35
1767653456491,45,200,true,110,110,45
1767653456473,63,200,true,110,110,63
1767653456491,45,200,true,110,110,45
1767653456500,36,200,true,110,110,36
1767653456468,68,200,true,110,110,68
1767653456491,45,200,true,110,110,45
1767653456493,43,200,true,110,110,43
1767653456490,46,200,true,110,110,46
1767653456493,43,200,true,110,110,43
1767653456501,35,200,true,110,110,35
1767653456501,35,200,true,110,110,35
1767653456497,40,200,true,110,110,40
1767653456502,35,200,true,110,110,35
1767653456492,45,200,true,110,110,45
1767653456500,37,200,true,110,110,37
1767653456499,38,200,true,110,110,38
1767653456494,43,200,true,110,110,43
1767653456491,46,200,true,110,110,46
1767653456493,44,200,true,110,110,44
1767653456501,37,200,true,110,110,37
1767653456501,38,200,true,110,110,36
1767653456500,41,200,true,110,110,41
1767653456502,39,200,true,110,110,39
1767653456500,41,200,true,110,110,41
1767653456502,39,200,true,110,110,39
1767653456506,35,200,true,110,110,35
1767653456506,36,200,true,110,110,35
1767653456490,52,200,true,110,110,52
1767653456489,53,200,true,110,110,53
1767653456506,36,200,true,110,110,36
1767653456491,51,200,true,110,110,51
1767653456501,41,200,true,110,110,41
1767653456497,45,200,true,110,110,45
1767653456492,50,200,true,110,110,50
1767653456489,53,200,true,110,110,53
1767653456512,30,200,true,110,110,30
1767653456490,52,200,true,110,110,52
1767653456492,50,200,true,110,110,50
1767653456502,40,200,true,110,110,40
1767653456491,51,200,true,110,110,51
1767653456511,32,200,true,110,110,32
1767653456494,49,200,true,110,110,49
1767653456491,52,200,true,110,110,52
1767653456490,53,200,true,110,110,53
1767653456501,42,200,true,110,110,42
1767653456494,49,200,true,110,110,49
1767653456500,43,200,true,110,110,43
1767653456501,42,200,true,110,110,42
1767653456511,33,200,true,110,110,33
1767653456496,48,200,true,110,110,48
1767653456512,32,200,true,110,110,32
1767653456491,53,200,true,110,110,53
1767653456493,51,200,true,110,110,51
1767653456490,54,200,true,110,110,54
1767653456493,51,200,true,110,110,51
1767653456501,43,200,true,110,110,43
1767653456489,55,200,true,110,110,55
1767653456502,42,200,true,110,110,42
1767653456491,53,200,true,110,110,53
1767653456491,53,200,true,110,110,53
1767653456497,47,200,true,110,110,47
1767653456497,47,200,true,110,110,47
1767653456510,34,200,true,110,110,34
1767653456501,43,200,true,110,110,43
1767653456517,28,200,true,110,110,28
1767653456502,43,200,true,110,110,43
1767653456514,31,200,true,110,110,31
1767653456492,53,200,true,110,110,53
1767653456514,31,200,true,110,110,31
1767653456518,27,200,true,110,110,27
1767653456506,39,200,true,110,110,37
1767653456507,38,200,true,110,110,38
1767653456500,46,200,true,110,110,46
1767653456503,43,200,true,110,110,43
1767653456501,45,200,true,110,110,45
1767653456514,32,200,true,110,110,32
1767653456496,50,200,true,110,110,49
1767653456500,46,200,true,110,110,43
1767653456515,34,200,true,110,110,34
1767653456494,55,200,true,110,110,55
1767653456518,31,200,true,110,110,31
1767653456493,56,200,true,110,110,56
1767653456501,48,200,true,110,110,48
1767653456492,58,200,true,110,110,58
1767653456518,32,200,true,110,110,32
1767653456501,49,200,true,110,110,49
1767653456496,55,200,true,110,110,55
1767653456527,28,200,true,110,110,28
1767653456514,41,200,true,110,110,41
1767653456531,24,200,true,110,110,24
1767653456518,37,200,true,110,110,37
1767653456511,45,200,true,110,110,44
1767653456527,29,200,true,110,110,29
1767653456533,23,200,true,110,110,23
1767653456527,29,200,true,110,110,29
1767653456502,54,200,true,110,110,54
1767653456532,24,200,true,110,110,24
1767653456498,58,200,true,110,110,58
1767653456506,50,200,true,110,110,50
1767653456533,23,200,true,110,110,23
1767653456515,41,200,true,110,110,41
1767653456506,50,200,true,110,110,50
1767653456537,20,200,true,110,110,20
1767653456536,21,200,true,110,110,21
1767653456512,45,200,true,110,110,45
1767653456528,28,200,true,110,110,28
1767653456537,20,200,true,110,110,20
1767653456537,20,200,true,110,110,20
1767653456537,20,200,true,110,110,20
1767653456512,45,200,true,110,110,45
1767653456536,21,200,true,110,110,21
1767653456537,20,200,true,110,110,20
1767653456536,21,200,true,110,110,21
1767653456537,25,200,true,110,110,25
1767653456519,43,200,true,110,110,43
1767653456536,26,200,true,110,110,26
1767653456536,27,200,true,110,110,27
1767653456536,27,200,true,110,110,23
1767653456537,26,200,true,110,110,26
1767653456517,46,200,true,110,110,46
1767653456517,46,200,true,110,110,46
1767653456536,27,200,true,110,110,27
1767653456538,30,200,true,110,110,30
1767653456542,26,200,true,110,110,26
1767653456537,31,200,true,110,110,31
1767653456537,41,200,true,110,110,31
1767653456539,39,200,true,110,110,39
1767653456545,33,200,true,110,110,33
1767653456537,41,200,true,110,110,41
1767653456541,38,200,true,110,110,38
1767653456541,41,200,true,110,110,41
1767653456537,45,200,true,110,110,45
1767653456542,41,200,true,110,110,41
1767653456541,42,200,true,110,110,42
1767653456544,39,200,true,110,110,39
1767653456537,46,200,true,110,110,46
1767653456543,40,200,true,110,110,40
1767653456536,47,200,true,110,110,47
1767653456550,34,200,true,110,110,34
1767653456537,47,200,true,110,110,47
1767653456551,33,200,true,110,110,33
1767653456549,42,200,true,110,110,42
1767653456545,46,200,true,110,110,46
1767653456544,47,200,true,110,110,47
1767653456544,48,200,true,110,110,47
1767653456544,48,200,true,110,110,47
1767653456545,49,200,true,110,110,46
1767653456546,49,200,true,110,110,49
1767653456541,54,200,true,110,110,54
1767653456545,50,200,true,110,110,50
1767653456544,52,200,true,110,110,52
1767653456543,53,200,true,110,110,53
1767653456545,51,200,true,110,110,51
1767653456550,46,200,true,110,110,46
1767653456542,54,200,true,110,110,54
1767653456542,55,200,true,110,110,55
1767653456543,54,200,true,110,110,54
1767653456549,48,200,true,110,110,48
1767653456546,51,200,true,110,110,51
1767653456542,55,200,true,110,110,55
1767653456544,53,200,true,110,110,53
1767653456543,55,200,true,110,110,54
1767653456544,54,200,true,110,110,54
1767653456544,54,200,true,110,110,54
1767653456543,55,200,true,110,110,55
1767653456542,56,200,true,110,110,56
1767653456542,56,200,true,110,110,56
1767653456545,53,200,true,110,110,53
1767653456544,54,200,true,110,110,54
1767653456546,52,200,true,110,110,52
1767653456545,53,200,true,110,110,53
1767653456543,55,200,true,110,110,55
1767653456542,56,200,true,110,110,56
1767653456550,48,200,true,110,110,48
1767653456544,54,200,true,110,110,54
1767653456546,53,200,true,110,110,53
1767653456546,53,200,true,110,110,53
1767653456544,55,200,true,110,110,55
1767653456544,55,200,true,110,110,55
1767653456549,51,200,true,110,110,51
1767653456542,58,200,true,110,110,58
1767653456542,58,200,true,110,110,58
1767653456542,58,200,true,110,110,58
1767653456544,56,200,true,110,110,56
1767653456543,58,200,true,110,110,57
1767653456544,57,200,true,110,110,55
1767653456545,58,200,true,110,110,58
1767653456563,40,200,true,110,110,40
1767653456556,47,200,true,110,110,47
1767653456563,40,200,true,110,110,40
1767653456549,55,200,true,110,110,55
1767653456544,60,200,true,110,110,60
1767653456557,47,200,true,110,110,47
1767653456583,21,200,true,110,110,21
1767653456556,48,200,true,110,110,48
1767653456549,55,200,true,110,110,55
1767653456563,41,200,true,110,110,41
1767653456557,47,200,true,110,110,47
1767653456546,58,200,true,110,110,58
1767653456543,61,200,true,110,110,61
1767653456557,47,200,true,110,110,47
1767653456542,63,200,true,110,110,63
1767653456542,63,200,true,110,110,63
1767653456557,48,200,true,110,110,48
1767653456562,43,200,true,110,110,43
1767653456578,27,200,true,110,110,27
1767653456583,22,200,true,110,110,22
1767653456557,48,200,true,110,110,48
1767653456542,63,200,true,110,110,63
1767653456578,27,200,true,110,110,27
1767653456555,50,200,true,110,110,50
1767653456558,47,200,true,110,110,47
1767653456556,50,200,true,110,110,50
1767653456578,28,200,true,110,110,28
1767653456555,51,200,true,110,110,51
1767653456546,60,200,true,110,110,60
1767653456544,62,200,true,110,110,62
1767653456557,49,200,true,110,110,49
1767653456557,49,200,true,110,110,49
1767653456568,38,200,true,110,110,38
1767653456557,49,200,true,110,110,49
1767653456562,45,200,true,110,110,45
1767653456568,39,200,true,110,110,39
1767653456579,28,200,true,110,110,28
1767653456563,44,200,true,110,110,44
1767653456583,24,200,true,110,110,24
1767653456583,24,200,true,110,110,24
1767653456592,15,200,true,110,110,15
1767653456557,51,200,true,110,110,51
1767653456584,24,200,true,110,110,24
1767653456583,25,200,true,110,110,25
1767653456578,30,200,true,110,110,30
1767653456556,52,200,true,110,110,52
1767653456556,52,200,true,110,110,52
1767653456583,25,200,true,110,110,25
1767653456556,52,200,true,110,110,52
1767653456556,52,200,true,110,110,51
1767653456557,51,200,true,110,110,51
1767653456584,24,200,true,110,110,24
1767653456568,40,200,true,110,110,40
1767653456556,53,200,true,110,110,53
1767653456591,18,200,true,110,110,18
1767653456556,53,200,true,110,110,53
1767653456592,17,200,true,110,110,17
1767653456591,18,200,true,110,110,18
1767653456583,26,200,true,110,110,26
1767653456584,27,200,true,110,110,25
1767653456591,20,200,true,110,110,20
1767653456556,55,200,true,110,110,55
1767653456584,28,200,true,110,110,28
1767653456563,53,200,true,110,110,53
1767653456556,60,200,true,110,110,60
1767653456556,60,200,true,110,110,60
1767653456562,54,200,true,110,110,54
1767653456563,54,200,true,110,110,54
1767653456555,62,200,true,110,110,62
1767653456596,34,200,true,110,110,34
1767653456598,32,200,true,110,110,32
1767653456599,31,200,true,110,110,31
1767653456598,32,200,true,110,110,32
1767653456598,32,200,true,110,110,32
1767653456597,34,200,true,110,110,34
1767653456600,31,200,true,110,110,31
1767653456598,33,200,true,110,110,33
1767653456598,33,200,true,110,110,33
1767653456599,32,200,true,110,110,32
1767653456595,37,200,true,110,110,37
1767653456600,32,200,true,110,110,32
1767653456598,34,200,true,110,110,34
1767653456598,34,200,true,110,110,34
1767653456598,34,200,true,110,110,34
1767653456600,32,200,true,110,110,32
1767653456601,31,200,true,110,110,31
1767653456599,33,200,true,110,110,33
1767653456598,34,200,true,110,110,34
1767653456595,38,200,true,110,110,38
1767653456595,38,200,true,110,110,38
1767653456600,33,200,true,110,110,33
1767653456597,36,200,true,110,110,36
1767653456596,37,200,true,110,110,37
1767653456598,36,200,true,110,110,36
1767653456596,40,200,true,110,110,40
1767653456604,34,200,true,110,110,34
1767653456611,27,200,true,110,110,27
1767653456604,34,200,true,110,110,34
1767653456598,40,200,true,110,110,40
1767653456604,34,200,true,110,110,34
1767653456597,41,200,true,110,110,41
1767653456608,30,200,true,110,110,30
1767653456597,41,200,true,110,110,41
1767653456616,23,200,true,110,110,23
1767653456606,33,200,true,110,110,33
1767653456605,34,200,true,110,110,34
1767653456607,32,200,true,110,110,32
1767653456607,33,200,true,110,110,33
1767653456604,36,200,true,110,110,36
1767653456599,43,200,true,110,110,43
1767653456605,38,200,true,110,110,37
1767653456606,37,200,true,110,110,37
1767653456611,32,200,true,110,110,32
1767653456606,38,200,true,110,110,38
1767653456605,40,200,true,110,110,40
1767653456606,39,200,true,110,110,39
1767653456603,42,200,true,110,110,42
1767653456597,48,200,true,110,110,48
1767653456600,45,200,true,110,110,45
1767653456604,42,200,true,110,110,42
1767653456601,45,200,true,110,110,45
1767653456598,48,200,true,110,110,48
1767653456608,38,200,true,110,110,38
1767653456616,30,200,true,110,110,30
1767653456603,43,200,true,110,110,43
1767653456598,48,200,true,110,110,48
1767653456604,42,200,true,110,110,42
1767653456594,52,200,true,110,110,52
1767653456616,31,200,true,110,110,31
1767653456599,48,200,true,110,110,48
1767653456606,41,200,true,110,110,41
1767653456607,40,200,true,110,110,37
1767653456597,50,200,true,110,110,50
1767653456596,51,200,true,110,110,51
1767653456606,41,200,true,110,110,41
1767653456596,51,200,true,110,110,51
1767653456608,42,200,true,110,110,42
1767653456608,46,200,true,110,110,46
1767653456608,46,200,true,110,110,46
1767653456606,48,200,true,110,110,48
1767653456609,45,200,true,110,110,45
1767653456609,45,200,true,110,110,45
1767653456608,46,200,true,110,110,46
1767653456605,49,200,true,110,110,49
1767653456630,24,200,true,110,110,24
1767653456608,46,200,true,110,110,46
1767653456608,47,200,true,110,110,47
1767653456606,49,200,true,110,110,49
1767653456609,46,200,true,110,110,46
1767653456609,47,200,true,110,110,47
1767653456605,51,200,true,110,110,51
1767653456603,53,200,true,110,110,53
1767653456604,52,200,true,110,110,52
1767653456605,51,200,true,110,110,51
1767653456632,25,200,true,110,110,25
1767653456608,49,200,true,110,110,49
1767653456612,45,200,true,110,110,45
1767653456616,41,200,true,110,110,41
1767653456607,52,200,true,110,110,52
1767653456609,51,200,true,110,110,51
1767653456604,56,200,true,110,110,56
1767653456603,57,200,true,110,110,57
1767653456605,55,200,true,110,110,55
1767653456631,29,200,true,110,110,29
1767653456605,56,200,true,110,110,56
1767653456607,54,200,true,110,110,54
1767653456604,57,200,true,110,110,57
1767653456611,50,200,true,110,110,50
1767653456609,52,200,true,110,110,52
1767653456608,53,200,true,110,110,53
1767653456631,30,200,true,110,110,30
1767653456606,55,200,true,110,110,55
1767653456609,52,200,true,110,110,52
1767653456630,31,200,true,110,110,31
1767653456607,54,200,true,110,110,54
1767653456630,31,200,true,110,110,27
1767653456605,56,200,true,110,110,56
1767653456607,54,200,true,110,110,54
1767653456632,29,200,true,110,110,29
1767653456606,56,200,true,110,110,56
1767653456608,54,200,true,110,110,54
1767653456605,57,200,true,110,110,57
1767653456604,58,200,true,110,110,58
1767653456617,45,200,true,110,110,45
1767653456606,56,200,true,110,110,54
1767653456631,31,200,true,110,110,31
1767653456617,49,200,true,110,110,49
1767653456630,36,200,true,110,110,36
1767653456632,34,200,true,110,110,34
1767653456631,35,200,true,110,110,35
1767653456633,33,200,true,110,110,33
1767653456632,35,200,true,110,110,35
1767653456638,45,200,true,110,110,45
1767653456638,47,200,true,110,110,47
1767653456636,49,200,true,110,110,49
1767653456647,38,200,true,110,110,38
1767653456632,54,200,true,110,110,54
1767653456633,53,200,true,110,110,53
1767653456639,47,200,true,110,110,47
1767653456654,32,200,true,110,110,32
1767653456633,54,200,true,110,110,54
1767653456646,41,200,true,110,110,41
1767653456632,55,200,true,110,110,55
1767653456646,41,200,true,110,110,41
1767653456643,44,200,true,110,110,44
1767653456645,43,200,true,110,110,43
1767653456634,60,200,true,110,110,60
1767653456632,62,200,true,110,110,62
1767653456654,40,200,true,110,110,40
1767653456645,49,200,true,110,110,49
1767653456661,33,200,true,110,110,33
1767653456631,63,200,true,110,110,63
1767653456660,34,200,true,110,110,34
1767653456657,37,200,true,110,110,37
1767653456657,37,200,true,110,110,37
1767653456639,55,200,true,110,110,55
1767653456638,57,200,true,110,110,56
1767653456647,48,200,true,110,110,48
1767653456656,39,200,true,110,110,39
1767653456646,49,200,true,110,110,49
1767653456647,48,200,true,110,110,48
1767653456647,48,200,true,110,110,48
1767653456667,28,200,true,110,110,28
1767653456646,49,200,true,110,110,49
1767653456654,42,200,true,110,110,42
1767653456647,49,200,true,110,110,49
1767653456640,56,200,true,110,110,56
1767653456656,40,200,true,110,110,40
1767653456633,63,200,true,110,110,62
1767653456646,50,200,true,110,110,50
1767653456640,56,200,true,110,110,56
1767653456645,51,200,true,110,110,51
1767653456646,50,200,true,110,110,50
1767653456639,58,200,true,110,110,58
1767653456632,65,200,true,110,110,65
1767653456646,51,200,true,110,110,51
1767653456661,36,200,true,110,110,36
1767653456638,59,200,true,110,110,59
1767653456642,56,200,true,110,110,56
1767653456646,52,200,true,110,110,52
1767653456654,44,200,true,110,110,44
1767653456647,51,200,true,110,110,51
1767653456633,65,200,true,110,110,65
1767653456646,52,200,true,110,110,52
1767653456661,37,200,true,110,110,37
1767653456650,49,200,true,110,110,49
1767653456661,38,200,true,110,110,38
1767653456638,61,200,true,110,110,61
1767653456656,43,200,true,110,110,43
1767653456661,39,200,true,110,110,38
1767653456647,53,200,true,110,110,53
1767653456654,47,200,true,110,110,47
1767653456661,40,200,true,110,110,40
1767653456643,58,200,true,110,110,58
1767653456632,69,200,true,110,110,69
1767653456639,62,200,true,110,110,62
1767653456645,56,200,true,110,110,56
1767653456657,44,200,true,110,110,44
1767653456639,62,200,true,110,110,62
1767653456647,54,200,true,110,110,54
1767653456661,40,200,true,110,110,40
1767653456638,63,200,true,110,110,63
1767653456647,55,200,true,110,110,55
1767653456631,71,200,true,110,110,71
1767653456655,47,200,true,110,110,47
1767653456661,41,200,true,110,110,41
1767653456666,36,200,true,110,110,36
1767653456662,40,200,true,110,110,40
1767653456644,59,200,true,110,110,59
1767653456661,42,200,true,110,110,42
1767653456654,49,200,true,110,110,49
1767653456656,47,200,true,110,110,47
1767653456661,42,200,true,110,110,42
1767653456660,43,200,true,110,110,43
1767653456661,42,200,true,110,110,42
1767653456661,42,200,true,110,110,42
1767653456660,43,200,true,110,110,43
1767653456662,41,200,true,110,110,41
1767653456661,42,200,true,110,110,42
1767653456666,38,200,true,110,110,38
1767653456662,42,200,true,110,110,42
1767653456662,42,200,true,110,110,42
1767653456661,44,200,true,110,110,44
1767653456662,43,200,true,110,110,43
1767653456659,46,200,true,110,110,46
1767653456655,50,200,true,110,110,50
1767653456685,21,200,true,110,110,21
1767653456685,21,200,true,110,110,21
1767653456694,12,200,true,110,110,12
1767653456656,51,200,true,110,110,51
1767653456661,46,200,true,110,110,46
1767653456666,41,200,true,110,110,41
1767653456655,52,200,true,110,110,52
1767653456654,54,200,true,110,110,54
1767653456666,42,200,true,110,110,42
1767653456686,22,200,true,110,110,22
1767653456638,70,200,true,110,110,66
1767653456667,42,200,true,110,110,42
1767653456643,66,200,true,110,110,66
1767653456662,47,200,true,110,110,47
1767653456660,50,200,true,110,110,50
1767653456655,55,200,true,110,110,49
1767653456654,56,200,true,110,110,54
1767653456661,49,200,true,110,110,44
1767653456657,53,200,true,110,110,47
1767653456694,16,200,true,110,110,16
1767653456687,24,200,true,110,110,23
1767653456662,49,200,true,110,110,49
1767653456686,25,200,true,110,110,25
1767653456694,17,200,true,110,110,17
1767653456687,24,200,true,110,110,24
1767653456687,25,200,true,110,110,25
1767653456694,19,200,true,110,110,19
1767653456694,19,200,true,110,110,19
1767653456688,25,200,true,110,110,25
1767653456687,26,200,true,110,110,26
1767653456685,29,200,true,110,110,29
1767653456683,31,200,true,110,110,31
1767653456688,26,200,true,110,110,26
1767653456686,34,200,true,110,110,34
1767653456686,34,200,true,110,110,34
1767653456695,42,200,true,110,110,42
1767653456696,41,200,true,110,110,41
1767653456694,43,200,true,110,110,43
1767653456695,42,200,true,110,110,42
1767653456701,36,200,true,110,110,36
1767653456702,35,200,true,110,110,35
1767653456696,41,200,true,110,110,41
1767653456695,42,200,true,110,110,42
1767653456696,41,200,true,110,110,41
1767653456701,37,200,true,110,110,37
1767653456697,41,200,true,110,110,41
1767653456697,41,200,true,110,110,41
1767653456699,40,200,true,110,110,40
1767653456699,40,200,true,110,110,40
1767653456696,43,200,true,110,110,43
1767653456700,39,200,true,110,110,39
1767653456696,43,200,true,110,110,43
1767653456696,43,200,true,110,110,43
1767653456700,40,200,true,110,110,39
1767653456696,44,200,true,110,110,44
1767653456698,42,200,true,110,110,42
1767653456697,43,200,true,110,110,43
1767653456698,42,200,true,110,110,42
1767653456702,38,200,true,110,110,38
1767653456702,38,200,true,110,110,38
1767653456703,37,200,true,110,110,37
1767653456698,42,200,true,110,110,42
1767653456695,45,200,true,110,110,45
1767653456698,43,200,true,110,110,43
1767653456695,46,200,true,110,110,46
1767653456703,38,200,true,110,110,38
1767653456701,40,200,true,110,110,40
1767653456702,40,200,true,110,110,40
1767653456706,36,200,true,110,110,35
1767653456697,45,200,true,110,110,45
1767653456708,34,200,true,110,110,34
1767653456695,47,200,true,110,110,47
1767653456703,40,200,true,110,110,40
1767653456704,39,200,true,110,110,39
1767653456703,40,200,true,110,110,40
1767653456708,35,200,true,110,110,35
1767653456708,35,200,true,110,110,35
1767653456702,41,200,true,110,110,41
1767653456698,45,200,true,110,110,45
1767653456694,49,200,true,110,110,49
1767653456694,50,200,true,110,110,50
1767653456701,43,200,true,110,110,43
1767653456696,48,200,true,110,110,48
1767653456698,46,200,true,110,110,46
1767653456701,44,200,true,110,110,44
1767653456695,50,200,true,110,110,50
1767653456697,48,200,true,110,110,48
1767653456707,38,200,true,110,110,38
1767653456697,48,200,true,110,110,48
1767653456701,44,200,true,110,110,44
1767653456703,42,200,true,110,110,42
1767653456701,45,200,true,110,110,45
1767653456696,50,200,true,110,110,50
1767653456701,45,200,true,110,110,45
1767653456701,45,200,true,110,110,45
1767653456699,47,200,true,110,110,47
1767653456695,51,200,true,110,110,51
1767653456694,53,200,true,110,110,53
1767653456714,39,200,true,110,110,39
1767653456712,41,200,true,110,110,41
1767653456713,40,200,true,110,110,40
1767653456711,43,200,true,110,110,43
1767653456720,34,200,true,110,110,34
1767653456708,46,200,true,110,110,46
1767653456710,44,200,true,110,110,44
1767653456703,51,200,true,110,110,51
1767653456703,52,200,true,110,110,52
1767653456706,49,200,true,110,110,49
1767653456704,51,200,true,110,110,51
1767653456698,57,200,true,110,110,57
1767653456711,44,200,true,110,110,44
1767653456709,46,200,true,110,110,46
1767653456710,45,200,true,110,110,45
1767653456703,52,200,true,110,110,52
1767653456705,50,200,true,110,110,50
1767653456710,45,200,true,110,110,45
1767653456702,53,200,true,110,110,53
1767653456705,51,200,true,110,110,51
1767653456711,45,200,true,110,110,45
1767653456708,48,200,true,110,110,48
1767653456705,51,200,true,110,110,51
1767653456705,51,200,true,110,110,51
1767653456703,53,200,true,110,110,53
1767653456703,53,200,true,110,110,53
1767653456709,47,200,true,110,110,47
1767653456706,51,200,true,110,110,51
1767653456711,46,200,true,110,110,46
1767653456702,55,200,true,110,110,55
1767653456707,50,200,true,110,110,50
1767653456713,44,200,true,110,110,44
1767653456703,54,200,true,110,110,54
1767653456709,48,200,true,110,110,48
1767653456710,47,200,true,110,110,47
1767653456705,52,200,true,110,110,52
1767653456714,44,200,true,110,110,44
1767653456703,55,200,true,110,110,55
1767653456713,45,200,true,110,110,45
1767653456707,51,200,true,110,110,47
1767653456720,38,200,true,110,110,38
1767653456703,55,200,true,110,110,55
1767653456710,48,200,true,110,110,48
1767653456710,49,200,true,110,110,49
1767653456711,48,200,true,110,110,48
1767653456714,45,200,true,110,110,45
1767653456713,46,200,true,110,110,46
1767653456738,27,200,true,110,110,27
1767653456740,25,200,true,110,110,25
1767653456738,28,200,true,110,110,28
1767653456740,26,200,true,110,110,26
1767653456741,25,200,true,110,110,25
1767653456740,26,200,true,110,110,26
1767653456737,29,200,true,110,110,29
1767653456742,24,200,true,110,110,24
1767653456740,27,200,true,110,110,27
1767653456741,26,200,true,110,110,26
1767653456740,27,200,true,110,110,27
1767653456741,26,200,true,110,110,26
1767653456738,29,200,true,110,110,29
1767653456737,30,200,true,110,110,30
1767653456737,30,200,true,110,110,30
1767653456737,31,200,true,110,110,31
1767653456741,27,200,true,110,110,27
1767653456740,28,200,true,110,110,28
1767653456737,31,200,true,110,110,31
1767653456739,29,200,true,110,110,29
1767653456741,27,200,true,110,110,27
1767653456740,29,200,true,110,110,29
1767653456742,27,200,true,110,110,27
1767653456739,30,200,true,110,110,30
1767653456740,30,200,true,110,110,30
1767653456739,31,200,true,110,110,31
1767653456743,34,200,true,110,110,34
1767653456740,37,200,true,110,110,37
1767653456742,35,200,true,110,110,35
1767653456742,35,200,true,110,110,35
1767653456738,39,200,true,110,110,39
1767653456737,41,200,true,110,110,41
1767653456739,39,200,true,110,110,39
1767653456740,38,200,true,110,110,38
1767653456743,35,200,true,110,110,35
1767653456737,42,200,true,110,110,42
1767653456737,43,200,true,110,110,43
1767653456739,41,200,true,110,110,39
1767653456743,38,200,true,110,110,35
1767653456755,39,200,true,110,110,39
1767653456768,26,200,true,110,110,26
1767653456758,36,200,true,110,110,36
1767653456759,35,200,true,110,110,35
1767653456756,38,200,true,110,110,38
1767653456754,41,200,true,110,110,40
1767653456758,37,200,true,110,110,37
1767653456756,39,200,true,110,110,39
1767653456743,52,200,true,110,110,52
1767653456754,41,200,true,110,110,41
1767653456745,50,200,true,110,110,50
1767653456754,41,200,true,110,110,41
1767653456745,50,200,true,110,110,50
1767653456743,52,200,true,110,110,52
1767653456754,41,200,true,110,110,41
1767653456745,50,200,true,110,110,50
1767653456744,51,200,true,110,110,51
1767653456746,49,200,true,110,110,49
1767653456747,48,200,true,110,110,48
1767653456746,49,200,true,110,110,49
1767653456756,39,200,true,110,110,39
1767653456744,52,200,true,110,110,51
1767653456745,51,200,true,110,110,50
1767653456747,49,200,true,110,110,49
1767653456756,40,200,true,110,110,40
1767653456746,50,200,true,110,110,50
1767653456759,37,200,true,110,110,37
1767653456755,41,200,true,110,110,41
1767653456746,50,200,true,110,110,50
1767653456755,41,200,true,110,110,41
1767653456753,43,200,true,110,110,43
1767653456768,28,200,true,110,110,28
1767653456742,54,200,true,110,110,54
1767653456744,52,200,true,110,110,52
1767653456756,40,200,true,110,110,40
1767653456746,50,200,true,110,110,50
1767653456759,38,200,true,110,110,37
1767653456743,54,200,true,110,110,54
1767653456767,30,200,true,110,110,30
1767653456754,43,200,true,110,110,43
1767653456757,40,200,true,110,110,40
1767653456766,31,200,true,110,110,31
1767653456767,30,200,true,110,110,30
1767653456768,29,200,true,110,110,29
1767653456768,29,200,true,110,110,29
1767653456767,30,200,true,110,110,30
1767653456765,32,200,true,110,110,32
1767653456754,43,200,true,110,110,43
1767653456757,40,200,true,110,110,40
1767653456754,43,200,true,110,110,43
1767653456767,30,200,true,110,110,30
1767653456759,38,200,true,110,110,38
1767653456744,54,200,true,110,110,54
1767653456744,54,200,true,110,110,54
1767653456766,32,200,true,110,110,32
1767653456766,32,200,true,110,110,32
1767653456765,33,200,true,110,110,33
1767653456757,41,200,true,110,110,41
1767653456758,40,200,true,110,110,40
1767653456758,40,200,true,110,110,40
1767653456757,41,200,true,110,110,41
1767653456745,53,200,true,110,110,53
1767653456766,32,200,true,110,110,32
1767653456766,32,200,true,110,110,32
1767653456758,40,200,true,110,110,40
1767653456767,31,200,true,110,110,31
1767653456756,43,200,true,110,110,43
1767653456755,44,200,true,110,110,44
1767653456757,42,200,true,110,110,42
1767653456755,44,200,true,110,110,44
1767653456768,31,200,true,110,110,31
1767653456756,43,200,true,110,110,43
1767653456766,33,200,true,110,110,33
1767653456756,43,200,true,110,110,43
1767653456758,41,200,true,110,110,41
1767653456746,53,200,true,110,110,53
1767653456755,44,200,true,110,110,44
1767653456755,44,200,true,110,110,44
1767653456755,44,200,true,110,110,44
1767653456757,43,200,true,110,110,42
1767653456759,41,200,true,110,110,41
1767653456756,44,200,true,110,110,44
1767653456757,43,200,true,110,110,43
1767653456767,33,200,true,110,110,33
1767653456755,45,200,true,110,110,45
1767653456755,45,200,true,110,110,45
1767653456745,55,200,true,110,110,55
1767653456758,43,200,true,110,110,43
1767653456757,45,200,true,110,110,45
1767653456743,59,200,true,110,110,59
1767653456780,40,200,true,110,110,40
1767653456768,53,200,true,110,110,53
1767653456770,51,200,true,110,110,51
1767653456767,54,200,true,110,110,54
1767653456778,43,200,true,110,110,43
1767653456781,40,200,true,110,110,40
1767653456777,45,200,true,110,110,45
1767653456769,53,200,true,110,110,53
1767653456770,52,200,true,110,110,52
1767653456769,53,200,true,110,110,53
1767653456800,22,200,true,110,110,22
1767653456769,53,200,true,110,110,53
1767653456794,28,200,true,110,110,28
1767653456795,28,200,true,110,110,28
1767653456795,28,200,true,110,110,28
1767653456778,45,200,true,110,110,45
1767653456795,28,200,true,110,110,28
1767653456779,45,200,true,110,110,45
1767653456799,25,200,true,110,110,25
1767653456796,28,200,true,110,110,28
1767653456795,29,200,true,110,110,28
1767653456797,27,200,true,110,110,27
1767653456800,24,200,true,110,110,24
1767653456794,30,200,true,110,110,30
1767653456800,24,200,true,110,110,24
1767653456802,22,200,true,110,110,22
1767653456797,28,200,true,110,110,28
1767653456800,25,200,true,110,110,25
1767653456798,27,200,true,110,110,27
1767653456778,47,200,true,110,110,47
1767653456796,29,200,true,110,110,29
1767653456795,30,200,true,110,110,30
1767653456800,25,200,true,110,110,25
1767653456780,45,200,true,110,110,45
1767653456796,29,200,true,110,110,29
1767653456778,48,200,true,110,110,48
1767653456797,29,200,true,110,110,29
1767653456797,29,200,true,110,110,29
1767653456778,48,200,true,110,110,48
1767653456795,31,200,true,110,110,31
1767653456796,30,200,true,110,110,30
1767653456778,48,200,true,110,110,48
1767653456796,30,200,true,110,110,30
1767653456798,28,200,true,110,110,28
1767653456796,30,200,true,110,110,30
1767653456796,30,200,true,110,110,30
1767653456777,50,200,true,110,110,49
1767653456777,50,200,true,110,110,50
1767653456797,30,200,true,110,110,30
1767653456797,30,200,true,110,110,30
1767653456795,32,200,true,110,110,32
1767653456797,30,200,true,110,110,30
1767653456796,32,200,true,110,110,32
1767653456796,35,200,true,110,110,32
1767653456798,34,200,true,110,110,34
1767653456799,33,200,true,110,110,33
1767653456796,37,200,true,110,110,37
1767653456797,36,200,true,110,110,36
1767653456797,37,200,true,110,110,37
1767653456798,36,200,true,110,110,36
1767653456797,37,200,true,110,110,37
1767653456797,38,200,true,110,110,37
1767653456795,40,200,true,110,110,40
1767653456799,36,200,true,110,110,36
1767653456797,38,200,true,110,110,38
1767653456795,40,200,true,110,110,40
1767653456797,38,200,true,110,110,38
1767653456798,37,200,true,110,110,37
1767653456799,36,200,true,110,110,36
1767653456795,40,200,true,110,110,40
1767653456795,40,200,true,110,110,40
1767653456800,35,200,true,110,110,35
1767653456797,38,200,true,110,110,31
1767653456795,41,200,true,110,110,39
1767653456799,37,200,true,110,110,37
1767653456796,40,200,true,110,110,40
1767653456798,38,200,true,110,110,37
1767653456795,41,200,true,110,110,41
1767653456799,38,200,true,110,110,38
1767653456798,39,200,true,110,110,39
1767653456796,41,200,true,110,110,41
1767653456798,39,200,true,110,110,39
1767653456799,38,200,true,110,110,38
1767653456795,42,200,true,110,110,42
1767653456800,44,200,true,110,110,44
1767653456799,45,200,true,110,110,45
1767653456797,47,200,true,110,110,47
1767653456802,42,200,true,110,110,42
1767653456799,45,200,true,110,110,45
1767653456801,44,200,true,110,110,44
1767653456799,46,200,true,110,110,46
1767653456799,46,200,true,110,110,46
1767653456796,49,200,true,110,110,49
1767653456821,26,200,true,110,110,26
1767653456797,50,200,true,110,110,50
1767653456795,52,200,true,110,110,52
1767653456797,50,200,true,110,110,50
1767653456794,54,200,true,110,110,54
1767653456799,49,200,true,110,110,49
1767653456795,54,200,true,110,110,54
1767653456795,54,200,true,110,110,54
1767653456798,52,200,true,110,110,52
1767653456800,50,200,true,110,110,50
1767653456824,26,200,true,110,110,26
1767653456798,52,200,true,110,110,52
1767653456824,27,200,true,110,110,27
1767653456823,28,200,true,110,110,28
1767653456825,29,200,true,110,110,29
1767653456825,29,200,true,110,110,29
1767653456824,30,200,true,110,110,30
1767653456822,32,200,true,110,110,32
1767653456821,34,200,true,110,110,34
1767653456824,32,200,true,110,110,32
1767653456798,58,200,true,110,110,58
1767653456825,31,200,true,110,110,31
1767653456822,35,200,true,110,110,35
1767653456796,61,200,true,110,110,60
1767653456824,34,200,true,110,110,34
1767653456798,60,200,true,110,110,60
1767653456821,37,200,true,110,110,37
1767653456799,59,200,true,110,110,59
1767653456798,61,200,true,110,110,61
1767653456826,33,200,true,110,110,33
1767653456822,37,200,true,110,110,37
1767653456825,35,200,true,110,110,35
1767653456799,63,200,true,110,110,63
1767653456822,41,200,true,110,110,41
1767653456822,42,200,true,110,110,42
1767653456823,41,200,true,110,110,41
1767653456826,38,200,true,110,110,38
1767653456826,38,200,true,110,110,38
1767653456825,39,200,true,110,110,39
1767653456822,43,200,true,110,110,43
1767653456825,44,200,true,110,110,44
1767653456825,44,200,true,110,110,44
1767653456822,47,200,true,110,110,47
1767653456825,44,200,true,110,110,44
1767653456795,74,200,true,110,110,74
1767653456836,41,200,true,110,110,41
1767653456824,53,200,true,110,110,53
1767653456824,53,200,true,110,110,53
1767653456835,42,200,true,110,110,42
1767653456827,51,200,true,110,110,51
1767653456834,44,200,true,110,110,44
1767653456835,44,200,true,110,110,44
1767653456826,53,200,true,110,110,53
1767653456824,55,200,true,110,110,55
1767653456835,45,200,true,110,110,44
1767653456821,59,200,true,110,110,59
1767653456832,48,200,true,110,110,48
1767653456835,45,200,true,110,110,45
1767653456822,58,200,true,110,110,58
1767653456831,49,200,true,110,110,49
1767653456826,55,200,true,110,110,55
1767653456834,47,200,true,110,110,47
1767653456826,55,200,true,110,110,55
1767653456836,45,200,true,110,110,45
1767653456835,46,200,true,110,110,46
1767653456834,48,200,true,110,110,48
1767653456844,38,200,true,110,110,38
1767653456826,56,200,true,110,110,56
1767653456835,47,200,true,110,110,47
1767653456827,55,200,true,110,110,55
1767653456823,59,200,true,110,110,59
1767653456827,55,200,true,110,110,55
1767653456832,50,200,true,110,110,50
1767653456836,47,200,true,110,110,47
1767653456827,56,200,true,110,110,56
1767653456824,59,200,true,110,110,59
1767653456835,48,200,true,110,110,48
1767653456827,56,200,true,110,110,56
1767653456836,47,200,true,110,110,47
1767653456825,58,200,true,110,110,58
1767653456837,46,200,true,110,110,46
1767653456827,56,200,true,110,110,56
1767653456827,56,200,true,110,110,56
1767653456844,39,200,true,110,110,39
1767653456821,62,200,true,110,110,62
1767653456837,46,200,true,110,110,46
1767653456835,48,200,true,110,110,48
1767653456826,57,200,true,110,110,57
1767653456837,47,200,true,110,110,47
1767653456833,51,200,true,110,110,51
1767653456837,47,200,true,110,110,47
1767653456835,49,200,true,110,110,49
1767653456837,47,200,true,110,110,47
1767653456826,58,200,true,110,110,58
1767653456836,48,200,true,110,110,48
1767653456835,49,200,true,110,110,49
1767653456827,57,200,true,110,110,57
1767653456823,61,200,true,110,110,58
1767653456837,47,200,true,110,110,47
1767653456828,56,200,true,110,110,56
1767653456833,51,200,true,110,110,51
1767653456836,49,200,true,110,110,49
1767653456835,50,200,true,110,110,50
1767653456846,45,200,true,110,110,45
1767653456859,34,200,true,110,110,34
1767653456851,43,200,true,110,110,43
1767653456859,35,200,true,110,110,35
1767653456849,45,200,true,110,110,45
1767653456850,44,200,true,110,110,44
1767653456847,47,200,true,110,110,47
1767653456854,40,200,true,110,110,40
1767653456847,47,200,true,110,110,47
1767653456859,35,200,true,110,110,35
1767653456845,49,200,true,110,110,49
1767653456863,31,200,true,110,110,31
1767653456847,48,200,true,110,110,47
1767653456861,34,200,true,110,110,34
1767653456862,33,200,true,110,110,33
1767653456854,41,200,true,110,110,41
1767653456845,50,200,true,110,110,50
1767653456858,37,200,true,110,110,37
1767653456845,50,200,true,110,110,50
1767653456848,47,200,true,110,110,47
1767653456856,39,200,true,110,110,39
1767653456854,41,200,true,110,110,41
1767653456844,51,200,true,110,110,51
1767653456856,39,200,true,110,110,39
1767653456844,51,200,true,110,110,51
1767653456859,36,200,true,110,110,36
1767653456847,48,200,true,110,110,48
1767653456859,36,200,true,110,110,36
1767653456850,46,200,true,110,110,46
1767653456850,46,200,true,110,110,46
1767653456857,39,200,true,110,110,39
1767653456864,32,200,true,110,110,32
1767653456864,32,200,true,110,110,32
1767653456857,39,200,true,110,110,38
1767653456864,32,200,true,110,110,32
1767653456854,43,200,true,110,110,40
1767653456865,32,200,true,110,110,32
1767653456849,48,200,true,110,110,47
1767653456849,48,200,true,110,110,48
1767653456844,53,200,true,110,110,52
1767653456858,39,200,true,110,110,39
1767653456864,33,200,true,110,110,33
1767653456864,34,200,true,110,110,34
1767653456869,29,200,true,110,110,29
1767653456851,47,200,true,110,110,47
1767653456869,29,200,true,110,110,29
1767653456869,32,200,true,110,110,32
1767653456850,52,200,true,110,110,52
1767653456856,46,200,true,110,110,46
1767653456869,33,200,true,110,110,33
1767653456855,47,200,true,110,110,47
1767653456877,34,200,true,110,110,34
1767653456869,42,200,true,110,110,42
1767653456882,29,200,true,110,110,29
1767653456885,26,200,true,110,110,26
1767653456880,31,200,true,110,110,31
1767653456884,27,200,true,110,110,27
1767653456881,30,200,true,110,110,30
1767653456884,28,200,true,110,110,28
1767653456882,30,200,true,110,110,30
1767653456881,31,200,true,110,110,31
1767653456883,29,200,true,110,110,29
1767653456883,29,200,true,110,110,29
1767653456877,35,200,true,110,110,35
1767653456881,31,200,true,110,110,31
1767653456880,32,200,true,110,110,32
1767653456878,34,200,true,110,110,34
1767653456881,32,200,true,110,110,32
1767653456880,33,200,true,110,110,33
1767653456882,31,200,true,110,110,31
1767653456880,33,200,true,110,110,33
1767653456884,29,200,true,110,110,29
1767653456883,30,200,true,110,110,30
1767653456882,31,200,true,110,110,31
1767653456883,30,200,true,110,110,30
1767653456883,30,200,true,110,110,30
1767653456883,30,200,true,110,110,30
1767653456878,35,200,true,110,110,35
1767653456880,33,200,true,110,110,33
1767653456882,32,200,true,110,110,32
1767653456884,30,200,true,110,110,30
1767653456878,36,200,true,110,110,36
1767653456884,30,200,true,110,110,30
1767653456895,19,200,true,110,110,19
1767653456884,30,200,true,110,110,30
1767653456882,32,200,true,110,110,32
1767653456882,32,200,true,110,110,32
1767653456883,31,200,true,110,110,31
1767653456884,31,200,true,110,110,31
1767653456883,32,200,true,110,110,32
1767653456884,31,200,true,110,110,31
1767653456883,32,200,true,110,110,32
1767653456883,32,200,true,110,110,32
1767653456884,31,200,true,110,110,31
1767653456881,35,200,true,110,110,35
1767653456884,33,200,true,110,110,33
1767653456881,36,200,true,110,110,36
1767653456884,33,200,true,110,110,33
1767653456884,33,200,true,110,110,33
1767653456883,34,200,true,110,110,34
1767653456883,34,200,true,110,110,34
1767653456884,33,200,true,110,110,33
1767653456891,27,200,true,110,110,27
1767653456879,39,200,true,110,110,39
1767653456879,39,200,true,110,110,39
1767653456885,33,200,true,110,110,33
1767653456879,39,200,true,110,110,39
1767653456882,36,200,true,110,110,36
1767653456877,41,200,true,110,110,41
1767653456883,35,200,true,110,110,35
1767653456885,33,200,true,110,110,33
1767653456884,34,200,true,110,110,34
1767653456895,28,200,true,110,110,28
1767653456898,25,200,true,110,110,25
1767653456895,29,200,true,110,110,29
1767653456893,31,200,true,110,110,31
1767653456895,29,200,true,110,110,29
1767653456897,28,200,true,110,110,28
1767653456895,30,200,true,110,110,30
1767653456895,30,200,true,110,110,30
1767653456898,27,200,true,110,110,27
1767653456897,32,200,true,110,110,32
1767653456897,32,200,true,110,110,32
1767653456894,36,200,true,110,110,36
1767653456896,34,200,true,110,110,34
1767653456894,36,200,true,110,110,36
1767653456894,41,200,true,110,110,41
1767653456896,39,200,true,110,110,39
1767653456896,40,200,true,110,110,40
1767653456895,41,200,true,110,110,41
1767653456911,34,200,true,110,110,34
1767653456895,50,200,true,110,110,50
1767653456894,51,200,true,110,110,51
1767653456915,31,200,true,110,110,31
1767653456912,34,200,true,110,110,34
1767653456913,33,200,true,110,110,33
1767653456911,35,200,true,110,110,35
1767653456902,45,200,true,110,110,45
1767653456915,32,200,true,110,110,32
1767653456913,34,200,true,110,110,34
1767653456898,49,200,true,110,110,49
1767653456902,45,200,true,110,110,45
1767653456914,33,200,true,110,110,33
1767653456911,37,200,true,110,110,37
1767653456912,36,200,true,110,110,36
1767653456918,30,200,true,110,110,30
1767653456898,50,200,true,110,110,50
1767653456911,37,200,true,110,110,37
1767653456894,54,200,true,110,110,54
1767653456898,50,200,true,110,110,50
1767653456913,36,200,true,110,110,36
1767653456895,54,200,true,110,110,54
1767653456895,55,200,true,110,110,55
1767653456895,55,200,true,110,110,55
1767653456911,39,200,true,110,110,38
1767653456896,54,200,true,110,110,54
1767653456897,53,200,true,110,110,53
1767653456918,32,200,true,110,110,32
1767653456902,49,200,true,110,110,49
1767653456894,57,200,true,110,110,57
1767653456895,56,200,true,110,110,56
1767653456895,56,200,true,110,110,56
1767653456896,55,200,true,110,110,55
1767653456912,39,200,true,110,110,39
1767653456896,55,200,true,110,110,55
1767653456915,36,200,true,110,110,36
1767653456895,56,200,true,110,110,56
1767653456895,57,200,true,110,110,57
1767653456911,41,200,true,110,110,41
1767653456897,55,200,true,110,110,55
1767653456895,57,200,true,110,110,57
1767653456913,39,200,true,110,110,39
1767653456912,40,200,true,110,110,40
1767653456896,57,200,true,110,110,57
1767653456912,41,200,true,110,110,41
1767653456894,59,200,true,110,110,59
1767653456913,40,200,true,110,110,40
1767653456894,59,200,true,110,110,59
1767653456897,56,200,true,110,110,56
1767653456912,42,200,true,110,110,42
1767653456913,41,200,true,110,110,41
1767653456917,37,200,true,110,110,37
1767653456914,40,200,true,110,110,40
1767653456914,41,200,true,110,110,41
1767653456914,43,200,true,110,110,43
1767653456901,57,200,true,110,110,57
1767653456918,41,200,true,110,110,41
1767653456913,46,200,true,110,110,46
1767653456918,41,200,true,110,110,41
1767653456918,41,200,true,110,110,41
1767653456917,43,200,true,110,110,43
1767653456918,42,200,true,110,110,42
1767653456915,45,200,true,110,110,45
1767653456914,46,200,true,110,110,46
1767653456914,46,200,true,110,110,46
1767653456915,46,200,true,110,110,46
1767653456918,43,200,true,110,110,43
1767653456917,44,200,true,110,110,44
1767653456894,68,200,true,110,110,68
1767653456911,51,200,true,110,110,51
1767653456917,49,200,true,110,110,49
1767653456917,49,200,true,110,110,49
1767653456914,52,200,true,110,110,52
1767653456917,50,200,true,110,110,50
1767653456913,54,200,true,110,110,54
1767653456919,48,200,true,110,110,48
1767653456914,53,200,true,110,110,53
1767653456913,54,200,true,110,110,54
1767653456913,54,200,true,110,110,54
1767653456916,51,200,true,110,110,51
1767653456915,52,200,true,110,110,52
1767653456914,53,200,true,110,110,53
1767653456914,54,200,true,110,110,54
1767653456897,71,200,true,110,110,71
1767653456918,50,200,true,110,110,50
1767653456912,59,200,true,110,110,59
1767653456913,58,200,true,110,110,58
1767653456912,59,200,true,110,110,59
1767653456913,58,200,true,110,110,58
1767653456902,69,200,true,110,110,69
1767653456918,53,200,true,110,110,53
1767653456924,48,200,true,110,110,48
1767653456923,49,200,true,110,110,49
1767653456935,38,200,true,110,110,38
1767653456925,49,200,true,110,110,49
1767653456925,49,200,true,110,110,49
1767653456918,56,200,true,110,110,56
1767653456925,50,200,true,110,110,50
1767653456931,44,200,true,110,110,44
1767653456930,45,200,true,110,110,45
1767653456929,47,200,true,110,110,46
1767653456936,40,200,true,110,110,40
1767653456924,52,200,true,110,110,52
1767653456936,40,200,true,110,110,40
1767653456924,52,200,true,110,110,52
1767653456935,41,200,true,110,110,41
1767653456924,53,200,true,110,110,53
1767653456930,47,200,true,110,110,47
1767653456925,52,200,true,110,110,50
1767653456929,48,200,true,110,110,47
1767653456946,40,200,true,110,110,40
1767653456947,40,200,true,110,110,40
1767653456952,36,200,true,110,110,36
1767653456949,39,200,true,110,110,39
1767653456950,39,200,true,110,110,39
1767653456946,43,200,true,110,110,43
1767653456947,43,200,true,110,110,43
1767653456951,39,200,true,110,110,39
1767653456948,42,200,true,110,110,42
1767653456945,45,200,true,110,110,45
1767653456954,37,200,true,110,110,37
1767653456950,41,200,true,110,110,41
1767653456954,38,200,true,110,110,38
1767653456951,41,200,true,110,110,41
1767653456953,39,200,true,110,110,39
1767653456953,42,200,true,110,110,41
1767653456953,42,200,true,110,110,42
1767653456951,44,200,true,110,110,44
1767653456952,43,200,true,110,110,43
1767653456953,42,200,true,110,110,42
1767653456950,46,200,true,110,110,46
1767653456951,45,200,true,110,110,45
1767653456950,46,200,true,110,110,46
1767653456946,50,200,true,110,110,50
1767653456951,45,200,true,110,110,45
1767653456951,45,200,true,110,110,45
1767653456947,49,200,true,110,110,49
1767653456952,44,200,true,110,110,44
1767653456948,48,200,true,110,110,48
1767653456952,44,200,true,110,110,44
1767653456954,42,200,true,110,110,42
1767653456945,51,200,true,110,110,51
1767653456954,42,200,true,110,110,42
1767653456948,48,200,true,110,110,48
1767653456949,48,200,true,110,110,48
1767653456948,49,200,true,110,110,49
1767653456947,50,200,true,110,110,50
1767653456951,46,200,true,110,110,46
1767653456947,50,200,true,110,110,50
1767653456952,45,200,true,110,110,45
1767653456947,51,200,true,110,110,50
1767653456955,43,200,true,110,110,43
1767653456953,45,200,true,110,110,45
1767653456953,45,200,true,110,110,45
1767653456951,48,200,true,110,110,48
1767653456972,27,200,true,110,110,27
1767653456948,51,200,true,110,110,51
1767653456959,40,200,true,110,110,40
1767653456950,49,200,true,110,110,49
1767653456958,41,200,true,110,110,41
1767653456967,32,200,true,110,110,32
1767653456962,38,200,true,110,110,37
1767653456967,33,200,true,110,110,33
1767653456976,24,200,true,110,110,24
1767653456968,32,200,true,110,110,32
1767653456967,33,200,true,110,110,33
1767653456961,39,200,true,110,110,39
1767653456948,52,200,true,110,110,52
1767653456961,39,200,true,110,110,39
1767653456976,24,200,true,110,110,24
1767653456961,39,200,true,110,110,39
1767653456951,49,200,true,110,110,49
1767653456961,39,200,true,110,110,39
1767653456953,47,200,true,110,110,47
1767653456972,28,200,true,110,110,28
1767653456966,35,200,true,110,110,35
1767653456959,42,200,true,110,110,42
1767653456967,34,200,true,110,110,34
1767653456967,34,200,true,110,110,34
1767653456967,34,200,true,110,110,34
1767653456966,35,200,true,110,110,35
1767653456967,34,200,true,110,110,34
1767653456971,30,200,true,110,110,30
1767653456959,42,200,true,110,110,42
1767653456975,26,200,true,110,110,26
1767653456962,39,200,true,110,110,39
1767653456971,30,200,true,110,110,30
1767653456974,27,200,true,110,110,27
1767653456968,33,200,true,110,110,33
1767653456967,34,200,true,110,110,34
1767653456971,30,200,true,110,110,30
1767653456967,34,200,true,110,110,34
1767653456961,40,200,true,110,110,40
1767653456968,34,200,true,110,110,34
1767653456971,31,200,true,110,110,31
1767653456974,28,200,true,110,110,28
1767653456971,31,200,true,110,110,31
1767653456973,29,200,true,110,110,29
1767653456946,56,200,true,110,110,56
1767653456967,35,200,true,110,110,35
1767653456950,52,200,true,110,110,47
1767653456948,54,200,true,110,110,54
1767653456977,29,200,true,110,110,29
1767653456947,59,200,true,110,110,51
1767653456974,33,200,true,110,110,33
1767653456957,50,200,true,110,110,50
1767653456977,30,200,true,110,110,30
1767653456977,30,200,true,110,110,30
1767653456960,47,200,true,110,110,47
1767653456976,32,200,true,110,110,32
1767653456976,32,200,true,110,110,32
1767653456977,31,200,true,110,110,31
1767653456976,33,200,true,110,110,33
1767653456960,49,200,true,110,110,49
1767653456976,33,200,true,110,110,33
1767653456977,32,200,true,110,110,32
1767653456975,35,200,true,110,110,35
1767653456961,49,200,true,110,110,49
1767653456972,38,200,true,110,110,38
1767653456959,56,200,true,110,110,49
1767653456990,28,200,true,110,110,28
1767653456991,27,200,true,110,110,27
1767653456991,27,200,true,110,110,27
1767653456986,33,200,true,110,110,33
1767653456990,30,200,true,110,110,30
1767653456992,28,200,true,110,110,28
1767653456990,30,200,true,110,110,30
1767653456989,31,200,true,110,110,31
1767653456990,31,200,true,110,110,30
1767653456990,31,200,true,110,110,31
1767653456987,35,200,true,110,110,35
1767653456992,30,200,true,110,110,30
1767653456992,30,200,true,110,110,28
1767653456988,36,200,true,110,110,36
1767653456988,36,200,true,110,110,36
1767653456996,31,200,true,110,110,31
1767653457000,28,200,true,110,110,28
1767653456996,32,200,true,110,110,32
1767653456998,30,200,true,110,110,30
1767653456996,32,200,true,110,110,32
1767653456995,33,200,true,110,110,33
1767653456997,31,200,true,110,110,31
1767653456996,32,200,true,110,110,32
1767653456996,32,200,true,110,110,32
1767653457001,27,200,true,110,110,27
1767653457001,28,200,true,110,110,28
1767653457002,27,200,true,110,110,27
1767653456997,32,200,true,110,110,32
1767653457000,29,200,true,110,110,29
1767653456999,30,200,true,110,110,30
1767653457002,27,200,true,110,110,27
1767653457002,28,200,true,110,110,28
1767653457001,29,200,true,110,110,29
1767653456996,34,200,true,110,110,34
1767653456996,35,200,true,110,110,35
1767653456995,36,200,true,110,110,36
1767653457002,30,200,true,110,110,30
1767653456995,38,200,true,110,110,38
1767653456998,35,200,true,110,110,35
1767653457000,33,200,true,110,110,33
1767653456999,35,200,true,110,110,35
1767653457001,33,200,true,110,110,33
1767653457001,33,200,true,110,110,33
1767653456996,38,200,true,110,110,38
1767653456999,37,200,true,110,110,37
1767653457001,35,200,true,110,110,35
1767653457000,36,200,true,110,110,36
1767653457002,35,200,true,110,110,35
1767653456997,40,200,true,110,110,40
1767653456999,38,200,true,110,110,38
1767653457001,36,200,true,110,110,36
1767653456996,41,200,true,110,110,41
1767653457001,36,200,true,110,110,36
1767653457002,35,200,true,110,110,35
1767653456997,40,200,true,110,110,40
1767653456999,39,200,true,110,110,39
1767653456999,39,200,true,110,110,39
1767653456997,41,200,true,110,110,41
1767653456999,39,200,true,110,110,39
1767653456996,42,200,true,110,110,42
1767653456997,41,200,true,110,110,41
1767653457000,38,200,true,110,110,38
1767653456996,42,200,true,110,110,42
1767653456998,40,200,true,110,110,40
1767653457000,38,200,true,110,110,38
1767653457001,37,200,true,110,110,37
1767653457001,37,200,true,110,110,37
1767653457000,38,200,true,110,110,38
1767653456996,42,200,true,110,110,42
1767653457001,37,200,true,110,110,37
1767653456996,43,200,true,110,110,43
1767653456998,41,200,true,110,110,41
1767653456995,44,200,true,110,110,44
1767653456997,42,200,true,110,110,42
1767653456995,45,200,true,110,110,45
1767653457007,43,200,true,110,110,43
1767653457001,49,200,true,110,110,49
1767653457007,43,200,true,110,110,43
1767653457001,49,200,true,110,110,49
1767653457001,49,200,true,110,110,49
1767653457008,43,200,true,110,110,43
1767653457002,49,200,true,110,110,49
1767653457009,42,200,true,110,110,42
1767653457000,52,200,true,110,110,52
1767653457002,50,200,true,110,110,50
1767653457000,52,200,true,110,110,52
1767653457000,52,200,true,110,110,52
1767653457006,46,200,true,110,110,46
1767653457001,51,200,true,110,110,51
1767653457008,44,200,true,110,110,44
1767653457000,52,200,true,110,110,52
1767653457002,51,200,true,110,110,51
1767653457002,54,200,true,110,110,51
1767653457009,47,200,true,110,110,47
1767653457008,50,200,true,110,110,50
1767653457007,51,200,true,110,110,51
1767653457009,49,200,true,110,110,49
1767653457007,52,200,true,110,110,52
1767653457010,49,200,true,110,110,49
1767653457007,52,200,true,110,110,52
1767653457009,50,200,true,110,110,50
1767653457030,33,200,true,110,110,33
1767653457029,36,200,true,110,110,36
1767653457018,47,200,true,110,110,47
1767653457028,37,200,true,110,110,37
1767653457028,37,200,true,110,110,37
1767653457029,36,200,true,110,110,36
1767653457000,66,200,true,110,110,66
1767653457018,48,200,true,110,110,48
1767653457033,33,200,true,110,110,33
1767653457038,29,200,true,110,110,29
1767653457015,52,200,true,110,110,52
1767653457029,38,200,true,110,110,38
1767653457029,38,200,true,110,110,38
1767653457002,65,200,true,110,110,65
1767653457006,61,200,true,110,110,61
1767653457020,47,200,true,110,110,47
1767653457028,39,200,true,110,110,39
1767653457028,39,200,true,110,110,39
1767653457027,40,200,true,110,110,40
1767653457036,31,200,true,110,110,31
1767653457028,40,200,true,110,110,40
1767653457029,39,200,true,110,110,39
1767653457010,58,200,true,110,110,58
1767653457039,29,200,true,110,110,29
1767653457021,47,200,true,110,110,46
1767653457010,58,200,true,110,110,58
1767653457029,39,200,true,110,110,39
1767653457038,30,200,true,110,110,30
1767653457028,40,200,true,110,110,40
1767653457033,35,200,true,110,110,35
1767653457020,48,200,true,110,110,48
1767653457019,52,200,true,110,110,52
1767653457028,45,200,true,110,110,45
1767653457020,55,200,true,110,110,55
1767653457034,42,200,true,110,110,42
1767653457037,39,200,true,110,110,39
1767653457038,41,200,true,110,110,41
1767653457033,46,200,true,110,110,46
1767653457020,59,200,true,110,110,59
1767653457000,79,200,true,110,110,79
1767653457022,57,200,true,110,110,57
1767653457030,49,200,true,110,110,43
1767653457002,78,200,true,110,110,78
1767653457028,52,200,true,110,110,52
1767653457031,49,200,true,110,110,49
1767653457018,63,200,true,110,110,63
1767653457038,43,200,true,110,110,43
1767653457036,45,200,true,110,110,45
1767653457038,43,200,true,110,110,43
1767653457038,45,200,true,110,110,45
1767653457034,49,200,true,110,110,49
1767653457022,61,200,true,110,110,61
1767653457038,45,200,true,110,110,45
1767653457038,45,200,true,110,110,45
1767653457029,54,200,true,110,110,54
1767653457038,45,200,true,110,110,45
1767653457037,46,200,true,110,110,46
1767653457037,47,200,true,110,110,47
1767653457033,51,200,true,110,110,51
1767653457038,46,200,true,110,110,46
1767653457038,46,200,true,110,110,46
1767653457030,54,200,true,110,110,54
1767653457000,84,200,true,110,110,84
1767653457038,46,200,true,110,110,46
1767653457022,62,200,true,110,110,62
1767653457024,60,200,true,110,110,59
1767653457034,50,200,true,110,110,50
1767653457038,46,200,true,110,110,46
1767653457021,63,200,true,110,110,63
1767653457039,45,200,true,110,110,45
1767653457052,34,200,true,110,110,34
1767653457052,35,200,true,110,110,35
1767653457050,37,200,true,110,110,37
1767653457052,35,200,true,110,110,35
1767653457056,31,200,true,110,110,31
1767653457052,35,200,true,110,110,35
1767653457056,32,200,true,110,110,32
1767653457059,29,200,true,110,110,29
1767653457050,38,200,true,110,110,38
1767653457059,29,200,true,110,110,29
1767653457052,36,200,true,110,110,36
1767653457059,29,200,true,110,110,29
1767653457050,38,200,true,110,110,38
1767653457024,65,200,true,110,110,65
1767653457053,36,200,true,110,110,36
1767653457050,39,200,true,110,110,39
1767653457059,30,200,true,110,110,30
1767653457051,38,200,true,110,110,38
1767653457058,32,200,true,110,110,32
1767653457051,39,200,true,110,110,39
1767653457052,38,200,true,110,110,38
1767653457051,39,200,true,110,110,39
1767653457052,38,200,true,110,110,38
1767653457058,32,200,true,110,110,32
1767653457040,50,200,true,110,110,50
1767653457039,51,200,true,110,110,51
1767653457039,52,200,true,110,110,52
1767653457050,41,200,true,110,110,41
1767653457036,55,200,true,110,110,55
1767653457037,54,200,true,110,110,54
1767653457039,52,200,true,110,110,52
1767653457066,26,200,true,110,110,26
1767653457037,55,200,true,110,110,55
1767653457037,56,200,true,110,110,56
1767653457065,28,200,true,110,110,28
1767653457039,54,200,true,110,110,54
1767653457058,35,200,true,110,110,35
1767653457052,41,200,true,110,110,41
1767653457067,26,200,true,110,110,26
1767653457067,26,200,true,110,110,26
1767653457067,26,200,true,110,110,26
1767653457067,26,200,true,110,110,26
1767653457067,27,200,true,110,110,27
1767653457037,57,200,true,110,110,57
1767653457034,60,200,true,110,110,60
1767653457063,31,200,true,110,110,31
1767653457066,28,200,true,110,110,28
1767653457067,27,200,true,110,110,27
1767653457067,28,200,true,110,110,28
1767653457067,28,200,true,110,110,28
1767653457068,27,200,true,110,110,27
1767653457065,30,200,true,110,110,30
1767653457066,31,200,true,110,110,31
1767653457067,30,200,true,110,110,30
1767653457068,29,200,true,110,110,29
1767653457031,66,200,true,110,110,66
1767653457067,31,200,true,110,110,31
1767653457068,30,200,true,110,110,30
1767653457038,60,200,true,110,110,60
1767653457067,31,200,true,110,110,27
1767653457065,33,200,true,110,110,31
1767653457065,37,200,true,110,110,33
1767653457080,24,200,true,110,110,24
1767653457068,36,200,true,110,110,36
1767653457067,38,200,true,110,110,38
1767653457071,34,200,true,110,110,34
1767653457081,24,200,true,110,110,24
1767653457080,30,200,true,110,110,30
1767653457083,28,200,true,110,110,28
1767653457068,43,200,true,110,110,43
1767653457068,43,200,true,110,110,43
1767653457068,43,200,true,110,110,43
1767653457068,44,200,true,110,110,44
1767653457076,36,200,true,110,110,36
1767653457079,33,200,true,110,110,33
1767653457068,44,200,true,110,110,44
1767653457080,32,200,true,110,110,32
1767653457076,36,200,true,110,110,36
1767653457079,33,200,true,110,110,33
1767653457081,31,200,true,110,110,31
1767653457080,32,200,true,110,110,32
1767653457081,32,200,true,110,110,32
1767653457080,33,200,true,110,110,33
1767653457068,46,200,true,110,110,46
1767653457079,35,200,true,110,110,35
1767653457075,39,200,true,110,110,39
1767653457073,41,200,true,110,110,41
1767653457068,47,200,true,110,110,46
1767653457079,36,200,true,110,110,36
1767653457081,34,200,true,110,110,33
1767653457083,33,200,true,110,110,33
1767653457084,33,200,true,110,110,33
1767653457087,40,200,true,110,110,40
1767653457093,34,200,true,110,110,34
1767653457083,46,200,true,110,110,46
1767653457089,41,200,true,110,110,41
1767653457087,44,200,true,110,110,44
1767653457089,43,200,true,110,110,43
1767653457090,47,200,true,110,110,47
1767653457084,53,200,true,110,110,53
1767653457087,50,200,true,110,110,50
1767653457084,53,200,true,110,110,53
1767653457084,53,200,true,110,110,53
1767653457093,44,200,true,110,110,44
1767653457087,50,200,true,110,110,50
1767653457086,52,200,true,110,110,52
1767653457084,54,200,true,110,110,54
1767653457090,48,200,true,110,110,48
1767653457083,55,200,true,110,110,55
1767653457088,50,200,true,110,110,50
1767653457093,45,200,true,110,110,45
1767653457084,54,200,true,110,110,54
1767653457093,45,200,true,110,110,45
1767653457092,46,200,true,110,110,46
1767653457093,45,200,true,110,110,45
1767653457089,49,200,true,110,110,49
1767653457094,44,200,true,110,110,44
1767653457090,48,200,true,110,110,48
1767653457093,45,200,true,110,110,45
1767653457088,51,200,true,110,110,51
1767653457093,46,200,true,110,110,46
1767653457088,51,200,true,110,110,51
1767653457094,45,200,true,110,110,45
1767653457097,42,200,true,110,110,42
1767653457105,34,200,true,110,110,34
1767653457111,28,200,true,110,110,28
1767653457102,38,200,true,110,110,38
1767653457105,35,200,true,110,110,35
1767653457112,28,200,true,110,110,28
1767653457095,45,200,true,110,110,45
1767653457098,42,200,true,110,110,42
1767653457091,51,200,true,110,110,51
1767653457105,37,200,true,110,110,37
1767653457117,26,200,true,110,110,26
1767653457112,31,200,true,110,110,31
1767653457099,44,200,true,110,110,44
1767653457098,45,200,true,110,110,45
1767653457111,32,200,true,110,110,32
1767653457097,46,200,true,110,110,46
1767653457114,30,200,true,110,110,29
1767653457090,54,200,true,110,110,53
1767653457114,30,200,true,110,110,30
1767653457084,60,200,true,110,110,60
1767653457118,26,200,true,110,110,26
1767653457083,61,200,true,110,110,61
1767653457111,33,200,true,110,110,33
1767653457084,60,200,true,110,110,60
1767653457111,33,200,true,110,110,33
1767653457084,60,200,true,110,110,60
1767653457112,32,200,true,110,110,32
1767653457091,54,200,true,110,110,54
1767653457111,34,200,true,110,110,34
1767653457090,55,200,true,110,110,55
1767653457105,40,200,true,110,110,40
1767653457084,61,200,true,110,110,61
1767653457084,61,200,true,110,110,61
1767653457090,55,200,true,110,110,55
1767653457084,62,200,true,110,110,62
1767653457084,62,200,true,110,110,62
1767653457115,31,200,true,110,110,31
1767653457094,52,200,true,110,110,52
1767653457089,58,200,true,110,110,58
1767653457084,63,200,true,110,110,63
1767653457115,32,200,true,110,110,32
1767653457084,64,200,true,110,110,64
1767653457091,58,200,true,110,110,56
1767653457095,54,200,true,110,110,44
1767653457094,55,200,true,110,110,54
1767653457093,56,200,true,110,110,48
1767653457084,65,200,true,110,110,64
1767653457094,56,200,true,110,110,56
1767653457087,63,200,true,110,110,63
1767653457088,62,200,true,110,110,62
1767653457088,63,200,true,110,110,63
1767653457091,60,200,true,110,110,60
1767653457090,61,200,true,110,110,61
1767653457093,60,200,true,110,110,60
1767653457089,64,200,true,110,110,64
1767653457090,64,200,true,110,110,64
1767653457088,66,200,true,110,110,66
1767653457091,63,200,true,110,110,63
1767653457097,65,200,true,110,110,65
1767653457112,50,200,true,110,110,50
1767653457098,66,200,true,110,110,66
1767653457098,67,200,true,110,110,65
1767653457093,72,200,true,110,110,72
1767653457113,52,200,true,110,110,52
1767653457112,53,200,true,110,110,53
1767653457112,54,200,true,110,110,54
1767653457112,54,200,true,110,110,53
1767653457094,72,200,true,110,110,67
1767653457137,30,200,true,110,110,30
1767653457138,29,200,true,110,110,29
1767653457130,37,200,true,110,110,37
1767653457114,53,200,true,110,110,53
1767653457095,72,200,true,110,110,71
1767653457131,36,200,true,110,110,36
1767653457139,28,200,true,110,110,28
1767653457127,40,200,true,110,110,40
1767653457127,40,200,true,110,110,40
1767653457138,29,200,true,110,110,29
1767653457096,72,200,true,110,110,72
1767653457130,38,200,true,110,110,38
1767653457138,30,200,true,110,110,30
1767653457112,56,200,true,110,110,55
1767653457088,80,200,true,110,110,78
1767653457112,56,200,true,110,110,56
1767653457114,54,200,true,110,110,54
1767653457097,72,200,true,110,110,72
1767653457113,56,200,true,110,110,53
1767653457116,53,200,true,110,110,53
1767653457105,64,200,true,110,110,64
1767653457132,39,200,true,110,110,39
1767653457144,27,200,true,110,110,27
1767653457144,27,200,true,110,110,27
1767653457140,31,200,true,110,110,31
1767653457139,33,200,true,110,110,33
1767653457137,35,200,true,110,110,35
1767653457140,32,200,true,110,110,32
1767653457144,28,200,true,110,110,28
1767653457142,30,200,true,110,110,30
1767653457138,34,200,true,110,110,34
1767653457139,33,200,true,110,110,33
1767653457143,29,200,true,110,110,29
1767653457137,35,200,true,110,110,35
1767653457138,35,200,true,110,110,35
1767653457138,35,200,true,110,110,35
1767653457138,35,200,true,110,110,35
1767653457138,35,200,true,110,110,35
1767653457138,36,200,true,110,110,36
1767653457143,31,200,true,110,110,31
1767653457142,33,200,true,110,110,33
1767653457138,37,200,true,110,110,37
1767653457143,32,200,true,110,110,32
1767653457140,35,200,true,110,110,35
1767653457140,35,200,true,110,110,35
1767653457143,32,200,true,110,110,32
1767653457138,37,200,true,110,110,37
1767653457144,32,200,true,110,110,32
1767653457146,30,200,true,110,110,30
1767653457144,32,200,true,110,110,32
1767653457140,36,200,true,110,110,36
1767653457138,38,200,true,110,110,38
1767653457145,31,200,true,110,110,31
1767653457143,34,200,true,110,110,33
1767653457137,40,200,true,110,110,40
1767653457145,32,200,true,110,110,32
1767653457138,39,200,true,110,110,39
1767653457140,37,200,true,110,110,37
1767653457145,32,200,true,110,110,32
1767653457143,34,200,true,110,110,34
1767653457145,34,200,true,110,110,34
1767653457144,35,200,true,110,110,35
1767653457145,34,200,true,110,110,34
1767653457144,37,200,true,110,110,37
1767653457146,36,200,true,110,110,36
1767653457146,36,200,true,110,110,36
1767653457138,46,200,true,110,110,46
1767653457144,41,200,true,110,110,41
1767653457145,40,200,true,110,110,40
1767653457146,39,200,true,110,110,39
1767653457144,43,200,true,110,110,43
1767653457144,44,200,true,110,110,44
1767653457137,51,200,true,110,110,51
1767653457145,43,200,true,110,110,43
1767653457140,49,200,true,110,110,49
1767653457139,53,200,true,110,110,53
1767653457140,52,200,true,110,110,52
1767653457138,54,200,true,110,110,54
1767653457169,30,200,true,110,110,30
1767653457151,48,200,true,110,110,48
1767653457173,26,200,true,110,110,26
1767653457149,51,200,true,110,110,51
1767653457165,35,200,true,110,110,35
1767653457154,46,200,true,110,110,46
1767653457171,29,200,true,110,110,29
1767653457173,27,200,true,110,110,27
1767653457168,33,200,true,110,110,33
1767653457165,37,200,true,110,110,37
1767653457172,30,200,true,110,110,30
1767653457168,34,200,true,110,110,34
1767653457167,35,200,true,110,110,35
1767653457172,30,200,true,110,110,30
1767653457173,30,200,true,110,110,30
1767653457169,34,200,true,110,110,34
1767653457149,54,200,true,110,110,54
1767653457167,36,200,true,110,110,36
1767653457166,37,200,true,110,110,37
1767653457165,38,200,true,110,110,38
1767653457150,56,200,true,110,110,56
1767653457151,55,200,true,110,110,55
1767653457139,67,200,true,110,110,67
1767653457167,39,200,true,110,110,39
1767653457149,58,200,true,110,110,58
1767653457153,54,200,true,110,110,54
1767653457167,40,200,true,110,110,40
1767653457168,39,200,true,110,110,39
1767653457150,59,200,true,110,110,59
1767653457150,61,200,true,110,110,61
1767653457151,61,200,true,110,110,61
1767653457154,58,200,true,110,110,58
1767653457147,65,200,true,110,110,65
1767653457147,65,200,true,110,110,65
1767653457167,45,200,true,110,110,45
1767653457154,58,200,true,110,110,58
1767653457149,63,200,true,110,110,63
1767653457169,43,200,true,110,110,43
1767653457165,47,200,true,110,110,47
1767653457149,63,200,true,110,110,63
1767653457162,51,200,true,110,110,51
1767653457162,51,200,true,110,110,51
1767653457175,41,200,true,110,110,41
1767653457179,37,200,true,110,110,37
1767653457174,44,200,true,110,110,44
1767653457172,47,200,true,110,110,44
1767653457176,43,200,true,110,110,43
1767653457175,44,200,true,110,110,44
1767653457148,71,200,true,110,110,71
1767653457173,46,200,true,110,110,46
1767653457172,47,200,true,110,110,47
1767653457171,49,200,true,110,110,49
1767653457153,67,200,true,110,110,67
1767653457166,54,200,true,110,110,49
1767653457146,74,200,true,110,110,74
1767653457167,54,200,true,110,110,54
1767653457168,53,200,true,110,110,53
1767653457173,48,200,true,110,110,48
1767653457147,74,200,true,110,110,74
1767653457172,50,200,true,110,110,50
1767653457167,55,200,true,110,110,55
1767653457172,50,200,true,110,110,50
1767653457167,56,200,true,110,110,56
1767653457165,59,200,true,110,110,59
1767653457171,53,200,true,110,110,53
1767653457175,51,200,true,110,110,51
1767653457172,54,200,true,110,110,54
1767653457176,50,200,true,110,110,50
1767653457168,59,200,true,110,110,59
1767653457171,56,200,true,110,110,56
1767653457167,61,200,true,110,110,61
1767653457177,51,200,true,110,110,51
1767653457202,26,200,true,110,110,26
1767653457200,28,200,true,110,110,28
1767653457185,43,200,true,110,110,43
1767653457177,51,200,true,110,110,51
1767653457175,53,200,true,110,110,53
1767653457184,45,200,true,110,110,45
1767653457189,40,200,true,110,110,40
1767653457189,40,200,true,110,110,40
1767653457185,44,200,true,110,110,44
1767653457199,30,200,true,110,110,30
1767653457175,55,200,true,110,110,55
1767653457175,55,200,true,110,110,55
1767653457179,51,200,true,110,110,51
1767653457177,53,200,true,110,110,53
1767653457175,55,200,true,110,110,55
1767653457185,46,200,true,110,110,45
1767653457168,63,200,true,110,110,63
1767653457175,56,200,true,110,110,56
1767653457168,63,200,true,110,110,63
1767653457168,63,200,true,110,110,60
1767653457177,54,200,true,110,110,52
1767653457166,66,200,true,110,110,66
1767653457169,63,200,true,110,110,61
1767653457206,26,200,true,110,110,26
1767653457203,29,200,true,110,110,29
1767653457206,27,200,true,110,110,27
1767653457207,26,200,true,110,110,26
1767653457202,31,200,true,110,110,31
1767653457207,26,200,true,110,110,26
1767653457188,45,200,true,110,110,45
1767653457202,32,200,true,110,110,32
1767653457202,32,200,true,110,110,32
1767653457179,55,200,true,110,110,55
1767653457172,62,200,true,110,110,62
1767653457188,46,200,true,110,110,46
1767653457188,47,200,true,110,110,47
1767653457203,32,200,true,110,110,32
1767653457177,58,200,true,110,110,58
1767653457181,54,200,true,110,110,54
1767653457192,43,200,true,110,110,43
1767653457176,60,200,true,110,110,60
1767653457203,33,200,true,110,110,33
1767653457176,60,200,true,110,110,60
1767653457200,36,200,true,110,110,36
1767653457202,34,200,true,110,110,34
1767653457192,44,200,true,110,110,44
1767653457201,35,200,true,110,110,35
1767653457199,37,200,true,110,110,37
1767653457182,54,200,true,110,110,54
1767653457177,59,200,true,110,110,59
1767653457177,59,200,true,110,110,59
1767653457182,54,200,true,110,110,54
1767653457200,37,200,true,110,110,37
1767653457192,45,200,true,110,110,45
1767653457177,60,200,true,110,110,60
1767653457176,61,200,true,110,110,61
1767653457199,38,200,true,110,110,38
1767653457200,37,200,true,110,110,37
1767653457207,30,200,true,110,110,30
1767653457203,34,200,true,110,110,34
1767653457203,34,200,true,110,110,34
1767653457207,31,200,true,110,110,31
1767653457200,38,200,true,110,110,38
1767653457203,35,200,true,110,110,35
1767653457209,29,200,true,110,110,29
1767653457207,43,200,true,110,110,43
1767653457206,45,200,true,110,110,45
1767653457223,35,200,true,110,110,35
1767653457216,42,200,true,110,110,42
1767653457212,46,200,true,110,110,46
1767653457230,28,200,true,110,110,28
1767653457212,46,200,true,110,110,46
1767653457231,27,200,true,110,110,27
1767653457220,38,200,true,110,110,38
1767653457219,39,200,true,110,110,39
1767653457219,39,200,true,110,110,39
1767653457231,28,200,true,110,110,28
1767653457222,37,200,true,110,110,37
1767653457221,38,200,true,110,110,38
1767653457231,28,200,true,110,110,28
1767653457230,29,200,true,110,110,29
1767653457222,37,200,true,110,110,37
1767653457212,48,200,true,110,110,48
1767653457212,48,200,true,110,110,48
1767653457227,33,200,true,110,110,33
1767653457221,39,200,true,110,110,39
1767653457212,48,200,true,110,110,48
1767653457216,44,200,true,110,110,44
1767653457226,34,200,true,110,110,34
1767653457219,41,200,true,110,110,41
1767653457218,42,200,true,110,110,42
1767653457226,34,200,true,110,110,34
1767653457213,47,200,true,110,110,47
1767653457228,32,200,true,110,110,32
1767653457224,36,200,true,110,110,36
1767653457212,48,200,true,110,110,48
1767653457212,49,200,true,110,110,49
1767653457229,32,200,true,110,110,32
1767653457219,42,200,true,110,110,42
1767653457227,34,200,true,110,110,34
1767653457212,49,200,true,110,110,49
1767653457219,42,200,true,110,110,42
1767653457222,39,200,true,110,110,39
1767653457231,30,200,true,110,110,30
1767653457224,37,200,true,110,110,37
1767653457230,31,200,true,110,110,31
1767653457229,32,200,true,110,110,32
1767653457221,40,200,true,110,110,40
1767653457213,48,200,true,110,110,48
1767653457211,50,200,true,110,110,50
1767653457231,31,200,true,110,110,31
1767653457220,42,200,true,110,110,42
1767653457228,34,200,true,110,110,34
1767653457228,34,200,true,110,110,34
1767653457228,35,200,true,110,110,35
1767653457219,44,200,true,110,110,44
1767653457229,34,200,true,110,110,34
1767653457229,35,200,true,110,110,35
1767653457212,52,200,true,110,110,52
1767653457228,36,200,true,110,110,36
1767653457222,42,200,true,110,110,42
1767653457230,34,200,true,110,110,34
1767653457230,35,200,true,110,110,35
1767653457228,37,200,true,110,110,37
1767653457227,38,200,true,110,110,38
1767653457221,44,200,true,110,110,44
1767653457228,37,200,true,110,110,37
1767653457212,53,200,true,110,110,53
1767653457237,37,200,true,110,110,37
1767653457237,37,200,true,110,110,37
1767653457232,42,200,true,110,110,42
1767653457231,44,200,true,110,110,44
1767653457235,40,200,true,110,110,40
1767653457236,39,200,true,110,110,39
1767653457234,41,200,true,110,110,41
1767653457237,38,200,true,110,110,38
1767653457220,55,200,true,110,110,55
1767653457237,38,200,true,110,110,38
1767653457236,39,200,true,110,110,39
1767653457232,43,200,true,110,110,43
1767653457238,37,200,true,110,110,37
1767653457238,37,200,true,110,110,37
1767653457237,39,200,true,110,110,38
1767653457237,39,200,true,110,110,39
1767653457234,42,200,true,110,110,42
1767653457233,43,200,true,110,110,43
1767653457233,43,200,true,110,110,43
1767653457235,41,200,true,110,110,41
1767653457233,43,200,true,110,110,42
1767653457234,42,200,true,110,110,42
1767653457236,41,200,true,110,110,41
1767653457233,44,200,true,110,110,44
1767653457237,40,200,true,110,110,40
1767653457235,42,200,true,110,110,42
1767653457236,41,200,true,110,110,41
1767653457236,42,200,true,110,110,42
1767653457232,46,200,true,110,110,46
1767653457236,42,200,true,110,110,42
1767653457236,43,200,true,110,110,43
1767653457233,46,200,true,110,110,46
1767653457235,44,200,true,110,110,44
1767653457260,19,200,true,110,110,19
1767653457236,43,200,true,110,110,43
1767653457262,17,200,true,110,110,17
1767653457236,43,200,true,110,110,43
1767653457235,44,200,true,110,110,44
1767653457250,29,200,true,110,110,29
1767653457260,23,200,true,110,110,23
1767653457237,47,200,true,110,110,47
1767653457237,47,200,true,110,110,47
1767653457251,33,200,true,110,110,33
1767653457236,48,200,true,110,110,48
1767653457238,47,200,true,110,110,47
1767653457260,25,200,true,110,110,25
1767653457235,50,200,true,110,110,50
1767653457232,53,200,true,110,110,53
1767653457236,50,200,true,110,110,50
1767653457261,25,200,true,110,110,25
1767653457238,50,200,true,110,110,49
1767653457233,55,200,true,110,110,55
1767653457263,25,200,true,110,110,25
1767653457236,52,200,true,110,110,52
1767653457234,54,200,true,110,110,54
1767653457259,34,200,true,110,110,30
1767653457275,20,200,true,110,110,20
1767653457276,19,200,true,110,110,19
1767653457258,37,200,true,110,110,37
1767653457265,31,200,true,110,110,31
1767653457262,34,200,true,110,110,34
1767653457258,38,200,true,110,110,38
1767653457276,20,200,true,110,110,20
1767653457260,36,200,true,110,110,36
1767653457261,35,200,true,110,110,27
1767653457258,38,200,true,110,110,38
1767653457261,35,200,true,110,110,35
1767653457260,36,200,true,110,110,36
1767653457259,38,200,true,110,110,38
1767653457275,24,200,true,110,110,24
1767653457261,39,200,true,110,110,39
1767653457258,42,200,true,110,110,42
1767653457277,24,200,true,110,110,24
1767653457258,44,200,true,110,110,44
1767653457259,43,200,true,110,110,43
1767653457259,43,200,true,110,110,43
1767653457274,29,200,true,110,110,29
1767653457264,39,200,true,110,110,39
1767653457259,44,200,true,110,110,44
1767653457278,25,200,true,110,110,25
1767653457261,43,200,true,110,110,43
1767653457259,45,200,true,110,110,45
1767653457258,46,200,true,110,110,46
1767653457262,43,200,true,110,110,43
1767653457260,45,200,true,110,110,45
1767653457261,45,200,true,110,110,45
1767653457260,46,200,true,110,110,46
1767653457260,46,200,true,110,110,46
1767653457277,32,200,true,110,110,32
1767653457276,33,200,true,110,110,33
1767653457276,33,200,true,110,110,33
1767653457277,32,200,true,110,110,32
1767653457275,34,200,true,110,110,34
1767653457261,48,200,true,110,110,48
1767653457276,33,200,true,110,110,33
1767653457275,34,200,true,110,110,34
1767653457278,31,200,true,110,110,31
1767653457274,35,200,true,110,110,35
1767653457279,30,200,true,110,110,30
1767653457260,49,200,true,110,110,49
1767653457279,30,200,true,110,110,30
1767653457275,35,200,true,110,110,34
1767653457265,45,200,true,110,110,45
1767653457261,49,200,true,110,110,49
1767653457275,35,200,true,110,110,35
1767653457276,34,200,true,110,110,34
1767653457277,33,200,true,110,110,33
1767653457259,51,200,true,110,110,51
1767653457260,50,200,true,110,110,50
1767653457261,49,200,true,110,110,49
1767653457276,34,200,true,110,110,34
1767653457261,49,200,true,110,110,49
1767653457260,50,200,true,110,110,50
1767653457276,35,200,true,110,110,35
1767653457275,36,200,true,110,110,36
1767653457279,32,200,true,110,110,32
1767653457276,35,200,true,110,110,35
1767653457279,32,200,true,110,110,32
1767653457279,32,200,true,110,110,32
1767653457277,34,200,true,110,110,34
1767653457279,33,200,true,110,110,33
1767653457279,33,200,true,110,110,33
1767653457279,33,200,true,110,110,33
1767653457275,37,200,true,110,110,37
1767653457279,33,200,true,110,110,33
1767653457275,37,200,true,110,110,37
1767653457265,48,200,true,110,110,48
1767653457264,49,200,true,110,110,49
1767653457259,54,200,true,110,110,54
1767653457260,53,200,true,110,110,53
1767653457261,53,200,true,110,110,53
1767653457260,54,200,true,110,110,54
1767653457265,49,200,true,110,110,49
1767653457260,54,200,true,110,110,54
1767653457261,53,200,true,110,110,53
1767653457263,51,200,true,110,110,51
1767653457264,50,200,true,110,110,50
1767653457264,51,200,true,110,110,51
1767653457265,50,200,true,110,110,50
1767653457261,54,200,true,110,110,54
1767653457263,52,200,true,110,110,52
1767653457275,40,200,true,110,110,40
1767653457261,54,200,true,110,110,54
1767653457265,50,200,true,110,110,50
1767653457263,53,200,true,110,110,53
1767653457258,58,200,true,110,110,58
1767653457265,51,200,true,110,110,51
1767653457275,44,200,true,110,110,44
1767653457284,37,200,true,110,110,37
1767653457288,34,200,true,110,110,34
1767653457296,26,200,true,110,110,26
1767653457284,38,200,true,110,110,38
1767653457285,37,200,true,110,110,37
1767653457293,29,200,true,110,110,29
1767653457296,26,200,true,110,110,26
1767653457296,28,200,true,110,110,28
1767653457301,23,200,true,110,110,23
1767653457284,41,200,true,110,110,41
1767653457295,30,200,true,110,110,30
1767653457300,25,200,true,110,110,25
1767653457296,29,200,true,110,110,29
1767653457285,41,200,true,110,110,41
1767653457278,48,200,true,110,110,48
1767653457285,41,200,true,110,110,41
1767653457286,40,200,true,110,110,40
1767653457288,38,200,true,110,110,38
1767653457285,42,200,true,110,110,42
1767653457284,43,200,true,110,110,43
1767653457296,31,200,true,110,110,31
1767653457296,31,200,true,110,110,31
1767653457302,25,200,true,110,110,25
1767653457296,32,200,true,110,110,32
1767653457288,40,200,true,110,110,40
1767653457303,25,200,true,110,110,25
1767653457295,33,200,true,110,110,33
1767653457284,52,200,true,110,110,52
1767653457309,29,200,true,110,110,29
1767653457310,28,200,true,110,110,28
1767653457309,30,200,true,110,110,30
1767653457312,27,200,true,110,110,27
1767653457300,39,200,true,110,110,39
1767653457297,42,200,true,110,110,42
1767653457312,27,200,true,110,110,27
1767653457311,28,200,true,110,110,28
1767653457309,30,200,true,110,110,30
1767653457286,53,200,true,110,110,53
1767653457296,43,200,true,110,110,43
1767653457303,36,200,true,110,110,36
1767653457288,51,200,true,110,110,51
1767653457310,30,200,true,110,110,30
1767653457310,30,200,true,110,110,30
1767653457288,52,200,true,110,110,52
1767653457309,31,200,true,110,110,31
1767653457303,38,200,true,110,110,38
1767653457302,39,200,true,110,110,39
1767653457299,42,200,true,110,110,42
1767653457302,39,200,true,110,110,39
1767653457296,45,200,true,110,110,45
1767653457309,32,200,true,110,110,32
1767653457311,31,200,true,110,110,31
1767653457311,31,200,true,110,110,31
1767653457296,46,200,true,110,110,46
1767653457304,38,200,true,110,110,38
1767653457309,33,200,true,110,110,33
1767653457305,37,200,true,110,110,37
1767653457310,32,200,true,110,110,32
1767653457316,26,200,true,110,110,26
1767653457306,36,200,true,110,110,36
1767653457311,31,200,true,110,110,31
1767653457310,32,200,true,110,110,32
1767653457314,28,200,true,110,110,28
1767653457305,37,200,true,110,110,37
1767653457313,30,200,true,110,110,29
1767653457314,29,200,true,110,110,28
1767653457303,40,200,true,110,110,40
1767653457305,47,200,true,110,110,47
1767653457315,37,200,true,110,110,37
1767653457311,42,200,true,110,110,42
1767653457309,44,200,true,110,110,44
1767653457309,44,200,true,110,110,44
1767653457313,40,200,true,110,110,40
1767653457314,51,200,true,110,110,51
1767653457312,53,200,true,110,110,53
1767653457314,51,200,true,110,110,51
1767653457315,51,200,true,110,110,51
1767653457315,51,200,true,110,110,51
1767653457310,56,200,true,110,110,56
1767653457309,57,200,true,110,110,57
1767653457310,56,200,true,110,110,56
1767653457314,52,200,true,110,110,52
1767653457312,54,200,true,110,110,54
1767653457306,60,200,true,110,110,60
1767653457315,52,200,true,110,110,52
1767653457313,54,200,true,110,110,54
1767653457313,57,200,true,110,110,57
1767653457304,66,200,true,110,110,66
1767653457310,60,200,true,110,110,60
1767653457309,61,200,true,110,110,61
1767653457314,56,200,true,110,110,56
1767653457310,60,200,true,110,110,60
1767653457310,60,200,true,110,110,60
1767653457311,59,200,true,110,110,59
1767653457311,59,200,true,110,110,59
1767653457309,62,200,true,110,110,62
1767653457316,55,200,true,110,110,55
1767653457315,56,200,true,110,110,56
1767653457306,65,200,true,110,110,65
1767653457312,59,200,true,110,110,59
1767653457310,61,200,true,110,110,61
1767653457315,57,200,true,110,110,57
1767653457309,63,200,true,110,110,63
1767653457316,56,200,true,110,110,53
1767653457315,58,200,true,110,110,58
1767653457312,61,200,true,110,110,61
1767653457309,65,200,true,110,110,65
1767653457325,49,200,true,110,110,49
1767653457314,60,200,true,110,110,60
1767653457341,33,200,true,110,110,33
1767653457340,34,200,true,110,110,34
1767653457328,47,200,true,110,110,47
1767653457341,34,200,true,110,110,34
1767653457310,65,200,true,110,110,65
1767653457339,36,200,true,110,110,36
1767653457338,39,200,true,110,110,39
1767653457322,55,200,true,110,110,55
1767653457340,37,200,true,110,110,37
1767653457327,50,200,true,110,110,50
1767653457325,52,200,true,110,110,52
1767653457339,39,200,true,110,110,39
1767653457339,39,200,true,110,110,39
1767653457339,39,200,true,110,110,39
1767653457322,57,200,true,110,110,57
1767653457322,57,200,true,110,110,57
1767653457325,55,200,true,110,110,55
1767653457339,41,200,true,110,110,41
1767653457326,54,200,true,110,110,54
1767653457326,54,200,true,110,110,54
1767653457343,37,200,true,110,110,37
1767653457324,57,200,true,110,110,54
1767653457339,42,200,true,110,110,39
1767653457326,55,200,true,110,110,55
1767653457328,54,200,true,110,110,54
1767653457342,40,200,true,110,110,40
1767653457325,57,200,true,110,110,57
1767653457353,29,200,true,110,110,29
1767653457340,42,200,true,110,110,42
1767653457343,39,200,true,110,110,39
1767653457339,43,200,true,110,110,43
1767653457342,40,200,true,110,110,40
1767653457342,40,200,true,110,110,40
1767653457327,55,200,true,110,110,55
1767653457342,41,200,true,110,110,41
1767653457341,42,200,true,110,110,42
1767653457322,61,200,true,110,110,61
1767653457336,47,200,true,110,110,47
1767653457342,41,200,true,110,110,41
1767653457327,56,200,true,110,110,56
1767653457322,61,200,true,110,110,61
1767653457342,42,200,true,110,110,42
1767653457341,43,200,true,110,110,43
1767653457342,42,200,true,110,110,42
1767653457327,58,200,true,110,110,58
1767653457328,57,200,true,110,110,57
1767653457343,42,200,true,110,110,42
1767653457342,43,200,true,110,110,43
1767653457353,32,200,true,110,110,32
1767653457339,46,200,true,110,110,46
1767653457366,19,200,true,110,110,19
1767653457325,60,200,true,110,110,60
1767653457342,43,200,true,110,110,43
1767653457365,20,200,true,110,110,20
1767653457342,43,200,true,110,110,43
1767653457366,19,200,true,110,110,19
1767653457322,64,200,true,110,110,64
1767653457342,44,200,true,110,110,41
1767653457338,48,200,true,110,110,48
1767653457366,20,200,true,110,110,20
1767653457342,44,200,true,110,110,44
1767653457326,60,200,true,110,110,60
1767653457339,47,200,true,110,110,47
1767653457326,61,200,true,110,110,60
1767653457340,47,200,true,110,110,47
1767653457328,59,200,true,110,110,59
1767653457328,59,200,true,110,110,59
1767653457342,45,200,true,110,110,45
1767653457339,49,200,true,110,110,49
1767653457342,46,200,true,110,110,46
1767653457339,49,200,true,110,110,49
1767653457342,47,200,true,110,110,47
1767653457321,68,200,true,110,110,68
1767653457352,38,200,true,110,110,38
1767653457319,71,200,true,110,110,71
1767653457366,31,200,true,110,110,31
1767653457354,43,200,true,110,110,43
1767653457365,32,200,true,110,110,32
1767653457370,28,200,true,110,110,28
1767653457366,33,200,true,110,110,32
1767653457365,34,200,true,110,110,34
1767653457370,29,200,true,110,110,29
1767653457366,35,200,true,110,110,34
1767653457367,34,200,true,110,110,34
1767653457370,31,200,true,110,110,31
1767653457366,35,200,true,110,110,35
1767653457372,29,200,true,110,110,29
1767653457353,49,200,true,110,110,48
1767653457370,32,200,true,110,110,32
1767653457370,32,200,true,110,110,32
1767653457371,31,200,true,110,110,31
1767653457370,32,200,true,110,110,31
1767653457367,35,200,true,110,110,35
1767653457370,32,200,true,110,110,32
1767653457370,33,200,true,110,110,33
1767653457353,50,200,true,110,110,50
1767653457366,38,200,true,110,110,38
1767653457371,33,200,true,110,110,33
1767653457370,34,200,true,110,110,34
1767653457371,34,200,true,110,110,34
1767653457371,34,200,true,110,110,34
1767653457371,34,200,true,110,110,34
1767653457385,26,200,true,110,110,26
1767653457383,28,200,true,110,110,28
1767653457374,37,200,true,110,110,37
1767653457382,29,200,true,110,110,29
1767653457382,29,200,true,110,110,29
1767653457384,28,200,true,110,110,28
1767653457382,30,200,true,110,110,30
1767653457386,26,200,true,110,110,26
1767653457380,33,200,true,110,110,33
1767653457377,36,200,true,110,110,36
1767653457373,40,200,true,110,110,40
1767653457385,28,200,true,110,110,28
1767653457374,39,200,true,110,110,39
1767653457383,30,200,true,110,110,30
1767653457380,33,200,true,110,110,33
1767653457376,37,200,true,110,110,37
1767653457382,32,200,true,110,110,30
1767653457374,40,200,true,110,110,40
1767653457378,36,200,true,110,110,36
1767653457380,38,200,true,110,110,38
1767653457385,34,200,true,110,110,34
1767653457378,42,200,true,110,110,42
1767653457378,42,200,true,110,110,42
1767653457380,42,200,true,110,110,42
1767653457381,42,200,true,110,110,42
1767653457382,41,200,true,110,110,41
1767653457377,46,200,true,110,110,46
1767653457374,49,200,true,110,110,49
1767653457382,41,200,true,110,110,41
1767653457386,37,200,true,110,110,37
1767653457402,21,200,true,110,110,21
1767653457390,33,200,true,110,110,33
1767653457379,45,200,true,110,110,45
1767653457397,27,200,true,110,110,26
1767653457381,43,200,true,110,110,43
1767653457385,39,200,true,110,110,38
1767653457401,23,200,true,110,110,23
1767653457388,36,200,true,110,110,36
1767653457401,24,200,true,110,110,24
1767653457378,47,200,true,110,110,47
1767653457387,38,200,true,110,110,38
1767653457375,50,200,true,110,110,50
1767653457383,42,200,true,110,110,42
1767653457386,39,200,true,110,110,39
1767653457386,40,200,true,110,110,40
1767653457373,53,200,true,110,110,53
1767653457386,40,200,true,110,110,40
1767653457380,46,200,true,110,110,46
1767653457387,39,200,true,110,110,39
1767653457385,41,200,true,110,110,41
1767653457382,44,200,true,110,110,44
1767653457382,44,200,true,110,110,44
1767653457383,43,200,true,110,110,43
1767653457385,41,200,true,110,110,41
1767653457388,38,200,true,110,110,38
1767653457375,51,200,true,110,110,51
1767653457381,45,200,true,110,110,45
1767653457372,54,200,true,110,110,54
1767653457386,40,200,true,110,110,40
1767653457382,44,200,true,110,110,44
1767653457378,48,200,true,110,110,48
1767653457386,41,200,true,110,110,41
1767653457374,53,200,true,110,110,53
1767653457385,42,200,true,110,110,42
1767653457386,41,200,true,110,110,41
1767653457385,42,200,true,110,110,42
1767653457383,44,200,true,110,110,44
1767653457382,45,200,true,110,110,45
1767653457387,40,200,true,110,110,40
1767653457402,25,200,true,110,110,25
1767653457386,41,200,true,110,110,41
1767653457387,40,200,true,110,110,40
1767653457372,55,200,true,110,110,55
1767653457390,37,200,true,110,110,37
1767653457383,45,200,true,110,110,45
1767653457386,42,200,true,110,110,41
1767653457379,49,200,true,110,110,49
1767653457375,53,200,true,110,110,53
1767653457397,31,200,true,110,110,31
1767653457372,56,200,true,110,110,56
1767653457384,44,200,true,110,110,44
1767653457402,26,200,true,110,110,26
1767653457384,44,200,true,110,110,44
1767653457377,51,200,true,110,110,51
1767653457383,45,200,true,110,110,44
1767653457385,44,200,true,110,110,42
1767653457402,29,200,true,110,110,29
1767653457404,27,200,true,110,110,27
1767653457402,29,200,true,110,110,29
1767653457402,29,200,true,110,110,29
1767653457397,34,200,true,110,110,34
1767653457387,44,200,true,110,110,44
1767653457401,32,200,true,110,110,32
1767653457399,35,200,true,110,110,35
1767653457399,37,200,true,110,110,37
1767653457389,48,200,true,110,110,48
1767653457388,50,200,true,110,110,50
1767653457411,27,200,true,110,110,27
1767653457403,35,200,true,110,110,35
1767653457413,25,200,true,110,110,25
1767653457403,36,200,true,110,110,36
1767653457404,36,200,true,110,110,36
1767653457411,29,200,true,110,110,29
1767653457413,27,200,true,110,110,27
1767653457412,29,200,true,110,110,29
1767653457398,43,200,true,110,110,43
1767653457401,41,200,true,110,110,41
1767653457413,29,200,true,110,110,29
1767653457405,38,200,true,110,110,38
1767653457412,31,200,true,110,110,31
1767653457399,44,200,true,110,110,42
1767653457425,18,200,true,110,110,18
1767653457412,31,200,true,110,110,31
1767653457411,32,200,true,110,110,32
1767653457425,19,200,true,110,110,19
1767653457390,56,200,true,110,110,56
1767653457423,23,200,true,110,110,23
1767653457426,21,200,true,110,110,21
1767653457414,33,200,true,110,110,33
1767653457418,30,200,true,110,110,29
1767653457404,44,200,true,110,110,44
1767653457413,35,200,true,110,110,35
1767653457413,37,200,true,110,110,37
1767653457413,37,200,true,110,110,37
1767653457411,39,200,true,110,110,37
1767653457424,31,200,true,110,110,31
1767653457426,29,200,true,110,110,29
1767653457424,31,200,true,110,110,31
1767653457424,32,200,true,110,110,32
1767653457423,33,200,true,110,110,33
1767653457427,29,200,true,110,110,29
1767653457423,33,200,true,110,110,33
1767653457425,31,200,true,110,110,31
1767653457426,30,200,true,110,110,30
1767653457427,30,200,true,110,110,30
1767653457426,31,200,true,110,110,31
1767653457426,31,200,true,110,110,31
1767653457425,32,200,true,110,110,32
1767653457414,43,200,true,110,110,43
1767653457427,30,200,true,110,110,30
1767653457401,57,200,true,110,110,57
1767653457427,31,200,true,110,110,31
1767653457425,33,200,true,110,110,33
1767653457426,33,200,true,110,110,33
1767653457426,33,200,true,110,110,33
1767653457426,33,200,true,110,110,33
1767653457419,41,200,true,110,110,41
1767653457426,34,200,true,110,110,33
1767653457426,34,200,true,110,110,34
1767653457427,33,200,true,110,110,33
1767653457425,35,200,true,110,110,35
1767653457428,32,200,true,110,110,32
1767653457423,37,200,true,110,110,37
1767653457424,36,200,true,110,110,36
1767653457426,34,200,true,110,110,34
1767653457427,33,200,true,110,110,33
1767653457420,40,200,true,110,110,40
1767653457424,36,200,true,110,110,36
1767653457428,33,200,true,110,110,33
1767653457426,35,200,true,110,110,35
1767653457425,36,200,true,110,110,36
1767653457427,34,200,true,110,110,34
1767653457420,41,200,true,110,110,41
1767653457427,34,200,true,110,110,34
1767653457426,35,200,true,110,110,35
1767653457423,39,200,true,110,110,39
1767653457405,57,200,true,110,110,57
1767653457431,34,200,true,110,110,34
1767653457428,37,200,true,110,110,37
1767653457426,39,200,true,110,110,39
1767653457431,34,200,true,110,110,34
1767653457428,37,200,true,110,110,37
1767653457438,28,200,true,110,110,28
1767653457437,29,200,true,110,110,29
1767653457431,35,200,true,110,110,35
1767653457433,33,200,true,110,110,33
1767653457428,38,200,true,110,110,38
1767653457442,25,200,true,110,110,25
1767653457431,36,200,true,110,110,36
1767653457426,41,200,true,110,110,41
1767653457429,39,200,true,110,110,39
1767653457428,40,200,true,110,110,40
1767653457428,40,200,true,110,110,40
1767653457436,33,200,true,110,110,33
1767653457434,35,200,true,110,110,35
1767653457428,41,200,true,110,110,41
1767653457428,42,200,true,110,110,42
1767653457428,42,200,true,110,110,42
1767653457428,42,200,true,110,110,42
1767653457428,42,200,true,110,110,42
1767653457428,43,200,true,110,110,39
1767653457438,33,200,true,110,110,33
1767653457440,31,200,true,110,110,31
1767653457440,31,200,true,110,110,31
1767653457443,28,200,true,110,110,28
1767653457444,27,200,true,110,110,27
1767653457441,30,200,true,110,110,30
1767653457426,45,200,true,110,110,42
1767653457414,57,200,true,110,110,57
1767653457448,23,200,true,110,110,23
1767653457450,22,200,true,110,110,22
1767653457441,31,200,true,110,110,31
1767653457447,25,200,true,110,110,25
1767653457439,33,200,true,110,110,33
1767653457457,15,200,true,110,110,15
1767653457440,32,200,true,110,110,32
1767653457456,16,200,true,110,110,16
1767653457428,44,200,true,110,110,44
1767653457413,59,200,true,110,110,59
1767653457448,24,200,true,110,110,24
1767653457443,29,200,true,110,110,29
1767653457456,16,200,true,110,110,16
1767653457443,29,200,true,110,110,29
1767653457414,58,200,true,110,110,58
1767653457446,26,200,true,110,110,26
1767653457450,22,200,true,110,110,22
1767653457422,50,200,true,110,110,50
1767653457438,34,200,true,110,110,34
1767653457446,26,200,true,110,110,26
1767653457413,59,200,true,110,110,59
1767653457450,23,200,true,110,110,23
1767653457455,18,200,true,110,110,18
1767653457443,30,200,true,110,110,30
1767653457405,68,200,true,110,110,68
1767653457426,47,200,true,110,110,47
1767653457456,17,200,true,110,110,17
1767653457456,17,200,true,110,110,17
1767653457427,46,200,true,110,110,46
1767653457443,30,200,true,110,110,30
1767653457457,16,200,true,110,110,16
1767653457455,18,200,true,110,110,18
1767653457402,71,200,true,110,110,71
1767653457456,17,200,true,110,110,17
1767653457426,47,200,true,110,110,47
1767653457443,30,200,true,110,110,30
1767653457456,17,200,true,110,110,17
1767653457423,51,200,true,110,110,51
1767653457423,51,200,true,110,110,51
1767653457457,17,200,true,110,110,17
1767653457442,32,200,true,110,110,32
1767653457438,37,200,true,110,110,37
1767653457448,27,200,true,110,110,27
1767653457427,48,200,true,110,110,48
1767653457456,20,200,true,110,110,19
1767653457448,28,200,true,110,110,28
1767653457431,45,200,true,110,110,45
1767653457431,45,200,true,110,110,45
1767653457466,40,200,true,110,110,40
1767653457459,47,200,true,110,110,47
1767653457473,33,200,true,110,110,33
1767653457472,34,200,true,110,110,34
1767653457471,36,200,true,110,110,36
1767653457473,34,200,true,110,110,34
1767653457460,47,200,true,110,110,47
1767653457473,34,200,true,110,110,34
1767653457460,47,200,true,110,110,47
1767653457471,36,200,true,110,110,36
1767653457473,34,200,true,110,110,34
1767653457468,39,200,true,110,110,39
1767653457473,34,200,true,110,110,34
1767653457472,35,200,true,110,110,35
1767653457465,42,200,true,110,110,42
1767653457461,46,200,true,110,110,46
1767653457472,35,200,true,110,110,35
1767653457457,51,200,true,110,110,51
1767653457466,42,200,true,110,110,42
1767653457472,36,200,true,110,110,36
1767653457472,36,200,true,110,110,36
1767653457472,37,200,true,110,110,37
1767653457473,36,200,true,110,110,36
1767653457460,49,200,true,110,110,49
1767653457458,51,200,true,110,110,51
1767653457472,37,200,true,110,110,37
1767653457457,52,200,true,110,110,52
1767653457473,36,200,true,110,110,36
1767653457472,37,200,true,110,110,37
1767653457461,48,200,true,110,110,48
1767653457460,49,200,true,110,110,49
1767653457472,37,200,true,110,110,37
1767653457472,37,200,true,110,110,37
1767653457473,36,200,true,110,110,36
1767653457465,45,200,true,110,110,45
1767653457472,38,200,true,110,110,37
1767653457471,39,200,true,110,110,39
1767653457469,41,200,true,110,110,41
1767653457473,37,200,true,110,110,37
1767653457460,50,200,true,110,110,50
1767653457461,49,200,true,110,110,49
1767653457473,37,200,true,110,110,37
1767653457473,37,200,true,110,110,37
1767653457457,53,200,true,110,110,53
1767653457468,42,200,true,110,110,42
1767653457474,36,200,true,110,110,36
1767653457460,50,200,true,110,110,50
1767653457461,49,200,true,110,110,49
1767653457473,38,200,true,110,110,38
1767653457474,37,200,true,110,110,37
1767653457471,40,200,true,110,110,40
1767653457466,45,200,true,110,110,45
1767653457472,39,200,true,110,110,39
1767653457459,52,200,true,110,110,52
1767653457465,46,200,true,110,110,46
1767653457469,42,200,true,110,110,42
1767653457472,39,200,true,110,110,39
1767653457462,49,200,true,110,110,49
1767653457472,39,200,true,110,110,39
1767653457475,36,200,true,110,110,36
1767653457459,52,200,true,110,110,52
1767653457473,39,200,true,110,110,39
1767653457472,40,200,true,110,110,40
1767653457461,51,200,true,110,110,51
1767653457472,40,200,true,110,110,40
1767653457458,54,200,true,110,110,54
1767653457461,51,200,true,110,110,51
1767653457470,42,200,true,110,110,42
1767653457474,38,200,true,110,110,38
1767653457472,40,200,true,110,110,40
1767653457467,45,200,true,110,110,45
1767653457473,39,200,true,110,110,39
1767653457461,51,200,true,110,110,51
1767653457458,55,200,true,110,110,55
1767653457472,41,200,true,110,110,41
1767653457466,47,200,true,110,110,47
1767653457460,55,200,true,110,110,55
1767653457471,44,200,true,110,110,44
1767653457465,50,200,true,110,110,50
1767653457471,45,200,true,110,110,45
1767653457475,41,200,true,110,110,41
1767653457470,46,200,true,110,110,43
1767653457475,41,200,true,110,110,41
1767653457466,51,200,true,110,110,51
1767653457471,47,200,true,110,110,47
1767653457471,47,200,true,110,110,47
1767653457465,53,200,true,110,110,53
1767653457470,48,200,true,110,110,48
1767653457474,44,200,true,110,110,44
1767653457462,56,200,true,110,110,56
1767653457472,46,200,true,110,110,46
1767653457468,50,200,true,110,110,50
1767653457476,42,200,true,110,110,42
1767653457476,42,200,true,110,110,41
1767653457475,44,200,true,110,110,42
1767653457461,58,200,true,110,110,58
1767653457467,52,200,true,110,110,52
1767653457460,59,200,true,110,110,59
1767653457471,48,200,true,110,110,48
1767653457476,43,200,true,110,110,43
1767653457471,48,200,true,110,110,48
1767653457473,46,200,true,110,110,46
1767653457461,58,200,true,110,110,58
1767653457467,53,200,true,110,110,53
1767653457476,44,200,true,110,110,44
1767653457474,46,200,true,110,110,44
1767653457472,48,200,true,110,110,48
1767653457469,51,200,true,110,110,51
1767653457461,59,200,true,110,110,59
1767653457460,60,200,true,110,110,60
1767653457507,14,200,true,110,110,14
1767653457507,14,200,true,110,110,14
1767653457507,14,200,true,110,110,14
1767653457508,14,200,true,110,110,14
1767653457507,15,200,true,110,110,15
1767653457507,15,200,true,110,110,15
1767653457507,16,200,true,110,110,16
1767653457507,16,200,true,110,110,16
1767653457507,16,200,true,110,110,16
1767653457507,16,200,true,110,110,16
1767653457507,16,200,true,110,110,16
1767653457507,17,200,true,110,110,16
1767653457508,18,200,true,110,110,18
1767653457507,20,200,true,110,110,20
1767653457507,20,200,true,110,110,20
1767653457507,21,200,true,110,110,20
1767653457507,26,200,true,110,110,21
1767653457507,26,200,true,110,110,26
1767653457510,28,200,true,110,110,28
1767653457511,27,200,true,110,110,27
1767653457511,28,200,true,110,110,28
1767653457510,29,200,true,110,110,29
1767653457511,28,200,true,110,110,28
1767653457510,29,200,true,110,110,29
1767653457510,29,200,true,110,110,29
1767653457510,29,200,true,110,110,29
1767653457510,29,200,true,110,110,29
1767653457511,28,200,true,110,110,28
1767653457509,30,200,true,110,110,30
1767653457509,30,200,true,110,110,30
1767653457512,28,200,true,110,110,28
1767653457509,31,200,true,110,110,31
1767653457511,29,200,true,110,110,29
1767653457509,31,200,true,110,110,31
1767653457509,31,200,true,110,110,30
1767653457508,32,200,true,110,110,32
1767653457511,29,200,true,110,110,29
1767653457510,30,200,true,110,110,30
1767653457510,30,200,true,110,110,30
1767653457510,30,200,true,110,110,30
1767653457512,28,200,true,110,110,28
1767653457509,32,200,true,110,110,32
1767653457509,32,200,true,110,110,30
1767653457509,32,200,true,110,110,32
1767653457510,31,200,true,110,110,31
1767653457510,31,200,true,110,110,31
1767653457511,30,200,true,110,110,30
1767653457509,33,200,true,110,110,33
1767653457508,34,200,true,110,110,33
1767653457510,33,200,true,110,110,33
1767653457509,34,200,true,110,110,34
1767653457510,33,200,true,110,110,32
1767653457510,34,200,true,110,110,33
1767653457508,40,200,true,110,110,40
1767653457512,50,200,true,110,110,49
1767653457516,46,200,true,110,110,46
1767653457512,50,200,true,110,110,50
1767653457512,50,200,true,110,110,50
1767653457518,44,200,true,110,110,44
1767653457518,44,200,true,110,110,44
1767653457512,50,200,true,110,110,50
1767653457518,44,200,true,110,110,44
1767653457518,44,200,true,110,110,44
1767653457519,43,200,true,110,110,43
1767653457518,44,200,true,110,110,44
1767653457516,46,200,true,110,110,46
1767653457518,44,200,true,110,110,44
1767653457512,50,200,true,110,110,50
1767653457513,49,200,true,110,110,49
1767653457516,47,200,true,110,110,47
1767653457518,45,200,true,110,110,45
1767653457513,50,200,true,110,110,50
1767653457521,42,200,true,110,110,42
1767653457515,48,200,true,110,110,48
1767653457520,43,200,true,110,110,43
1767653457520,43,200,true,110,110,43
1767653457511,52,200,true,110,110,52
1767653457519,44,200,true,110,110,44
1767653457518,45,200,true,110,110,45
1767653457520,43,200,true,110,110,42
1767653457512,51,200,true,110,110,51
1767653457512,52,200,true,110,110,51
1767653457512,52,200,true,110,110,52
1767653457511,53,200,true,110,110,53
1767653457520,44,200,true,110,110,44
1767653457516,48,200,true,110,110,48
1767653457519,46,200,true,110,110,46
1767653457519,46,200,true,110,110,46
1767653457511,55,200,true,110,110,55
1767653457512,54,200,true,110,110,54
1767653457511,55,200,true,110,110,55
1767653457515,52,200,true,110,110,52
1767653457511,56,200,true,110,110,56
1767653457521,46,200,true,110,110,46
1767653457518,49,200,true,110,110,49
1767653457513,54,200,true,110,110,53
1767653457539,33,200,true,110,110,33
1767653457520,53,200,true,110,110,53
1767653457523,50,200,true,110,110,50
1767653457539,34,200,true,110,110,34
1767653457539,35,200,true,110,110,34
1767653457527,47,200,true,110,110,47
1767653457540,35,200,true,110,110,35
1767653457540,35,200,true,110,110,35
1767653457518,58,200,true,110,110,58
1767653457541,35,200,true,110,110,35
1767653457522,54,200,true,110,110,54
1767653457540,36,200,true,110,110,36
1767653457516,60,200,true,110,110,60
1767653457539,37,200,true,110,110,37
1767653457519,57,200,true,110,110,57
1767653457524,52,200,true,110,110,52
1767653457539,37,200,true,110,110,37
1767653457511,66,200,true,110,110,66
1767653457520,57,200,true,110,110,57
1767653457539,38,200,true,110,110,38
1767653457510,67,200,true,110,110,67
1767653457517,60,200,true,110,110,60
1767653457528,49,200,true,110,110,49
1767653457511,66,200,true,110,110,66
1767653457527,50,200,true,110,110,50
1767653457522,55,200,true,110,110,55
1767653457526,51,200,true,110,110,51
1767653457538,39,200,true,110,110,39
1767653457523,54,200,true,110,110,54
1767653457539,38,200,true,110,110,38
1767653457521,56,200,true,110,110,56
1767653457520,57,200,true,110,110,57
1767653457519,59,200,true,110,110,59
1767653457540,38,200,true,110,110,38
1767653457523,55,200,true,110,110,55
1767653457541,37,200,true,110,110,37
1767653457541,37,200,true,110,110,37
1767653457512,66,200,true,110,110,66
1767653457523,56,200,true,110,110,56
1767653457519,60,200,true,110,110,60
1767653457540,39,200,true,110,110,39
1767653457522,57,200,true,110,110,57
1767653457540,39,200,true,110,110,39
1767653457539,40,200,true,110,110,40
1767653457539,40,200,true,110,110,40
1767653457520,59,200,true,110,110,59
1767653457542,37,200,true,110,110,37
1767653457540,39,200,true,110,110,36
1767653457512,67,200,true,110,110,67
1767653457539,40,200,true,110,110,37
1767653457523,56,200,true,110,110,56
1767653457519,60,200,true,110,110,60
1767653457541,38,200,true,110,110,38
1767653457541,42,200,true,110,110,42
1767653457540,43,200,true,110,110,43
1767653457541,42,200,true,110,110,42
1767653457540,43,200,true,110,110,43
1767653457562,22,200,true,110,110,22
1767653457543,42,200,true,110,110,42
1767653457562,23,200,true,110,110,23
1767653457562,24,200,true,110,110,24
1767653457540,46,200,true,110,110,46
1767653457533,53,200,true,110,110,53
1767653457540,46,200,true,110,110,45
1767653457548,39,200,true,110,110,39
1767653457533,54,200,true,110,110,54
1767653457563,24,200,true,110,110,24
1767653457563,25,200,true,110,110,25
1767653457563,25,200,true,110,110,25
1767653457562,26,200,true,110,110,26
1767653457562,26,200,true,110,110,26
1767653457562,26,200,true,110,110,26
1767653457563,25,200,true,110,110,25
1767653457562,26,200,true,110,110,26
1767653457562,26,200,true,110,110,26
1767653457563,27,200,true,110,110,27
1767653457545,45,200,true,110,110,45
1767653457543,47,200,true,110,110,47
1767653457563,28,200,true,110,110,28
1767653457563,28,200,true,110,110,28
1767653457542,49,200,true,110,110,49
1767653457562,29,200,true,110,110,29
1767653457563,28,200,true,110,110,28
1767653457564,27,200,true,110,110,27
1767653457564,27,200,true,110,110,27
1767653457563,28,200,true,110,110,28
1767653457562,29,200,true,110,110,29
1767653457563,28,200,true,110,110,28
1767653457542,49,200,true,110,110,49
1767653457566,25,200,true,110,110,25
1767653457563,29,200,true,110,110,29
1767653457562,30,200,true,110,110,30
1767653457543,49,200,true,110,110,49
1767653457562,30,200,true,110,110,30
1767653457563,30,200,true,110,110,30
1767653457563,30,200,true,110,110,30
1767653457564,29,200,true,110,110,29
1767653457566,27,200,true,110,110,27
1767653457562,32,200,true,110,110,32
1767653457564,30,200,true,110,110,30
1767653457562,44,200,true,110,110,44
1767653457565,41,200,true,110,110,41
1767653457578,29,200,true,110,110,29
1767653457564,44,200,true,110,110,44
1767653457578,30,200,true,110,110,30
1767653457578,30,200,true,110,110,30
1767653457577,31,200,true,110,110,31
1767653457577,32,200,true,110,110,32
1767653457577,32,200,true,110,110,32
1767653457576,33,200,true,110,110,33
1767653457579,40,200,true,110,110,40
1767653457567,52,200,true,110,110,52
1767653457576,43,200,true,110,110,43
1767653457574,46,200,true,110,110,46
1767653457572,48,200,true,110,110,48
1767653457573,47,200,true,110,110,47
1767653457578,45,200,true,110,110,44
1767653457576,47,200,true,110,110,47
1767653457576,47,200,true,110,110,47
1767653457577,46,200,true,110,110,46
1767653457565,59,200,true,110,110,59
1767653457586,38,200,true,110,110,38
1767653457586,38,200,true,110,110,38
1767653457577,47,200,true,110,110,47
1767653457579,45,200,true,110,110,45
1767653457573,52,200,true,110,110,51
1767653457576,49,200,true,110,110,49
1767653457566,59,200,true,110,110,59
1767653457573,52,200,true,110,110,52
1767653457576,49,200,true,110,110,49
1767653457591,34,200,true,110,110,34
1767653457567,58,200,true,110,110,58
1767653457584,41,200,true,110,110,41
1767653457574,51,200,true,110,110,51
1767653457583,43,200,true,110,110,42
1767653457577,49,200,true,110,110,49
1767653457577,49,200,true,110,110,49
1767653457579,47,200,true,110,110,47
1767653457576,50,200,true,110,110,50
1767653457579,47,200,true,110,110,47
1767653457588,38,200,true,110,110,38
1767653457579,47,200,true,110,110,47
1767653457592,34,200,true,110,110,34
1767653457576,50,200,true,110,110,50
1767653457580,47,200,true,110,110,47
1767653457567,60,200,true,110,110,60
1767653457577,50,200,true,110,110,50
1767653457579,48,200,true,110,110,48
1767653457577,50,200,true,110,110,50
1767653457583,44,200,true,110,110,44
1767653457586,41,200,true,110,110,41
1767653457575,52,200,true,110,110,52
1767653457579,48,200,true,110,110,48
1767653457588,39,200,true,110,110,39
1767653457579,48,200,true,110,110,48
1767653457591,36,200,true,110,110,36
1767653457583,44,200,true,110,110,44
1767653457577,50,200,true,110,110,50
1767653457567,60,200,true,110,110,60
1767653457591,36,200,true,110,110,36
1767653457591,36,200,true,110,110,36
1767653457577,50,200,true,110,110,50
1767653457577,51,200,true,110,110,51
1767653457576,52,200,true,110,110,52
1767653457591,37,200,true,110,110,37
1767653457579,49,200,true,110,110,49
1767653457593,35,200,true,110,110,35
1767653457592,36,200,true,110,110,36
1767653457586,43,200,true,110,110,43
1767653457587,42,200,true,110,110,42
1767653457591,38,200,true,110,110,38
1767653457579,50,200,true,110,110,50
1767653457591,39,200,true,110,110,39
1767653457577,53,200,true,110,110,53
1767653457594,36,200,true,110,110,36
1767653457591,39,200,true,110,110,39
1767653457588,42,200,true,110,110,42
1767653457588,42,200,true,110,110,42
1767653457594,36,200,true,110,110,36
1767653457579,51,200,true,110,110,51
1767653457579,51,200,true,110,110,51
1767653457575,55,200,true,110,110,55
1767653457585,46,200,true,110,110,45
1767653457583,48,200,true,110,110,48
1767653457577,54,200,true,110,110,54
1767653457591,40,200,true,110,110,40
1767653457578,53,200,true,110,110,53
1767653457577,54,200,true,110,110,54
1767653457592,39,200,true,110,110,39
1767653457579,52,200,true,110,110,52
1767653457590,41,200,true,110,110,41
1767653457579,53,200,true,110,110,53
1767653457578,54,200,true,110,110,54
1767653457590,42,200,true,110,110,42
1767653457593,39,200,true,110,110,34
1767653457587,45,200,true,110,110,45
1767653457585,47,200,true,110,110,47
1767653457587,45,200,true,110,110,45
1767653457590,42,200,true,110,110,42
1767653457591,42,200,true,110,110,42
1767653457591,42,200,true,110,110,42
1767653457567,66,200,true,110,110,66
1767653457593,40,200,true,110,110,40
1767653457588,45,200,true,110,110,45
1767653457608,25,200,true,110,110,25
1767653457588,45,200,true,110,110,45
1767653457588,45,200,true,110,110,45
1767653457591,42,200,true,110,110,42
1767653457592,41,200,true,110,110,41
1767653457593,40,200,true,110,110,39
1767653457588,46,200,true,110,110,44
1767653457606,30,200,true,110,110,30
1767653457609,27,200,true,110,110,27
1767653457619,18,200,true,110,110,18
1767653457606,31,200,true,110,110,31
1767653457608,29,200,true,110,110,29
1767653457609,28,200,true,110,110,28
1767653457607,30,200,true,110,110,30
1767653457608,30,200,true,110,110,30
1767653457620,19,200,true,110,110,19
1767653457628,15,200,true,110,110,15
1767653457629,14,200,true,110,110,14
1767653457620,23,200,true,110,110,23
1767653457627,17,200,true,110,110,16
1767653457631,13,200,true,110,110,13
1767653457625,19,200,true,110,110,19
1767653457608,36,200,true,110,110,36
1767653457609,35,200,true,110,110,34
1767653457624,20,200,true,110,110,20
1767653457619,25,200,true,110,110,25
1767653457625,20,200,true,110,110,20
1767653457625,21,200,true,110,110,21
1767653457624,22,200,true,110,110,22
1767653457627,19,200,true,110,110,19
1767653457633,13,200,true,110,110,13
1767653457627,19,200,true,110,110,19
1767653457629,18,200,true,110,110,18
1767653457624,36,200,true,110,110,36
1767653457626,34,200,true,110,110,34
1767653457624,37,200,true,110,110,37
1767653457632,29,200,true,110,110,29
1767653457623,46,200,true,110,110,46
1767653457625,44,200,true,110,110,44
1767653457626,44,200,true,110,110,44
1767653457633,37,200,true,110,110,37
1767653457627,43,200,true,110,110,43
1767653457626,44,200,true,110,110,44
1767653457626,44,200,true,110,110,44
1767653457633,37,200,true,110,110,37
1767653457632,38,200,true,110,110,38
1767653457631,40,200,true,110,110,40
1767653457637,34,200,true,110,110,34
1767653457630,41,200,true,110,110,41
1767653457631,41,200,true,110,110,41
1767653457627,45,200,true,110,110,45
1767653457631,42,200,true,110,110,41
1767653457627,46,200,true,110,110,46
1767653457620,53,200,true,110,110,53
1767653457632,41,200,true,110,110,41
1767653457625,48,200,true,110,110,48
1767653457630,43,200,true,110,110,43
1767653457626,47,200,true,110,110,47
1767653457630,43,200,true,110,110,43
1767653457633,41,200,true,110,110,40
1767653457644,30,200,true,110,110,30
1767653457626,48,200,true,110,110,48
1767653457629,45,200,true,110,110,45
1767653457637,37,200,true,110,110,37
1767653457628,46,200,true,110,110,46
1767653457628,47,200,true,110,110,47
1767653457637,38,200,true,110,110,38
1767653457647,28,200,true,110,110,28
1767653457627,48,200,true,110,110,48
1767653457630,45,200,true,110,110,45
1767653457631,44,200,true,110,110,44
1767653457627,48,200,true,110,110,48
1767653457638,37,200,true,110,110,37
1767653457627,49,200,true,110,110,49
1767653457645,31,200,true,110,110,31
1767653457625,51,200,true,110,110,51
1767653457631,45,200,true,110,110,45
1767653457633,43,200,true,110,110,43
1767653457626,50,200,true,110,110,50
1767653457627,49,200,true,110,110,49
1767653457625,51,200,true,110,110,51
1767653457623,54,200,true,110,110,54
1767653457639,38,200,true,110,110,38
1767653457629,48,200,true,110,110,48
1767653457644,34,200,true,110,110,34
1767653457636,42,200,true,110,110,42
1767653457627,52,200,true,110,110,51
1767653457626,53,200,true,110,110,53
1767653457630,49,200,true,110,110,47
1767653457633,46,200,true,110,110,44
1767653457632,48,200,true,110,110,47
1767653457632,49,200,true,110,110,48
1767653457632,50,200,true,110,110,50
1767653457644,38,200,true,110,110,38
1767653457632,51,200,true,110,110,51
1767653457625,58,200,true,110,110,58
1767653457626,58,200,true,110,110,48
1767653457623,63,200,true,110,110,63
1767653457631,55,200,true,110,110,55
1767653457630,56,200,true,110,110,56
1767653457623,64,200,true,110,110,63
1767653457628,59,200,true,110,110,59
1767653457627,60,200,true,110,110,59
1767653457628,59,200,true,110,110,59
1767653457624,63,200,true,110,110,63
1767653457646,41,200,true,110,110,41
1767653457630,57,200,true,110,110,57
1767653457627,60,200,true,110,110,60
1767653457630,58,200,true,110,110,56
1767653457643,48,200,true,110,110,48
1767653457631,60,200,true,110,110,60
1767653457628,63,200,true,110,110,63
1767653457627,65,200,true,110,110,65
1767653457625,68,200,true,110,110,68
1767653457646,47,200,true,110,110,47
1767653457670,26,200,true,110,110,26
1767653457646,51,200,true,110,110,51
1767653457669,28,200,true,110,110,28
1767653457633,64,200,true,110,110,64
1767653457628,69,200,true,110,110,69
1767653457670,28,200,true,110,110,28
1767653457660,39,200,true,110,110,39
1767653457643,59,200,true,110,110,59
1767653457661,41,200,true,110,110,41
1767653457638,64,200,true,110,110,64
1767653457644,59,200,true,110,110,59
1767653457644,59,200,true,110,110,59
1767653457633,70,200,true,110,110,70
1767653457630,73,200,true,110,110,73
1767653457620,83,200,true,110,110,83
1767653457633,70,200,true,110,110,70
1767653457633,70,200,true,110,110,70
1767653457643,60,200,true,110,110,60
1767653457634,70,200,true,110,110,70
1767653457670,34,200,true,110,110,34
1767653457660,44,200,true,110,110,44
1767653457669,36,200,true,110,110,36
1767653457670,35,200,true,110,110,35
1767653457637,68,200,true,110,110,68
1767653457646,60,200,true,110,110,60
1767653457646,60,200,true,110,110,60
1767653457627,79,200,true,110,110,79
1767653457672,35,200,true,110,110,35
1767653457628,79,200,true,110,110,79
1767653457631,76,200,true,110,110,76
1767653457644,64,200,true,110,110,58
1767653457673,37,200,true,110,110,37
1767653457673,38,200,true,110,110,38
1767653457670,41,200,true,110,110,41
1767653457632,80,200,true,110,110,80
1767653457674,38,200,true,110,110,38
1767653457662,50,200,true,110,110,50
1767653457626,86,200,true,110,110,86
1767653457674,38,200,true,110,110,38
1767653457675,37,200,true,110,110,37
1767653457676,36,200,true,110,110,36
1767653457674,38,200,true,110,110,38
1767653457675,37,200,true,110,110,37
1767653457673,39,200,true,110,110,39
1767653457671,41,200,true,110,110,41
1767653457676,36,200,true,110,110,36
1767653457673,40,200,true,110,110,40
1767653457632,81,200,true,110,110,81
1767653457673,40,200,true,110,110,40
1767653457671,42,200,true,110,110,42
1767653457673,40,200,true,110,110,40
1767653457681,32,200,true,110,110,32
1767653457646,67,200,true,110,110,67
1767653457627,87,200,true,110,110,87
1767653457672,43,200,true,110,110,43
1767653457636,80,200,true,110,110,80
1767653457634,82,200,true,110,110,82
1767653457692,33,200,true,110,110,33
1767653457693,33,200,true,110,110,33
1767653457674,52,200,true,110,110,52
1767653457683,43,200,true,110,110,43
1767653457691,35,200,true,110,110,35
1767653457691,35,200,true,110,110,35
1767653457686,40,200,true,110,110,40
1767653457675,51,200,true,110,110,51
1767653457674,52,200,true,110,110,52
1767653457671,56,200,true,110,110,56
1767653457682,45,200,true,110,110,45
1767653457675,52,200,true,110,110,52
1767653457688,40,200,true,110,110,40
1767653457675,53,200,true,110,110,53
1767653457693,36,200,true,110,110,36
1767653457679,50,200,true,110,110,50
1767653457687,43,200,true,110,110,42
1767653457687,43,200,true,110,110,43
1767653457697,33,200,true,110,110,33
1767653457678,52,200,true,110,110,52
1767653457683,47,200,true,110,110,47
1767653457687,44,200,true,110,110,44
1767653457677,54,200,true,110,110,54
1767653457687,45,200,true,110,110,45
1767653457677,55,200,true,110,110,55
1767653457671,61,200,true,110,110,61
1767653457670,63,200,true,110,110,63
1767653457697,36,200,true,110,110,36
1767653457697,36,200,true,110,110,36
1767653457679,54,200,true,110,110,54
1767653457699,35,200,true,110,110,35
1767653457704,30,200,true,110,110,30
1767653457692,42,200,true,110,110,42
1767653457713,21,200,true,110,110,21
1767653457712,22,200,true,110,110,22
1767653457696,39,200,true,110,110,39
1767653457703,32,200,true,110,110,32
1767653457706,29,200,true,110,110,29
1767653457702,33,200,true,110,110,33
1767653457713,22,200,true,110,110,22
1767653457707,28,200,true,110,110,28
1767653457706,29,200,true,110,110,29
1767653457713,22,200,true,110,110,22
1767653457712,23,200,true,110,110,23
1767653457687,49,200,true,110,110,49
1767653457713,23,200,true,110,110,23
1767653457705,31,200,true,110,110,31
1767653457711,25,200,true,110,110,25
1767653457676,60,200,true,110,110,60
1767653457697,39,200,true,110,110,39
1767653457712,24,200,true,110,110,24
1767653457712,25,200,true,110,110,24
1767653457712,25,200,true,110,110,24
1767653457712,25,200,true,110,110,25
1767653457713,24,200,true,110,110,24
1767653457678,59,200,true,110,110,59
1767653457675,63,200,true,110,110,63
1767653457673,65,200,true,110,110,65
1767653457676,62,200,true,110,110,62
1767653457679,59,200,true,110,110,59
1767653457703,35,200,true,110,110,34
1767653457706,32,200,true,110,110,28
1767653457674,64,200,true,110,110,64
1767653457703,35,200,true,110,110,34
1767653457676,62,200,true,110,110,62
1767653457676,63,200,true,110,110,62
1767653457703,36,200,true,110,110,36
1767653457707,32,200,true,110,110,32
1767653457677,62,200,true,110,110,62
1767653457712,27,200,true,110,110,27
1767653457679,60,200,true,110,110,60
1767653457687,52,200,true,110,110,52
1767653457680,59,200,true,110,110,59
1767653457683,57,200,true,110,110,57
1767653457687,53,200,true,110,110,53
1767653457712,28,200,true,110,110,28
1767653457676,64,200,true,110,110,64
1767653457687,54,200,true,110,110,54
1767653457703,38,200,true,110,110,38
1767653457676,65,200,true,110,110,65
1767653457711,30,200,true,110,110,30
1767653457684,57,200,true,110,110,57
1767653457676,65,200,true,110,110,64
1767653457705,36,200,true,110,110,36
1767653457702,39,200,true,110,110,39
1767653457675,66,200,true,110,110,66
1767653457687,54,200,true,110,110,54
1767653457699,42,200,true,110,110,40
1767653457686,55,200,true,110,110,55
1767653457712,29,200,true,110,110,29
1767653457673,69,200,true,110,110,69
1767653457713,29,200,true,110,110,29
1767653457716,26,200,true,110,110,26
1767653457716,26,200,true,110,110,26
1767653457712,32,200,true,110,110,32
1767653457712,32,200,true,110,110,32
1767653457712,32,200,true,110,110,32
1767653457709,36,200,true,110,110,36
1767653457703,42,200,true,110,110,42
1767653457703,43,200,true,110,110,43
1767653457702,44,200,true,110,110,44
1767653457715,31,200,true,110,110,31
1767653457704,43,200,true,110,110,43
1767653457704,45,200,true,110,110,42
1767653457703,46,200,true,110,110,46
1767653457707,42,200,true,110,110,42
1767653457713,37,200,true,110,110,37
1767653457710,40,200,true,110,110,40
1767653457714,37,200,true,110,110,37
1767653457705,46,200,true,110,110,45
1767653457734,37,200,true,110,110,36
1767653457732,39,200,true,110,110,39
1767653457737,34,200,true,110,110,34
1767653457741,30,200,true,110,110,30
1767653457726,47,200,true,110,110,47
1767653457737,36,200,true,110,110,36
1767653457738,36,200,true,110,110,35
1767653457727,47,200,true,110,110,47
1767653457727,47,200,true,110,110,47
1767653457730,44,200,true,110,110,44
1767653457739,36,200,true,110,110,36
1767653457736,39,200,true,110,110,39
1767653457738,38,200,true,110,110,38
1767653457741,35,200,true,110,110,35
1767653457726,50,200,true,110,110,50
1767653457726,51,200,true,110,110,50
1767653457731,48,200,true,110,110,48
1767653457739,42,200,true,110,110,42
1767653457730,52,200,true,110,110,52
1767653457726,56,200,true,110,110,56
1767653457741,41,200,true,110,110,41
1767653457726,56,200,true,110,110,56
1767653457736,47,200,true,110,110,47
1767653457736,47,200,true,110,110,47
1767653457734,49,200,true,110,110,49
1767653457741,42,200,true,110,110,42
1767653457735,48,200,true,110,110,48
1767653457737,46,200,true,110,110,46
1767653457732,51,200,true,110,110,51
1767653457739,45,200,true,110,110,45
1767653457739,45,200,true,110,110,45
1767653457734,50,200,true,110,110,50
1767653457727,58,200,true,110,110,58
1767653457740,45,200,true,110,110,45
1767653457742,43,200,true,110,110,43
1767653457737,48,200,true,110,110,48
1767653457735,51,200,true,110,110,51
1767653457738,48,200,true,110,110,48
1767653457736,50,200,true,110,110,50
1767653457740,47,200,true,110,110,47
1767653457741,46,200,true,110,110,46
1767653457739,51,200,true,110,110,51
1767653457736,55,200,true,110,110,55
1767653457741,50,200,true,110,110,50
1767653457735,56,200,true,110,110,56
1767653457728,63,200,true,110,110,63
1767653457742,49,200,true,110,110,48
1767653457730,62,200,true,110,110,61
1767653457749,43,200,true,110,110,43
1767653457735,58,200,true,110,110,58
1767653457744,50,200,true,110,110,50
1767653457749,45,200,true,110,110,45
1767653457751,43,200,true,110,110,43
1767653457738,58,200,true,110,110,58
1767653457739,58,200,true,110,110,58
1767653457732,65,200,true,110,110,65
1767653457742,55,200,true,110,110,55
1767653457726,72,200,true,110,110,72
1767653457738,60,200,true,110,110,60
1767653457729,69,200,true,110,110,69
1767653457733,65,200,true,110,110,65
1767653457738,61,200,true,110,110,61
1767653457739,60,200,true,110,110,60
1767653457738,61,200,true,110,110,61
1767653457741,58,200,true,110,110,58
1767653457734,65,200,true,110,110,65
1767653457733,66,200,true,110,110,66
1767653457745,54,200,true,110,110,54
1767653457734,65,200,true,110,110,65
1767653457733,67,200,true,110,110,67
1767653457741,59,200,true,110,110,59
1767653457727,74,200,true,110,110,74
1767653457738,63,200,true,110,110,63
1767653457735,67,200,true,110,110,67
1767653457735,67,200,true,110,110,67
1767653457741,62,200,true,110,110,62
1767653457734,69,200,true,110,110,69
1767653457730,73,200,true,110,110,73
1767653457736,67,200,true,110,110,67
1767653457740,63,200,true,110,110,63
1767653457730,73,200,true,110,110,73
1767653457742,64,200,true,110,110,64
1767653457737,69,200,true,110,110,69
1767653457746,60,200,true,110,110,60
1767653457737,69,200,true,110,110,69
1767653457746,60,200,true,110,110,60
1767653457729,78,200,true,110,110,78
1767653457736,72,200,true,110,110,72
1767653457746,62,200,true,110,110,62
1767653457728,80,200,true,110,110,80
1767653457726,82,200,true,110,110,82
1767653457735,73,200,true,110,110,73
1767653457750,58,200,true,110,110,58
1767653457741,68,200,true,110,110,68
1767653457726,83,200,true,110,110,83
1767653457749,60,200,true,110,110,60
1767653457747,62,200,true,110,110,62
1767653457738,71,200,true,110,110,71
1767653457739,71,200,true,110,110,71
1767653457750,60,200,true,110,110,60
1767653457744,66,200,true,110,110,62
1767653457740,70,200,true,110,110,66
1767653457731,84,200,true,110,110,84
1767653457791,26,200,true,110,110,26
1767653457787,30,200,true,110,110,30
1767653457794,23,200,true,110,110,23
1767653457782,35,200,true,110,110,35
1767653457775,43,200,true,110,110,43
1767653457745,73,200,true,110,110,73
1767653457776,42,200,true,110,110,42
1767653457785,33,200,true,110,110,33
1767653457782,36,200,true,110,110,36
1767653457751,67,200,true,110,110,67
1767653457776,42,200,true,110,110,42
1767653457779,39,200,true,110,110,39
1767653457776,42,200,true,110,110,42
1767653457783,35,200,true,110,110,35
1767653457785,33,200,true,110,110,33
1767653457783,35,200,true,110,110,35
1767653457784,35,200,true,110,110,35
1767653457785,34,200,true,110,110,34
1767653457786,33,200,true,110,110,33
1767653457773,48,200,true,110,110,48
1767653457785,36,200,true,110,110,36
1767653457741,80,200,true,110,110,80
1767653457771,50,200,true,110,110,50
1767653457771,51,200,true,110,110,51
1767653457787,35,200,true,110,110,32
1767653457786,36,200,true,110,110,36
1767653457773,49,200,true,110,110,49
1767653457787,35,200,true,110,110,34
1767653457735,87,200,true,110,110,87
1767653457782,40,200,true,110,110,40
1767653457771,51,200,true,110,110,51
1767653457784,38,200,true,110,110,38
1767653457741,82,200,true,110,110,82
1767653457775,48,200,true,110,110,48
1767653457784,39,200,true,110,110,39
1767653457774,49,200,true,110,110,49
1767653457777,46,200,true,110,110,46
1767653457774,49,200,true,110,110,49
1767653457774,49,200,true,110,110,49
1767653457771,53,200,true,110,110,53
1767653457741,83,200,true,110,110,83
1767653457794,31,200,true,110,110,31
1767653457783,42,200,true,110,110,42
1767653457774,51,200,true,110,110,51
1767653457783,43,200,true,110,110,42
1767653457744,82,200,true,110,110,82
1767653457783,43,200,true,110,110,43
1767653457791,36,200,true,110,110,36
1767653457790,37,200,true,110,110,37
1767653457784,44,200,true,110,110,44
1767653457794,34,200,true,110,110,34
1767653457782,47,200,true,110,110,47
1767653457792,39,200,true,110,110,39
1767653457798,34,200,true,110,110,34
1767653457798,34,200,true,110,110,34
1767653457793,40,200,true,110,110,40
1767653457806,27,200,true,110,110,27
1767653457808,25,200,true,110,110,25
1767653457798,36,200,true,110,110,36
1767653457809,25,200,true,110,110,25
1767653457808,26,200,true,110,110,26
1767653457809,25,200,true,110,110,25
1767653457799,36,200,true,110,110,36
1767653457806,29,200,true,110,110,29
1767653457808,27,200,true,110,110,27
1767653457806,29,200,true,110,110,29
1767653457810,25,200,true,110,110,25
1767653457808,27,200,true,110,110,27
1767653457803,32,200,true,110,110,32
1767653457809,27,200,true,110,110,27
1767653457799,37,200,true,110,110,37
1767653457799,37,200,true,110,110,37
1767653457810,26,200,true,110,110,26
1767653457783,53,200,true,110,110,53
1767653457799,37,200,true,110,110,37
1767653457807,29,200,true,110,110,28
1767653457811,25,200,true,110,110,25
1767653457803,33,200,true,110,110,33
1767653457798,38,200,true,110,110,38
1767653457799,37,200,true,110,110,37
1767653457792,44,200,true,110,110,44
1767653457799,38,200,true,110,110,38
1767653457810,27,200,true,110,110,27
1767653457799,38,200,true,110,110,38
1767653457803,34,200,true,110,110,34
1767653457802,35,200,true,110,110,35
1767653457799,38,200,true,110,110,38
1767653457791,46,200,true,110,110,46
1767653457800,37,200,true,110,110,37
1767653457799,38,200,true,110,110,38
1767653457806,32,200,true,110,110,32
1767653457791,47,200,true,110,110,47
1767653457809,29,200,true,110,110,29
1767653457808,30,200,true,110,110,30
1767653457803,35,200,true,110,110,35
1767653457802,36,200,true,110,110,36
1767653457803,35,200,true,110,110,35
1767653457809,29,200,true,110,110,29
1767653457801,37,200,true,110,110,37
1767653457801,37,200,true,110,110,37
1767653457806,32,200,true,110,110,32
1767653457791,48,200,true,110,110,48
1767653457797,42,200,true,110,110,42
1767653457800,39,200,true,110,110,39
1767653457810,29,200,true,110,110,29
1767653457797,42,200,true,110,110,42
1767653457782,57,200,true,110,110,57
1767653457796,43,200,true,110,110,43
1767653457803,37,200,true,110,110,37
1767653457818,23,200,true,110,110,23
1767653457815,26,200,true,110,110,26
1767653457817,24,200,true,110,110,24
1767653457821,22,200,true,110,110,22
1767653457822,21,200,true,110,110,21
1767653457819,25,200,true,110,110,25
1767653457818,31,200,true,110,110,31
1767653457818,31,200,true,110,110,31
1767653457822,28,200,true,110,110,28
1767653457823,27,200,true,110,110,27
1767653457818,32,200,true,110,110,32
1767653457818,32,200,true,110,110,32
1767653457818,33,200,true,110,110,32
1767653457817,34,200,true,110,110,34
1767653457817,35,200,true,110,110,35
1767653457822,34,200,true,110,110,34
1767653457818,38,200,true,110,110,38
1767653457817,40,200,true,110,110,40
1767653457822,35,200,true,110,110,35
1767653457819,38,200,true,110,110,38
1767653457819,38,200,true,110,110,38
1767653457818,43,200,true,110,110,42
1767653457818,44,200,true,110,110,44
1767653457821,41,200,true,110,110,41
1767653457822,40,200,true,110,110,40
1767653457822,41,200,true,110,110,41
1767653457834,29,200,true,110,110,29
1767653457836,27,200,true,110,110,27
1767653457833,30,200,true,110,110,30
1767653457836,27,200,true,110,110,27
1767653457834,29,200,true,110,110,29
1767653457825,39,200,true,110,110,39
1767653457833,31,200,true,110,110,31
1767653457835,29,200,true,110,110,29
1767653457826,38,200,true,110,110,38
1767653457834,30,200,true,110,110,30
1767653457837,27,200,true,110,110,27
1767653457836,28,200,true,110,110,28
1767653457835,29,200,true,110,110,29
1767653457834,30,200,true,110,110,30
1767653457835,29,200,true,110,110,29
1767653457837,28,200,true,110,110,28
1767653457822,44,200,true,110,110,44
1767653457827,39,200,true,110,110,39
1767653457821,45,200,true,110,110,45
1767653457835,31,200,true,110,110,31
1767653457818,48,200,true,110,110,48
1767653457823,44,200,true,110,110,40
1767653457822,45,200,true,110,110,44
1767653457837,30,200,true,110,110,28
1767653457818,50,200,true,110,110,50
1767653457838,31,200,true,110,110,31
1767653457837,33,200,true,110,110,33
1767653457836,34,200,true,110,110,34
1767653457837,33,200,true,110,110,33
1767653457832,38,200,true,110,110,38
1767653457823,47,200,true,110,110,47
1767653457826,45,200,true,110,110,45
1767653457821,50,200,true,110,110,50
1767653457836,35,200,true,110,110,35
1767653457831,40,200,true,110,110,40
1767653457825,46,200,true,110,110,46
1767653457839,32,200,true,110,110,32
1767653457838,33,200,true,110,110,33
1767653457839,32,200,true,110,110,32
1767653457837,34,200,true,110,110,34
1767653457838,33,200,true,110,110,33
1767653457828,43,200,true,110,110,43
1767653457837,34,200,true,110,110,34
1767653457838,33,200,true,110,110,33
1767653457836,36,200,true,110,110,36
1767653457825,48,200,true,110,110,46
1767653457818,55,200,true,110,110,55
1767653457827,47,200,true,110,110,47
1767653457839,35,200,true,110,110,35
1767653457826,48,200,true,110,110,48
1767653457839,36,200,true,110,110,36
1767653457838,37,200,true,110,110,37
1767653457833,42,200,true,110,110,42
1767653457836,40,200,true,110,110,40
1767653457829,47,200,true,110,110,47
1767653457838,38,200,true,110,110,38
1767653457823,53,200,true,110,110,53
1767653457823,54,200,true,110,110,54
1767653457838,39,200,true,110,110,39
1767653457839,38,200,true,110,110,38
1767653457839,38,200,true,110,110,38
1767653457826,51,200,true,110,110,51
1767653457837,44,200,true,110,110,44
1767653457835,46,200,true,110,110,46
1767653457838,43,200,true,110,110,41
1767653457839,42,200,true,110,110,41
1767653457835,46,200,true,110,110,46
1767653457823,60,200,true,110,110,59
1767653457838,45,200,true,110,110,43
1767653457838,45,200,true,110,110,45
1767653457838,45,200,true,110,110,45
1767653457836,47,200,true,110,110,47
1767653457844,40,200,true,110,110,40
1767653457850,35,200,true,110,110,35
1767653457837,48,200,true,110,110,48
1767653457836,49,200,true,110,110,49
1767653457836,49,200,true,110,110,49
1767653457849,36,200,true,110,110,36
1767653457823,62,200,true,110,110,62
1767653457832,53,200,true,110,110,53
1767653457850,35,200,true,110,110,35
1767653457843,42,200,true,110,110,42
1767653457842,43,200,true,110,110,43
1767653457836,50,200,true,110,110,49
1767653457825,61,200,true,110,110,61
1767653457836,50,200,true,110,110,50
1767653457840,46,200,true,110,110,46
1767653457852,34,200,true,110,110,34
1767653457828,58,200,true,110,110,56
1767653457849,37,200,true,110,110,37
1767653457844,42,200,true,110,110,42
1767653457841,46,200,true,110,110,45
1767653457850,37,200,true,110,110,33
1767653457851,36,200,true,110,110,36
1767653457850,37,200,true,110,110,36
1767653457841,46,200,true,110,110,46
1767653457835,52,200,true,110,110,52
1767653457851,36,200,true,110,110,36
1767653457863,30,200,true,110,110,30
1767653457861,32,200,true,110,110,32
1767653457870,23,200,true,110,110,23
1767653457864,29,200,true,110,110,29
1767653457864,30,200,true,110,110,30
1767653457863,32,200,true,110,110,31
1767653457871,24,200,true,110,110,24
1767653457870,25,200,true,110,110,25
1767653457866,29,200,true,110,110,29
1767653457866,29,200,true,110,110,29
1767653457867,29,200,true,110,110,29
1767653457864,32,200,true,110,110,32
1767653457857,39,200,true,110,110,39
1767653457866,30,200,true,110,110,30
1767653457863,33,200,true,110,110,33
1767653457862,35,200,true,110,110,35
1767653457867,30,200,true,110,110,30
1767653457857,40,200,true,110,110,40
1767653457864,33,200,true,110,110,33
1767653457823,74,200,true,110,110,74
1767653457857,40,200,true,110,110,40
1767653457871,26,200,true,110,110,26
1767653457870,27,200,true,110,110,27
1767653457864,33,200,true,110,110,33
1767653457873,24,200,true,110,110,24
1767653457870,28,200,true,110,110,28
1767653457871,27,200,true,110,110,27
1767653457870,28,200,true,110,110,28
1767653457867,31,200,true,110,110,31
1767653457863,35,200,true,110,110,35
1767653457864,34,200,true,110,110,34
1767653457864,35,200,true,110,110,35
1767653457857,42,200,true,110,110,42
1767653457868,31,200,true,110,110,31
1767653457871,28,200,true,110,110,28
1767653457871,28,200,true,110,110,28
1767653457871,28,200,true,110,110,28
1767653457871,28,200,true,110,110,28
1767653457873,26,200,true,110,110,26
1767653457871,28,200,true,110,110,28
1767653457857,43,200,true,110,110,43
1767653457871,29,200,true,110,110,29
1767653457866,34,200,true,110,110,34
1767653457857,43,200,true,110,110,43
1767653457862,38,200,true,110,110,38
1767653457864,36,200,true,110,110,36
1767653457865,35,200,true,110,110,35
1767653457872,29,200,true,110,110,28
1767653457863,38,200,true,110,110,38
1767653457863,38,200,true,110,110,38
1767653457871,30,200,true,110,110,30
1767653457864,37,200,true,110,110,37
1767653457863,39,200,true,110,110,39
1767653457865,38,200,true,110,110,35
1767653457875,28,200,true,110,110,28
1767653457883,21,200,true,110,110,21
1767653457871,33,200,true,110,110,33
1767653457874,31,200,true,110,110,31
1767653457886,20,200,true,110,110,20
1767653457883,23,200,true,110,110,23
1767653457876,30,200,true,110,110,30
1767653457867,39,200,true,110,110,39
1767653457881,26,200,true,110,110,26
1767653457885,22,200,true,110,110,22
1767653457883,24,200,true,110,110,24
1767653457870,37,200,true,110,110,37
1767653457881,26,200,true,110,110,26
1767653457881,26,200,true,110,110,26
1767653457881,26,200,true,110,110,26
1767653457886,21,200,true,110,110,21
1767653457877,31,200,true,110,110,29
1767653457887,21,200,true,110,110,20
1767653457875,33,200,true,110,110,33
1767653457885,23,200,true,110,110,23
1767653457871,37,200,true,110,110,27
1767653457886,22,200,true,110,110,22
1767653457887,26,200,true,110,110,26
1767653457885,28,200,true,110,110,28
1767653457876,38,200,true,110,110,38
1767653457886,28,200,true,110,110,28
1767653457887,28,200,true,110,110,28
1767653457884,31,200,true,110,110,31
1767653457883,32,200,true,110,110,32
1767653457885,31,200,true,110,110,31
1767653457885,31,200,true,110,110,31
1767653457887,29,200,true,110,110,29
1767653457877,39,200,true,110,110,39
1767653457887,29,200,true,110,110,28
1767653457876,40,200,true,110,110,40
1767653457885,31,200,true,110,110,31
1767653457885,31,200,true,110,110,31
1767653457877,39,200,true,110,110,39
1767653457886,31,200,true,110,110,31
1767653457885,33,200,true,110,110,33
1767653457885,33,200,true,110,110,33
1767653457898,20,200,true,110,110,20
1767653457875,43,200,true,110,110,42
1767653457886,32,200,true,110,110,32
1767653457873,45,200,true,110,110,45
1767653457895,24,200,true,110,110,24
1767653457877,42,200,true,110,110,42
1767653457877,42,200,true,110,110,42
1767653457893,26,200,true,110,110,26
1767653457888,31,200,true,110,110,31
1767653457881,38,200,true,110,110,38
1767653457897,22,200,true,110,110,22
1767653457901,19,200,true,110,110,19
1767653457886,34,200,true,110,110,34
1767653457886,34,200,true,110,110,34
1767653457887,34,200,true,110,110,34
1767653457874,47,200,true,110,110,47
1767653457876,45,200,true,110,110,45
1767653457899,22,200,true,110,110,22
1767653457896,25,200,true,110,110,25
1767653457885,38,200,true,110,110,38
1767653457874,49,200,true,110,110,49
1767653457900,24,200,true,110,110,24
1767653457903,21,200,true,110,110,21
1767653457900,29,200,true,110,110,29
1767653457899,30,200,true,110,110,30
1767653457900,29,200,true,110,110,29
1767653457900,29,200,true,110,110,29
1767653457895,34,200,true,110,110,34
1767653457897,32,200,true,110,110,32
1767653457883,47,200,true,110,110,47
1767653457897,33,200,true,110,110,33
1767653457898,34,200,true,110,110,34
1767653457897,35,200,true,110,110,35
1767653457900,33,200,true,110,110,33
1767653457896,37,200,true,110,110,37
1767653457896,37,200,true,110,110,37
1767653457900,33,200,true,110,110,33
1767653457895,38,200,true,110,110,38
1767653457898,35,200,true,110,110,35
1767653457900,33,200,true,110,110,33
1767653457893,41,200,true,110,110,41
1767653457898,36,200,true,110,110,36
1767653457897,37,200,true,110,110,37
1767653457901,33,200,true,110,110,33
1767653457896,38,200,true,110,110,38
1767653457897,37,200,true,110,110,37
1767653457902,32,200,true,110,110,32
1767653457895,39,200,true,110,110,39
1767653457901,33,200,true,110,110,33
1767653457899,36,200,true,110,110,36
1767653457893,42,200,true,110,110,42
1767653457900,35,200,true,110,110,35
1767653457900,35,200,true,110,110,35
1767653457893,43,200,true,110,110,43
1767653457899,37,200,true,110,110,37
1767653457907,39,200,true,110,110,39
1767653457904,43,200,true,110,110,43
1767653457899,48,200,true,110,110,48
1767653457917,30,200,true,110,110,30
1767653457905,42,200,true,110,110,42
1767653457913,34,200,true,110,110,34
1767653457916,31,200,true,110,110,31
1767653457914,33,200,true,110,110,33
1767653457897,50,200,true,110,110,50
1767653457908,40,200,true,110,110,40
1767653457908,40,200,true,110,110,40
1767653457896,52,200,true,110,110,52
1767653457906,42,200,true,110,110,42
1767653457894,54,200,true,110,110,54
1767653457906,42,200,true,110,110,42
1767653457914,35,200,true,110,110,35
1767653457908,41,200,true,110,110,41
1767653457915,34,200,true,110,110,34
1767653457916,33,200,true,110,110,33
1767653457899,52,200,true,110,110,52
1767653457907,45,200,true,110,110,45
1767653457897,55,200,true,110,110,55
1767653457898,56,200,true,110,110,56
1767653457916,38,200,true,110,110,38
1767653457919,35,200,true,110,110,35
1767653457919,36,200,true,110,110,36
1767653457901,54,200,true,110,110,54
1767653457918,37,200,true,110,110,37
1767653457901,54,200,true,110,110,54
1767653457920,36,200,true,110,110,36
1767653457907,49,200,true,110,110,49
1767653457895,61,200,true,110,110,61
1767653457907,49,200,true,110,110,49
1767653457919,37,200,true,110,110,37
1767653457908,48,200,true,110,110,48
1767653457919,37,200,true,110,110,37
1767653457907,49,200,true,110,110,49
1767653457898,58,200,true,110,110,58
1767653457916,41,200,true,110,110,41
1767653457916,41,200,true,110,110,41
1767653457920,37,200,true,110,110,37
1767653457918,39,200,true,110,110,39
1767653457907,50,200,true,110,110,50
1767653457916,41,200,true,110,110,41
1767653457919,38,200,true,110,110,38
1767653457918,39,200,true,110,110,39
1767653457916,41,200,true,110,110,41
1767653457919,39,200,true,110,110,39
1767653457916,42,200,true,110,110,41
1767653457904,55,200,true,110,110,52
1767653457918,41,200,true,110,110,41
1767653457918,41,200,true,110,110,41
1767653457899,61,200,true,110,110,61
1767653457903,57,200,true,110,110,57
1767653457919,41,200,true,110,110,41
1767653457907,53,200,true,110,110,53
1767653457915,45,200,true,110,110,45
1767653457907,53,200,true,110,110,53
1767653457916,45,200,true,110,110,45
1767653457908,53,200,true,110,110,53
1767653457918,43,200,true,110,110,43
1767653457913,48,200,true,110,110,48
1767653457907,54,200,true,110,110,54
1767653457908,54,200,true,110,110,54
1767653457897,66,200,true,110,110,66
1767653457898,65,200,true,110,110,65
1767653457907,57,200,true,110,110,55
1767653457916,49,200,true,110,110,49
1767653457932,40,200,true,110,110,40
1767653457930,43,200,true,110,110,43
1767653457932,41,200,true,110,110,41
1767653457930,44,200,true,110,110,44
1767653457921,53,200,true,110,110,53
1767653457929,45,200,true,110,110,45
1767653457933,42,200,true,110,110,41
1767653457920,55,200,true,110,110,55
1767653457921,54,200,true,110,110,54
1767653457934,41,200,true,110,110,41
1767653457930,45,200,true,110,110,45
1767653457934,41,200,true,110,110,41
1767653457934,42,200,true,110,110,42
1767653457933,43,200,true,110,110,43
1767653457933,43,200,true,110,110,43
1767653457923,54,200,true,110,110,54
1767653457923,54,200,true,110,110,54
1767653457929,48,200,true,110,110,48
1767653457921,56,200,true,110,110,56
1767653457933,45,200,true,110,110,45
1767653457929,49,200,true,110,110,49
1767653457934,45,200,true,110,110,45
1767653457921,58,200,true,110,110,58
1767653457929,50,200,true,110,110,50
1767653457933,46,200,true,110,110,46
1767653457949,30,200,true,110,110,30
1767653457947,32,200,true,110,110,32
1767653457933,47,200,true,110,110,47
1767653457935,45,200,true,110,110,45
1767653457947,33,200,true,110,110,33
1767653457935,45,200,true,110,110,45
1767653457947,33,200,true,110,110,33
1767653457935,46,200,true,110,110,46
1767653457937,44,200,true,110,110,44
1767653457947,35,200,true,110,110,35
1767653457948,34,200,true,110,110,34
1767653457956,28,200,true,110,110,28
1767653457949,35,200,true,110,110,35
1767653457947,37,200,true,110,110,37
1767653457954,30,200,true,110,110,30
1767653457934,51,200,true,110,110,51
1767653457924,61,200,true,110,110,61
1767653457949,36,200,true,110,110,36
1767653457935,50,200,true,110,110,50
1767653457954,31,200,true,110,110,31
1767653457934,51,200,true,110,110,51
1767653457935,51,200,true,110,110,51
1767653457956,30,200,true,110,110,30
1767653457948,40,200,true,110,110,40
1767653457957,31,200,true,110,110,31
1767653457947,42,200,true,110,110,42
1767653457949,40,200,true,110,110,40
1767653457951,38,200,true,110,110,38
1767653457955,35,200,true,110,110,35
1767653457954,36,200,true,110,110,36
1767653457934,56,200,true,110,110,56
1767653457948,42,200,true,110,110,42
1767653457947,44,200,true,110,110,44
1767653457947,44,200,true,110,110,44
1767653457924,68,200,true,110,110,68
1767653457933,60,200,true,110,110,60
1767653457935,58,200,true,110,110,58
1767653457957,37,200,true,110,110,37
1767653457955,39,200,true,110,110,38
1767653457947,47,200,true,110,110,47
1767653457953,41,200,true,110,110,41
1767653457957,38,200,true,110,110,38
1767653457961,34,200,true,110,110,34
1767653457958,37,200,true,110,110,37
1767653457957,38,200,true,110,110,38
1767653457955,40,200,true,110,110,40
1767653457961,34,200,true,110,110,34
1767653457956,39,200,true,110,110,39
1767653457936,59,200,true,110,110,59
1767653457949,46,200,true,110,110,46
1767653457957,38,200,true,110,110,38
1767653457948,48,200,true,110,110,48
1767653457962,34,200,true,110,110,34
1767653457961,35,200,true,110,110,35
1767653457959,37,200,true,110,110,37
1767653457961,35,200,true,110,110,35
1767653457964,32,200,true,110,110,32
1767653457960,37,200,true,110,110,37
1767653457961,36,200,true,110,110,36
1767653457963,34,200,true,110,110,34
1767653457960,37,200,true,110,110,37
1767653457963,35,200,true,110,110,35
1767653457957,41,200,true,110,110,41
1767653457957,44,200,true,110,110,44
1767653457957,44,200,true,110,110,44
1767653457956,45,200,true,110,110,45
1767653457929,72,200,true,110,110,72
1767653457921,81,200,true,110,110,81
1767653457957,45,200,true,110,110,45
1767653457960,44,200,true,110,110,44
1767653457959,46,200,true,110,110,46
1767653457956,49,200,true,110,110,49
1767653457957,48,200,true,110,110,48
1767653457955,50,200,true,110,110,50
1767653457956,49,200,true,110,110,49
1767653457948,57,200,true,110,110,57
1767653457961,45,200,true,110,110,45
1767653457958,48,200,true,110,110,48
1767653457957,49,200,true,110,110,39
1767653457957,50,200,true,110,110,50
1767653457961,49,200,true,110,110,49
1767653457952,58,200,true,110,110,58
1767653457976,35,200,true,110,110,35
1767653457960,51,200,true,110,110,51
1767653457978,33,200,true,110,110,33
1767653457965,46,200,true,110,110,46
1767653457959,53,200,true,110,110,52
1767653457977,36,200,true,110,110,36
1767653457976,37,200,true,110,110,37
1767653457980,33,200,true,110,110,33
1767653457975,38,200,true,110,110,38
1767653457977,37,200,true,110,110,37
1767653457980,34,200,true,110,110,34
1767653457978,36,200,true,110,110,36
1767653457981,33,200,true,110,110,33
1767653457975,39,200,true,110,110,39
1767653457979,36,200,true,110,110,36
1767653457979,36,200,true,110,110,36
1767653457977,38,200,true,110,110,38
1767653457973,42,200,true,110,110,42
1767653457981,34,200,true,110,110,34
1767653457974,41,200,true,110,110,41
1767653457974,41,200,true,110,110,41
1767653457982,34,200,true,110,110,34
1767653457974,43,200,true,110,110,43
1767653457979,38,200,true,110,110,38
1767653457975,43,200,true,110,110,43
1767653457977,42,200,true,110,110,42
1767653457982,37,200,true,110,110,37
1767653457975,44,200,true,110,110,44
1767653457980,39,200,true,110,110,39
1767653457980,41,200,true,110,110,41
1767653457980,42,200,true,110,110,42
1767653457991,36,200,true,110,110,36
1767653457985,42,200,true,110,110,42
1767653457985,42,200,true,110,110,42
1767653457988,39,200,true,110,110,39
1767653457986,41,200,true,110,110,41
1767653457994,33,200,true,110,110,33
1767653457989,38,200,true,110,110,38
1767653457991,36,200,true,110,110,36
1767653457979,48,200,true,110,110,48
1767653457986,41,200,true,110,110,41
1767653457996,31,200,true,110,110,31
1767653457990,37,200,true,110,110,37
1767653457997,31,200,true,110,110,30
1767653457993,35,200,true,110,110,35
1767653457995,33,200,true,110,110,33
1767653457976,52,200,true,110,110,52
1767653457995,33,200,true,110,110,33
1767653457991,37,200,true,110,110,36
1767653457997,31,200,true,110,110,31
1767653457994,34,200,true,110,110,34
1767653457989,39,200,true,110,110,39
1767653457988,40,200,true,110,110,40
1767653457995,33,200,true,110,110,33
1767653457979,49,200,true,110,110,49
1767653457985,43,200,true,110,110,43
1767653457995,33,200,true,110,110,33
1767653457973,55,200,true,110,110,55
1767653457973,56,200,true,110,110,56
1767653457989,40,200,true,110,110,40
1767653457990,39,200,true,110,110,39
1767653457984,46,200,true,110,110,46
1767653457991,39,200,true,110,110,39
1767653457995,35,200,true,110,110,35
1767653457984,46,200,true,110,110,46
1767653457992,39,200,true,110,110,39
1767653457993,38,200,true,110,110,38
1767653457985,46,200,true,110,110,46
1767653457979,52,200,true,110,110,52
1767653457996,35,200,true,110,110,35
1767653457984,48,200,true,110,110,48
1767653457994,38,200,true,110,110,38
1767653457985,47,200,true,110,110,47
1767653457975,57,200,true,110,110,57
1767653457985,47,200,true,110,110,47
1767653457975,57,200,true,110,110,57
1767653457994,38,200,true,110,110,38
1767653457985,47,200,true,110,110,46
1767653458001,33,200,true,110,110,31
1767653457995,41,200,true,110,110,41
1767653457995,41,200,true,110,110,41
1767653457998,38,200,true,110,110,38
1767653457995,41,200,true,110,110,41
1767653457996,40,200,true,110,110,40
1767653458005,32,200,true,110,110,31
1767653457996,41,200,true,110,110,41
1767653457996,41,200,true,110,110,41
1767653458001,36,200,true,110,110,36
1767653457999,38,200,true,110,110,38
1767653457997,40,200,true,110,110,40
1767653457995,42,200,true,110,110,42
1767653458005,32,200,true,110,110,32
1767653458002,35,200,true,110,110,35
1767653458006,32,200,true,110,110,32
1767653458001,38,200,true,110,110,38
1767653458007,32,200,true,110,110,32
1767653458006,33,200,true,110,110,33
1767653458005,34,200,true,110,110,34
1767653458005,34,200,true,110,110,34
1767653458005,34,200,true,110,110,34
1767653458006,33,200,true,110,110,33
1767653457995,45,200,true,110,110,45
1767653458005,35,200,true,110,110,34
1767653458015,25,200,true,110,110,25
1767653458004,36,200,true,110,110,36
1767653458013,27,200,true,110,110,27
1767653457996,44,200,true,110,110,44
1767653457997,43,200,true,110,110,41
1767653458001,40,200,true,110,110,40
1767653458002,39,200,true,110,110,38
1767653458011,30,200,true,110,110,30
1767653458014,27,200,true,110,110,27
1767653458014,27,200,true,110,110,27
1767653458011,30,200,true,110,110,30
1767653458015,26,200,true,110,110,26
1767653458015,26,200,true,110,110,26
1767653458014,27,200,true,110,110,27
1767653458015,27,200,true,110,110,27
1767653458014,28,200,true,110,110,28
1767653458011,31,200,true,110,110,31
1767653458010,33,200,true,110,110,33
1767653458014,29,200,true,110,110,29
1767653458013,30,200,true,110,110,30
1767653458011,32,200,true,110,110,32
1767653458013,31,200,true,110,110,31
1767653458013,34,200,true,110,110,34
1767653458012,35,200,true,110,110,35
1767653458010,37,200,true,110,110,37
1767653458019,28,200,true,110,110,28
1767653458017,30,200,true,110,110,30
1767653458015,32,200,true,110,110,32
1767653458015,32,200,true,110,110,32
1767653458018,33,200,true,110,110,33
1767653458022,29,200,true,110,110,29
1767653458022,29,200,true,110,110,29
1767653458016,36,200,true,110,110,36
1767653458019,39,200,true,110,110,39
1767653458015,43,200,true,110,110,28
1767653458019,39,200,true,110,110,38
1767653458019,39,200,true,110,110,28
1767653458018,44,200,true,110,110,44
1767653458028,35,200,true,110,110,35
1767653458034,29,200,true,110,110,29
1767653458029,35,200,true,110,110,34
1767653458036,28,200,true,110,110,28
1767653458032,32,200,true,110,110,32
1767653458037,27,200,true,110,110,27
1767653458036,28,200,true,110,110,28
1767653458032,32,200,true,110,110,32
1767653458032,33,200,true,110,110,33
1767653458027,38,200,true,110,110,38
1767653458032,33,200,true,110,110,33
1767653458032,34,200,true,110,110,33
1767653458032,34,200,true,110,110,34
1767653458040,29,200,true,110,110,29
1767653458032,38,200,true,110,110,38
1767653458028,42,200,true,110,110,42
1767653458028,42,200,true,110,110,42
1767653458028,43,200,true,110,110,43
1767653458030,41,200,true,110,110,41
1767653458030,41,200,true,110,110,41
1767653458040,31,200,true,110,110,31
1767653458040,31,200,true,110,110,31
1767653458027,44,200,true,110,110,44
1767653458028,43,200,true,110,110,43
1767653458038,33,200,true,110,110,33
1767653458031,41,200,true,110,110,41
1767653458040,32,200,true,110,110,32
1767653458040,32,200,true,110,110,32
1767653458028,44,200,true,110,110,44
1767653458031,41,200,true,110,110,41
1767653458027,45,200,true,110,110,45
1767653458028,44,200,true,110,110,44
1767653458028,45,200,true,110,110,45
1767653458027,47,200,true,110,110,47
1767653458029,45,200,true,110,110,45
1767653458028,47,200,true,110,110,47
1767653458031,44,200,true,110,110,44
1767653458027,48,200,true,110,110,48
1767653458031,44,200,true,110,110,44
1767653458031,44,200,true,110,110,44
1767653458027,48,200,true,110,110,48
1767653458030,45,200,true,110,110,45
1767653458028,49,200,true,110,110,49
1767653458028,49,200,true,110,110,49
1767653458031,46,200,true,110,110,46
1767653458029,48,200,true,110,110,48
1767653458027,50,200,true,110,110,50
1767653458036,41,200,true,110,110,41
1767653458040,37,200,true,110,110,37
1767653458029,51,200,true,110,110,51
1767653458051,30,200,true,110,110,30
1767653458042,39,200,true,110,110,39
1767653458041,41,200,true,110,110,41
1767653458037,45,200,true,110,110,45
1767653458042,40,200,true,110,110,40
1767653458044,38,200,true,110,110,38
1767653458047,35,200,true,110,110,35
1767653458052,30,200,true,110,110,30
1767653458047,35,200,true,110,110,35
1767653458039,44,200,true,110,110,44
1767653458036,47,200,true,110,110,46
1767653458051,32,200,true,110,110,32
1767653458027,56,200,true,110,110,56
1767653458028,56,200,true,110,110,56
1767653458043,41,200,true,110,110,41
1767653458027,57,200,true,110,110,57
1767653458042,42,200,true,110,110,42
1767653458027,57,200,true,110,110,57
1767653458043,42,200,true,110,110,42
1767653458029,56,200,true,110,110,56
1767653458039,46,200,true,110,110,46
1767653458027,58,200,true,110,110,58
1767653458041,44,200,true,110,110,44
1767653458027,58,200,true,110,110,58
1767653458040,45,200,true,110,110,45
1767653458028,57,200,true,110,110,57
1767653458037,48,200,true,110,110,48
1767653458037,48,200,true,110,110,48
1767653458037,48,200,true,110,110,48
1767653458032,54,200,true,110,110,54
1767653458038,48,200,true,110,110,48
1767653458037,49,200,true,110,110,49
1767653458039,47,200,true,110,110,47
1767653458064,22,200,true,110,110,22
1767653458038,48,200,true,110,110,48
1767653458047,39,200,true,110,110,39
1767653458058,28,200,true,110,110,28
1767653458039,47,200,true,110,110,47
1767653458058,28,200,true,110,110,28
1767653458051,35,200,true,110,110,35
1767653458037,50,200,true,110,110,50
1767653458064,23,200,true,110,110,23
1767653458039,48,200,true,110,110,48
1767653458039,48,200,true,110,110,48
1767653458065,22,200,true,110,110,22
1767653458041,46,200,true,110,110,46
1767653458041,46,200,true,110,110,46
1767653458041,46,200,true,110,110,46
1767653458042,46,200,true,110,110,46
1767653458041,47,200,true,110,110,47
1767653458043,45,200,true,110,110,45
1767653458043,46,200,true,110,110,46
1767653458041,48,200,true,110,110,48
1767653458040,49,200,true,110,110,49
1767653458041,48,200,true,110,110,48
1767653458047,42,200,true,110,110,42
1767653458047,43,200,true,110,110,43
1767653458047,43,200,true,110,110,43
1767653458064,26,200,true,110,110,26
1767653458047,43,200,true,110,110,43
1767653458037,54,200,true,110,110,54
1767653458063,28,200,true,110,110,28
1767653458062,29,200,true,110,110,29
1767653458066,25,200,true,110,110,25
1767653458065,27,200,true,110,110,27
1767653458065,27,200,true,110,110,27
1767653458069,23,200,true,110,110,23
1767653458064,44,200,true,110,110,44
1767653458064,44,200,true,110,110,44
1767653458070,39,200,true,110,110,39
1767653458058,51,200,true,110,110,51
1767653458070,40,200,true,110,110,40
1767653458058,52,200,true,110,110,52
1767653458071,39,200,true,110,110,39
1767653458071,39,200,true,110,110,39
1767653458066,45,200,true,110,110,45
1767653458063,50,200,true,110,110,50
1767653458072,41,200,true,110,110,38
1767653458064,49,200,true,110,110,46
1767653458075,40,200,true,110,110,40
1767653458077,38,200,true,110,110,38
1767653458077,38,200,true,110,110,38
1767653458071,44,200,true,110,110,44
1767653458072,43,200,true,110,110,43
1767653458071,45,200,true,110,110,45
1767653458075,41,200,true,110,110,40
1767653458072,44,200,true,110,110,44
1767653458072,44,200,true,110,110,44
1767653458075,41,200,true,110,110,41
1767653458077,39,200,true,110,110,39
1767653458072,44,200,true,110,110,44
1767653458085,31,200,true,110,110,31
1767653458087,29,200,true,110,110,29
1767653458072,44,200,true,110,110,44
1767653458086,30,200,true,110,110,30
1767653458074,43,200,true,110,110,43
1767653458070,47,200,true,110,110,46
1767653458086,31,200,true,110,110,31
1767653458087,30,200,true,110,110,30
1767653458077,40,200,true,110,110,40
1767653458088,29,200,true,110,110,29
1767653458071,46,200,true,110,110,46
1767653458074,44,200,true,110,110,44
1767653458087,31,200,true,110,110,31
1767653458086,32,200,true,110,110,32
1767653458085,33,200,true,110,110,33
1767653458081,37,200,true,110,110,37
1767653458082,36,200,true,110,110,35
1767653458072,46,200,true,110,110,46
1767653458086,32,200,true,110,110,32
1767653458081,37,200,true,110,110,37
1767653458087,32,200,true,110,110,32
1767653458085,34,200,true,110,110,33
1767653458071,49,200,true,110,110,49
1767653458071,49,200,true,110,110,49
1767653458073,48,200,true,110,110,48
1767653458085,36,200,true,110,110,36
1767653458083,38,200,true,110,110,38
1767653458085,36,200,true,110,110,32
1767653458087,36,200,true,110,110,36
1767653458075,48,200,true,110,110,48
1767653458077,46,200,true,110,110,46
1767653458087,37,200,true,110,110,37
1767653458075,49,200,true,110,110,49
1767653458091,34,200,true,110,110,34
1767653458087,38,200,true,110,110,38
1767653458085,40,200,true,110,110,40
1767653458083,42,200,true,110,110,42
1767653458085,40,200,true,110,110,40
1767653458084,41,200,true,110,110,41
1767653458082,43,200,true,110,110,43
1767653458087,38,200,true,110,110,38
1767653458077,48,200,true,110,110,48
1767653458082,44,200,true,110,110,44
1767653458075,51,200,true,110,110,51
1767653458085,41,200,true,110,110,41
1767653458071,55,200,true,110,110,55
1767653458086,40,200,true,110,110,40
1767653458082,44,200,true,110,110,44
1767653458082,44,200,true,110,110,44
1767653458085,41,200,true,110,110,41
1767653458086,41,200,true,110,110,41
1767653458088,39,200,true,110,110,39
1767653458086,41,200,true,110,110,41
1767653458089,38,200,true,110,110,38
1767653458084,43,200,true,110,110,43
1767653458113,14,200,true,110,110,14
1767653458108,19,200,true,110,110,19
1767653458080,47,200,true,110,110,47
1767653458108,20,200,true,110,110,20
1767653458086,43,200,true,110,110,42
1767653458092,37,200,true,110,110,37
1767653458085,44,200,true,110,110,44
1767653458089,40,200,true,110,110,40
1767653458091,38,200,true,110,110,38
1767653458085,44,200,true,110,110,44
1767653458090,39,200,true,110,110,39
1767653458110,19,200,true,110,110,19
1767653458082,47,200,true,110,110,47
1767653458090,39,200,true,110,110,39
1767653458109,20,200,true,110,110,20
1767653458088,41,200,true,110,110,41
1767653458083,46,200,true,110,110,46
1767653458077,52,200,true,110,110,52
1767653458092,37,200,true,110,110,37
1767653458091,39,200,true,110,110,39
1767653458089,41,200,true,110,110,41
1767653458084,46,200,true,110,110,42
1767653458090,40,200,true,110,110,40
1767653458075,55,200,true,110,110,55
1767653458089,41,200,true,110,110,41
1767653458087,43,200,true,110,110,41
1767653458083,47,200,true,110,110,47
1767653458090,40,200,true,110,110,40
1767653458086,44,200,true,110,110,44
1767653458113,17,200,true,110,110,17
1767653458091,39,200,true,110,110,39
1767653458092,38,200,true,110,110,38
1767653458087,43,200,true,110,110,43
1767653458089,42,200,true,110,110,42
1767653458110,21,200,true,110,110,21
1767653458109,22,200,true,110,110,22
1767653458110,21,200,true,110,110,21
1767653458113,18,200,true,110,110,18
1767653458082,49,200,true,110,110,49
1767653458110,21,200,true,110,110,21
1767653458084,47,200,true,110,110,47
1767653458084,47,200,true,110,110,47
1767653458111,20,200,true,110,110,20
1767653458117,15,200,true,110,110,15
1767653458116,26,200,true,110,110,26
1767653458118,24,200,true,110,110,23
1767653458115,28,200,true,110,110,28
1767653458116,29,200,true,110,110,28
1767653458116,36,200,true,110,110,36
1767653458118,34,200,true,110,110,34
1767653458116,36,200,true,110,110,36
1767653458118,34,200,true,110,110,34
1767653458119,33,200,true,110,110,33
1767653458118,34,200,true,110,110,34
1767653458118,35,200,true,110,110,35
1767653458120,33,200,true,110,110,33
1767653458118,35,200,true,110,110,35
1767653458121,32,200,true,110,110,32
1767653458116,37,200,true,110,110,37
1767653458121,32,200,true,110,110,32
1767653458117,36,200,true,110,110,36
1767653458118,35,200,true,110,110,35
1767653458116,37,200,true,110,110,37
1767653458119,34,200,true,110,110,34
1767653458118,36,200,true,110,110,36
1767653458116,38,200,true,110,110,38
1767653458115,39,200,true,110,110,39
1767653458116,38,200,true,110,110,38
1767653458117,38,200,true,110,110,38
1767653458118,38,200,true,110,110,38
1767653458116,40,200,true,110,110,40
1767653458115,41,200,true,110,110,41
1767653458115,42,200,true,110,110,42
1767653458116,41,200,true,110,110,41
1767653458129,29,200,true,110,110,29
1767653458121,37,200,true,110,110,37
1767653458125,33,200,true,110,110,33
1767653458126,33,200,true,110,110,33
1767653458117,42,200,true,110,110,41
1767653458129,31,200,true,110,110,30
1767653458131,29,200,true,110,110,29
1767653458131,30,200,true,110,110,30
1767653458130,31,200,true,110,110,31
1767653458126,35,200,true,110,110,35
1767653458130,31,200,true,110,110,31
1767653458130,32,200,true,110,110,32
1767653458125,37,200,true,110,110,37
1767653458126,36,200,true,110,110,36
1767653458130,33,200,true,110,110,33
1767653458130,33,200,true,110,110,33
1767653458130,33,200,true,110,110,33
1767653458126,37,200,true,110,110,37
1767653458127,36,200,true,110,110,36
1767653458129,34,200,true,110,110,34
1767653458117,47,200,true,110,110,47
1767653458124,40,200,true,110,110,40
1767653458121,43,200,true,110,110,43
1767653458116,48,200,true,110,110,48
1767653458115,49,200,true,110,110,49
1767653458117,47,200,true,110,110,47
1767653458126,38,200,true,110,110,38
1767653458121,43,200,true,110,110,43
1767653458129,36,200,true,110,110,35
1767653458131,34,200,true,110,110,34
1767653458129,36,200,true,110,110,35
1767653458127,41,200,true,110,110,41
1767653458125,43,200,true,110,110,43
1767653458127,41,200,true,110,110,41
1767653458142,26,200,true,110,110,26
1767653458142,27,200,true,110,110,27
1767653458131,38,200,true,110,110,38
1767653458125,44,200,true,110,110,44
1767653458130,40,200,true,110,110,40
1767653458124,46,200,true,110,110,46
1767653458129,41,200,true,110,110,41
1767653458126,44,200,true,110,110,44
1767653458129,41,200,true,110,110,41
1767653458131,40,200,true,110,110,39
1767653458129,42,200,true,110,110,41
1767653458145,26,200,true,110,110,26
1767653458125,46,200,true,110,110,46
1767653458131,40,200,true,110,110,40
1767653458130,47,200,true,110,110,47
1767653458125,52,200,true,110,110,52
1767653458132,45,200,true,110,110,45
1767653458155,22,200,true,110,110,22
1767653458153,24,200,true,110,110,24
1767653458125,53,200,true,110,110,53
1767653458153,25,200,true,110,110,25
1767653458154,24,200,true,110,110,24
1767653458153,25,200,true,110,110,25
1767653458129,49,200,true,110,110,49
1767653458127,52,200,true,110,110,52
1767653458127,52,200,true,110,110,52
1767653458157,22,200,true,110,110,22
1767653458131,48,200,true,110,110,48
1767653458154,25,200,true,110,110,25
1767653458152,27,200,true,110,110,27
1767653458154,25,200,true,110,110,25
1767653458127,52,200,true,110,110,52
1767653458156,23,200,true,110,110,23
1767653458152,28,200,true,110,110,28
1767653458131,49,200,true,110,110,49
1767653458144,36,200,true,110,110,36
1767653458154,27,200,true,110,110,27
1767653458152,29,200,true,110,110,29
1767653458156,25,200,true,110,110,25
1767653458129,54,200,true,110,110,54
1767653458130,54,200,true,110,110,54
1767653458130,54,200,true,110,110,54
1767653458164,20,200,true,110,110,20
1767653458130,54,200,true,110,110,54
1767653458131,53,200,true,110,110,53
1767653458130,55,200,true,110,110,55
1767653458130,55,200,true,110,110,55
1767653458163,22,200,true,110,110,22
1767653458127,58,200,true,110,110,58
1767653458159,26,200,true,110,110,26
1767653458129,57,200,true,110,110,57
1767653458152,34,200,true,110,110,34
1767653458160,26,200,true,110,110,26
1767653458152,34,200,true,110,110,34
1767653458163,23,200,true,110,110,23
1767653458153,33,200,true,110,110,33
1767653458159,27,200,true,110,110,27
1767653458161,25,200,true,110,110,25
1767653458157,29,200,true,110,110,29
1767653458162,25,200,true,110,110,25
1767653458153,34,200,true,110,110,34
1767653458161,26,200,true,110,110,26
1767653458125,62,200,true,110,110,62
1767653458156,31,200,true,110,110,31
1767653458153,34,200,true,110,110,34
1767653458130,57,200,true,110,110,57
1767653458163,24,200,true,110,110,22
1767653458153,35,200,true,110,110,35
1767653458153,35,200,true,110,110,35
1767653458131,57,200,true,110,110,57
1767653458154,34,200,true,110,110,34
1767653458162,28,200,true,110,110,28
1767653458161,29,200,true,110,110,29
1767653458129,67,200,true,110,110,67
1767653458130,67,200,true,110,110,67
1767653458124,73,200,true,110,110,73
1767653458128,69,200,true,110,110,69
1767653458164,33,200,true,110,110,33
1767653458154,43,200,true,110,110,43
1767653458165,32,200,true,110,110,32
1767653458125,72,200,true,110,110,72
1767653458164,33,200,true,110,110,33
1767653458123,74,200,true,110,110,74
1767653458164,34,200,true,110,110,34
1767653458126,72,200,true,110,110,72
1767653458129,69,200,true,110,110,69
1767653458130,68,200,true,110,110,68
1767653458164,34,200,true,110,110,34
1767653458124,74,200,true,110,110,74
1767653458171,28,200,true,110,110,28
1767653458153,46,200,true,110,110,46
1767653458169,30,200,true,110,110,30
1767653458164,35,200,true,110,110,35
1767653458162,37,200,true,110,110,36
1767653458163,36,200,true,110,110,36
1767653458159,41,200,true,110,110,41
1767653458164,36,200,true,110,110,36
1767653458127,73,200,true,110,110,73
1767653458126,74,200,true,110,110,47
1767653458117,83,200,true,110,110,48
1767653458160,40,200,true,110,110,40
1767653458180,24,200,true,110,110,24
1767653458170,34,200,true,110,110,34
1767653458163,42,200,true,110,110,42
1767653458180,25,200,true,110,110,25
1767653458163,42,200,true,110,110,42
1767653458164,41,200,true,110,110,41
1767653458179,26,200,true,110,110,26
1767653458163,42,200,true,110,110,42
1767653458165,41,200,true,110,110,40
1767653458158,48,200,true,110,110,48
1767653458179,28,200,true,110,110,28
1767653458180,27,200,true,110,110,27
1767653458158,49,200,true,110,110,42
1767653458185,27,200,true,110,110,27
1767653458168,44,200,true,110,110,44
1767653458184,28,200,true,110,110,28
1767653458184,28,200,true,110,110,28
1767653458179,33,200,true,110,110,33
1767653458170,43,200,true,110,110,43
1767653458169,44,200,true,110,110,44
1767653458178,35,200,true,110,110,35
1767653458177,37,200,true,110,110,37
1767653458178,36,200,true,110,110,36
1767653458177,40,200,true,110,110,40
1767653458168,49,200,true,110,110,49
1767653458171,47,200,true,110,110,47
1767653458179,39,200,true,110,110,39
1767653458181,37,200,true,110,110,37
1767653458177,41,200,true,110,110,41
1767653458178,40,200,true,110,110,40
1767653458168,50,200,true,110,110,50
1767653458179,39,200,true,110,110,39
1767653458179,39,200,true,110,110,39
1767653458180,38,200,true,110,110,38
1767653458178,40,200,true,110,110,40
1767653458171,47,200,true,110,110,47
1767653458186,32,200,true,110,110,32
1767653458180,38,200,true,110,110,38
1767653458185,34,200,true,110,110,34
1767653458184,35,200,true,110,110,35
1767653458185,34,200,true,110,110,34
1767653458184,35,200,true,110,110,35
1767653458178,41,200,true,110,110,41
1767653458184,35,200,true,110,110,35
1767653458179,41,200,true,110,110,40
1767653458186,35,200,true,110,110,35
1767653458181,40,200,true,110,110,40
1767653458186,40,200,true,110,110,40
1767653458177,50,200,true,110,110,50
1767653458177,54,200,true,110,110,54
1767653458187,44,200,true,110,110,43
1767653458187,44,200,true,110,110,44
1767653458170,62,200,true,110,110,62
1767653458187,45,200,true,110,110,45
1767653458186,46,200,true,110,110,46
1767653458171,62,200,true,110,110,62
1767653458186,47,200,true,110,110,47
1767653458198,35,200,true,110,110,35
1767653458171,62,200,true,110,110,62
1767653458204,29,200,true,110,110,29
1767653458200,33,200,true,110,110,33
1767653458200,34,200,true,110,110,34
1767653458199,35,200,true,110,110,35
1767653458190,44,200,true,110,110,44
1767653458207,28,200,true,110,110,28
1767653458199,36,200,true,110,110,36
1767653458188,47,200,true,110,110,47
1767653458199,36,200,true,110,110,36
1767653458199,36,200,true,110,110,36
1767653458170,66,200,true,110,110,66
1767653458205,31,200,true,110,110,31
1767653458190,46,200,true,110,110,46
1767653458187,49,200,true,110,110,49
1767653458188,48,200,true,110,110,48
1767653458205,31,200,true,110,110,31
1767653458185,51,200,true,110,110,51
1767653458205,31,200,true,110,110,31
1767653458185,51,200,true,110,110,51
1767653458187,49,200,true,110,110,49
1767653458206,30,200,true,110,110,29
1767653458186,50,200,true,110,110,50
1767653458188,48,200,true,110,110,48
1767653458199,37,200,true,110,110,37
1767653458186,50,200,true,110,110,50
1767653458205,31,200,true,110,110,31
1767653458197,39,200,true,110,110,39
1767653458200,37,200,true,110,110,37
1767653458197,40,200,true,110,110,40
1767653458168,69,200,true,110,110,69
1767653458205,32,200,true,110,110,32
1767653458200,37,200,true,110,110,37
1767653458170,67,200,true,110,110,67
1767653458187,50,200,true,110,110,50
1767653458188,49,200,true,110,110,49
1767653458197,41,200,true,110,110,41
1767653458207,32,200,true,110,110,32
1767653458197,42,200,true,110,110,42
1767653458165,74,200,true,110,110,74
1767653458198,41,200,true,110,110,41
1767653458198,41,200,true,110,110,41
1767653458197,42,200,true,110,110,42
1767653458198,41,200,true,110,110,41
1767653458196,43,200,true,110,110,43
1767653458207,32,200,true,110,110,32
1767653458200,39,200,true,110,110,39
1767653458197,42,200,true,110,110,42
1767653458197,43,200,true,110,110,43
1767653458186,54,200,true,110,110,54
1767653458199,41,200,true,110,110,41
1767653458200,40,200,true,110,110,40
1767653458186,54,200,true,110,110,54
1767653458207,33,200,true,110,110,33
1767653458219,21,200,true,110,110,21
1767653458198,42,200,true,110,110,42
1767653458214,26,200,true,110,110,26
1767653458204,36,200,true,110,110,36
1767653458219,21,200,true,110,110,21
1767653458188,52,200,true,110,110,52
1767653458218,22,200,true,110,110,22
1767653458197,43,200,true,110,110,43
1767653458186,54,200,true,110,110,54
1767653458198,42,200,true,110,110,42
1767653458197,43,200,true,110,110,43
1767653458205,36,200,true,110,110,35
1767653458187,54,200,true,110,110,46
1767653458181,60,200,true,110,110,60
1767653458212,29,200,true,110,110,29
1767653458170,71,200,true,110,110,69
1767653458218,39,200,true,110,110,39
1767653458217,42,200,true,110,110,42
1767653458240,19,200,true,110,110,19
1767653458232,27,200,true,110,110,27
1767653458231,28,200,true,110,110,28
1767653458241,18,200,true,110,110,18
1767653458218,41,200,true,110,110,41
1767653458237,22,200,true,110,110,22
1767653458231,29,200,true,110,110,29
1767653458239,21,200,true,110,110,21
1767653458236,24,200,true,110,110,24
1767653458239,21,200,true,110,110,21
1767653458235,25,200,true,110,110,25
1767653458213,48,200,true,110,110,48
1767653458237,24,200,true,110,110,24
1767653458218,43,200,true,110,110,43
1767653458212,49,200,true,110,110,49
1767653458221,40,200,true,110,110,40
1767653458218,43,200,true,110,110,43
1767653458235,26,200,true,110,110,26
1767653458218,44,200,true,110,110,44
1767653458239,23,200,true,110,110,23
1767653458213,49,200,true,110,110,49
1767653458217,45,200,true,110,110,45
1767653458236,27,200,true,110,110,27
1767653458232,31,200,true,110,110,31
1767653458232,31,200,true,110,110,31
1767653458219,44,200,true,110,110,44
1767653458219,45,200,true,110,110,45
1767653458218,46,200,true,110,110,46
1767653458236,28,200,true,110,110,28
1767653458219,45,200,true,110,110,45
1767653458227,37,200,true,110,110,37
1767653458238,26,200,true,110,110,26
1767653458240,24,200,true,110,110,24
1767653458227,37,200,true,110,110,36
1767653458240,24,200,true,110,110,24
1767653458214,50,200,true,110,110,50
1767653458240,24,200,true,110,110,24
1767653458231,33,200,true,110,110,33
1767653458237,27,200,true,110,110,27
1767653458218,47,200,true,110,110,47
1767653458233,32,200,true,110,110,32
1767653458212,53,200,true,110,110,53
1767653458218,47,200,true,110,110,47
1767653458240,25,200,true,110,110,25
1767653458236,29,200,true,110,110,29
1767653458213,52,200,true,110,110,52
1767653458219,46,200,true,110,110,46
1767653458235,30,200,true,110,110,30
1767653458219,46,200,true,110,110,46
1767653458219,46,200,true,110,110,46
1767653458218,47,200,true,110,110,47
1767653458218,47,200,true,110,110,47
1767653458212,53,200,true,110,110,53
1767653458221,45,200,true,110,110,42
1767653458220,46,200,true,110,110,42
1767653458214,52,200,true,110,110,52
1767653458239,27,200,true,110,110,27
1767653458233,33,200,true,110,110,30
1767653458240,43,200,true,110,110,43
1767653458237,46,200,true,110,110,46
1767653458236,47,200,true,110,110,47
1767653458239,44,200,true,110,110,44
1767653458237,46,200,true,110,110,46
1767653458240,43,200,true,110,110,43
1767653458233,50,200,true,110,110,50
1767653458240,43,200,true,110,110,43
1767653458241,42,200,true,110,110,42
1767653458236,47,200,true,110,110,47
1767653458235,49,200,true,110,110,49
1767653458236,48,200,true,110,110,48
1767653458236,48,200,true,110,110,48
1767653458239,45,200,true,110,110,45
1767653458236,48,200,true,110,110,48
1767653458240,45,200,true,110,110,45
1767653458241,44,200,true,110,110,44
1767653458240,45,200,true,110,110,45
1767653458241,44,200,true,110,110,44
1767653458240,47,200,true,110,110,47
1767653458236,53,200,true,110,110,53
1767653458236,53,200,true,110,110,53
1767653458237,53,200,true,110,110,53
1767653458234,56,200,true,110,110,51
1767653458257,33,200,true,110,110,33
1767653458237,53,200,true,110,110,52
1767653458235,56,200,true,110,110,56
1767653458239,52,200,true,110,110,52
1767653458236,55,200,true,110,110,55
1767653458236,55,200,true,110,110,55
1767653458240,51,200,true,110,110,51
1767653458233,58,200,true,110,110,58
1767653458236,55,200,true,110,110,55
1767653458237,54,200,true,110,110,54
1767653458235,57,200,true,110,110,57
1767653458240,52,200,true,110,110,52
1767653458240,52,200,true,110,110,52
1767653458236,56,200,true,110,110,56
1767653458241,51,200,true,110,110,51
1767653458240,52,200,true,110,110,52
1767653458236,56,200,true,110,110,56
1767653458239,53,200,true,110,110,53
1767653458233,60,200,true,110,110,60
1767653458239,54,200,true,110,110,54
1767653458240,53,200,true,110,110,53
1767653458239,54,200,true,110,110,54
1767653458237,58,200,true,110,110,58
1767653458240,55,200,true,110,110,55
1767653458234,61,200,true,110,110,61
1767653458233,62,200,true,110,110,62
1767653458239,57,200,true,110,110,54
1767653458263,34,200,true,110,110,34
1767653458262,36,200,true,110,110,35
1767653458259,39,200,true,110,110,38
1767653458262,36,200,true,110,110,36
1767653458264,34,200,true,110,110,34
1767653458259,39,200,true,110,110,39
1767653458265,33,200,true,110,110,33
1767653458264,34,200,true,110,110,34
1767653458264,34,200,true,110,110,34
1767653458260,38,200,true,110,110,38
1767653458259,39,200,true,110,110,39
1767653458265,33,200,true,110,110,33
1767653458261,37,200,true,110,110,37
1767653458266,32,200,true,110,110,32
1767653458264,34,200,true,110,110,34
1767653458265,34,200,true,110,110,34
1767653458261,38,200,true,110,110,38
1767653458263,36,200,true,110,110,36
1767653458261,38,200,true,110,110,38
1767653458265,34,200,true,110,110,34
1767653458262,37,200,true,110,110,37
1767653458264,35,200,true,110,110,35
1767653458264,35,200,true,110,110,35
1767653458259,41,200,true,110,110,41
1767653458264,36,200,true,110,110,36
1767653458261,39,200,true,110,110,39
1767653458266,34,200,true,110,110,34
1767653458262,39,200,true,110,110,39
1767653458260,42,200,true,110,110,42
1767653458263,40,200,true,110,110,40
1767653458259,44,200,true,110,110,44
1767653458264,39,200,true,110,110,39
1767653458264,39,200,true,110,110,39
1767653458264,40,200,true,110,110,40
1767653458266,39,200,true,110,110,38
1767653458266,39,200,true,110,110,38
1767653458260,47,200,true,110,110,47
1767653458261,46,200,true,110,110,42
1767653458283,32,200,true,110,110,32
1767653458266,49,200,true,110,110,49
1767653458264,51,200,true,110,110,51
1767653458283,33,200,true,110,110,33
1767653458264,52,200,true,110,110,52
1767653458292,24,200,true,110,110,24
1767653458292,25,200,true,110,110,25
1767653458290,27,200,true,110,110,27
1767653458291,26,200,true,110,110,26
1767653458291,26,200,true,110,110,26
1767653458290,27,200,true,110,110,27
1767653458284,34,200,true,110,110,34
1767653458259,59,200,true,110,110,59
1767653458291,27,200,true,110,110,27
1767653458296,22,200,true,110,110,22
1767653458260,58,200,true,110,110,58
1767653458292,26,200,true,110,110,26
1767653458265,53,200,true,110,110,53
1767653458283,36,200,true,110,110,35
1767653458292,27,200,true,110,110,27
1767653458291,28,200,true,110,110,28
1767653458283,36,200,true,110,110,36
1767653458265,54,200,true,110,110,54
1767653458295,24,200,true,110,110,24
1767653458295,24,200,true,110,110,24
1767653458260,59,200,true,110,110,59
1767653458292,27,200,true,110,110,27
1767653458265,54,200,true,110,110,54
1767653458291,29,200,true,110,110,29
1767653458265,55,200,true,110,110,55
1767653458283,37,200,true,110,110,37
1767653458264,56,200,true,110,110,56
1767653458262,58,200,true,110,110,58
1767653458265,55,200,true,110,110,55
1767653458264,56,200,true,110,110,56
1767653458265,55,200,true,110,110,55
1767653458283,37,200,true,110,110,37
1767653458291,30,200,true,110,110,30
1767653458265,56,200,true,110,110,56
1767653458261,60,200,true,110,110,60
1767653458284,37,200,true,110,110,37
1767653458265,56,200,true,110,110,56
1767653458284,38,200,true,110,110,38
1767653458285,37,200,true,110,110,37
1767653458284,38,200,true,110,110,37
1767653458284,38,200,true,110,110,38
1767653458285,38,200,true,110,110,38
1767653458265,59,200,true,110,110,59
1767653458283,41,200,true,110,110,41
1767653458265,59,200,true,110,110,59
1767653458284,40,200,true,110,110,40
1767653458283,42,200,true,110,110,42
1767653458290,35,200,true,110,110,35
1767653458259,66,200,true,110,110,66
1767653458287,38,200,true,110,110,38
1767653458291,35,200,true,110,110,35
1767653458285,42,200,true,110,110,42
1767653458285,42,200,true,110,110,42
1767653458289,38,200,true,110,110,38
1767653458289,39,200,true,110,110,37
1767653458284,44,200,true,110,110,44
1767653458290,39,200,true,110,110,38
1767653458298,31,200,true,110,110,31
1767653458291,38,200,true,110,110,37
1767653458295,34,200,true,110,110,34
1767653458298,32,200,true,110,110,32
1767653458299,31,200,true,110,110,31
1767653458305,25,200,true,110,110,25
1767653458303,28,200,true,110,110,28
1767653458300,31,200,true,110,110,31
1767653458298,33,200,true,110,110,33
1767653458307,25,200,true,110,110,25
1767653458304,29,200,true,110,110,28
1767653458298,35,200,true,110,110,35
1767653458293,40,200,true,110,110,40
1767653458299,34,200,true,110,110,34
1767653458298,35,200,true,110,110,35
1767653458298,35,200,true,110,110,35
1767653458295,39,200,true,110,110,39
1767653458292,42,200,true,110,110,42
1767653458300,34,200,true,110,110,34
1767653458298,49,200,true,110,110,49
1767653458299,49,200,true,110,110,48
1767653458299,49,200,true,110,110,49
1767653458302,46,200,true,110,110,46
1767653458303,45,200,true,110,110,45
1767653458298,51,200,true,110,110,51
1767653458300,49,200,true,110,110,49
1767653458298,51,200,true,110,110,51
1767653458325,30,200,true,110,110,30
1767653458318,37,200,true,110,110,37
1767653458318,38,200,true,110,110,38
1767653458322,34,200,true,110,110,34
1767653458324,33,200,true,110,110,32
1767653458319,38,200,true,110,110,38
1767653458318,39,200,true,110,110,39
1767653458318,39,200,true,110,110,39
1767653458317,40,200,true,110,110,40
1767653458292,65,200,true,110,110,65
1767653458305,52,200,true,110,110,52
1767653458316,41,200,true,110,110,41
1767653458315,42,200,true,110,110,42
1767653458298,59,200,true,110,110,59
1767653458301,57,200,true,110,110,57
1767653458299,59,200,true,110,110,59
1767653458293,65,200,true,110,110,65
1767653458292,66,200,true,110,110,66
1767653458293,65,200,true,110,110,65
1767653458319,40,200,true,110,110,40
1767653458316,43,200,true,110,110,43
1767653458317,43,200,true,110,110,43
1767653458298,62,200,true,110,110,62
1767653458322,38,200,true,110,110,38
1767653458316,44,200,true,110,110,44
1767653458322,38,200,true,110,110,35
1767653458303,57,200,true,110,110,56
1767653458317,43,200,true,110,110,43
1767653458321,39,200,true,110,110,39
1767653458321,39,200,true,110,110,39
1767653458299,61,200,true,110,110,59
1767653458321,39,200,true,110,110,39
1767653458319,41,200,true,110,110,41
1767653458315,45,200,true,110,110,44
1767653458320,40,200,true,110,110,40
1767653458299,62,200,true,110,110,62
1767653458320,41,200,true,110,110,41
1767653458320,41,200,true,110,110,41
1767653458317,44,200,true,110,110,44
1767653458319,42,200,true,110,110,42
1767653458319,42,200,true,110,110,42
1767653458321,40,200,true,110,110,40
1767653458317,44,200,true,110,110,44
1767653458298,63,200,true,110,110,63
1767653458321,40,200,true,110,110,40
1767653458320,41,200,true,110,110,41
1767653458319,42,200,true,110,110,42
1767653458308,53,200,true,110,110,53
1767653458319,42,200,true,110,110,42
1767653458325,36,200,true,110,110,36
1767653458319,42,200,true,110,110,42
1767653458318,43,200,true,110,110,43
1767653458324,37,200,true,110,110,37
1767653458293,69,200,true,110,110,68
1767653458318,44,200,true,110,110,44
1767653458325,37,200,true,110,110,36
1767653458297,65,200,true,110,110,65
1767653458326,36,200,true,110,110,36
1767653458323,39,200,true,110,110,39
1767653458317,45,200,true,110,110,45
1767653458303,59,200,true,110,110,59
1767653458320,42,200,true,110,110,42
1767653458300,62,200,true,110,110,62
1767653458318,44,200,true,110,110,44
1767653458298,64,200,true,110,110,64
1767653458322,40,200,true,110,110,40
1767653458328,34,200,true,110,110,34
1767653458298,64,200,true,110,110,64
1767653458299,63,200,true,110,110,60
1767653458320,43,200,true,110,110,43
1767653458320,59,200,true,110,110,59
1767653458331,48,200,true,110,110,48
1767653458325,54,200,true,110,110,54
1767653458320,59,200,true,110,110,59
1767653458321,58,200,true,110,110,58
1767653458319,61,200,true,110,110,61
1767653458330,54,200,true,110,110,54
1767653458348,36,200,true,110,110,36
1767653458333,51,200,true,110,110,51
1767653458349,36,200,true,110,110,36
1767653458350,35,200,true,110,110,35
1767653458333,53,200,true,110,110,53
1767653458330,56,200,true,110,110,56
1767653458333,53,200,true,110,110,53
1767653458327,62,200,true,110,110,62
1767653458333,57,200,true,110,110,57
1767653458327,64,200,true,110,110,64
1767653458348,43,200,true,110,110,43
1767653458331,60,200,true,110,110,60
1767653458319,72,200,true,110,110,72
1767653458333,59,200,true,110,110,59
1767653458327,65,200,true,110,110,65
1767653458334,58,200,true,110,110,58
1767653458347,45,200,true,110,110,45
1767653458325,67,200,true,110,110,67
1767653458348,44,200,true,110,110,44
1767653458324,69,200,true,110,110,69
1767653458348,45,200,true,110,110,45
1767653458334,59,200,true,110,110,59
1767653458328,66,200,true,110,110,66
1767653458330,64,200,true,110,110,64
1767653458329,65,200,true,110,110,65
1767653458333,61,200,true,110,110,61
1767653458329,66,200,true,110,110,66
1767653458329,66,200,true,110,110,66
1767653458331,65,200,true,110,110,65
1767653458333,63,200,true,110,110,63
1767653458329,67,200,true,110,110,67
1767653458334,63,200,true,110,110,63
1767653458362,46,200,true,110,110,46
1767653458356,52,200,true,110,110,52
1767653458360,48,200,true,110,110,48
1767653458358,50,200,true,110,110,50
1767653458357,51,200,true,110,110,51
1767653458360,48,200,true,110,110,48
1767653458360,48,200,true,110,110,48
1767653458361,47,200,true,110,110,47
1767653458358,50,200,true,110,110,50
1767653458360,48,200,true,110,110,48
1767653458361,47,200,true,110,110,47
1767653458359,49,200,true,110,110,49
1767653458357,52,200,true,110,110,51
1767653458362,47,200,true,110,110,47
1767653458361,48,200,true,110,110,47
1767653458362,47,200,true,110,110,47
1767653458356,53,200,true,110,110,53
1767653458362,47,200,true,110,110,47
1767653458358,51,200,true,110,110,51
1767653458356,53,200,true,110,110,53
1767653458362,47,200,true,110,110,47
1767653458357,52,200,true,110,110,52
1767653458361,48,200,true,110,110,48
1767653458360,49,200,true,110,110,49
1767653458349,60,200,true,110,110,60
1767653458361,48,200,true,110,110,48
1767653458356,53,200,true,110,110,53
1767653458360,49,200,true,110,110,49
1767653458361,49,200,true,110,110,49
1767653458363,47,200,true,110,110,47
1767653458359,51,200,true,110,110,51
1767653458360,50,200,true,110,110,50
1767653458361,49,200,true,110,110,49
1767653458360,50,200,true,110,110,50
1767653458360,50,200,true,110,110,50
1767653458362,48,200,true,110,110,48
1767653458362,48,200,true,110,110,48
1767653458358,52,200,true,110,110,52
1767653458361,49,200,true,110,110,49
1767653458357,53,200,true,110,110,53
1767653458362,48,200,true,110,110,48
1767653458360,50,200,true,110,110,50
1767653458361,49,200,true,110,110,49
1767653458362,48,200,true,110,110,48
1767653458361,49,200,true,110,110,49
1767653458357,53,200,true,110,110,53
1767653458358,52,200,true,110,110,52
1767653458362,49,200,true,110,110,48
1767653458362,49,200,true,110,110,49
1767653458360,51,200,true,110,110,51
1767653458361,50,200,true,110,110,50
1767653458393,18,200,true,110,110,18
1767653458362,49,200,true,110,110,49
1767653458393,18,200,true,110,110,18
1767653458362,49,200,true,110,110,49
1767653458362,49,200,true,110,110,49
1767653458379,32,200,true,110,110,32
1767653458392,19,200,true,110,110,19
1767653458357,54,200,true,110,110,54
1767653458392,19,200,true,110,110,19
1767653458361,51,200,true,110,110,50
1767653458392,20,200,true,110,110,20
1767653458391,21,200,true,110,110,21
1767653458386,26,200,true,110,110,26
1767653458389,23,200,true,110,110,23
1767653458393,19,200,true,110,110,19
1767653458361,51,200,true,110,110,51
1767653458385,27,200,true,110,110,27
1767653458385,27,200,true,110,110,27
1767653458360,52,200,true,110,110,52
1767653458392,20,200,true,110,110,20
1767653458361,51,200,true,110,110,51
1767653458357,55,200,true,110,110,55
1767653458386,26,200,true,110,110,26
1767653458386,26,200,true,110,110,26
1767653458392,20,200,true,110,110,20
1767653458394,18,200,true,110,110,18
1767653458357,56,200,true,110,110,56
1767653458379,34,200,true,110,110,34
1767653458357,56,200,true,110,110,56
1767653458391,22,200,true,110,110,22
1767653458361,52,200,true,110,110,52
1767653458357,56,200,true,110,110,56
1767653458361,52,200,true,110,110,52
1767653458384,29,200,true,110,110,29
1767653458362,51,200,true,110,110,51
1767653458380,33,200,true,110,110,33
1767653458362,51,200,true,110,110,51
1767653458362,52,200,true,110,110,52
1767653458379,35,200,true,110,110,35
1767653458384,30,200,true,110,110,30
1767653458361,53,200,true,110,110,53
1767653458360,54,200,true,110,110,54
1767653458394,20,200,true,110,110,20
1767653458360,54,200,true,110,110,51
1767653458380,34,200,true,110,110,34
1767653458379,36,200,true,110,110,36
1767653458395,20,200,true,110,110,20
1767653458396,19,200,true,110,110,19
1767653458394,21,200,true,110,110,21
1767653458396,20,200,true,110,110,20
1767653458397,19,200,true,110,110,19
1767653458396,20,200,true,110,110,20
1767653458396,21,200,true,110,110,21
1767653458394,23,200,true,110,110,23
1767653458384,33,200,true,110,110,33
1767653458391,27,200,true,110,110,27
1767653458390,29,200,true,110,110,29
1767653458391,28,200,true,110,110,28
1767653458392,27,200,true,110,110,27
1767653458408,26,200,true,110,110,26
1767653458411,23,200,true,110,110,23
1767653458412,23,200,true,110,110,23
1767653458408,27,200,true,110,110,27
1767653458408,27,200,true,110,110,26
1767653458409,26,200,true,110,110,26
1767653458408,27,200,true,110,110,27
1767653458411,24,200,true,110,110,24
1767653458411,24,200,true,110,110,24
1767653458408,27,200,true,110,110,27
1767653458408,27,200,true,110,110,27
1767653458409,26,200,true,110,110,26
1767653458409,26,200,true,110,110,26
1767653458410,25,200,true,110,110,25
1767653458411,24,200,true,110,110,24
1767653458410,25,200,true,110,110,25
1767653458409,26,200,true,110,110,26
1767653458412,24,200,true,110,110,24
1767653458411,25,200,true,110,110,25
1767653458410,26,200,true,110,110,26
1767653458409,28,200,true,110,110,28
1767653458408,29,200,true,110,110,29
1767653458410,27,200,true,110,110,27
1767653458410,27,200,true,110,110,27
1767653458412,25,200,true,110,110,25
1767653458410,28,200,true,110,110,28
1767653458409,29,200,true,110,110,29
1767653458409,29,200,true,110,110,29
1767653458408,30,200,true,110,110,30
1767653458411,27,200,true,110,110,27
1767653458408,31,200,true,110,110,31
1767653458411,28,200,true,110,110,28
1767653458411,28,200,true,110,110,28
1767653458412,27,200,true,110,110,27
1767653458409,30,200,true,110,110,30
1767653458409,30,200,true,110,110,30
1767653458409,30,200,true,110,110,29
1767653458409,30,200,true,110,110,30
1767653458411,29,200,true,110,110,29
1767653458412,29,200,true,110,110,29
1767653458409,32,200,true,110,110,32
1767653458411,30,200,true,110,110,30
1767653458412,29,200,true,110,110,29
1767653458409,32,200,true,110,110,32
1767653458410,32,200,true,110,110,32
1767653458408,34,200,true,110,110,34
1767653458410,32,200,true,110,110,32
1767653458411,31,200,true,110,110,31
1767653458409,33,200,true,110,110,33
1767653458410,37,200,true,110,110,37
1767653458411,37,200,true,110,110,37
1767653458409,39,200,true,110,110,39
1767653458411,37,200,true,110,110,37
1767653458410,38,200,true,110,110,38
1767653458412,39,200,true,110,110,39
1767653458411,40,200,true,110,110,40
1767653458412,39,200,true,110,110,39
1767653458418,33,200,true,110,110,33
1767653458414,37,200,true,110,110,37
1767653458413,39,200,true,110,110,39
1767653458413,39,200,true,110,110,39
1767653458410,46,200,true,110,110,46
1767653458410,46,200,true,110,110,46
1767653458410,51,200,true,110,110,51
1767653458416,48,200,true,110,110,48
1767653458409,55,200,true,110,110,55
1767653458412,53,200,true,110,110,53
1767653458413,52,200,true,110,110,52
1767653458414,51,200,true,110,110,51
1767653458413,52,200,true,110,110,52
1767653458410,55,200,true,110,110,55
1767653458410,55,200,true,110,110,55
1767653458419,47,200,true,110,110,47
1767653458410,56,200,true,110,110,56
1767653458414,52,200,true,110,110,52
1767653458415,51,200,true,110,110,51
1767653458413,53,200,true,110,110,53
1767653458413,53,200,true,110,110,53
1767653458413,53,200,true,110,110,53
1767653458413,53,200,true,110,110,53
1767653458415,51,200,true,110,110,51
1767653458412,54,200,true,110,110,54
1767653458414,52,200,true,110,110,52
1767653458412,54,200,true,110,110,54
1767653458413,54,200,true,110,110,54
1767653458414,53,200,true,110,110,53
1767653458417,50,200,true,110,110,50
1767653458413,54,200,true,110,110,54
1767653458415,52,200,true,110,110,52
1767653458412,55,200,true,110,110,55
1767653458438,30,200,true,110,110,30
1767653458415,53,200,true,110,110,53
1767653458435,33,200,true,110,110,33
1767653458417,51,200,true,110,110,51
1767653458410,58,200,true,110,110,58
1767653458435,35,200,true,110,110,35
1767653458419,51,200,true,110,110,51
1767653458435,35,200,true,110,110,35
1767653458419,51,200,true,110,110,51
1767653458435,35,200,true,110,110,35
1767653458417,53,200,true,110,110,53
1767653458414,56,200,true,110,110,56
1767653458439,31,200,true,110,110,31
1767653458435,35,200,true,110,110,35
1767653458435,36,200,true,110,110,36
1767653458413,58,200,true,110,110,55
1767653458417,54,200,true,110,110,50
1767653458410,62,200,true,110,110,62
1767653458439,33,200,true,110,110,33
1767653458436,36,200,true,110,110,36
1767653458414,58,200,true,110,110,58
1767653458412,61,200,true,110,110,61
1767653458408,65,200,true,110,110,65
1767653458439,34,200,true,110,110,34
1767653458408,65,200,true,110,110,63
1767653458439,35,200,true,110,110,32
1767653458439,36,200,true,110,110,36
1767653458413,62,200,true,110,110,54
1767653458438,37,200,true,110,110,37
1767653458414,61,200,true,110,110,59
1767653458413,62,200,true,110,110,61
1767653458412,63,200,true,110,110,61
1767653458413,62,200,true,110,110,60
1767653458416,61,200,true,110,110,60
1767653458439,40,200,true,110,110,40
1767653458438,41,200,true,110,110,41
1767653458435,44,200,true,110,110,44
1767653458438,41,200,true,110,110,41
1767653458435,44,200,true,110,110,44
1767653458435,44,200,true,110,110,44
1767653458435,45,200,true,110,110,45
1767653458439,42,200,true,110,110,42
1767653458435,46,200,true,110,110,45
1767653458436,47,200,true,110,110,44
1767653458437,47,200,true,110,110,47
1767653458439,45,200,true,110,110,45
1767653458435,49,200,true,110,110,49
1767653458438,47,200,true,110,110,47
1767653458435,50,200,true,110,110,50
1767653458441,46,200,true,110,110,46
1767653458437,50,200,true,110,110,50
1767653458451,36,200,true,110,110,36
1767653458451,36,200,true,110,110,36
1767653458451,36,200,true,110,110,36
1767653458451,37,200,true,110,110,37
1767653458442,46,200,true,110,110,46
1767653458448,40,200,true,110,110,40
1767653458448,40,200,true,110,110,40
1767653458452,36,200,true,110,110,36
1767653458435,54,200,true,110,110,54
1767653458435,55,200,true,110,110,55
1767653458436,55,200,true,110,110,55
1767653458435,56,200,true,110,110,55
1767653458448,46,200,true,110,110,46
1767653458452,42,200,true,110,110,42
1767653458442,52,200,true,110,110,52
1767653458437,58,200,true,110,110,58
1767653458442,53,200,true,110,110,53
1767653458456,39,200,true,110,110,39
1767653458456,39,200,true,110,110,39
1767653458442,53,200,true,110,110,53
1767653458437,59,200,true,110,110,59
1767653458442,56,200,true,110,110,56
1767653458451,47,200,true,110,110,47
1767653458435,63,200,true,110,110,63
1767653458441,57,200,true,110,110,57
1767653458441,57,200,true,110,110,57
1767653458470,29,200,true,110,110,29
1767653458440,59,200,true,110,110,59
1767653458447,52,200,true,110,110,52
1767653458472,27,200,true,110,110,27
1767653458465,35,200,true,110,110,35
1767653458475,25,200,true,110,110,25
1767653458477,23,200,true,110,110,23
1767653458470,33,200,true,110,110,33
1767653458467,36,200,true,110,110,36
1767653458470,33,200,true,110,110,33
1767653458475,28,200,true,110,110,28
1767653458467,37,200,true,110,110,37
1767653458471,33,200,true,110,110,33
1767653458467,37,200,true,110,110,37
1767653458475,29,200,true,110,110,29
1767653458468,37,200,true,110,110,36
1767653458448,58,200,true,110,110,58
1767653458470,36,200,true,110,110,36
1767653458441,65,200,true,110,110,65
1767653458471,35,200,true,110,110,35
1767653458468,38,200,true,110,110,38
1767653458441,65,200,true,110,110,65
1767653458464,42,200,true,110,110,42
1767653458437,69,200,true,110,110,69
1767653458467,39,200,true,110,110,39
1767653458466,41,200,true,110,110,41
1767653458474,33,200,true,110,110,33
1767653458475,32,200,true,110,110,32
1767653458470,37,200,true,110,110,37
1767653458466,41,200,true,110,110,41
1767653458472,35,200,true,110,110,35
1767653458473,34,200,true,110,110,34
1767653458466,41,200,true,110,110,41
1767653458475,32,200,true,110,110,32
1767653458475,32,200,true,110,110,32
1767653458475,32,200,true,110,110,32
1767653458470,38,200,true,110,110,37
1767653458468,40,200,true,110,110,40
1767653458473,35,200,true,110,110,35
1767653458461,47,200,true,110,110,47
1767653458466,42,200,true,110,110,42
1767653458473,35,200,true,110,110,35
1767653458466,42,200,true,110,110,42
1767653458465,44,200,true,110,110,44
1767653458468,41,200,true,110,110,40
1767653458467,42,200,true,110,110,42
1767653458466,44,200,true,110,110,44
1767653458465,45,200,true,110,110,44
1767653458465,45,200,true,110,110,44
1767653458479,36,200,true,110,110,36
1767653458479,36,200,true,110,110,36
1767653458470,45,200,true,110,110,45
1767653458470,46,200,true,110,110,46
1767653458465,51,200,true,110,110,51
1767653458470,46,200,true,110,110,46
1767653458483,34,200,true,110,110,34
1767653458466,52,200,true,110,110,52
1767653458466,52,200,true,110,110,52
1767653458466,52,200,true,110,110,52
1767653458481,37,200,true,110,110,37
1767653458465,54,200,true,110,110,54
1767653458480,39,200,true,110,110,39
1767653458484,34,200,true,110,110,34
1767653458484,34,200,true,110,110,34
1767653458486,33,200,true,110,110,33
1767653458483,36,200,true,110,110,36
1767653458466,54,200,true,110,110,54
1767653458468,52,200,true,110,110,52
1767653458472,49,200,true,110,110,49
1767653458473,48,200,true,110,110,48
1767653458466,56,200,true,110,110,56
1767653458482,39,200,true,110,110,39
1767653458467,55,200,true,110,110,55
1767653458483,38,200,true,110,110,38
1767653458479,43,200,true,110,110,43
1767653458480,42,200,true,110,110,42
1767653458472,50,200,true,110,110,50
1767653458466,61,200,true,110,110,61
1767653458472,60,200,true,110,110,59
1767653458494,37,200,true,110,110,37
1767653458494,37,200,true,110,110,37
1767653458498,34,200,true,110,110,34
1767653458505,27,200,true,110,110,27
1767653458479,55,200,true,110,110,55
1767653458498,36,200,true,110,110,36
1767653458502,35,200,true,110,110,35
1767653458506,31,200,true,110,110,31
1767653458506,32,200,true,110,110,32
1767653458493,45,200,true,110,110,45
1767653458502,36,200,true,110,110,36
1767653458494,44,200,true,110,110,44
1767653458488,50,200,true,110,110,50
1767653458489,49,200,true,110,110,49
1767653458487,52,200,true,110,110,52
1767653458494,45,200,true,110,110,45
1767653458479,61,200,true,110,110,61
1767653458505,34,200,true,110,110,34
1767653458506,33,200,true,110,110,33
1767653458481,59,200,true,110,110,59
1767653458493,46,200,true,110,110,46
1767653458487,52,200,true,110,110,52
1767653458486,53,200,true,110,110,53
1767653458490,49,200,true,110,110,49
1767653458490,49,200,true,110,110,49
1767653458497,42,200,true,110,110,42
1767653458487,53,200,true,110,110,53
1767653458487,53,200,true,110,110,53
1767653458497,43,200,true,110,110,43
1767653458487,54,200,true,110,110,54
1767653458505,37,200,true,110,110,37
1767653458521,21,200,true,110,110,21
1767653458506,37,200,true,110,110,37
1767653458508,35,200,true,110,110,35
1767653458515,28,200,true,110,110,28
1767653458521,22,200,true,110,110,22
1767653458520,24,200,true,110,110,24
1767653458519,26,200,true,110,110,26
1767653458518,27,200,true,110,110,27
1767653458507,39,200,true,110,110,39
1767653458517,29,200,true,110,110,29
1767653458505,44,200,true,110,110,44
1767653458519,30,200,true,110,110,30
1767653458521,28,200,true,110,110,28
1767653458505,44,200,true,110,110,44
1767653458521,29,200,true,110,110,28
1767653458507,43,200,true,110,110,43
1767653458498,52,200,true,110,110,52
1767653458499,51,200,true,110,110,51
1767653458507,48,200,true,110,110,48
1767653458509,47,200,true,110,110,47
1767653458507,49,200,true,110,110,49
1767653458498,60,200,true,110,110,60
1767653458504,54,200,true,110,110,54
1767653458503,55,200,true,110,110,55
1767653458506,53,200,true,110,110,52
1767653458507,52,200,true,110,110,52
1767653458503,56,200,true,110,110,56
1767653458514,45,200,true,110,110,45
1767653458521,38,200,true,110,110,38
1767653458503,56,200,true,110,110,56
1767653458505,54,200,true,110,110,54
1767653458487,72,200,true,110,110,72
1767653458502,58,200,true,110,110,58
1767653458518,42,200,true,110,110,42
1767653458507,53,200,true,110,110,53
1767653458502,58,200,true,110,110,58
1767653458466,95,200,true,110,110,95
1767653458503,57,200,true,110,110,57
1767653458493,67,200,true,110,110,67
1767653458495,66,200,true,110,110,66
1767653458486,75,200,true,110,110,75
1767653458494,67,200,true,110,110,67
1767653458487,74,200,true,110,110,74
1767653458517,45,200,true,110,110,44
1767653458497,65,200,true,110,110,65
1767653458499,63,200,true,110,110,63
1767653458518,44,200,true,110,110,44
1767653458518,44,200,true,110,110,44
1767653458515,47,200,true,110,110,47
1767653458497,65,200,true,110,110,65
1767653458515,47,200,true,110,110,47
1767653458508,54,200,true,110,110,54
1767653458515,48,200,true,110,110,48
1767653458517,46,200,true,110,110,46
1767653458509,60,200,true,110,110,60
1767653458539,30,200,true,110,110,30
1767653458546,23,200,true,110,110,23
1767653458540,29,200,true,110,110,29
1767653458539,30,200,true,110,110,30
1767653458538,31,200,true,110,110,31
1767653458505,64,200,true,110,110,64
1767653458543,26,200,true,110,110,26
1767653458539,31,200,true,110,110,31
1767653458531,39,200,true,110,110,39
1767653458539,31,200,true,110,110,31
1767653458509,61,200,true,110,110,61
1767653458533,37,200,true,110,110,37
1767653458531,39,200,true,110,110,39
1767653458519,51,200,true,110,110,51
1767653458521,49,200,true,110,110,49
1767653458508,62,200,true,110,110,62
1767653458506,64,200,true,110,110,64
1767653458497,73,200,true,110,110,73
1767653458532,39,200,true,110,110,39
1767653458506,65,200,true,110,110,65
1767653458538,33,200,true,110,110,33
1767653458532,39,200,true,110,110,39
1767653458539,32,200,true,110,110,32
1767653458531,40,200,true,110,110,40
1767653458499,72,200,true,110,110,72
1767653458537,34,200,true,110,110,34
1767653458538,33,200,true,110,110,33
1767653458517,54,200,true,110,110,54
1767653458526,45,200,true,110,110,45
1767653458506,65,200,true,110,110,65
1767653458520,51,200,true,110,110,51
1767653458505,69,200,true,110,110,69
1767653458537,37,200,true,110,110,37
1767653458519,56,200,true,110,110,56
1767653458521,54,200,true,110,110,54
1767653458506,73,200,true,110,110,73
1767653458506,73,200,true,110,110,73
1767653458507,72,200,true,110,110,72
1767653458514,65,200,true,110,110,65
1767653458506,73,200,true,110,110,73
1767653458543,36,200,true,110,110,36
1767653458517,63,200,true,110,110,63
1767653458540,40,200,true,110,110,40
1767653458541,39,200,true,110,110,39
1767653458538,42,200,true,110,110,42
1767653458542,38,200,true,110,110,38
1767653458542,38,200,true,110,110,38
1767653458543,38,200,true,110,110,38
1767653458539,42,200,true,110,110,42
1767653458539,47,200,true,110,110,47
1767653458543,43,200,true,110,110,43
1767653458539,47,200,true,110,110,47
1767653458538,48,200,true,110,110,48
1767653458545,42,200,true,110,110,41
1767653458507,81,200,true,110,110,81
1767653458545,43,200,true,110,110,43
1767653458539,49,200,true,110,110,49
1767653458540,48,200,true,110,110,48
1767653458546,42,200,true,110,110,42
1767653458534,54,200,true,110,110,54
1767653458540,48,200,true,110,110,48
1767653458539,49,200,true,110,110,49
1767653458539,51,200,true,110,110,50
1767653458544,49,200,true,110,110,49
1767653458550,43,200,true,110,110,43
1767653458549,44,200,true,110,110,44
1767653458559,35,200,true,110,110,35
1767653458538,56,200,true,110,110,56
1767653458550,45,200,true,110,110,45
1767653458550,46,200,true,110,110,46
1767653458549,47,200,true,110,110,47
1767653458550,48,200,true,110,110,48
1767653458549,50,200,true,110,110,50
1767653458550,49,200,true,110,110,49
1767653458558,41,200,true,110,110,41
1767653458558,41,200,true,110,110,41
1767653458558,41,200,true,110,110,41
1767653458556,43,200,true,110,110,43
1767653458556,43,200,true,110,110,43
1767653458556,43,200,true,110,110,43
1767653458559,40,200,true,110,110,40
1767653458569,31,200,true,110,110,31
1767653458570,30,200,true,110,110,30
1767653458562,39,200,true,110,110,39
1767653458571,30,200,true,110,110,30
1767653458569,32,200,true,110,110,32
1767653458571,30,200,true,110,110,30
1767653458571,30,200,true,110,110,30
1767653458570,31,200,true,110,110,31
1767653458571,30,200,true,110,110,30
1767653458570,31,200,true,110,110,31
1767653458560,41,200,true,110,110,41
1767653458559,43,200,true,110,110,43
1767653458571,31,200,true,110,110,31
1767653458561,41,200,true,110,110,41
1767653458560,42,200,true,110,110,42
1767653458571,31,200,true,110,110,31
1767653458560,42,200,true,110,110,42
1767653458571,31,200,true,110,110,31
1767653458569,33,200,true,110,110,33
1767653458562,40,200,true,110,110,40
1767653458570,32,200,true,110,110,32
1767653458571,32,200,true,110,110,32
1767653458570,34,200,true,110,110,34
1767653458570,35,200,true,110,110,35
1767653458561,44,200,true,110,110,44
1767653458559,46,200,true,110,110,46
1767653458570,35,200,true,110,110,35
1767653458559,47,200,true,110,110,47
1767653458570,36,200,true,110,110,36
1767653458570,36,200,true,110,110,36
1767653458570,36,200,true,110,110,36
1767653458562,44,200,true,110,110,44
1767653458562,44,200,true,110,110,44
1767653458559,47,200,true,110,110,47
1767653458570,37,200,true,110,110,37
1767653458579,28,200,true,110,110,28
1767653458575,32,200,true,110,110,32
1767653458579,28,200,true,110,110,28
1767653458580,27,200,true,110,110,27
1767653458587,20,200,true,110,110,20
1767653458579,29,200,true,110,110,29
1767653458586,22,200,true,110,110,22
1767653458580,28,200,true,110,110,28
1767653458586,22,200,true,110,110,22
1767653458581,27,200,true,110,110,27
1767653458586,22,200,true,110,110,22
1767653458580,28,200,true,110,110,28
1767653458580,29,200,true,110,110,29
1767653458580,29,200,true,110,110,29
1767653458596,13,200,true,110,110,13
1767653458596,13,200,true,110,110,13
1767653458588,22,200,true,110,110,22
1767653458588,22,200,true,110,110,22
1767653458580,30,200,true,110,110,30
1767653458588,22,200,true,110,110,22
1767653458595,15,200,true,110,110,15
1767653458595,15,200,true,110,110,15
1767653458588,22,200,true,110,110,22
1767653458588,23,200,true,110,110,23
1767653458574,37,200,true,110,110,37
1767653458588,23,200,true,110,110,23
1767653458589,22,200,true,110,110,22
1767653458571,40,200,true,110,110,40
1767653458571,40,200,true,110,110,40
1767653458581,30,200,true,110,110,30
1767653458575,37,200,true,110,110,37
1767653458559,53,200,true,110,110,53
1767653458560,52,200,true,110,110,52
1767653458586,26,200,true,110,110,26
1767653458593,19,200,true,110,110,19
1767653458569,44,200,true,110,110,44
1767653458569,44,200,true,110,110,44
1767653458571,42,200,true,110,110,42
1767653458562,51,200,true,110,110,51
1767653458579,34,200,true,110,110,34
1767653458563,50,200,true,110,110,49
1767653458571,43,200,true,110,110,43
1767653458570,44,200,true,110,110,34
1767653458571,43,200,true,110,110,36
1767653458560,54,200,true,110,110,46
1767653458594,22,200,true,110,110,22
1767653458562,54,200,true,110,110,54
1767653458571,45,200,true,110,110,45
1767653458574,42,200,true,110,110,42
1767653458580,36,200,true,110,110,35
1767653458594,23,200,true,110,110,23
1767653458560,58,200,true,110,110,58
1767653458562,56,200,true,110,110,56
1767653458560,58,200,true,110,110,58
1767653458561,58,200,true,110,110,58
1767653458562,61,200,true,110,110,61
1767653458559,65,200,true,110,110,45
1767653458561,63,200,true,110,110,63
1767653458563,61,200,true,110,110,54
1767653458562,62,200,true,110,110,57
1767653458579,45,200,true,110,110,39
1767653458599,26,200,true,110,110,26
1767653458588,37,200,true,110,110,37
1767653458601,24,200,true,110,110,24
1767653458599,26,200,true,110,110,26
1767653458590,35,200,true,110,110,35
1767653458601,24,200,true,110,110,24
1767653458599,26,200,true,110,110,26
1767653458598,27,200,true,110,110,27
1767653458600,25,200,true,110,110,25
1767653458599,26,200,true,110,110,26
1767653458601,24,200,true,110,110,24
1767653458602,24,200,true,110,110,24
1767653458570,56,200,true,110,110,46
1767653458600,26,200,true,110,110,26
1767653458603,23,200,true,110,110,22
1767653458602,24,200,true,110,110,24
1767653458602,24,200,true,110,110,24
1767653458602,24,200,true,110,110,24
1767653458599,27,200,true,110,110,27
1767653458601,25,200,true,110,110,25
1767653458602,24,200,true,110,110,24
1767653458602,24,200,true,110,110,24
1767653458599,27,200,true,110,110,27
1767653458601,25,200,true,110,110,25
1767653458601,26,200,true,110,110,26
1767653458594,33,200,true,110,110,33
1767653458601,26,200,true,110,110,26
1767653458601,26,200,true,110,110,26
1767653458602,25,200,true,110,110,25
1767653458599,28,200,true,110,110,28
1767653458599,29,200,true,110,110,29
1767653458601,28,200,true,110,110,28
1767653458599,30,200,true,110,110,30
1767653458602,30,200,true,110,110,30
1767653458602,30,200,true,110,110,30
1767653458612,25,200,true,110,110,25
1767653458610,27,200,true,110,110,27
1767653458602,37,200,true,110,110,37
1767653458611,28,200,true,110,110,28
1767653458608,31,200,true,110,110,31
1767653458609,30,200,true,110,110,30
1767653458607,33,200,true,110,110,33
1767653458606,34,200,true,110,110,34
1767653458605,35,200,true,110,110,35
1767653458611,33,200,true,110,110,33
1767653458613,31,200,true,110,110,31
1767653458613,36,200,true,110,110,36
1767653458613,36,200,true,110,110,36
1767653458610,39,200,true,110,110,39
1767653458624,25,200,true,110,110,25
1767653458608,41,200,true,110,110,41
1767653458613,36,200,true,110,110,36
1767653458625,24,200,true,110,110,24
1767653458618,31,200,true,110,110,31
1767653458625,25,200,true,110,110,25
1767653458606,44,200,true,110,110,44
1767653458614,36,200,true,110,110,36
1767653458609,41,200,true,110,110,41
1767653458616,34,200,true,110,110,34
1767653458605,46,200,true,110,110,46
1767653458624,32,200,true,110,110,32
1767653458612,46,200,true,110,110,46
1767653458610,49,200,true,110,110,49
1767653458612,47,200,true,110,110,47
1767653458608,51,200,true,110,110,51
1767653458616,43,200,true,110,110,43
1767653458606,53,200,true,110,110,53
1767653458607,52,200,true,110,110,52
1767653458612,47,200,true,110,110,47
1767653458611,48,200,true,110,110,48
1767653458607,52,200,true,110,110,52
1767653458605,54,200,true,110,110,54
1767653458625,34,200,true,110,110,34
1767653458605,54,200,true,110,110,54
1767653458608,51,200,true,110,110,51
1767653458625,34,200,true,110,110,34
1767653458626,33,200,true,110,110,33
1767653458614,45,200,true,110,110,45
1767653458607,53,200,true,110,110,52
1767653458618,42,200,true,110,110,42
1767653458610,50,200,true,110,110,50
1767653458625,35,200,true,110,110,35
1767653458606,54,200,true,110,110,54
1767653458611,49,200,true,110,110,49
1767653458625,35,200,true,110,110,35
1767653458613,49,200,true,110,110,49
1767653458626,36,200,true,110,110,36
1767653458612,54,200,true,110,110,54
1767653458624,42,200,true,110,110,42
1767653458616,50,200,true,110,110,50
1767653458611,55,200,true,110,110,55
1767653458626,40,200,true,110,110,40
1767653458616,50,200,true,110,110,50
1767653458639,27,200,true,110,110,27
1767653458607,60,200,true,110,110,60
1767653458626,41,200,true,110,110,41
1767653458619,48,200,true,110,110,48
1767653458607,60,200,true,110,110,60
1767653458604,63,200,true,110,110,63
1767653458626,41,200,true,110,110,41
1767653458617,50,200,true,110,110,50
1767653458624,44,200,true,110,110,44
1767653458608,61,200,true,110,110,61
1767653458627,42,200,true,110,110,42
1767653458610,59,200,true,110,110,57
1767653458616,57,200,true,110,110,57
1767653458614,59,200,true,110,110,59
1767653458627,46,200,true,110,110,46
1767653458610,64,200,true,110,110,64
1767653458626,48,200,true,110,110,48
1767653458625,49,200,true,110,110,49
1767653458611,63,200,true,110,110,63
1767653458625,49,200,true,110,110,49
1767653458623,51,200,true,110,110,51
1767653458626,48,200,true,110,110,48
1767653458627,47,200,true,110,110,47
1767653458610,64,200,true,110,110,64
1767653458606,68,200,true,110,110,68
1767653458626,48,200,true,110,110,48
1767653458625,49,200,true,110,110,49
1767653458628,46,200,true,110,110,46
1767653458613,62,200,true,110,110,62
1767653458626,49,200,true,110,110,49
1767653458627,48,200,true,110,110,48
1767653458626,49,200,true,110,110,49
1767653458614,61,200,true,110,110,61
1767653458628,47,200,true,110,110,47
1767653458626,49,200,true,110,110,49
1767653458608,67,200,true,110,110,67
1767653458606,69,200,true,110,110,69
1767653458629,46,200,true,110,110,46
1767653458626,49,200,true,110,110,49
1767653458633,42,200,true,110,110,42
1767653458612,63,200,true,110,110,63
1767653458626,49,200,true,110,110,49
1767653458639,36,200,true,110,110,36
1767653458650,26,200,true,110,110,26
1767653458640,36,200,true,110,110,36
1767653458626,50,200,true,110,110,50
1767653458649,27,200,true,110,110,27
1767653458608,68,200,true,110,110,68
1767653458649,27,200,true,110,110,27
1767653458650,26,200,true,110,110,26
1767653458649,27,200,true,110,110,27
1767653458649,27,200,true,110,110,27
1767653458618,58,200,true,110,110,58
1767653458624,52,200,true,110,110,52
1767653458639,37,200,true,110,110,37
1767653458644,32,200,true,110,110,32
1767653458610,67,200,true,110,110,67
1767653458637,40,200,true,110,110,40
1767653458627,50,200,true,110,110,50
1767653458650,27,200,true,110,110,27
1767653458640,37,200,true,110,110,37
1767653458650,27,200,true,110,110,27
1767653458606,71,200,true,110,110,71
1767653458650,28,200,true,110,110,28
1767653458632,46,200,true,110,110,46
1767653458650,28,200,true,110,110,28
1767653458629,52,200,true,110,110,52
1767653458609,73,200,true,110,110,73
1767653458640,42,200,true,110,110,42
1767653458644,38,200,true,110,110,38
1767653458637,45,200,true,110,110,45
1767653458649,34,200,true,110,110,34
1767653458656,27,200,true,110,110,27
1767653458639,44,200,true,110,110,44
1767653458650,33,200,true,110,110,33
1767653458651,33,200,true,110,110,33
1767653458626,58,200,true,110,110,58
1767653458649,36,200,true,110,110,36
1767653458660,28,200,true,110,110,28
1767653458662,26,200,true,110,110,26
1767653458659,29,200,true,110,110,29
1767653458662,26,200,true,110,110,26
1767653458659,29,200,true,110,110,29
1767653458659,29,200,true,110,110,29
1767653458659,30,200,true,110,110,30
1767653458659,30,200,true,110,110,30
1767653458659,30,200,true,110,110,30
1767653458659,30,200,true,110,110,30
1767653458659,30,200,true,110,110,30
1767653458659,30,200,true,110,110,30
1767653458660,29,200,true,110,110,29
1767653458660,29,200,true,110,110,29
1767653458659,30,200,true,110,110,30
1767653458660,29,200,true,110,110,29
1767653458658,31,200,true,110,110,31
1767653458660,30,200,true,110,110,30
1767653458666,24,200,true,110,110,24
1767653458660,30,200,true,110,110,30
1767653458659,31,200,true,110,110,31
1767653458666,24,200,true,110,110,24
1767653458659,32,200,true,110,110,32
1767653458667,24,200,true,110,110,24
1767653458660,31,200,true,110,110,31
1767653458666,25,200,true,110,110,25
1767653458659,32,200,true,110,110,32
1767653458669,22,200,true,110,110,22
1767653458659,32,200,true,110,110,32
1767653458666,25,200,true,110,110,25
1767653458659,32,200,true,110,110,32
1767653458666,25,200,true,110,110,25
1767653458660,31,200,true,110,110,31
1767653458667,24,200,true,110,110,24
1767653458668,29,200,true,110,110,29
1767653458666,34,200,true,110,110,34
1767653458667,33,200,true,110,110,33
1767653458666,35,200,true,110,110,35
1767653458667,34,200,true,110,110,34
1767653458669,32,200,true,110,110,32
1767653458678,23,200,true,110,110,23
1767653458668,33,200,true,110,110,33
1767653458674,28,200,true,110,110,28
1767653458669,33,200,true,110,110,33
1767653458676,26,200,true,110,110,26
1767653458667,35,200,true,110,110,33
1767653458674,28,200,true,110,110,28
1767653458675,27,200,true,110,110,27
1767653458676,27,200,true,110,110,27
1767653458674,29,200,true,110,110,29
1767653458676,27,200,true,110,110,27
1767653458675,28,200,true,110,110,28
1767653458675,28,200,true,110,110,28
1767653458674,30,200,true,110,110,30
1767653458675,29,200,true,110,110,29
1767653458675,29,200,true,110,110,29
1767653458675,29,200,true,110,110,29
1767653458674,30,200,true,110,110,29
1767653458676,29,200,true,110,110,29
1767653458676,30,200,true,110,110,30
1767653458677,29,200,true,110,110,29
1767653458667,40,200,true,110,110,40
1767653458684,23,200,true,110,110,23
1767653458674,33,200,true,110,110,33
1767653458675,32,200,true,110,110,32
1767653458676,31,200,true,110,110,31
1767653458677,30,200,true,110,110,30
1767653458677,30,200,true,110,110,30
1767653458673,34,200,true,110,110,34
1767653458675,32,200,true,110,110,32
1767653458674,33,200,true,110,110,33
1767653458675,32,200,true,110,110,32
1767653458674,34,200,true,110,110,34
1767653458674,34,200,true,110,110,34
1767653458674,34,200,true,110,110,33
1767653458676,32,200,true,110,110,32
1767653458682,34,200,true,110,110,34
1767653458674,43,200,true,110,110,43
1767653458673,45,200,true,110,110,45
1767653458678,40,200,true,110,110,40
1767653458676,43,200,true,110,110,43
1767653458683,36,200,true,110,110,36
1767653458683,40,200,true,110,110,40
1767653458674,50,200,true,110,110,49
1767653458675,49,200,true,110,110,49
1767653458676,48,200,true,110,110,48
1767653458677,47,200,true,110,110,47
1767653458674,50,200,true,110,110,50
1767653458676,48,200,true,110,110,48
1767653458676,48,200,true,110,110,48
1767653458677,47,200,true,110,110,47
1767653458683,41,200,true,110,110,41
1767653458675,50,200,true,110,110,50
1767653458677,51,200,true,110,110,51
1767653458677,51,200,true,110,110,51
1767653458682,46,200,true,110,110,46
1767653458682,47,200,true,110,110,47
1767653458683,46,200,true,110,110,46
1767653458684,45,200,true,110,110,45
1767653458683,46,200,true,110,110,46
1767653458681,49,200,true,110,110,49
1767653458691,39,200,true,110,110,39
1767653458675,55,200,true,110,110,55
1767653458674,56,200,true,110,110,56
1767653458689,42,200,true,110,110,42
1767653458675,56,200,true,110,110,56
1767653458688,43,200,true,110,110,42
1767653458676,55,200,true,110,110,55
1767653458689,42,200,true,110,110,42
1767653458676,55,200,true,110,110,55
1767653458689,42,200,true,110,110,42
1767653458690,41,200,true,110,110,41
1767653458676,56,200,true,110,110,55
1767653458675,57,200,true,110,110,57
1767653458678,54,200,true,110,110,53
1767653458691,41,200,true,110,110,41
1767653458691,44,200,true,110,110,44
1767653458685,50,200,true,110,110,50
1767653458703,39,200,true,110,110,39
1767653458708,34,200,true,110,110,34
1767653458689,53,200,true,110,110,53
1767653458690,54,200,true,110,110,54
1767653458704,40,200,true,110,110,40
1767653458691,53,200,true,110,110,53
1767653458707,38,200,true,110,110,38
1767653458691,54,200,true,110,110,54
1767653458697,48,200,true,110,110,48
1767653458689,57,200,true,110,110,57
1767653458689,57,200,true,110,110,57
1767653458702,44,200,true,110,110,44
1767653458691,55,200,true,110,110,55
1767653458691,55,200,true,110,110,54
1767653458690,57,200,true,110,110,57
1767653458688,59,200,true,110,110,59
1767653458689,58,200,true,110,110,58
1767653458688,59,200,true,110,110,59
1767653458691,57,200,true,110,110,57
1767653458724,24,200,true,110,110,24
1767653458707,41,200,true,110,110,41
1767653458724,25,200,true,110,110,25
1767653458688,61,200,true,110,110,61
1767653458691,58,200,true,110,110,58
1767653458704,46,200,true,110,110,46
1767653458707,43,200,true,110,110,43
1767653458691,59,200,true,110,110,59
1767653458689,61,200,true,110,110,61
1767653458707,44,200,true,110,110,44
1767653458691,60,200,true,110,110,60
1767653458702,49,200,true,110,110,49
1767653458703,48,200,true,110,110,48
1767653458707,44,200,true,110,110,44
1767653458702,49,200,true,110,110,49
1767653458703,49,200,true,110,110,49
1767653458706,46,200,true,110,110,42
1767653458704,48,200,true,110,110,46
1767653458707,45,200,true,110,110,45
1767653458724,29,200,true,110,110,29
1767653458719,35,200,true,110,110,35
1767653458719,35,200,true,110,110,35
1767653458701,54,200,true,110,110,54
1767653458703,52,200,true,110,110,52
1767653458702,55,200,true,110,110,55
1767653458689,69,200,true,110,110,68
1767653458701,57,200,true,110,110,57
1767653458707,51,200,true,110,110,51
1767653458700,58,200,true,110,110,58
1767653458708,50,200,true,110,110,50
1767653458707,52,200,true,110,110,52
1767653458702,57,200,true,110,110,53
1767653458691,68,200,true,110,110,68
1767653458731,28,200,true,110,110,28
1767653458701,58,200,true,110,110,58
1767653458690,69,200,true,110,110,69
1767653458689,71,200,true,110,110,66
1767653458724,36,200,true,110,110,36
1767653458701,59,200,true,110,110,59
1767653458702,58,200,true,110,110,58
1767653458704,56,200,true,110,110,56
1767653458704,56,200,true,110,110,51
1767653458707,53,200,true,110,110,53
1767653458708,52,200,true,110,110,42
1767653458724,36,200,true,110,110,36
1767653458700,60,200,true,110,110,52
1767653458689,71,200,true,110,110,65
1767653458690,70,200,true,110,110,70
1767653458735,25,200,true,110,110,25
1767653458731,29,200,true,110,110,29
1767653458718,42,200,true,110,110,42
1767653458703,57,200,true,110,110,57
1767653458724,37,200,true,110,110,37
1767653458724,37,200,true,110,110,37
1767653458705,56,200,true,110,110,56
1767653458731,30,200,true,110,110,30
1767653458728,33,200,true,110,110,33
1767653458730,35,200,true,110,110,35
1767653458732,34,200,true,110,110,34
1767653458730,36,200,true,110,110,36
1767653458716,52,200,true,110,110,52
1767653458691,77,200,true,110,110,77
1767653458731,37,200,true,110,110,35
1767653458724,44,200,true,110,110,44
1767653458689,80,200,true,110,110,80
1767653458718,51,200,true,110,110,51
1767653458731,38,200,true,110,110,38
1767653458723,46,200,true,110,110,46
1767653458731,38,200,true,110,110,38
1767653458701,68,200,true,110,110,68
1767653458728,41,200,true,110,110,41
1767653458717,53,200,true,110,110,52
1767653458731,39,200,true,110,110,39
1767653458708,62,200,true,110,110,62
1767653458732,38,200,true,110,110,38
1767653458706,64,200,true,110,110,64
1767653458729,41,200,true,110,110,41
1767653458707,63,200,true,110,110,63
1767653458708,63,200,true,110,110,63
1767653458729,42,200,true,110,110,42
1767653458732,39,200,true,110,110,39
1767653458730,41,200,true,110,110,41
1767653458732,41,200,true,110,110,41
1767653458735,44,200,true,110,110,44
1767653458731,48,200,true,110,110,48
1767653458725,54,200,true,110,110,54
1767653458729,50,200,true,110,110,50
1767653458742,37,200,true,110,110,37
1767653458729,51,200,true,110,110,50
1767653458742,38,200,true,110,110,38
1767653458730,50,200,true,110,110,50
1767653458728,52,200,true,110,110,52
1767653458745,36,200,true,110,110,36
1767653458724,57,200,true,110,110,57
1767653458742,39,200,true,110,110,39
1767653458746,48,200,true,110,110,48
1767653458747,47,200,true,110,110,47
1767653458746,48,200,true,110,110,48
1767653458744,52,200,true,110,110,52
1767653458760,36,200,true,110,110,36
1767653458747,49,200,true,110,110,49
1767653458748,49,200,true,110,110,49
1767653458751,46,200,true,110,110,46
1767653458760,37,200,true,110,110,37
1767653458758,39,200,true,110,110,39
1767653458752,45,200,true,110,110,45
1767653458746,51,200,true,110,110,51
1767653458759,38,200,true,110,110,38
1767653458760,37,200,true,110,110,37
1767653458760,37,200,true,110,110,37
1767653458760,37,200,true,110,110,37
1767653458750,47,200,true,110,110,47
1767653458748,49,200,true,110,110,49
1767653458746,51,200,true,110,110,51
1767653458744,53,200,true,110,110,53
1767653458753,45,200,true,110,110,45
1767653458749,49,200,true,110,110,49
1767653458760,38,200,true,110,110,38
1767653458750,48,200,true,110,110,48
1767653458760,38,200,true,110,110,38
1767653458747,51,200,true,110,110,51
1767653458760,38,200,true,110,110,38
1767653458751,47,200,true,110,110,47
1767653458750,48,200,true,110,110,48
1767653458758,40,200,true,110,110,40
1767653458749,49,200,true,110,110,49
1767653458755,44,200,true,110,110,44
1767653458760,39,200,true,110,110,39
1767653458745,54,200,true,110,110,54
1767653458751,48,200,true,110,110,48
1767653458751,48,200,true,110,110,48
1767653458752,47,200,true,110,110,47
1767653458750,49,200,true,110,110,49
1767653458754,45,200,true,110,110,45
1767653458760,39,200,true,110,110,39
1767653458760,39,200,true,110,110,39
1767653458755,44,200,true,110,110,44
1767653458759,41,200,true,110,110,41
1767653458752,48,200,true,110,110,48
1767653458760,40,200,true,110,110,40
1767653458758,42,200,true,110,110,42
1767653458761,39,200,true,110,110,39
1767653458761,40,200,true,110,110,40
1767653458761,40,200,true,110,110,40
1767653458752,49,200,true,110,110,49
1767653458760,41,200,true,110,110,41
1767653458759,42,200,true,110,110,42
1767653458758,43,200,true,110,110,43
1767653458760,41,200,true,110,110,41
1767653458746,56,200,true,110,110,56
1767653458751,51,200,true,110,110,51
1767653458749,53,200,true,110,110,53
1767653458747,55,200,true,110,110,55
1767653458748,54,200,true,110,110,54
1767653458744,58,200,true,110,110,55
1767653458751,51,200,true,110,110,50
1767653458759,43,200,true,110,110,43
1767653458745,57,200,true,110,110,53
1767653458780,22,200,true,110,110,22
1767653458754,48,200,true,110,110,48
1767653458760,42,200,true,110,110,42
1767653458761,41,200,true,110,110,41
1767653458779,23,200,true,110,110,23
1767653458760,43,200,true,110,110,38
1767653458760,43,200,true,110,110,41
1767653458770,33,200,true,110,110,33
1767653458781,22,200,true,110,110,22
1767653458770,33,200,true,110,110,33
1767653458781,22,200,true,110,110,22
1767653458773,30,200,true,110,110,30
1767653458771,33,200,true,110,110,33
1767653458765,39,200,true,110,110,39
1767653458771,33,200,true,110,110,33
1767653458761,43,200,true,110,110,43
1767653458769,35,200,true,110,110,35
1767653458769,35,200,true,110,110,35
1767653458769,36,200,true,110,110,36
1767653458779,26,200,true,110,110,26
1767653458780,25,200,true,110,110,25
1767653458794,11,200,true,110,110,11
1767653458768,37,200,true,110,110,37
1767653458779,26,200,true,110,110,26
1767653458770,35,200,true,110,110,35
1767653458770,35,200,true,110,110,35
1767653458779,26,200,true,110,110,26
1767653458769,37,200,true,110,110,37
1767653458770,36,200,true,110,110,36
1767653458760,46,200,true,110,110,46
1767653458771,35,200,true,110,110,35
1767653458768,38,200,true,110,110,38
1767653458770,36,200,true,110,110,36
1767653458758,48,200,true,110,110,48
1767653458768,38,200,true,110,110,38
1767653458780,26,200,true,110,110,26
1767653458779,27,200,true,110,110,27
1767653458780,27,200,true,110,110,27
1767653458794,14,200,true,110,110,14
1767653458769,39,200,true,110,110,39
1767653458781,27,200,true,110,110,22
1767653458770,38,200,true,110,110,38
1767653458769,39,200,true,110,110,37
1767653458769,39,200,true,110,110,39
1767653458766,42,200,true,110,110,42
1767653458769,39,200,true,110,110,39
1767653458766,43,200,true,110,110,43
1767653458757,52,200,true,110,110,52
1767653458771,38,200,true,110,110,38
1767653458794,15,200,true,110,110,15
1767653458797,15,200,true,110,110,15
1767653458798,17,200,true,110,110,17
1767653458797,19,200,true,110,110,19
1767653458799,17,200,true,110,110,17
1767653458800,17,200,true,110,110,17
1767653458798,21,200,true,110,110,21
1767653458799,23,200,true,110,110,23
1767653458801,21,200,true,110,110,21
1767653458796,28,200,true,110,110,28
1767653458801,23,200,true,110,110,23
1767653458797,28,200,true,110,110,27
1767653458799,26,200,true,110,110,26
1767653458797,29,200,true,110,110,29
1767653458799,27,200,true,110,110,27
1767653458802,24,200,true,110,110,24
1767653458797,30,200,true,110,110,30
1767653458801,26,200,true,110,110,26
1767653458802,25,200,true,110,110,25
1767653458797,30,200,true,110,110,30
1767653458797,30,200,true,110,110,27
1767653458797,30,200,true,110,110,30
1767653458802,25,200,true,110,110,25
1767653458799,28,200,true,110,110,28
1767653458799,28,200,true,110,110,28
1767653458797,31,200,true,110,110,31
1767653458797,35,200,true,110,110,35
1767653458802,30,200,true,110,110,30
1767653458802,36,200,true,110,110,36
1767653458802,36,200,true,110,110,36
1767653458802,37,200,true,110,110,37
1767653458798,41,200,true,110,110,41
1767653458806,33,200,true,110,110,33
1767653458801,38,200,true,110,110,38
1767653458798,41,200,true,110,110,41
1767653458806,33,200,true,110,110,33
1767653458799,40,200,true,110,110,40
1767653458801,38,200,true,110,110,38
1767653458797,43,200,true,110,110,43
1767653458800,40,200,true,110,110,40
1767653458805,35,200,true,110,110,35
1767653458798,42,200,true,110,110,42
1767653458802,38,200,true,110,110,38
1767653458801,39,200,true,110,110,39
1767653458799,41,200,true,110,110,41
1767653458800,40,200,true,110,110,40
1767653458798,43,200,true,110,110,43
1767653458806,35,200,true,110,110,35
1767653458797,44,200,true,110,110,44
1767653458804,37,200,true,110,110,37
1767653458798,43,200,true,110,110,43
1767653458799,42,200,true,110,110,42
1767653458802,39,200,true,110,110,39
1767653458798,43,200,true,110,110,43
1767653458797,45,200,true,110,110,45
1767653458798,44,200,true,110,110,44
1767653458796,46,200,true,110,110,46
1767653458802,40,200,true,110,110,40
1767653458801,41,200,true,110,110,41
1767653458799,43,200,true,110,110,43
1767653458805,37,200,true,110,110,37
1767653458799,43,200,true,110,110,43
1767653458800,43,200,true,110,110,43
1767653458808,35,200,true,110,110,35
1767653458802,41,200,true,110,110,41
1767653458797,46,200,true,110,110,46
1767653458802,41,200,true,110,110,41
1767653458802,41,200,true,110,110,41
1767653458800,44,200,true,110,110,44
1767653458799,45,200,true,110,110,45
1767653458797,47,200,true,110,110,47
1767653458798,46,200,true,110,110,46
1767653458806,50,200,true,110,110,50
1767653458816,41,200,true,110,110,41
1767653458809,48,200,true,110,110,48
1767653458806,51,200,true,110,110,51
1767653458806,51,200,true,110,110,51
1767653458815,42,200,true,110,110,42
1767653458808,49,200,true,110,110,49
1767653458816,41,200,true,110,110,41
1767653458805,52,200,true,110,110,52
1767653458808,49,200,true,110,110,49
1767653458806,51,200,true,110,110,51
1767653458817,40,200,true,110,110,40
1767653458805,52,200,true,110,110,52
1767653458808,49,200,true,110,110,49
1767653458808,50,200,true,110,110,50
1767653458803,55,200,true,110,110,55
1767653458803,55,200,true,110,110,55
1767653458819,39,200,true,110,110,39
1767653458806,52,200,true,110,110,52
1767653458806,53,200,true,110,110,53
1767653458804,55,200,true,110,110,55
1767653458803,56,200,true,110,110,56
1767653458803,57,200,true,110,110,57
1767653458805,55,200,true,110,110,55
1767653458803,57,200,true,110,110,57
1767653458804,56,200,true,110,110,56
1767653458804,56,200,true,110,110,56
1767653458809,52,200,true,110,110,52
1767653458808,53,200,true,110,110,53
1767653458809,52,200,true,110,110,52
1767653458809,52,200,true,110,110,52
1767653458809,52,200,true,110,110,52
1767653458805,57,200,true,110,110,56
1767653458805,57,200,true,110,110,57
1767653458807,56,200,true,110,110,56
1767653458805,58,200,true,110,110,58
1767653458808,55,200,true,110,110,55
1767653458812,51,200,true,110,110,51
1767653458803,61,200,true,110,110,61
1767653458805,59,200,true,110,110,59
1767653458804,60,200,true,110,110,60
1767653458804,60,200,true,110,110,60
1767653458803,62,200,true,110,110,60
1767653458806,59,200,true,110,110,58
1767653458827,42,200,true,110,110,42
1767653458842,31,200,true,110,110,27
1767653458839,34,200,true,110,110,34
1767653458839,36,200,true,110,110,36
1767653458841,34,200,true,110,110,34
1767653458839,36,200,true,110,110,34
1767653458842,34,200,true,110,110,34
1767653458841,35,200,true,110,110,35
1767653458844,32,200,true,110,110,32
1767653458804,73,200,true,110,110,73
1767653458840,37,200,true,110,110,37
1767653458843,34,200,true,110,110,34
1767653458843,34,200,true,110,110,34
1767653458840,37,200,true,110,110,37
1767653458822,55,200,true,110,110,55
1767653458826,51,200,true,110,110,51
1767653458842,35,200,true,110,110,35
1767653458827,50,200,true,110,110,50
1767653458842,35,200,true,110,110,35
1767653458827,51,200,true,110,110,51
1767653458827,51,200,true,110,110,51
1767653458839,39,200,true,110,110,39
1767653458826,52,200,true,110,110,52
1767653458842,36,200,true,110,110,36
1767653458838,40,200,true,110,110,40
1767653458840,38,200,true,110,110,38
1767653458822,56,200,true,110,110,56
1767653458827,51,200,true,110,110,51
1767653458841,37,200,true,110,110,37
1767653458844,34,200,true,110,110,34
1767653458839,39,200,true,110,110,39
1767653458844,34,200,true,110,110,34
1767653458824,54,200,true,110,110,54
1767653458827,51,200,true,110,110,51
1767653458832,46,200,true,110,110,46
1767653458827,51,200,true,110,110,51
1767653458824,54,200,true,110,110,54
1767653458840,38,200,true,110,110,38
1767653458840,39,200,true,110,110,39
1767653458827,52,200,true,110,110,52
1767653458841,38,200,true,110,110,38
1767653458827,52,200,true,110,110,52
1767653458841,38,200,true,110,110,38
1767653458825,54,200,true,110,110,54
1767653458843,36,200,true,110,110,36
1767653458857,22,200,true,110,110,22
1767653458841,38,200,true,110,110,38
1767653458832,47,200,true,110,110,47
1767653458840,40,200,true,110,110,40
1767653458839,41,200,true,110,110,41
1767653458840,40,200,true,110,110,40
1767653458842,38,200,true,110,110,38
1767653458843,37,200,true,110,110,37
1767653458828,52,200,true,110,110,52
1767653458844,36,200,true,110,110,36
1767653458825,55,200,true,110,110,55
1767653458839,41,200,true,110,110,41
1767653458842,38,200,true,110,110,38
1767653458826,54,200,true,110,110,54
1767653458842,38,200,true,110,110,38
1767653458839,41,200,true,110,110,41
1767653458840,41,200,true,110,110,41
1767653458843,39,200,true,110,110,39
1767653458841,41,200,true,110,110,41
1767653458840,42,200,true,110,110,42
1767653458842,40,200,true,110,110,40
1767653458844,38,200,true,110,110,37
1767653458860,23,200,true,110,110,23
1767653458861,22,200,true,110,110,22
1767653458863,21,200,true,110,110,21
1767653458861,23,200,true,110,110,23
1767653458857,27,200,true,110,110,27
1767653458863,21,200,true,110,110,21
1767653458858,26,200,true,110,110,26
1767653458857,28,200,true,110,110,28
1767653458862,23,200,true,110,110,23
1767653458860,26,200,true,110,110,25
1767653458863,23,200,true,110,110,21
1767653458865,21,200,true,110,110,20
1767653458859,31,200,true,110,110,31
1767653458857,33,200,true,110,110,33
1767653458858,33,200,true,110,110,33
1767653458857,34,200,true,110,110,34
1767653458860,31,200,true,110,110,31
1767653458858,33,200,true,110,110,33
1767653458857,34,200,true,110,110,34
1767653458860,31,200,true,110,110,31
1767653458859,32,200,true,110,110,32
1767653458860,31,200,true,110,110,31
1767653458860,32,200,true,110,110,32
1767653458858,34,200,true,110,110,34
1767653458858,35,200,true,110,110,35
1767653458857,36,200,true,110,110,36
1767653458857,36,200,true,110,110,36
1767653458858,35,200,true,110,110,35
1767653458857,36,200,true,110,110,36
1767653458861,33,200,true,110,110,33
1767653458857,37,200,true,110,110,37
1767653458864,30,200,true,110,110,30
1767653458858,36,200,true,110,110,36
1767653458858,36,200,true,110,110,36
1767653458857,38,200,true,110,110,36
1767653458865,30,200,true,110,110,30
1767653458880,16,200,true,110,110,16
1767653458876,20,200,true,110,110,20
1767653458864,32,200,true,110,110,32
1767653458877,19,200,true,110,110,19
1767653458861,35,200,true,110,110,35
1767653458865,31,200,true,110,110,31
1767653458861,35,200,true,110,110,35
1767653458864,32,200,true,110,110,32
1767653458875,22,200,true,110,110,22
1767653458876,21,200,true,110,110,21
1767653458863,34,200,true,110,110,34
1767653458875,23,200,true,110,110,23
1767653458869,29,200,true,110,110,29
1767653458862,36,200,true,110,110,36
1767653458880,19,200,true,110,110,19
1767653458878,21,200,true,110,110,21
1767653458878,21,200,true,110,110,21
1767653458878,22,200,true,110,110,22
1767653458877,23,200,true,110,110,23
1767653458878,22,200,true,110,110,22
1767653458873,30,200,true,110,110,30
1767653458873,30,200,true,110,110,30
1767653458875,28,200,true,110,110,28
1767653458877,30,200,true,110,110,30
1767653458877,33,200,true,110,110,33
1767653458878,32,200,true,110,110,32
1767653458878,32,200,true,110,110,32
1767653458879,31,200,true,110,110,31
1767653458877,34,200,true,110,110,34
1767653458880,31,200,true,110,110,30
1767653458877,34,200,true,110,110,34
1767653458876,35,200,true,110,110,35
1767653458878,33,200,true,110,110,33
1767653458878,34,200,true,110,110,34
1767653458877,35,200,true,110,110,35
1767653458877,35,200,true,110,110,35
1767653458878,34,200,true,110,110,34
1767653458879,33,200,true,110,110,33
1767653458891,22,200,true,110,110,22
1767653458878,35,200,true,110,110,35
1767653458878,35,200,true,110,110,35
1767653458880,33,200,true,110,110,33
1767653458885,28,200,true,110,110,28
1767653458893,21,200,true,110,110,21
1767653458880,34,200,true,110,110,34
1767653458886,28,200,true,110,110,28
1767653458880,34,200,true,110,110,34
1767653458878,36,200,true,110,110,36
1767653458879,35,200,true,110,110,35
1767653458879,35,200,true,110,110,35
1767653458877,37,200,true,110,110,37
1767653458879,35,200,true,110,110,35
1767653458880,34,200,true,110,110,34
1767653458880,34,200,true,110,110,34
1767653458894,20,200,true,110,110,20
1767653458894,21,200,true,110,110,21
1767653458880,35,200,true,110,110,35
1767653458884,38,200,true,110,110,38
1767653458885,37,200,true,110,110,37
1767653458878,44,200,true,110,110,44
1767653458896,27,200,true,110,110,27
1767653458891,32,200,true,110,110,32
1767653458882,41,200,true,110,110,41
1767653458879,44,200,true,110,110,44
1767653458880,44,200,true,110,110,43
1767653458891,33,200,true,110,110,32
1767653458877,47,200,true,110,110,47
1767653458878,46,200,true,110,110,46
1767653458879,45,200,true,110,110,45
1767653458878,47,200,true,110,110,47
1767653458884,41,200,true,110,110,41
1767653458882,43,200,true,110,110,43
1767653458890,35,200,true,110,110,35
1767653458879,46,200,true,110,110,46
1767653458886,39,200,true,110,110,39
1767653458886,39,200,true,110,110,39
1767653458891,34,200,true,110,110,34
1767653458884,41,200,true,110,110,41
1767653458894,31,200,true,110,110,31
1767653458884,41,200,true,110,110,41
1767653458880,46,200,true,110,110,46
1767653458882,44,200,true,110,110,44
1767653458880,46,200,true,110,110,46
1767653458894,32,200,true,110,110,32
1767653458893,33,200,true,110,110,33
1767653458893,34,200,true,110,110,34
1767653458892,35,200,true,110,110,35
1767653458892,35,200,true,110,110,34
1767653458878,53,200,true,110,110,53
1767653458878,53,200,true,110,110,53
1767653458891,40,200,true,110,110,40
1767653458878,53,200,true,110,110,53
1767653458879,53,200,true,110,110,53
1767653458895,37,200,true,110,110,37
1767653458882,50,200,true,110,110,50
1767653458878,55,200,true,110,110,55
1767653458882,52,200,true,110,110,52
1767653458911,25,200,true,110,110,25
1767653458896,40,200,true,110,110,40
1767653458896,47,200,true,110,110,47
1767653458893,50,200,true,110,110,50
1767653458896,47,200,true,110,110,47
1767653458896,48,200,true,110,110,48
1767653458883,61,200,true,110,110,61
1767653458896,48,200,true,110,110,48
1767653458883,61,200,true,110,110,61
1767653458914,30,200,true,110,110,30
1767653458880,64,200,true,110,110,64
1767653458913,31,200,true,110,110,31
1767653458891,53,200,true,110,110,53
1767653458884,60,200,true,110,110,60
1767653458881,63,200,true,110,110,63
1767653458895,50,200,true,110,110,50
1767653458891,54,200,true,110,110,54
1767653458894,51,200,true,110,110,51
1767653458879,66,200,true,110,110,66
1767653458896,49,200,true,110,110,49
1767653458891,56,200,true,110,110,56
1767653458890,57,200,true,110,110,57
1767653458914,33,200,true,110,110,33
1767653458893,54,200,true,110,110,54
1767653458913,35,200,true,110,110,34
1767653458914,35,200,true,110,110,35
1767653458927,22,200,true,110,110,22
1767653458926,23,200,true,110,110,23
1767653458914,35,200,true,110,110,35
1767653458923,27,200,true,110,110,27
1767653458900,50,200,true,110,110,50
1767653458914,36,200,true,110,110,36
1767653458914,36,200,true,110,110,36
1767653458911,39,200,true,110,110,39
1767653458915,36,200,true,110,110,36
1767653458912,39,200,true,110,110,39
1767653458914,37,200,true,110,110,36
1767653458924,27,200,true,110,110,27
1767653458903,48,200,true,110,110,48
1767653458897,54,200,true,110,110,54
1767653458907,44,200,true,110,110,44
1767653458897,54,200,true,110,110,54
1767653458915,36,200,true,110,110,36
1767653458914,37,200,true,110,110,37
1767653458903,48,200,true,110,110,48
1767653458914,37,200,true,110,110,37
1767653458899,52,200,true,110,110,52
1767653458900,52,200,true,110,110,52
1767653458900,52,200,true,110,110,52
1767653458903,49,200,true,110,110,49
1767653458898,56,200,true,110,110,56
1767653458898,57,200,true,110,110,57
1767653458913,42,200,true,110,110,42
1767653458896,59,200,true,110,110,59
1767653458911,44,200,true,110,110,44
1767653458912,43,200,true,110,110,43
1767653458914,41,200,true,110,110,37
1767653458911,45,200,true,110,110,44
1767653458922,34,200,true,110,110,34
1767653458912,44,200,true,110,110,44
1767653458900,56,200,true,110,110,56
1767653458911,45,200,true,110,110,45
1767653458914,42,200,true,110,110,42
1767653458914,42,200,true,110,110,42
1767653458899,57,200,true,110,110,57
1767653458923,33,200,true,110,110,33
1767653458913,43,200,true,110,110,43
1767653458911,45,200,true,110,110,45
1767653458931,25,200,true,110,110,25
1767653458913,44,200,true,110,110,43
1767653458911,46,200,true,110,110,46
1767653458925,32,200,true,110,110,32
1767653458910,47,200,true,110,110,47
1767653458925,32,200,true,110,110,32
1767653458926,31,200,true,110,110,31
1767653458897,61,200,true,110,110,61
1767653458926,32,200,true,110,110,32
1767653458923,35,200,true,110,110,35
1767653458927,32,200,true,110,110,32
1767653458924,35,200,true,110,110,35
1767653458924,35,200,true,110,110,35
1767653458925,35,200,true,110,110,35
1767653458932,28,200,true,110,110,28
1767653458912,48,200,true,110,110,48
1767653458910,50,200,true,110,110,50
1767653458898,63,200,true,110,110,63
1767653458924,37,200,true,110,110,37
1767653458925,36,200,true,110,110,36
1767653458932,29,200,true,110,110,29
1767653458932,33,200,true,110,110,33
1767653458931,34,200,true,110,110,34
1767653458925,41,200,true,110,110,41
1767653458944,23,200,true,110,110,23
1767653458944,24,200,true,110,110,24
1767653458936,32,200,true,110,110,31
1767653458923,45,200,true,110,110,45
1767653458934,34,200,true,110,110,34
1767653458925,43,200,true,110,110,43
1767653458947,21,200,true,110,110,21
1767653458913,55,200,true,110,110,55
1767653458925,43,200,true,110,110,43
1767653458944,24,200,true,110,110,24
1767653458925,43,200,true,110,110,43
1767653458944,24,200,true,110,110,24
1767653458947,22,200,true,110,110,22
1767653458926,43,200,true,110,110,35
1767653458925,44,200,true,110,110,44
1767653458925,44,200,true,110,110,44
1767653458922,47,200,true,110,110,47
1767653458924,45,200,true,110,110,45
1767653458922,47,200,true,110,110,47
1767653458933,36,200,true,110,110,36
1767653458925,45,200,true,110,110,45
1767653458932,38,200,true,110,110,38
1767653458926,45,200,true,110,110,45
1767653458949,22,200,true,110,110,22
1767653458949,22,200,true,110,110,22
1767653458945,26,200,true,110,110,26
1767653458927,44,200,true,110,110,38
1767653458944,29,200,true,110,110,27
1767653458931,42,200,true,110,110,42
1767653458954,21,200,true,110,110,21
1767653458943,32,200,true,110,110,32
1767653458944,31,200,true,110,110,31
1767653458951,24,200,true,110,110,24
1767653458956,19,200,true,110,110,19
1767653458951,24,200,true,110,110,24
1767653458956,19,200,true,110,110,19
1767653458955,21,200,true,110,110,21
1767653458956,20,200,true,110,110,20
1767653458955,21,200,true,110,110,21
1767653458951,25,200,true,110,110,25
1767653458945,31,200,true,110,110,31
1767653458949,28,200,true,110,110,28
1767653458951,26,200,true,110,110,26
1767653458947,30,200,true,110,110,30
1767653458955,22,200,true,110,110,22
1767653458956,22,200,true,110,110,22
1767653458945,33,200,true,110,110,33
1767653458945,33,200,true,110,110,33
1767653458950,28,200,true,110,110,28
1767653458950,29,200,true,110,110,29
1767653458945,34,200,true,110,110,34
1767653458936,44,200,true,110,110,44
1767653458956,24,200,true,110,110,24
1767653458951,29,200,true,110,110,29
1767653458955,25,200,true,110,110,25
1767653458951,30,200,true,110,110,29
1767653458951,30,200,true,110,110,30
1767653458944,37,200,true,110,110,37
1767653458944,37,200,true,110,110,37
1767653458951,34,200,true,110,110,34
1767653458943,42,200,true,110,110,42
1767653458951,34,200,true,110,110,34
1767653458951,34,200,true,110,110,34
1767653458951,34,200,true,110,110,34
1767653458957,30,200,true,110,110,30
1767653458957,30,200,true,110,110,30
1767653458959,29,200,true,110,110,29
1767653458958,31,200,true,110,110,31
1767653458951,39,200,true,110,110,39
1767653458952,38,200,true,110,110,38
1767653458949,41,200,true,110,110,41
1767653458948,42,200,true,110,110,42
1767653458956,34,200,true,110,110,34
1767653458951,40,200,true,110,110,40
1767653458956,35,200,true,110,110,35
1767653458943,48,200,true,110,110,48
1767653458956,35,200,true,110,110,35
1767653458956,35,200,true,110,110,35
1767653458958,33,200,true,110,110,33
1767653458952,40,200,true,110,110,40
1767653458956,36,200,true,110,110,36
1767653458956,36,200,true,110,110,36
1767653458957,35,200,true,110,110,35
1767653458960,32,200,true,110,110,32
1767653458956,36,200,true,110,110,36
1767653458956,36,200,true,110,110,36
1767653458959,33,200,true,110,110,33
1767653458957,35,200,true,110,110,35
1767653458960,33,200,true,110,110,33
1767653458950,43,200,true,110,110,43
1767653458944,49,200,true,110,110,49
1767653458950,44,200,true,110,110,44
1767653458945,50,200,true,110,110,50
1767653458947,48,200,true,110,110,47
1767653458952,43,200,true,110,110,43
1767653458956,39,200,true,110,110,38
1767653458958,37,200,true,110,110,37
1767653458950,45,200,true,110,110,44
1767653458957,39,200,true,110,110,39
1767653458969,32,200,true,110,110,32
1767653458968,34,200,true,110,110,34
1767653458965,38,200,true,110,110,38
1767653458969,34,200,true,110,110,34
1767653458960,43,200,true,110,110,43
1767653458973,30,200,true,110,110,30
1767653458968,36,200,true,110,110,36
1767653458960,44,200,true,110,110,44
1767653458961,43,200,true,110,110,43
1767653458966,38,200,true,110,110,38
1767653458975,29,200,true,110,110,29
1767653458968,37,200,true,110,110,37
1767653458968,37,200,true,110,110,37
1767653458971,34,200,true,110,110,34
1767653458968,37,200,true,110,110,37
1767653458965,40,200,true,110,110,40
1767653458970,35,200,true,110,110,35
1767653458961,44,200,true,110,110,44
1767653458959,46,200,true,110,110,46
1767653458975,30,200,true,110,110,30
1767653458969,36,200,true,110,110,36
1767653458961,44,200,true,110,110,44
1767653458969,39,200,true,110,110,39
1767653458971,38,200,true,110,110,38
1767653458961,49,200,true,110,110,49
1767653458975,35,200,true,110,110,35
1767653458969,41,200,true,110,110,41
1767653458970,40,200,true,110,110,40
1767653458976,35,200,true,110,110,35
1767653458975,36,200,true,110,110,36
1767653458975,37,200,true,110,110,37
1767653458969,43,200,true,110,110,43
1767653458978,35,200,true,110,110,35
1767653458971,42,200,true,110,110,42
1767653458990,23,200,true,110,110,23
1767653458968,45,200,true,110,110,45
1767653458968,45,200,true,110,110,45
1767653458969,44,200,true,110,110,44
1767653458991,22,200,true,110,110,22
1767653458980,33,200,true,110,110,33
1767653458968,45,200,true,110,110,45
1767653458987,27,200,true,110,110,27
1767653458976,38,200,true,110,110,38
1767653458977,38,200,true,110,110,38
1767653458968,47,200,true,110,110,47
1767653458971,44,200,true,110,110,44
1767653458981,34,200,true,110,110,34
1767653458981,34,200,true,110,110,34
1767653458976,39,200,true,110,110,39
1767653458991,25,200,true,110,110,25
1767653458973,43,200,true,110,110,43
1767653458991,25,200,true,110,110,25
1767653458988,28,200,true,110,110,28
1767653458977,39,200,true,110,110,39
1767653458978,38,200,true,110,110,38
1767653458977,39,200,true,110,110,39
1767653458970,46,200,true,110,110,46
1767653458971,46,200,true,110,110,46
1767653458976,41,200,true,110,110,41
1767653458957,60,200,true,110,110,60
1767653458981,36,200,true,110,110,36
1767653458968,49,200,true,110,110,49
1767653458975,42,200,true,110,110,42
1767653458976,42,200,true,110,110,42
1767653458978,40,200,true,110,110,40
1767653458979,39,200,true,110,110,39
1767653458980,43,200,true,110,110,43
1767653458975,49,200,true,110,110,49
1767653458977,47,200,true,110,110,47
1767653458979,45,200,true,110,110,45
1767653458990,34,200,true,110,110,34
1767653458968,56,200,true,110,110,56
1767653458980,44,200,true,110,110,44
1767653458967,58,200,true,110,110,58
1767653458990,36,200,true,110,110,36
1767653458995,34,200,true,110,110,34
1767653458992,37,200,true,110,110,37
1767653458995,34,200,true,110,110,34
1767653458978,51,200,true,110,110,51
1767653458992,37,200,true,110,110,37
1767653458991,38,200,true,110,110,38
1767653459005,25,200,true,110,110,25
1767653458992,38,200,true,110,110,38
1767653458989,41,200,true,110,110,41
1767653458990,40,200,true,110,110,40
1767653458992,38,200,true,110,110,38
1767653458992,38,200,true,110,110,37
1767653458995,35,200,true,110,110,35
1767653458991,39,200,true,110,110,39
1767653458995,35,200,true,110,110,35
1767653459005,25,200,true,110,110,25
1767653458992,38,200,true,110,110,38
1767653458981,49,200,true,110,110,49
1767653458987,44,200,true,110,110,44
1767653458985,46,200,true,110,110,46
1767653459004,27,200,true,110,110,27
1767653458992,39,200,true,110,110,39
1767653458985,46,200,true,110,110,46
1767653458991,40,200,true,110,110,40
1767653458992,39,200,true,110,110,39
1767653458993,39,200,true,110,110,39
1767653458995,40,200,true,110,110,40
1767653458995,40,200,true,110,110,40
1767653458992,45,200,true,110,110,45
1767653459008,30,200,true,110,110,30
1767653458985,54,200,true,110,110,54
1767653459005,35,200,true,110,110,35
1767653459004,37,200,true,110,110,37
1767653459001,40,200,true,110,110,40
1767653459004,37,200,true,110,110,37
1767653458985,57,200,true,110,110,57
1767653459005,37,200,true,110,110,37
1767653458995,47,200,true,110,110,47
1767653459005,37,200,true,110,110,37
1767653459003,40,200,true,110,110,40
1767653459005,38,200,true,110,110,38
1767653459004,39,200,true,110,110,39
1767653459004,43,200,true,110,110,43
1767653458993,54,200,true,110,110,54
1767653459005,43,200,true,110,110,43
1767653459005,44,200,true,110,110,44
1767653459005,44,200,true,110,110,44
1767653459002,47,200,true,110,110,47
1767653459004,45,200,true,110,110,45
1767653458981,69,200,true,110,110,69
1767653458993,57,200,true,110,110,57
1767653459010,40,200,true,110,110,40
1767653459003,47,200,true,110,110,47
1767653459010,40,200,true,110,110,40
1767653459005,45,200,true,110,110,45
1767653458985,65,200,true,110,110,65
1767653459003,47,200,true,110,110,47
1767653459011,40,200,true,110,110,39
1767653459014,37,200,true,110,110,37
1767653459016,35,200,true,110,110,35
1767653459015,36,200,true,110,110,36
1767653459015,37,200,true,110,110,37
1767653459016,36,200,true,110,110,36
1767653459009,43,200,true,110,110,43
1767653459005,47,200,true,110,110,47
1767653458996,57,200,true,110,110,57
1767653459013,41,200,true,110,110,41
1767653458990,64,200,true,110,110,64
1767653459030,26,200,true,110,110,26
1767653459016,40,200,true,110,110,40
1767653459017,39,200,true,110,110,39
1767653459017,40,200,true,110,110,40
1767653459025,32,200,true,110,110,32
1767653459012,45,200,true,110,110,45
1767653459015,42,200,true,110,110,42
1767653459015,42,200,true,110,110,42
1767653459016,41,200,true,110,110,41
1767653459030,27,200,true,110,110,27
1767653459026,31,200,true,110,110,31
1767653459024,33,200,true,110,110,33
1767653459017,40,200,true,110,110,40
1767653459029,28,200,true,110,110,28
1767653459018,39,200,true,110,110,39
1767653459029,28,200,true,110,110,28
1767653459014,43,200,true,110,110,43
1767653459032,25,200,true,110,110,25
1767653459016,41,200,true,110,110,41
1767653459014,43,200,true,110,110,43
1767653459029,28,200,true,110,110,28
1767653459015,43,200,true,110,110,43
1767653459030,28,200,true,110,110,28
1767653459016,42,200,true,110,110,42
1767653459013,45,200,true,110,110,45
1767653459010,48,200,true,110,110,48
1767653459013,45,200,true,110,110,45
1767653459011,47,200,true,110,110,47
1767653459017,41,200,true,110,110,41
1767653459029,29,200,true,110,110,29
1767653459013,45,200,true,110,110,45
1767653459012,46,200,true,110,110,46
1767653459013,45,200,true,110,110,45
1767653459018,40,200,true,110,110,40
1767653459031,27,200,true,110,110,27
1767653459030,28,200,true,110,110,28
1767653459030,28,200,true,110,110,28
1767653459010,48,200,true,110,110,48
1767653459024,35,200,true,110,110,35
1767653459017,42,200,true,110,110,42
1767653459024,35,200,true,110,110,35
1767653459017,42,200,true,110,110,42
1767653459013,46,200,true,110,110,46
1767653459015,44,200,true,110,110,44
1767653459013,46,200,true,110,110,46
1767653459025,34,200,true,110,110,34
1767653459013,46,200,true,110,110,46
1767653459030,29,200,true,110,110,29
1767653459016,43,200,true,110,110,43
1767653459024,35,200,true,110,110,35
1767653459023,36,200,true,110,110,36
1767653459030,29,200,true,110,110,29
1767653459018,42,200,true,110,110,42
1767653459024,36,200,true,110,110,36
1767653459030,30,200,true,110,110,30
1767653459030,31,200,true,110,110,31
1767653459031,30,200,true,110,110,30
1767653459040,21,200,true,110,110,21
1767653459041,20,200,true,110,110,20
1767653459035,26,200,true,110,110,26
1767653459042,19,200,true,110,110,19
1767653459041,21,200,true,110,110,21
1767653459030,32,200,true,110,110,32
1767653459039,23,200,true,110,110,23
1767653459042,20,200,true,110,110,20
1767653459029,33,200,true,110,110,33
1767653459031,31,200,true,110,110,31
1767653459042,20,200,true,110,110,20
1767653459042,20,200,true,110,110,20
1767653459030,32,200,true,110,110,32
1767653459031,32,200,true,110,110,32
1767653459029,34,200,true,110,110,33
1767653459041,22,200,true,110,110,22
1767653459035,28,200,true,110,110,28
1767653459037,26,200,true,110,110,25
1767653459031,33,200,true,110,110,33
1767653459030,34,200,true,110,110,34
1767653459031,34,200,true,110,110,34
1767653459031,36,200,true,110,110,36
1767653459016,51,200,true,110,110,51
1767653459038,29,200,true,110,110,29
1767653459043,33,200,true,110,110,33
1767653459050,26,200,true,110,110,26
1767653459050,27,200,true,110,110,27
1767653459050,27,200,true,110,110,27
1767653459049,28,200,true,110,110,28
1767653459047,30,200,true,110,110,30
1767653459049,30,200,true,110,110,30
1767653459050,29,200,true,110,110,29
1767653459050,29,200,true,110,110,29
1767653459057,23,200,true,110,110,23
1767653459047,34,200,true,110,110,34
1767653459043,39,200,true,110,110,39
1767653459050,32,200,true,110,110,32
1767653459043,43,200,true,110,110,42
1767653459059,31,200,true,110,110,31
1767653459057,33,200,true,110,110,33
1767653459057,33,200,true,110,110,33
1767653459051,39,200,true,110,110,39
1767653459062,28,200,true,110,110,28
1767653459058,32,200,true,110,110,32
1767653459052,38,200,true,110,110,38
1767653459052,39,200,true,110,110,38
1767653459057,34,200,true,110,110,34
1767653459058,33,200,true,110,110,33
1767653459057,34,200,true,110,110,34
1767653459058,33,200,true,110,110,33
1767653459051,40,200,true,110,110,40
1767653459057,34,200,true,110,110,34
1767653459057,34,200,true,110,110,34
1767653459061,30,200,true,110,110,30
1767653459057,34,200,true,110,110,34
1767653459058,33,200,true,110,110,33
1767653459059,33,200,true,110,110,33
1767653459057,35,200,true,110,110,35
1767653459057,35,200,true,110,110,35
1767653459063,29,200,true,110,110,29
1767653459057,35,200,true,110,110,35
1767653459058,34,200,true,110,110,34
1767653459058,34,200,true,110,110,34
1767653459059,33,200,true,110,110,33
1767653459054,38,200,true,110,110,38
1767653459057,36,200,true,110,110,36
1767653459059,34,200,true,110,110,34
1767653459059,34,200,true,110,110,34
1767653459058,35,200,true,110,110,35
1767653459052,41,200,true,110,110,41
1767653459058,36,200,true,110,110,36
1767653459059,35,200,true,110,110,35
1767653459058,36,200,true,110,110,36
1767653459056,38,200,true,110,110,38
1767653459059,35,200,true,110,110,35
1767653459057,38,200,true,110,110,38
1767653459052,44,200,true,110,110,44
1767653459058,39,200,true,110,110,39
1767653459061,42,200,true,110,110,42
1767653459048,55,200,true,110,110,55
1767653459058,46,200,true,110,110,46
1767653459060,44,200,true,110,110,44
1767653459057,47,200,true,110,110,47
1767653459050,54,200,true,110,110,54
1767653459062,42,200,true,110,110,42
1767653459064,40,200,true,110,110,40
1767653459050,54,200,true,110,110,54
1767653459058,47,200,true,110,110,47
1767653459054,51,200,true,110,110,51
1767653459051,54,200,true,110,110,54
1767653459050,55,200,true,110,110,55
1767653459059,46,200,true,110,110,46
1767653459053,52,200,true,110,110,52
1767653459076,30,200,true,110,110,30
1767653459057,49,200,true,110,110,49
1767653459059,47,200,true,110,110,47
1767653459057,49,200,true,110,110,49
1767653459059,47,200,true,110,110,47
1767653459067,39,200,true,110,110,39
1767653459062,44,200,true,110,110,44
1767653459063,43,200,true,110,110,43
1767653459063,43,200,true,110,110,43
1767653459060,46,200,true,110,110,46
1767653459059,47,200,true,110,110,47
1767653459059,48,200,true,110,110,48
1767653459065,42,200,true,110,110,42
1767653459058,49,200,true,110,110,49
1767653459061,46,200,true,110,110,46
1767653459058,49,200,true,110,110,49
1767653459056,51,200,true,110,110,51
1767653459058,49,200,true,110,110,49
1767653459059,48,200,true,110,110,48
1767653459062,45,200,true,110,110,45
1767653459051,57,200,true,110,110,57
1767653459057,51,200,true,110,110,51
1767653459063,45,200,true,110,110,45
1767653459077,31,200,true,110,110,31
1767653459061,47,200,true,110,110,47
1767653459067,41,200,true,110,110,41
1767653459060,48,200,true,110,110,48
1767653459049,59,200,true,110,110,59
1767653459091,38,200,true,110,110,38
1767653459086,43,200,true,110,110,43
1767653459062,67,200,true,110,110,67
1767653459091,38,200,true,110,110,38
1767653459105,24,200,true,110,110,24
1767653459062,67,200,true,110,110,67
1767653459079,50,200,true,110,110,50
1767653459092,37,200,true,110,110,37
1767653459106,23,200,true,110,110,23
1767653459092,37,200,true,110,110,37
1767653459093,36,200,true,110,110,36
1767653459092,37,200,true,110,110,37
1767653459092,37,200,true,110,110,37
1767653459062,67,200,true,110,110,67
1767653459092,37,200,true,110,110,37
1767653459058,71,200,true,110,110,71
1767653459059,71,200,true,110,110,71
1767653459092,38,200,true,110,110,38
1767653459093,37,200,true,110,110,37
1767653459090,40,200,true,110,110,40
1767653459061,69,200,true,110,110,69
1767653459092,38,200,true,110,110,38
1767653459091,39,200,true,110,110,39
1767653459093,37,200,true,110,110,37
1767653459091,39,200,true,110,110,39
1767653459093,37,200,true,110,110,37
1767653459092,38,200,true,110,110,38
1767653459096,34,200,true,110,110,34
1767653459091,40,200,true,110,110,40
1767653459057,74,200,true,110,110,74
1767653459090,41,200,true,110,110,41
1767653459092,39,200,true,110,110,38
1767653459063,68,200,true,110,110,68
1767653459082,49,200,true,110,110,49
1767653459090,41,200,true,110,110,41
1767653459093,38,200,true,110,110,38
1767653459064,67,200,true,110,110,67
1767653459076,55,200,true,110,110,55
1767653459090,41,200,true,110,110,41
1767653459081,50,200,true,110,110,50
1767653459062,69,200,true,110,110,69
1767653459063,69,200,true,110,110,69
1767653459079,53,200,true,110,110,53
1767653459104,28,200,true,110,110,28
1767653459091,41,200,true,110,110,41
1767653459104,28,200,true,110,110,28
1767653459092,40,200,true,110,110,40
1767653459077,55,200,true,110,110,55
1767653459061,71,200,true,110,110,71
1767653459091,41,200,true,110,110,41
1767653459091,41,200,true,110,110,41
1767653459090,42,200,true,110,110,42
1767653459090,43,200,true,110,110,43
1767653459067,66,200,true,110,110,66
1767653459092,41,200,true,110,110,41
1767653459079,54,200,true,110,110,54
1767653459077,56,200,true,110,110,56
1767653459058,75,200,true,110,110,75
1767653459082,51,200,true,110,110,51
1767653459090,43,200,true,110,110,43
1767653459091,43,200,true,110,110,43
1767653459105,29,200,true,110,110,29
1767653459104,30,200,true,110,110,30
1767653459097,37,200,true,110,110,37
1767653459095,39,200,true,110,110,39
1767653459105,29,200,true,110,110,29
1767653459094,40,200,true,110,110,40
1767653459058,76,200,true,110,110,76
1767653459094,40,200,true,110,110,40
1767653459104,30,200,true,110,110,30
1767653459105,29,200,true,110,110,29
1767653459106,28,200,true,110,110,28
1767653459094,40,200,true,110,110,40
1767653459094,41,200,true,110,110,41
1767653459080,55,200,true,110,110,55
1767653459105,30,200,true,110,110,30
1767653459108,27,200,true,110,110,27
1767653459108,27,200,true,110,110,27
1767653459108,27,200,true,110,110,27
1767653459107,29,200,true,110,110,29
1767653459107,29,200,true,110,110,29
1767653459106,30,200,true,110,110,30
1767653459107,29,200,true,110,110,29
1767653459104,32,200,true,110,110,32
1767653459107,29,200,true,110,110,29
1767653459108,28,200,true,110,110,28
1767653459104,32,200,true,110,110,32
1767653459106,31,200,true,110,110,30
1767653459077,60,200,true,110,110,60
1767653459106,31,200,true,110,110,31
1767653459106,31,200,true,110,110,31
1767653459106,31,200,true,110,110,31
1767653459106,35,200,true,110,110,35
1767653459107,34,200,true,110,110,34
1767653459108,33,200,true,110,110,33
1767653459108,33,200,true,110,110,33
1767653459107,34,200,true,110,110,34
1767653459108,33,200,true,110,110,27
1767653459106,35,200,true,110,110,35
1767653459108,33,200,true,110,110,33
1767653459107,35,200,true,110,110,35
1767653459106,36,200,true,110,110,36
1767653459103,39,200,true,110,110,39
1767653459104,38,200,true,110,110,38
1767653459094,48,200,true,110,110,48
1767653459108,34,200,true,110,110,29
1767653459106,36,200,true,110,110,36
1767653459104,39,200,true,110,110,33
1767653459107,37,200,true,110,110,37
1767653459106,39,200,true,110,110,39
1767653459131,24,200,true,110,110,24
1767653459132,23,200,true,110,110,23
1767653459129,26,200,true,110,110,26
1767653459131,24,200,true,110,110,24
1767653459130,25,200,true,110,110,25
1767653459129,27,200,true,110,110,27
1767653459130,26,200,true,110,110,26
1767653459130,26,200,true,110,110,26
1767653459132,24,200,true,110,110,24
1767653459132,24,200,true,110,110,24
1767653459130,26,200,true,110,110,26
1767653459130,27,200,true,110,110,27
1767653459131,26,200,true,110,110,26
1767653459130,27,200,true,110,110,27
1767653459129,28,200,true,110,110,28
1767653459130,27,200,true,110,110,27
1767653459129,28,200,true,110,110,28
1767653459131,28,200,true,110,110,28
1767653459131,28,200,true,110,110,28
1767653459131,28,200,true,110,110,28
1767653459131,29,200,true,110,110,29
1767653459131,29,200,true,110,110,29
1767653459129,31,200,true,110,110,31
1767653459132,29,200,true,110,110,29
1767653459132,29,200,true,110,110,29
1767653459130,31,200,true,110,110,31
1767653459129,32,200,true,110,110,32
1767653459131,30,200,true,110,110,30
1767653459130,31,200,true,110,110,31
1767653459130,32,200,true,110,110,32
1767653459130,32,200,true,110,110,32
1767653459132,30,200,true,110,110,30
1767653459129,34,200,true,110,110,34
1767653459133,30,200,true,110,110,30
1767653459131,32,200,true,110,110,32
1767653459132,31,200,true,110,110,31
1767653459129,34,200,true,110,110,34
1767653459134,29,200,true,110,110,29
1767653459131,32,200,true,110,110,32
1767653459130,34,200,true,110,110,32
1767653459129,36,200,true,110,110,35
1767653459129,36,200,true,110,110,35
1767653459133,34,200,true,110,110,34
1767653459133,34,200,true,110,110,34
1767653459132,36,200,true,110,110,36
1767653459133,35,200,true,110,110,35
1767653459133,35,200,true,110,110,35
1767653459132,36,200,true,110,110,36
1767653459132,36,200,true,110,110,36
1767653459129,39,200,true,110,110,39
1767653459132,36,200,true,110,110,36
1767653459129,40,200,true,110,110,40
1767653459129,40,200,true,110,110,40
1767653459133,36,200,true,110,110,36
1767653459133,36,200,true,110,110,36
1767653459129,40,200,true,110,110,40
1767653459129,44,200,true,110,110,44
1767653459129,44,200,true,110,110,44
1767653459131,42,200,true,110,110,42
1767653459141,41,200,true,110,110,41
1767653459141,41,200,true,110,110,41
1767653459142,41,200,true,110,110,40
1767653459136,47,200,true,110,110,47
1767653459134,52,200,true,110,110,50
1767653459134,52,200,true,110,110,52
1767653459134,53,200,true,110,110,52
1767653459135,52,200,true,110,110,52
1767653459135,52,200,true,110,110,52
1767653459132,56,200,true,110,110,56
1767653459141,47,200,true,110,110,47
1767653459134,54,200,true,110,110,54
1767653459134,54,200,true,110,110,54
1767653459134,54,200,true,110,110,54
1767653459134,54,200,true,110,110,54
1767653459134,55,200,true,110,110,55
1767653459157,32,200,true,110,110,32
1767653459137,52,200,true,110,110,52
1767653459156,33,200,true,110,110,33
1767653459155,34,200,true,110,110,34
1767653459136,53,200,true,110,110,53
1767653459157,32,200,true,110,110,32
1767653459141,48,200,true,110,110,48
1767653459136,53,200,true,110,110,53
1767653459134,55,200,true,110,110,55
1767653459156,34,200,true,110,110,34
1767653459145,45,200,true,110,110,45
1767653459134,56,200,true,110,110,56
1767653459142,48,200,true,110,110,48
1767653459144,46,200,true,110,110,46
1767653459136,54,200,true,110,110,54
1767653459142,48,200,true,110,110,48
1767653459141,49,200,true,110,110,49
1767653459155,35,200,true,110,110,35
1767653459141,50,200,true,110,110,50
1767653459156,35,200,true,110,110,35
1767653459142,49,200,true,110,110,49
1767653459134,57,200,true,110,110,57
1767653459156,35,200,true,110,110,35
1767653459141,50,200,true,110,110,50
1767653459155,36,200,true,110,110,36
1767653459135,57,200,true,110,110,57
1767653459135,57,200,true,110,110,57
1767653459135,58,200,true,110,110,58
1767653459136,57,200,true,110,110,57
1767653459136,58,200,true,110,110,58
1767653459137,57,200,true,110,110,57
1767653459136,58,200,true,110,110,58
1767653459137,57,200,true,110,110,57
1767653459137,57,200,true,110,110,57
1767653459135,59,200,true,110,110,59
1767653459134,61,200,true,110,110,61
1767653459142,53,200,true,110,110,53
1767653459142,53,200,true,110,110,53
1767653459142,53,200,true,110,110,53
1767653459141,54,200,true,110,110,54
1767653459137,58,200,true,110,110,54
1767653459136,59,200,true,110,110,59
1767653459134,61,200,true,110,110,61
1767653459155,40,200,true,110,110,40
1767653459183,14,200,true,110,110,14
1767653459157,41,200,true,110,110,41
1767653459173,27,200,true,110,110,27
1767653459163,37,200,true,110,110,37
1767653459169,32,200,true,110,110,32
1767653459183,18,200,true,110,110,18
1767653459163,40,200,true,110,110,40
1767653459159,44,200,true,110,110,44
1767653459161,43,200,true,110,110,43
1767653459168,36,200,true,110,110,36
1767653459161,43,200,true,110,110,43
1767653459173,31,200,true,110,110,31
1767653459163,42,200,true,110,110,41
1767653459155,51,200,true,110,110,51
1767653459156,50,200,true,110,110,50
1767653459161,45,200,true,110,110,45
1767653459165,41,200,true,110,110,41
1767653459161,46,200,true,110,110,45
1767653459162,46,200,true,110,110,46
1767653459168,40,200,true,110,110,40
1767653459159,49,200,true,110,110,49
1767653459162,47,200,true,110,110,46
1767653459160,49,200,true,110,110,48
1767653459157,52,200,true,110,110,52
1767653459157,53,200,true,110,110,52
1767653459168,42,200,true,110,110,42
1767653459169,41,200,true,110,110,41
1767653459143,67,200,true,110,110,67
1767653459163,48,200,true,110,110,48
1767653459169,43,200,true,110,110,43
1767653459168,44,200,true,110,110,44
1767653459161,51,200,true,110,110,51
1767653459162,50,200,true,110,110,50
1767653459168,44,200,true,110,110,44
1767653459169,43,200,true,110,110,43
1767653459169,43,200,true,110,110,43
1767653459167,46,200,true,110,110,45
1767653459163,51,200,true,110,110,51
1767653459159,56,200,true,110,110,56
1767653459165,50,200,true,110,110,50
1767653459163,54,200,true,110,110,54
1767653459163,54,200,true,110,110,54
1767653459157,60,200,true,110,110,60
1767653459168,49,200,true,110,110,49
1767653459168,49,200,true,110,110,49
1767653459169,48,200,true,110,110,48
1767653459160,58,200,true,110,110,58
1767653459161,57,200,true,110,110,57
1767653459156,62,200,true,110,110,62
1767653459182,37,200,true,110,110,37
1767653459184,41,200,true,110,110,41
1767653459187,40,200,true,110,110,40
1767653459173,54,200,true,110,110,54
1767653459161,66,200,true,110,110,66
1767653459189,39,200,true,110,110,39
1767653459186,42,200,true,110,110,42
1767653459189,39,200,true,110,110,39
1767653459189,40,200,true,110,110,40
1767653459186,43,200,true,110,110,43
1767653459203,26,200,true,110,110,26
1767653459164,65,200,true,110,110,65
1767653459187,42,200,true,110,110,42
1767653459189,41,200,true,110,110,39
1767653459189,42,200,true,110,110,41
1767653459190,42,200,true,110,110,42
1767653459195,37,200,true,110,110,37
1767653459200,32,200,true,110,110,32
1767653459192,40,200,true,110,110,40
1767653459191,42,200,true,110,110,42
1767653459190,43,200,true,110,110,43
1767653459193,40,200,true,110,110,40
1767653459187,46,200,true,110,110,46
1767653459190,43,200,true,110,110,43
1767653459191,42,200,true,110,110,42
1767653459191,42,200,true,110,110,42
1767653459189,44,200,true,110,110,44
1767653459189,44,200,true,110,110,44
1767653459190,43,200,true,110,110,43
1767653459188,45,200,true,110,110,45
1767653459195,38,200,true,110,110,38
1767653459191,42,200,true,110,110,42
1767653459190,44,200,true,110,110,44
1767653459191,43,200,true,110,110,43
1767653459194,40,200,true,110,110,40
1767653459189,46,200,true,110,110,46
1767653459190,45,200,true,110,110,45
1767653459189,47,200,true,110,110,47
1767653459191,45,200,true,110,110,45
1767653459195,41,200,true,110,110,41
1767653459189,47,200,true,110,110,47
1767653459188,49,200,true,110,110,49
1767653459194,43,200,true,110,110,43
1767653459188,49,200,true,110,110,49
1767653459195,42,200,true,110,110,42
1767653459194,43,200,true,110,110,43
1767653459195,42,200,true,110,110,42
1767653459188,49,200,true,110,110,49
1767653459190,47,200,true,110,110,47
1767653459192,46,200,true,110,110,46
1767653459204,34,200,true,110,110,34
1767653459194,44,200,true,110,110,44
1767653459190,48,200,true,110,110,48
1767653459193,48,200,true,110,110,48
1767653459191,50,200,true,110,110,50
1767653459195,46,200,true,110,110,46
1767653459189,53,200,true,110,110,53
1767653459194,48,200,true,110,110,48
1767653459195,48,200,true,110,110,48
1767653459190,53,200,true,110,110,48
1767653459205,38,200,true,110,110,38
1767653459204,39,200,true,110,110,39
1767653459195,48,200,true,110,110,48
1767653459188,55,200,true,110,110,49
1767653459200,46,200,true,110,110,46
1767653459195,51,200,true,110,110,51
1767653459201,45,200,true,110,110,45
1767653459204,44,200,true,110,110,44
1767653459194,54,200,true,110,110,54
1767653459198,51,200,true,110,110,51
1767653459203,46,200,true,110,110,46
1767653459198,54,200,true,110,110,54
1767653459201,54,200,true,110,110,54
1767653459206,49,200,true,110,110,49
1767653459217,39,200,true,110,110,39
1767653459217,39,200,true,110,110,39
1767653459229,27,200,true,110,110,27
1767653459217,39,200,true,110,110,39
1767653459227,29,200,true,110,110,29
1767653459229,27,200,true,110,110,27
1767653459217,39,200,true,110,110,39
1767653459228,28,200,true,110,110,28
1767653459225,31,200,true,110,110,31
1767653459218,39,200,true,110,110,39
1767653459217,40,200,true,110,110,39
1767653459219,38,200,true,110,110,38
1767653459228,29,200,true,110,110,29
1767653459218,39,200,true,110,110,39
1767653459212,45,200,true,110,110,45
1767653459219,38,200,true,110,110,38
1767653459212,45,200,true,110,110,45
1767653459206,52,200,true,110,110,52
1767653459213,45,200,true,110,110,45
1767653459210,48,200,true,110,110,48
1767653459227,31,200,true,110,110,31
1767653459210,48,200,true,110,110,48
1767653459230,28,200,true,110,110,28
1767653459212,46,200,true,110,110,46
1767653459212,46,200,true,110,110,46
1767653459214,44,200,true,110,110,44
1767653459212,46,200,true,110,110,46
1767653459215,43,200,true,110,110,43
1767653459229,29,200,true,110,110,28
1767653459208,50,200,true,110,110,50
1767653459212,46,200,true,110,110,46
1767653459206,53,200,true,110,110,53
1767653459217,42,200,true,110,110,42
1767653459210,49,200,true,110,110,49
1767653459207,52,200,true,110,110,52
1767653459208,51,200,true,110,110,51
1767653459216,43,200,true,110,110,43
1767653459204,55,200,true,110,110,55
1767653459210,49,200,true,110,110,49
1767653459228,32,200,true,110,110,32
1767653459209,51,200,true,110,110,51
1767653459233,27,200,true,110,110,27
1767653459233,27,200,true,110,110,27
1767653459232,28,200,true,110,110,28
1767653459237,24,200,true,110,110,24
1767653459236,25,200,true,110,110,25
1767653459237,25,200,true,110,110,25
1767653459212,50,200,true,110,110,50
1767653459237,25,200,true,110,110,25
1767653459209,53,200,true,110,110,53
1767653459238,24,200,true,110,110,24
1767653459232,30,200,true,110,110,30
1767653459237,25,200,true,110,110,25
1767653459229,33,200,true,110,110,33
1767653459208,55,200,true,110,110,55
1767653459235,28,200,true,110,110,28
1767653459237,26,200,true,110,110,26
1767653459233,30,200,true,110,110,30
1767653459234,29,200,true,110,110,29
1767653459233,30,200,true,110,110,30
1767653459235,29,200,true,110,110,29
1767653459237,27,200,true,110,110,27
1767653459211,53,200,true,110,110,53
1767653459233,31,200,true,110,110,31
1767653459238,26,200,true,110,110,26
1767653459209,55,200,true,110,110,55
1767653459233,31,200,true,110,110,31
1767653459237,27,200,true,110,110,27
1767653459234,30,200,true,110,110,30
1767653459229,35,200,true,110,110,35
1767653459206,59,200,true,110,110,59
1767653459231,34,200,true,110,110,34
1767653459237,28,200,true,110,110,28
1767653459233,32,200,true,110,110,32
1767653459234,31,200,true,110,110,31
1767653459233,32,200,true,110,110,32
1767653459227,38,200,true,110,110,38
1767653459232,34,200,true,110,110,34
1767653459233,33,200,true,110,110,30
1767653459233,33,200,true,110,110,33
1767653459238,28,200,true,110,110,28
1767653459237,29,200,true,110,110,29
1767653459233,34,200,true,110,110,34
1767653459233,34,200,true,110,110,34
1767653459232,35,200,true,110,110,35
1767653459236,31,200,true,110,110,31
1767653459234,35,200,true,110,110,33
1767653459248,21,200,true,110,110,21
1767653459243,26,200,true,110,110,26
1767653459249,20,200,true,110,110,20
1767653459256,13,200,true,110,110,13
1767653459256,14,200,true,110,110,14
1767653459257,13,200,true,110,110,13
1767653459243,28,200,true,110,110,28
1767653459246,26,200,true,110,110,26
1767653459256,16,200,true,110,110,16
1767653459248,24,200,true,110,110,24
1767653459256,16,200,true,110,110,16
1767653459256,17,200,true,110,110,17
1767653459249,24,200,true,110,110,24
1767653459243,30,200,true,110,110,30
1767653459252,21,200,true,110,110,21
1767653459246,27,200,true,110,110,27
1767653459256,17,200,true,110,110,17
1767653459237,37,200,true,110,110,37
1767653459241,33,200,true,110,110,28
1767653459257,17,200,true,110,110,17
1767653459256,18,200,true,110,110,18
1767653459246,28,200,true,110,110,28
1767653459256,18,200,true,110,110,18
1767653459241,33,200,true,110,110,33
1767653459238,37,200,true,110,110,37
1767653459256,19,200,true,110,110,19
1767653459243,32,200,true,110,110,32
1767653459243,32,200,true,110,110,32
1767653459242,33,200,true,110,110,33
1767653459255,21,200,true,110,110,21
1767653459243,33,200,true,110,110,33
1767653459242,34,200,true,110,110,34
1767653459242,34,200,true,110,110,34
1767653459258,26,200,true,110,110,26
1767653459259,25,200,true,110,110,25
1767653459257,27,200,true,110,110,27
1767653459257,28,200,true,110,110,28
1767653459259,26,200,true,110,110,26
1767653459257,28,200,true,110,110,28
1767653459257,29,200,true,110,110,28
1767653459258,28,200,true,110,110,28
1767653459258,29,200,true,110,110,29
1767653459258,29,200,true,110,110,29
1767653459262,25,200,true,110,110,25
1767653459258,29,200,true,110,110,29
1767653459262,25,200,true,110,110,25
1767653459258,30,200,true,110,110,30
1767653459262,26,200,true,110,110,26
1767653459258,30,200,true,110,110,30
1767653459262,26,200,true,110,110,26
1767653459257,31,200,true,110,110,31
1767653459260,28,200,true,110,110,28
1767653459259,29,200,true,110,110,29
1767653459259,29,200,true,110,110,29
1767653459262,26,200,true,110,110,26
1767653459262,26,200,true,110,110,26
1767653459259,29,200,true,110,110,29
1767653459260,29,200,true,110,110,28
1767653459258,31,200,true,110,110,31
1767653459259,30,200,true,110,110,30
1767653459264,25,200,true,110,110,25
1767653459261,28,200,true,110,110,28
1767653459258,31,200,true,110,110,31
1767653459257,33,200,true,110,110,33
1767653459264,27,200,true,110,110,27
1767653459260,31,200,true,110,110,31
1767653459259,32,200,true,110,110,32
1767653459262,29,200,true,110,110,29
1767653459258,33,200,true,110,110,33
1767653459264,28,200,true,110,110,28
1767653459258,34,200,true,110,110,34
1767653459258,34,200,true,110,110,34
1767653459263,29,200,true,110,110,29
1767653459264,28,200,true,110,110,28
1767653459260,32,200,true,110,110,32
1767653459264,28,200,true,110,110,28
1767653459259,33,200,true,110,110,33
1767653459261,31,200,true,110,110,31
1767653459263,29,200,true,110,110,29
1767653459263,29,200,true,110,110,29
1767653459263,29,200,true,110,110,29
1767653459260,32,200,true,110,110,32
1767653459262,30,200,true,110,110,30
1767653459264,28,200,true,110,110,28
1767653459264,29,200,true,110,110,29
1767653459263,30,200,true,110,110,30
1767653459258,35,200,true,110,110,35
1767653459264,29,200,true,110,110,29
1767653459274,33,200,true,110,110,33
1767653459267,41,200,true,110,110,41
1767653459271,37,200,true,110,110,37
1767653459274,34,200,true,110,110,34
1767653459276,32,200,true,110,110,32
1767653459270,38,200,true,110,110,38
1767653459264,44,200,true,110,110,44
1767653459274,34,200,true,110,110,34
1767653459265,43,200,true,110,110,43
1767653459269,39,200,true,110,110,39
1767653459274,35,200,true,110,110,35
1767653459265,44,200,true,110,110,44
1767653459266,43,200,true,110,110,43
1767653459276,33,200,true,110,110,33
1767653459269,40,200,true,110,110,40
1767653459275,34,200,true,110,110,34
1767653459267,42,200,true,110,110,42
1767653459272,37,200,true,110,110,37
1767653459266,43,200,true,110,110,43
1767653459265,54,200,true,110,110,54
1767653459276,43,200,true,110,110,43
1767653459270,49,200,true,110,110,49
1767653459266,53,200,true,110,110,53
1767653459259,60,200,true,110,110,60
1767653459272,47,200,true,110,110,47
1767653459273,46,200,true,110,110,46
1767653459265,54,200,true,110,110,54
1767653459266,53,200,true,110,110,53
1767653459275,44,200,true,110,110,44
1767653459269,51,200,true,110,110,51
1767653459276,44,200,true,110,110,44
1767653459270,51,200,true,110,110,51
1767653459267,54,200,true,110,110,53
1767653459274,47,200,true,110,110,47
1767653459272,49,200,true,110,110,49
1767653459274,47,200,true,110,110,47
1767653459265,57,200,true,110,110,57
1767653459273,51,200,true,110,110,51
1767653459265,59,200,true,110,110,59
1767653459275,49,200,true,110,110,49
1767653459276,48,200,true,110,110,48
1767653459272,52,200,true,110,110,52
1767653459273,51,200,true,110,110,51
1767653459292,32,200,true,110,110,32
1767653459258,66,200,true,110,110,66
1767653459288,36,200,true,110,110,36
1767653459265,59,200,true,110,110,59
1767653459274,50,200,true,110,110,50
1767653459266,58,200,true,110,110,58
1767653459292,32,200,true,110,110,32
1767653459291,33,200,true,110,110,33
1767653459275,50,200,true,110,110,50
1767653459288,37,200,true,110,110,37
1767653459289,36,200,true,110,110,36
1767653459265,60,200,true,110,110,60
1767653459274,51,200,true,110,110,51
1767653459288,37,200,true,110,110,37
1767653459288,37,200,true,110,110,37
1767653459293,32,200,true,110,110,32
1767653459292,33,200,true,110,110,33
1767653459269,56,200,true,110,110,56
1767653459293,32,200,true,110,110,32
1767653459273,52,200,true,110,110,52
1767653459291,35,200,true,110,110,35
1767653459289,37,200,true,110,110,37
1767653459288,38,200,true,110,110,38
1767653459293,34,200,true,110,110,34
1767653459289,38,200,true,110,110,38
1767653459291,36,200,true,110,110,36
1767653459284,44,200,true,110,110,44
1767653459288,40,200,true,110,110,40
1767653459292,37,200,true,110,110,37
1767653459288,41,200,true,110,110,41
1767653459292,37,200,true,110,110,37
1767653459285,44,200,true,110,110,44
1767653459292,37,200,true,110,110,37
1767653459289,40,200,true,110,110,40
1767653459288,41,200,true,110,110,41
1767653459293,36,200,true,110,110,36
1767653459293,38,200,true,110,110,38
1767653459292,39,200,true,110,110,39
1767653459293,39,200,true,110,110,39
1767653459291,41,200,true,110,110,41
1767653459292,40,200,true,110,110,40
1767653459290,42,200,true,110,110,42
1767653459284,49,200,true,110,110,49
1767653459285,48,200,true,110,110,48
1767653459292,42,200,true,110,110,42
1767653459273,62,200,true,110,110,62
1767653459284,51,200,true,110,110,51
1767653459292,43,200,true,110,110,43
1767653459289,46,200,true,110,110,46
1767653459288,47,200,true,110,110,47
1767653459286,49,200,true,110,110,49
1767653459286,49,200,true,110,110,49
1767653459287,49,200,true,110,110,49
1767653459285,51,200,true,110,110,51
1767653459288,48,200,true,110,110,48
1767653459267,69,200,true,110,110,69
1767653459287,49,200,true,110,110,49
1767653459264,72,200,true,110,110,72
1767653459288,48,200,true,110,110,48
1767653459287,50,200,true,110,110,50
1767653459287,50,200,true,110,110,50
1767653459287,50,200,true,110,110,50
1767653459292,46,200,true,110,110,46
1767653459289,49,200,true,110,110,48
1767653459291,52,200,true,110,110,52
1767653459292,51,200,true,110,110,51
1767653459309,34,200,true,110,110,34
1767653459309,34,200,true,110,110,34
1767653459309,40,200,true,110,110,40
1767653459292,58,200,true,110,110,58
1767653459308,42,200,true,110,110,42
1767653459308,42,200,true,110,110,42
1767653459309,42,200,true,110,110,42
1767653459308,43,200,true,110,110,43
1767653459321,32,200,true,110,110,32
1767653459327,26,200,true,110,110,26
1767653459326,28,200,true,110,110,28
1767653459308,47,200,true,110,110,47
1767653459325,30,200,true,110,110,30
1767653459320,35,200,true,110,110,35
1767653459325,31,200,true,110,110,31
1767653459319,37,200,true,110,110,37
1767653459321,36,200,true,110,110,36
1767653459325,32,200,true,110,110,32
1767653459325,32,200,true,110,110,32
1767653459325,33,200,true,110,110,33
1767653459324,34,200,true,110,110,33
1767653459321,37,200,true,110,110,37
1767653459326,32,200,true,110,110,32
1767653459327,31,200,true,110,110,31
1767653459309,49,200,true,110,110,49
1767653459324,34,200,true,110,110,34
1767653459325,34,200,true,110,110,33
1767653459324,35,200,true,110,110,35
1767653459325,34,200,true,110,110,34
1767653459319,40,200,true,110,110,40
1767653459324,35,200,true,110,110,35
1767653459321,38,200,true,110,110,38
1767653459319,40,200,true,110,110,40
1767653459320,39,200,true,110,110,38
1767653459324,35,200,true,110,110,35
1767653459322,37,200,true,110,110,37
1767653459319,40,200,true,110,110,40
1767653459325,34,200,true,110,110,34
1767653459325,35,200,true,110,110,35
1767653459309,51,200,true,110,110,51
1767653459327,33,200,true,110,110,33
1767653459308,52,200,true,110,110,52
1767653459309,51,200,true,110,110,51
1767653459308,52,200,true,110,110,52
1767653459308,52,200,true,110,110,52
1767653459309,52,200,true,110,110,51
1767653459309,53,200,true,110,110,53
1767653459308,54,200,true,110,110,54
1767653459308,54,200,true,110,110,52
1767653459325,37,200,true,110,110,37
1767653459324,38,200,true,110,110,38
1767653459338,24,200,true,110,110,24
1767653459321,41,200,true,110,110,41
1767653459324,38,200,true,110,110,38
1767653459319,44,200,true,110,110,44
1767653459330,33,200,true,110,110,33
1767653459329,34,200,true,110,110,34
1767653459324,39,200,true,110,110,39
1767653459329,34,200,true,110,110,34
1767653459335,28,200,true,110,110,28
1767653459326,37,200,true,110,110,37
1767653459333,30,200,true,110,110,30
1767653459338,25,200,true,110,110,25
1767653459324,39,200,true,110,110,39
1767653459329,35,200,true,110,110,35
1767653459325,39,200,true,110,110,39
1767653459320,44,200,true,110,110,44
1767653459308,56,200,true,110,110,53
1767653459336,28,200,true,110,110,28
1767653459319,45,200,true,110,110,45
1767653459324,40,200,true,110,110,40
1767653459332,32,200,true,110,110,32
1767653459336,28,200,true,110,110,28
1767653459324,40,200,true,110,110,40
1767653459336,28,200,true,110,110,28
1767653459324,40,200,true,110,110,40
1767653459337,27,200,true,110,110,27
1767653459329,36,200,true,110,110,35
1767653459319,46,200,true,110,110,46
1767653459329,36,200,true,110,110,36
1767653459343,22,200,true,110,110,22
1767653459332,33,200,true,110,110,33
1767653459325,40,200,true,110,110,40
1767653459324,42,200,true,110,110,42
1767653459324,42,200,true,110,110,42
1767653459336,30,200,true,110,110,30
1767653459334,32,200,true,110,110,32
1767653459319,47,200,true,110,110,47
1767653459335,31,200,true,110,110,31
1767653459331,35,200,true,110,110,35
1767653459349,17,200,true,110,110,17
1767653459319,47,200,true,110,110,47
1767653459335,31,200,true,110,110,31
1767653459337,30,200,true,110,110,30
1767653459335,32,200,true,110,110,32
1767653459335,32,200,true,110,110,32
1767653459332,35,200,true,110,110,35
1767653459331,36,200,true,110,110,36
1767653459343,24,200,true,110,110,24
1767653459343,24,200,true,110,110,24
1767653459335,33,200,true,110,110,33
1767653459336,32,200,true,110,110,32
1767653459329,39,200,true,110,110,39
1767653459337,31,200,true,110,110,31
1767653459329,40,200,true,110,110,40
1767653459336,33,200,true,110,110,33
1767653459334,35,200,true,110,110,35
1767653459350,19,200,true,110,110,19
1767653459335,34,200,true,110,110,34
1767653459336,33,200,true,110,110,33
1767653459350,20,200,true,110,110,20
1767653459329,41,200,true,110,110,41
1767653459332,38,200,true,110,110,38
1767653459351,21,200,true,110,110,21
1767653459329,43,200,true,110,110,43
1767653459343,31,200,true,110,110,31
1767653459355,20,200,true,110,110,20
1767653459350,25,200,true,110,110,25
1767653459351,24,200,true,110,110,24
1767653459364,18,200,true,110,110,18
1767653459363,19,200,true,110,110,19
1767653459364,30,200,true,110,110,30
1767653459359,35,200,true,110,110,35
1767653459362,32,200,true,110,110,32
1767653459363,31,200,true,110,110,31
1767653459355,39,200,true,110,110,39
1767653459360,34,200,true,110,110,34
1767653459362,32,200,true,110,110,32
1767653459357,37,200,true,110,110,37
1767653459355,39,200,true,110,110,39
1767653459364,30,200,true,110,110,30
1767653459360,34,200,true,110,110,34
1767653459358,36,200,true,110,110,36
1767653459358,36,200,true,110,110,36
1767653459358,36,200,true,110,110,36
1767653459358,36,200,true,110,110,36
1767653459359,36,200,true,110,110,36
1767653459359,40,200,true,110,110,40
1767653459357,42,200,true,110,110,42
1767653459360,39,200,true,110,110,35
1767653459357,42,200,true,110,110,42
1767653459362,38,200,true,110,110,38
1767653459356,44,200,true,110,110,44
1767653459353,47,200,true,110,110,47
1767653459359,41,200,true,110,110,41
1767653459363,37,200,true,110,110,37
1767653459360,41,200,true,110,110,41
1767653459359,45,200,true,110,110,45
1767653459363,42,200,true,110,110,42
1767653459359,46,200,true,110,110,46
1767653459360,45,200,true,110,110,45
1767653459358,48,200,true,110,110,48
1767653459358,48,200,true,110,110,48
1767653459359,47,200,true,110,110,47
1767653459358,49,200,true,110,110,49
1767653459364,43,200,true,110,110,43
1767653459360,48,200,true,110,110,48
1767653459353,55,200,true,110,110,55
1767653459366,42,200,true,110,110,42
1767653459359,49,200,true,110,110,49
1767653459359,49,200,true,110,110,49
1767653459356,52,200,true,110,110,52
1767653459365,43,200,true,110,110,43
1767653459354,54,200,true,110,110,54
1767653459365,43,200,true,110,110,43
1767653459369,39,200,true,110,110,39
1767653459364,45,200,true,110,110,45
1767653459364,45,200,true,110,110,45
1767653459364,45,200,true,110,110,45
1767653459365,44,200,true,110,110,44
1767653459361,48,200,true,110,110,48
1767653459366,45,200,true,110,110,45
1767653459364,48,200,true,110,110,48
1767653459360,52,200,true,110,110,52
1767653459365,47,200,true,110,110,47
1767653459362,51,200,true,110,110,51
1767653459362,51,200,true,110,110,51
1767653459364,49,200,true,110,110,49
1767653459364,50,200,true,110,110,50
1767653459359,55,200,true,110,110,55
1767653459366,49,200,true,110,110,49
1767653459368,53,200,true,110,110,53
1767653459362,59,200,true,110,110,59
1767653459375,47,200,true,110,110,46
1767653459369,53,200,true,110,110,53
1767653459372,50,200,true,110,110,50
1767653459375,47,200,true,110,110,47
1767653459382,40,200,true,110,110,40
1767653459368,54,200,true,110,110,54
1767653459367,55,200,true,110,110,55
1767653459382,40,200,true,110,110,40
1767653459366,57,200,true,110,110,57
1767653459374,49,200,true,110,110,49
1767653459368,55,200,true,110,110,55
1767653459366,58,200,true,110,110,58
1767653459369,55,200,true,110,110,55
1767653459367,57,200,true,110,110,57
1767653459370,54,200,true,110,110,54
1767653459369,55,200,true,110,110,55
1767653459375,49,200,true,110,110,49
1767653459367,58,200,true,110,110,58
1767653459366,59,200,true,110,110,59
1767653459362,63,200,true,110,110,63
1767653459372,53,200,true,110,110,53
1767653459369,56,200,true,110,110,56
1767653459364,61,200,true,110,110,61
1767653459364,62,200,true,110,110,62
1767653459367,59,200,true,110,110,59
1767653459362,64,200,true,110,110,64
1767653459363,63,200,true,110,110,63
1767653459366,60,200,true,110,110,60
1767653459366,60,200,true,110,110,60
1767653459365,61,200,true,110,110,61
1767653459360,67,200,true,110,110,67
1767653459363,64,200,true,110,110,64
1767653459364,63,200,true,110,110,61
1767653459368,59,200,true,110,110,59
1767653459364,63,200,true,110,110,63
1767653459359,68,200,true,110,110,68
1767653459364,64,200,true,110,110,64
1767653459370,58,200,true,110,110,58
1767653459367,61,200,true,110,110,61
1767653459399,30,200,true,110,110,30
1767653459367,62,200,true,110,110,62
1767653459399,30,200,true,110,110,30
1767653459365,64,200,true,110,110,64
1767653459366,63,200,true,110,110,63
1767653459363,66,200,true,110,110,66
1767653459394,35,200,true,110,110,35
1767653459399,30,200,true,110,110,30
1767653459405,24,200,true,110,110,24
1767653459367,62,200,true,110,110,62
1767653459394,35,200,true,110,110,35
1767653459400,29,200,true,110,110,29
1767653459394,35,200,true,110,110,35
1767653459370,60,200,true,110,110,60
1767653459407,23,200,true,110,110,23
1767653459405,25,200,true,110,110,25
1767653459366,64,200,true,110,110,64
1767653459405,26,200,true,110,110,26
1767653459401,30,200,true,110,110,30
1767653459407,24,200,true,110,110,24
1767653459401,30,200,true,110,110,30
1767653459408,23,200,true,110,110,23
1767653459394,37,200,true,110,110,37
1767653459394,38,200,true,110,110,38
1767653459399,33,200,true,110,110,33
1767653459394,38,200,true,110,110,38
1767653459369,63,200,true,110,110,63
1767653459394,38,200,true,110,110,38
1767653459408,24,200,true,110,110,24
1767653459404,28,200,true,110,110,28
1767653459394,38,200,true,110,110,38
1767653459394,39,200,true,110,110,39
1767653459394,39,200,true,110,110,39
1767653459394,39,200,true,110,110,39
1767653459394,39,200,true,110,110,39
1767653459408,25,200,true,110,110,25
1767653459363,70,200,true,110,110,65
1767653459409,24,200,true,110,110,24
1767653459395,38,200,true,110,110,38
1767653459409,24,200,true,110,110,24
1767653459422,12,200,true,110,110,12
1767653459413,21,200,true,110,110,21
1767653459423,11,200,true,110,110,11
1767653459408,26,200,true,110,110,26
1767653459394,40,200,true,110,110,40
1767653459422,13,200,true,110,110,13
1767653459415,20,200,true,110,110,20
1767653459421,14,200,true,110,110,14
1767653459413,22,200,true,110,110,22
1767653459411,24,200,true,110,110,24
1767653459409,26,200,true,110,110,26
1767653459408,27,200,true,110,110,27
1767653459409,26,200,true,110,110,26
1767653459408,28,200,true,110,110,28
1767653459400,36,200,true,110,110,36
1767653459413,24,200,true,110,110,24
1767653459422,15,200,true,110,110,15
1767653459422,15,200,true,110,110,15
1767653459414,24,200,true,110,110,23
1767653459413,25,200,true,110,110,25
1767653459422,16,200,true,110,110,16
1767653459422,18,200,true,110,110,18
1767653459421,19,200,true,110,110,19
1767653459408,32,200,true,110,110,32
1767653459423,17,200,true,110,110,17
1767653459414,26,200,true,110,110,26
1767653459413,27,200,true,110,110,22
1767653459409,31,200,true,110,110,31
1767653459422,18,200,true,110,110,18
1767653459408,33,200,true,110,110,33
1767653459414,27,200,true,110,110,27
1767653459400,41,200,true,110,110,32
1767653459406,35,200,true,110,110,35
1767653459409,32,200,true,110,110,32
1767653459400,41,200,true,110,110,41
1767653459422,19,200,true,110,110,19
1767653459406,36,200,true,110,110,36
1767653459408,34,200,true,110,110,24
1767653459394,48,200,true,110,110,48
1767653459425,18,200,true,110,110,18
1767653459427,16,200,true,110,110,16
1767653459406,37,200,true,110,110,37
1767653459424,19,200,true,110,110,19
1767653459394,49,200,true,110,110,49
1767653459426,17,200,true,110,110,17
1767653459424,20,200,true,110,110,20
1767653459425,20,200,true,110,110,20
1767653459429,17,200,true,110,110,17
1767653459425,21,200,true,110,110,20
1767653459429,18,200,true,110,110,18
1767653459426,21,200,true,110,110,21
1767653459427,20,200,true,110,110,20
1767653459425,23,200,true,110,110,23
1767653459429,20,200,true,110,110,20
1767653459425,24,200,true,110,110,24
1767653459424,25,200,true,110,110,25
1767653459426,23,200,true,110,110,23
1767653459426,24,200,true,110,110,24
1767653459424,26,200,true,110,110,26
1767653459424,27,200,true,110,110,27
1767653459427,24,200,true,110,110,24
1767653459425,30,200,true,110,110,30
1767653459429,26,200,true,110,110,26
1767653459427,28,200,true,110,110,28
1767653459428,27,200,true,110,110,27
1767653459435,20,200,true,110,110,20
1767653459429,26,200,true,110,110,26
1767653459429,26,200,true,110,110,26
1767653459429,26,200,true,110,110,26
1767653459424,31,200,true,110,110,31
1767653459429,26,200,true,110,110,26
1767653459427,28,200,true,110,110,28
1767653459428,27,200,true,110,110,27
1767653459428,28,200,true,110,110,28
1767653459429,27,200,true,110,110,27
1767653459427,29,200,true,110,110,29
1767653459424,32,200,true,110,110,32
1767653459426,30,200,true,110,110,30
1767653459429,27,200,true,110,110,27
1767653459426,33,200,true,110,110,33
1767653459429,30,200,true,110,110,30
1767653459429,30,200,true,110,110,30
1767653459433,26,200,true,110,110,26
1767653459430,41,200,true,110,110,41
1767653459432,40,200,true,110,110,40
1767653459435,37,200,true,110,110,37
1767653459430,42,200,true,110,110,42
1767653459442,30,200,true,110,110,30
1767653459438,37,200,true,110,110,37
1767653459435,40,200,true,110,110,40
1767653459431,45,200,true,110,110,45
1767653459433,43,200,true,110,110,43
1767653459426,50,200,true,110,110,50
1767653459440,38,200,true,110,110,38
1767653459437,42,200,true,110,110,42
1767653459440,39,200,true,110,110,39
1767653459434,45,200,true,110,110,45
1767653459443,36,200,true,110,110,36
1767653459443,45,200,true,110,110,45
1767653459440,48,200,true,110,110,48
1767653459433,55,200,true,110,110,55
1767653459441,47,200,true,110,110,47
1767653459447,41,200,true,110,110,41
1767653459440,48,200,true,110,110,48
1767653459441,47,200,true,110,110,47
1767653459432,56,200,true,110,110,56
1767653459433,55,200,true,110,110,55
1767653459432,56,200,true,110,110,56
1767653459441,47,200,true,110,110,47
1767653459432,57,200,true,110,110,57
1767653459437,52,200,true,110,110,52
1767653459443,46,200,true,110,110,46
1767653459434,55,200,true,110,110,55
1767653459455,34,200,true,110,110,34
1767653459431,58,200,true,110,110,58
1767653459449,40,200,true,110,110,40
1767653459433,56,200,true,110,110,56
1767653459451,38,200,true,110,110,38
1767653459431,58,200,true,110,110,58
1767653459435,54,200,true,110,110,54
1767653459430,59,200,true,110,110,59
1767653459435,54,200,true,110,110,54
1767653459440,49,200,true,110,110,49
1767653459446,43,200,true,110,110,43
1767653459435,55,200,true,110,110,55
1767653459436,54,200,true,110,110,54
1767653459455,35,200,true,110,110,35
1767653459440,50,200,true,110,110,50
1767653459447,43,200,true,110,110,43
1767653459445,45,200,true,110,110,45
1767653459441,49,200,true,110,110,49
1767653459456,34,200,true,110,110,34
1767653459431,59,200,true,110,110,59
1767653459449,41,200,true,110,110,41
1767653459435,55,200,true,110,110,55
1767653459450,41,200,true,110,110,40
1767653459456,35,200,true,110,110,35
1767653459443,48,200,true,110,110,48
1767653459432,59,200,true,110,110,59
1767653459443,48,200,true,110,110,48
1767653459442,49,200,true,110,110,49
1767653459440,51,200,true,110,110,51
1767653459456,35,200,true,110,110,35
1767653459433,58,200,true,110,110,58
1767653459455,36,200,true,110,110,36
1767653459441,50,200,true,110,110,50
1767653459434,57,200,true,110,110,57
1767653459444,47,200,true,110,110,47
1767653459441,50,200,true,110,110,50
1767653459455,36,200,true,110,110,36
1767653459432,60,200,true,110,110,60
1767653459443,49,200,true,110,110,49
1767653459437,55,200,true,110,110,55
1767653459436,56,200,true,110,110,56
1767653459459,33,200,true,110,110,33
1767653459431,61,200,true,110,110,61
1767653459479,14,200,true,110,110,14
1767653459479,14,200,true,110,110,14
1767653459430,63,200,true,110,110,63
1767653459451,42,200,true,110,110,42
1767653459459,34,200,true,110,110,34
1767653459455,38,200,true,110,110,38
1767653459438,56,200,true,110,110,56
1767653459447,47,200,true,110,110,47
1767653459488,14,200,true,110,110,14
1767653459488,14,200,true,110,110,14
1767653459489,13,200,true,110,110,13
1767653459489,13,200,true,110,110,13
1767653459489,13,200,true,110,110,13
1767653459472,30,200,true,110,110,30
1767653459430,72,200,true,110,110,72
1767653459479,24,200,true,110,110,24
1767653459475,28,200,true,110,110,28
1767653459441,62,200,true,110,110,62
1767653459433,70,200,true,110,110,70
1767653459455,48,200,true,110,110,48
1767653459449,54,200,true,110,110,54
1767653459455,48,200,true,110,110,48
1767653459433,70,200,true,110,110,59
1767653459479,24,200,true,110,110,24
1767653459456,47,200,true,110,110,37
1767653459476,27,200,true,110,110,27
1767653459455,48,200,true,110,110,48
1767653459472,31,200,true,110,110,31
1767653459475,28,200,true,110,110,28
1767653459459,44,200,true,110,110,44
1767653459455,48,200,true,110,110,48
1767653459476,27,200,true,110,110,27
1767653459476,27,200,true,110,110,27
1767653459472,31,200,true,110,110,31
1767653459455,48,200,true,110,110,37
1767653459472,31,200,true,110,110,31
1767653459433,70,200,true,110,110,70
1767653459455,48,200,true,110,110,48
1767653459471,32,200,true,110,110,32
1767653459450,53,200,true,110,110,53
1767653459478,25,200,true,110,110,25
1767653459436,67,200,true,110,110,67
1767653459456,47,200,true,110,110,47
1767653459434,69,200,true,110,110,69
1767653459434,69,200,true,110,110,69
1767653459446,57,200,true,110,110,57
1767653459442,61,200,true,110,110,61
1767653459459,44,200,true,110,110,44
1767653459438,65,200,true,110,110,65
1767653459441,62,200,true,110,110,62
1767653459432,72,200,true,110,110,72
1767653459455,47,200,true,110,110,47
1767653459449,55,200,true,110,110,55
1767653459434,70,200,true,110,110,68
1767653459488,16,200,true,110,110,14
1767653459431,71,200,true,110,110,71
1767653459456,46,200,true,110,110,46
1767653459489,15,200,true,110,110,15
1767653459488,16,200,true,110,110,16
1767653459488,16,200,true,110,110,16
1767653459448,56,200,true,110,110,54
1767653459489,15,200,true,110,110,15
1767653459489,17,200,true,110,110,17
1767653459488,18,200,true,110,110,18
1767653459489,17,200,true,110,110,17
1767653459488,18,200,true,110,110,18
1767653459489,18,200,true,110,110,18
1767653459489,22,200,true,110,110,22
1767653459490,22,200,true,110,110,22
1767653459490,22,200,true,110,110,22
1767653459489,27,200,true,110,110,27
1767653459490,26,200,true,110,110,26
1767653459488,28,200,true,110,110,28
1767653459488,28,200,true,110,110,28
1767653459489,28,200,true,110,110,28
1767653459488,29,200,true,110,110,28
1767653459491,26,200,true,110,110,26
1767653459489,28,200,true,110,110,28
1767653459489,28,200,true,110,110,28
1767653459491,26,200,true,110,110,26
1767653459491,26,200,true,110,110,26
1767653459493,24,200,true,110,110,24
1767653459491,26,200,true,110,110,26
1767653459492,25,200,true,110,110,25
1767653459493,24,200,true,110,110,24
1767653459488,29,200,true,110,110,29
1767653459491,27,200,true,110,110,27
1767653459490,28,200,true,110,110,28
1767653459490,28,200,true,110,110,28
1767653459491,30,200,true,110,110,30
1767653459490,32,200,true,110,110,32
1767653459491,32,200,true,110,110,32
1767653459491,32,200,true,110,110,32
1767653459490,33,200,true,110,110,33
1767653459490,34,200,true,110,110,34
1767653459490,34,200,true,110,110,34
1767653459493,32,200,true,110,110,32
1767653459491,34,200,true,110,110,34
1767653459493,32,200,true,110,110,32
1767653459491,36,200,true,110,110,36
1767653459490,37,200,true,110,110,37
1767653459491,36,200,true,110,110,36
1767653459493,34,200,true,110,110,34
1767653459503,26,200,true,110,110,26
1767653459491,38,200,true,110,110,38
1767653459503,26,200,true,110,110,26
1767653459503,26,200,true,110,110,26
1767653459492,37,200,true,110,110,37
1767653459492,37,200,true,110,110,37
1767653459491,38,200,true,110,110,38
1767653459503,26,200,true,110,110,26
1767653459494,36,200,true,110,110,35
1767653459490,40,200,true,110,110,40
1767653459503,27,200,true,110,110,27
1767653459490,40,200,true,110,110,40
1767653459492,38,200,true,110,110,38
1767653459503,29,200,true,110,110,29
1767653459503,29,200,true,110,110,29
1767653459491,41,200,true,110,110,41
1767653459503,29,200,true,110,110,25
1767653459503,30,200,true,110,110,25
1767653459493,40,200,true,110,110,40
1767653459502,31,200,true,110,110,31
1767653459492,49,200,true,110,110,49
1767653459503,38,200,true,110,110,38
1767653459504,40,200,true,110,110,40
1767653459503,41,200,true,110,110,41
1767653459503,41,200,true,110,110,41
1767653459503,42,200,true,110,110,42
1767653459503,42,200,true,110,110,42
1767653459503,42,200,true,110,110,42
1767653459503,42,200,true,110,110,42
1767653459503,42,200,true,110,110,42
1767653459506,39,200,true,110,110,39
1767653459502,43,200,true,110,110,43
1767653459491,54,200,true,110,110,54
1767653459503,42,200,true,110,110,42
1767653459503,42,200,true,110,110,42
1767653459503,42,200,true,110,110,42
1767653459503,42,200,true,110,110,42
1767653459503,42,200,true,110,110,42
1767653459503,43,200,true,110,110,43
1767653459503,43,200,true,110,110,43
1767653459503,43,200,true,110,110,43
1767653459490,56,200,true,110,110,56
1767653459492,54,200,true,110,110,54
1767653459503,43,200,true,110,110,43
1767653459503,43,200,true,110,110,43
1767653459503,43,200,true,110,110,43
1767653459504,42,200,true,110,110,42
1767653459503,44,200,true,110,110,44
1767653459503,44,200,true,110,110,44
1767653459503,44,200,true,110,110,43
1767653459504,44,200,true,110,110,42
1767653459504,45,200,true,110,110,45
1767653459518,38,200,true,110,110,38
1767653459517,39,200,true,110,110,39
1767653459504,52,200,true,110,110,52
1767653459504,54,200,true,110,110,54
1767653459517,42,200,true,110,110,42
1767653459516,43,200,true,110,110,43
1767653459502,57,200,true,110,110,57
1767653459517,42,200,true,110,110,42
1767653459517,42,200,true,110,110,42
1767653459504,55,200,true,110,110,55
1767653459517,42,200,true,110,110,42
1767653459504,55,200,true,110,110,55
1767653459504,55,200,true,110,110,55
1767653459504,56,200,true,110,110,56
1767653459517,43,200,true,110,110,43
1767653459504,56,200,true,110,110,56
1767653459502,58,200,true,110,110,58
1767653459506,58,200,true,110,110,58
1767653459529,35,200,true,110,110,35
1767653459504,60,200,true,110,110,60
1767653459512,53,200,true,110,110,52
1767653459503,62,200,true,110,110,62
1767653459502,63,200,true,110,110,58
1767653459527,38,200,true,110,110,38
1767653459504,62,200,true,110,110,59
1767653459507,59,200,true,110,110,57
1767653459512,54,200,true,110,110,53
1767653459512,54,200,true,110,110,52
1767653459504,62,200,true,110,110,60
1767653459516,50,200,true,110,110,50
1767653459504,63,200,true,110,110,63
1767653459506,61,200,true,110,110,60
1767653459504,63,200,true,110,110,63
1767653459517,50,200,true,110,110,50
1767653459506,61,200,true,110,110,59
1767653459504,64,200,true,110,110,64
1767653459517,51,200,true,110,110,48
1767653459529,39,200,true,110,110,39
1767653459516,53,200,true,110,110,45
1767653459516,53,200,true,110,110,52
1767653459517,52,200,true,110,110,52
1767653459517,52,200,true,110,110,51
1767653459504,66,200,true,110,110,66
1767653459517,53,200,true,110,110,53
1767653459530,41,200,true,110,110,41
1767653459518,53,200,true,110,110,53
1767653459527,45,200,true,110,110,45
1767653459544,28,200,true,110,110,28
1767653459533,39,200,true,110,110,39
1767653459527,46,200,true,110,110,46
1767653459545,28,200,true,110,110,28
1767653459523,50,200,true,110,110,50
1767653459541,33,200,true,110,110,32
1767653459529,45,200,true,110,110,45
1767653459545,29,200,true,110,110,29
1767653459524,50,200,true,110,110,50
1767653459525,49,200,true,110,110,49
1767653459545,29,200,true,110,110,29
1767653459532,42,200,true,110,110,42
1767653459525,49,200,true,110,110,49
1767653459530,44,200,true,110,110,44
1767653459545,29,200,true,110,110,29
1767653459541,33,200,true,110,110,33
1767653459527,47,200,true,110,110,47
1767653459518,57,200,true,110,110,57
1767653459529,46,200,true,110,110,46
1767653459530,45,200,true,110,110,45
1767653459523,52,200,true,110,110,52
1767653459524,52,200,true,110,110,52
1767653459545,31,200,true,110,110,31
1767653459529,47,200,true,110,110,47
1767653459545,31,200,true,110,110,31
1767653459521,55,200,true,110,110,55
1767653459547,30,200,true,110,110,30
1767653459530,47,200,true,110,110,47
1767653459523,54,200,true,110,110,54
1767653459529,48,200,true,110,110,48
1767653459533,44,200,true,110,110,44
1767653459545,32,200,true,110,110,32
1767653459549,28,200,true,110,110,28
1767653459545,32,200,true,110,110,32
1767653459547,31,200,true,110,110,31
1767653459533,45,200,true,110,110,45
1767653459547,31,200,true,110,110,31
1767653459546,32,200,true,110,110,32
1767653459529,49,200,true,110,110,49
1767653459525,53,200,true,110,110,53
1767653459532,46,200,true,110,110,46
1767653459546,33,200,true,110,110,32
1767653459530,50,200,true,110,110,50
1767653459545,35,200,true,110,110,35
1767653459529,51,200,true,110,110,51
1767653459545,35,200,true,110,110,35
1767653459518,62,200,true,110,110,62
1767653459545,36,200,true,110,110,36
1767653459532,49,200,true,110,110,42
1767653459546,36,200,true,110,110,36
1767653459522,60,200,true,110,110,60
1767653459546,36,200,true,110,110,36
1767653459545,37,200,true,110,110,37
1767653459545,38,200,true,110,110,38
1767653459533,50,200,true,110,110,50
1767653459548,35,200,true,110,110,35
1767653459544,39,200,true,110,110,39
1767653459546,37,200,true,110,110,37
1767653459546,38,200,true,110,110,38
1767653459546,38,200,true,110,110,38
1767653459546,38,200,true,110,110,37
1767653459546,38,200,true,110,110,38
1767653459545,40,200,true,110,110,39
1767653459560,35,200,true,110,110,35
1767653459557,38,200,true,110,110,38
1767653459559,37,200,true,110,110,37
1767653459567,32,200,true,110,110,29
1767653459559,40,200,true,110,110,39
1767653459569,30,200,true,110,110,30
1767653459566,37,200,true,110,110,37
1767653459570,34,200,true,110,110,34
1767653459569,35,200,true,110,110,35
1767653459568,36,200,true,110,110,36
1767653459569,37,200,true,110,110,37
1767653459565,42,200,true,110,110,42
1767653459566,41,200,true,110,110,41
1767653459569,38,200,true,110,110,38
1767653459565,44,200,true,110,110,44
1767653459560,49,200,true,110,110,49
1767653459566,43,200,true,110,110,43
1767653459565,44,200,true,110,110,44
1767653459559,50,200,true,110,110,50
1767653459559,50,200,true,110,110,50
1767653459567,42,200,true,110,110,42
1767653459566,43,200,true,110,110,43
1767653459560,49,200,true,110,110,49
1767653459559,50,200,true,110,110,50
1767653459567,42,200,true,110,110,42
1767653459567,43,200,true,110,110,43
1767653459570,40,200,true,110,110,40
1767653459564,46,200,true,110,110,46
1767653459567,43,200,true,110,110,43
1767653459564,46,200,true,110,110,46
1767653459566,44,200,true,110,110,44
1767653459567,44,200,true,110,110,44
1767653459564,47,200,true,110,110,47
1767653459568,43,200,true,110,110,43
1767653459566,45,200,true,110,110,45
1767653459575,38,200,true,110,110,38
1767653459578,35,200,true,110,110,35
1767653459559,54,200,true,110,110,54
1767653459573,40,200,true,110,110,40
1767653459574,39,200,true,110,110,39
1767653459556,57,200,true,110,110,57
1767653459578,35,200,true,110,110,35
1767653459574,39,200,true,110,110,39
1767653459574,40,200,true,110,110,40
1767653459577,37,200,true,110,110,37
1767653459574,40,200,true,110,110,40
1767653459568,46,200,true,110,110,46
1767653459576,38,200,true,110,110,38
1767653459559,55,200,true,110,110,55
1767653459573,41,200,true,110,110,41
1767653459560,54,200,true,110,110,54
1767653459575,39,200,true,110,110,39
1767653459558,56,200,true,110,110,56
1767653459577,37,200,true,110,110,37
1767653459574,41,200,true,110,110,41
1767653459575,40,200,true,110,110,40
1767653459573,42,200,true,110,110,42
1767653459574,41,200,true,110,110,41
1767653459556,59,200,true,110,110,58
1767653459559,56,200,true,110,110,56
1767653459577,39,200,true,110,110,39
1767653459574,44,200,true,110,110,44
1767653459574,44,200,true,110,110,44
1767653459577,41,200,true,110,110,41
1767653459577,41,200,true,110,110,41
1767653459577,42,200,true,110,110,42
1767653459574,46,200,true,110,110,46
1767653459571,49,200,true,110,110,44
1767653459578,42,200,true,110,110,42
1767653459576,44,200,true,110,110,44
1767653459578,43,200,true,110,110,43
1767653459580,41,200,true,110,110,41
1767653459584,37,200,true,110,110,37
1767653459578,43,200,true,110,110,43
1767653459574,47,200,true,110,110,47
1767653459577,44,200,true,110,110,44
1767653459599,22,200,true,110,110,22
1767653459584,37,200,true,110,110,37
1767653459574,47,200,true,110,110,47
1767653459583,38,200,true,110,110,38
1767653459581,40,200,true,110,110,40
1767653459572,49,200,true,110,110,49
1767653459585,36,200,true,110,110,36
1767653459573,48,200,true,110,110,48
1767653459595,26,200,true,110,110,26
1767653459576,46,200,true,110,110,46
1767653459582,40,200,true,110,110,40
1767653459575,47,200,true,110,110,47
1767653459585,37,200,true,110,110,37
1767653459578,44,200,true,110,110,44
1767653459572,50,200,true,110,110,50
1767653459580,42,200,true,110,110,42
1767653459574,48,200,true,110,110,48
1767653459580,42,200,true,110,110,42
1767653459578,44,200,true,110,110,44
1767653459577,45,200,true,110,110,45
1767653459579,43,200,true,110,110,43
1767653459580,42,200,true,110,110,42
1767653459576,46,200,true,110,110,46
1767653459580,43,200,true,110,110,43
1767653459581,42,200,true,110,110,42
1767653459582,41,200,true,110,110,41
1767653459582,41,200,true,110,110,41
1767653459583,40,200,true,110,110,40
1767653459583,40,200,true,110,110,40
1767653459584,39,200,true,110,110,39
1767653459583,40,200,true,110,110,40
1767653459577,46,200,true,110,110,46
1767653459583,40,200,true,110,110,40
1767653459571,52,200,true,110,110,43
1767653459582,42,200,true,110,110,42
1767653459559,65,200,true,110,110,65
1767653459595,30,200,true,110,110,30
1767653459599,26,200,true,110,110,26
1767653459596,29,200,true,110,110,29
1767653459604,22,200,true,110,110,22
1767653459606,21,200,true,110,110,21
1767653459609,18,200,true,110,110,18
1767653459609,19,200,true,110,110,19
1767653459609,19,200,true,110,110,19
1767653459607,21,200,true,110,110,21
1767653459609,19,200,true,110,110,19
1767653459603,25,200,true,110,110,25
1767653459607,23,200,true,110,110,23
1767653459604,26,200,true,110,110,26
1767653459609,22,200,true,110,110,22
1767653459609,22,200,true,110,110,22
1767653459599,32,200,true,110,110,32
1767653459607,24,200,true,110,110,24
1767653459609,22,200,true,110,110,22
1767653459609,22,200,true,110,110,22
1767653459609,22,200,true,110,110,22
1767653459609,22,200,true,110,110,22
1767653459604,31,200,true,110,110,31
1767653459613,41,200,true,110,110,41
1767653459614,40,200,true,110,110,40
1767653459614,40,200,true,110,110,40
1767653459619,35,200,true,110,110,35
1767653459610,44,200,true,110,110,44
1767653459615,39,200,true,110,110,39
1767653459611,43,200,true,110,110,43
1767653459614,40,200,true,110,110,40
1767653459610,45,200,true,110,110,45
1767653459610,45,200,true,110,110,45
1767653459613,42,200,true,110,110,42
1767653459614,41,200,true,110,110,41
1767653459614,41,200,true,110,110,41
1767653459611,45,200,true,110,110,45
1767653459613,43,200,true,110,110,43
1767653459614,42,200,true,110,110,42
1767653459615,42,200,true,110,110,42
1767653459618,39,200,true,110,110,39
1767653459625,32,200,true,110,110,32
1767653459622,35,200,true,110,110,35
1767653459618,40,200,true,110,110,39
1767653459621,38,200,true,110,110,38
1767653459611,48,200,true,110,110,48
1767653459622,37,200,true,110,110,37
1767653459622,37,200,true,110,110,37
1767653459622,37,200,true,110,110,37
1767653459610,49,200,true,110,110,49
1767653459620,39,200,true,110,110,39
1767653459616,43,200,true,110,110,43
1767653459613,46,200,true,110,110,46
1767653459620,39,200,true,110,110,39
1767653459610,49,200,true,110,110,49
1767653459623,37,200,true,110,110,37
1767653459621,39,200,true,110,110,38
1767653459614,46,200,true,110,110,46
1767653459621,40,200,true,110,110,40
1767653459623,38,200,true,110,110,38
1767653459610,51,200,true,110,110,51
1767653459623,38,200,true,110,110,38
1767653459614,47,200,true,110,110,47
1767653459614,47,200,true,110,110,47
1767653459623,39,200,true,110,110,39
1767653459613,49,200,true,110,110,49
1767653459613,52,200,true,110,110,48
1767653459621,46,200,true,110,110,44
1767653459611,56,200,true,110,110,53
1767653459622,45,200,true,110,110,45
1767653459610,57,200,true,110,110,57
1767653459615,53,200,true,110,110,53
1767653459618,50,200,true,110,110,50
1767653459620,48,200,true,110,110,48
1767653459621,47,200,true,110,110,47
1767653459623,45,200,true,110,110,45
1767653459613,55,200,true,110,110,55
1767653459622,46,200,true,110,110,46
1767653459621,47,200,true,110,110,47
1767653459623,45,200,true,110,110,45
1767653459615,54,200,true,110,110,54
1767653459621,48,200,true,110,110,48
1767653459623,46,200,true,110,110,46
1767653459623,46,200,true,110,110,46
1767653459623,46,200,true,110,110,46
1767653459625,44,200,true,110,110,44
1767653459621,48,200,true,110,110,48
1767653459620,49,200,true,110,110,49
1767653459622,47,200,true,110,110,47
1767653459614,55,200,true,110,110,55
1767653459621,48,200,true,110,110,48
1767653459622,47,200,true,110,110,47
1767653459622,47,200,true,110,110,47
1767653459621,48,200,true,110,110,48
1767653459622,47,200,true,110,110,47
1767653459624,45,200,true,110,110,45
1767653459627,49,200,true,110,110,49
1767653459655,21,200,true,110,110,21
1767653459626,50,200,true,110,110,50
1767653459654,22,200,true,110,110,22
1767653459657,19,200,true,110,110,19
1767653459631,45,200,true,110,110,45
1767653459628,48,200,true,110,110,48
1767653459631,46,200,true,110,110,46
1767653459631,46,200,true,110,110,46
1767653459635,42,200,true,110,110,42
1767653459630,47,200,true,110,110,47
1767653459631,46,200,true,110,110,46
1767653459630,47,200,true,110,110,47
1767653459654,23,200,true,110,110,23
1767653459628,49,200,true,110,110,49
1767653459631,46,200,true,110,110,46
1767653459613,64,200,true,110,110,64
1767653459631,46,200,true,110,110,46
1767653459622,55,200,true,110,110,55
1767653459631,46,200,true,110,110,46
1767653459615,62,200,true,110,110,62
1767653459625,53,200,true,110,110,53
1767653459627,51,200,true,110,110,51
1767653459614,64,200,true,110,110,64
1767653459628,50,200,true,110,110,50
1767653459624,54,200,true,110,110,54
1767653459622,56,200,true,110,110,56
1767653459623,55,200,true,110,110,55
1767653459655,23,200,true,110,110,23
1767653459623,55,200,true,110,110,55
1767653459622,56,200,true,110,110,56
1767653459621,58,200,true,110,110,58
1767653459654,25,200,true,110,110,25
1767653459618,61,200,true,110,110,61
1767653459655,24,200,true,110,110,24
1767653459656,23,200,true,110,110,23
1767653459621,58,200,true,110,110,58
1767653459621,59,200,true,110,110,59
1767653459631,49,200,true,110,110,49
1767653459654,26,200,true,110,110,24
1767653459628,52,200,true,110,110,52
1767653459624,57,200,true,110,110,57
1767653459654,27,200,true,110,110,27
1767653459621,60,200,true,110,110,60
1767653459623,59,200,true,110,110,59
1767653459628,55,200,true,110,110,55
1767653459654,29,200,true,110,110,29
1767653459657,26,200,true,110,110,26
1767653459615,68,200,true,110,110,68
1767653459656,27,200,true,110,110,27
1767653459656,27,200,true,110,110,27
1767653459655,29,200,true,110,110,29
1767653459655,29,200,true,110,110,29
1767653459660,24,200,true,110,110,24
1767653459660,34,200,true,110,110,34
1767653459654,40,200,true,110,110,40
1767653459655,39,200,true,110,110,39
1767653459665,37,200,true,110,110,37
1767653459669,33,200,true,110,110,33
1767653459676,26,200,true,110,110,26
1767653459659,43,200,true,110,110,43
1767653459661,41,200,true,110,110,41
1767653459676,26,200,true,110,110,26
1767653459669,33,200,true,110,110,33
1767653459668,34,200,true,110,110,34
1767653459679,23,200,true,110,110,23
1767653459669,33,200,true,110,110,33
1767653459658,45,200,true,110,110,45
1767653459661,42,200,true,110,110,42
1767653459661,42,200,true,110,110,42
1767653459676,27,200,true,110,110,27
1767653459668,35,200,true,110,110,35
1767653459659,44,200,true,110,110,44
1767653459659,44,200,true,110,110,44
1767653459659,45,200,true,110,110,45
1767653459669,35,200,true,110,110,35
1767653459681,23,200,true,110,110,23
1767653459668,36,200,true,110,110,36
1767653459667,37,200,true,110,110,37
1767653459669,35,200,true,110,110,35
1767653459669,35,200,true,110,110,35
1767653459662,43,200,true,110,110,42
1767653459658,47,200,true,110,110,47
1767653459668,37,200,true,110,110,37
1767653459667,38,200,true,110,110,38
1767653459669,36,200,true,110,110,36
1767653459669,36,200,true,110,110,36
1767653459659,46,200,true,110,110,46
1767653459659,46,200,true,110,110,46
1767653459661,44,200,true,110,110,44
1767653459669,36,200,true,110,110,36
1767653459669,37,200,true,110,110,37
1767653459660,46,200,true,110,110,46
1767653459659,47,200,true,110,110,47
1767653459659,47,200,true,110,110,47
1767653459661,45,200,true,110,110,45
1767653459669,42,200,true,110,110,42
1767653459677,34,200,true,110,110,34
1767653459681,30,200,true,110,110,30
1767653459677,34,200,true,110,110,34
1767653459676,37,200,true,110,110,37
1767653459669,45,200,true,110,110,45
1767653459683,31,200,true,110,110,31
1767653459678,36,200,true,110,110,36
1767653459680,34,200,true,110,110,34
1767653459680,34,200,true,110,110,34
1767653459678,36,200,true,110,110,36
1767653459679,35,200,true,110,110,35
1767653459683,32,200,true,110,110,32
1767653459677,38,200,true,110,110,38
1767653459681,34,200,true,110,110,34
1767653459677,38,200,true,110,110,38
1767653459683,32,200,true,110,110,32
1767653459679,36,200,true,110,110,36
1767653459679,36,200,true,110,110,36
1767653459677,38,200,true,110,110,38
1767653459678,37,200,true,110,110,37
1767653459678,37,200,true,110,110,37
1767653459677,38,200,true,110,110,38
1767653459677,38,200,true,110,110,38
1767653459677,38,200,true,110,110,38
1767653459669,47,200,true,110,110,47
1767653459668,48,200,true,110,110,48
1767653459659,57,200,true,110,110,57
1767653459657,59,200,true,110,110,59
1767653459677,39,200,true,110,110,39
1767653459678,38,200,true,110,110,38
1767653459667,49,200,true,110,110,49
1767653459677,39,200,true,110,110,39
1767653459680,36,200,true,110,110,36
1767653459676,40,200,true,110,110,40
1767653459678,38,200,true,110,110,38
1767653459668,48,200,true,110,110,48
1767653459669,47,200,true,110,110,47
1767653459676,41,200,true,110,110,41
1767653459678,39,200,true,110,110,39
1767653459659,58,200,true,110,110,58
1767653459662,55,200,true,110,110,55
1767653459669,48,200,true,110,110,48
1767653459659,58,200,true,110,110,58
1767653459669,49,200,true,110,110,49
1767653459679,39,200,true,110,110,39
1767653459679,39,200,true,110,110,39
1767653459668,50,200,true,110,110,50
1767653459678,40,200,true,110,110,40
1767653459661,58,200,true,110,110,58
1767653459668,51,200,true,110,110,51
1767653459678,41,200,true,110,110,36
1767653459677,42,200,true,110,110,42
1767653459667,52,200,true,110,110,52
1767653459680,39,200,true,110,110,39
1767653459677,43,200,true,110,110,43
1767653459676,44,200,true,110,110,44
1767653459668,52,200,true,110,110,52
1767653459677,43,200,true,110,110,43
1767653459702,23,200,true,110,110,23
1767653459678,48,200,true,110,110,48
1767653459703,23,200,true,110,110,23
1767653459694,32,200,true,110,110,32
1767653459703,23,200,true,110,110,23
1767653459703,23,200,true,110,110,23
1767653459703,23,200,true,110,110,23
1767653459704,22,200,true,110,110,22
1767653459684,42,200,true,110,110,42
1767653459704,22,200,true,110,110,22
1767653459694,32,200,true,110,110,32
1767653459683,43,200,true,110,110,43
1767653459702,25,200,true,110,110,25
1767653459702,25,200,true,110,110,25
1767653459702,25,200,true,110,110,25
1767653459704,23,200,true,110,110,23
1767653459702,25,200,true,110,110,25
1767653459684,43,200,true,110,110,43
1767653459704,23,200,true,110,110,23
1767653459684,43,200,true,110,110,43
1767653459683,44,200,true,110,110,44
1767653459702,25,200,true,110,110,25
1767653459705,22,200,true,110,110,22
1767653459705,23,200,true,110,110,22
1767653459702,26,200,true,110,110,26
1767653459704,24,200,true,110,110,24
1767653459682,46,200,true,110,110,46
1767653459684,45,200,true,110,110,44
1767653459704,26,200,true,110,110,24
1767653459702,37,200,true,110,110,37
1767653459703,36,200,true,110,110,36
1767653459702,38,200,true,110,110,38
1767653459703,37,200,true,110,110,37
1767653459702,38,200,true,110,110,38
1767653459694,46,200,true,110,110,46
1767653459703,37,200,true,110,110,37
1767653459677,63,200,true,110,110,63
1767653459704,36,200,true,110,110,36
1767653459705,39,200,true,110,110,39
1767653459706,38,200,true,110,110,38
1767653459711,33,200,true,110,110,33
1767653459713,31,200,true,110,110,31
1767653459715,30,200,true,110,110,30
1767653459714,31,200,true,110,110,31
1767653459715,30,200,true,110,110,30
1767653459715,30,200,true,110,110,30
1767653459711,34,200,true,110,110,34
1767653459715,30,200,true,110,110,30
1767653459715,30,200,true,110,110,30
1767653459705,41,200,true,110,110,41
1767653459705,41,200,true,110,110,41
1767653459706,40,200,true,110,110,40
1767653459706,43,200,true,110,110,43
1767653459705,44,200,true,110,110,44
1767653459715,34,200,true,110,110,34
1767653459705,44,200,true,110,110,44
1767653459711,38,200,true,110,110,38
1767653459715,34,200,true,110,110,34
1767653459705,44,200,true,110,110,44
1767653459718,32,200,true,110,110,32
1767653459706,44,200,true,110,110,44
1767653459715,36,200,true,110,110,36
1767653459726,25,200,true,110,110,25
1767653459726,25,200,true,110,110,25
1767653459715,36,200,true,110,110,36
1767653459705,46,200,true,110,110,46
1767653459716,35,200,true,110,110,35
1767653459714,44,200,true,110,110,37
1767653459714,45,200,true,110,110,45
1767653459715,44,200,true,110,110,44
1767653459711,48,200,true,110,110,48
1767653459719,40,200,true,110,110,40
1767653459715,44,200,true,110,110,44
1767653459717,42,200,true,110,110,42
1767653459728,32,200,true,110,110,31
1767653459705,55,200,true,110,110,55
1767653459726,34,200,true,110,110,34
1767653459716,44,200,true,110,110,44
1767653459727,33,200,true,110,110,33
1767653459716,44,200,true,110,110,44
1767653459726,34,200,true,110,110,34
1767653459716,44,200,true,110,110,44
1767653459706,54,200,true,110,110,54
1767653459727,33,200,true,110,110,33
1767653459719,41,200,true,110,110,41
1767653459726,34,200,true,110,110,34
1767653459717,43,200,true,110,110,43
1767653459714,46,200,true,110,110,46
1767653459717,44,200,true,110,110,43
1767653459719,42,200,true,110,110,42
1767653459716,45,200,true,110,110,45
1767653459726,35,200,true,110,110,35
1767653459717,44,200,true,110,110,44
1767653459716,45,200,true,110,110,45
1767653459726,36,200,true,110,110,36
1767653459714,48,200,true,110,110,48
1767653459727,35,200,true,110,110,35
1767653459726,36,200,true,110,110,36
1767653459727,35,200,true,110,110,35
1767653459726,36,200,true,110,110,35
1767653459720,43,200,true,110,110,43
1767653459725,38,200,true,110,110,38
1767653459715,49,200,true,110,110,49
1767653459719,45,200,true,110,110,45
1767653459720,44,200,true,110,110,44
1767653459714,50,200,true,110,110,50
1767653459716,48,200,true,110,110,48
1767653459717,47,200,true,110,110,47
1767653459719,45,200,true,110,110,45
1767653459727,38,200,true,110,110,38
1767653459728,37,200,true,110,110,37
1767653459718,47,200,true,110,110,46
1767653459717,48,200,true,110,110,48
1767653459727,38,200,true,110,110,38
1767653459716,49,200,true,110,110,49
1767653459720,45,200,true,110,110,45
1767653459718,47,200,true,110,110,47
1767653459718,48,200,true,110,110,47
1767653459714,52,200,true,110,110,52
1767653459720,46,200,true,110,110,46
1767653459727,39,200,true,110,110,39
1767653459728,38,200,true,110,110,38
1767653459728,38,200,true,110,110,38
1767653459716,50,200,true,110,110,50
1767653459716,51,200,true,110,110,51
1767653459717,51,200,true,110,110,51
1767653459726,42,200,true,110,110,42
1767653459729,39,200,true,110,110,39
1767653459727,41,200,true,110,110,41
1767653459719,49,200,true,110,110,49
1767653459746,25,200,true,110,110,25
1767653459745,29,200,true,110,110,29
1767653459718,57,200,true,110,110,57
1767653459749,26,200,true,110,110,26
1767653459749,26,200,true,110,110,26
1767653459751,24,200,true,110,110,24
1767653459715,60,200,true,110,110,60
1767653459745,30,200,true,110,110,30
1767653459751,24,200,true,110,110,24
1767653459750,25,200,true,110,110,25
1767653459745,31,200,true,110,110,31
1767653459740,36,200,true,110,110,36
1767653459749,27,200,true,110,110,27
1767653459744,32,200,true,110,110,32
1767653459745,31,200,true,110,110,31
1767653459751,25,200,true,110,110,25
1767653459746,31,200,true,110,110,31
1767653459751,26,200,true,110,110,26
1767653459746,32,200,true,110,110,31
1767653459745,33,200,true,110,110,33
1767653459740,43,200,true,110,110,43
1767653459749,34,200,true,110,110,34
1767653459740,44,200,true,110,110,43
1767653459744,40,200,true,110,110,40
1767653459730,54,200,true,110,110,54
1767653459740,45,200,true,110,110,45
1767653459740,45,200,true,110,110,45
1767653459727,58,200,true,110,110,58
1767653459727,58,200,true,110,110,58
1767653459716,69,200,true,110,110,69
1767653459744,41,200,true,110,110,41
1767653459746,39,200,true,110,110,39
1767653459751,35,200,true,110,110,35
1767653459745,41,200,true,110,110,41
1767653459749,37,200,true,110,110,37
1767653459740,46,200,true,110,110,45
1767653459740,46,200,true,110,110,46
1767653459739,47,200,true,110,110,47
1767653459740,46,200,true,110,110,46
1767653459751,36,200,true,110,110,36
1767653459727,60,200,true,110,110,60
1767653459764,23,200,true,110,110,23
1767653459750,37,200,true,110,110,37
1767653459727,60,200,true,110,110,60
1767653459763,24,200,true,110,110,24
1767653459766,21,200,true,110,110,21
1767653459762,26,200,true,110,110,26
1767653459761,27,200,true,110,110,27
1767653459749,39,200,true,110,110,39
1767653459764,24,200,true,110,110,24
1767653459760,28,200,true,110,110,28
1767653459716,72,200,true,110,110,72
1767653459768,20,200,true,110,110,20
1767653459767,21,200,true,110,110,21
1767653459765,23,200,true,110,110,23
1767653459768,20,200,true,110,110,20
1767653459744,44,200,true,110,110,44
1767653459749,40,200,true,110,110,39
1767653459762,27,200,true,110,110,27
1767653459760,29,200,true,110,110,29
1767653459764,25,200,true,110,110,25
1767653459760,29,200,true,110,110,29
1767653459760,29,200,true,110,110,29
1767653459761,28,200,true,110,110,28
1767653459760,30,200,true,110,110,30
1767653459761,29,200,true,110,110,29
1767653459760,30,200,true,110,110,30
1767653459765,25,200,true,110,110,25
1767653459762,28,200,true,110,110,28
1767653459766,24,200,true,110,110,24
1767653459763,27,200,true,110,110,27
1767653459765,25,200,true,110,110,25
1767653459759,32,200,true,110,110,32
1767653459765,26,200,true,110,110,26
1767653459768,24,200,true,110,110,24
1767653459764,42,200,true,110,110,42
1767653459766,40,200,true,110,110,40
1767653459762,44,200,true,110,110,44
1767653459760,46,200,true,110,110,46
1767653459760,46,200,true,110,110,46
1767653459761,45,200,true,110,110,45
1767653459759,48,200,true,110,110,48
1767653459760,47,200,true,110,110,47
1767653459760,47,200,true,110,110,47
1767653459759,48,200,true,110,110,48
1767653459759,48,200,true,110,110,48
1767653459768,39,200,true,110,110,39
1767653459766,41,200,true,110,110,41
1767653459765,42,200,true,110,110,42
1767653459759,48,200,true,110,110,48
1767653459766,41,200,true,110,110,41
1767653459762,45,200,true,110,110,45
1767653459760,48,200,true,110,110,48
1767653459765,43,200,true,110,110,43
1767653459760,48,200,true,110,110,48
1767653459760,48,200,true,110,110,48
1767653459761,48,200,true,110,110,48
1767653459761,48,200,true,110,110,48
1767653459766,43,200,true,110,110,43
1767653459760,49,200,true,110,110,49
1767653459764,46,200,true,110,110,46
1767653459764,46,200,true,110,110,46
1767653459764,46,200,true,110,110,46
1767653459766,45,200,true,110,110,45
1767653459768,43,200,true,110,110,43
1767653459759,54,200,true,110,110,54
1767653459765,48,200,true,110,110,48
1767653459762,56,200,true,110,110,56
1767653459787,31,200,true,110,110,31
1767653459785,33,200,true,110,110,33
1767653459775,43,200,true,110,110,43
1767653459785,34,200,true,110,110,34
1767653459787,32,200,true,110,110,32
1767653459788,31,200,true,110,110,31
1767653459785,34,200,true,110,110,34
1767653459786,33,200,true,110,110,33
1767653459776,43,200,true,110,110,43
1767653459788,31,200,true,110,110,31
1767653459788,31,200,true,110,110,31
1767653459788,31,200,true,110,110,31
1767653459788,31,200,true,110,110,31
1767653459784,36,200,true,110,110,36
1767653459766,54,200,true,110,110,54
1767653459787,33,200,true,110,110,33
1767653459788,32,200,true,110,110,32
1767653459758,62,200,true,110,110,62
1767653459786,34,200,true,110,110,34
1767653459785,35,200,true,110,110,35
1767653459784,36,200,true,110,110,36
1767653459775,45,200,true,110,110,45
1767653459788,32,200,true,110,110,32
1767653459775,45,200,true,110,110,45
1767653459792,28,200,true,110,110,28
1767653459787,33,200,true,110,110,33
1767653459788,32,200,true,110,110,32
1767653459790,30,200,true,110,110,30
1767653459790,30,200,true,110,110,30
1767653459777,44,200,true,110,110,43
1767653459790,31,200,true,110,110,31
1767653459786,35,200,true,110,110,35
1767653459787,34,200,true,110,110,34
1767653459783,38,200,true,110,110,38
1767653459790,31,200,true,110,110,31
1767653459786,35,200,true,110,110,35
1767653459787,34,200,true,110,110,34
1767653459775,46,200,true,110,110,46
1767653459790,31,200,true,110,110,31
1767653459775,46,200,true,110,110,46
1767653459776,45,200,true,110,110,45
1767653459784,37,200,true,110,110,37
1767653459789,32,200,true,110,110,32
1767653459785,36,200,true,110,110,36
1767653459775,46,200,true,110,110,46
1767653459776,45,200,true,110,110,45
1767653459785,37,200,true,110,110,37
1767653459789,33,200,true,110,110,33
1767653459786,36,200,true,110,110,36
1767653459789,33,200,true,110,110,33
1767653459778,44,200,true,110,110,44
1767653459790,32,200,true,110,110,32
1767653459775,47,200,true,110,110,47
1767653459778,44,200,true,110,110,44
1767653459788,34,200,true,110,110,34
1767653459788,34,200,true,110,110,34
1767653459775,47,200,true,110,110,47
1767653459775,47,200,true,110,110,47
1767653459777,45,200,true,110,110,45
1767653459788,35,200,true,110,110,35
1767653459788,35,200,true,110,110,34
1767653459783,40,200,true,110,110,40
1767653459785,38,200,true,110,110,38
1767653459788,35,200,true,110,110,35
1767653459776,48,200,true,110,110,48
1767653459787,37,200,true,110,110,37
1767653459776,48,200,true,110,110,48
1767653459776,49,200,true,110,110,48
1767653459791,36,200,true,110,110,36
1767653459789,38,200,true,110,110,38
1767653459772,55,200,true,110,110,50
1767653459790,38,200,true,110,110,33
1767653459807,21,200,true,110,110,21
1767653459807,23,200,true,110,110,23
1767653459806,24,200,true,110,110,24
1767653459790,40,200,true,110,110,40
1767653459807,23,200,true,110,110,23
1767653459807,23,200,true,110,110,23
1767653459808,23,200,true,110,110,23
1767653459807,25,200,true,110,110,25
1767653459790,42,200,true,110,110,42
1767653459810,23,200,true,110,110,23
1767653459809,24,200,true,110,110,24
1767653459807,27,200,true,110,110,27
1767653459807,28,200,true,110,110,28
1767653459806,29,200,true,110,110,29
1767653459809,27,200,true,110,110,27
1767653459810,27,200,true,110,110,27
1767653459806,31,200,true,110,110,31
1767653459807,30,200,true,110,110,30
1767653459811,26,200,true,110,110,26
1767653459806,31,200,true,110,110,31
1767653459813,24,200,true,110,110,24
1767653459791,46,200,true,110,110,46
1767653459789,48,200,true,110,110,46
1767653459811,26,200,true,110,110,26
1767653459807,30,200,true,110,110,28
1767653459810,27,200,true,110,110,27
1767653459810,27,200,true,110,110,26
1767653459789,49,200,true,110,110,49
1767653459807,32,200,true,110,110,32
1767653459809,30,200,true,110,110,30
1767653459808,31,200,true,110,110,31
1767653459808,31,200,true,110,110,31
1767653459806,33,200,true,110,110,33
1767653459807,33,200,true,110,110,33
1767653459806,34,200,true,110,110,34
1767653459808,32,200,true,110,110,32
1767653459813,27,200,true,110,110,27
1767653459818,26,200,true,110,110,26
1767653459818,27,200,true,110,110,27
1767653459822,23,200,true,110,110,23
1767653459820,25,200,true,110,110,25
1767653459821,25,200,true,110,110,25
1767653459822,24,200,true,110,110,23
1767653459821,25,200,true,110,110,25
1767653459819,27,200,true,110,110,27
1767653459820,27,200,true,110,110,27
1767653459820,27,200,true,110,110,27
1767653459821,26,200,true,110,110,26
1767653459821,27,200,true,110,110,27
1767653459820,28,200,true,110,110,28
1767653459820,30,200,true,110,110,30
1767653459819,31,200,true,110,110,31
1767653459819,31,200,true,110,110,31
1767653459822,28,200,true,110,110,28
1767653459822,30,200,true,110,110,29
1767653459824,28,200,true,110,110,28
1767653459819,35,200,true,110,110,35
1767653459821,33,200,true,110,110,33
1767653459819,35,200,true,110,110,35
1767653459820,35,200,true,110,110,35
1767653459821,34,200,true,110,110,34
1767653459821,34,200,true,110,110,34
1767653459821,34,200,true,110,110,34
1767653459822,33,200,true,110,110,33
1767653459822,33,200,true,110,110,33
1767653459820,35,200,true,110,110,35
1767653459820,36,200,true,110,110,35
1767653459821,35,200,true,110,110,35
1767653459823,50,200,true,110,110,50
1767653459822,51,200,true,110,110,51
1767653459820,53,200,true,110,110,53
1767653459820,53,200,true,110,110,53
1767653459822,51,200,true,110,110,51
1767653459837,36,200,true,110,110,36
1767653459837,36,200,true,110,110,36
1767653459832,41,200,true,110,110,41
1767653459822,52,200,true,110,110,52
1767653459820,54,200,true,110,110,54
1767653459819,55,200,true,110,110,55
1767653459821,53,200,true,110,110,53
1767653459840,34,200,true,110,110,34
1767653459823,51,200,true,110,110,51
1767653459821,53,200,true,110,110,53
1767653459830,44,200,true,110,110,44
1767653459822,53,200,true,110,110,53
1767653459823,52,200,true,110,110,52
1767653459835,40,200,true,110,110,40
1767653459819,56,200,true,110,110,56
1767653459819,56,200,true,110,110,56
1767653459820,56,200,true,110,110,56
1767653459837,40,200,true,110,110,40
1767653459837,40,200,true,110,110,40
1767653459839,38,200,true,110,110,38
1767653459823,54,200,true,110,110,54
1767653459830,47,200,true,110,110,47
1767653459833,44,200,true,110,110,44
1767653459820,57,200,true,110,110,57
1767653459823,54,200,true,110,110,54
1767653459832,46,200,true,110,110,46
1767653459835,43,200,true,110,110,43
1767653459825,53,200,true,110,110,53
1767653459821,57,200,true,110,110,57
1767653459837,41,200,true,110,110,41
1767653459821,57,200,true,110,110,54
1767653459837,41,200,true,110,110,41
1767653459839,39,200,true,110,110,39
1767653459833,45,200,true,110,110,45
1767653459821,57,200,true,110,110,57
1767653459828,50,200,true,110,110,50
1767653459821,57,200,true,110,110,57
1767653459820,59,200,true,110,110,59
1767653459837,42,200,true,110,110,42
1767653459820,59,200,true,110,110,59
1767653459837,42,200,true,110,110,42
1767653459830,49,200,true,110,110,49
1767653459827,52,200,true,110,110,52
1767653459824,55,200,true,110,110,55
1767653459822,57,200,true,110,110,57
1767653459839,40,200,true,110,110,40
1767653459820,59,200,true,110,110,59
1767653459840,39,200,true,110,110,39
1767653459821,58,200,true,110,110,58
1767653459824,55,200,true,110,110,55
1767653459837,42,200,true,110,110,42
1767653459821,58,200,true,110,110,58
1767653459822,57,200,true,110,110,57
1767653459822,58,200,true,110,110,58
1767653459840,40,200,true,110,110,40
1767653459821,59,200,true,110,110,59
1767653459827,53,200,true,110,110,53
1767653459839,41,200,true,110,110,41
1767653459830,50,200,true,110,110,50
1767653459836,44,200,true,110,110,44
1767653459828,52,200,true,110,110,52
1767653459830,50,200,true,110,110,50
1767653459831,50,200,true,110,110,50
1767653459819,62,200,true,110,110,62
1767653459839,42,200,true,110,110,42
1767653459819,62,200,true,110,110,62
1767653459838,43,200,true,110,110,43
1767653459837,45,200,true,110,110,45
1767653459834,49,200,true,110,110,49
1767653459819,64,200,true,110,110,64
1767653459840,43,200,true,110,110,43
1767653459837,46,200,true,110,110,46
1767653459827,60,200,true,110,110,59
1767653459855,39,200,true,110,110,39
1767653459855,40,200,true,110,110,39
1767653459847,50,200,true,110,110,50
1767653459848,49,200,true,110,110,49
1767653459844,54,200,true,110,110,53
1767653459852,46,200,true,110,110,46
1767653459846,52,200,true,110,110,52
1767653459856,42,200,true,110,110,42
1767653459854,44,200,true,110,110,44
1767653459854,44,200,true,110,110,44
1767653459855,43,200,true,110,110,43
1767653459848,51,200,true,110,110,51
1767653459845,54,200,true,110,110,54
1767653459847,52,200,true,110,110,52
1767653459846,53,200,true,110,110,53
1767653459847,52,200,true,110,110,52
1767653459850,49,200,true,110,110,49
1767653459846,53,200,true,110,110,53
1767653459854,45,200,true,110,110,45
1767653459855,44,200,true,110,110,44
1767653459845,55,200,true,110,110,55
1767653459852,48,200,true,110,110,48
1767653459845,55,200,true,110,110,55
1767653459855,45,200,true,110,110,45
1767653459855,45,200,true,110,110,45
1767653459850,52,200,true,110,110,51
1767653459856,46,200,true,110,110,46
1767653459855,47,200,true,110,110,47
1767653459837,65,200,true,110,110,65
1767653459850,52,200,true,110,110,48
1767653459851,51,200,true,110,110,51
1767653459846,56,200,true,110,110,56
1767653459878,29,200,true,110,110,29
1767653459879,28,200,true,110,110,28
1767653459877,30,200,true,110,110,30
1767653459878,30,200,true,110,110,30
1767653459873,36,200,true,110,110,36
1767653459876,33,200,true,110,110,33
1767653459879,30,200,true,110,110,30
1767653459878,32,200,true,110,110,32
1767653459878,32,200,true,110,110,32
1767653459878,32,200,true,110,110,32
1767653459877,33,200,true,110,110,33
1767653459879,31,200,true,110,110,31
1767653459873,40,200,true,110,110,40
1767653459874,41,200,true,110,110,41
1767653459880,36,200,true,110,110,36
1767653459874,42,200,true,110,110,42
1767653459878,38,200,true,110,110,38
1767653459879,37,200,true,110,110,36
1767653459877,39,200,true,110,110,38
1767653459879,37,200,true,110,110,37
1767653459879,42,200,true,110,110,42
1767653459873,48,200,true,110,110,48
1767653459880,41,200,true,110,110,41
1767653459881,41,200,true,110,110,41
1767653459881,41,200,true,110,110,41
1767653459880,42,200,true,110,110,42
1767653459873,50,200,true,110,110,50
1767653459878,45,200,true,110,110,45
1767653459882,42,200,true,110,110,42
1767653459881,43,200,true,110,110,43
1767653459873,52,200,true,110,110,51
1767653459881,44,200,true,110,110,44
1767653459875,51,200,true,110,110,51
1767653459878,49,200,true,110,110,49
1767653459873,54,200,true,110,110,54
1767653459877,50,200,true,110,110,50
1767653459873,54,200,true,110,110,54
1767653459881,46,200,true,110,110,46
1767653459879,49,200,true,110,110,49
1767653459880,51,200,true,110,110,51
1767653459879,52,200,true,110,110,52
1767653459881,50,200,true,110,110,50
1767653459875,56,200,true,110,110,56
1767653459880,51,200,true,110,110,51
1767653459874,57,200,true,110,110,57
1767653459880,51,200,true,110,110,51
1767653459877,54,200,true,110,110,54
1767653459877,54,200,true,110,110,54
1767653459873,59,200,true,110,110,59
1767653459879,53,200,true,110,110,53
1767653459878,54,200,true,110,110,54
1767653459879,53,200,true,110,110,53
1767653459879,53,200,true,110,110,53
1767653459880,52,200,true,110,110,52
1767653459899,33,200,true,110,110,33
1767653459878,54,200,true,110,110,54
1767653459876,57,200,true,110,110,57
1767653459874,59,200,true,110,110,59
1767653459878,55,200,true,110,110,55
1767653459877,56,200,true,110,110,56
1767653459875,59,200,true,110,110,59
1767653459879,55,200,true,110,110,55
1767653459880,55,200,true,110,110,55
1767653459874,61,200,true,110,110,61
1767653459874,61,200,true,110,110,61
1767653459879,56,200,true,110,110,56
1767653459874,61,200,true,110,110,61
1767653459902,34,200,true,110,110,34
1767653459898,38,200,true,110,110,38
1767653459880,57,200,true,110,110,57
1767653459874,63,200,true,110,110,63
1767653459875,62,200,true,110,110,62
1767653459879,58,200,true,110,110,55
1767653459879,58,200,true,110,110,58
1767653459878,59,200,true,110,110,59
1767653459877,60,200,true,110,110,56
1767653459899,39,200,true,110,110,39
1767653459898,40,200,true,110,110,40
1767653459900,38,200,true,110,110,38
1767653459900,39,200,true,110,110,39
1767653459916,23,200,true,110,110,23
1767653459902,37,200,true,110,110,37
1767653459899,40,200,true,110,110,40
1767653459907,32,200,true,110,110,32
1767653459909,30,200,true,110,110,30
1767653459883,57,200,true,110,110,57
1767653459900,40,200,true,110,110,40
1767653459895,45,200,true,110,110,45
1767653459898,42,200,true,110,110,42
1767653459899,41,200,true,110,110,41
1767653459921,20,200,true,110,110,20
1767653459907,34,200,true,110,110,34
1767653459915,27,200,true,110,110,27
1767653459899,43,200,true,110,110,43
1767653459894,49,200,true,110,110,49
1767653459908,36,200,true,110,110,36
1767653459902,43,200,true,110,110,43
1767653459907,38,200,true,110,110,38
1767653459910,35,200,true,110,110,35
1767653459902,43,200,true,110,110,41
1767653459910,35,200,true,110,110,30
1767653459898,47,200,true,110,110,42
1767653459898,47,200,true,110,110,47
1767653459913,32,200,true,110,110,32
1767653459887,58,200,true,110,110,58
1767653459899,47,200,true,110,110,47
1767653459916,30,200,true,110,110,30
1767653459897,49,200,true,110,110,49
1767653459916,30,200,true,110,110,30
1767653459921,25,200,true,110,110,25
1767653459909,37,200,true,110,110,37
1767653459883,63,200,true,110,110,63
1767653459902,44,200,true,110,110,44
1767653459922,24,200,true,110,110,24
1767653459909,37,200,true,110,110,37
1767653459899,47,200,true,110,110,47
1767653459899,47,200,true,110,110,47
1767653459898,48,200,true,110,110,48
1767653459883,63,200,true,110,110,63
1767653459910,36,200,true,110,110,36
1767653459900,46,200,true,110,110,46
1767653459910,37,200,true,110,110,37
1767653459917,30,200,true,110,110,30
1767653459916,31,200,true,110,110,31
1767653459910,37,200,true,110,110,37
1767653459921,26,200,true,110,110,26
1767653459916,31,200,true,110,110,31
1767653459899,48,200,true,110,110,48
1767653459883,64,200,true,110,110,64
1767653459900,47,200,true,110,110,47
1767653459899,48,200,true,110,110,48
1767653459902,45,200,true,110,110,45
1767653459902,45,200,true,110,110,40
1767653459897,51,200,true,110,110,51
1767653459928,24,200,true,110,110,24
1767653459927,28,200,true,110,110,28
1767653459932,23,200,true,110,110,23
1767653459927,28,200,true,110,110,28
1767653459931,25,200,true,110,110,25
1767653459927,29,200,true,110,110,29
1767653459923,33,200,true,110,110,33
1767653459925,31,200,true,110,110,31
1767653459925,31,200,true,110,110,31
1767653459926,31,200,true,110,110,31
1767653459927,30,200,true,110,110,30
1767653459924,47,200,true,110,110,47
1767653459927,44,200,true,110,110,44
1767653459936,35,200,true,110,110,35
1767653459931,40,200,true,110,110,40
1767653459932,39,200,true,110,110,39
1767653459931,40,200,true,110,110,40
1767653459931,40,200,true,110,110,40
1767653459931,41,200,true,110,110,41
1767653459936,36,200,true,110,110,36
1767653459937,35,200,true,110,110,35
1767653459931,41,200,true,110,110,41
1767653459922,50,200,true,110,110,50
1767653459932,40,200,true,110,110,40
1767653459922,50,200,true,110,110,50
1767653459932,40,200,true,110,110,40
1767653459932,40,200,true,110,110,40
1767653459935,37,200,true,110,110,37
1767653459931,41,200,true,110,110,41
1767653459935,37,200,true,110,110,37
1767653459932,40,200,true,110,110,40
1767653459931,41,200,true,110,110,41
1767653459935,38,200,true,110,110,37
1767653459937,36,200,true,110,110,36
1767653459934,39,200,true,110,110,39
1767653459932,41,200,true,110,110,41
1767653459923,50,200,true,110,110,50
1767653459938,35,200,true,110,110,35
1767653459937,36,200,true,110,110,36
1767653459937,36,200,true,110,110,36
1767653459924,50,200,true,110,110,50
1767653459933,42,200,true,110,110,41
1767653459933,44,200,true,110,110,44
1767653459946,32,200,true,110,110,32
1767653459946,40,200,true,110,110,40
1767653459946,40,200,true,110,110,40
1767653459935,51,200,true,110,110,51
1767653459947,39,200,true,110,110,39
1767653459946,40,200,true,110,110,40
1767653459939,47,200,true,110,110,47
1767653459940,47,200,true,110,110,47
1767653459947,40,200,true,110,110,40
1767653459946,41,200,true,110,110,41
1767653459945,42,200,true,110,110,42
1767653459948,40,200,true,110,110,40
1767653459945,43,200,true,110,110,43
1767653459947,41,200,true,110,110,41
1767653459946,42,200,true,110,110,42
1767653459945,43,200,true,110,110,43
1767653459939,49,200,true,110,110,49
1767653459939,49,200,true,110,110,49
1767653459943,45,200,true,110,110,45
1767653459938,50,200,true,110,110,50
1767653459945,43,200,true,110,110,43
1767653459947,42,200,true,110,110,42
1767653459938,51,200,true,110,110,51
1767653459945,44,200,true,110,110,44
1767653459937,52,200,true,110,110,52
1767653459933,56,200,true,110,110,56
1767653459940,49,200,true,110,110,49
1767653459946,43,200,true,110,110,43
1767653459945,44,200,true,110,110,44
1767653459939,50,200,true,110,110,50
1767653459946,44,200,true,110,110,43
1767653459947,43,200,true,110,110,43
1767653459945,45,200,true,110,110,45
1767653459946,44,200,true,110,110,44
1767653459945,45,200,true,110,110,45
1767653459933,57,200,true,110,110,57
1767653459940,50,200,true,110,110,50
1767653459957,33,200,true,110,110,33
1767653459942,48,200,true,110,110,48
1767653459948,42,200,true,110,110,42
1767653459941,49,200,true,110,110,49
1767653459947,43,200,true,110,110,43
1767653459941,50,200,true,110,110,50
1767653459948,43,200,true,110,110,43
1767653459946,45,200,true,110,110,45
1767653459947,44,200,true,110,110,44
1767653459947,44,200,true,110,110,44
1767653459942,49,200,true,110,110,49
1767653459956,35,200,true,110,110,35
1767653459940,51,200,true,110,110,51
1767653459946,45,200,true,110,110,45
1767653459957,34,200,true,110,110,34
1767653459944,47,200,true,110,110,47
1767653459946,45,200,true,110,110,45
1767653459937,54,200,true,110,110,54
1767653459940,52,200,true,110,110,52
1767653459956,36,200,true,110,110,36
1767653459955,37,200,true,110,110,37
1767653459947,45,200,true,110,110,45
1767653459946,46,200,true,110,110,46
1767653459946,46,200,true,110,110,46
1767653459941,51,200,true,110,110,51
1767653459956,36,200,true,110,110,36
1767653459947,45,200,true,110,110,45
1767653459955,37,200,true,110,110,37
1767653459947,45,200,true,110,110,45
1767653459956,37,200,true,110,110,37
1767653459947,46,200,true,110,110,46
1767653459952,41,200,true,110,110,41
1767653459946,47,200,true,110,110,47
1767653459956,37,200,true,110,110,37
1767653459955,38,200,true,110,110,38
1767653459932,61,200,true,110,110,61
1767653459940,54,200,true,110,110,54
1767653459935,59,200,true,110,110,59
1767653459934,60,200,true,110,110,60
1767653459932,63,200,true,110,110,62
1767653459937,58,200,true,110,110,57
1767653459972,28,200,true,110,110,28
1767653459972,28,200,true,110,110,28
1767653459973,27,200,true,110,110,27
1767653459972,28,200,true,110,110,28
1767653459973,27,200,true,110,110,27
1767653459971,30,200,true,110,110,30
1767653459972,29,200,true,110,110,29
1767653459978,23,200,true,110,110,23
1767653459972,29,200,true,110,110,29
1767653459973,28,200,true,110,110,28
1767653459973,28,200,true,110,110,28
1767653459972,29,200,true,110,110,29
1767653459971,31,200,true,110,110,31
1767653459973,29,200,true,110,110,29
1767653459972,30,200,true,110,110,30
1767653459973,29,200,true,110,110,29
1767653459972,30,200,true,110,110,30
1767653459973,30,200,true,110,110,30
1767653459972,31,200,true,110,110,31
1767653459972,32,200,true,110,110,32
1767653459977,27,200,true,110,110,27
1767653459971,33,200,true,110,110,33
1767653459971,33,200,true,110,110,33
1767653459972,32,200,true,110,110,32
1767653459975,29,200,true,110,110,29
1767653459972,33,200,true,110,110,33
1767653459972,33,200,true,110,110,33
1767653459972,33,200,true,110,110,33
1767653459971,34,200,true,110,110,34
1767653459973,32,200,true,110,110,32
1767653459972,33,200,true,110,110,33
1767653459974,32,200,true,110,110,32
1767653459971,37,200,true,110,110,37
1767653459988,23,200,true,110,110,23
1767653459991,20,200,true,110,110,20
1767653459987,25,200,true,110,110,25
1767653459988,25,200,true,110,110,25
1767653459990,23,200,true,110,110,23
1767653459986,27,200,true,110,110,27
1767653459992,21,200,true,110,110,21
1767653459988,26,200,true,110,110,26
1767653459988,26,200,true,110,110,26
1767653459990,26,200,true,110,110,26
1767653459990,26,200,true,110,110,26
1767653459987,29,200,true,110,110,27
1767653459988,28,200,true,110,110,28
1767653459990,27,200,true,110,110,27
1767653459992,25,200,true,110,110,25
1767653459989,28,200,true,110,110,28
1767653459990,27,200,true,110,110,27
1767653459991,27,200,true,110,110,27
1767653459988,30,200,true,110,110,29
1767653459989,29,200,true,110,110,29
1767653459989,29,200,true,110,110,29
1767653459990,38,200,true,110,110,38
1767653459991,39,200,true,110,110,39
1767653459989,41,200,true,110,110,41
1767653459989,41,200,true,110,110,41
1767653459991,39,200,true,110,110,39
1767653459989,41,200,true,110,110,41
1767653459988,42,200,true,110,110,42
1767653459988,43,200,true,110,110,43
1767653459991,40,200,true,110,110,40
1767653459986,45,200,true,110,110,45
1767653459991,40,200,true,110,110,40
1767653459992,39,200,true,110,110,39
1767653459990,41,200,true,110,110,41
1767653459994,37,200,true,110,110,37
1767653459989,42,200,true,110,110,42
1767653459992,39,200,true,110,110,39
1767653459992,39,200,true,110,110,39
1767653459988,44,200,true,110,110,44
1767653459993,39,200,true,110,110,39
1767653459991,41,200,true,110,110,41
1767653459989,44,200,true,110,110,44
1767653459988,46,200,true,110,110,46
1767653459990,44,200,true,110,110,44
1767653459990,44,200,true,110,110,44
1767653459995,39,200,true,110,110,39
1767653459993,41,200,true,110,110,41
1767653459992,43,200,true,110,110,43
1767653459994,41,200,true,110,110,41
1767653459986,49,200,true,110,110,49
1767653459989,46,200,true,110,110,46
1767653459994,41,200,true,110,110,41
1767653459993,43,200,true,110,110,43
1767653459993,43,200,true,110,110,43
1767653459987,49,200,true,110,110,49
1767653459991,45,200,true,110,110,45
1767653459992,45,200,true,110,110,45
1767653460008,29,200,true,110,110,28
1767653460006,31,200,true,110,110,31
1767653460005,32,200,true,110,110,31
1767653459992,45,200,true,110,110,45
1767653460002,35,200,true,110,110,35
1767653459986,51,200,true,110,110,51
1767653459991,46,200,true,110,110,46
1767653460001,37,200,true,110,110,36
1767653459991,47,200,true,110,110,47
1767653459991,47,200,true,110,110,47
1767653460001,37,200,true,110,110,37
1767653460002,36,200,true,110,110,36
1767653459992,46,200,true,110,110,46
1767653460004,34,200,true,110,110,34
1767653460004,34,200,true,110,110,34
1767653459991,47,200,true,110,110,47
1767653459991,47,200,true,110,110,47
1767653460005,33,200,true,110,110,33
1767653459995,43,200,true,110,110,43
1767653459986,53,200,true,110,110,53
1767653459991,48,200,true,110,110,48
1767653459990,49,200,true,110,110,49
1767653459992,47,200,true,110,110,47
1767653459993,47,200,true,110,110,47
1767653459989,51,200,true,110,110,51
1767653459990,50,200,true,110,110,45
1767653459986,55,200,true,110,110,50
1767653459993,48,200,true,110,110,47
1767653459992,49,200,true,110,110,49
1767653460014,31,200,true,110,110,31
1767653460003,42,200,true,110,110,42
1767653460001,44,200,true,110,110,44
1767653460001,44,200,true,110,110,44
1767653460004,41,200,true,110,110,41
1767653460002,43,200,true,110,110,43
1767653460002,43,200,true,110,110,43
1767653460004,42,200,true,110,110,42
1767653460002,44,200,true,110,110,44
1767653460001,45,200,true,110,110,45
1767653459994,52,200,true,110,110,52
1767653460005,42,200,true,110,110,42
1767653460002,45,200,true,110,110,44
1767653460001,46,200,true,110,110,46
1767653460001,46,200,true,110,110,46
1767653460001,48,200,true,110,110,48
1767653460001,48,200,true,110,110,48
1767653460004,45,200,true,110,110,45
1767653460002,47,200,true,110,110,47
1767653460001,49,200,true,110,110,49
1767653460003,47,200,true,110,110,43
1767653460004,48,200,true,110,110,46
1767653460012,41,200,true,110,110,41
1767653460014,39,200,true,110,110,39
1767653460005,51,200,true,110,110,51
1767653460018,39,200,true,110,110,39
1767653460013,44,200,true,110,110,44
1767653460028,30,200,true,110,110,29
1767653460005,53,200,true,110,110,53
1767653460030,28,200,true,110,110,28
1767653460016,42,200,true,110,110,42
1767653460018,40,200,true,110,110,39
1767653460030,28,200,true,110,110,28
1767653460014,45,200,true,110,110,45
1767653460013,46,200,true,110,110,45
1767653460030,29,200,true,110,110,29
1767653460011,48,200,true,110,110,48
1767653460018,41,200,true,110,110,41
1767653460017,43,200,true,110,110,43
1767653460017,43,200,true,110,110,43
1767653460016,44,200,true,110,110,44
1767653460017,43,200,true,110,110,43
1767653460012,49,200,true,110,110,49
1767653460016,45,200,true,110,110,45
1767653460017,44,200,true,110,110,44
1767653460037,25,200,true,110,110,25
1767653460005,57,200,true,110,110,57
1767653460031,35,200,true,110,110,35
1767653460031,35,200,true,110,110,35
1767653460036,30,200,true,110,110,30
1767653460031,36,200,true,110,110,36
1767653460016,51,200,true,110,110,51
1767653460035,32,200,true,110,110,32
1767653460034,34,200,true,110,110,34
1767653460034,34,200,true,110,110,34
1767653460031,38,200,true,110,110,38
1767653460034,35,200,true,110,110,35
1767653460038,31,200,true,110,110,31
1767653460034,35,200,true,110,110,35
1767653460031,38,200,true,110,110,38
1767653460031,38,200,true,110,110,38
1767653460036,39,200,true,110,110,39
1767653460040,36,200,true,110,110,36
1767653460039,37,200,true,110,110,37
1767653460039,37,200,true,110,110,37
1767653460037,39,200,true,110,110,39
1767653460039,37,200,true,110,110,37
1767653460032,44,200,true,110,110,44
1767653460047,30,200,true,110,110,30
1767653460045,32,200,true,110,110,32
1767653460045,32,200,true,110,110,32
1767653460038,39,200,true,110,110,39
1767653460031,46,200,true,110,110,46
1767653460013,64,200,true,110,110,64
1767653460038,39,200,true,110,110,39
1767653460037,40,200,true,110,110,40
1767653460045,32,200,true,110,110,32
1767653460035,42,200,true,110,110,42
1767653460046,31,200,true,110,110,31
1767653460049,28,200,true,110,110,28
1767653460038,41,200,true,110,110,41
1767653460046,33,200,true,110,110,33
1767653460035,44,200,true,110,110,44
1767653460047,32,200,true,110,110,32
1767653460031,48,200,true,110,110,48
1767653460049,30,200,true,110,110,30
1767653460037,42,200,true,110,110,42
1767653460047,32,200,true,110,110,32
1767653460037,42,200,true,110,110,42
1767653460038,41,200,true,110,110,41
1767653460034,45,200,true,110,110,45
1767653460040,40,200,true,110,110,40
1767653460039,41,200,true,110,110,41
1767653460037,43,200,true,110,110,43
1767653460032,49,200,true,110,110,49
1767653460037,44,200,true,110,110,44
1767653460030,51,200,true,110,110,51
1767653460040,41,200,true,110,110,41
1767653460050,31,200,true,110,110,31
1767653460041,40,200,true,110,110,40
1767653460031,51,200,true,110,110,51
1767653460035,47,200,true,110,110,47
1767653460036,46,200,true,110,110,46
1767653460041,41,200,true,110,110,41
1767653460032,50,200,true,110,110,50
1767653460030,53,200,true,110,110,53
1767653460038,45,200,true,110,110,45
1767653460046,37,200,true,110,110,37
1767653460037,46,200,true,110,110,46
1767653460035,48,200,true,110,110,48
1767653460045,38,200,true,110,110,38
1767653460031,52,200,true,110,110,52
1767653460045,38,200,true,110,110,38
1767653460053,30,200,true,110,110,30
1767653460057,26,200,true,110,110,26
1767653460038,45,200,true,110,110,45
1767653460050,34,200,true,110,110,34
1767653460047,37,200,true,110,110,37
1767653460038,46,200,true,110,110,46
1767653460050,34,200,true,110,110,34
1767653460038,46,200,true,110,110,46
1767653460049,35,200,true,110,110,35
1767653460031,54,200,true,110,110,54
1767653460042,43,200,true,110,110,43
1767653460053,32,200,true,110,110,32
1767653460068,17,200,true,110,110,17
1767653460062,23,200,true,110,110,23
1767653460046,39,200,true,110,110,39
1767653460061,24,200,true,110,110,24
1767653460069,16,200,true,110,110,16
1767653460040,45,200,true,110,110,45
1767653460069,16,200,true,110,110,16
1767653460069,16,200,true,110,110,16
1767653460056,29,200,true,110,110,29
1767653460070,15,200,true,110,110,15
1767653460060,25,200,true,110,110,25
1767653460046,40,200,true,110,110,40
1767653460067,19,200,true,110,110,19
1767653460069,17,200,true,110,110,17
1767653460076,10,200,true,110,110,10
1767653460059,27,200,true,110,110,27
1767653460036,50,200,true,110,110,50
1767653460066,20,200,true,110,110,20
1767653460058,28,200,true,110,110,28
1767653460052,34,200,true,110,110,34
1767653460058,28,200,true,110,110,28
1767653460059,27,200,true,110,110,27
1767653460066,20,200,true,110,110,20
1767653460068,18,200,true,110,110,18
1767653460046,40,200,true,110,110,40
1767653460038,48,200,true,110,110,48
1767653460060,26,200,true,110,110,26
1767653460060,26,200,true,110,110,26
1767653460058,28,200,true,110,110,28
1767653460059,28,200,true,110,110,28
1767653460037,50,200,true,110,110,50
1767653460069,18,200,true,110,110,18
1767653460062,25,200,true,110,110,25
1767653460018,69,200,true,110,110,69
1767653460059,28,200,true,110,110,28
1767653460058,29,200,true,110,110,29
1767653460038,49,200,true,110,110,49
1767653460057,30,200,true,110,110,30
1767653460061,26,200,true,110,110,26
1767653460058,29,200,true,110,110,29
1767653460060,27,200,true,110,110,27
1767653460058,30,200,true,110,110,30
1767653460059,29,200,true,110,110,29
1767653460067,21,200,true,110,110,21
1767653460066,22,200,true,110,110,22
1767653460067,21,200,true,110,110,21
1767653460061,27,200,true,110,110,27
1767653460082,18,200,true,110,110,18
1767653460087,13,200,true,110,110,13
1767653460086,14,200,true,110,110,14
1767653460086,14,200,true,110,110,14
1767653460085,15,200,true,110,110,15
1767653460086,14,200,true,110,110,14
1767653460085,16,200,true,110,110,16
1767653460086,15,200,true,110,110,15
1767653460084,17,200,true,110,110,17
1767653460087,14,200,true,110,110,14
1767653460085,16,200,true,110,110,16
1767653460084,17,200,true,110,110,17
1767653460080,21,200,true,110,110,21
1767653460087,15,200,true,110,110,14
1767653460077,25,200,true,110,110,25
1767653460087,16,200,true,110,110,16
1767653460087,16,200,true,110,110,16
1767653460086,17,200,true,110,110,17
1767653460077,27,200,true,110,110,27
1767653460080,24,200,true,110,110,24
1767653460079,27,200,true,110,110,23
1767653460086,29,200,true,110,110,28
1767653460085,30,200,true,110,110,30
1767653460081,34,200,true,110,110,34
1767653460085,30,200,true,110,110,30
1767653460087,28,200,true,110,110,28
1767653460086,29,200,true,110,110,29
1767653460083,32,200,true,110,110,32
1767653460077,38,200,true,110,110,38
1767653460086,29,200,true,110,110,29
1767653460077,39,200,true,110,110,39
1767653460077,39,200,true,110,110,39
1767653460083,33,200,true,110,110,33
1767653460086,32,200,true,110,110,30
1767653460085,33,200,true,110,110,33
1767653460087,31,200,true,110,110,31
1767653460083,35,200,true,110,110,35
1767653460083,36,200,true,110,110,36
1767653460081,38,200,true,110,110,38
1767653460079,40,200,true,110,110,40
1767653460079,40,200,true,110,110,40
1767653460085,34,200,true,110,110,34
1767653460077,42,200,true,110,110,42
1767653460081,38,200,true,110,110,38
1767653460082,37,200,true,110,110,37
1767653460083,36,200,true,110,110,36
1767653460081,38,200,true,110,110,38
1767653460085,35,200,true,110,110,34
1767653460087,33,200,true,110,110,32
1767653460083,37,200,true,110,110,37
1767653460083,37,200,true,110,110,37
1767653460084,36,200,true,110,110,36
1767653460087,33,200,true,110,110,33
1767653460079,41,200,true,110,110,41
1767653460085,35,200,true,110,110,35
1767653460079,41,200,true,110,110,41
1767653460079,42,200,true,110,110,42
1767653460076,45,200,true,110,110,45
1767653460086,35,200,true,110,110,35
1767653460083,38,200,true,110,110,38
1767653460076,45,200,true,110,110,45
1767653460079,42,200,true,110,110,42
1767653460076,45,200,true,110,110,45
1767653460082,40,200,true,110,110,40
1767653460086,36,200,true,110,110,36
1767653460077,45,200,true,110,110,45
1767653460077,45,200,true,110,110,45
1767653460075,47,200,true,110,110,47
1767653460083,39,200,true,110,110,33
1767653460077,45,200,true,110,110,45
1767653460081,45,200,true,110,110,41
1767653460085,41,200,true,110,110,35
1767653460084,43,200,true,110,110,43
1767653460079,48,200,true,110,110,48
1767653460084,44,200,true,110,110,44
1767653460079,49,200,true,110,110,49
1767653460086,42,200,true,110,110,41
1767653460076,52,200,true,110,110,51
1767653460084,44,200,true,110,110,44
1767653460085,49,200,true,110,110,49
1767653460102,32,200,true,110,110,32
1767653460100,34,200,true,110,110,34
1767653460100,37,200,true,110,110,37
1767653460101,37,200,true,110,110,37
1767653460101,37,200,true,110,110,37
1767653460115,24,200,true,110,110,24
1767653460115,26,200,true,110,110,26
1767653460101,40,200,true,110,110,40
1767653460115,28,200,true,110,110,28
1767653460100,43,200,true,110,110,43
1767653460077,68,200,true,110,110,68
1767653460088,58,200,true,110,110,58
1767653460101,45,200,true,110,110,45
1767653460079,67,200,true,110,110,67
1767653460077,69,200,true,110,110,69
1767653460083,63,200,true,110,110,63
1767653460104,42,200,true,110,110,42
1767653460086,61,200,true,110,110,61
1767653460087,60,200,true,110,110,60
1767653460083,64,200,true,110,110,64
1767653460082,65,200,true,110,110,65
1767653460087,60,200,true,110,110,60
1767653460082,65,200,true,110,110,65
1767653460088,60,200,true,110,110,60
1767653460077,71,200,true,110,110,71
1767653460086,62,200,true,110,110,62
1767653460085,63,200,true,110,110,63
1767653460086,62,200,true,110,110,62
1767653460079,69,200,true,110,110,69
1767653460076,72,200,true,110,110,72
1767653460101,49,200,true,110,110,49
1767653460101,49,200,true,110,110,49
1767653460104,46,200,true,110,110,46
1767653460102,48,200,true,110,110,48
1767653460115,36,200,true,110,110,36
1767653460115,36,200,true,110,110,36
1767653460080,71,200,true,110,110,71
1767653460085,66,200,true,110,110,66
1767653460103,48,200,true,110,110,48
1767653460100,51,200,true,110,110,51
1767653460088,63,200,true,110,110,63
1767653460115,37,200,true,110,110,37
1767653460086,67,200,true,110,110,67
1767653460087,66,200,true,110,110,65
1767653460106,47,200,true,110,110,47
1767653460088,65,200,true,110,110,64
1767653460085,68,200,true,110,110,67
1767653460115,38,200,true,110,110,38
1767653460088,65,200,true,110,110,65
1767653460086,67,200,true,110,110,66
1767653460081,72,200,true,110,110,72
1767653460115,38,200,true,110,110,36
1767653460088,66,200,true,110,110,65
1767653460087,67,200,true,110,110,67
1767653460103,52,200,true,110,110,52
1767653460121,34,200,true,110,110,34
1767653460121,36,200,true,110,110,36
1767653460120,37,200,true,110,110,37
1767653460120,37,200,true,110,110,37
1767653460119,38,200,true,110,110,38
1767653460122,35,200,true,110,110,35
1767653460121,37,200,true,110,110,37
1767653460119,39,200,true,110,110,39
1767653460119,39,200,true,110,110,39
1767653460120,38,200,true,110,110,38
1767653460141,17,200,true,110,110,17
1767653460118,41,200,true,110,110,41
1767653460134,25,200,true,110,110,25
1767653460145,14,200,true,110,110,14
1767653460119,40,200,true,110,110,40
1767653460122,37,200,true,110,110,37
1767653460122,37,200,true,110,110,37
1767653460138,21,200,true,110,110,21
1767653460120,39,200,true,110,110,39
1767653460116,43,200,true,110,110,43
1767653460103,56,200,true,110,110,56
1767653460120,39,200,true,110,110,39
1767653460134,26,200,true,110,110,26
1767653460120,40,200,true,110,110,40
1767653460122,38,200,true,110,110,38
1767653460143,17,200,true,110,110,17
1767653460127,33,200,true,110,110,33
1767653460122,38,200,true,110,110,38
1767653460122,38,200,true,110,110,38
1767653460119,42,200,true,110,110,41
1767653460100,61,200,true,110,110,61
1767653460126,43,200,true,110,110,43
1767653460120,50,200,true,110,110,50
1767653460120,51,200,true,110,110,50
1767653460118,53,200,true,110,110,53
1767653460126,45,200,true,110,110,45
1767653460138,33,200,true,110,110,33
1767653460134,37,200,true,110,110,37
1767653460102,70,200,true,110,110,70
1767653460122,50,200,true,110,110,50
1767653460121,51,200,true,110,110,50
1767653460140,32,200,true,110,110,32
1767653460101,71,200,true,110,110,71
1767653460115,57,200,true,110,110,57
1767653460116,56,200,true,110,110,56
1767653460122,50,200,true,110,110,50
1767653460119,55,200,true,110,110,55
1767653460116,58,200,true,110,110,58
1767653460118,56,200,true,110,110,56
1767653460143,35,200,true,110,110,33
1767653460150,30,200,true,110,110,30
1767653460147,34,200,true,110,110,34
1767653460155,26,200,true,110,110,26
1767653460128,53,200,true,110,110,53
1767653460148,33,200,true,110,110,33
1767653460153,29,200,true,110,110,29
1767653460121,61,200,true,110,110,60
1767653460121,61,200,true,110,110,61
1767653460153,29,200,true,110,110,29
1767653460147,35,200,true,110,110,35
1767653460157,26,200,true,110,110,26
1767653460150,33,200,true,110,110,33
1767653460151,33,200,true,110,110,32
1767653460151,34,200,true,110,110,34
1767653460148,38,200,true,110,110,38
1767653460158,28,200,true,110,110,28
1767653460153,34,200,true,110,110,34
1767653460128,59,200,true,110,110,59
1767653460157,30,200,true,110,110,30
1767653460119,68,200,true,110,110,68
1767653460153,35,200,true,110,110,35
1767653460158,30,200,true,110,110,30
1767653460147,41,200,true,110,110,41
1767653460148,40,200,true,110,110,40
1767653460150,38,200,true,110,110,38
1767653460148,40,200,true,110,110,40
1767653460157,31,200,true,110,110,31
1767653460153,36,200,true,110,110,35
1767653460147,43,200,true,110,110,43
1767653460157,33,200,true,110,110,33
1767653460153,38,200,true,110,110,38
1767653460141,51,200,true,110,110,51
1767653460118,74,200,true,110,110,74
1767653460148,45,200,true,110,110,45
1767653460154,39,200,true,110,110,39
1767653460148,45,200,true,110,110,45
1767653460153,41,200,true,110,110,41
1767653460137,57,200,true,110,110,57
1767653460120,74,200,true,110,110,74
1767653460119,76,200,true,110,110,76
1767653460128,67,200,true,110,110,67
1767653460128,67,200,true,110,110,67
1767653460120,76,200,true,110,110,76
1767653460127,69,200,true,110,110,69
1767653460151,45,200,true,110,110,45
1767653460119,77,200,true,110,110,77
1767653460152,44,200,true,110,110,44
1767653460128,68,200,true,110,110,68
1767653460154,48,200,true,110,110,48
1767653460157,47,200,true,110,110,47
1767653460153,51,200,true,110,110,51
1767653460159,45,200,true,110,110,45
1767653460146,58,200,true,110,110,58
1767653460160,44,200,true,110,110,44
1767653460147,57,200,true,110,110,57
1767653460159,45,200,true,110,110,45
1767653460159,46,200,true,110,110,46
1767653460178,27,200,true,110,110,27
1767653460146,59,200,true,110,110,59
1767653460159,46,200,true,110,110,46
1767653460148,57,200,true,110,110,57
1767653460160,45,200,true,110,110,45
1767653460159,46,200,true,110,110,46
1767653460170,36,200,true,110,110,36
1767653460171,35,200,true,110,110,35
1767653460151,55,200,true,110,110,55
1767653460159,47,200,true,110,110,47
1767653460148,58,200,true,110,110,58
1767653460181,25,200,true,110,110,25
1767653460146,60,200,true,110,110,60
1767653460158,48,200,true,110,110,48
1767653460172,34,200,true,110,110,34
1767653460161,45,200,true,110,110,45
1767653460158,48,200,true,110,110,48
1767653460146,60,200,true,110,110,60
1767653460172,34,200,true,110,110,34
1767653460153,53,200,true,110,110,53
1767653460158,48,200,true,110,110,48
1767653460160,47,200,true,110,110,47
1767653460159,48,200,true,110,110,48
1767653460153,54,200,true,110,110,54
1767653460146,61,200,true,110,110,61
1767653460187,20,200,true,110,110,20
1767653460171,36,200,true,110,110,36
1767653460172,35,200,true,110,110,35
1767653460151,56,200,true,110,110,56
1767653460160,47,200,true,110,110,47
1767653460189,18,200,true,110,110,18
1767653460180,27,200,true,110,110,27
1767653460160,47,200,true,110,110,47
1767653460188,19,200,true,110,110,19
1767653460172,35,200,true,110,110,35
1767653460188,19,200,true,110,110,19
1767653460184,23,200,true,110,110,23
1767653460183,24,200,true,110,110,24
1767653460159,48,200,true,110,110,48
1767653460183,24,200,true,110,110,24
1767653460188,19,200,true,110,110,19
1767653460182,26,200,true,110,110,26
1767653460171,37,200,true,110,110,37
1767653460160,48,200,true,110,110,48
1767653460172,36,200,true,110,110,36
1767653460186,22,200,true,110,110,22
1767653460185,23,200,true,110,110,23
1767653460188,20,200,true,110,110,20
1767653460155,53,200,true,110,110,53
1767653460151,57,200,true,110,110,57
1767653460182,26,200,true,110,110,26
1767653460159,50,200,true,110,110,50
1767653460187,22,200,true,110,110,22
1767653460190,19,200,true,110,110,19
1767653460170,39,200,true,110,110,39
1767653460188,21,200,true,110,110,21
1767653460194,15,200,true,110,110,15
1767653460146,63,200,true,110,110,63
1767653460182,27,200,true,110,110,27
1767653460172,37,200,true,110,110,37
1767653460181,28,200,true,110,110,28
1767653460190,19,200,true,110,110,19
1767653460181,28,200,true,110,110,28
1767653460172,37,200,true,110,110,37
1767653460182,28,200,true,110,110,28
1767653460151,59,200,true,110,110,57
1767653460188,22,200,true,110,110,22
1767653460161,49,200,true,110,110,48
1767653460171,39,200,true,110,110,39
1767653460160,50,200,true,110,110,50
1767653460151,59,200,true,110,110,59
1767653460186,24,200,true,110,110,24
1767653460174,36,200,true,110,110,36
1767653460181,29,200,true,110,110,29
1767653460187,23,200,true,110,110,23
1767653460159,52,200,true,110,110,52
1767653460174,37,200,true,110,110,30
1767653460172,39,200,true,110,110,34
1767653460159,52,200,true,110,110,52
1767653460171,40,200,true,110,110,38
1767653460174,37,200,true,110,110,37
1767653460188,23,200,true,110,110,23
1767653460188,23,200,true,110,110,20
1767653460182,30,200,true,110,110,30
1767653460196,17,200,true,110,110,17
1767653460192,21,200,true,110,110,21
1767653460193,20,200,true,110,110,20
1767653460196,18,200,true,110,110,18
1767653460193,21,200,true,110,110,21
1767653460193,21,200,true,110,110,21
1767653460194,20,200,true,110,110,20
1767653460195,20,200,true,110,110,20
1767653460195,20,200,true,110,110,20
1767653460196,19,200,true,110,110,19
1767653460205,10,200,true,110,110,10
1767653460195,20,200,true,110,110,20
1767653460196,20,200,true,110,110,20
1767653460194,22,200,true,110,110,22
1767653460196,20,200,true,110,110,20
1767653460204,12,200,true,110,110,12
1767653460191,25,200,true,110,110,25
1767653460192,24,200,true,110,110,24
1767653460205,13,200,true,110,110,13
1767653460196,22,200,true,110,110,22
1767653460207,12,200,true,110,110,12
1767653460204,16,200,true,110,110,16
1767653460206,14,200,true,110,110,14
1767653460206,15,200,true,110,110,15
1767653460204,18,200,true,110,110,18
1767653460205,21,200,true,110,110,21
1767653460210,18,200,true,110,110,18
1767653460207,21,200,true,110,110,21
1767653460209,19,200,true,110,110,19
1767653460208,22,200,true,110,110,22
1767653460208,22,200,true,110,110,22
1767653460206,24,200,true,110,110,24
1767653460202,29,200,true,110,110,29
1767653460204,27,200,true,110,110,27
1767653460208,23,200,true,110,110,23
1767653460208,24,200,true,110,110,24
1767653460207,26,200,true,110,110,26
1767653460210,26,200,true,110,110,26
1767653460207,30,200,true,110,110,30
1767653460206,31,200,true,110,110,31
1767653460210,27,200,true,110,110,27
1767653460210,27,200,true,110,110,27
1767653460214,23,200,true,110,110,23
1767653460210,27,200,true,110,110,27
1767653460209,28,200,true,110,110,28
1767653460207,30,200,true,110,110,30
1767653460204,33,200,true,110,110,33
1767653460209,28,200,true,110,110,28
1767653460206,32,200,true,110,110,32
1767653460210,28,200,true,110,110,28
1767653460207,31,200,true,110,110,31
1767653460206,32,200,true,110,110,31
1767653460207,31,200,true,110,110,31
1767653460211,27,200,true,110,110,27
1767653460212,26,200,true,110,110,26
1767653460209,29,200,true,110,110,29
1767653460207,31,200,true,110,110,31
1767653460207,31,200,true,110,110,31
1767653460208,31,200,true,110,110,31
1767653460212,27,200,true,110,110,27
1767653460206,33,200,true,110,110,33
1767653460206,33,200,true,110,110,33
1767653460208,31,200,true,110,110,31
1767653460207,33,200,true,110,110,33
1767653460211,30,200,true,110,110,30
1767653460205,36,200,true,110,110,36
1767653460209,32,200,true,110,110,32
1767653460210,31,200,true,110,110,31
1767653460207,35,200,true,110,110,35
1767653460206,36,200,true,110,110,33
1767653460210,32,200,true,110,110,32
1767653460206,36,200,true,110,110,36
1767653460209,33,200,true,110,110,33
1767653460207,36,200,true,110,110,36
1767653460211,32,200,true,110,110,32
1767653460215,28,200,true,110,110,28
1767653460206,37,200,true,110,110,37
1767653460209,34,200,true,110,110,34
1767653460211,32,200,true,110,110,32
1767653460211,34,200,true,110,110,34
1767653460206,39,200,true,110,110,39
1767653460207,39,200,true,110,110,39
1767653460211,35,200,true,110,110,34
1767653460209,37,200,true,110,110,33
1767653460205,41,200,true,110,110,41
1767653460210,36,200,true,110,110,36
1767653460228,18,200,true,110,110,18
1767653460207,40,200,true,110,110,39
1767653460211,36,200,true,110,110,36
1767653460206,45,200,true,110,110,45
1767653460208,44,200,true,110,110,44
1767653460209,43,200,true,110,110,43
1767653460207,45,200,true,110,110,40
1767653460214,40,200,true,110,110,40
1767653460207,47,200,true,110,110,47
1767653460208,46,200,true,110,110,46
1767653460213,41,200,true,110,110,41
1767653460209,45,200,true,110,110,45
1767653460204,50,200,true,110,110,50
1767653460215,39,200,true,110,110,39
1767653460211,44,200,true,110,110,44
1767653460208,47,200,true,110,110,47
1767653460208,47,200,true,110,110,47
1767653460216,39,200,true,110,110,39
1767653460206,49,200,true,110,110,49
1767653460205,50,200,true,110,110,50
1767653460218,37,200,true,110,110,37
1767653460228,27,200,true,110,110,27
1767653460208,47,200,true,110,110,47
1767653460209,46,200,true,110,110,45
1767653460213,42,200,true,110,110,42
1767653460216,39,200,true,110,110,39
1767653460216,39,200,true,110,110,39
1767653460205,50,200,true,110,110,50
1767653460214,42,200,true,110,110,42
1767653460206,50,200,true,110,110,50
1767653460216,41,200,true,110,110,41
1767653460218,39,200,true,110,110,39
1767653460207,50,200,true,110,110,50
1767653460209,48,200,true,110,110,48
1767653460215,43,200,true,110,110,43
1767653460206,52,200,true,110,110,52
1767653460211,47,200,true,110,110,47
1767653460216,42,200,true,110,110,42
1767653460215,43,200,true,110,110,43
1767653460216,43,200,true,110,110,43
1767653460213,46,200,true,110,110,46
1767653460215,44,200,true,110,110,44
1767653460207,52,200,true,110,110,52
1767653460208,52,200,true,110,110,52
1767653460209,51,200,true,110,110,51
1767653460238,30,200,true,110,110,30
1767653460220,50,200,true,110,110,50
1767653460228,43,200,true,110,110,43
1767653460222,51,200,true,110,110,51
1767653460220,53,200,true,110,110,53
1767653460237,37,200,true,110,110,37
1767653460220,54,200,true,110,110,54
1767653460230,44,200,true,110,110,44
1767653460239,35,200,true,110,110,35
1767653460221,53,200,true,110,110,53
1767653460238,37,200,true,110,110,37
1767653460237,38,200,true,110,110,38
1767653460237,51,200,true,110,110,51
1767653460214,74,200,true,110,110,74
1767653460241,47,200,true,110,110,47
1767653460254,34,200,true,110,110,34
1767653460238,50,200,true,110,110,50
1767653460254,34,200,true,110,110,34
1767653460238,50,200,true,110,110,50
1767653460254,35,200,true,110,110,35
1767653460231,58,200,true,110,110,58
1767653460243,46,200,true,110,110,46
1767653460238,51,200,true,110,110,51
1767653460233,56,200,true,110,110,56
1767653460238,51,200,true,110,110,51
1767653460242,47,200,true,110,110,47
1767653460241,48,200,true,110,110,48
1767653460255,34,200,true,110,110,34
1767653460242,47,200,true,110,110,47
1767653460241,48,200,true,110,110,48
1767653460254,35,200,true,110,110,35
1767653460259,31,200,true,110,110,31
1767653460237,53,200,true,110,110,53
1767653460245,45,200,true,110,110,45
1767653460255,35,200,true,110,110,35
1767653460255,35,200,true,110,110,35
1767653460238,53,200,true,110,110,53
1767653460241,50,200,true,110,110,50
1767653460239,52,200,true,110,110,52
1767653460238,53,200,true,110,110,53
1767653460246,45,200,true,110,110,45
1767653460255,36,200,true,110,110,36
1767653460246,45,200,true,110,110,45
1767653460255,36,200,true,110,110,36
1767653460242,50,200,true,110,110,50
1767653460243,49,200,true,110,110,49
1767653460252,40,200,true,110,110,40
1767653460247,45,200,true,110,110,45
1767653460254,38,200,true,110,110,38
1767653460230,62,200,true,110,110,62
1767653460240,53,200,true,110,110,53
1767653460258,35,200,true,110,110,35
1767653460230,63,200,true,110,110,63
1767653460246,47,200,true,110,110,47
1767653460259,34,200,true,110,110,34
1767653460260,34,200,true,110,110,34
1767653460243,51,200,true,110,110,51
1767653460237,57,200,true,110,110,57
1767653460252,43,200,true,110,110,43
1767653460237,58,200,true,110,110,58
1767653460243,52,200,true,110,110,52
1767653460260,35,200,true,110,110,35
1767653460259,37,200,true,110,110,37
1767653460237,59,200,true,110,110,59
1767653460231,65,200,true,110,110,65
1767653460256,40,200,true,110,110,40
1767653460246,50,200,true,110,110,50
1767653460255,41,200,true,110,110,41
1767653460256,40,200,true,110,110,40
1767653460274,22,200,true,110,110,22
1767653460257,39,200,true,110,110,39
1767653460239,57,200,true,110,110,57
1767653460255,41,200,true,110,110,41
1767653460255,41,200,true,110,110,41
1767653460255,41,200,true,110,110,41
1767653460259,37,200,true,110,110,37
1767653460237,59,200,true,110,110,59
1767653460252,44,200,true,110,110,44
1767653460255,41,200,true,110,110,41
1767653460238,58,200,true,110,110,58
1767653460275,22,200,true,110,110,22
1767653460257,40,200,true,110,110,40
1767653460239,58,200,true,110,110,58
1767653460271,26,200,true,110,110,26
1767653460274,23,200,true,110,110,23
1767653460255,42,200,true,110,110,42
1767653460273,25,200,true,110,110,25
1767653460255,45,200,true,110,110,45
1767653460237,64,200,true,110,110,64
1767653460238,63,200,true,110,110,63
1767653460255,46,200,true,110,110,46
1767653460255,46,200,true,110,110,46
1767653460258,43,200,true,110,110,43
1767653460270,31,200,true,110,110,31
1767653460239,62,200,true,110,110,62
1767653460242,59,200,true,110,110,59
1767653460258,43,200,true,110,110,43
1767653460274,28,200,true,110,110,28
1767653460245,57,200,true,110,110,57
1767653460243,59,200,true,110,110,59
1767653460274,28,200,true,110,110,28
1767653460260,42,200,true,110,110,42
1767653460247,55,200,true,110,110,55
1767653460251,51,200,true,110,110,51
1767653460257,45,200,true,110,110,45
1767653460268,34,200,true,110,110,34
1767653460258,44,200,true,110,110,44
1767653460255,47,200,true,110,110,47
1767653460246,56,200,true,110,110,56
1767653460258,44,200,true,110,110,44
1767653460246,56,200,true,110,110,56
1767653460238,65,200,true,110,110,65
1767653460243,60,200,true,110,110,60
1767653460255,48,200,true,110,110,48
1767653460238,65,200,true,110,110,65
1767653460233,70,200,true,110,110,61
1767653460242,61,200,true,110,110,49
1767653460231,72,200,true,110,110,72
1767653460226,77,200,true,110,110,68
1767653460274,38,200,true,110,110,38
1767653460274,39,200,true,110,110,39
1767653460275,38,200,true,110,110,38
1767653460290,31,200,true,110,110,31
1767653460288,35,200,true,110,110,35
1767653460289,35,200,true,110,110,35
1767653460289,35,200,true,110,110,35
1767653460289,35,200,true,110,110,35
1767653460291,33,200,true,110,110,33
1767653460289,35,200,true,110,110,35
1767653460292,33,200,true,110,110,33
1767653460288,37,200,true,110,110,37
1767653460291,34,200,true,110,110,34
1767653460289,36,200,true,110,110,36
1767653460289,36,200,true,110,110,36
1767653460291,34,200,true,110,110,34
1767653460290,35,200,true,110,110,35
1767653460294,32,200,true,110,110,32
1767653460293,33,200,true,110,110,33
1767653460296,30,200,true,110,110,30
1767653460296,30,200,true,110,110,30
1767653460291,35,200,true,110,110,35
1767653460296,31,200,true,110,110,31
1767653460289,38,200,true,110,110,38
1767653460292,35,200,true,110,110,35
1767653460293,34,200,true,110,110,34
1767653460289,38,200,true,110,110,38
1767653460290,37,200,true,110,110,37
1767653460293,34,200,true,110,110,34
1767653460289,38,200,true,110,110,38
1767653460294,33,200,true,110,110,33
1767653460288,39,200,true,110,110,39
1767653460289,38,200,true,110,110,38
1767653460291,37,200,true,110,110,37
1767653460288,40,200,true,110,110,40
1767653460292,36,200,true,110,110,36
1767653460289,39,200,true,110,110,39
1767653460293,35,200,true,110,110,35
1767653460289,39,200,true,110,110,39
1767653460288,40,200,true,110,110,40
1767653460290,38,200,true,110,110,38
1767653460290,38,200,true,110,110,38
1767653460289,40,200,true,110,110,40
1767653460293,36,200,true,110,110,36
1767653460297,32,200,true,110,110,32
1767653460288,41,200,true,110,110,41
1767653460293,36,200,true,110,110,36
1767653460297,32,200,true,110,110,32
1767653460296,33,200,true,110,110,32
1767653460291,38,200,true,110,110,38
1767653460296,33,200,true,110,110,33
1767653460301,29,200,true,110,110,29
1767653460296,34,200,true,110,110,34
1767653460291,39,200,true,110,110,39
1767653460297,33,200,true,110,110,33
1767653460301,29,200,true,110,110,29
1767653460296,34,200,true,110,110,34
1767653460292,38,200,true,110,110,38
1767653460296,34,200,true,110,110,34
1767653460296,35,200,true,110,110,35
1767653460297,35,200,true,110,110,34
1767653460301,31,200,true,110,110,31
1767653460296,36,200,true,110,110,36
1767653460296,37,200,true,110,110,36
1767653460298,35,200,true,110,110,35
1767653460296,37,200,true,110,110,37
1767653460300,33,200,true,110,110,33
1767653460298,35,200,true,110,110,33
1767653460296,38,200,true,110,110,38
1767653460292,42,200,true,110,110,42
1767653460297,37,200,true,110,110,37
1767653460295,40,200,true,110,110,40
1767653460296,44,200,true,110,110,37
1767653460293,47,200,true,110,110,47
1767653460295,50,200,true,110,110,50
1767653460296,49,200,true,110,110,49
1767653460302,43,200,true,110,110,43
1767653460296,50,200,true,110,110,50
1767653460302,44,200,true,110,110,44
1767653460294,53,200,true,110,110,53
1767653460302,45,200,true,110,110,45
1767653460296,53,200,true,110,110,53
1767653460302,47,200,true,110,110,47
1767653460303,47,200,true,110,110,47
1767653460328,27,200,true,110,110,27
1767653460302,53,200,true,110,110,53
1767653460303,52,200,true,110,110,52
1767653460303,53,200,true,110,110,52
1767653460323,33,200,true,110,110,33
1767653460302,54,200,true,110,110,54
1767653460328,28,200,true,110,110,28
1767653460313,43,200,true,110,110,43
1767653460324,32,200,true,110,110,32
1767653460326,30,200,true,110,110,30
1767653460325,31,200,true,110,110,31
1767653460327,29,200,true,110,110,29
1767653460302,54,200,true,110,110,54
1767653460321,35,200,true,110,110,35
1767653460301,55,200,true,110,110,55
1767653460327,29,200,true,110,110,29
1767653460324,32,200,true,110,110,32
1767653460325,31,200,true,110,110,31
1767653460301,55,200,true,110,110,55
1767653460325,31,200,true,110,110,31
1767653460302,54,200,true,110,110,54
1767653460301,55,200,true,110,110,55
1767653460313,43,200,true,110,110,43
1767653460324,32,200,true,110,110,32
1767653460303,54,200,true,110,110,54
1767653460313,44,200,true,110,110,44
1767653460303,54,200,true,110,110,54
1767653460334,23,200,true,110,110,23
1767653460324,33,200,true,110,110,33
1767653460324,33,200,true,110,110,33
1767653460326,31,200,true,110,110,31
1767653460332,25,200,true,110,110,25
1767653460327,30,200,true,110,110,30
1767653460332,25,200,true,110,110,25
1767653460302,55,200,true,110,110,55
1767653460326,31,200,true,110,110,31
1767653460328,29,200,true,110,110,29
1767653460302,55,200,true,110,110,55
1767653460302,55,200,true,110,110,55
1767653460296,61,200,true,110,110,61
1767653460302,55,200,true,110,110,55
1767653460327,31,200,true,110,110,31
1767653460325,33,200,true,110,110,33
1767653460295,63,200,true,110,110,63
1767653460327,31,200,true,110,110,31
1767653460303,55,200,true,110,110,55
1767653460302,56,200,true,110,110,56
1767653460302,57,200,true,110,110,57
1767653460326,33,200,true,110,110,33
1767653460302,57,200,true,110,110,57
1767653460296,63,200,true,110,110,63
1767653460302,58,200,true,110,110,56
1767653460327,33,200,true,110,110,33
1767653460329,31,200,true,110,110,31
1767653460329,31,200,true,110,110,31
1767653460330,30,200,true,110,110,30
1767653460335,25,200,true,110,110,25
1767653460350,10,200,true,110,110,10
1767653460328,32,200,true,110,110,32
1767653460330,31,200,true,110,110,31
1767653460303,58,200,true,110,110,56
1767653460345,16,200,true,110,110,16
1767653460333,28,200,true,110,110,28
1767653460345,16,200,true,110,110,16
1767653460330,31,200,true,110,110,31
1767653460328,34,200,true,110,110,34
1767653460303,59,200,true,110,110,58
1767653460329,33,200,true,110,110,33
1767653460335,27,200,true,110,110,27
1767653460333,29,200,true,110,110,29
1767653460325,37,200,true,110,110,37
1767653460340,22,200,true,110,110,22
1767653460330,32,200,true,110,110,32
1767653460328,34,200,true,110,110,34
1767653460334,29,200,true,110,110,29
1767653460347,16,200,true,110,110,16
1767653460329,34,200,true,110,110,34
1767653460301,64,200,true,110,110,64
1767653460340,26,200,true,110,110,26
1767653460327,39,200,true,110,110,39
1767653460332,35,200,true,110,110,35
1767653460330,37,200,true,110,110,37
1767653460333,35,200,true,110,110,35
1767653460329,39,200,true,110,110,39
1767653460329,39,200,true,110,110,39
1767653460325,43,200,true,110,110,43
1767653460347,21,200,true,110,110,21
1767653460329,39,200,true,110,110,39
1767653460327,41,200,true,110,110,41
1767653460330,38,200,true,110,110,38
1767653460349,19,200,true,110,110,19
1767653460349,19,200,true,110,110,19
1767653460328,41,200,true,110,110,41
1767653460331,38,200,true,110,110,38
1767653460328,41,200,true,110,110,41
1767653460333,37,200,true,110,110,37
1767653460346,25,200,true,110,110,25
1767653460330,41,200,true,110,110,41
1767653460329,43,200,true,110,110,43
1767653460327,45,200,true,110,110,40
1767653460328,45,200,true,110,110,45
1767653460325,48,200,true,110,110,48
1767653460328,45,200,true,110,110,45
1767653460328,47,200,true,110,110,47
1767653460346,29,200,true,110,110,29
1767653460333,43,200,true,110,110,43
1767653460326,50,200,true,110,110,50
1767653460329,47,200,true,110,110,47
1767653460330,46,200,true,110,110,46
1767653460358,25,200,true,110,110,25
1767653460357,26,200,true,110,110,26
1767653460357,26,200,true,110,110,26
1767653460356,27,200,true,110,110,27
1767653460356,28,200,true,110,110,28
1767653460356,28,200,true,110,110,28
1767653460357,27,200,true,110,110,27
1767653460357,27,200,true,110,110,27
1767653460355,29,200,true,110,110,29
1767653460359,25,200,true,110,110,25
1767653460358,26,200,true,110,110,26
1767653460356,28,200,true,110,110,28
1767653460356,29,200,true,110,110,29
1767653460357,28,200,true,110,110,28
1767653460357,28,200,true,110,110,28
1767653460356,29,200,true,110,110,29
1767653460358,27,200,true,110,110,27
1767653460357,28,200,true,110,110,28
1767653460346,39,200,true,110,110,39
1767653460357,28,200,true,110,110,28
1767653460355,31,200,true,110,110,31
1767653460357,29,200,true,110,110,29
1767653460356,30,200,true,110,110,30
1767653460356,30,200,true,110,110,30
1767653460357,29,200,true,110,110,29
1767653460355,32,200,true,110,110,32
1767653460358,29,200,true,110,110,28
1767653460359,28,200,true,110,110,28
1767653460356,31,200,true,110,110,31
1767653460357,30,200,true,110,110,30
1767653460360,28,200,true,110,110,28
1767653460356,32,200,true,110,110,32
1767653460356,32,200,true,110,110,32
1767653460357,31,200,true,110,110,31
1767653460361,27,200,true,110,110,27
1767653460360,28,200,true,110,110,28
1767653460357,31,200,true,110,110,31
1767653460356,32,200,true,110,110,32
1767653460356,32,200,true,110,110,32
1767653460357,32,200,true,110,110,32
1767653460356,33,200,true,110,110,33
1767653460360,29,200,true,110,110,29
1767653460360,29,200,true,110,110,29
1767653460356,33,200,true,110,110,33
1767653460359,30,200,true,110,110,30
1767653460356,33,200,true,110,110,33
1767653460361,31,200,true,110,110,31
1767653460358,35,200,true,110,110,35
1767653460358,35,200,true,110,110,31
1767653460361,32,200,true,110,110,32
1767653460360,33,200,true,110,110,33
1767653460360,33,200,true,110,110,33
1767653460358,36,200,true,110,110,36
1767653460362,33,200,true,110,110,32
1767653460356,41,200,true,110,110,41
1767653460357,42,200,true,110,110,42
1767653460357,42,200,true,110,110,42
1767653460356,44,200,true,110,110,44
1767653460368,32,200,true,110,110,32
1767653460361,41,200,true,110,110,41
1767653460357,45,200,true,110,110,45
1767653460356,46,200,true,110,110,46
1767653460357,45,200,true,110,110,45
1767653460368,34,200,true,110,110,26
1767653460359,43,200,true,110,110,43
1767653460370,33,200,true,110,110,29
1767653460362,41,200,true,110,110,41
1767653460362,41,200,true,110,110,41
1767653460360,43,200,true,110,110,40
1767653460369,42,200,true,110,110,42
1767653460376,35,200,true,110,110,35
1767653460363,48,200,true,110,110,48
1767653460362,49,200,true,110,110,49
1767653460368,43,200,true,110,110,43
1767653460368,44,200,true,110,110,44
1767653460368,44,200,true,110,110,44
1767653460371,41,200,true,110,110,41
1767653460362,50,200,true,110,110,50
1767653460361,53,200,true,110,110,53
1767653460366,48,200,true,110,110,48
1767653460369,45,200,true,110,110,45
1767653460361,54,200,true,110,110,54
1767653460363,52,200,true,110,110,52
1767653460368,47,200,true,110,110,47
1767653460376,39,200,true,110,110,39
1767653460373,42,200,true,110,110,42
1767653460365,50,200,true,110,110,50
1767653460383,32,200,true,110,110,32
1767653460362,53,200,true,110,110,53
1767653460368,48,200,true,110,110,48
1767653460373,43,200,true,110,110,43
1767653460384,32,200,true,110,110,32
1767653460384,32,200,true,110,110,32
1767653460371,45,200,true,110,110,45
1767653460372,46,200,true,110,110,46
1767653460375,43,200,true,110,110,43
1767653460372,46,200,true,110,110,44
1767653460376,43,200,true,110,110,43
1767653460385,34,200,true,110,110,34
1767653460363,56,200,true,110,110,56
1767653460383,36,200,true,110,110,36
1767653460387,32,200,true,110,110,32
1767653460386,33,200,true,110,110,33
1767653460386,33,200,true,110,110,33
1767653460368,51,200,true,110,110,51
1767653460385,34,200,true,110,110,34
1767653460362,57,200,true,110,110,57
1767653460366,54,200,true,110,110,54
1767653460384,36,200,true,110,110,36
1767653460367,53,200,true,110,110,53
1767653460362,58,200,true,110,110,58
1767653460373,47,200,true,110,110,47
1767653460376,44,200,true,110,110,44
1767653460368,52,200,true,110,110,52
1767653460369,52,200,true,110,110,52
1767653460388,33,200,true,110,110,33
1767653460383,39,200,true,110,110,39
1767653460393,29,200,true,110,110,29
1767653460361,61,200,true,110,110,61
1767653460395,27,200,true,110,110,27
1767653460387,35,200,true,110,110,35
1767653460388,34,200,true,110,110,34
1767653460388,35,200,true,110,110,35
1767653460367,56,200,true,110,110,56
1767653460388,35,200,true,110,110,35
1767653460389,35,200,true,110,110,35
1767653460388,36,200,true,110,110,36
1767653460385,39,200,true,110,110,39
1767653460384,40,200,true,110,110,40
1767653460402,23,200,true,110,110,23
1767653460385,40,200,true,110,110,40
1767653460402,25,200,true,110,110,25
1767653460383,44,200,true,110,110,44
1767653460389,38,200,true,110,110,38
1767653460387,40,200,true,110,110,40
1767653460384,43,200,true,110,110,43
1767653460362,65,200,true,110,110,65
1767653460385,43,200,true,110,110,43
1767653460376,52,200,true,110,110,49
1767653460368,60,200,true,110,110,60
1767653460385,44,200,true,110,110,44
1767653460388,43,200,true,110,110,42
1767653460393,39,200,true,110,110,38
1767653460402,30,200,true,110,110,30
1767653460384,48,200,true,110,110,48
1767653460386,47,200,true,110,110,47
1767653460387,46,200,true,110,110,46
1767653460389,44,200,true,110,110,44
1767653460389,44,200,true,110,110,44
1767653460392,41,200,true,110,110,41
1767653460402,31,200,true,110,110,31
1767653460389,45,200,true,110,110,45
1767653460393,41,200,true,110,110,41
1767653460389,45,200,true,110,110,45
1767653460400,35,200,true,110,110,35
1767653460399,36,200,true,110,110,36
1767653460399,36,200,true,110,110,36
1767653460385,50,200,true,110,110,50
1767653460394,42,200,true,110,110,42
1767653460386,50,200,true,110,110,50
1767653460402,34,200,true,110,110,34
1767653460386,50,200,true,110,110,50
1767653460385,51,200,true,110,110,51
1767653460388,48,200,true,110,110,48
1767653460387,49,200,true,110,110,49
1767653460388,48,200,true,110,110,48
1767653460385,51,200,true,110,110,51
1767653460389,47,200,true,110,110,47
1767653460389,49,200,true,110,110,49
1767653460393,45,200,true,110,110,45
1767653460393,46,200,true,110,110,46
1767653460384,58,200,true,110,110,58
1767653460419,27,200,true,110,110,27
1767653460412,34,200,true,110,110,34
1767653460418,28,200,true,110,110,28
1767653460415,31,200,true,110,110,31
1767653460419,27,200,true,110,110,27
1767653460416,30,200,true,110,110,30
1767653460422,24,200,true,110,110,24
1767653460419,27,200,true,110,110,27
1767653460403,43,200,true,110,110,43
1767653460415,32,200,true,110,110,32
1767653460400,47,200,true,110,110,47
1767653460416,31,200,true,110,110,31
1767653460411,36,200,true,110,110,36
1767653460415,32,200,true,110,110,32
1767653460403,44,200,true,110,110,44
1767653460411,36,200,true,110,110,36
1767653460415,32,200,true,110,110,32
1767653460425,22,200,true,110,110,22
1767653460415,32,200,true,110,110,32
1767653460415,32,200,true,110,110,32
1767653460420,28,200,true,110,110,28
1767653460416,32,200,true,110,110,32
1767653460425,23,200,true,110,110,23
1767653460419,29,200,true,110,110,29
1767653460416,32,200,true,110,110,32
1767653460422,26,200,true,110,110,26
1767653460402,46,200,true,110,110,46
1767653460414,35,200,true,110,110,35
1767653460411,38,200,true,110,110,37
1767653460419,31,200,true,110,110,31
1767653460420,30,200,true,110,110,30
1767653460419,31,200,true,110,110,31
1767653460422,28,200,true,110,110,28
1767653460403,48,200,true,110,110,45
1767653460422,29,200,true,110,110,29
1767653460420,31,200,true,110,110,31
1767653460415,36,200,true,110,110,36
1767653460414,39,200,true,110,110,39
1767653460403,51,200,true,110,110,51
1767653460397,58,200,true,110,110,58
1767653460414,43,200,true,110,110,43
1767653460419,39,200,true,110,110,39
1767653460419,39,200,true,110,110,39
1767653460418,40,200,true,110,110,40
1767653460422,36,200,true,110,110,36
1767653460420,39,200,true,110,110,39
1767653460411,48,200,true,110,110,48
1767653460427,33,200,true,110,110,33
1767653460428,32,200,true,110,110,32
1767653460427,33,200,true,110,110,32
1767653460422,38,200,true,110,110,38
1767653460427,33,200,true,110,110,33
1767653460422,38,200,true,110,110,38
1767653460412,49,200,true,110,110,49
1767653460424,37,200,true,110,110,37
1767653460419,42,200,true,110,110,42
1767653460419,42,200,true,110,110,42
1767653460423,38,200,true,110,110,38
1767653460424,37,200,true,110,110,37
1767653460416,45,200,true,110,110,45
1767653460427,34,200,true,110,110,34
1767653460420,41,200,true,110,110,41
1767653460432,29,200,true,110,110,29
1767653460420,41,200,true,110,110,41
1767653460412,50,200,true,110,110,50
1767653460423,39,200,true,110,110,39
1767653460424,38,200,true,110,110,38
1767653460423,39,200,true,110,110,39
1767653460418,44,200,true,110,110,44
1767653460420,42,200,true,110,110,42
1767653460422,40,200,true,110,110,40
1767653460415,48,200,true,110,110,47
1767653460412,51,200,true,110,110,51
1767653460424,39,200,true,110,110,39
1767653460412,51,200,true,110,110,51
1767653460427,36,200,true,110,110,36
1767653460427,36,200,true,110,110,36
1767653460429,41,200,true,110,110,41
1767653460436,34,200,true,110,110,34
1767653460433,37,200,true,110,110,37
1767653460434,36,200,true,110,110,36
1767653460435,35,200,true,110,110,35
1767653460436,34,200,true,110,110,34
1767653460436,34,200,true,110,110,34
1767653460433,37,200,true,110,110,37
1767653460436,34,200,true,110,110,34
1767653460436,35,200,true,110,110,35
1767653460435,36,200,true,110,110,36
1767653460432,39,200,true,110,110,39
1767653460434,37,200,true,110,110,37
1767653460428,43,200,true,110,110,43
1767653460432,39,200,true,110,110,39
1767653460433,38,200,true,110,110,38
1767653460433,39,200,true,110,110,39
1767653460436,36,200,true,110,110,36
1767653460439,33,200,true,110,110,33
1767653460433,39,200,true,110,110,39
1767653460449,23,200,true,110,110,23
1767653460428,45,200,true,110,110,45
1767653460433,40,200,true,110,110,40
1767653460434,39,200,true,110,110,39
1767653460436,37,200,true,110,110,37
1767653460442,31,200,true,110,110,31
1767653460438,36,200,true,110,110,36
1767653460437,37,200,true,110,110,37
1767653460431,43,200,true,110,110,43
1767653460435,39,200,true,110,110,39
1767653460439,36,200,true,110,110,36
1767653460436,39,200,true,110,110,39
1767653460436,40,200,true,110,110,40
1767653460447,29,200,true,110,110,25
1767653460447,33,200,true,110,110,33
1767653460436,44,200,true,110,110,44
1767653460458,27,200,true,110,110,27
1767653460447,38,200,true,110,110,38
1767653460450,36,200,true,110,110,36
1767653460446,40,200,true,110,110,40
1767653460446,41,200,true,110,110,41
1767653460448,39,200,true,110,110,39
1767653460447,43,200,true,110,110,43
1767653460451,40,200,true,110,110,40
1767653460446,45,200,true,110,110,45
1767653460448,46,200,true,110,110,43
1767653460448,51,200,true,110,110,51
1767653460447,52,200,true,110,110,52
1767653460447,52,200,true,110,110,52
1767653460461,38,200,true,110,110,38
1767653460446,56,200,true,110,110,56
1767653460457,45,200,true,110,110,45
1767653460455,47,200,true,110,110,47
1767653460458,44,200,true,110,110,44
1767653460446,56,200,true,110,110,56
1767653460458,44,200,true,110,110,44
1767653460448,54,200,true,110,110,54
1767653460450,52,200,true,110,110,52
1767653460449,53,200,true,110,110,53
1767653460447,56,200,true,110,110,55
1767653460446,57,200,true,110,110,57
1767653460454,49,200,true,110,110,49
1767653460446,57,200,true,110,110,57
1767653460448,55,200,true,110,110,55
1767653460463,40,200,true,110,110,40
1767653460474,29,200,true,110,110,29
1767653460470,34,200,true,110,110,33
1767653460458,46,200,true,110,110,46
1767653460472,32,200,true,110,110,32
1767653460459,45,200,true,110,110,45
1767653460448,56,200,true,110,110,56
1767653460471,33,200,true,110,110,33
1767653460459,45,200,true,110,110,45
1767653460472,32,200,true,110,110,32
1767653460460,44,200,true,110,110,44
1767653460462,42,200,true,110,110,42
1767653460472,32,200,true,110,110,32
1767653460463,41,200,true,110,110,41
1767653460460,44,200,true,110,110,44
1767653460471,33,200,true,110,110,33
1767653460463,41,200,true,110,110,41
1767653460460,44,200,true,110,110,44
1767653460471,33,200,true,110,110,33
1767653460463,41,200,true,110,110,41
1767653460461,44,200,true,110,110,44
1767653460461,44,200,true,110,110,44
1767653460470,35,200,true,110,110,35
1767653460462,43,200,true,110,110,43
1767653460471,34,200,true,110,110,33
1767653460447,58,200,true,110,110,58
1767653460463,42,200,true,110,110,42
1767653460461,44,200,true,110,110,44
1767653460470,35,200,true,110,110,35
1767653460446,59,200,true,110,110,59
1767653460470,35,200,true,110,110,35
1767653460452,53,200,true,110,110,53
1767653460447,58,200,true,110,110,58
1767653460447,58,200,true,110,110,58
1767653460462,43,200,true,110,110,43
1767653460461,44,200,true,110,110,44
1767653460462,43,200,true,110,110,43
1767653460474,31,200,true,110,110,31
1767653460485,20,200,true,110,110,20
1767653460475,31,200,true,110,110,31
1767653460473,33,200,true,110,110,33
1767653460460,46,200,true,110,110,46
1767653460472,34,200,true,110,110,34
1767653460451,55,200,true,110,110,55
1767653460476,30,200,true,110,110,30
1767653460472,34,200,true,110,110,34
1767653460462,44,200,true,110,110,44
1767653460480,26,200,true,110,110,26
1767653460460,46,200,true,110,110,46
1767653460473,33,200,true,110,110,33
1767653460470,36,200,true,110,110,36
1767653460461,45,200,true,110,110,45
1767653460474,32,200,true,110,110,32
1767653460473,33,200,true,110,110,33
1767653460450,56,200,true,110,110,53
1767653460471,35,200,true,110,110,35
1767653460471,35,200,true,110,110,35
1767653460473,33,200,true,110,110,33
1767653460462,45,200,true,110,110,45
1767653460470,37,200,true,110,110,37
1767653460486,21,200,true,110,110,21
1767653460470,37,200,true,110,110,37
1767653460491,16,200,true,110,110,16
1767653460461,46,200,true,110,110,46
1767653460470,37,200,true,110,110,37
1767653460487,20,200,true,110,110,20
1767653460485,22,200,true,110,110,22
1767653460461,46,200,true,110,110,46
1767653460486,22,200,true,110,110,22
1767653460460,48,200,true,110,110,48
1767653460491,17,200,true,110,110,17
1767653460461,47,200,true,110,110,47
1767653460494,14,200,true,110,110,14
1767653460475,33,200,true,110,110,33
1767653460470,38,200,true,110,110,38
1767653460473,35,200,true,110,110,35
1767653460487,22,200,true,110,110,22
1767653460463,46,200,true,110,110,46
1767653460461,50,200,true,110,110,48
1767653460447,64,200,true,110,110,64
1767653460472,39,200,true,110,110,39
1767653460462,49,200,true,110,110,48
1767653460447,64,200,true,110,110,64
1767653460474,38,200,true,110,110,38
1767653460502,10,200,true,110,110,10
1767653460499,14,200,true,110,110,14
1767653460499,14,200,true,110,110,14
1767653460499,14,200,true,110,110,14
1767653460502,11,200,true,110,110,11
1767653460448,65,200,true,110,110,65
1767653460451,62,200,true,110,110,62
1767653460450,64,200,true,110,110,63
1767653460502,12,200,true,110,110,12
1767653460461,53,200,true,110,110,53
1767653460502,12,200,true,110,110,12
1767653460499,15,200,true,110,110,15
1767653460502,12,200,true,110,110,12
1767653460502,13,200,true,110,110,13
1767653460476,39,200,true,110,110,36
1767653460502,14,200,true,110,110,14
1767653460480,36,200,true,110,110,36
1767653460502,14,200,true,110,110,14
1767653460490,27,200,true,110,110,27
1767653460511,7,200,true,110,110,7
1767653460453,65,200,true,110,110,65
1767653460502,17,200,true,110,110,17
1767653460511,11,200,true,110,110,11
1767653460507,16,200,true,110,110,16
1767653460506,17,200,true,110,110,17
1767653460503,20,200,true,110,110,20
1767653460505,19,200,true,110,110,19
1767653460503,22,200,true,110,110,22
1767653460506,19,200,true,110,110,19
1767653460513,13,200,true,110,110,13
1767653460506,20,200,true,110,110,20
1767653460504,22,200,true,110,110,22
1767653460506,24,200,true,110,110,24
1767653460506,24,200,true,110,110,24
1767653460504,27,200,true,110,110,27
1767653460504,27,200,true,110,110,27
1767653460506,25,200,true,110,110,25
1767653460507,27,200,true,110,110,27
1767653460511,24,200,true,110,110,24
1767653460505,38,200,true,110,110,38
1767653460505,39,200,true,110,110,39
1767653460505,39,200,true,110,110,39
1767653460508,36,200,true,110,110,36
1767653460507,37,200,true,110,110,37
1767653460508,36,200,true,110,110,36
1767653460507,37,200,true,110,110,37
1767653460508,36,200,true,110,110,36
1767653460508,36,200,true,110,110,36
1767653460508,37,200,true,110,110,36
1767653460505,40,200,true,110,110,40
1767653460504,41,200,true,110,110,41
1767653460506,39,200,true,110,110,39
1767653460506,39,200,true,110,110,39
1767653460505,40,200,true,110,110,40
1767653460506,39,200,true,110,110,39
1767653460504,41,200,true,110,110,41
1767653460505,40,200,true,110,110,40
1767653460504,41,200,true,110,110,41
1767653460504,41,200,true,110,110,41
1767653460505,41,200,true,110,110,41
1767653460506,40,200,true,110,110,40
1767653460506,40,200,true,110,110,40
1767653460506,41,200,true,110,110,41
1767653460505,42,200,true,110,110,42
1767653460503,45,200,true,110,110,45
1767653460505,45,200,true,110,110,45
1767653460507,43,200,true,110,110,43
1767653460505,45,200,true,110,110,45
1767653460504,46,200,true,110,110,46
1767653460504,47,200,true,110,110,47
1767653460506,45,200,true,110,110,45
1767653460503,48,200,true,110,110,48
1767653460503,48,200,true,110,110,48
1767653460506,45,200,true,110,110,45
1767653460506,46,200,true,110,110,46
1767653460506,46,200,true,110,110,46
1767653460511,41,200,true,110,110,41
1767653460503,50,200,true,110,110,50
1767653460505,48,200,true,110,110,48
1767653460504,51,200,true,110,110,51
1767653460506,50,200,true,110,110,47
1767653460503,53,200,true,110,110,53
1767653460509,49,200,true,110,110,44
1767653460504,54,200,true,110,110,54
1767653460504,54,200,true,110,110,54
1767653460505,53,200,true,110,110,53
1767653460508,50,200,true,110,110,50
1767653460509,50,200,true,110,110,50
1767653460508,51,200,true,110,110,51
1767653460505,54,200,true,110,110,54
1767653460511,48,200,true,110,110,48
1767653460507,52,200,true,110,110,52
1767653460504,56,200,true,110,110,56
1767653460505,55,200,true,110,110,55
1767653460507,54,200,true,110,110,54
1767653460512,50,200,true,110,110,50
1767653460513,49,200,true,110,110,49
1767653460504,58,200,true,110,110,58
1767653460513,49,200,true,110,110,49
1767653460505,57,200,true,110,110,57
1767653460513,49,200,true,110,110,49
1767653460504,58,200,true,110,110,58
1767653460514,48,200,true,110,110,48
1767653460507,56,200,true,110,110,56
1767653460505,58,200,true,110,110,58
1767653460531,32,200,true,110,110,32
1767653460519,44,200,true,110,110,44
1767653460517,46,200,true,110,110,46
1767653460518,45,200,true,110,110,45
1767653460516,47,200,true,110,110,47
1767653460508,55,200,true,110,110,55
1767653460518,46,200,true,110,110,46
1767653460514,50,200,true,110,110,50
1767653460514,50,200,true,110,110,50
1767653460515,49,200,true,110,110,49
1767653460515,49,200,true,110,110,49
1767653460531,33,200,true,110,110,33
1767653460514,50,200,true,110,110,50
1767653460505,59,200,true,110,110,59
1767653460514,51,200,true,110,110,51
1767653460513,52,200,true,110,110,52
1767653460516,49,200,true,110,110,49
1767653460546,21,200,true,110,110,21
1767653460522,45,200,true,110,110,45
1767653460516,52,200,true,110,110,52
1767653460514,55,200,true,110,110,55
1767653460512,57,200,true,110,110,57
1767653460504,65,200,true,110,110,65
1767653460506,63,200,true,110,110,63
1767653460506,64,200,true,110,110,64
1767653460513,57,200,true,110,110,57
1767653460544,27,200,true,110,110,27
1767653460526,45,200,true,110,110,45
1767653460506,66,200,true,110,110,66
1767653460545,27,200,true,110,110,27
1767653460544,28,200,true,110,110,28
1767653460530,42,200,true,110,110,42
1767653460543,29,200,true,110,110,29
1767653460546,26,200,true,110,110,26
1767653460526,46,200,true,110,110,46
1767653460544,28,200,true,110,110,28
1767653460546,26,200,true,110,110,26
1767653460523,49,200,true,110,110,49
1767653460525,48,200,true,110,110,48
1767653460545,28,200,true,110,110,28
1767653460524,50,200,true,110,110,50
1767653460526,49,200,true,110,110,49
1767653460534,41,200,true,110,110,41
1767653460523,52,200,true,110,110,52
1767653460531,44,200,true,110,110,44
1767653460545,31,200,true,110,110,31
1767653460545,31,200,true,110,110,31
1767653460544,33,200,true,110,110,33
1767653460544,33,200,true,110,110,33
1767653460504,73,200,true,110,110,73
1767653460545,32,200,true,110,110,32
1767653460545,32,200,true,110,110,32
1767653460509,68,200,true,110,110,68
1767653460548,29,200,true,110,110,29
1767653460545,32,200,true,110,110,32
1767653460545,33,200,true,110,110,31
1767653460523,55,200,true,110,110,52
1767653460530,48,200,true,110,110,47
1767653460525,53,200,true,110,110,53
1767653460544,34,200,true,110,110,34
1767653460545,34,200,true,110,110,34
1767653460545,34,200,true,110,110,34
1767653460545,34,200,true,110,110,34
1767653460535,44,200,true,110,110,44
1767653460553,28,200,true,110,110,28
1767653460556,25,200,true,110,110,25
1767653460551,30,200,true,110,110,30
1767653460551,31,200,true,110,110,31
1767653460552,30,200,true,110,110,30
1767653460544,38,200,true,110,110,29
1767653460552,31,200,true,110,110,31
1767653460547,36,200,true,110,110,36
1767653460550,33,200,true,110,110,33
1767653460545,38,200,true,110,110,38
1767653460559,24,200,true,110,110,24
1767653460558,25,200,true,110,110,25
1767653460559,24,200,true,110,110,24
1767653460559,25,200,true,110,110,25
1767653460559,25,200,true,110,110,25
1767653460550,34,200,true,110,110,34
1767653460553,31,200,true,110,110,31
1767653460560,24,200,true,110,110,24
1767653460563,21,200,true,110,110,21
1767653460564,20,200,true,110,110,20
1767653460505,79,200,true,110,110,79
1767653460551,34,200,true,110,110,34
1767653460550,35,200,true,110,110,35
1767653460563,23,200,true,110,110,23
1767653460560,26,200,true,110,110,26
1767653460558,28,200,true,110,110,28
1767653460564,22,200,true,110,110,22
1767653460562,24,200,true,110,110,24
1767653460507,79,200,true,110,110,79
1767653460551,35,200,true,110,110,35
1767653460558,29,200,true,110,110,28
1767653460552,35,200,true,110,110,35
1767653460547,40,200,true,110,110,37
1767653460558,30,200,true,110,110,30
1767653460551,37,200,true,110,110,37
1767653460556,32,200,true,110,110,32
1767653460558,30,200,true,110,110,30
1767653460563,25,200,true,110,110,25
1767653460559,29,200,true,110,110,29
1767653460551,38,200,true,110,110,38
1767653460565,24,200,true,110,110,24
1767653460555,41,200,true,110,110,41
1767653460564,33,200,true,110,110,33
1767653460572,27,200,true,110,110,26
1767653460569,31,200,true,110,110,31
1767653460569,31,200,true,110,110,31
1767653460564,36,200,true,110,110,36
1767653460563,38,200,true,110,110,38
1767653460571,30,200,true,110,110,30
1767653460562,39,200,true,110,110,39
1767653460572,29,200,true,110,110,29
1767653460577,24,200,true,110,110,24
1767653460565,36,200,true,110,110,36
1767653460577,25,200,true,110,110,25
1767653460574,28,200,true,110,110,28
1767653460572,30,200,true,110,110,30
1767653460572,30,200,true,110,110,30
1767653460576,27,200,true,110,110,27
1767653460573,30,200,true,110,110,30
1767653460575,28,200,true,110,110,28
1767653460573,36,200,true,110,110,36
1767653460572,37,200,true,110,110,37
1767653460569,40,200,true,110,110,40
1767653460563,47,200,true,110,110,47
1767653460563,47,200,true,110,110,47
1767653460564,46,200,true,110,110,46
1767653460567,43,200,true,110,110,43
1767653460567,43,200,true,110,110,43
1767653460564,46,200,true,110,110,46
1767653460572,38,200,true,110,110,38
1767653460570,41,200,true,110,110,41
1767653460564,47,200,true,110,110,47
1767653460564,47,200,true,110,110,47
1767653460575,36,200,true,110,110,36
1767653460572,39,200,true,110,110,39
1767653460575,36,200,true,110,110,36
1767653460572,39,200,true,110,110,39
1767653460565,46,200,true,110,110,46
1767653460568,44,200,true,110,110,42
1767653460563,49,200,true,110,110,49
1767653460562,50,200,true,110,110,50
1767653460575,38,200,true,110,110,38
1767653460563,50,200,true,110,110,50
1767653460569,48,200,true,110,110,48
1767653460576,41,200,true,110,110,41
1767653460571,46,200,true,110,110,46
1767653460570,48,200,true,110,110,48
1767653460572,46,200,true,110,110,46
1767653460577,41,200,true,110,110,41
1767653460562,56,200,true,110,110,56
1767653460581,37,200,true,110,110,37
1767653460562,56,200,true,110,110,56
1767653460562,57,200,true,110,110,57
1767653460564,55,200,true,110,110,55
1767653460577,42,200,true,110,110,42
1767653460582,37,200,true,110,110,37
1767653460579,40,200,true,110,110,40
1767653460586,34,200,true,110,110,34
1767653460586,34,200,true,110,110,34
1767653460578,42,200,true,110,110,42
1767653460583,37,200,true,110,110,37
1767653460584,37,200,true,110,110,37
1767653460572,49,200,true,110,110,49
1767653460585,37,200,true,110,110,37
1767653460562,60,200,true,110,110,60
1767653460584,38,200,true,110,110,38
1767653460584,38,200,true,110,110,38
1767653460577,45,200,true,110,110,45
1767653460578,44,200,true,110,110,44
1767653460583,39,200,true,110,110,39
1767653460586,36,200,true,110,110,36
1767653460588,35,200,true,110,110,35
1767653460584,39,200,true,110,110,39
1767653460589,34,200,true,110,110,34
1767653460583,41,200,true,110,110,40
1767653460587,37,200,true,110,110,37
1767653460588,36,200,true,110,110,36
1767653460577,47,200,true,110,110,47
1767653460584,40,200,true,110,110,40
1767653460577,48,200,true,110,110,47
1767653460578,47,200,true,110,110,47
1767653460587,38,200,true,110,110,38
1767653460582,44,200,true,110,110,44
1767653460581,45,200,true,110,110,45
1767653460578,48,200,true,110,110,48
1767653460579,47,200,true,110,110,47
1767653460581,45,200,true,110,110,45
1767653460588,38,200,true,110,110,38
1767653460577,49,200,true,110,110,49
1767653460587,39,200,true,110,110,39
1767653460584,43,200,true,110,110,43
1767653460582,45,200,true,110,110,45
1767653460587,40,200,true,110,110,40
1767653460578,49,200,true,110,110,49
1767653460588,40,200,true,110,110,40
1767653460587,41,200,true,110,110,41
1767653460588,40,200,true,110,110,40
1767653460585,45,200,true,110,110,45
1767653460602,28,200,true,110,110,28
1767653460583,47,200,true,110,110,47
1767653460602,28,200,true,110,110,28
1767653460561,69,200,true,110,110,69
1767653460602,28,200,true,110,110,28
1767653460583,47,200,true,110,110,47
1767653460590,40,200,true,110,110,40
1767653460601,29,200,true,110,110,29
1767653460599,31,200,true,110,110,31
1767653460579,52,200,true,110,110,52
1767653460584,47,200,true,110,110,47
1767653460597,34,200,true,110,110,34
1767653460588,43,200,true,110,110,41
1767653460596,35,200,true,110,110,35
1767653460587,45,200,true,110,110,44
1767653460601,31,200,true,110,110,31
1767653460579,53,200,true,110,110,53
1767653460583,49,200,true,110,110,49
1767653460600,32,200,true,110,110,31
1767653460602,30,200,true,110,110,30
1767653460586,46,200,true,110,110,46
1767653460602,30,200,true,110,110,30
1767653460584,49,200,true,110,110,49
1767653460583,51,200,true,110,110,51
1767653460611,32,200,true,110,110,32
1767653460601,44,200,true,110,110,44
1767653460612,33,200,true,110,110,32
1767653460603,42,200,true,110,110,42
1767653460613,32,200,true,110,110,32
1767653460603,42,200,true,110,110,42
1767653460611,34,200,true,110,110,34
1767653460609,36,200,true,110,110,36
1767653460610,36,200,true,110,110,36
1767653460611,35,200,true,110,110,35
1767653460603,44,200,true,110,110,44
1767653460600,47,200,true,110,110,47
1767653460611,37,200,true,110,110,37
1767653460612,36,200,true,110,110,36
1767653460612,36,200,true,110,110,36
1767653460611,38,200,true,110,110,38
1767653460601,48,200,true,110,110,48
1767653460610,39,200,true,110,110,39
1767653460611,38,200,true,110,110,38
1767653460610,40,200,true,110,110,40
1767653460601,49,200,true,110,110,49
1767653460613,37,200,true,110,110,37
1767653460610,42,200,true,110,110,42
1767653460610,42,200,true,110,110,42
1767653460624,29,200,true,110,110,29
1767653460625,28,200,true,110,110,28
1767653460622,32,200,true,110,110,32
1767653460622,32,200,true,110,110,32
1767653460625,29,200,true,110,110,29
1767653460618,36,200,true,110,110,36
1767653460618,37,200,true,110,110,37
1767653460622,33,200,true,110,110,33
1767653460622,33,200,true,110,110,33
1767653460611,44,200,true,110,110,44
1767653460617,39,200,true,110,110,37
1767653460619,37,200,true,110,110,37
1767653460621,35,200,true,110,110,34
1767653460623,33,200,true,110,110,33
1767653460625,31,200,true,110,110,31
1767653460610,46,200,true,110,110,46
1767653460610,47,200,true,110,110,47
1767653460618,39,200,true,110,110,39
1767653460601,56,200,true,110,110,56
1767653460610,47,200,true,110,110,47
1767653460626,31,200,true,110,110,31
1767653460626,31,200,true,110,110,31
1767653460624,33,200,true,110,110,33
1767653460609,48,200,true,110,110,48
1767653460619,38,200,true,110,110,38
1767653460622,37,200,true,110,110,37
1767653460630,29,200,true,110,110,29
1767653460618,41,200,true,110,110,38
1767653460626,33,200,true,110,110,33
1767653460620,39,200,true,110,110,39
1767653460618,42,200,true,110,110,42
1767653460613,47,200,true,110,110,47
1767653460625,35,200,true,110,110,35
1767653460619,41,200,true,110,110,41
1767653460619,42,200,true,110,110,42
1767653460618,43,200,true,110,110,43
1767653460624,37,200,true,110,110,37
1767653460622,40,200,true,110,110,40
1767653460620,42,200,true,110,110,42
1767653460620,42,200,true,110,110,42
1767653460624,39,200,true,110,110,38
1767653460632,37,200,true,110,110,37
1767653460622,47,200,true,110,110,47
1767653460631,39,200,true,110,110,39
1767653460643,27,200,true,110,110,27
1767653460630,40,200,true,110,110,40
1767653460630,42,200,true,110,110,42
1767653460627,45,200,true,110,110,45
1767653460626,49,200,true,110,110,47
1767653460632,43,200,true,110,110,43
1767653460632,43,200,true,110,110,43
1767653460623,52,200,true,110,110,52
1767653460631,44,200,true,110,110,44
1767653460632,44,200,true,110,110,44
1767653460622,54,200,true,110,110,54
1767653460626,50,200,true,110,110,50
1767653460619,57,200,true,110,110,57
1767653460630,46,200,true,110,110,46
1767653460631,45,200,true,110,110,45
1767653460630,46,200,true,110,110,46
1767653460621,56,200,true,110,110,56
1767653460631,46,200,true,110,110,46
1767653460630,47,200,true,110,110,47
1767653460627,51,200,true,110,110,51
1767653460626,52,200,true,110,110,52
1767653460617,61,200,true,110,110,61
1767653460645,34,200,true,110,110,34
1767653460628,52,200,true,110,110,52
1767653460623,58,200,true,110,110,58
1767653460645,37,200,true,110,110,37
1767653460634,48,200,true,110,110,48
1767653460620,63,200,true,110,110,63
1767653460647,37,200,true,110,110,37
1767653460617,67,200,true,110,110,67
1767653460627,57,200,true,110,110,57
1767653460649,35,200,true,110,110,35
1767653460627,57,200,true,110,110,57
1767653460630,55,200,true,110,110,55
1767653460632,53,200,true,110,110,53
1767653460632,53,200,true,110,110,53
1767653460626,59,200,true,110,110,52
1767653460626,59,200,true,110,110,52
1767653460650,36,200,true,110,110,36
1767653460656,31,200,true,110,110,31
1767653460655,33,200,true,110,110,33
1767653460657,32,200,true,110,110,32
1767653460654,35,200,true,110,110,35
1767653460632,57,200,true,110,110,57
1767653460645,44,200,true,110,110,44
1767653460655,34,200,true,110,110,34
1767653460645,44,200,true,110,110,44
1767653460633,56,200,true,110,110,56
1767653460656,33,200,true,110,110,33
1767653460657,32,200,true,110,110,32
1767653460632,57,200,true,110,110,57
1767653460649,40,200,true,110,110,40
1767653460630,59,200,true,110,110,59
1767653460656,33,200,true,110,110,33
1767653460645,44,200,true,110,110,44
1767653460628,61,200,true,110,110,61
1767653460648,41,200,true,110,110,41
1767653460646,44,200,true,110,110,44
1767653460632,58,200,true,110,110,58
1767653460628,62,200,true,110,110,62
1767653460630,60,200,true,110,110,60
1767653460645,45,200,true,110,110,45
1767653460647,44,200,true,110,110,44
1767653460630,61,200,true,110,110,61
1767653460659,32,200,true,110,110,32
1767653460659,33,200,true,110,110,33
1767653460660,32,200,true,110,110,32
1767653460650,43,200,true,110,110,43
1767653460652,41,200,true,110,110,41
1767653460654,39,200,true,110,110,39
1767653460655,38,200,true,110,110,38
1767653460659,34,200,true,110,110,34
1767653460659,35,200,true,110,110,35
1767653460656,38,200,true,110,110,38
1767653460654,44,200,true,110,110,44
1767653460676,27,200,true,110,110,27
1767653460682,21,200,true,110,110,21
1767653460675,29,200,true,110,110,29
1767653460675,29,200,true,110,110,29
1767653460654,50,200,true,110,110,50
1767653460675,29,200,true,110,110,29
1767653460663,42,200,true,110,110,42
1767653460675,30,200,true,110,110,30
1767653460669,36,200,true,110,110,36
1767653460661,44,200,true,110,110,44
1767653460658,47,200,true,110,110,47
1767653460672,33,200,true,110,110,33
1767653460662,43,200,true,110,110,43
1767653460662,43,200,true,110,110,43
1767653460670,35,200,true,110,110,35
1767653460662,43,200,true,110,110,43
1767653460657,48,200,true,110,110,48
1767653460657,48,200,true,110,110,48
1767653460657,49,200,true,110,110,49
1767653460648,58,200,true,110,110,58
1767653460660,46,200,true,110,110,46
1767653460650,56,200,true,110,110,56
1767653460670,36,200,true,110,110,36
1767653460670,37,200,true,110,110,37
1767653460654,53,200,true,110,110,53
1767653460662,45,200,true,110,110,45
1767653460659,48,200,true,110,110,48
1767653460672,36,200,true,110,110,36
1767653460656,52,200,true,110,110,52
1767653460657,51,200,true,110,110,51
1767653460660,48,200,true,110,110,48
1767653460657,51,200,true,110,110,51
1767653460653,55,200,true,110,110,55
1767653460652,56,200,true,110,110,56
1767653460660,48,200,true,110,110,48
1767653460677,31,200,true,110,110,31
1767653460676,32,200,true,110,110,32
1767653460656,53,200,true,110,110,53
1767653460645,65,200,true,110,110,65
1767653460655,55,200,true,110,110,55
1767653460657,53,200,true,110,110,53
1767653460676,34,200,true,110,110,34
1767653460649,61,200,true,110,110,61
1767653460681,29,200,true,110,110,29
1767653460677,34,200,true,110,110,33
1767653460684,27,200,true,110,110,27
1767653460669,42,200,true,110,110,42
1767653460685,26,200,true,110,110,26
1767653460689,22,200,true,110,110,22
1767653460684,27,200,true,110,110,27
1767653460649,62,200,true,110,110,62
1767653460685,26,200,true,110,110,26
1767653460677,34,200,true,110,110,34
1767653460646,65,200,true,110,110,65
1767653460676,35,200,true,110,110,35
1767653460678,33,200,true,110,110,33
1767653460684,27,200,true,110,110,27
1767653460648,63,200,true,110,110,63
1767653460662,49,200,true,110,110,49
1767653460679,32,200,true,110,110,32
1767653460676,36,200,true,110,110,36
1767653460683,29,200,true,110,110,29
1767653460675,37,200,true,110,110,37
1767653460682,30,200,true,110,110,30
1767653460676,36,200,true,110,110,36
1767653460678,34,200,true,110,110,34
1767653460680,32,200,true,110,110,32
1767653460679,33,200,true,110,110,33
1767653460687,27,200,true,110,110,27
1767653460685,30,200,true,110,110,30
1767653460690,25,200,true,110,110,25
1767653460688,27,200,true,110,110,27
1767653460689,26,200,true,110,110,26
1767653460689,26,200,true,110,110,26
1767653460689,27,200,true,110,110,27
1767653460691,25,200,true,110,110,25
1767653460689,27,200,true,110,110,27
1767653460689,27,200,true,110,110,27
1767653460691,25,200,true,110,110,25
1767653460689,28,200,true,110,110,28
1767653460689,28,200,true,110,110,28
1767653460689,28,200,true,110,110,28
1767653460704,14,200,true,110,110,14
1767653460704,15,200,true,110,110,15
1767653460704,15,200,true,110,110,15
1767653460704,15,200,true,110,110,15
1767653460689,30,200,true,110,110,30
1767653460686,36,200,true,110,110,36
1767653460685,38,200,true,110,110,38
1767653460689,34,200,true,110,110,34
1767653460689,34,200,true,110,110,34
1767653460689,35,200,true,110,110,35
1767653460685,39,200,true,110,110,39
1767653460698,26,200,true,110,110,26
1767653460676,48,200,true,110,110,47
1767653460691,34,200,true,110,110,34
1767653460692,33,200,true,110,110,33
1767653460690,35,200,true,110,110,35
1767653460693,32,200,true,110,110,32
1767653460689,36,200,true,110,110,36
1767653460703,22,200,true,110,110,22
1767653460692,34,200,true,110,110,33
1767653460693,33,200,true,110,110,33
1767653460693,33,200,true,110,110,33
1767653460694,32,200,true,110,110,32
1767653460694,32,200,true,110,110,32
1767653460689,37,200,true,110,110,37
1767653460685,41,200,true,110,110,41
1767653460690,36,200,true,110,110,36
1767653460690,37,200,true,110,110,37
1767653460693,34,200,true,110,110,34
1767653460689,38,200,true,110,110,38
1767653460705,22,200,true,110,110,22
1767653460684,43,200,true,110,110,35
1767653460705,23,200,true,110,110,23
1767653460708,20,200,true,110,110,20
1767653460706,22,200,true,110,110,22
1767653460708,20,200,true,110,110,20
1767653460708,20,200,true,110,110,20
1767653460705,24,200,true,110,110,24
1767653460708,21,200,true,110,110,21
1767653460705,24,200,true,110,110,24
1767653460693,37,200,true,110,110,37
1767653460708,22,200,true,110,110,21
1767653460705,25,200,true,110,110,25
1767653460705,25,200,true,110,110,25
1767653460707,24,200,true,110,110,24
1767653460705,26,200,true,110,110,26
1767653460709,23,200,true,110,110,23
1767653460708,24,200,true,110,110,24
1767653460708,24,200,true,110,110,24
1767653460706,27,200,true,110,110,27
1767653460709,24,200,true,110,110,24
1767653460691,42,200,true,110,110,42
1767653460708,25,200,true,110,110,25
1767653460711,22,200,true,110,110,22
1767653460703,30,200,true,110,110,30
1767653460705,29,200,true,110,110,29
1767653460707,27,200,true,110,110,27
1767653460706,28,200,true,110,110,28
1767653460705,29,200,true,110,110,28
1767653460706,30,200,true,110,110,30
1767653460710,27,200,true,110,110,27
1767653460707,30,200,true,110,110,30
1767653460706,31,200,true,110,110,31
1767653460705,32,200,true,110,110,32
1767653460708,29,200,true,110,110,29
1767653460706,32,200,true,110,110,32
1767653460706,32,200,true,110,110,24
1767653460707,31,200,true,110,110,29
1767653460726,14,200,true,110,110,14
1767653460711,29,200,true,110,110,29
1767653460710,30,200,true,110,110,30
1767653460711,29,200,true,110,110,29
1767653460712,28,200,true,110,110,28
1767653460712,28,200,true,110,110,28
1767653460712,28,200,true,110,110,28
1767653460711,29,200,true,110,110,29
1767653460712,28,200,true,110,110,28
1767653460712,28,200,true,110,110,28
1767653460712,28,200,true,110,110,28
1767653460725,15,200,true,110,110,15
1767653460712,29,200,true,110,110,29
1767653460710,31,200,true,110,110,31
1767653460712,29,200,true,110,110,29
1767653460711,30,200,true,110,110,30
1767653460711,30,200,true,110,110,30
1767653460712,29,200,true,110,110,29
1767653460711,30,200,true,110,110,30
1767653460711,30,200,true,110,110,30
1767653460711,30,200,true,110,110,30
1767653460726,15,200,true,110,110,15
1767653460725,21,200,true,110,110,16
1767653460718,43,200,true,110,110,43
1767653460719,43,200,true,110,110,43
1767653460726,39,200,true,110,110,39
1767653460710,55,200,true,110,110,55
1767653460715,50,200,true,110,110,50
1767653460728,37,200,true,110,110,37
1767653460726,39,200,true,110,110,39
1767653460711,54,200,true,110,110,54
1767653460736,29,200,true,110,110,29
1767653460717,49,200,true,110,110,48
1767653460726,40,200,true,110,110,40
1767653460728,38,200,true,110,110,38
1767653460715,51,200,true,110,110,51
1767653460723,43,200,true,110,110,43
1767653460715,52,200,true,110,110,52
1767653460728,42,200,true,110,110,42
1767653460724,46,200,true,110,110,46
1767653460716,55,200,true,110,110,55
1767653460710,61,200,true,110,110,61
1767653460719,52,200,true,110,110,52
1767653460711,60,200,true,110,110,60
1767653460726,45,200,true,110,110,45
1767653460711,60,200,true,110,110,60
1767653460725,46,200,true,110,110,46
1767653460725,46,200,true,110,110,46
1767653460727,44,200,true,110,110,44
1767653460725,48,200,true,110,110,48
1767653460722,51,200,true,110,110,51
1767653460723,51,200,true,110,110,51
1767653460717,57,200,true,110,110,57
1767653460724,50,200,true,110,110,50
1767653460724,50,200,true,110,110,49
1767653460737,43,200,true,110,110,43
1767653460730,50,200,true,110,110,50
1767653460733,47,200,true,110,110,47
1767653460715,65,200,true,110,110,65
1767653460728,52,200,true,110,110,52
1767653460719,61,200,true,110,110,61
1767653460711,72,200,true,110,110,72
1767653460733,50,200,true,110,110,50
1767653460732,52,200,true,110,110,51
1767653460729,55,200,true,110,110,55
1767653460717,67,200,true,110,110,67
1767653460716,68,200,true,110,110,68
1767653460734,50,200,true,110,110,50
1767653460737,47,200,true,110,110,47
1767653460731,53,200,true,110,110,53
1767653460734,50,200,true,110,110,50
1767653460738,46,200,true,110,110,46
1767653460738,46,200,true,110,110,46
1767653460716,68,200,true,110,110,68
1767653460717,67,200,true,110,110,67
1767653460727,57,200,true,110,110,57
1767653460715,69,200,true,110,110,69
1767653460733,51,200,true,110,110,51
1767653460711,73,200,true,110,110,73
1767653460711,73,200,true,110,110,73
1767653460730,54,200,true,110,110,54
1767653460746,38,200,true,110,110,38
1767653460730,55,200,true,110,110,55
1767653460730,55,200,true,110,110,55
1767653460737,48,200,true,110,110,48
1767653460715,70,200,true,110,110,70
1767653460734,51,200,true,110,110,51
1767653460725,60,200,true,110,110,60
1767653460726,59,200,true,110,110,59
1767653460732,53,200,true,110,110,53
1767653460731,54,200,true,110,110,54
1767653460740,45,200,true,110,110,45
1767653460710,75,200,true,110,110,75
1767653460726,59,200,true,110,110,59
1767653460741,44,200,true,110,110,44
1767653460765,20,200,true,110,110,20
1767653460740,45,200,true,110,110,45
1767653460723,62,200,true,110,110,62
1767653460741,44,200,true,110,110,44
1767653460761,25,200,true,110,110,25
1767653460729,57,200,true,110,110,57
1767653460741,45,200,true,110,110,45
1767653460765,21,200,true,110,110,21
1767653460765,21,200,true,110,110,21
1767653460741,46,200,true,110,110,46
1767653460765,22,200,true,110,110,22
1767653460740,47,200,true,110,110,47
1767653460740,47,200,true,110,110,47
1767653460727,60,200,true,110,110,60
1767653460740,47,200,true,110,110,47
1767653460738,49,200,true,110,110,49
1767653460740,47,200,true,110,110,47
1767653460727,61,200,true,110,110,61
1767653460732,56,200,true,110,110,56
1767653460740,48,200,true,110,110,48
1767653460740,48,200,true,110,110,46
1767653460741,47,200,true,110,110,45
1767653460765,23,200,true,110,110,23
1767653460741,47,200,true,110,110,47
1767653460729,59,200,true,110,110,59
1767653460740,48,200,true,110,110,48
1767653460740,48,200,true,110,110,48
1767653460766,23,200,true,110,110,23
1767653460765,24,200,true,110,110,23
1767653460733,56,200,true,110,110,56
1767653460762,27,200,true,110,110,26
1767653460766,23,200,true,110,110,23
1767653460728,61,200,true,110,110,61
1767653460774,15,200,true,110,110,15
1767653460766,23,200,true,110,110,22
1767653460774,15,200,true,110,110,15
1767653460771,18,200,true,110,110,18
1767653460737,52,200,true,110,110,52
1767653460741,48,200,true,110,110,48
1767653460771,18,200,true,110,110,18
1767653460774,16,200,true,110,110,16
1767653460734,56,200,true,110,110,56
1767653460771,19,200,true,110,110,19
1767653460733,57,200,true,110,110,57
1767653460771,19,200,true,110,110,19
1767653460740,50,200,true,110,110,50
1767653460741,49,200,true,110,110,49
1767653460766,25,200,true,110,110,25
1767653460740,51,200,true,110,110,51
1767653460733,58,200,true,110,110,58
1767653460767,26,200,true,110,110,26
1767653460766,27,200,true,110,110,27
1767653460727,68,200,true,110,110,68
1767653460766,29,200,true,110,110,29
1767653460741,54,200,true,110,110,54
1767653460724,71,200,true,110,110,68
1767653460737,59,200,true,110,110,59
1767653460719,77,200,true,110,110,77
1767653460716,80,200,true,110,110,80
1767653460741,55,200,true,110,110,55
1767653460771,26,200,true,110,110,26
1767653460773,25,200,true,110,110,25
1767653460771,27,200,true,110,110,27
1767653460780,19,200,true,110,110,19
1767653460772,28,200,true,110,110,28
1767653460770,30,200,true,110,110,30
1767653460780,20,200,true,110,110,20
1767653460780,20,200,true,110,110,20
1767653460770,30,200,true,110,110,30
1767653460780,20,200,true,110,110,20
1767653460780,20,200,true,110,110,20
1767653460771,30,200,true,110,110,30
1767653460771,30,200,true,110,110,30
1767653460774,27,200,true,110,110,27
1767653460774,28,200,true,110,110,28
1767653460789,28,200,true,110,110,28
1767653460785,32,200,true,110,110,32
1767653460780,39,200,true,110,110,38
1767653460788,32,200,true,110,110,32
1767653460787,33,200,true,110,110,33
1767653460785,35,200,true,110,110,35
1767653460789,31,200,true,110,110,31
1767653460784,36,200,true,110,110,36
1767653460785,35,200,true,110,110,35
1767653460790,30,200,true,110,110,30
1767653460786,34,200,true,110,110,34
1767653460788,33,200,true,110,110,33
1767653460790,31,200,true,110,110,31
1767653460788,33,200,true,110,110,33
1767653460784,37,200,true,110,110,37
1767653460789,32,200,true,110,110,32
1767653460784,38,200,true,110,110,38
1767653460787,35,200,true,110,110,35
1767653460785,38,200,true,110,110,38
1767653460790,33,200,true,110,110,33
1767653460785,38,200,true,110,110,38
1767653460784,39,200,true,110,110,39
1767653460789,34,200,true,110,110,34
1767653460784,39,200,true,110,110,39
1767653460784,39,200,true,110,110,39
1767653460785,39,200,true,110,110,39
1767653460785,39,200,true,110,110,39
1767653460785,39,200,true,110,110,39
1767653460789,35,200,true,110,110,35
1767653460787,37,200,true,110,110,37
1767653460788,36,200,true,110,110,36
1767653460787,38,200,true,110,110,38
1767653460788,37,200,true,110,110,37
1767653460788,37,200,true,110,110,37
1767653460788,37,200,true,110,110,37
1767653460789,36,200,true,110,110,36
1767653460785,40,200,true,110,110,40
1767653460784,42,200,true,110,110,42
1767653460789,37,200,true,110,110,37
1767653460789,39,200,true,110,110,36
1767653460785,52,200,true,110,110,52
1767653460789,48,200,true,110,110,48
1767653460784,54,200,true,110,110,54
1767653460791,47,200,true,110,110,47
1767653460800,38,200,true,110,110,38
1767653460799,39,200,true,110,110,39
1767653460784,54,200,true,110,110,54
1767653460801,37,200,true,110,110,37
1767653460787,51,200,true,110,110,51
1767653460787,51,200,true,110,110,51
1767653460800,38,200,true,110,110,38
1767653460784,54,200,true,110,110,54
1767653460785,54,200,true,110,110,54
1767653460785,54,200,true,110,110,54
1767653460790,49,200,true,110,110,49
1767653460788,51,200,true,110,110,51
1767653460786,53,200,true,110,110,53
1767653460787,52,200,true,110,110,52
1767653460796,43,200,true,110,110,43
1767653460790,49,200,true,110,110,49
1767653460791,48,200,true,110,110,48
1767653460789,50,200,true,110,110,50
1767653460795,44,200,true,110,110,44
1767653460788,51,200,true,110,110,51
1767653460784,56,200,true,110,110,56
1767653460821,19,200,true,110,110,19
1767653460785,55,200,true,110,110,55
1767653460793,47,200,true,110,110,47
1767653460789,51,200,true,110,110,51
1767653460823,17,200,true,110,110,17
1767653460821,19,200,true,110,110,19
1767653460785,55,200,true,110,110,55
1767653460790,50,200,true,110,110,50
1767653460797,43,200,true,110,110,43
1767653460784,56,200,true,110,110,56
1767653460796,44,200,true,110,110,44
1767653460788,52,200,true,110,110,52
1767653460795,46,200,true,110,110,46
1767653460785,56,200,true,110,110,56
1767653460791,50,200,true,110,110,50
1767653460785,56,200,true,110,110,56
1767653460821,20,200,true,110,110,20
1767653460821,20,200,true,110,110,20
1767653460800,41,200,true,110,110,41
1767653460800,41,200,true,110,110,41
1767653460820,21,200,true,110,110,21
1767653460784,57,200,true,110,110,57
1767653460786,55,200,true,110,110,55
1767653460785,56,200,true,110,110,56
1767653460800,41,200,true,110,110,41
1767653460787,55,200,true,110,110,55
1767653460785,57,200,true,110,110,57
1767653460784,58,200,true,110,110,58
1767653460784,58,200,true,110,110,58
1767653460801,41,200,true,110,110,41
1767653460798,44,200,true,110,110,44
1767653460820,22,200,true,110,110,22
1767653460795,47,200,true,110,110,47
1767653460790,52,200,true,110,110,52
1767653460817,25,200,true,110,110,25
1767653460800,42,200,true,110,110,42
1767653460786,57,200,true,110,110,57
1767653460821,22,200,true,110,110,22
1767653460786,57,200,true,110,110,57
1767653460817,26,200,true,110,110,26
1767653460820,23,200,true,110,110,23
1767653460823,20,200,true,110,110,20
1767653460784,59,200,true,110,110,59
1767653460821,22,200,true,110,110,22
1767653460796,47,200,true,110,110,47
1767653460790,53,200,true,110,110,53
1767653460784,59,200,true,110,110,59
1767653460783,61,200,true,110,110,61
1767653460801,43,200,true,110,110,43
1767653460820,24,200,true,110,110,24
1767653460820,24,200,true,110,110,24
1767653460820,25,200,true,110,110,25
1767653460822,23,200,true,110,110,23
1767653460802,43,200,true,110,110,43
1767653460825,20,200,true,110,110,20
1767653460823,22,200,true,110,110,22
1767653460824,21,200,true,110,110,21
1767653460785,61,200,true,110,110,61
1767653460819,27,200,true,110,110,27
1767653460825,21,200,true,110,110,21
1767653460796,50,200,true,110,110,50
1767653460822,24,200,true,110,110,24
1767653460800,46,200,true,110,110,46
1767653460824,22,200,true,110,110,22
1767653460826,20,200,true,110,110,20
1767653460824,23,200,true,110,110,23
1767653460825,22,200,true,110,110,22
1767653460823,24,200,true,110,110,24
1767653460825,22,200,true,110,110,22
1767653460825,23,200,true,110,110,23
1767653460828,20,200,true,110,110,20
1767653460824,24,200,true,110,110,24
1767653460824,24,200,true,110,110,24
1767653460824,24,200,true,110,110,24
1767653460826,22,200,true,110,110,22
1767653460823,26,200,true,110,110,26
1767653460825,24,200,true,110,110,24
1767653460824,31,200,true,110,110,31
1767653460823,32,200,true,110,110,32
1767653460790,65,200,true,110,110,65
1767653460795,60,200,true,110,110,60
1767653460793,66,200,true,110,110,65
1767653460820,40,200,true,110,110,40
1767653460798,62,200,true,110,110,62
1767653460784,77,200,true,110,110,77
1767653460839,23,200,true,110,110,23
1767653460842,21,200,true,110,110,21
1767653460842,21,200,true,110,110,21
1767653460840,23,200,true,110,110,23
1767653460841,22,200,true,110,110,22
1767653460838,25,200,true,110,110,25
1767653460841,23,200,true,110,110,23
1767653460840,24,200,true,110,110,24
1767653460840,24,200,true,110,110,23
1767653460839,25,200,true,110,110,25
1767653460840,24,200,true,110,110,24
1767653460839,26,200,true,110,110,26
1767653460838,27,200,true,110,110,27
1767653460842,23,200,true,110,110,23
1767653460840,25,200,true,110,110,25
1767653460839,27,200,true,110,110,27
1767653460838,28,200,true,110,110,28
1767653460840,26,200,true,110,110,26
1767653460839,27,200,true,110,110,27
1767653460841,25,200,true,110,110,25
1767653460840,26,200,true,110,110,26
1767653460839,27,200,true,110,110,27
1767653460842,24,200,true,110,110,24
1767653460837,30,200,true,110,110,30
1767653460841,26,200,true,110,110,26
1767653460840,27,200,true,110,110,27
1767653460842,25,200,true,110,110,25
1767653460837,30,200,true,110,110,30
1767653460839,28,200,true,110,110,28
1767653460838,29,200,true,110,110,29
1767653460841,26,200,true,110,110,26
1767653460840,27,200,true,110,110,27
1767653460841,26,200,true,110,110,26
1767653460842,25,200,true,110,110,25
1767653460840,27,200,true,110,110,27
1767653460839,29,200,true,110,110,29
1767653460839,29,200,true,110,110,29
1767653460841,27,200,true,110,110,27
1767653460838,30,200,true,110,110,30
1767653460839,29,200,true,110,110,29
1767653460838,30,200,true,110,110,30
1767653460840,28,200,true,110,110,28
1767653460843,27,200,true,110,110,27
1767653460840,30,200,true,110,110,30
1767653460842,37,200,true,110,110,37
1767653460843,36,200,true,110,110,36
1767653460842,37,200,true,110,110,37
1767653460842,37,200,true,110,110,37
1767653460841,39,200,true,110,110,39
1767653460839,41,200,true,110,110,41
1767653460842,38,200,true,110,110,38
1767653460838,43,200,true,110,110,43
1767653460841,40,200,true,110,110,40
1767653460843,38,200,true,110,110,38
1767653460842,39,200,true,110,110,39
1767653460842,39,200,true,110,110,39
1767653460841,40,200,true,110,110,40
1767653460841,45,200,true,110,110,45
1767653460840,52,200,true,110,110,52
1767653460846,46,200,true,110,110,46
1767653460860,33,200,true,110,110,33
1767653460867,26,200,true,110,110,26
1767653460840,53,200,true,110,110,53
1767653460842,51,200,true,110,110,51
1767653460845,48,200,true,110,110,48
1767653460844,49,200,true,110,110,49
1767653460848,45,200,true,110,110,45
1767653460843,50,200,true,110,110,50
1767653460840,53,200,true,110,110,53
1767653460845,49,200,true,110,110,49
1767653460863,31,200,true,110,110,31
1767653460846,48,200,true,110,110,48
1767653460866,28,200,true,110,110,28
1767653460867,27,200,true,110,110,27
1767653460845,49,200,true,110,110,49
1767653460846,49,200,true,110,110,49
1767653460865,30,200,true,110,110,30
1767653460847,48,200,true,110,110,48
1767653460847,48,200,true,110,110,48
1767653460846,49,200,true,110,110,49
1767653460838,57,200,true,110,110,57
1767653460846,49,200,true,110,110,49
1767653460867,28,200,true,110,110,28
1767653460848,47,200,true,110,110,47
1767653460864,31,200,true,110,110,31
1767653460864,31,200,true,110,110,31
1767653460843,52,200,true,110,110,52
1767653460844,51,200,true,110,110,51
1767653460845,50,200,true,110,110,50
1767653460848,47,200,true,110,110,47
1767653460847,48,200,true,110,110,48
1767653460843,53,200,true,110,110,53
1767653460846,50,200,true,110,110,50
1767653460849,47,200,true,110,110,47
1767653460867,29,200,true,110,110,29
1767653460843,53,200,true,110,110,53
1767653460867,29,200,true,110,110,29
1767653460848,48,200,true,110,110,48
1767653460843,53,200,true,110,110,53
1767653460867,29,200,true,110,110,29
1767653460866,30,200,true,110,110,30
1767653460843,53,200,true,110,110,53
1767653460846,50,200,true,110,110,50
1767653460838,58,200,true,110,110,58
1767653460845,51,200,true,110,110,51
1767653460844,52,200,true,110,110,52
1767653460863,33,200,true,110,110,33
1767653460866,30,200,true,110,110,30
1767653460866,30,200,true,110,110,30
1767653460862,34,200,true,110,110,34
1767653460844,52,200,true,110,110,52
1767653460859,38,200,true,110,110,38
1767653460860,37,200,true,110,110,37
1767653460845,52,200,true,110,110,52
1767653460843,54,200,true,110,110,51
1767653460855,42,200,true,110,110,42
1767653460868,29,200,true,110,110,29
1767653460865,32,200,true,110,110,32
1767653460864,33,200,true,110,110,33
1767653460868,30,200,true,110,110,30
1767653460855,44,200,true,110,110,44
1767653460843,56,200,true,110,110,56
1767653460868,31,200,true,110,110,31
1767653460864,35,200,true,110,110,35
1767653460864,36,200,true,110,110,36
1767653460866,34,200,true,110,110,34
1767653460863,37,200,true,110,110,37
1767653460855,45,200,true,110,110,45
1767653460846,54,200,true,110,110,54
1767653460866,34,200,true,110,110,34
1767653460849,51,200,true,110,110,51
1767653460848,53,200,true,110,110,53
1767653460865,36,200,true,110,110,36
1767653460863,38,200,true,110,110,38
1767653460868,33,200,true,110,110,33
1767653460855,50,200,true,110,110,50
1767653460867,39,200,true,110,110,39
1767653460867,39,200,true,110,110,39
1767653460867,39,200,true,110,110,39
1767653460867,40,200,true,110,110,40
1767653460866,41,200,true,110,110,41
1767653460863,44,200,true,110,110,44
1767653460866,43,200,true,110,110,43
1767653460848,61,200,true,110,110,61
1767653460867,42,200,true,110,110,42
1767653460868,41,200,true,110,110,33
1767653460879,30,200,true,110,110,30
1767653460881,28,200,true,110,110,28
1767653460880,29,200,true,110,110,29
1767653460886,23,200,true,110,110,23
1767653460881,28,200,true,110,110,28
1767653460880,29,200,true,110,110,29
1767653460879,31,200,true,110,110,30
1767653460881,29,200,true,110,110,29
1767653460868,42,200,true,110,110,42
1767653460879,31,200,true,110,110,31
1767653460880,30,200,true,110,110,30
1767653460866,44,200,true,110,110,42
1767653460867,43,200,true,110,110,43
1767653460847,65,200,true,110,110,65
1767653460861,52,200,true,110,110,52
1767653460895,28,200,true,110,110,28
1767653460881,42,200,true,110,110,42
1767653460893,30,200,true,110,110,30
1767653460897,26,200,true,110,110,26
1767653460895,29,200,true,110,110,29
1767653460893,31,200,true,110,110,31
1767653460895,29,200,true,110,110,29
1767653460896,28,200,true,110,110,28
1767653460868,56,200,true,110,110,56
1767653460893,31,200,true,110,110,31
1767653460895,29,200,true,110,110,29
1767653460894,31,200,true,110,110,31
1767653460896,30,200,true,110,110,30
1767653460894,36,200,true,110,110,36
1767653460893,37,200,true,110,110,37
1767653460893,37,200,true,110,110,37
1767653460896,35,200,true,110,110,35
1767653460895,36,200,true,110,110,36
1767653460900,32,200,true,110,110,31
1767653460894,39,200,true,110,110,39
1767653460881,52,200,true,110,110,52
1767653460895,38,200,true,110,110,38
1767653460896,37,200,true,110,110,37
1767653460895,38,200,true,110,110,38
1767653460900,33,200,true,110,110,33
1767653460895,38,200,true,110,110,38
1767653460896,38,200,true,110,110,37
1767653460898,36,200,true,110,110,36
1767653460895,39,200,true,110,110,39
1767653460895,39,200,true,110,110,39
1767653460894,40,200,true,110,110,40
1767653460896,38,200,true,110,110,38
1767653460896,38,200,true,110,110,38
1767653460895,39,200,true,110,110,39
1767653460895,39,200,true,110,110,39
1767653460896,38,200,true,110,110,38
1767653460897,37,200,true,110,110,37
1767653460896,38,200,true,110,110,35
1767653460897,37,200,true,110,110,37
1767653460900,37,200,true,110,110,37
1767653460896,43,200,true,110,110,43
1767653460896,43,200,true,110,110,43
1767653460896,43,200,true,110,110,43
1767653460894,46,200,true,110,110,46
1767653460895,45,200,true,110,110,45
1767653460909,31,200,true,110,110,31
1767653460906,34,200,true,110,110,34
1767653460896,44,200,true,110,110,44
1767653460899,41,200,true,110,110,41
1767653460897,43,200,true,110,110,43
1767653460896,44,200,true,110,110,44
1767653460906,35,200,true,110,110,34
1767653460907,34,200,true,110,110,34
1767653460870,71,200,true,110,110,71
1767653460897,44,200,true,110,110,44
1767653460907,34,200,true,110,110,34
1767653460893,48,200,true,110,110,48
1767653460899,42,200,true,110,110,42
1767653460879,62,200,true,110,110,62
1767653460896,45,200,true,110,110,45
1767653460893,48,200,true,110,110,48
1767653460897,44,200,true,110,110,44
1767653460897,44,200,true,110,110,44
1767653460894,47,200,true,110,110,47
1767653460899,42,200,true,110,110,42
1767653460900,41,200,true,110,110,41
1767653460900,41,200,true,110,110,41
1767653460900,41,200,true,110,110,41
1767653460893,48,200,true,110,110,48
1767653460899,43,200,true,110,110,42
1767653460871,71,200,true,110,110,71
1767653460897,45,200,true,110,110,45
1767653460901,41,200,true,110,110,41
1767653460910,32,200,true,110,110,32
1767653460909,33,200,true,110,110,33
1767653460910,32,200,true,110,110,32
1767653460909,33,200,true,110,110,33
1767653460896,46,200,true,110,110,46
1767653460894,49,200,true,110,110,49
1767653460896,47,200,true,110,110,47
1767653460901,42,200,true,110,110,42
1767653460910,33,200,true,110,110,33
1767653460910,34,200,true,110,110,34
1767653460896,48,200,true,110,110,48
1767653460910,34,200,true,110,110,34
1767653460909,35,200,true,110,110,35
1767653460895,50,200,true,110,110,47
1767653460909,36,200,true,110,110,36
1767653460901,49,200,true,110,110,49
1767653460881,69,200,true,110,110,69
1767653460906,44,200,true,110,110,44
1767653460895,55,200,true,110,110,55
1767653460909,42,200,true,110,110,36
1767653460896,55,200,true,110,110,55
1767653460896,55,200,true,110,110,55
1767653460907,45,200,true,110,110,45
1767653460912,40,200,true,110,110,40
1767653460910,42,200,true,110,110,41
1767653460901,51,200,true,110,110,51
1767653460909,43,200,true,110,110,43
1767653460913,40,200,true,110,110,40
1767653460905,48,200,true,110,110,48
1767653460909,44,200,true,110,110,44
1767653460896,57,200,true,110,110,57
1767653460900,53,200,true,110,110,53
1767653460910,43,200,true,110,110,43
1767653460893,60,200,true,110,110,60
1767653460910,43,200,true,110,110,43
1767653460898,56,200,true,110,110,55
1767653460910,44,200,true,110,110,44
1767653460932,34,200,true,110,110,34
1767653460934,32,200,true,110,110,32
1767653460923,43,200,true,110,110,43
1767653460934,32,200,true,110,110,32
1767653460924,42,200,true,110,110,42
1767653460941,25,200,true,110,110,25
1767653460941,25,200,true,110,110,25
1767653460930,36,200,true,110,110,36
1767653460942,24,200,true,110,110,24
1767653460933,33,200,true,110,110,33
1767653460934,32,200,true,110,110,32
1767653460924,42,200,true,110,110,42
1767653460924,43,200,true,110,110,43
1767653460941,26,200,true,110,110,26
1767653460933,34,200,true,110,110,34
1767653460924,43,200,true,110,110,43
1767653460923,44,200,true,110,110,43
1767653460941,26,200,true,110,110,26
1767653460941,26,200,true,110,110,26
1767653460923,44,200,true,110,110,44
1767653460933,35,200,true,110,110,35
1767653460940,28,200,true,110,110,28
1767653460941,27,200,true,110,110,27
1767653460940,28,200,true,110,110,28
1767653460941,27,200,true,110,110,27
1767653460931,37,200,true,110,110,37
1767653460940,28,200,true,110,110,28
1767653460934,34,200,true,110,110,34
1767653460941,31,200,true,110,110,31
1767653460934,38,200,true,110,110,38
1767653460942,30,200,true,110,110,30
1767653460925,47,200,true,110,110,47
1767653460942,30,200,true,110,110,30
1767653460940,32,200,true,110,110,32
1767653460941,31,200,true,110,110,31
1767653460939,34,200,true,110,110,34
1767653460941,32,200,true,110,110,32
1767653460940,33,200,true,110,110,33
1767653460934,39,200,true,110,110,39
1767653460942,31,200,true,110,110,31
1767653460931,42,200,true,110,110,42
1767653460937,36,200,true,110,110,36
1767653460941,34,200,true,110,110,34
1767653460942,34,200,true,110,110,34
1767653460934,42,200,true,110,110,42
1767653460940,36,200,true,110,110,36
1767653460940,37,200,true,110,110,37
1767653460940,38,200,true,110,110,38
1767653460934,44,200,true,110,110,44
1767653460934,45,200,true,110,110,45
1767653460924,55,200,true,110,110,54
1767653460934,46,200,true,110,110,46
1767653460933,47,200,true,110,110,47
1767653460934,46,200,true,110,110,46
1767653460944,38,200,true,110,110,38
1767653460923,59,200,true,110,110,59
1767653460930,52,200,true,110,110,52
1767653460939,43,200,true,110,110,43
1767653460926,56,200,true,110,110,56
1767653460924,58,200,true,110,110,58
1767653460941,42,200,true,110,110,41
1767653460941,42,200,true,110,110,42
1767653460941,43,200,true,110,110,43
1767653460944,40,200,true,110,110,40
1767653460943,41,200,true,110,110,41
1767653460942,43,200,true,110,110,43
1767653460941,44,200,true,110,110,44
1767653460943,42,200,true,110,110,42
1767653460941,44,200,true,110,110,44
1767653460945,40,200,true,110,110,40
1767653460951,34,200,true,110,110,34
1767653460944,42,200,true,110,110,42
1767653460942,44,200,true,110,110,44
1767653460952,34,200,true,110,110,34
1767653460943,44,200,true,110,110,44
1767653460934,53,200,true,110,110,53
1767653460950,37,200,true,110,110,37
1767653460934,53,200,true,110,110,53
1767653460933,54,200,true,110,110,54
1767653460945,42,200,true,110,110,42
1767653460943,45,200,true,110,110,45
1767653460944,44,200,true,110,110,44
1767653460942,46,200,true,110,110,46
1767653460934,54,200,true,110,110,54
1767653460933,56,200,true,110,110,56
1767653460940,49,200,true,110,110,39
1767653460924,68,200,true,110,110,68
1767653460931,61,200,true,110,110,60
1767653460941,51,200,true,110,110,50
1767653460943,52,200,true,110,110,52
1767653460966,29,200,true,110,110,29
1767653460950,45,200,true,110,110,45
1767653460967,29,200,true,110,110,29
1767653460953,43,200,true,110,110,43
1767653460953,43,200,true,110,110,43
1767653460966,30,200,true,110,110,30
1767653460953,43,200,true,110,110,43
1767653460951,45,200,true,110,110,45
1767653460967,30,200,true,110,110,30
1767653460966,31,200,true,110,110,31
1767653460952,45,200,true,110,110,45
1767653460966,31,200,true,110,110,31
1767653460954,43,200,true,110,110,43
1767653460966,31,200,true,110,110,31
1767653460952,46,200,true,110,110,46
1767653460950,48,200,true,110,110,48
1767653460942,56,200,true,110,110,56
1767653460967,31,200,true,110,110,31
1767653460950,48,200,true,110,110,48
1767653460968,30,200,true,110,110,30
1767653460953,45,200,true,110,110,45
1767653460952,47,200,true,110,110,47
1767653460952,47,200,true,110,110,46
1767653460953,46,200,true,110,110,46
1767653460951,48,200,true,110,110,48
1767653460966,34,200,true,110,110,33
1767653460968,35,200,true,110,110,35
1767653460973,30,200,true,110,110,30
1767653460976,28,200,true,110,110,28
1767653460953,51,200,true,110,110,51
1767653460968,36,200,true,110,110,36
1767653460973,32,200,true,110,110,32
1767653460976,29,200,true,110,110,29
1767653460966,39,200,true,110,110,39
1767653460953,53,200,true,110,110,53
1767653460975,31,200,true,110,110,31
1767653460973,33,200,true,110,110,33
1767653460967,39,200,true,110,110,39
1767653460968,38,200,true,110,110,38
1767653460967,39,200,true,110,110,39
1767653460972,34,200,true,110,110,34
1767653460967,39,200,true,110,110,39
1767653460966,40,200,true,110,110,40
1767653460953,53,200,true,110,110,53
1767653460973,33,200,true,110,110,33
1767653460954,53,200,true,110,110,53
1767653460972,35,200,true,110,110,35
1767653460968,39,200,true,110,110,39
1767653460973,34,200,true,110,110,34
1767653460967,40,200,true,110,110,40
1767653460973,35,200,true,110,110,35
1767653460972,37,200,true,110,110,37
1767653460972,37,200,true,110,110,37
1767653460966,43,200,true,110,110,43
1767653460972,37,200,true,110,110,37
1767653460973,37,200,true,110,110,37
1767653460968,42,200,true,110,110,42
1767653460968,42,200,true,110,110,42
1767653460966,44,200,true,110,110,44
1767653460966,44,200,true,110,110,44
1767653460968,42,200,true,110,110,42
1767653460966,44,200,true,110,110,44
1767653460968,42,200,true,110,110,39
1767653460972,39,200,true,110,110,39
1767653460978,34,200,true,110,110,34
1767653460985,28,200,true,110,110,28
1767653460982,33,200,true,110,110,33
1767653460986,29,200,true,110,110,29
1767653460982,33,200,true,110,110,31
1767653460984,32,200,true,110,110,32
1767653460979,38,200,true,110,110,38
1767653460977,40,200,true,110,110,40
1767653460985,33,200,true,110,110,33
1767653460984,34,200,true,110,110,34
1767653460982,36,200,true,110,110,36
1767653460983,36,200,true,110,110,36
1767653460980,39,200,true,110,110,39
1767653460987,32,200,true,110,110,32
1767653460985,34,200,true,110,110,34
1767653460987,32,200,true,110,110,32
1767653460978,42,200,true,110,110,42
1767653460980,40,200,true,110,110,40
1767653460987,33,200,true,110,110,33
1767653460976,44,200,true,110,110,44
1767653460987,34,200,true,110,110,34
1767653460987,34,200,true,110,110,34
1767653460982,39,200,true,110,110,39
1767653460979,42,200,true,110,110,42
1767653460982,40,200,true,110,110,40
1767653460980,42,200,true,110,110,42
1767653460985,37,200,true,110,110,37
1767653460983,39,200,true,110,110,39
1767653460973,49,200,true,110,110,49
1767653460986,37,200,true,110,110,37
1767653461000,25,200,true,110,110,25
1767653460997,28,200,true,110,110,28
1767653460997,28,200,true,110,110,28
1767653460989,36,200,true,110,110,36
1767653460997,29,200,true,110,110,29
1767653460985,42,200,true,110,110,42
1767653460982,45,200,true,110,110,45
1767653460987,40,200,true,110,110,40
1767653460984,44,200,true,110,110,44
1767653460996,32,200,true,110,110,32
1767653460996,32,200,true,110,110,32
1767653460988,40,200,true,110,110,40
1767653460997,35,200,true,110,110,35
1767653460995,37,200,true,110,110,37
1767653460996,36,200,true,110,110,36
1767653460998,34,200,true,110,110,34
1767653460992,40,200,true,110,110,40
1767653460999,33,200,true,110,110,33
1767653460998,34,200,true,110,110,34
1767653460992,40,200,true,110,110,40
1767653460998,34,200,true,110,110,34
1767653460988,44,200,true,110,110,44
1767653460988,45,200,true,110,110,45
1767653461007,26,200,true,110,110,26
1767653460995,38,200,true,110,110,38
1767653460989,44,200,true,110,110,44
1767653461010,23,200,true,110,110,23
1767653460997,36,200,true,110,110,36
1767653460988,45,200,true,110,110,45
1767653461007,26,200,true,110,110,26
1767653460995,38,200,true,110,110,38
1767653460996,37,200,true,110,110,37
1767653461007,26,200,true,110,110,26
1767653460999,34,200,true,110,110,34
1767653461007,27,200,true,110,110,26
1767653460998,36,200,true,110,110,36
1767653461007,27,200,true,110,110,27
1767653461009,25,200,true,110,110,25
1767653460998,37,200,true,110,110,36
1767653460999,36,200,true,110,110,36
1767653460986,49,200,true,110,110,49
1767653460996,39,200,true,110,110,39
1767653460985,50,200,true,110,110,50
1767653460998,37,200,true,110,110,37
1767653461008,27,200,true,110,110,27
1767653461007,28,200,true,110,110,28
1767653460992,43,200,true,110,110,43
1767653460999,36,200,true,110,110,36
1767653461003,32,200,true,110,110,32
1767653460997,39,200,true,110,110,39
1767653461010,26,200,true,110,110,26
1767653461007,29,200,true,110,110,27
1767653461006,30,200,true,110,110,29
1767653461005,33,200,true,110,110,31
1767653460999,50,200,true,110,110,50
1767653460998,51,200,true,110,110,51
1767653461004,46,200,true,110,110,46
1767653461010,40,200,true,110,110,40
1767653461010,40,200,true,110,110,40
1767653461010,40,200,true,110,110,40
1767653461005,45,200,true,110,110,45
1767653461006,44,200,true,110,110,44
1767653461006,44,200,true,110,110,44
1767653461006,44,200,true,110,110,44
1767653461004,46,200,true,110,110,46
1767653461006,45,200,true,110,110,45
1767653461010,41,200,true,110,110,41
1767653461006,45,200,true,110,110,45
1767653461005,46,200,true,110,110,46
1767653461011,40,200,true,110,110,40
1767653461009,42,200,true,110,110,42
1767653461006,45,200,true,110,110,45
1767653461010,41,200,true,110,110,41
1767653461009,42,200,true,110,110,42
1767653461009,42,200,true,110,110,42
1767653461010,41,200,true,110,110,41
1767653461006,45,200,true,110,110,45
1767653461004,47,200,true,110,110,47
1767653461019,32,200,true,110,110,32
1767653461004,47,200,true,110,110,47
1767653461021,30,200,true,110,110,30
1767653461028,24,200,true,110,110,24
1767653461022,30,200,true,110,110,30
1767653461006,46,200,true,110,110,46
1767653461025,27,200,true,110,110,27
1767653461025,27,200,true,110,110,27
1767653461019,33,200,true,110,110,33
1767653461027,25,200,true,110,110,25
1767653461028,25,200,true,110,110,25
1767653461020,33,200,true,110,110,33
1767653461021,33,200,true,110,110,33
1767653461019,35,200,true,110,110,35
1767653461018,37,200,true,110,110,37
1767653461015,40,200,true,110,110,40
1767653461028,27,200,true,110,110,27
1767653461028,27,200,true,110,110,26
1767653461026,29,200,true,110,110,27
1767653461025,38,200,true,110,110,38
1767653461022,41,200,true,110,110,41
1767653461012,51,200,true,110,110,51
1767653461017,47,200,true,110,110,47
1767653461022,42,200,true,110,110,42
1767653461022,42,200,true,110,110,42
1767653461015,49,200,true,110,110,49
1767653461025,39,200,true,110,110,39
1767653461017,48,200,true,110,110,48
1767653461020,45,200,true,110,110,45
1767653461016,49,200,true,110,110,49
1767653461022,43,200,true,110,110,43
1767653461018,47,200,true,110,110,47
1767653461018,47,200,true,110,110,47
1767653461021,44,200,true,110,110,44
1767653461013,52,200,true,110,110,52
1767653461027,38,200,true,110,110,38
1767653461019,46,200,true,110,110,46
1767653461023,43,200,true,110,110,43
1767653461027,39,200,true,110,110,39
1767653461019,53,200,true,110,110,53
1767653461015,57,200,true,110,110,57
1767653461020,53,200,true,110,110,53
1767653461020,54,200,true,110,110,54
1767653461021,54,200,true,110,110,54
1767653461035,41,200,true,110,110,41
1767653461032,44,200,true,110,110,44
1767653461035,42,200,true,110,110,42
1767653461032,45,200,true,110,110,45
1767653461036,41,200,true,110,110,41
1767653461035,42,200,true,110,110,42
1767653461033,44,200,true,110,110,44
1767653461033,44,200,true,110,110,44
1767653461034,43,200,true,110,110,43
1767653461032,45,200,true,110,110,45
1767653461033,45,200,true,110,110,45
1767653461032,46,200,true,110,110,46
1767653461032,46,200,true,110,110,46
1767653461034,44,200,true,110,110,44
1767653461032,46,200,true,110,110,46
1767653461034,44,200,true,110,110,44
1767653461032,47,200,true,110,110,47
1767653461035,44,200,true,110,110,44
1767653461032,47,200,true,110,110,47
1767653461035,44,200,true,110,110,44
1767653461035,44,200,true,110,110,44
1767653461033,46,200,true,110,110,46
1767653461033,46,200,true,110,110,46
1767653461033,47,200,true,110,110,47
1767653461036,44,200,true,110,110,44
1767653461033,47,200,true,110,110,47
1767653461035,46,200,true,110,110,46
1767653461033,48,200,true,110,110,48
1767653461033,52,200,true,110,110,52
1767653461050,35,200,true,110,110,35
1767653461033,52,200,true,110,110,52
1767653461050,35,200,true,110,110,35
1767653461051,34,200,true,110,110,34
1767653461036,49,200,true,110,110,49
1767653461032,53,200,true,110,110,53
1767653461035,50,200,true,110,110,50
1767653461033,52,200,true,110,110,52
1767653461036,49,200,true,110,110,49
1767653461034,52,200,true,110,110,52
1767653461050,36,200,true,110,110,36
1767653461035,51,200,true,110,110,51
1767653461054,32,200,true,110,110,32
1767653461054,33,200,true,110,110,33
1767653461052,35,200,true,110,110,35
1767653461032,55,200,true,110,110,55
1767653461055,32,200,true,110,110,32
1767653461052,36,200,true,110,110,36
1767653461055,33,200,true,110,110,33
1767653461055,33,200,true,110,110,33
1767653461052,36,200,true,110,110,36
1767653461051,37,200,true,110,110,37
1767653461050,38,200,true,110,110,38
1767653461052,36,200,true,110,110,36
1767653461051,37,200,true,110,110,37
1767653461052,36,200,true,110,110,36
1767653461055,34,200,true,110,110,34
1767653461052,37,200,true,110,110,37
1767653461050,39,200,true,110,110,39
1767653461051,38,200,true,110,110,38
1767653461051,38,200,true,110,110,35
1767653461053,39,200,true,110,110,39
1767653461052,41,200,true,110,110,41
1767653461051,42,200,true,110,110,42
1767653461051,43,200,true,110,110,43
1767653461034,60,200,true,110,110,60
1767653461051,44,200,true,110,110,44
1767653461051,45,200,true,110,110,45
1767653461050,46,200,true,110,110,46
1767653461051,45,200,true,110,110,45
1767653461051,45,200,true,110,110,45
1767653461053,43,200,true,110,110,43
1767653461050,50,200,true,110,110,50
1767653461051,49,200,true,110,110,49
1767653461055,45,200,true,110,110,45
1767653461051,49,200,true,110,110,49
1767653461038,62,200,true,110,110,62
1767653461050,50,200,true,110,110,50
1767653461051,49,200,true,110,110,49
1767653461079,22,200,true,110,110,22
1767653461051,50,200,true,110,110,50
1767653461050,51,200,true,110,110,51
1767653461051,50,200,true,110,110,50
1767653461064,38,200,true,110,110,38
1767653461065,40,200,true,110,110,40
1767653461066,40,200,true,110,110,40
1767653461077,29,200,true,110,110,29
1767653461080,26,200,true,110,110,26
1767653461050,58,200,true,110,110,58
1767653461079,29,200,true,110,110,29
1767653461065,43,200,true,110,110,43
1767653461064,44,200,true,110,110,44
1767653461079,29,200,true,110,110,29
1767653461072,36,200,true,110,110,36
1767653461065,45,200,true,110,110,45
1767653461065,45,200,true,110,110,45
1767653461065,45,200,true,110,110,45
1767653461063,48,200,true,110,110,48
1767653461081,30,200,true,110,110,30
1767653461063,48,200,true,110,110,48
1767653461063,48,200,true,110,110,48
1767653461085,29,200,true,110,110,29
1767653461077,37,200,true,110,110,37
1767653461077,37,200,true,110,110,37
1767653461077,37,200,true,110,110,37
1767653461035,79,200,true,110,110,79
1767653461077,38,200,true,110,110,38
1767653461079,36,200,true,110,110,36
1767653461064,51,200,true,110,110,51
1767653461064,52,200,true,110,110,51
1767653461079,42,200,true,110,110,42
1767653461086,35,200,true,110,110,35
1767653461065,56,200,true,110,110,56
1767653461065,56,200,true,110,110,56
1767653461079,42,200,true,110,110,42
1767653461078,43,200,true,110,110,43
1767653461035,87,200,true,110,110,87
1767653461077,45,200,true,110,110,45
1767653461079,44,200,true,110,110,44
1767653461073,50,200,true,110,110,50
1767653461077,47,200,true,110,110,47
1767653461080,44,200,true,110,110,44
1767653461088,36,200,true,110,110,36
1767653461079,45,200,true,110,110,45
1767653461081,43,200,true,110,110,43
1767653461089,36,200,true,110,110,36
1767653461064,61,200,true,110,110,61
1767653461088,37,200,true,110,110,37
1767653461086,39,200,true,110,110,39
1767653461080,45,200,true,110,110,45
1767653461065,61,200,true,110,110,61
1767653461085,41,200,true,110,110,41
1767653461077,49,200,true,110,110,49
1767653461085,41,200,true,110,110,41
1767653461074,52,200,true,110,110,52
1767653461075,51,200,true,110,110,51
1767653461078,48,200,true,110,110,48
1767653461089,37,200,true,110,110,37
1767653461065,61,200,true,110,110,61
1767653461088,38,200,true,110,110,38
1767653461078,49,200,true,110,110,49
1767653461077,50,200,true,110,110,50
1767653461072,55,200,true,110,110,55
1767653461078,49,200,true,110,110,49
1767653461087,40,200,true,110,110,38
1767653461066,61,200,true,110,110,61
1767653461087,40,200,true,110,110,40
1767653461088,39,200,true,110,110,39
1767653461096,31,200,true,110,110,31
1767653461088,39,200,true,110,110,39
1767653461087,40,200,true,110,110,40
1767653461088,39,200,true,110,110,39
1767653461085,42,200,true,110,110,42
1767653461089,39,200,true,110,110,39
1767653461085,43,200,true,110,110,43
1767653461065,63,200,true,110,110,63
1767653461089,39,200,true,110,110,39
1767653461085,44,200,true,110,110,44
1767653461087,42,200,true,110,110,42
1767653461078,51,200,true,110,110,51
1767653461077,52,200,true,110,110,52
1767653461088,41,200,true,110,110,41
1767653461087,43,200,true,110,110,43
1767653461086,44,200,true,110,110,44
1767653461085,45,200,true,110,110,45
1767653461088,42,200,true,110,110,42
1767653461085,45,200,true,110,110,44
1767653461088,42,200,true,110,110,42
1767653461085,47,200,true,110,110,47
1767653461108,25,200,true,110,110,25
1767653461094,39,200,true,110,110,39
1767653461110,23,200,true,110,110,23
1767653461096,38,200,true,110,110,38
1767653461111,23,200,true,110,110,23
1767653461108,26,200,true,110,110,26
1767653461094,40,200,true,110,110,40
1767653461100,34,200,true,110,110,34
1767653461050,84,200,true,110,110,84
1767653461101,33,200,true,110,110,33
1767653461096,38,200,true,110,110,38
1767653461108,26,200,true,110,110,26
1767653461115,19,200,true,110,110,19
1767653461111,24,200,true,110,110,24
1767653461115,20,200,true,110,110,20
1767653461116,19,200,true,110,110,19
1767653461100,35,200,true,110,110,35
1767653461096,40,200,true,110,110,40
1767653461093,43,200,true,110,110,43
1767653461096,40,200,true,110,110,40
1767653461102,34,200,true,110,110,34
1767653461101,36,200,true,110,110,36
1767653461100,37,200,true,110,110,37
1767653461085,52,200,true,110,110,52
1767653461101,36,200,true,110,110,36
1767653461100,37,200,true,110,110,37
1767653461111,26,200,true,110,110,26
1767653461096,41,200,true,110,110,41
1767653461089,48,200,true,110,110,48
1767653461092,45,200,true,110,110,45
1767653461100,39,200,true,110,110,39
1767653461108,31,200,true,110,110,31
1767653461114,26,200,true,110,110,26
1767653461106,34,200,true,110,110,34
1767653461110,30,200,true,110,110,30
1767653461115,25,200,true,110,110,25
1767653461100,40,200,true,110,110,40
1767653461105,35,200,true,110,110,35
1767653461106,34,200,true,110,110,34
1767653461101,39,200,true,110,110,39
1767653461093,47,200,true,110,110,47
1767653461115,25,200,true,110,110,25
1767653461110,30,200,true,110,110,30
1767653461111,29,200,true,110,110,29
1767653461106,34,200,true,110,110,34
1767653461114,27,200,true,110,110,27
1767653461115,26,200,true,110,110,26
1767653461114,27,200,true,110,110,27
1767653461108,33,200,true,110,110,33
1767653461108,34,200,true,110,110,34
1767653461124,18,200,true,110,110,18
1767653461123,19,200,true,110,110,19
1767653461121,23,200,true,110,110,21
1767653461124,20,200,true,110,110,20
1767653461101,43,200,true,110,110,43
1767653461123,21,200,true,110,110,21
1767653461124,23,200,true,110,110,23
1767653461123,26,200,true,110,110,26
1767653461122,29,200,true,110,110,29
1767653461124,27,200,true,110,110,27
1767653461121,30,200,true,110,110,30
1767653461128,23,200,true,110,110,23
1767653461121,31,200,true,110,110,31
1767653461124,28,200,true,110,110,28
1767653461121,31,200,true,110,110,31
1767653461125,27,200,true,110,110,27
1767653461125,27,200,true,110,110,27
1767653461125,34,200,true,110,110,34
1767653461121,38,200,true,110,110,38
1767653461130,29,200,true,110,110,29
1767653461121,39,200,true,110,110,39
1767653461126,34,200,true,110,110,34
1767653461132,29,200,true,110,110,29
1767653461127,34,200,true,110,110,34
1767653461127,34,200,true,110,110,34
1767653461127,34,200,true,110,110,34
1767653461135,27,200,true,110,110,27
1767653461126,36,200,true,110,110,36
1767653461125,37,200,true,110,110,37
1767653461133,29,200,true,110,110,29
1767653461129,33,200,true,110,110,33
1767653461127,35,200,true,110,110,35
1767653461127,35,200,true,110,110,35
1767653461127,35,200,true,110,110,35
1767653461130,38,200,true,110,110,38
1767653461134,34,200,true,110,110,34
1767653461134,40,200,true,110,110,40
1767653461134,40,200,true,110,110,40
1767653461133,41,200,true,110,110,41
1767653461126,48,200,true,110,110,48
1767653461125,50,200,true,110,110,50
1767653461127,48,200,true,110,110,48
1767653461133,42,200,true,110,110,42
1767653461127,48,200,true,110,110,48
1767653461131,44,200,true,110,110,44
1767653461128,47,200,true,110,110,47
1767653461127,48,200,true,110,110,48
1767653461129,46,200,true,110,110,46
1767653461130,45,200,true,110,110,45
1767653461127,48,200,true,110,110,48
1767653461134,41,200,true,110,110,41
1767653461126,49,200,true,110,110,49
1767653461126,49,200,true,110,110,49
1767653461135,41,200,true,110,110,40
1767653461134,42,200,true,110,110,42
1767653461128,48,200,true,110,110,48
1767653461126,50,200,true,110,110,50
1767653461126,50,200,true,110,110,50
1767653461136,40,200,true,110,110,40
1767653461126,50,200,true,110,110,50
1767653461129,47,200,true,110,110,47
1767653461129,47,200,true,110,110,47
1767653461128,49,200,true,110,110,49
1767653461135,42,200,true,110,110,42
1767653461127,50,200,true,110,110,50
1767653461134,43,200,true,110,110,43
1767653461134,43,200,true,110,110,43
1767653461137,40,200,true,110,110,40
1767653461127,50,200,true,110,110,50
1767653461134,43,200,true,110,110,43
1767653461127,51,200,true,110,110,51
1767653461134,44,200,true,110,110,44
1767653461137,42,200,true,110,110,41
1767653461130,50,200,true,110,110,50
1767653461127,53,200,true,110,110,53
1767653461129,51,200,true,110,110,51
1767653461135,45,200,true,110,110,45
1767653461142,38,200,true,110,110,38
1767653461144,36,200,true,110,110,36
1767653461140,40,200,true,110,110,40
1767653461137,43,200,true,110,110,43
1767653461143,37,200,true,110,110,37
1767653461140,40,200,true,110,110,40
1767653461141,39,200,true,110,110,39
1767653461137,44,200,true,110,110,44
1767653461152,29,200,true,110,110,29
1767653461134,47,200,true,110,110,47
1767653461137,44,200,true,110,110,44
1767653461159,22,200,true,110,110,22
1767653461137,44,200,true,110,110,44
1767653461140,41,200,true,110,110,41
1767653461142,39,200,true,110,110,39
1767653461140,41,200,true,110,110,41
1767653461139,43,200,true,110,110,43
1767653461137,45,200,true,110,110,45
1767653461136,46,200,true,110,110,46
1767653461159,23,200,true,110,110,23
1767653461152,30,200,true,110,110,30
1767653461147,35,200,true,110,110,35
1767653461136,46,200,true,110,110,46
1767653461151,31,200,true,110,110,31
1767653461162,21,200,true,110,110,21
1767653461130,53,200,true,110,110,53
1767653461161,22,200,true,110,110,22
1767653461140,43,200,true,110,110,43
1767653461152,31,200,true,110,110,31
1767653461139,44,200,true,110,110,44
1767653461144,39,200,true,110,110,39
1767653461152,31,200,true,110,110,31
1767653461140,43,200,true,110,110,43
1767653461151,32,200,true,110,110,32
1767653461162,21,200,true,110,110,21
1767653461168,16,200,true,110,110,16
1767653461140,44,200,true,110,110,43
1767653461161,23,200,true,110,110,23
1767653461144,40,200,true,110,110,40
1767653461144,40,200,true,110,110,40
1767653461140,44,200,true,110,110,44
1767653461151,33,200,true,110,110,33
1767653461151,33,200,true,110,110,33
1767653461162,22,200,true,110,110,22
1767653461141,43,200,true,110,110,43
1767653461168,16,200,true,110,110,16
1767653461140,44,200,true,110,110,43
1767653461140,44,200,true,110,110,43
1767653461162,22,200,true,110,110,22
1767653461159,25,200,true,110,110,25
1767653461162,23,200,true,110,110,22
1767653461149,36,200,true,110,110,36
1767653461161,24,200,true,110,110,24
1767653461141,44,200,true,110,110,44
1767653461140,45,200,true,110,110,45
1767653461138,47,200,true,110,110,47
1767653461136,49,200,true,110,110,48
1767653461140,45,200,true,110,110,45
1767653461161,24,200,true,110,110,24
1767653461140,46,200,true,110,110,46
1767653461141,45,200,true,110,110,45
1767653461162,24,200,true,110,110,24
1767653461162,24,200,true,110,110,24
1767653461152,34,200,true,110,110,34
1767653461137,50,200,true,110,110,50
1767653461161,26,200,true,110,110,26
1767653461160,27,200,true,110,110,27
1767653461126,61,200,true,110,110,61
1767653461162,26,200,true,110,110,26
1767653461181,8,200,true,110,110,8
1767653461185,4,200,true,110,110,4
1767653461183,9,200,true,110,110,7
1767653461177,15,200,true,110,110,15
1767653461185,13,200,true,110,110,12
1767653461176,22,200,true,110,110,22
1767653461185,13,200,true,110,110,13
1767653461184,14,200,true,110,110,14
1767653461187,11,200,true,110,110,11
1767653461181,18,200,true,110,110,18
1767653461176,23,200,true,110,110,23
1767653461183,16,200,true,110,110,16
1767653461186,16,200,true,110,110,12
1767653461185,17,200,true,110,110,17
1767653461175,27,200,true,110,110,27
1767653461184,18,200,true,110,110,18
1767653461185,18,200,true,110,110,18
1767653461176,28,200,true,110,110,28
1767653461182,23,200,true,110,110,23
1767653461182,23,200,true,110,110,23
1767653461178,27,200,true,110,110,27
1767653461177,28,200,true,110,110,28
1767653461175,30,200,true,110,110,30
1767653461183,22,200,true,110,110,22
1767653461180,25,200,true,110,110,25
1767653461180,25,200,true,110,110,25
1767653461175,31,200,true,110,110,31
1767653461182,24,200,true,110,110,24
1767653461180,26,200,true,110,110,26
1767653461185,21,200,true,110,110,21
1767653461181,34,200,true,110,110,34
1767653461175,49,200,true,110,110,49
1767653461184,43,200,true,110,110,43
1767653461176,51,200,true,110,110,51
1767653461183,44,200,true,110,110,44
1767653461186,41,200,true,110,110,41
1767653461177,51,200,true,110,110,51
1767653461183,45,200,true,110,110,45
1767653461177,52,200,true,110,110,52
1767653461182,47,200,true,110,110,47
1767653461180,50,200,true,110,110,48
1767653461187,43,200,true,110,110,43
1767653461182,48,200,true,110,110,48
1767653461174,56,200,true,110,110,56
1767653461184,47,200,true,110,110,47
1767653461198,33,200,true,110,110,33
1767653461182,49,200,true,110,110,49
1767653461181,50,200,true,110,110,50
1767653461185,46,200,true,110,110,46
1767653461202,29,200,true,110,110,29
1767653461175,57,200,true,110,110,57
1767653461185,47,200,true,110,110,47
1767653461199,33,200,true,110,110,33
1767653461202,30,200,true,110,110,30
1767653461202,30,200,true,110,110,30
1767653461187,46,200,true,110,110,46
1767653461184,49,200,true,110,110,49
1767653461188,45,200,true,110,110,45
1767653461181,52,200,true,110,110,52
1767653461176,57,200,true,110,110,57
1767653461182,52,200,true,110,110,52
1767653461186,48,200,true,110,110,48
1767653461177,58,200,true,110,110,58
1767653461184,51,200,true,110,110,51
1767653461184,51,200,true,110,110,51
1767653461184,51,200,true,110,110,51
1767653461184,51,200,true,110,110,51
1767653461186,49,200,true,110,110,49
1767653461204,31,200,true,110,110,31
1767653461203,33,200,true,110,110,33
1767653461205,31,200,true,110,110,31
1767653461176,60,200,true,110,110,60
1767653461175,61,200,true,110,110,61
1767653461183,53,200,true,110,110,53
1767653461187,49,200,true,110,110,49
1767653461189,47,200,true,110,110,47
1767653461176,60,200,true,110,110,60
1767653461198,38,200,true,110,110,38
1767653461175,61,200,true,110,110,61
1767653461181,55,200,true,110,110,55
1767653461192,44,200,true,110,110,44
1767653461181,56,200,true,110,110,56
1767653461183,54,200,true,110,110,54
1767653461205,32,200,true,110,110,32
1767653461189,48,200,true,110,110,48
1767653461177,60,200,true,110,110,60
1767653461183,54,200,true,110,110,54
1767653461174,63,200,true,110,110,63
1767653461180,57,200,true,110,110,57
1767653461184,53,200,true,110,110,53
1767653461174,63,200,true,110,110,63
1767653461184,54,200,true,110,110,54
1767653461184,54,200,true,110,110,54
1767653461183,55,200,true,110,110,55
1767653461185,53,200,true,110,110,53
1767653461180,58,200,true,110,110,58
1767653461205,33,200,true,110,110,33
1767653461182,57,200,true,110,110,57
1767653461206,33,200,true,110,110,33
1767653461174,66,200,true,110,110,66
1767653461198,42,200,true,110,110,42
1767653461206,34,200,true,110,110,34
1767653461187,53,200,true,110,110,53
1767653461205,35,200,true,110,110,35
1767653461177,63,200,true,110,110,63
1767653461178,62,200,true,110,110,62
1767653461177,64,200,true,110,110,64
1767653461180,61,200,true,110,110,61
1767653461180,61,200,true,110,110,61
1767653461175,66,200,true,110,110,66
1767653461176,68,200,true,110,110,68
1767653461202,42,200,true,110,110,36
1767653461184,60,200,true,110,110,60
1767653461198,47,200,true,110,110,47
1767653461175,70,200,true,110,110,70
1767653461180,65,200,true,110,110,65
1767653461175,70,200,true,110,110,70
1767653461180,65,200,true,110,110,65
1767653461175,70,200,true,110,110,70
1767653461199,47,200,true,110,110,47
1767653461205,41,200,true,110,110,41
1767653461215,32,200,true,110,110,32
1767653461229,18,200,true,110,110,18
1767653461230,17,200,true,110,110,17
1767653461227,21,200,true,110,110,21
1767653461229,19,200,true,110,110,19
1767653461231,17,200,true,110,110,17
1767653461205,43,200,true,110,110,43
1767653461231,17,200,true,110,110,17
1767653461192,56,200,true,110,110,56
1767653461232,16,200,true,110,110,15
1767653461183,65,200,true,110,110,65
1767653461230,19,200,true,110,110,18
1767653461224,25,200,true,110,110,25
1767653461205,44,200,true,110,110,42
1767653461232,17,200,true,110,110,17
1767653461181,68,200,true,110,110,68
1767653461227,22,200,true,110,110,22
1767653461181,68,200,true,110,110,68
1767653461231,18,200,true,110,110,18
1767653461228,21,200,true,110,110,21
1767653461227,22,200,true,110,110,22
1767653461231,19,200,true,110,110,19
1767653461232,18,200,true,110,110,18
1767653461184,66,200,true,110,110,66
1767653461231,21,200,true,110,110,21
1767653461228,25,200,true,110,110,25
1767653461180,73,200,true,110,110,73
1767653461183,70,200,true,110,110,70
1767653461182,71,200,true,110,110,71
1767653461176,78,200,true,110,110,78
1767653461175,79,200,true,110,110,79
1767653461184,71,200,true,110,110,71
1767653461175,80,200,true,110,110,80
1767653461205,52,200,true,110,110,52
1767653461199,58,200,true,110,110,58
1767653461206,53,200,true,110,110,53
1767653461227,32,200,true,110,110,32
1767653461206,53,200,true,110,110,53
1767653461236,25,200,true,110,110,25
1767653461236,25,200,true,110,110,25
1767653461235,26,200,true,110,110,26
1767653461236,25,200,true,110,110,25
1767653461230,31,200,true,110,110,31
1767653461230,32,200,true,110,110,32
1767653461233,29,200,true,110,110,29
1767653461235,27,200,true,110,110,27
1767653461237,25,200,true,110,110,25
1767653461236,27,200,true,110,110,27
1767653461236,27,200,true,110,110,27
1767653461238,25,200,true,110,110,25
1767653461233,30,200,true,110,110,30
1767653461236,27,200,true,110,110,27
1767653461237,26,200,true,110,110,26
1767653461236,27,200,true,110,110,27
1767653461237,26,200,true,110,110,26
1767653461232,31,200,true,110,110,31
1767653461237,27,200,true,110,110,27
1767653461235,29,200,true,110,110,29
1767653461232,32,200,true,110,110,32
1767653461233,31,200,true,110,110,31
1767653461233,31,200,true,110,110,31
1767653461237,27,200,true,110,110,27
1767653461234,30,200,true,110,110,30
1767653461236,28,200,true,110,110,28
1767653461236,28,200,true,110,110,28
1767653461235,30,200,true,110,110,30
1767653461231,34,200,true,110,110,34
1767653461236,29,200,true,110,110,29
1767653461198,67,200,true,110,110,67
1767653461235,30,200,true,110,110,30
1767653461237,28,200,true,110,110,28
1767653461236,30,200,true,110,110,30
1767653461236,31,200,true,110,110,31
1767653461234,33,200,true,110,110,33
1767653461236,33,200,true,110,110,33
1767653461235,34,200,true,110,110,34
1767653461238,32,200,true,110,110,32
1767653461238,32,200,true,110,110,32
1767653461240,38,200,true,110,110,38
1767653461238,40,200,true,110,110,40
1767653461240,43,200,true,110,110,43
1767653461239,44,200,true,110,110,44
1767653461237,47,200,true,110,110,46
1767653461237,47,200,true,110,110,47
1767653461240,44,200,true,110,110,44
1767653461233,51,200,true,110,110,51
1767653461237,47,200,true,110,110,47
1767653461237,47,200,true,110,110,47
1767653461245,39,200,true,110,110,39
1767653461244,43,200,true,110,110,43
1767653461249,48,200,true,110,110,48
1767653461246,51,200,true,110,110,51
1767653461241,56,200,true,110,110,56
1767653461246,51,200,true,110,110,51
1767653461241,57,200,true,110,110,57
1767653461238,60,200,true,110,110,60
1767653461248,50,200,true,110,110,50
1767653461262,36,200,true,110,110,36
1767653461239,59,200,true,110,110,59
1767653461245,54,200,true,110,110,54
1767653461241,58,200,true,110,110,58
1767653461248,51,200,true,110,110,51
1767653461248,51,200,true,110,110,51
1767653461240,59,200,true,110,110,59
1767653461241,58,200,true,110,110,58
1767653461245,54,200,true,110,110,54
1767653461244,55,200,true,110,110,55
1767653461248,51,200,true,110,110,51
1767653461248,52,200,true,110,110,52
1767653461240,60,200,true,110,110,60
1767653461240,60,200,true,110,110,60
1767653461245,55,200,true,110,110,55
1767653461253,47,200,true,110,110,47
1767653461262,38,200,true,110,110,38
1767653461238,62,200,true,110,110,62
1767653461264,36,200,true,110,110,36
1767653461249,51,200,true,110,110,51
1767653461265,35,200,true,110,110,35
1767653461250,51,200,true,110,110,51
1767653461264,37,200,true,110,110,37
1767653461253,48,200,true,110,110,48
1767653461265,36,200,true,110,110,36
1767653461263,38,200,true,110,110,38
1767653461250,51,200,true,110,110,51
1767653461257,45,200,true,110,110,45
1767653461257,45,200,true,110,110,45
1767653461244,59,200,true,110,110,59
1767653461255,48,200,true,110,110,48
1767653461240,63,200,true,110,110,63
1767653461248,55,200,true,110,110,55
1767653461248,55,200,true,110,110,55
1767653461261,42,200,true,110,110,42
1767653461263,40,200,true,110,110,40
1767653461263,40,200,true,110,110,40
1767653461254,49,200,true,110,110,49
1767653461245,59,200,true,110,110,59
1767653461254,50,200,true,110,110,50
1767653461249,55,200,true,110,110,55
1767653461245,59,200,true,110,110,59
1767653461261,43,200,true,110,110,43
1767653461264,41,200,true,110,110,41
1767653461262,43,200,true,110,110,43
1767653461261,45,200,true,110,110,45
1767653461259,47,200,true,110,110,47
1767653461284,22,200,true,110,110,22
1767653461284,22,200,true,110,110,22
1767653461287,19,200,true,110,110,19
1767653461265,41,200,true,110,110,41
1767653461265,41,200,true,110,110,41
1767653461278,29,200,true,110,110,29
1767653461249,58,200,true,110,110,58
1767653461264,43,200,true,110,110,43
1767653461262,45,200,true,110,110,45
1767653461247,60,200,true,110,110,60
1767653461279,28,200,true,110,110,28
1767653461259,48,200,true,110,110,46
1767653461265,42,200,true,110,110,42
1767653461247,61,200,true,110,110,61
1767653461269,39,200,true,110,110,39
1767653461266,42,200,true,110,110,42
1767653461267,41,200,true,110,110,41
1767653461264,44,200,true,110,110,44
1767653461247,61,200,true,110,110,61
1767653461269,39,200,true,110,110,39
1767653461270,38,200,true,110,110,38
1767653461261,47,200,true,110,110,47
1767653461265,43,200,true,110,110,43
1767653461264,45,200,true,110,110,45
1767653461284,25,200,true,110,110,25
1767653461265,44,200,true,110,110,44
1767653461270,39,200,true,110,110,39
1767653461249,60,200,true,110,110,60
1767653461249,60,200,true,110,110,60
1767653461264,46,200,true,110,110,46
1767653461255,55,200,true,110,110,55
1767653461264,46,200,true,110,110,46
1767653461284,27,200,true,110,110,27
1767653461283,28,200,true,110,110,28
1767653461283,28,200,true,110,110,28
1767653461248,65,200,true,110,110,65
1767653461264,49,200,true,110,110,49
1767653461253,60,200,true,110,110,60
1767653461263,50,200,true,110,110,50
1767653461284,29,200,true,110,110,29
1767653461261,53,200,true,110,110,53
1767653461263,51,200,true,110,110,51
1767653461253,61,200,true,110,110,61
1767653461263,51,200,true,110,110,51
1767653461249,65,200,true,110,110,65
1767653461284,30,200,true,110,110,30
1767653461249,65,200,true,110,110,65
1767653461284,30,200,true,110,110,30
1767653461250,64,200,true,110,110,64
1767653461249,65,200,true,110,110,65
1767653461252,62,200,true,110,110,62
1767653461249,65,200,true,110,110,65
1767653461263,51,200,true,110,110,51
1767653461259,55,200,true,110,110,55
1767653461267,47,200,true,110,110,47
1767653461263,52,200,true,110,110,52
1767653461300,24,200,true,110,110,24
1767653461298,26,200,true,110,110,26
1767653461300,24,200,true,110,110,24
1767653461298,26,200,true,110,110,26
1767653461303,24,200,true,110,110,24
1767653461301,26,200,true,110,110,26
1767653461300,27,200,true,110,110,27
1767653461300,27,200,true,110,110,27
1767653461303,24,200,true,110,110,24
1767653461299,29,200,true,110,110,29
1767653461301,36,200,true,110,110,36
1767653461303,34,200,true,110,110,34
1767653461302,35,200,true,110,110,35
1767653461304,33,200,true,110,110,33
1767653461299,38,200,true,110,110,38
1767653461308,31,200,true,110,110,31
1767653461306,33,200,true,110,110,33
1767653461303,36,200,true,110,110,36
1767653461297,42,200,true,110,110,42
1767653461300,39,200,true,110,110,39
1767653461301,38,200,true,110,110,38
1767653461304,35,200,true,110,110,35
1767653461304,35,200,true,110,110,35
1767653461306,34,200,true,110,110,33
1767653461303,37,200,true,110,110,37
1767653461307,33,200,true,110,110,33
1767653461297,43,200,true,110,110,43
1767653461307,33,200,true,110,110,33
1767653461298,42,200,true,110,110,42
1767653461308,32,200,true,110,110,32
1767653461299,41,200,true,110,110,41
1767653461299,41,200,true,110,110,41
1767653461303,37,200,true,110,110,37
1767653461300,41,200,true,110,110,41
1767653461300,41,200,true,110,110,41
1767653461300,41,200,true,110,110,41
1767653461297,44,200,true,110,110,44
1767653461307,34,200,true,110,110,34
1767653461299,42,200,true,110,110,42
1767653461299,42,200,true,110,110,42
1767653461300,41,200,true,110,110,41
1767653461297,44,200,true,110,110,44
1767653461299,43,200,true,110,110,43
1767653461299,43,200,true,110,110,43
1767653461300,42,200,true,110,110,42
1767653461302,40,200,true,110,110,40
1767653461300,42,200,true,110,110,42
1767653461301,41,200,true,110,110,41
1767653461301,41,200,true,110,110,41
1767653461306,37,200,true,110,110,37
1767653461299,46,200,true,110,110,46
1767653461303,42,200,true,110,110,42
1767653461305,40,200,true,110,110,40
1767653461307,39,200,true,110,110,39
1767653461308,39,200,true,110,110,39
1767653461308,39,200,true,110,110,39
1767653461307,42,200,true,110,110,42
1767653461306,44,200,true,110,110,44
1767653461314,37,200,true,110,110,37
1767653461314,37,200,true,110,110,37
1767653461314,37,200,true,110,110,37
1767653461311,40,200,true,110,110,40
1767653461303,48,200,true,110,110,48
1767653461315,36,200,true,110,110,36
1767653461305,46,200,true,110,110,46
1767653461314,37,200,true,110,110,37
1767653461314,38,200,true,110,110,38
1767653461308,44,200,true,110,110,44
1767653461308,44,200,true,110,110,44
1767653461328,24,200,true,110,110,24
1767653461307,46,200,true,110,110,46
1767653461310,43,200,true,110,110,43
1767653461308,45,200,true,110,110,45
1767653461324,29,200,true,110,110,29
1767653461327,27,200,true,110,110,27
1767653461304,50,200,true,110,110,50
1767653461324,30,200,true,110,110,30
1767653461313,41,200,true,110,110,41
1767653461299,55,200,true,110,110,55
1767653461311,43,200,true,110,110,43
1767653461313,41,200,true,110,110,41
1767653461314,40,200,true,110,110,40
1767653461314,40,200,true,110,110,40
1767653461314,41,200,true,110,110,41
1767653461308,47,200,true,110,110,47
1767653461313,42,200,true,110,110,42
1767653461327,28,200,true,110,110,28
1767653461324,31,200,true,110,110,31
1767653461311,44,200,true,110,110,44
1767653461308,47,200,true,110,110,47
1767653461310,45,200,true,110,110,45
1767653461309,46,200,true,110,110,46
1767653461314,41,200,true,110,110,41
1767653461314,41,200,true,110,110,41
1767653461306,49,200,true,110,110,49
1767653461303,52,200,true,110,110,52
1767653461307,48,200,true,110,110,48
1767653461310,45,200,true,110,110,45
1767653461309,46,200,true,110,110,46
1767653461306,49,200,true,110,110,49
1767653461327,28,200,true,110,110,28
1767653461306,50,200,true,110,110,49
1767653461327,29,200,true,110,110,29
1767653461314,42,200,true,110,110,42
1767653461309,47,200,true,110,110,47
1767653461309,49,200,true,110,110,49
1767653461314,46,200,true,110,110,46
1767653461327,35,200,true,110,110,35
1767653461301,61,200,true,110,110,61
1767653461313,49,200,true,110,110,49
1767653461304,58,200,true,110,110,58
1767653461314,49,200,true,110,110,49
1767653461309,54,200,true,110,110,54
1767653461313,50,200,true,110,110,50
1767653461324,39,200,true,110,110,39
1767653461309,54,200,true,110,110,54
1767653461308,55,200,true,110,110,53
1767653461315,48,200,true,110,110,45
1767653461307,56,200,true,110,110,52
1767653461314,50,200,true,110,110,42
1767653461342,23,200,true,110,110,23
1767653461341,24,200,true,110,110,24
1767653461345,20,200,true,110,110,20
1767653461339,26,200,true,110,110,26
1767653461339,26,200,true,110,110,26
1767653461342,23,200,true,110,110,23
1767653461340,26,200,true,110,110,26
1767653461341,25,200,true,110,110,25
1767653461341,25,200,true,110,110,25
1767653461343,23,200,true,110,110,23
1767653461341,25,200,true,110,110,25
1767653461341,25,200,true,110,110,25
1767653461342,25,200,true,110,110,24
1767653461340,31,200,true,110,110,31
1767653461339,32,200,true,110,110,32
1767653461340,33,200,true,110,110,32
1767653461340,33,200,true,110,110,33
1767653461339,34,200,true,110,110,34
1767653461341,32,200,true,110,110,32
1767653461339,35,200,true,110,110,34
1767653461340,34,200,true,110,110,33
1767653461339,35,200,true,110,110,34
1767653461337,37,200,true,110,110,36
1767653461337,38,200,true,110,110,38
1767653461340,36,200,true,110,110,36
1767653461337,39,200,true,110,110,39
1767653461340,36,200,true,110,110,36
1767653461340,36,200,true,110,110,36
1767653461341,35,200,true,110,110,35
1767653461340,37,200,true,110,110,37
1767653461337,40,200,true,110,110,40
1767653461342,35,200,true,110,110,35
1767653461341,36,200,true,110,110,36
1767653461341,36,200,true,110,110,36
1767653461342,35,200,true,110,110,35
1767653461342,35,200,true,110,110,35
1767653461347,30,200,true,110,110,30
1767653461342,36,200,true,110,110,36
1767653461345,33,200,true,110,110,33
1767653461349,29,200,true,110,110,29
1767653461346,32,200,true,110,110,32
1767653461345,33,200,true,110,110,33
1767653461340,38,200,true,110,110,38
1767653461339,39,200,true,110,110,39
1767653461337,42,200,true,110,110,42
1767653461339,40,200,true,110,110,40
1767653461347,33,200,true,110,110,33
1767653461358,25,200,true,110,110,25
1767653461353,30,200,true,110,110,30
1767653461354,29,200,true,110,110,29
1767653461355,28,200,true,110,110,28
1767653461352,31,200,true,110,110,31
1767653461355,29,200,true,110,110,28
1767653461351,33,200,true,110,110,33
1767653461355,29,200,true,110,110,29
1767653461355,30,200,true,110,110,30
1767653461354,34,200,true,110,110,34
1767653461355,33,200,true,110,110,33
1767653461355,33,200,true,110,110,33
1767653461351,37,200,true,110,110,37
1767653461355,34,200,true,110,110,34
1767653461351,38,200,true,110,110,38
1767653461354,35,200,true,110,110,35
1767653461355,34,200,true,110,110,34
1767653461352,38,200,true,110,110,38
1767653461356,34,200,true,110,110,34
1767653461355,37,200,true,110,110,37
1767653461354,38,200,true,110,110,38
1767653461351,41,200,true,110,110,41
1767653461355,38,200,true,110,110,38
1767653461355,38,200,true,110,110,37
1767653461353,41,200,true,110,110,40
1767653461352,42,200,true,110,110,42
1767653461351,44,200,true,110,110,44
1767653461353,42,200,true,110,110,42
1767653461354,42,200,true,110,110,42
1767653461353,44,200,true,110,110,44
1767653461355,42,200,true,110,110,42
1767653461355,43,200,true,110,110,43
1767653461351,48,200,true,110,110,48
1767653461356,43,200,true,110,110,43
1767653461353,47,200,true,110,110,47
1767653461365,37,200,true,110,110,37
1767653461377,25,200,true,110,110,25
1767653461375,28,200,true,110,110,28
1767653461360,43,200,true,110,110,43
1767653461373,30,200,true,110,110,30
1767653461376,27,200,true,110,110,27
1767653461363,41,200,true,110,110,41
1767653461355,49,200,true,110,110,49
1767653461352,52,200,true,110,110,52
1767653461376,28,200,true,110,110,28
1767653461378,26,200,true,110,110,26
1767653461378,27,200,true,110,110,27
1767653461377,29,200,true,110,110,27
1767653461355,52,200,true,110,110,52
1767653461355,52,200,true,110,110,52
1767653461354,53,200,true,110,110,53
1767653461356,52,200,true,110,110,52
1767653461377,31,200,true,110,110,31
1767653461371,37,200,true,110,110,37
1767653461363,45,200,true,110,110,45
1767653461354,54,200,true,110,110,54
1767653461377,31,200,true,110,110,31
1767653461355,53,200,true,110,110,53
1767653461354,54,200,true,110,110,54
1767653461363,45,200,true,110,110,45
1767653461378,30,200,true,110,110,30
1767653461363,46,200,true,110,110,46
1767653461351,58,200,true,110,110,58
1767653461364,45,200,true,110,110,45
1767653461363,46,200,true,110,110,46
1767653461364,46,200,true,110,110,46
1767653461355,55,200,true,110,110,55
1767653461350,61,200,true,110,110,61
1767653461354,57,200,true,110,110,57
1767653461363,48,200,true,110,110,48
1767653461362,49,200,true,110,110,49
1767653461356,56,200,true,110,110,56
1767653461366,48,200,true,110,110,48
1767653461362,52,200,true,110,110,52
1767653461365,49,200,true,110,110,49
1767653461366,49,200,true,110,110,49
1767653461365,50,200,true,110,110,50
1767653461362,53,200,true,110,110,53
1767653461365,50,200,true,110,110,50
1767653461379,37,200,true,110,110,37
1767653461374,42,200,true,110,110,42
1767653461376,40,200,true,110,110,40
1767653461377,39,200,true,110,110,39
1767653461379,37,200,true,110,110,37
1767653461371,45,200,true,110,110,45
1767653461367,49,200,true,110,110,49
1767653461366,51,200,true,110,110,51
1767653461373,44,200,true,110,110,44
1767653461366,51,200,true,110,110,51
1767653461392,25,200,true,110,110,25
1767653461388,29,200,true,110,110,29
1767653461366,51,200,true,110,110,51
1767653461374,43,200,true,110,110,43
1767653461384,33,200,true,110,110,33
1767653461377,40,200,true,110,110,40
1767653461374,43,200,true,110,110,43
1767653461378,40,200,true,110,110,40
1767653461383,35,200,true,110,110,35
1767653461363,55,200,true,110,110,55
1767653461394,24,200,true,110,110,24
1767653461388,31,200,true,110,110,30
1767653461388,31,200,true,110,110,31
1767653461365,54,200,true,110,110,54
1767653461384,35,200,true,110,110,35
1767653461389,30,200,true,110,110,30
1767653461365,54,200,true,110,110,54
1767653461383,36,200,true,110,110,36
1767653461383,36,200,true,110,110,36
1767653461380,39,200,true,110,110,39
1767653461383,36,200,true,110,110,36
1767653461374,45,200,true,110,110,45
1767653461366,53,200,true,110,110,53
1767653461377,43,200,true,110,110,43
1767653461378,42,200,true,110,110,42
1767653461374,46,200,true,110,110,46
1767653461378,42,200,true,110,110,42
1767653461392,28,200,true,110,110,28
1767653461389,32,200,true,110,110,32
1767653461362,59,200,true,110,110,59
1767653461390,31,200,true,110,110,31
1767653461377,45,200,true,110,110,42
1767653461376,46,200,true,110,110,41
1767653461393,29,200,true,110,110,29
1767653461376,46,200,true,110,110,40
1767653461373,49,200,true,110,110,49
1767653461378,44,200,true,110,110,41
1767653461389,33,200,true,110,110,33
1767653461388,35,200,true,110,110,35
1767653461390,33,200,true,110,110,33
1767653461392,31,200,true,110,110,31
1767653461383,40,200,true,110,110,40
1767653461403,20,200,true,110,110,20
1767653461404,19,200,true,110,110,19
1767653461396,27,200,true,110,110,27
1767653461402,21,200,true,110,110,21
1767653461403,20,200,true,110,110,20
1767653461390,34,200,true,110,110,34
1767653461385,39,200,true,110,110,39
1767653461399,25,200,true,110,110,25
1767653461404,23,200,true,110,110,23
1767653461406,21,200,true,110,110,21
1767653461400,27,200,true,110,110,27
1767653461397,31,200,true,110,110,31
1767653461403,25,200,true,110,110,25
1767653461407,21,200,true,110,110,21
1767653461407,21,200,true,110,110,21
1767653461408,21,200,true,110,110,21
1767653461408,21,200,true,110,110,21
1767653461408,21,200,true,110,110,21
1767653461403,26,200,true,110,110,26
1767653461399,30,200,true,110,110,30
1767653461404,25,200,true,110,110,25
1767653461408,21,200,true,110,110,21
1767653461395,35,200,true,110,110,35
1767653461397,33,200,true,110,110,33
1767653461404,26,200,true,110,110,26
1767653461408,22,200,true,110,110,22
1767653461395,35,200,true,110,110,35
1767653461404,26,200,true,110,110,26
1767653461407,25,200,true,110,110,25
1767653461408,25,200,true,110,110,25
1767653461394,39,200,true,110,110,39
1767653461402,32,200,true,110,110,32
1767653461408,26,200,true,110,110,26
1767653461405,30,200,true,110,110,30
1767653461408,27,200,true,110,110,27
1767653461393,42,200,true,110,110,42
1767653461408,27,200,true,110,110,27
1767653461409,26,200,true,110,110,26
1767653461384,51,200,true,110,110,51
1767653461408,27,200,true,110,110,27
1767653461399,36,200,true,110,110,36
1767653461414,30,200,true,110,110,30
1767653461411,33,200,true,110,110,33
1767653461419,25,200,true,110,110,25
1767653461418,26,200,true,110,110,26
1767653461419,25,200,true,110,110,25
1767653461417,28,200,true,110,110,28
1767653461417,28,200,true,110,110,28
1767653461419,26,200,true,110,110,26
1767653461417,29,200,true,110,110,28
1767653461416,30,200,true,110,110,30
1767653461419,27,200,true,110,110,27
1767653461419,27,200,true,110,110,27
1767653461409,38,200,true,110,110,38
1767653461417,35,200,true,110,110,35
1767653461409,45,200,true,110,110,45
1767653461417,37,200,true,110,110,37
1767653461410,44,200,true,110,110,44
1767653461419,36,200,true,110,110,35
1767653461419,36,200,true,110,110,36
1767653461417,38,200,true,110,110,38
1767653461417,39,200,true,110,110,39
1767653461415,41,200,true,110,110,41
1767653461412,44,200,true,110,110,44
1767653461419,37,200,true,110,110,37
1767653461417,40,200,true,110,110,40
1767653461424,33,200,true,110,110,33
1767653461415,43,200,true,110,110,43
1767653461418,40,200,true,110,110,40
1767653461419,39,200,true,110,110,39
1767653461416,42,200,true,110,110,42
1767653461419,40,200,true,110,110,39
1767653461420,39,200,true,110,110,39
1767653461415,44,200,true,110,110,44
1767653461411,48,200,true,110,110,48
1767653461416,48,200,true,110,110,47
1767653461422,42,200,true,110,110,41
1767653461422,44,200,true,110,110,44
1767653461411,56,200,true,110,110,56
1767653461409,58,200,true,110,110,58
1767653461420,47,200,true,110,110,47
1767653461417,50,200,true,110,110,50
1767653461421,46,200,true,110,110,46
1767653461421,47,200,true,110,110,47
1767653461429,39,200,true,110,110,39
1767653461419,49,200,true,110,110,49
1767653461422,46,200,true,110,110,46
1767653461424,44,200,true,110,110,44
1767653461420,48,200,true,110,110,48
1767653461422,46,200,true,110,110,46
1767653461420,48,200,true,110,110,48
1767653461414,54,200,true,110,110,54
1767653461420,49,200,true,110,110,49
1767653461422,47,200,true,110,110,47
1767653461421,48,200,true,110,110,48
1767653461415,54,200,true,110,110,54
1767653461423,46,200,true,110,110,46
1767653461423,46,200,true,110,110,46
1767653461411,58,200,true,110,110,58
1767653461430,39,200,true,110,110,39
1767653461417,52,200,true,110,110,52
1767653461416,53,200,true,110,110,53
1767653461430,39,200,true,110,110,39
1767653461411,58,200,true,110,110,58
1767653461419,50,200,true,110,110,50
1767653461429,41,200,true,110,110,40
1767653461435,35,200,true,110,110,35
1767653461422,48,200,true,110,110,48
1767653461416,54,200,true,110,110,54
1767653461435,35,200,true,110,110,35
1767653461416,54,200,true,110,110,54
1767653461418,52,200,true,110,110,52
1767653461424,46,200,true,110,110,46
1767653461435,35,200,true,110,110,35
1767653461435,36,200,true,110,110,36
1767653461435,36,200,true,110,110,36
1767653461416,55,200,true,110,110,55
1767653461428,43,200,true,110,110,43
1767653461429,42,200,true,110,110,42
1767653461423,48,200,true,110,110,48
1767653461429,42,200,true,110,110,42
1767653461428,43,200,true,110,110,43
1767653461432,39,200,true,110,110,39
1767653461414,57,200,true,110,110,57
1767653461430,41,200,true,110,110,41
1767653461435,36,200,true,110,110,36
1767653461435,36,200,true,110,110,36
1767653461423,49,200,true,110,110,49
1767653461423,49,200,true,110,110,48
1767653461430,42,200,true,110,110,42
1767653461423,49,200,true,110,110,49
1767653461428,44,200,true,110,110,44
1767653461427,45,200,true,110,110,45
1767653461423,49,200,true,110,110,49
1767653461435,37,200,true,110,110,37
1767653461423,50,200,true,110,110,49
1767653461447,26,200,true,110,110,26
1767653461446,27,200,true,110,110,27
1767653461445,28,200,true,110,110,28
1767653461429,44,200,true,110,110,44
1767653461435,38,200,true,110,110,38
1767653461444,29,200,true,110,110,29
1767653461433,40,200,true,110,110,40
1767653461446,27,200,true,110,110,27
1767653461428,45,200,true,110,110,45
1767653461445,28,200,true,110,110,28
1767653461433,41,200,true,110,110,41
1767653461427,47,200,true,110,110,47
1767653461430,44,200,true,110,110,44
1767653461430,44,200,true,110,110,44
1767653461435,39,200,true,110,110,39
1767653461427,48,200,true,110,110,48
1767653461429,46,200,true,110,110,46
1767653461429,46,200,true,110,110,46
1767653461423,52,200,true,110,110,52
1767653461418,57,200,true,110,110,57
1767653461423,52,200,true,110,110,52
1767653461444,32,200,true,110,110,32
1767653461446,31,200,true,110,110,31
1767653461458,19,200,true,110,110,19
1767653461456,21,200,true,110,110,21
1767653461444,33,200,true,110,110,33
1767653461444,33,200,true,110,110,33
1767653461459,18,200,true,110,110,18
1767653461444,33,200,true,110,110,33
1767653461452,26,200,true,110,110,25
1767653461455,23,200,true,110,110,23
1767653461457,21,200,true,110,110,21
1767653461456,22,200,true,110,110,22
1767653461459,19,200,true,110,110,19
1767653461459,19,200,true,110,110,19
1767653461454,24,200,true,110,110,24
1767653461458,20,200,true,110,110,20
1767653461446,32,200,true,110,110,32
1767653461454,25,200,true,110,110,25
1767653461455,24,200,true,110,110,24
1767653461458,21,200,true,110,110,21
1767653461455,24,200,true,110,110,24
1767653461458,21,200,true,110,110,21
1767653461457,22,200,true,110,110,22
1767653461445,34,200,true,110,110,34
1767653461454,26,200,true,110,110,25
1767653461456,25,200,true,110,110,25
1767653461456,25,200,true,110,110,22
1767653461459,25,200,true,110,110,25
1767653461471,34,200,true,110,110,34
1767653461469,36,200,true,110,110,36
1767653461468,39,200,true,110,110,39
1767653461464,43,200,true,110,110,43
1767653461470,37,200,true,110,110,37
1767653461470,37,200,true,110,110,37
1767653461471,36,200,true,110,110,36
1767653461468,40,200,true,110,110,39
1767653461471,37,200,true,110,110,37
1767653461469,39,200,true,110,110,39
1767653461468,40,200,true,110,110,40
1767653461471,38,200,true,110,110,38
1767653461469,40,200,true,110,110,40
1767653461469,40,200,true,110,110,40
1767653461467,42,200,true,110,110,42
1767653461471,38,200,true,110,110,38
1767653461470,39,200,true,110,110,39
1767653461466,43,200,true,110,110,43
1767653461471,38,200,true,110,110,38
1767653461467,42,200,true,110,110,42
1767653461468,41,200,true,110,110,41
1767653461464,45,200,true,110,110,45
1767653461470,39,200,true,110,110,39
1767653461468,41,200,true,110,110,41
1767653461469,40,200,true,110,110,40
1767653461471,39,200,true,110,110,39
1767653461470,40,200,true,110,110,40
1767653461472,38,200,true,110,110,38
1767653461470,40,200,true,110,110,40
1767653461475,35,200,true,110,110,35
1767653461470,40,200,true,110,110,40
1767653461468,42,200,true,110,110,42
1767653461472,38,200,true,110,110,38
1767653461471,39,200,true,110,110,39
1767653461468,42,200,true,110,110,42
1767653461469,42,200,true,110,110,42
1767653461467,44,200,true,110,110,43
1767653461470,41,200,true,110,110,41
1767653461471,40,200,true,110,110,40
1767653461471,40,200,true,110,110,40
1767653461473,38,200,true,110,110,38
1767653461475,36,200,true,110,110,36
1767653461471,40,200,true,110,110,40
1767653461468,43,200,true,110,110,43
1767653461471,40,200,true,110,110,40
1767653461472,39,200,true,110,110,39
1767653461472,40,200,true,110,110,40
1767653461470,42,200,true,110,110,42
1767653461469,43,200,true,110,110,43
1767653461479,34,200,true,110,110,34
1767653461478,35,200,true,110,110,35
1767653461479,34,200,true,110,110,34
1767653461469,44,200,true,110,110,44
1767653461477,36,200,true,110,110,36
1767653461478,35,200,true,110,110,35
1767653461474,40,200,true,110,110,40
1767653461478,36,200,true,110,110,35
1767653461478,36,200,true,110,110,36
1767653461469,45,200,true,110,110,45
1767653461474,40,200,true,110,110,40
1767653461473,41,200,true,110,110,41
1767653461474,40,200,true,110,110,39
1767653461469,45,200,true,110,110,45
1767653461474,40,200,true,110,110,40
1767653461477,37,200,true,110,110,37
1767653461480,34,200,true,110,110,34
1767653461473,41,200,true,110,110,41
1767653461473,42,200,true,110,110,42
1767653461469,46,200,true,110,110,46
1767653461470,45,200,true,110,110,45
1767653461472,43,200,true,110,110,43
1767653461474,42,200,true,110,110,42
1767653461475,41,200,true,110,110,41
1767653461475,41,200,true,110,110,41
1767653461472,44,200,true,110,110,44
1767653461481,35,200,true,110,110,35
1767653461473,43,200,true,110,110,43
1767653461467,50,200,true,110,110,50
1767653461475,42,200,true,110,110,42
1767653461469,48,200,true,110,110,48
1767653461472,45,200,true,110,110,45
1767653461468,50,200,true,110,110,50
1767653461477,47,200,true,110,110,47
1767653461471,53,200,true,110,110,47
1767653461478,47,200,true,110,110,46
1767653461468,57,200,true,110,110,57
1767653461473,57,200,true,110,110,57
1767653461477,53,200,true,110,110,53
1767653461473,58,200,true,110,110,58
1767653461479,52,200,true,110,110,52
1767653461473,58,200,true,110,110,58
1767653461481,50,200,true,110,110,50
1767653461473,58,200,true,110,110,58
1767653461473,58,200,true,110,110,58
1767653461509,23,200,true,110,110,23
1767653461479,53,200,true,110,110,53
1767653461475,57,200,true,110,110,57
1767653461510,22,200,true,110,110,22
1767653461509,23,200,true,110,110,23
1767653461510,22,200,true,110,110,22
1767653461509,23,200,true,110,110,23
1767653461479,53,200,true,110,110,53
1767653461505,27,200,true,110,110,27
1767653461508,24,200,true,110,110,24
1767653461474,58,200,true,110,110,58
1767653461484,48,200,true,110,110,48
1767653461508,25,200,true,110,110,25
1767653461509,24,200,true,110,110,24
1767653461509,24,200,true,110,110,24
1767653461509,24,200,true,110,110,24
1767653461509,24,200,true,110,110,24
1767653461509,24,200,true,110,110,24
1767653461508,25,200,true,110,110,25
1767653461479,54,200,true,110,110,54
1767653461510,23,200,true,110,110,23
1767653461509,24,200,true,110,110,24
1767653461510,23,200,true,110,110,23
1767653461510,24,200,true,110,110,24
1767653461478,56,200,true,110,110,56
1767653461511,23,200,true,110,110,23
1767653461477,57,200,true,110,110,57
1767653461510,24,200,true,110,110,24
1767653461478,56,200,true,110,110,56
1767653461511,23,200,true,110,110,23
1767653461511,23,200,true,110,110,23
1767653461479,55,200,true,110,110,55
1767653461509,25,200,true,110,110,25
1767653461511,24,200,true,110,110,24
1767653461478,57,200,true,110,110,57
1767653461505,30,200,true,110,110,30
1767653461478,57,200,true,110,110,57
1767653461507,28,200,true,110,110,28
1767653461472,64,200,true,110,110,64
1767653461507,29,200,true,110,110,29
1767653461478,58,200,true,110,110,58
1767653461511,28,200,true,110,110,28
1767653461511,28,200,true,110,110,28
1767653461514,26,200,true,110,110,25
1767653461507,33,200,true,110,110,33
1767653461511,29,200,true,110,110,29
1767653461512,29,200,true,110,110,29
1767653461511,30,200,true,110,110,30
1767653461511,30,200,true,110,110,30
1767653461510,31,200,true,110,110,31
1767653461511,30,200,true,110,110,30
1767653461510,31,200,true,110,110,31
1767653461509,32,200,true,110,110,32
1767653461509,32,200,true,110,110,32
1767653461478,67,200,true,110,110,67
1767653461513,32,200,true,110,110,32
1767653461509,36,200,true,110,110,36
1767653461509,37,200,true,110,110,31
1767653461517,29,200,true,110,110,29
1767653461509,37,200,true,110,110,37
1767653461510,36,200,true,110,110,36
1767653461513,35,200,true,110,110,35
1767653461516,32,200,true,110,110,32
1767653461517,31,200,true,110,110,31
1767653461507,41,200,true,110,110,41
1767653461511,37,200,true,110,110,37
1767653461477,74,200,true,110,110,65
1767653461512,39,200,true,110,110,36
1767653461513,40,200,true,110,110,40
1767653461513,41,200,true,110,110,41
1767653461510,45,200,true,110,110,45
1767653461507,49,200,true,110,110,49
1767653461514,42,200,true,110,110,42
1767653461516,40,200,true,110,110,40
1767653461515,48,200,true,110,110,48
1767653461516,47,200,true,110,110,47
1767653461525,39,200,true,110,110,39
1767653461515,49,200,true,110,110,49
1767653461516,48,200,true,110,110,48
1767653461514,50,200,true,110,110,50
1767653461532,32,200,true,110,110,32
1767653461517,47,200,true,110,110,47
1767653461531,34,200,true,110,110,34
1767653461532,33,200,true,110,110,33
1767653461533,33,200,true,110,110,32
1767653461532,34,200,true,110,110,34
1767653461513,53,200,true,110,110,52
1767653461533,34,200,true,110,110,34
1767653461514,53,200,true,110,110,53
1767653461514,53,200,true,110,110,53
1767653461533,34,200,true,110,110,34
1767653461531,36,200,true,110,110,36
1767653461513,54,200,true,110,110,54
1767653461515,52,200,true,110,110,52
1767653461534,33,200,true,110,110,33
1767653461513,54,200,true,110,110,54
1767653461515,52,200,true,110,110,52
1767653461534,34,200,true,110,110,34
1767653461531,37,200,true,110,110,37
1767653461534,34,200,true,110,110,34
1767653461524,44,200,true,110,110,44
1767653461533,35,200,true,110,110,35
1767653461516,52,200,true,110,110,52
1767653461514,54,200,true,110,110,54
1767653461534,34,200,true,110,110,34
1767653461534,34,200,true,110,110,34
1767653461516,52,200,true,110,110,52
1767653461515,53,200,true,110,110,53
1767653461531,37,200,true,110,110,37
1767653461532,36,200,true,110,110,36
1767653461532,36,200,true,110,110,36
1767653461515,53,200,true,110,110,53
1767653461532,37,200,true,110,110,37
1767653461533,36,200,true,110,110,36
1767653461533,36,200,true,110,110,36
1767653461515,54,200,true,110,110,54
1767653461532,37,200,true,110,110,37
1767653461514,55,200,true,110,110,51
1767653461533,36,200,true,110,110,36
1767653461534,35,200,true,110,110,35
1767653461534,35,200,true,110,110,34
1767653461533,36,200,true,110,110,36
1767653461514,56,200,true,110,110,56
1767653461532,38,200,true,110,110,37
1767653461532,38,200,true,110,110,38
1767653461515,55,200,true,110,110,55
1767653461534,36,200,true,110,110,36
1767653461535,35,200,true,110,110,35
1767653461517,53,200,true,110,110,53
1767653461518,52,200,true,110,110,52
1767653461524,47,200,true,110,110,47
1767653461532,44,200,true,110,110,43
1767653461532,47,200,true,110,110,46
1767653461530,49,200,true,110,110,49
1767653461530,49,200,true,110,110,49
1767653461533,47,200,true,110,110,47
1767653461533,47,200,true,110,110,47
1767653461534,46,200,true,110,110,46
1767653461531,49,200,true,110,110,49
1767653461531,50,200,true,110,110,49
1767653461533,48,200,true,110,110,48
1767653461525,56,200,true,110,110,56
1767653461532,55,200,true,110,110,55
1767653461545,42,200,true,110,110,42
1767653461553,34,200,true,110,110,34
1767653461556,32,200,true,110,110,32
1767653461564,24,200,true,110,110,24
1767653461535,53,200,true,110,110,53
1767653461546,42,200,true,110,110,42
1767653461546,42,200,true,110,110,42
1767653461539,50,200,true,110,110,50
1767653461548,41,200,true,110,110,41
1767653461540,49,200,true,110,110,49
1767653461556,33,200,true,110,110,33
1767653461565,25,200,true,110,110,25
1767653461569,21,200,true,110,110,21
1767653461545,45,200,true,110,110,45
1767653461546,44,200,true,110,110,44
1767653461567,23,200,true,110,110,23
1767653461564,26,200,true,110,110,26
1767653461567,24,200,true,110,110,24
1767653461564,27,200,true,110,110,27
1767653461541,50,200,true,110,110,50
1767653461541,50,200,true,110,110,50
1767653461565,26,200,true,110,110,26
1767653461567,24,200,true,110,110,24
1767653461555,36,200,true,110,110,36
1767653461546,46,200,true,110,110,45
1767653461541,51,200,true,110,110,51
1767653461567,25,200,true,110,110,25
1767653461541,51,200,true,110,110,51
1767653461541,51,200,true,110,110,51
1767653461563,29,200,true,110,110,29
1767653461539,53,200,true,110,110,53
1767653461548,44,200,true,110,110,44
1767653461564,28,200,true,110,110,28
1767653461536,56,200,true,110,110,56
1767653461567,25,200,true,110,110,25
1767653461566,26,200,true,110,110,26
1767653461535,57,200,true,110,110,57
1767653461568,25,200,true,110,110,25
1767653461536,57,200,true,110,110,57
1767653461568,25,200,true,110,110,25
1767653461548,45,200,true,110,110,45
1767653461568,25,200,true,110,110,25
1767653461568,25,200,true,110,110,25
1767653461566,27,200,true,110,110,27
1767653461535,58,200,true,110,110,58
1767653461568,25,200,true,110,110,25
1767653461564,29,200,true,110,110,29
1767653461570,24,200,true,110,110,24
1767653461541,53,200,true,110,110,46
1767653461564,30,200,true,110,110,30
1767653461567,27,200,true,110,110,27
1767653461540,54,200,true,110,110,54
1767653461536,58,200,true,110,110,58
1767653461541,53,200,true,110,110,53
1767653461541,53,200,true,110,110,53
1767653461536,59,200,true,110,110,59
1767653461535,61,200,true,110,110,61
1767653461551,45,200,true,110,110,45
1767653461570,26,200,true,110,110,26
1767653461569,27,200,true,110,110,25
1767653461545,51,200,true,110,110,51
1767653461566,30,200,true,110,110,30
1767653461551,45,200,true,110,110,45
1767653461569,27,200,true,110,110,27
1767653461541,56,200,true,110,110,54
1767653461566,32,200,true,110,110,32
1767653461548,50,200,true,110,110,50
1767653461567,33,200,true,110,110,33
1767653461567,33,200,true,110,110,33
1767653461570,31,200,true,110,110,30
1767653461567,34,200,true,110,110,34
1767653461580,21,200,true,110,110,21
1767653461568,33,200,true,110,110,33
1767653461556,45,200,true,110,110,45
1767653461569,32,200,true,110,110,32
1767653461556,45,200,true,110,110,45
1767653461568,34,200,true,110,110,34
1767653461568,34,200,true,110,110,34
1767653461568,34,200,true,110,110,34
1767653461570,32,200,true,110,110,32
1767653461571,31,200,true,110,110,31
1767653461569,33,200,true,110,110,33
1767653461579,23,200,true,110,110,23
1767653461569,34,200,true,110,110,34
1767653461581,22,200,true,110,110,22
1767653461548,55,200,true,110,110,55
1767653461580,24,200,true,110,110,24
1767653461570,34,200,true,110,110,34
1767653461569,35,200,true,110,110,35
1767653461579,25,200,true,110,110,25
1767653461569,36,200,true,110,110,36
1767653461576,29,200,true,110,110,29
1767653461568,37,200,true,110,110,37
1767653461567,40,200,true,110,110,40
1767653461570,37,200,true,110,110,37
1767653461569,39,200,true,110,110,39
1767653461568,40,200,true,110,110,40
1767653461568,40,200,true,110,110,40
1767653461569,40,200,true,110,110,40
1767653461568,41,200,true,110,110,41
1767653461570,39,200,true,110,110,39
1767653461570,39,200,true,110,110,39
1767653461589,22,200,true,110,110,22
1767653461568,44,200,true,110,110,44
1767653461587,25,200,true,110,110,25
1767653461590,22,200,true,110,110,22
1767653461589,24,200,true,110,110,24
1767653461589,24,200,true,110,110,24
1767653461588,25,200,true,110,110,25
1767653461579,34,200,true,110,110,34
1767653461589,26,200,true,110,110,26
1767653461588,27,200,true,110,110,27
1767653461580,35,200,true,110,110,35
1767653461581,38,200,true,110,110,33
1767653461570,50,200,true,110,110,50
1767653461595,26,200,true,110,110,26
1767653461588,33,200,true,110,110,33
1767653461594,27,200,true,110,110,27
1767653461590,34,200,true,110,110,34
1767653461587,37,200,true,110,110,37
1767653461581,44,200,true,110,110,44
1767653461580,45,200,true,110,110,43
1767653461591,34,200,true,110,110,33
1767653461593,32,200,true,110,110,31
1767653461587,38,200,true,110,110,38
1767653461596,31,200,true,110,110,31
1767653461591,39,200,true,110,110,39
1767653461604,26,200,true,110,110,26
1767653461594,36,200,true,110,110,36
1767653461604,26,200,true,110,110,26
1767653461601,29,200,true,110,110,29
1767653461593,38,200,true,110,110,38
1767653461603,28,200,true,110,110,28
1767653461604,27,200,true,110,110,27
1767653461592,39,200,true,110,110,39
1767653461602,29,200,true,110,110,29
1767653461588,43,200,true,110,110,43
1767653461594,37,200,true,110,110,37
1767653461602,29,200,true,110,110,28
1767653461596,36,200,true,110,110,36
1767653461591,41,200,true,110,110,41
1767653461592,40,200,true,110,110,40
1767653461592,41,200,true,110,110,41
1767653461593,40,200,true,110,110,40
1767653461592,41,200,true,110,110,41
1767653461591,43,200,true,110,110,43
1767653461588,46,200,true,110,110,46
1767653461590,44,200,true,110,110,44
1767653461591,46,200,true,110,110,46
1767653461605,33,200,true,110,110,33
1767653461596,42,200,true,110,110,42
1767653461597,41,200,true,110,110,41
1767653461608,30,200,true,110,110,30
1767653461608,30,200,true,110,110,30
1767653461603,35,200,true,110,110,35
1767653461609,29,200,true,110,110,29
1767653461590,48,200,true,110,110,48
1767653461605,33,200,true,110,110,33
1767653461602,36,200,true,110,110,36
1767653461594,44,200,true,110,110,44
1767653461598,40,200,true,110,110,40
1767653461607,31,200,true,110,110,31
1767653461592,46,200,true,110,110,46
1767653461603,35,200,true,110,110,35
1767653461591,47,200,true,110,110,47
1767653461592,46,200,true,110,110,46
1767653461602,36,200,true,110,110,36
1767653461609,30,200,true,110,110,30
1767653461592,47,200,true,110,110,47
1767653461612,27,200,true,110,110,27
1767653461591,48,200,true,110,110,48
1767653461593,46,200,true,110,110,46
1767653461605,34,200,true,110,110,34
1767653461607,32,200,true,110,110,32
1767653461594,45,200,true,110,110,45
1767653461593,46,200,true,110,110,46
1767653461593,46,200,true,110,110,46
1767653461592,47,200,true,110,110,47
1767653461594,45,200,true,110,110,45
1767653461596,44,200,true,110,110,44
1767653461602,38,200,true,110,110,36
1767653461596,44,200,true,110,110,44
1767653461594,46,200,true,110,110,46
1767653461602,38,200,true,110,110,37
1767653461600,40,200,true,110,110,40
1767653461594,46,200,true,110,110,46
1767653461596,45,200,true,110,110,45
1767653461592,49,200,true,110,110,49
1767653461601,40,200,true,110,110,40
1767653461600,41,200,true,110,110,41
1767653461596,45,200,true,110,110,45
1767653461591,51,200,true,110,110,51
1767653461593,49,200,true,110,110,49
1767653461593,49,200,true,110,110,49
1767653461592,52,200,true,110,110,52
1767653461592,52,200,true,110,110,52
1767653461604,40,200,true,110,110,40
1767653461615,29,200,true,110,110,29
1767653461593,51,200,true,110,110,51
1767653461611,33,200,true,110,110,33
1767653461613,31,200,true,110,110,31
1767653461592,53,200,true,110,110,53
1767653461601,44,200,true,110,110,44
1767653461601,44,200,true,110,110,44
1767653461601,45,200,true,110,110,45
1767653461593,53,200,true,110,110,53
1767653461619,35,200,true,110,110,35
1767653461621,34,200,true,110,110,34
1767653461612,43,200,true,110,110,43
1767653461594,61,200,true,110,110,61
1767653461613,42,200,true,110,110,42
1767653461613,43,200,true,110,110,43
1767653461615,41,200,true,110,110,41
1767653461627,29,200,true,110,110,29
1767653461620,36,200,true,110,110,36
1767653461615,41,200,true,110,110,41
1767653461613,43,200,true,110,110,43
1767653461602,55,200,true,110,110,55
1767653461608,49,200,true,110,110,49
1767653461609,53,200,true,110,110,48
1767653461612,51,200,true,110,110,51
1767653461621,42,200,true,110,110,42
1767653461625,38,200,true,110,110,38
1767653461601,62,200,true,110,110,62
1767653461601,62,200,true,110,110,62
1767653461596,68,200,true,110,110,68
1767653461598,66,200,true,110,110,66
1767653461591,73,200,true,110,110,73
1767653461640,27,200,true,110,110,27
1767653461640,27,200,true,110,110,27
1767653461641,27,200,true,110,110,27
1767653461638,30,200,true,110,110,30
1767653461638,30,200,true,110,110,30
1767653461638,30,200,true,110,110,30
1767653461633,35,200,true,110,110,35
1767653461621,47,200,true,110,110,47
1767653461625,43,200,true,110,110,43
1767653461639,30,200,true,110,110,30
1767653461641,28,200,true,110,110,28
1767653461631,40,200,true,110,110,40
1767653461634,38,200,true,110,110,38
1767653461639,33,200,true,110,110,33
1767653461634,38,200,true,110,110,38
1767653461640,32,200,true,110,110,32
1767653461641,31,200,true,110,110,31
1767653461609,63,200,true,110,110,56
1767653461639,33,200,true,110,110,33
1767653461638,34,200,true,110,110,31
1767653461640,32,200,true,110,110,31
1767653461642,30,200,true,110,110,30
1767653461642,30,200,true,110,110,30
1767653461625,48,200,true,110,110,48
1767653461639,34,200,true,110,110,34
1767653461638,35,200,true,110,110,35
1767653461631,42,200,true,110,110,42
1767653461632,42,200,true,110,110,42
1767653461638,36,200,true,110,110,36
1767653461639,35,200,true,110,110,35
1767653461632,42,200,true,110,110,42
1767653461639,35,200,true,110,110,35
1767653461625,49,200,true,110,110,48
1767653461638,36,200,true,110,110,36
1767653461637,38,200,true,110,110,38
1767653461638,37,200,true,110,110,37
1767653461634,41,200,true,110,110,41
1767653461624,52,200,true,110,110,52
1767653461640,36,200,true,110,110,36
1767653461641,35,200,true,110,110,35
1767653461638,39,200,true,110,110,39
1767653461645,35,200,true,110,110,35
1767653461645,35,200,true,110,110,35
1767653461630,50,200,true,110,110,50
1767653461642,38,200,true,110,110,38
1767653461638,42,200,true,110,110,42
1767653461644,36,200,true,110,110,36
1767653461645,35,200,true,110,110,35
1767653461664,22,200,true,110,110,22
1767653461630,56,200,true,110,110,56
1767653461630,56,200,true,110,110,56
1767653461639,47,200,true,110,110,47
1767653461638,48,200,true,110,110,48
1767653461663,24,200,true,110,110,24
1767653461655,32,200,true,110,110,32
1767653461630,57,200,true,110,110,57
1767653461664,23,200,true,110,110,23
1767653461640,47,200,true,110,110,47
1767653461656,31,200,true,110,110,31
1767653461644,43,200,true,110,110,43
1767653461646,41,200,true,110,110,41
1767653461624,63,200,true,110,110,63
1767653461625,62,200,true,110,110,62
1767653461663,24,200,true,110,110,24
1767653461632,55,200,true,110,110,55
1767653461639,48,200,true,110,110,48
1767653461644,44,200,true,110,110,43
1767653461656,32,200,true,110,110,32
1767653461639,49,200,true,110,110,49
1767653461656,32,200,true,110,110,32
1767653461663,25,200,true,110,110,23
1767653461633,55,200,true,110,110,55
1767653461655,33,200,true,110,110,33
1767653461646,42,200,true,110,110,42
1767653461644,44,200,true,110,110,44
1767653461654,34,200,true,110,110,34
1767653461641,47,200,true,110,110,47
1767653461640,48,200,true,110,110,48
1767653461644,44,200,true,110,110,44
1767653461638,50,200,true,110,110,50
1767653461631,57,200,true,110,110,57
1767653461630,58,200,true,110,110,58
1767653461639,49,200,true,110,110,49
1767653461633,55,200,true,110,110,55
1767653461631,58,200,true,110,110,58
1767653461639,50,200,true,110,110,50
1767653461644,45,200,true,110,110,45
1767653461631,58,200,true,110,110,58
1767653461656,33,200,true,110,110,33
1767653461631,58,200,true,110,110,58
1767653461644,45,200,true,110,110,45
1767653461656,33,200,true,110,110,33
1767653461632,57,200,true,110,110,57
1767653461656,33,200,true,110,110,33
1767653461638,51,200,true,110,110,51
1767653461638,51,200,true,110,110,51
1767653461639,50,200,true,110,110,50
1767653461639,51,200,true,110,110,51
1767653461655,35,200,true,110,110,35
1767653461663,27,200,true,110,110,27
1767653461657,33,200,true,110,110,33
1767653461656,34,200,true,110,110,34
1767653461657,33,200,true,110,110,33
1767653461638,57,200,true,110,110,56
1767653461638,57,200,true,110,110,57
1767653461631,65,200,true,110,110,65
1767653461640,57,200,true,110,110,57
1767653461677,27,200,true,110,110,27
1767653461669,35,200,true,110,110,35
1767653461667,38,200,true,110,110,38
1767653461675,30,200,true,110,110,30
1767653461672,34,200,true,110,110,34
1767653461668,38,200,true,110,110,38
1767653461675,31,200,true,110,110,31
1767653461680,26,200,true,110,110,26
1767653461674,32,200,true,110,110,32
1767653461677,30,200,true,110,110,30
1767653461664,43,200,true,110,110,43
1767653461672,35,200,true,110,110,35
1767653461674,33,200,true,110,110,33
1767653461673,36,200,true,110,110,35
1767653461672,37,200,true,110,110,37
1767653461668,41,200,true,110,110,41
1767653461672,37,200,true,110,110,37
1767653461668,41,200,true,110,110,41
1767653461671,38,200,true,110,110,38
1767653461676,34,200,true,110,110,33
1767653461673,37,200,true,110,110,37
1767653461680,30,200,true,110,110,30
1767653461667,43,200,true,110,110,43
1767653461672,38,200,true,110,110,38
1767653461675,35,200,true,110,110,35
1767653461676,34,200,true,110,110,34
1767653461680,30,200,true,110,110,30
1767653461672,38,200,true,110,110,38
1767653461672,38,200,true,110,110,38
1767653461674,36,200,true,110,110,36
1767653461680,31,200,true,110,110,31
1767653461672,39,200,true,110,110,39
1767653461687,24,200,true,110,110,24
1767653461673,38,200,true,110,110,38
1767653461680,31,200,true,110,110,31
1767653461687,24,200,true,110,110,24
1767653461669,43,200,true,110,110,43
1767653461674,38,200,true,110,110,38
1767653461674,39,200,true,110,110,39
1767653461674,39,200,true,110,110,39
1767653461672,41,200,true,110,110,41
1767653461663,50,200,true,110,110,50
1767653461673,41,200,true,110,110,41
1767653461663,51,200,true,110,110,51
1767653461680,34,200,true,110,110,34
1767653461668,46,200,true,110,110,46
1767653461672,42,200,true,110,110,42
1767653461674,40,200,true,110,110,40
1767653461668,46,200,true,110,110,46
1767653461668,47,200,true,110,110,47
1767653461669,46,200,true,110,110,46
1767653461680,35,200,true,110,110,35
1767653461672,43,200,true,110,110,43
1767653461688,28,200,true,110,110,28
1767653461688,28,200,true,110,110,28
1767653461688,28,200,true,110,110,28
1767653461690,26,200,true,110,110,26
1767653461687,29,200,true,110,110,29
1767653461687,29,200,true,110,110,29
1767653461688,33,200,true,110,110,33
1767653461686,35,200,true,110,110,35
1767653461688,34,200,true,110,110,34
1767653461689,34,200,true,110,110,34
1767653461687,36,200,true,110,110,36
1767653461688,37,200,true,110,110,37
1767653461687,39,200,true,110,110,39
1767653461689,37,200,true,110,110,37
1767653461688,38,200,true,110,110,34
1767653461688,45,200,true,110,110,45
1767653461690,43,200,true,110,110,43
1767653461689,45,200,true,110,110,45
1767653461687,47,200,true,110,110,47
1767653461688,47,200,true,110,110,47
1767653461689,46,200,true,110,110,46
1767653461691,45,200,true,110,110,45
1767653461688,48,200,true,110,110,48
1767653461690,46,200,true,110,110,46
1767653461689,47,200,true,110,110,47
1767653461689,47,200,true,110,110,47
1767653461687,49,200,true,110,110,49
1767653461687,50,200,true,110,110,50
1767653461687,50,200,true,110,110,50
1767653461688,49,200,true,110,110,49
1767653461688,49,200,true,110,110,49
1767653461687,51,200,true,110,110,51
1767653461690,49,200,true,110,110,49
1767653461688,51,200,true,110,110,51
1767653461687,52,200,true,110,110,52
1767653461686,53,200,true,110,110,53
1767653461687,52,200,true,110,110,52
1767653461688,52,200,true,110,110,52
1767653461689,51,200,true,110,110,51
1767653461695,45,200,true,110,110,45
1767653461689,51,200,true,110,110,51
1767653461689,51,200,true,110,110,51
1767653461697,44,200,true,110,110,44
1767653461687,54,200,true,110,110,54
1767653461696,45,200,true,110,110,45
1767653461687,54,200,true,110,110,54
1767653461690,51,200,true,110,110,51
1767653461695,46,200,true,110,110,46
1767653461688,54,200,true,110,110,54
1767653461689,54,200,true,110,110,54
1767653461686,57,200,true,110,110,57
1767653461710,33,200,true,110,110,33
1767653461709,34,200,true,110,110,34
1767653461706,38,200,true,110,110,38
1767653461714,30,200,true,110,110,30
1767653461710,34,200,true,110,110,34
1767653461688,56,200,true,110,110,56
1767653461710,35,200,true,110,110,35
1767653461711,34,200,true,110,110,34
1767653461715,30,200,true,110,110,30
1767653461688,57,200,true,110,110,57
1767653461711,34,200,true,110,110,34
1767653461716,31,200,true,110,110,31
1767653461689,58,200,true,110,110,58
1767653461715,32,200,true,110,110,32
1767653461714,49,200,true,110,110,49
1767653461710,53,200,true,110,110,53
1767653461712,51,200,true,110,110,51
1767653461714,49,200,true,110,110,49
1767653461707,56,200,true,110,110,56
1767653461709,55,200,true,110,110,55
1767653461704,60,200,true,110,110,60
1767653461710,54,200,true,110,110,54
1767653461688,76,200,true,110,110,76
1767653461711,54,200,true,110,110,54
1767653461713,52,200,true,110,110,52
1767653461713,52,200,true,110,110,52
1767653461715,50,200,true,110,110,50
1767653461710,55,200,true,110,110,55
1767653461709,57,200,true,110,110,57
1767653461711,55,200,true,110,110,55
1767653461714,52,200,true,110,110,52
1767653461716,51,200,true,110,110,51
1767653461707,60,200,true,110,110,60
1767653461689,78,200,true,110,110,78
1767653461709,58,200,true,110,110,58
1767653461710,57,200,true,110,110,57
1767653461707,60,200,true,110,110,60
1767653461709,58,200,true,110,110,58
1767653461710,57,200,true,110,110,57
1767653461716,51,200,true,110,110,51
1767653461710,57,200,true,110,110,57
1767653461706,61,200,true,110,110,61
1767653461716,51,200,true,110,110,51
1767653461705,62,200,true,110,110,62
1767653461706,61,200,true,110,110,61
1767653461710,57,200,true,110,110,57
1767653461716,52,200,true,110,110,52
1767653461713,55,200,true,110,110,55
1767653461711,57,200,true,110,110,57
1767653461711,57,200,true,110,110,57
1767653461715,53,200,true,110,110,53
1767653461707,61,200,true,110,110,61
1767653461714,54,200,true,110,110,54
1767653461710,58,200,true,110,110,58
1767653461709,59,200,true,110,110,59
1767653461716,52,200,true,110,110,52
1767653461706,62,200,true,110,110,62
1767653461714,54,200,true,110,110,54
1767653461689,79,200,true,110,110,79
1767653461704,64,200,true,110,110,64
1767653461707,61,200,true,110,110,61
1767653461713,56,200,true,110,110,56
1767653461712,57,200,true,110,110,57
1767653461714,55,200,true,110,110,55
1767653461721,56,200,true,110,110,56
1767653461726,51,200,true,110,110,51
1767653461737,40,200,true,110,110,40
1767653461733,45,200,true,110,110,45
1767653461738,43,200,true,110,110,43
1767653461741,44,200,true,110,110,44
1767653461725,60,200,true,110,110,60
1767653461741,44,200,true,110,110,44
1767653461739,46,200,true,110,110,46
1767653461723,62,200,true,110,110,62
1767653461726,59,200,true,110,110,59
1767653461721,64,200,true,110,110,64
1767653461741,44,200,true,110,110,44
1767653461726,59,200,true,110,110,59
1767653461733,52,200,true,110,110,52
1767653461736,50,200,true,110,110,50
1767653461743,43,200,true,110,110,43
1767653461740,46,200,true,110,110,46
1767653461741,45,200,true,110,110,45
1767653461748,38,200,true,110,110,38
1767653461739,47,200,true,110,110,47
1767653461739,47,200,true,110,110,47
1767653461740,46,200,true,110,110,46
1767653461743,44,200,true,110,110,44
1767653461736,51,200,true,110,110,51
1767653461747,40,200,true,110,110,40
1767653461744,44,200,true,110,110,44
1767653461744,45,200,true,110,110,44
1767653461745,44,200,true,110,110,44
1767653461745,44,200,true,110,110,44
1767653461743,46,200,true,110,110,43
1767653461737,52,200,true,110,110,52
1767653461736,54,200,true,110,110,53
1767653461745,45,200,true,110,110,43
1767653461735,55,200,true,110,110,55
1767653461747,43,200,true,110,110,41
1767653461744,46,200,true,110,110,46
1767653461737,53,200,true,110,110,53
1767653461743,47,200,true,110,110,47
1767653461736,54,200,true,110,110,54
1767653461741,49,200,true,110,110,48
1767653461735,55,200,true,110,110,55
1767653461722,68,200,true,110,110,68
1767653461706,85,200,true,110,110,85
1767653461743,48,200,true,110,110,48
1767653461734,57,200,true,110,110,57
1767653461740,51,200,true,110,110,51
1767653461739,52,200,true,110,110,52
1767653461745,46,200,true,110,110,46
1767653461723,68,200,true,110,110,68
1767653461736,56,200,true,110,110,56
1767653461740,52,200,true,110,110,52
1767653461744,48,200,true,110,110,48
1767653461737,55,200,true,110,110,55
1767653461737,55,200,true,110,110,55
1767653461745,47,200,true,110,110,47
1767653461763,29,200,true,110,110,29
1767653461763,30,200,true,110,110,30
1767653461763,30,200,true,110,110,30
1767653461740,53,200,true,110,110,53
1767653461739,54,200,true,110,110,54
1767653461741,52,200,true,110,110,52
1767653461734,59,200,true,110,110,59
1767653461767,34,200,true,110,110,34
1767653461765,36,200,true,110,110,36
1767653461767,34,200,true,110,110,34
1767653461768,33,200,true,110,110,33
1767653461763,38,200,true,110,110,38
1767653461766,35,200,true,110,110,35
1767653461768,33,200,true,110,110,33
1767653461767,34,200,true,110,110,34
1767653461767,35,200,true,110,110,35
1767653461767,35,200,true,110,110,35
1767653461768,34,200,true,110,110,34
1767653461765,37,200,true,110,110,37
1767653461768,34,200,true,110,110,34
1767653461767,35,200,true,110,110,35
1767653461763,39,200,true,110,110,39
1767653461766,36,200,true,110,110,36
1767653461767,36,200,true,110,110,35
1767653461764,39,200,true,110,110,39
1767653461767,36,200,true,110,110,36
1767653461768,35,200,true,110,110,35
1767653461768,36,200,true,110,110,36
1767653461768,36,200,true,110,110,36
1767653461767,37,200,true,110,110,37
1767653461767,37,200,true,110,110,37
1767653461764,40,200,true,110,110,39
1767653461769,36,200,true,110,110,36
1767653461764,41,200,true,110,110,41
1767653461767,38,200,true,110,110,38
1767653461765,40,200,true,110,110,40
1767653461765,40,200,true,110,110,40
1767653461767,39,200,true,110,110,39
1767653461767,39,200,true,110,110,39
1767653461768,38,200,true,110,110,38
1767653461769,39,200,true,110,110,39
1767653461767,42,200,true,110,110,42
1767653461768,41,200,true,110,110,41
1767653461777,32,200,true,110,110,32
1767653461764,45,200,true,110,110,45
1767653461777,32,200,true,110,110,32
1767653461765,45,200,true,110,110,45
1767653461768,42,200,true,110,110,42
1767653461778,32,200,true,110,110,32
1767653461768,42,200,true,110,110,42
1767653461769,41,200,true,110,110,41
1767653461768,42,200,true,110,110,42
1767653461767,44,200,true,110,110,44
1767653461768,43,200,true,110,110,43
1767653461767,44,200,true,110,110,44
1767653461768,43,200,true,110,110,43
1767653461768,43,200,true,110,110,36
1767653461790,29,200,true,110,110,29
1767653461777,42,200,true,110,110,42
1767653461793,26,200,true,110,110,26
1767653461786,33,200,true,110,110,33
1767653461791,29,200,true,110,110,29
1767653461791,29,200,true,110,110,29
1767653461785,36,200,true,110,110,36
1767653461793,34,200,true,110,110,34
1767653461792,35,200,true,110,110,35
1767653461792,35,200,true,110,110,35
1767653461789,38,200,true,110,110,38
1767653461789,39,200,true,110,110,39
1767653461792,36,200,true,110,110,36
1767653461786,42,200,true,110,110,42
1767653461790,38,200,true,110,110,38
1767653461791,37,200,true,110,110,37
1767653461793,35,200,true,110,110,35
1767653461790,38,200,true,110,110,38
1767653461785,43,200,true,110,110,43
1767653461786,43,200,true,110,110,43
1767653461786,43,200,true,110,110,43
1767653461790,39,200,true,110,110,39
1767653461785,44,200,true,110,110,44
1767653461790,39,200,true,110,110,39
1767653461786,43,200,true,110,110,43
1767653461786,43,200,true,110,110,43
1767653461786,44,200,true,110,110,44
1767653461785,45,200,true,110,110,45
1767653461789,41,200,true,110,110,41
1767653461792,38,200,true,110,110,38
1767653461789,45,200,true,110,110,45
1767653461792,43,200,true,110,110,43
1767653461801,34,200,true,110,110,34
1767653461785,51,200,true,110,110,51
1767653461786,50,200,true,110,110,50
1767653461810,26,200,true,110,110,26
1767653461785,52,200,true,110,110,52
1767653461791,46,200,true,110,110,46
1767653461810,27,200,true,110,110,27
1767653461790,47,200,true,110,110,47
1767653461806,31,200,true,110,110,31
1767653461809,28,200,true,110,110,28
1767653461787,50,200,true,110,110,50
1767653461808,29,200,true,110,110,29
1767653461804,34,200,true,110,110,34
1767653461793,45,200,true,110,110,45
1767653461804,35,200,true,110,110,35
1767653461801,38,200,true,110,110,38
1767653461787,53,200,true,110,110,53
1767653461790,50,200,true,110,110,50
1767653461788,53,200,true,110,110,53
1767653461785,56,200,true,110,110,56
1767653461793,48,200,true,110,110,48
1767653461790,51,200,true,110,110,43
1767653461785,56,200,true,110,110,56
1767653461785,57,200,true,110,110,46
1767653461790,52,200,true,110,110,51
1767653461793,49,200,true,110,110,49
1767653461792,51,200,true,110,110,40
1767653461790,53,200,true,110,110,50
1767653461781,62,200,true,110,110,60
1767653461791,52,200,true,110,110,44
1767653461791,53,200,true,110,110,43
1767653461791,53,200,true,110,110,53
1767653461819,26,200,true,110,110,26
1767653461794,51,200,true,110,110,51
1767653461810,35,200,true,110,110,35
1767653461802,43,200,true,110,110,43
1767653461810,35,200,true,110,110,35
1767653461801,44,200,true,110,110,44
1767653461804,41,200,true,110,110,41
1767653461789,56,200,true,110,110,56
1767653461787,60,200,true,110,110,60
1767653461791,56,200,true,110,110,56
1767653461785,62,200,true,110,110,62
1767653461820,28,200,true,110,110,28
1767653461802,46,200,true,110,110,46
1767653461811,37,200,true,110,110,37
1767653461820,28,200,true,110,110,28
1767653461811,37,200,true,110,110,37
1767653461806,43,200,true,110,110,43
1767653461821,28,200,true,110,110,28
1767653461810,39,200,true,110,110,39
1767653461810,39,200,true,110,110,39
1767653461801,49,200,true,110,110,49
1767653461809,41,200,true,110,110,41
1767653461809,41,200,true,110,110,41
1767653461802,48,200,true,110,110,48
1767653461805,45,200,true,110,110,45
1767653461810,41,200,true,110,110,41
1767653461809,42,200,true,110,110,42
1767653461803,48,200,true,110,110,48
1767653461819,32,200,true,110,110,32
1767653461802,49,200,true,110,110,49
1767653461802,49,200,true,110,110,49
1767653461803,49,200,true,110,110,49
1767653461819,33,200,true,110,110,32
1767653461805,47,200,true,110,110,47
1767653461802,50,200,true,110,110,50
1767653461803,49,200,true,110,110,49
1767653461811,41,200,true,110,110,41
1767653461802,51,200,true,110,110,51
1767653461804,51,200,true,110,110,51
1767653461806,49,200,true,110,110,49
1767653461805,51,200,true,110,110,51
1767653461801,55,200,true,110,110,55
1767653461801,55,200,true,110,110,55
1767653461802,54,200,true,110,110,54
1767653461801,55,200,true,110,110,55
1767653461804,52,200,true,110,110,52
1767653461801,55,200,true,110,110,55
1767653461803,54,200,true,110,110,54
1767653461811,46,200,true,110,110,46
1767653461805,52,200,true,110,110,41
1767653461827,34,200,true,110,110,34
1767653461828,33,200,true,110,110,33
1767653461811,50,200,true,110,110,50
1767653461827,34,200,true,110,110,34
1767653461830,32,200,true,110,110,32
1767653461828,34,200,true,110,110,34
1767653461819,43,200,true,110,110,43
1767653461836,27,200,true,110,110,27
1767653461829,34,200,true,110,110,34
1767653461827,36,200,true,110,110,36
1767653461836,28,200,true,110,110,28
1767653461806,58,200,true,110,110,58
1767653461829,35,200,true,110,110,35
1767653461830,34,200,true,110,110,34
1767653461834,30,200,true,110,110,30
1767653461829,35,200,true,110,110,35
1767653461827,37,200,true,110,110,37
1767653461829,36,200,true,110,110,36
1767653461830,35,200,true,110,110,35
1767653461828,37,200,true,110,110,37
1767653461837,28,200,true,110,110,28
1767653461829,36,200,true,110,110,36
1767653461829,37,200,true,110,110,37
1767653461828,38,200,true,110,110,38
1767653461837,29,200,true,110,110,29
1767653461837,29,200,true,110,110,29
1767653461837,29,200,true,110,110,29
1767653461829,38,200,true,110,110,38
1767653461837,30,200,true,110,110,30
1767653461836,31,200,true,110,110,31
1767653461828,39,200,true,110,110,39
1767653461830,38,200,true,110,110,38
1767653461836,32,200,true,110,110,32
1767653461828,40,200,true,110,110,40
1767653461837,32,200,true,110,110,32
1767653461845,38,200,true,110,110,38
1767653461850,34,200,true,110,110,34
1767653461845,39,200,true,110,110,39
1767653461849,36,200,true,110,110,36
1767653461844,41,200,true,110,110,41
1767653461845,40,200,true,110,110,40
1767653461848,37,200,true,110,110,37
1767653461838,47,200,true,110,110,47
1767653461845,40,200,true,110,110,40
1767653461848,38,200,true,110,110,38
1767653461851,35,200,true,110,110,35
1767653461850,36,200,true,110,110,36
1767653461843,43,200,true,110,110,43
1767653461851,36,200,true,110,110,36
1767653461851,36,200,true,110,110,36
1767653461852,35,200,true,110,110,35
1767653461842,45,200,true,110,110,45
1767653461841,46,200,true,110,110,46
1767653461839,48,200,true,110,110,48
1767653461842,45,200,true,110,110,45
1767653461843,44,200,true,110,110,44
1767653461845,42,200,true,110,110,42
1767653461849,38,200,true,110,110,38
1767653461841,46,200,true,110,110,46
1767653461848,39,200,true,110,110,39
1767653461837,50,200,true,110,110,50
1767653461851,37,200,true,110,110,37
1767653461847,41,200,true,110,110,41
1767653461845,43,200,true,110,110,43
1767653461841,47,200,true,110,110,47
1767653461843,45,200,true,110,110,45
1767653461847,41,200,true,110,110,41
1767653461848,40,200,true,110,110,40
1767653461838,50,200,true,110,110,50
1767653461842,46,200,true,110,110,46
1767653461842,46,200,true,110,110,46
1767653461850,38,200,true,110,110,38
1767653461843,46,200,true,110,110,46
1767653461839,50,200,true,110,110,50
1767653461835,54,200,true,110,110,54
1767653461844,46,200,true,110,110,46
1767653461847,43,200,true,110,110,43
1767653461852,38,200,true,110,110,38
1767653461850,41,200,true,110,110,40
1767653461849,42,200,true,110,110,42
1767653461852,42,200,true,110,110,42
1767653461851,43,200,true,110,110,43
1767653461851,44,200,true,110,110,44
1767653461857,38,200,true,110,110,38
1767653461853,42,200,true,110,110,42
1767653461845,50,200,true,110,110,50
1767653461845,50,200,true,110,110,50
1767653461850,45,200,true,110,110,39
1767653461841,55,200,true,110,110,55
1767653461853,43,200,true,110,110,43
1767653461849,47,200,true,110,110,47
1767653461840,56,200,true,110,110,54
1767653461849,47,200,true,110,110,47
1767653461840,56,200,true,110,110,56
1767653461828,68,200,true,110,110,61
1767653461852,44,200,true,110,110,41
1767653461829,67,200,true,110,110,57
1767653461852,44,200,true,110,110,43
1767653461884,29,200,true,110,110,29
1767653461886,27,200,true,110,110,27
1767653461865,48,200,true,110,110,48
1767653461862,52,200,true,110,110,52
1767653461868,46,200,true,110,110,46
1767653461864,50,200,true,110,110,50
1767653461885,29,200,true,110,110,29
1767653461867,47,200,true,110,110,47
1767653461865,49,200,true,110,110,49
1767653461856,58,200,true,110,110,58
1767653461865,49,200,true,110,110,49
1767653461864,51,200,true,110,110,51
1767653461857,58,200,true,110,110,58
1767653461863,52,200,true,110,110,52
1767653461864,51,200,true,110,110,51
1767653461855,60,200,true,110,110,60
1767653461863,52,200,true,110,110,52
1767653461866,49,200,true,110,110,49
1767653461856,59,200,true,110,110,59
1767653461862,53,200,true,110,110,53
1767653461866,49,200,true,110,110,49
1767653461864,51,200,true,110,110,51
1767653461864,51,200,true,110,110,51
1767653461856,59,200,true,110,110,59
1767653461867,48,200,true,110,110,48
1767653461862,53,200,true,110,110,53
1767653461864,52,200,true,110,110,52
1767653461857,59,200,true,110,110,59
1767653461861,55,200,true,110,110,55
1767653461868,48,200,true,110,110,48
1767653461856,60,200,true,110,110,60
1767653461865,51,200,true,110,110,51
1767653461837,79,200,true,110,110,79
1767653461868,49,200,true,110,110,49
1767653461885,34,200,true,110,110,34
1767653461861,58,200,true,110,110,58
1767653461856,63,200,true,110,110,63
1767653461855,64,200,true,110,110,64
1767653461866,55,200,true,110,110,55
1767653461861,60,200,true,110,110,60
1767653461869,52,200,true,110,110,52
1767653461867,54,200,true,110,110,54
1767653461864,58,200,true,110,110,58
1767653461867,55,200,true,110,110,55
1767653461856,66,200,true,110,110,66
1767653461884,39,200,true,110,110,39
1767653461867,57,200,true,110,110,57
1767653461856,68,200,true,110,110,68
1767653461864,60,200,true,110,110,60
1767653461885,39,200,true,110,110,39
1767653461886,38,200,true,110,110,38
1767653461886,39,200,true,110,110,39
1767653461862,64,200,true,110,110,64
1767653461884,42,200,true,110,110,42
1767653461865,62,200,true,110,110,62
1767653461866,61,200,true,110,110,61
1767653461890,47,200,true,110,110,47
1767653461896,41,200,true,110,110,41
1767653461887,50,200,true,110,110,50
1767653461888,49,200,true,110,110,49
1767653461891,46,200,true,110,110,46
1767653461895,42,200,true,110,110,42
1767653461888,49,200,true,110,110,49
1767653461888,49,200,true,110,110,49
1767653461887,50,200,true,110,110,50
1767653461887,50,200,true,110,110,50
1767653461887,51,200,true,110,110,51
1767653461888,50,200,true,110,110,50
1767653461887,51,200,true,110,110,51
1767653461914,26,200,true,110,110,26
1767653461915,25,200,true,110,110,25
1767653461895,45,200,true,110,110,45
1767653461914,26,200,true,110,110,26
1767653461915,25,200,true,110,110,25
1767653461915,25,200,true,110,110,25
1767653461914,26,200,true,110,110,26
1767653461915,26,200,true,110,110,26
1767653461896,45,200,true,110,110,45
1767653461894,47,200,true,110,110,47
1767653461888,53,200,true,110,110,53
1767653461889,52,200,true,110,110,52
1767653461914,27,200,true,110,110,27
1767653461894,47,200,true,110,110,47
1767653461914,27,200,true,110,110,27
1767653461896,45,200,true,110,110,45
1767653461914,27,200,true,110,110,27
1767653461887,54,200,true,110,110,54
1767653461913,28,200,true,110,110,28
1767653461915,27,200,true,110,110,27
1767653461914,28,200,true,110,110,28
1767653461888,54,200,true,110,110,54
1767653461887,55,200,true,110,110,55
1767653461895,47,200,true,110,110,47
1767653461890,52,200,true,110,110,52
1767653461915,27,200,true,110,110,27
1767653461886,56,200,true,110,110,56
1767653461888,54,200,true,110,110,54
1767653461896,47,200,true,110,110,46
1767653461896,47,200,true,110,110,47
1767653461896,47,200,true,110,110,47
1767653461915,28,200,true,110,110,28
1767653461887,56,200,true,110,110,56
1767653461885,58,200,true,110,110,58
1767653461888,55,200,true,110,110,55
1767653461896,47,200,true,110,110,47
1767653461896,47,200,true,110,110,47
1767653461888,55,200,true,110,110,55
1767653461896,47,200,true,110,110,47
1767653461891,52,200,true,110,110,52
1767653461887,56,200,true,110,110,56
1767653461887,56,200,true,110,110,56
1767653461888,56,200,true,110,110,56
1767653461887,57,200,true,110,110,57
1767653461888,56,200,true,110,110,56
1767653461896,48,200,true,110,110,48
1767653461887,57,200,true,110,110,57
1767653461889,55,200,true,110,110,55
1767653461895,49,200,true,110,110,49
1767653461885,59,200,true,110,110,59
1767653461914,30,200,true,110,110,25
1767653461915,29,200,true,110,110,25
1767653461896,48,200,true,110,110,48
1767653461886,58,200,true,110,110,58
1767653461915,29,200,true,110,110,29
1767653461890,54,200,true,110,110,51
1767653461895,49,200,true,110,110,49
1767653461913,31,200,true,110,110,31
1767653461888,56,200,true,110,110,56
1767653461889,56,200,true,110,110,56
1767653461915,31,200,true,110,110,31
1767653461915,31,200,true,110,110,31
1767653461916,30,200,true,110,110,30
1767653461921,25,200,true,110,110,25
1767653461924,23,200,true,110,110,23
1767653461927,20,200,true,110,110,20
1767653461916,31,200,true,110,110,31
1767653461926,21,200,true,110,110,20
1767653461916,31,200,true,110,110,31
1767653461925,23,200,true,110,110,23
1767653461916,32,200,true,110,110,32
1767653461919,29,200,true,110,110,29
1767653461919,29,200,true,110,110,29
1767653461927,21,200,true,110,110,21
1767653461919,29,200,true,110,110,29
1767653461922,26,200,true,110,110,26
1767653461922,27,200,true,110,110,27
1767653461922,27,200,true,110,110,26
1767653461924,25,200,true,110,110,25
1767653461919,30,200,true,110,110,30
1767653461915,34,200,true,110,110,34
1767653461916,33,200,true,110,110,33
1767653461917,33,200,true,110,110,33
1767653461915,35,200,true,110,110,32
1767653461916,35,200,true,110,110,35
1767653461924,27,200,true,110,110,27
1767653461924,27,200,true,110,110,27
1767653461924,27,200,true,110,110,27
1767653461921,30,200,true,110,110,30
1767653461924,27,200,true,110,110,27
1767653461914,37,200,true,110,110,37
1767653461915,36,200,true,110,110,36
1767653461921,31,200,true,110,110,31
1767653461921,31,200,true,110,110,31
1767653461926,27,200,true,110,110,26
1767653461916,37,200,true,110,110,37
1767653461916,37,200,true,110,110,37
1767653461942,22,200,true,110,110,22
1767653461943,21,200,true,110,110,21
1767653461942,22,200,true,110,110,22
1767653461944,20,200,true,110,110,20
1767653461941,24,200,true,110,110,24
1767653461937,28,200,true,110,110,28
1767653461937,28,200,true,110,110,28
1767653461944,22,200,true,110,110,22
1767653461937,29,200,true,110,110,29
1767653461943,32,200,true,110,110,32
1767653461944,31,200,true,110,110,31
1767653461943,32,200,true,110,110,32
1767653461943,32,200,true,110,110,32
1767653461944,31,200,true,110,110,31
1767653461943,32,200,true,110,110,32
1767653461944,31,200,true,110,110,31
1767653461940,37,200,true,110,110,37
1767653461944,33,200,true,110,110,33
1767653461944,34,200,true,110,110,34
1767653461944,35,200,true,110,110,31
1767653461940,41,200,true,110,110,41
1767653461941,41,200,true,110,110,41
1767653461938,45,200,true,110,110,45
1767653461944,39,200,true,110,110,39
1767653461941,42,200,true,110,110,42
1767653461941,43,200,true,110,110,43
1767653461937,48,200,true,110,110,48
1767653461941,44,200,true,110,110,44
1767653461944,41,200,true,110,110,41
1767653461944,41,200,true,110,110,41
1767653461943,42,200,true,110,110,42
1767653461943,42,200,true,110,110,42
1767653461943,42,200,true,110,110,42
1767653461942,44,200,true,110,110,44
1767653461938,48,200,true,110,110,48
1767653461942,44,200,true,110,110,44
1767653461944,42,200,true,110,110,42
1767653461937,49,200,true,110,110,49
1767653461943,44,200,true,110,110,44
1767653461940,47,200,true,110,110,47
1767653461944,43,200,true,110,110,43
1767653461941,47,200,true,110,110,47
1767653461943,45,200,true,110,110,45
1767653461940,48,200,true,110,110,48
1767653461941,47,200,true,110,110,47
1767653461941,48,200,true,110,110,48
1767653461942,47,200,true,110,110,47
1767653461941,48,200,true,110,110,48
1767653461944,54,200,true,110,110,54
1767653461948,50,200,true,110,110,50
1767653461951,47,200,true,110,110,47
1767653461949,49,200,true,110,110,49
1767653461941,57,200,true,110,110,57
1767653461953,45,200,true,110,110,45
1767653461952,46,200,true,110,110,46
1767653461951,47,200,true,110,110,47
1767653461947,51,200,true,110,110,51
1767653461947,51,200,true,110,110,51
1767653461943,56,200,true,110,110,56
1767653461947,52,200,true,110,110,52
1767653461951,48,200,true,110,110,48
1767653461947,52,200,true,110,110,52
1767653461950,49,200,true,110,110,49
1767653461948,51,200,true,110,110,51
1767653461941,58,200,true,110,110,58
1767653461943,56,200,true,110,110,56
1767653461937,62,200,true,110,110,62
1767653461948,51,200,true,110,110,51
1767653461943,56,200,true,110,110,56
1767653461951,48,200,true,110,110,48
1767653461947,52,200,true,110,110,52
1767653461946,53,200,true,110,110,53
1767653461944,55,200,true,110,110,55
1767653461952,48,200,true,110,110,47
1767653461937,63,200,true,110,110,63
1767653461937,63,200,true,110,110,63
1767653461948,52,200,true,110,110,52
1767653461949,51,200,true,110,110,51
1767653461949,51,200,true,110,110,51
1767653461943,59,200,true,110,110,59
1767653461948,54,200,true,110,110,54
1767653461949,53,200,true,110,110,53
1767653461938,64,200,true,110,110,64
1767653461949,53,200,true,110,110,53
1767653461949,53,200,true,110,110,53
1767653461941,61,200,true,110,110,61
1767653461951,51,200,true,110,110,51
1767653461952,50,200,true,110,110,50
1767653461979,23,200,true,110,110,23
1767653461944,58,200,true,110,110,58
1767653461945,57,200,true,110,110,57
1767653461937,65,200,true,110,110,65
1767653461975,27,200,true,110,110,27
1767653461947,55,200,true,110,110,55
1767653461975,28,200,true,110,110,28
1767653461942,61,200,true,110,110,61
1767653461975,28,200,true,110,110,28
1767653461977,26,200,true,110,110,26
1767653461964,39,200,true,110,110,39
1767653461951,52,200,true,110,110,52
1767653461953,50,200,true,110,110,47
1767653461964,39,200,true,110,110,39
1767653461965,38,200,true,110,110,38
1767653461950,53,200,true,110,110,53
1767653461966,38,200,true,110,110,38
1767653461940,64,200,true,110,110,64
1767653461965,39,200,true,110,110,39
1767653461966,38,200,true,110,110,38
1767653461966,38,200,true,110,110,38
1767653461944,60,200,true,110,110,60
1767653461964,40,200,true,110,110,40
1767653461946,58,200,true,110,110,58
1767653461953,51,200,true,110,110,51
1767653461942,62,200,true,110,110,62
1767653461952,53,200,true,110,110,52
1767653461949,56,200,true,110,110,56
1767653461940,65,200,true,110,110,65
1767653461948,57,200,true,110,110,57
1767653461946,59,200,true,110,110,59
1767653461941,64,200,true,110,110,62
1767653461943,62,200,true,110,110,57
1767653461937,69,200,true,110,110,69
1767653461964,42,200,true,110,110,42
1767653461942,64,200,true,110,110,60
1767653461977,30,200,true,110,110,30
1767653461975,33,200,true,110,110,33
1767653461982,26,200,true,110,110,26
1767653461986,23,200,true,110,110,22
1767653461986,23,200,true,110,110,23
1767653461981,28,200,true,110,110,28
1767653461975,34,200,true,110,110,34
1767653461983,26,200,true,110,110,26
1767653461975,34,200,true,110,110,34
1767653461978,31,200,true,110,110,31
1767653461987,22,200,true,110,110,21
1767653461987,22,200,true,110,110,22
1767653461975,35,200,true,110,110,35
1767653461985,25,200,true,110,110,25
1767653462001,9,200,true,110,110,9
1767653461987,24,200,true,110,110,24
1767653461989,22,200,true,110,110,22
1767653461985,26,200,true,110,110,26
1767653461985,26,200,true,110,110,26
1767653461986,25,200,true,110,110,25
1767653461986,26,200,true,110,110,26
1767653461988,24,200,true,110,110,22
1767653461985,27,200,true,110,110,27
1767653461987,25,200,true,110,110,25
1767653461989,26,200,true,110,110,26
1767653461988,27,200,true,110,110,27
1767653461983,32,200,true,110,110,32
1767653461985,31,200,true,110,110,31
1767653461986,30,200,true,110,110,30
1767653461985,31,200,true,110,110,31
1767653461988,28,200,true,110,110,28
1767653461985,31,200,true,110,110,27
1767653461983,33,200,true,110,110,28
1767653461988,30,200,true,110,110,30
1767653461998,24,200,true,110,110,24
1767653462002,22,200,true,110,110,22
1767653462003,21,200,true,110,110,21
1767653461989,36,200,true,110,110,36
1767653462003,23,200,true,110,110,23
1767653462006,20,200,true,110,110,20
1767653462002,24,200,true,110,110,24
1767653462004,23,200,true,110,110,22
1767653461999,30,200,true,110,110,30
1767653462004,25,200,true,110,110,25
1767653462003,27,200,true,110,110,27
1767653461998,32,200,true,110,110,32
1767653461998,32,200,true,110,110,32
1767653461999,32,200,true,110,110,32
1767653461999,33,200,true,110,110,33
1767653462003,29,200,true,110,110,29
1767653462003,29,200,true,110,110,29
1767653461999,33,200,true,110,110,33
1767653461998,35,200,true,110,110,35
1767653461999,34,200,true,110,110,34
1767653462002,31,200,true,110,110,31
1767653461999,34,200,true,110,110,34
1767653462000,38,200,true,110,110,38
1767653462003,35,200,true,110,110,35
1767653462002,36,200,true,110,110,36
1767653461999,41,200,true,110,110,41
1767653462000,45,200,true,110,110,45
1767653462001,44,200,true,110,110,44
1767653462002,43,200,true,110,110,43
1767653462003,42,200,true,110,110,42
1767653462002,43,200,true,110,110,43
1767653461999,47,200,true,110,110,47
1767653461998,48,200,true,110,110,48
1767653462004,42,200,true,110,110,42
1767653462007,39,200,true,110,110,39
1767653462005,41,200,true,110,110,41
1767653462004,42,200,true,110,110,42
1767653462000,46,200,true,110,110,46
1767653462004,42,200,true,110,110,42
1767653462005,42,200,true,110,110,42
1767653462006,41,200,true,110,110,41
1767653462005,42,200,true,110,110,42
1767653461999,48,200,true,110,110,48
1767653462004,43,200,true,110,110,43
1767653462003,44,200,true,110,110,44
1767653462005,42,200,true,110,110,42
1767653462003,44,200,true,110,110,44
1767653462002,45,200,true,110,110,45
1767653462005,42,200,true,110,110,42
1767653462004,43,200,true,110,110,43
1767653461999,49,200,true,110,110,49
1767653462000,48,200,true,110,110,48
1767653461999,49,200,true,110,110,49
1767653462004,45,200,true,110,110,45
1767653461999,51,200,true,110,110,51
1767653462002,49,200,true,110,110,49
1767653462005,46,200,true,110,110,46
1767653462002,51,200,true,110,110,51
1767653461999,54,200,true,110,110,54
1767653461999,54,200,true,110,110,54
1767653461999,54,200,true,110,110,54
1767653462002,51,200,true,110,110,51
1767653462009,44,200,true,110,110,44
1767653461999,54,200,true,110,110,54
1767653461998,56,200,true,110,110,56
1767653462003,51,200,true,110,110,51
1767653462003,51,200,true,110,110,51
1767653462005,49,200,true,110,110,49
1767653462000,58,200,true,110,110,54
1767653462010,58,200,true,110,110,58
1767653462002,66,200,true,110,110,66
1767653461999,70,200,true,110,110,70
1767653462019,50,200,true,110,110,50
1767653462009,60,200,true,110,110,60
1767653462011,58,200,true,110,110,58
1767653462016,53,200,true,110,110,53
1767653462002,67,200,true,110,110,67
1767653462015,54,200,true,110,110,54
1767653462010,59,200,true,110,110,59
1767653462009,60,200,true,110,110,60
1767653462008,62,200,true,110,110,62
1767653462009,61,200,true,110,110,61
1767653462002,68,200,true,110,110,68
1767653462011,59,200,true,110,110,59
1767653462008,63,200,true,110,110,63
1767653462016,55,200,true,110,110,55
1767653462016,55,200,true,110,110,55
1767653462009,62,200,true,110,110,62
1767653462011,61,200,true,110,110,61
1767653462016,56,200,true,110,110,55
1767653462002,70,200,true,110,110,70
1767653462004,69,200,true,110,110,69
1767653462012,61,200,true,110,110,61
1767653462047,27,200,true,110,110,27
1767653462006,68,200,true,110,110,68
1767653462033,42,200,true,110,110,41
1767653462032,43,200,true,110,110,43
1767653462032,43,200,true,110,110,43
1767653462024,51,200,true,110,110,51
1767653462011,65,200,true,110,110,65
1767653462009,68,200,true,110,110,68
1767653462011,66,200,true,110,110,65
1767653462016,61,200,true,110,110,61
1767653462026,51,200,true,110,110,51
1767653462024,53,200,true,110,110,53
1767653462016,62,200,true,110,110,62
1767653462009,69,200,true,110,110,69
1767653462009,69,200,true,110,110,69
1767653462016,62,200,true,110,110,62
1767653461999,82,200,true,110,110,82
1767653462015,67,200,true,110,110,67
1767653462011,71,200,true,110,110,71
1767653462012,72,200,true,110,110,72
1767653462004,80,200,true,110,110,77
1767653462012,72,200,true,110,110,72
1767653462009,75,200,true,110,110,70
1767653462012,73,200,true,110,110,73
1767653462046,42,200,true,110,110,42
1767653462047,41,200,true,110,110,41
1767653462025,63,200,true,110,110,63
1767653462045,44,200,true,110,110,43
1767653462046,43,200,true,110,110,43
1767653462047,42,200,true,110,110,42
1767653462047,42,200,true,110,110,42
1767653462030,60,200,true,110,110,60
1767653462030,60,200,true,110,110,60
1767653462046,44,200,true,110,110,44
1767653462046,44,200,true,110,110,44
1767653462048,42,200,true,110,110,42
1767653462047,44,200,true,110,110,44
1767653462029,62,200,true,110,110,62
1767653462047,44,200,true,110,110,44
1767653462045,48,200,true,110,110,47
1767653462047,46,200,true,110,110,46
1767653462047,48,200,true,110,110,46
1767653462033,62,200,true,110,110,62
1767653462045,50,200,true,110,110,50
1767653462051,44,200,true,110,110,44
1767653462046,49,200,true,110,110,49
1767653462050,45,200,true,110,110,45
1767653462038,57,200,true,110,110,57
1767653462047,48,200,true,110,110,48
1767653462046,49,200,true,110,110,49
1767653462058,37,200,true,110,110,37
1767653462069,26,200,true,110,110,26
1767653462033,63,200,true,110,110,63
1767653462032,64,200,true,110,110,64
1767653462046,50,200,true,110,110,50
1767653462049,47,200,true,110,110,47
1767653462033,63,200,true,110,110,63
1767653462053,43,200,true,110,110,43
1767653462045,51,200,true,110,110,51
1767653462047,49,200,true,110,110,49
1767653462054,42,200,true,110,110,42
1767653462040,56,200,true,110,110,56
1767653462054,42,200,true,110,110,42
1767653462046,50,200,true,110,110,50
1767653462053,43,200,true,110,110,43
1767653462048,48,200,true,110,110,48
1767653462053,43,200,true,110,110,43
1767653462048,49,200,true,110,110,48
1767653462045,52,200,true,110,110,51
1767653462032,65,200,true,110,110,65
1767653462027,70,200,true,110,110,70
1767653462022,75,200,true,110,110,75
1767653462038,59,200,true,110,110,59
1767653462038,59,200,true,110,110,59
1767653462026,71,200,true,110,110,71
1767653462026,71,200,true,110,110,71
1767653462030,67,200,true,110,110,67
1767653462051,46,200,true,110,110,46
1767653462029,69,200,true,110,110,69
1767653462033,65,200,true,110,110,65
1767653462047,51,200,true,110,110,51
1767653462074,33,200,true,110,110,33
1767653462083,24,200,true,110,110,24
1767653462069,39,200,true,110,110,39
1767653462071,37,200,true,110,110,37
1767653462072,36,200,true,110,110,36
1767653462054,54,200,true,110,110,54
1767653462069,39,200,true,110,110,39
1767653462069,39,200,true,110,110,39
1767653462069,40,200,true,110,110,40
1767653462071,38,200,true,110,110,38
1767653462053,56,200,true,110,110,56
1767653462069,40,200,true,110,110,40
1767653462068,41,200,true,110,110,41
1767653462089,20,200,true,110,110,20
1767653462053,56,200,true,110,110,56
1767653462089,20,200,true,110,110,20
1767653462053,56,200,true,110,110,56
1767653462081,28,200,true,110,110,28
1767653462075,34,200,true,110,110,34
1767653462075,34,200,true,110,110,34
1767653462085,25,200,true,110,110,25
1767653462070,40,200,true,110,110,40
1767653462073,37,200,true,110,110,37
1767653462072,38,200,true,110,110,38
1767653462069,41,200,true,110,110,41
1767653462089,21,200,true,110,110,21
1767653462069,41,200,true,110,110,41
1767653462088,22,200,true,110,110,22
1767653462073,37,200,true,110,110,37
1767653462074,36,200,true,110,110,36
1767653462071,39,200,true,110,110,39
1767653462072,38,200,true,110,110,38
1767653462088,22,200,true,110,110,22
1767653462068,42,200,true,110,110,42
1767653462070,41,200,true,110,110,41
1767653462076,35,200,true,110,110,35
1767653462084,27,200,true,110,110,27
1767653462088,23,200,true,110,110,23
1767653462091,21,200,true,110,110,21
1767653462091,21,200,true,110,110,21
1767653462090,22,200,true,110,110,22
1767653462093,20,200,true,110,110,20
1767653462093,20,200,true,110,110,20
1767653462090,23,200,true,110,110,23
1767653462090,23,200,true,110,110,23
1767653462090,23,200,true,110,110,22
1767653462098,17,200,true,110,110,17
1767653462095,21,200,true,110,110,21
1767653462095,23,200,true,110,110,22
1767653462096,22,200,true,110,110,22
1767653462095,23,200,true,110,110,23
1767653462096,22,200,true,110,110,22
1767653462097,22,200,true,110,110,22
1767653462096,23,200,true,110,110,23
1767653462096,23,200,true,110,110,23
1767653462095,24,200,true,110,110,24
1767653462096,23,200,true,110,110,23
1767653462097,22,200,true,110,110,22
1767653462092,27,200,true,110,110,27
1767653462097,23,200,true,110,110,20
1767653462090,30,200,true,110,110,30
1767653462096,24,200,true,110,110,22
1767653462069,51,200,true,110,110,51
1767653462054,66,200,true,110,110,66
1767653462071,50,200,true,110,110,50
1767653462075,46,200,true,110,110,46
1767653462054,67,200,true,110,110,67
1767653462085,36,200,true,110,110,36
1767653462084,37,200,true,110,110,37
1767653462095,27,200,true,110,110,27
1767653462097,25,200,true,110,110,25
1767653462098,24,200,true,110,110,24
1767653462095,27,200,true,110,110,27
1767653462096,26,200,true,110,110,26
1767653462077,46,200,true,110,110,45
1767653462070,53,200,true,110,110,53
1767653462096,27,200,true,110,110,27
1767653462097,26,200,true,110,110,25
1767653462075,48,200,true,110,110,48
1767653462096,27,200,true,110,110,26
1767653462098,25,200,true,110,110,25
1767653462097,26,200,true,110,110,26
1767653462077,46,200,true,110,110,46
1767653462078,45,200,true,110,110,45
1767653462070,54,200,true,110,110,54
1767653462077,47,200,true,110,110,47
1767653462097,27,200,true,110,110,27
1767653462096,28,200,true,110,110,28
1767653462096,28,200,true,110,110,28
1767653462096,29,200,true,110,110,29
1767653462082,43,200,true,110,110,43
1767653462078,47,200,true,110,110,47
1767653462096,29,200,true,110,110,29
1767653462097,28,200,true,110,110,28
1767653462095,30,200,true,110,110,30
1767653462097,28,200,true,110,110,28
1767653462084,41,200,true,110,110,41
1767653462078,47,200,true,110,110,47
1767653462096,29,200,true,110,110,29
1767653462077,48,200,true,110,110,48
1767653462096,30,200,true,110,110,30
1767653462095,31,200,true,110,110,31
1767653462089,37,200,true,110,110,37
1767653462077,49,200,true,110,110,49
1767653462097,29,200,true,110,110,29
1767653462078,48,200,true,110,110,48
1767653462097,29,200,true,110,110,29
1767653462095,31,200,true,110,110,31
1767653462097,29,200,true,110,110,29
1767653462095,32,200,true,110,110,32
1767653462118,9,200,true,110,110,9
1767653462116,11,200,true,110,110,11
1767653462123,15,200,true,110,110,15
1767653462119,19,200,true,110,110,19
1767653462108,30,200,true,110,110,30
1767653462127,12,200,true,110,110,12
1767653462110,29,200,true,110,110,29
1767653462109,30,200,true,110,110,30
1767653462110,29,200,true,110,110,29
1767653462123,21,200,true,110,110,21
1767653462109,35,200,true,110,110,35
1767653462124,21,200,true,110,110,21
1767653462119,27,200,true,110,110,27
1767653462125,30,200,true,110,110,30
1767653462118,37,200,true,110,110,37
1767653462120,35,200,true,110,110,35
1767653462119,36,200,true,110,110,36
1767653462123,32,200,true,110,110,32
1767653462126,29,200,true,110,110,29
1767653462110,45,200,true,110,110,45
1767653462120,36,200,true,110,110,35
1767653462121,35,200,true,110,110,35
1767653462108,48,200,true,110,110,48
1767653462123,33,200,true,110,110,33
1767653462109,47,200,true,110,110,47
1767653462119,37,200,true,110,110,37
1767653462113,43,200,true,110,110,43
1767653462115,41,200,true,110,110,41
1767653462125,31,200,true,110,110,31
1767653462121,35,200,true,110,110,35
1767653462109,48,200,true,110,110,48
1767653462111,46,200,true,110,110,46
1767653462123,34,200,true,110,110,34
1767653462126,31,200,true,110,110,31
1767653462118,40,200,true,110,110,40
1767653462112,46,200,true,110,110,46
1767653462122,37,200,true,110,110,37
1767653462122,37,200,true,110,110,37
1767653462110,49,200,true,110,110,48
1767653462109,51,200,true,110,110,51
1767653462126,34,200,true,110,110,34
1767653462109,51,200,true,110,110,51
1767653462123,37,200,true,110,110,37
1767653462112,48,200,true,110,110,48
1767653462123,37,200,true,110,110,37
1767653462120,40,200,true,110,110,40
1767653462124,36,200,true,110,110,36
1767653462108,52,200,true,110,110,52
1767653462121,39,200,true,110,110,39
1767653462125,36,200,true,110,110,36
1767653462124,37,200,true,110,110,37
1767653462119,42,200,true,110,110,42
1767653462109,52,200,true,110,110,52
1767653462125,36,200,true,110,110,36
1767653462110,51,200,true,110,110,51
1767653462110,51,200,true,110,110,51
1767653462126,36,200,true,110,110,35
1767653462126,36,200,true,110,110,36
1767653462109,53,200,true,110,110,53
1767653462110,52,200,true,110,110,52
1767653462121,41,200,true,110,110,41
1767653462121,42,200,true,110,110,42
1767653462124,39,200,true,110,110,39
1767653462118,45,200,true,110,110,45
1767653462109,54,200,true,110,110,54
1767653462110,53,200,true,110,110,53
1767653462126,37,200,true,110,110,37
1767653462126,38,200,true,110,110,31
1767653462109,55,200,true,110,110,53
1767653462110,54,200,true,110,110,54
1767653462109,55,200,true,110,110,55
1767653462119,45,200,true,110,110,45
1767653462109,55,200,true,110,110,55
1767653462123,41,200,true,110,110,41
1767653462110,54,200,true,110,110,54
1767653462111,53,200,true,110,110,53
1767653462120,45,200,true,110,110,45
1767653462113,52,200,true,110,110,52
1767653462113,52,200,true,110,110,52
1767653462122,44,200,true,110,110,44
1767653462146,20,200,true,110,110,20
1767653462111,56,200,true,110,110,56
1767653462125,42,200,true,110,110,42
1767653462108,62,200,true,110,110,62
1767653462138,33,200,true,110,110,33
1767653462126,45,200,true,110,110,45
1767653462124,48,200,true,110,110,48
1767653462113,59,200,true,110,110,59
1767653462110,63,200,true,110,110,63
1767653462127,46,200,true,110,110,46
1767653462125,48,200,true,110,110,45
1767653462110,63,200,true,110,110,63
1767653462125,48,200,true,110,110,48
1767653462124,50,200,true,110,110,50
1767653462111,63,200,true,110,110,63
1767653462113,61,200,true,110,110,61
1767653462139,38,200,true,110,110,38
1767653462110,68,200,true,110,110,68
1767653462139,39,200,true,110,110,39
1767653462110,68,200,true,110,110,68
1767653462139,39,200,true,110,110,39
1767653462125,53,200,true,110,110,53
1767653462139,39,200,true,110,110,39
1767653462126,52,200,true,110,110,52
1767653462123,56,200,true,110,110,55
1767653462125,54,200,true,110,110,54
1767653462144,35,200,true,110,110,35
1767653462107,72,200,true,110,110,72
1767653462127,52,200,true,110,110,52
1767653462125,55,200,true,110,110,55
1767653462119,61,200,true,110,110,61
1767653462120,60,200,true,110,110,60
1767653462122,58,200,true,110,110,58
1767653462138,42,200,true,110,110,42
1767653462112,69,200,true,110,110,69
1767653462155,26,200,true,110,110,26
1767653462107,74,200,true,110,110,74
1767653462139,42,200,true,110,110,42
1767653462156,26,200,true,110,110,26
1767653462160,22,200,true,110,110,22
1767653462157,26,200,true,110,110,26
1767653462164,19,200,true,110,110,19
1767653462108,78,200,true,110,110,78
1767653462109,77,200,true,110,110,77
1767653462126,63,200,true,110,110,63
1767653462163,26,200,true,110,110,26
1767653462156,33,200,true,110,110,33
1767653462144,46,200,true,110,110,46
1767653462145,45,200,true,110,110,45
1767653462156,34,200,true,110,110,34
1767653462156,34,200,true,110,110,34
1767653462161,29,200,true,110,110,29
1767653462163,28,200,true,110,110,28
1767653462160,31,200,true,110,110,31
1767653462163,28,200,true,110,110,28
1767653462161,30,200,true,110,110,30
1767653462161,30,200,true,110,110,30
1767653462161,30,200,true,110,110,30
1767653462155,36,200,true,110,110,36
1767653462161,30,200,true,110,110,30
1767653462156,35,200,true,110,110,35
1767653462160,31,200,true,110,110,31
1767653462156,35,200,true,110,110,35
1767653462160,32,200,true,110,110,32
1767653462156,36,200,true,110,110,36
1767653462160,32,200,true,110,110,32
1767653462155,37,200,true,110,110,37
1767653462155,37,200,true,110,110,37
1767653462159,33,200,true,110,110,33
1767653462157,35,200,true,110,110,35
1767653462159,33,200,true,110,110,33
1767653462163,29,200,true,110,110,29
1767653462156,36,200,true,110,110,36
1767653462164,28,200,true,110,110,28
1767653462160,32,200,true,110,110,32
1767653462160,32,200,true,110,110,32
1767653462156,37,200,true,110,110,37
1767653462122,71,200,true,110,110,71
1767653462157,36,200,true,110,110,36
1767653462163,30,200,true,110,110,30
1767653462157,37,200,true,110,110,37
1767653462160,36,200,true,110,110,33
1767653462156,41,200,true,110,110,41
1767653462164,33,200,true,110,110,32
1767653462158,39,200,true,110,110,39
1767653462161,48,200,true,110,110,48
1767653462160,51,200,true,110,110,51
1767653462162,50,200,true,110,110,50
1767653462159,53,200,true,110,110,53
1767653462161,51,200,true,110,110,51
1767653462164,49,200,true,110,110,49
1767653462164,49,200,true,110,110,49
1767653462158,55,200,true,110,110,55
1767653462162,51,200,true,110,110,51
1767653462164,50,200,true,110,110,50
1767653462172,42,200,true,110,110,42
1767653462166,48,200,true,110,110,48
1767653462167,47,200,true,110,110,47
1767653462164,50,200,true,110,110,50
1767653462172,42,200,true,110,110,42
1767653462171,43,200,true,110,110,43
1767653462173,41,200,true,110,110,41
1767653462164,51,200,true,110,110,51
1767653462156,60,200,true,110,110,60
1767653462164,52,200,true,110,110,51
1767653462155,61,200,true,110,110,60
1767653462165,55,200,true,110,110,49
1767653462155,65,200,true,110,110,62
1767653462171,50,200,true,110,110,50
1767653462160,61,200,true,110,110,61
1767653462173,48,200,true,110,110,48
1767653462173,50,200,true,110,110,50
1767653462190,33,200,true,110,110,33
1767653462178,45,200,true,110,110,45
1767653462178,45,200,true,110,110,45
1767653462179,45,200,true,110,110,45
1767653462167,57,200,true,110,110,57
1767653462181,43,200,true,110,110,43
1767653462183,41,200,true,110,110,41
1767653462187,37,200,true,110,110,37
1767653462163,61,200,true,110,110,61
1767653462165,60,200,true,110,110,60
1767653462165,60,200,true,110,110,60
1767653462166,59,200,true,110,110,59
1767653462163,62,200,true,110,110,62
1767653462174,51,200,true,110,110,51
1767653462178,47,200,true,110,110,47
1767653462175,50,200,true,110,110,50
1767653462179,47,200,true,110,110,47
1767653462170,57,200,true,110,110,57
1767653462162,65,200,true,110,110,65
1767653462192,44,200,true,110,110,44
1767653462174,62,200,true,110,110,62
1767653462173,64,200,true,110,110,64
1767653462162,75,200,true,110,110,75
1767653462173,64,200,true,110,110,64
1767653462197,40,200,true,110,110,40
1767653462194,43,200,true,110,110,43
1767653462209,28,200,true,110,110,28
1767653462191,46,200,true,110,110,46
1767653462192,45,200,true,110,110,45
1767653462193,44,200,true,110,110,44
1767653462193,45,200,true,110,110,45
1767653462178,60,200,true,110,110,60
1767653462197,41,200,true,110,110,41
1767653462191,47,200,true,110,110,47
1767653462196,42,200,true,110,110,42
1767653462192,46,200,true,110,110,46
1767653462181,57,200,true,110,110,57
1767653462197,41,200,true,110,110,41
1767653462213,26,200,true,110,110,26
1767653462214,25,200,true,110,110,25
1767653462214,25,200,true,110,110,25
1767653462211,29,200,true,110,110,29
1767653462213,27,200,true,110,110,27
1767653462192,48,200,true,110,110,48
1767653462189,51,200,true,110,110,51
1767653462192,50,200,true,110,110,50
1767653462191,51,200,true,110,110,51
1767653462190,52,200,true,110,110,52
1767653462191,51,200,true,110,110,51
1767653462178,64,200,true,110,110,64
1767653462191,52,200,true,110,110,52
1767653462192,51,200,true,110,110,51
1767653462223,21,200,true,110,110,21
1767653462192,52,200,true,110,110,52
1767653462186,58,200,true,110,110,58
1767653462192,52,200,true,110,110,52
1767653462193,51,200,true,110,110,51
1767653462191,53,200,true,110,110,53
1767653462192,52,200,true,110,110,52
1767653462190,54,200,true,110,110,54
1767653462192,52,200,true,110,110,52
1767653462191,54,200,true,110,110,54
1767653462179,66,200,true,110,110,66
1767653462192,53,200,true,110,110,53
1767653462177,68,200,true,110,110,68
1767653462191,54,200,true,110,110,54
1767653462179,66,200,true,110,110,66
1767653462180,66,200,true,110,110,66
1767653462190,56,200,true,110,110,56
1767653462193,53,200,true,110,110,50
1767653462179,67,200,true,110,110,67
1767653462183,63,200,true,110,110,63
1767653462182,64,200,true,110,110,64
1767653462192,54,200,true,110,110,54
1767653462191,55,200,true,110,110,51
1767653462192,54,200,true,110,110,54
1767653462192,54,200,true,110,110,54
1767653462180,66,200,true,110,110,66
1767653462178,68,200,true,110,110,68
1767653462191,56,200,true,110,110,53
1767653462181,66,200,true,110,110,66
1767653462189,58,200,true,110,110,49
1767653462183,64,200,true,110,110,64
1767653462180,68,200,true,110,110,65
1767653462178,70,200,true,110,110,70
1767653462183,65,200,true,110,110,59
1767653462180,68,200,true,110,110,67
1767653462189,59,200,true,110,110,55
1767653462212,37,200,true,110,110,37
1767653462180,69,200,true,110,110,65
1767653462190,59,200,true,110,110,59
1767653462221,32,200,true,110,110,31
1767653462216,38,200,true,110,110,38
1767653462220,34,200,true,110,110,34
1767653462225,29,200,true,110,110,29
1767653462224,30,200,true,110,110,30
1767653462221,33,200,true,110,110,33
1767653462212,42,200,true,110,110,42
1767653462226,29,200,true,110,110,29
1767653462223,38,200,true,110,110,38
1767653462216,46,200,true,110,110,46
1767653462212,51,200,true,110,110,51
1767653462215,48,200,true,110,110,48
1767653462216,47,200,true,110,110,47
1767653462213,50,200,true,110,110,50
1767653462227,36,200,true,110,110,36
1767653462228,36,200,true,110,110,36
1767653462225,39,200,true,110,110,39
1767653462214,50,200,true,110,110,50
1767653462224,40,200,true,110,110,40
1767653462225,39,200,true,110,110,39
1767653462215,49,200,true,110,110,49
1767653462221,43,200,true,110,110,43
1767653462214,50,200,true,110,110,50
1767653462214,50,200,true,110,110,50
1767653462225,39,200,true,110,110,39
1767653462224,40,200,true,110,110,40
1767653462224,41,200,true,110,110,41
1767653462225,40,200,true,110,110,40
1767653462226,39,200,true,110,110,39
1767653462223,42,200,true,110,110,42
1767653462225,41,200,true,110,110,41
1767653462221,45,200,true,110,110,45
1767653462224,44,200,true,110,110,44
1767653462223,46,200,true,110,110,45
1767653462224,45,200,true,110,110,45
1767653462238,33,200,true,110,110,33
1767653462214,57,200,true,110,110,57
1767653462238,33,200,true,110,110,33
1767653462244,27,200,true,110,110,27
1767653462238,33,200,true,110,110,33
1767653462246,25,200,true,110,110,25
1767653462238,34,200,true,110,110,34
1767653462245,27,200,true,110,110,27
1767653462238,34,200,true,110,110,34
1767653462244,28,200,true,110,110,28
1767653462238,35,200,true,110,110,35
1767653462243,30,200,true,110,110,30
1767653462246,27,200,true,110,110,27
1767653462238,35,200,true,110,110,35
1767653462245,29,200,true,110,110,28
1767653462246,28,200,true,110,110,28
1767653462246,28,200,true,110,110,28
1767653462246,28,200,true,110,110,28
1767653462243,31,200,true,110,110,28
1767653462246,28,200,true,110,110,28
1767653462239,35,200,true,110,110,35
1767653462243,31,200,true,110,110,31
1767653462237,38,200,true,110,110,38
1767653462237,38,200,true,110,110,38
1767653462238,37,200,true,110,110,37
1767653462238,37,200,true,110,110,37
1767653462239,36,200,true,110,110,36
1767653462242,33,200,true,110,110,33
1767653462242,33,200,true,110,110,33
1767653462237,38,200,true,110,110,38
1767653462244,31,200,true,110,110,31
1767653462240,35,200,true,110,110,35
1767653462239,36,200,true,110,110,36
1767653462236,39,200,true,110,110,39
1767653462238,37,200,true,110,110,37
1767653462240,35,200,true,110,110,35
1767653462245,31,200,true,110,110,31
1767653462214,62,200,true,110,110,62
1767653462213,63,200,true,110,110,63
1767653462247,29,200,true,110,110,29
1767653462244,32,200,true,110,110,32
1767653462242,34,200,true,110,110,34
1767653462237,39,200,true,110,110,39
1767653462245,31,200,true,110,110,31
1767653462247,30,200,true,110,110,30
1767653462246,31,200,true,110,110,31
1767653462244,33,200,true,110,110,33
1767653462244,33,200,true,110,110,33
1767653462242,35,200,true,110,110,35
1767653462240,37,200,true,110,110,37
1767653462245,33,200,true,110,110,33
1767653462244,34,200,true,110,110,34
1767653462236,42,200,true,110,110,42
1767653462244,34,200,true,110,110,34
1767653462237,42,200,true,110,110,42
1767653462246,34,200,true,110,110,34
1767653462240,42,200,true,110,110,42
1767653462269,27,200,true,110,110,27
1767653462264,33,200,true,110,110,33
1767653462249,48,200,true,110,110,48
1767653462246,51,200,true,110,110,51
1767653462263,34,200,true,110,110,34
1767653462265,32,200,true,110,110,32
1767653462245,52,200,true,110,110,52
1767653462246,51,200,true,110,110,51
1767653462248,49,200,true,110,110,49
1767653462237,61,200,true,110,110,61
1767653462254,44,200,true,110,110,44
1767653462248,50,200,true,110,110,50
1767653462254,44,200,true,110,110,44
1767653462264,34,200,true,110,110,34
1767653462255,43,200,true,110,110,43
1767653462264,34,200,true,110,110,34
1767653462246,52,200,true,110,110,52
1767653462261,37,200,true,110,110,37
1767653462266,34,200,true,110,110,34
1767653462254,46,200,true,110,110,46
1767653462265,36,200,true,110,110,36
1767653462269,32,200,true,110,110,32
1767653462265,37,200,true,110,110,37
1767653462263,39,200,true,110,110,39
1767653462254,48,200,true,110,110,48
1767653462264,38,200,true,110,110,38
1767653462262,40,200,true,110,110,40
1767653462264,39,200,true,110,110,38
1767653462264,39,200,true,110,110,39
1767653462266,38,200,true,110,110,37
1767653462264,40,200,true,110,110,40
1767653462265,39,200,true,110,110,37
1767653462254,51,200,true,110,110,51
1767653462254,52,200,true,110,110,52
1767653462253,53,200,true,110,110,53
1767653462268,38,200,true,110,110,38
1767653462249,58,200,true,110,110,58
1767653462248,59,200,true,110,110,59
1767653462249,58,200,true,110,110,58
1767653462264,43,200,true,110,110,43
1767653462264,43,200,true,110,110,43
1767653462264,43,200,true,110,110,43
1767653462248,60,200,true,110,110,60
1767653462271,39,200,true,110,110,39
1767653462274,36,200,true,110,110,36
1767653462275,36,200,true,110,110,36
1767653462275,37,200,true,110,110,37
1767653462275,37,200,true,110,110,37
1767653462278,34,200,true,110,110,34
1767653462272,41,200,true,110,110,41
1767653462276,41,200,true,110,110,41
1767653462277,40,200,true,110,110,40
1767653462274,43,200,true,110,110,43
1767653462272,46,200,true,110,110,46
1767653462276,43,200,true,110,110,43
1767653462263,56,200,true,110,110,56
1767653462275,44,200,true,110,110,44
1767653462263,56,200,true,110,110,56
1767653462244,75,200,true,110,110,75
1767653462277,42,200,true,110,110,42
1767653462275,44,200,true,110,110,44
1767653462264,56,200,true,110,110,56
1767653462249,71,200,true,110,110,71
1767653462274,46,200,true,110,110,46
1767653462247,73,200,true,110,110,73
1767653462271,49,200,true,110,110,49
1767653462247,74,200,true,110,110,74
1767653462272,49,200,true,110,110,49
1767653462237,84,200,true,110,110,84
1767653462248,73,200,true,110,110,70
1767653462263,60,200,true,110,110,60
1767653462274,49,200,true,110,110,49
1767653462277,47,200,true,110,110,47
1767653462273,59,200,true,110,110,58
1767653462274,59,200,true,110,110,59
1767653462273,60,200,true,110,110,60
1767653462271,62,200,true,110,110,62
1767653462275,59,200,true,110,110,59
1767653462273,63,200,true,110,110,63
1767653462277,60,200,true,110,110,60
1767653462274,63,200,true,110,110,63
1767653462275,62,200,true,110,110,62
1767653462272,65,200,true,110,110,65
1767653462277,60,200,true,110,110,60
1767653462271,67,200,true,110,110,67
1767653462282,56,200,true,110,110,56
1767653462274,64,200,true,110,110,64
1767653462298,40,200,true,110,110,40
1767653462275,63,200,true,110,110,63
1767653462276,62,200,true,110,110,62
1767653462277,61,200,true,110,110,61
1767653462271,68,200,true,110,110,68
1767653462276,63,200,true,110,110,63
1767653462275,65,200,true,110,110,65
1767653462303,37,200,true,110,110,37
1767653462276,64,200,true,110,110,64
1767653462275,65,200,true,110,110,65
1767653462307,33,200,true,110,110,33
1767653462278,62,200,true,110,110,62
1767653462275,65,200,true,110,110,65
1767653462279,61,200,true,110,110,61
1767653462276,64,200,true,110,110,64
1767653462276,64,200,true,110,110,64
1767653462307,34,200,true,110,110,34
1767653462278,64,200,true,110,110,64
1767653462300,42,200,true,110,110,42
1767653462297,45,200,true,110,110,45
1767653462307,36,200,true,110,110,36
1767653462298,45,200,true,110,110,45
1767653462273,70,200,true,110,110,70
1767653462304,40,200,true,110,110,39
1767653462275,69,200,true,110,110,69
1767653462280,64,200,true,110,110,64
1767653462306,38,200,true,110,110,38
1767653462304,40,200,true,110,110,40
1767653462275,69,200,true,110,110,69
1767653462298,46,200,true,110,110,46
1767653462271,73,200,true,110,110,73
1767653462303,42,200,true,110,110,42
1767653462275,70,200,true,110,110,70
1767653462275,72,200,true,110,110,72
1767653462276,71,200,true,110,110,71
1767653462297,50,200,true,110,110,50
1767653462307,40,200,true,110,110,40
1767653462306,42,200,true,110,110,42
1767653462278,70,200,true,110,110,70
1767653462297,57,200,true,110,110,57
1767653462302,54,200,true,110,110,54
1767653462304,53,200,true,110,110,53
1767653462301,56,200,true,110,110,56
1767653462297,60,200,true,110,110,60
1767653462306,51,200,true,110,110,51
1767653462298,59,200,true,110,110,59
1767653462307,50,200,true,110,110,50
1767653462303,54,200,true,110,110,54
1767653462312,45,200,true,110,110,45
1767653462313,45,200,true,110,110,45
1767653462308,50,200,true,110,110,50
1767653462340,20,200,true,110,110,20
1767653462310,50,200,true,110,110,50
1767653462297,63,200,true,110,110,63
1767653462319,41,200,true,110,110,41
1767653462332,28,200,true,110,110,28
1767653462298,63,200,true,110,110,63
1767653462337,24,200,true,110,110,24
1767653462302,59,200,true,110,110,59
1767653462311,51,200,true,110,110,51
1767653462317,45,200,true,110,110,45
1767653462318,44,200,true,110,110,44
1767653462337,26,200,true,110,110,26
1767653462338,25,200,true,110,110,25
1767653462319,44,200,true,110,110,44
1767653462297,66,200,true,110,110,66
1767653462302,62,200,true,110,110,62
1767653462301,63,200,true,110,110,63
1767653462298,67,200,true,110,110,66
1767653462298,67,200,true,110,110,67
1767653462319,54,200,true,110,110,54
1767653462336,37,200,true,110,110,37
1767653462340,34,200,true,110,110,33
1767653462300,74,200,true,110,110,74
1767653462311,63,200,true,110,110,63
1767653462337,37,200,true,110,110,37
1767653462333,41,200,true,110,110,41
1767653462317,57,200,true,110,110,57
1767653462340,35,200,true,110,110,35
1767653462338,37,200,true,110,110,37
1767653462340,36,200,true,110,110,36
1767653462298,78,200,true,110,110,78
1767653462338,38,200,true,110,110,38
1767653462338,38,200,true,110,110,38
1767653462324,52,200,true,110,110,52
1767653462298,78,200,true,110,110,78
1767653462312,65,200,true,110,110,64
1767653462296,81,200,true,110,110,81
1767653462297,80,200,true,110,110,80
1767653462321,56,200,true,110,110,56
1767653462321,56,200,true,110,110,56
1767653462306,71,200,true,110,110,71
1767653462320,57,200,true,110,110,57
1767653462312,65,200,true,110,110,61
1767653462323,54,200,true,110,110,54
1767653462337,41,200,true,110,110,41
1767653462320,58,200,true,110,110,58
1767653462320,58,200,true,110,110,58
1767653462302,80,200,true,110,110,80
1767653462320,62,200,true,110,110,62
1767653462307,79,200,true,110,110,79
1767653462337,49,200,true,110,110,49
1767653462319,67,200,true,110,110,67
1767653462338,48,200,true,110,110,48
1767653462344,43,200,true,110,110,43
1767653462347,40,200,true,110,110,40
1767653462357,30,200,true,110,110,30
1767653462317,70,200,true,110,110,70
1767653462320,67,200,true,110,110,67
1767653462321,68,200,true,110,110,67
1767653462321,69,200,true,110,110,66
1767653462338,52,200,true,110,110,52
1767653462333,57,200,true,110,110,57
1767653462339,53,200,true,110,110,53
1767653462341,51,200,true,110,110,51
1767653462323,69,200,true,110,110,69
1767653462319,73,200,true,110,110,71
1767653462339,54,200,true,110,110,53
1767653462340,53,200,true,110,110,53
1767653462340,53,200,true,110,110,53
1767653462344,49,200,true,110,110,49
1767653462320,74,200,true,110,110,74
1767653462362,32,200,true,110,110,32
1767653462361,33,200,true,110,110,33
1767653462342,53,200,true,110,110,53
1767653462360,35,200,true,110,110,35
1767653462333,62,200,true,110,110,62
1767653462344,51,200,true,110,110,51
1767653462340,55,200,true,110,110,55
1767653462344,51,200,true,110,110,51
1767653462344,51,200,true,110,110,51
1767653462354,41,200,true,110,110,41
1767653462320,75,200,true,110,110,75
1767653462345,50,200,true,110,110,50
1767653462340,56,200,true,110,110,56
1767653462345,51,200,true,110,110,51
1767653462344,52,200,true,110,110,52
1767653462347,49,200,true,110,110,49
1767653462347,49,200,true,110,110,49
1767653462334,62,200,true,110,110,62
1767653462348,48,200,true,110,110,48
1767653462343,53,200,true,110,110,53
1767653462365,31,200,true,110,110,31
1767653462348,48,200,true,110,110,48
1767653462361,35,200,true,110,110,35
1767653462373,23,200,true,110,110,23
1767653462340,56,200,true,110,110,56
1767653462364,32,200,true,110,110,32
1767653462362,34,200,true,110,110,34
1767653462357,40,200,true,110,110,40
1767653462363,34,200,true,110,110,34
1767653462347,50,200,true,110,110,50
1767653462342,55,200,true,110,110,55
1767653462363,34,200,true,110,110,34
1767653462345,52,200,true,110,110,52
1767653462363,34,200,true,110,110,34
1767653462358,39,200,true,110,110,39
1767653462342,55,200,true,110,110,55
1767653462363,34,200,true,110,110,34
1767653462341,56,200,true,110,110,56
1767653462338,59,200,true,110,110,59
1767653462344,53,200,true,110,110,53
1767653462344,53,200,true,110,110,53
1767653462356,41,200,true,110,110,41
1767653462343,54,200,true,110,110,54
1767653462298,99,200,true,110,110,97
1767653462361,37,200,true,110,110,37
1767653462360,38,200,true,110,110,38
1767653462363,35,200,true,110,110,35
1767653462365,33,200,true,110,110,33
1767653462374,25,200,true,110,110,25
1767653462357,42,200,true,110,110,42
1767653462375,24,200,true,110,110,24
1767653462374,25,200,true,110,110,25
1767653462373,26,200,true,110,110,26
1767653462376,23,200,true,110,110,23
1767653462360,40,200,true,110,110,40
1767653462376,24,200,true,110,110,24
1767653462357,43,200,true,110,110,43
1767653462357,43,200,true,110,110,43
1767653462359,41,200,true,110,110,41
1767653462357,43,200,true,110,110,43
1767653462361,39,200,true,110,110,39
1767653462374,26,200,true,110,110,26
1767653462357,43,200,true,110,110,43
1767653462361,40,200,true,110,110,40
1767653462376,25,200,true,110,110,25
1767653462357,44,200,true,110,110,44
1767653462364,37,200,true,110,110,34
1767653462375,33,200,true,110,110,33
1767653462376,32,200,true,110,110,32
1767653462382,28,200,true,110,110,28
1767653462377,33,200,true,110,110,33
1767653462376,34,200,true,110,110,34
1767653462378,32,200,true,110,110,32
1767653462378,33,200,true,110,110,33
1767653462377,34,200,true,110,110,34
1767653462382,30,200,true,110,110,30
1767653462386,26,200,true,110,110,26
1767653462387,25,200,true,110,110,25
1767653462375,37,200,true,110,110,37
1767653462378,34,200,true,110,110,34
1767653462377,35,200,true,110,110,35
1767653462377,36,200,true,110,110,36
1767653462377,36,200,true,110,110,36
1767653462376,37,200,true,110,110,37
1767653462374,39,200,true,110,110,39
1767653462386,27,200,true,110,110,27
1767653462377,36,200,true,110,110,36
1767653462387,27,200,true,110,110,27
1767653462377,37,200,true,110,110,37
1767653462377,37,200,true,110,110,37
1767653462377,37,200,true,110,110,37
1767653462387,27,200,true,110,110,27
1767653462374,40,200,true,110,110,40
1767653462386,29,200,true,110,110,28
1767653462387,28,200,true,110,110,28
1767653462396,20,200,true,110,110,20
1767653462390,26,200,true,110,110,26
1767653462390,27,200,true,110,110,26
1767653462392,30,200,true,110,110,30
1767653462389,33,200,true,110,110,33
1767653462396,26,200,true,110,110,26
1767653462395,27,200,true,110,110,27
1767653462392,30,200,true,110,110,30
1767653462395,28,200,true,110,110,28
1767653462395,33,200,true,110,110,33
1767653462396,32,200,true,110,110,32
1767653462399,29,200,true,110,110,29
1767653462395,33,200,true,110,110,33
1767653462396,33,200,true,110,110,33
1767653462387,42,200,true,110,110,42
1767653462387,42,200,true,110,110,41
1767653462397,32,200,true,110,110,32
1767653462397,32,200,true,110,110,32
1767653462390,39,200,true,110,110,39
1767653462394,36,200,true,110,110,36
1767653462399,35,200,true,110,110,35
1767653462397,38,200,true,110,110,38
1767653462396,39,200,true,110,110,39
1767653462392,44,200,true,110,110,44
1767653462397,39,200,true,110,110,39
1767653462396,40,200,true,110,110,40
1767653462400,36,200,true,110,110,36
1767653462395,41,200,true,110,110,41
1767653462401,35,200,true,110,110,35
1767653462411,25,200,true,110,110,25
1767653462399,38,200,true,110,110,38
1767653462410,27,200,true,110,110,27
1767653462400,37,200,true,110,110,37
1767653462412,25,200,true,110,110,25
1767653462395,42,200,true,110,110,42
1767653462392,45,200,true,110,110,45
1767653462414,23,200,true,110,110,23
1767653462398,39,200,true,110,110,39
1767653462408,30,200,true,110,110,30
1767653462400,38,200,true,110,110,38
1767653462397,41,200,true,110,110,41
1767653462394,45,200,true,110,110,45
1767653462399,40,200,true,110,110,40
1767653462395,45,200,true,110,110,45
1767653462397,43,200,true,110,110,43
1767653462394,46,200,true,110,110,45
1767653462398,42,200,true,110,110,42
1767653462410,30,200,true,110,110,29
1767653462397,43,200,true,110,110,41
1767653462396,44,200,true,110,110,43
1767653462397,43,200,true,110,110,42
1767653462412,28,200,true,110,110,28
1767653462396,44,200,true,110,110,43
1767653462396,45,200,true,110,110,43
1767653462396,45,200,true,110,110,43
1767653462393,48,200,true,110,110,47
1767653462408,33,200,true,110,110,33
1767653462400,55,200,true,110,110,55
1767653462397,58,200,true,110,110,58
1767653462400,56,200,true,110,110,56
1767653462393,63,200,true,110,110,63
1767653462397,59,200,true,110,110,59
1767653462400,57,200,true,110,110,57
1767653462396,61,200,true,110,110,61
1767653462411,46,200,true,110,110,46
1767653462397,60,200,true,110,110,60
1767653462396,61,200,true,110,110,61
1767653462422,35,200,true,110,110,35
1767653462397,60,200,true,110,110,60
1767653462401,56,200,true,110,110,56
1767653462399,58,200,true,110,110,58
1767653462416,41,200,true,110,110,41
1767653462393,64,200,true,110,110,64
1767653462397,60,200,true,110,110,60
1767653462397,61,200,true,110,110,61
1767653462397,61,200,true,110,110,61
1767653462416,42,200,true,110,110,42
1767653462412,46,200,true,110,110,46
1767653462413,45,200,true,110,110,45
1767653462397,61,200,true,110,110,61
1767653462410,48,200,true,110,110,48
1767653462415,43,200,true,110,110,43
1767653462393,65,200,true,110,110,65
1767653462397,61,200,true,110,110,61
1767653462422,36,200,true,110,110,36
1767653462399,59,200,true,110,110,59
1767653462422,36,200,true,110,110,36
1767653462414,45,200,true,110,110,44
1767653462398,61,200,true,110,110,60
1767653462413,46,200,true,110,110,46
1767653462422,37,200,true,110,110,37
1767653462413,46,200,true,110,110,46
1767653462397,62,200,true,110,110,62
1767653462415,44,200,true,110,110,44
1767653462411,48,200,true,110,110,47
1767653462414,45,200,true,110,110,45
1767653462412,47,200,true,110,110,47
1767653462396,63,200,true,110,110,63
1767653462395,64,200,true,110,110,64
1767653462395,66,200,true,110,110,66
1767653462412,49,200,true,110,110,49
1767653462395,67,200,true,110,110,67
1767653462401,61,200,true,110,110,61
1767653462401,62,200,true,110,110,62
1767653462413,50,200,true,110,110,47
1767653462414,49,200,true,110,110,49
1767653462401,62,200,true,110,110,62
1767653462436,27,200,true,110,110,27
1767653462400,63,200,true,110,110,63
1767653462440,23,200,true,110,110,23
1767653462413,50,200,true,110,110,50
1767653462397,66,200,true,110,110,66
1767653462414,49,200,true,110,110,47
1767653462428,35,200,true,110,110,35
1767653462412,51,200,true,110,110,51
1767653462429,34,200,true,110,110,34
1767653462436,28,200,true,110,110,28
1767653462422,42,200,true,110,110,42
1767653462428,36,200,true,110,110,36
1767653462437,27,200,true,110,110,27
1767653462435,29,200,true,110,110,29
1767653462436,28,200,true,110,110,28
1767653462441,23,200,true,110,110,23
1767653462440,24,200,true,110,110,24
1767653462440,24,200,true,110,110,24
1767653462417,47,200,true,110,110,47
1767653462429,35,200,true,110,110,35
1767653462428,36,200,true,110,110,36
1767653462438,26,200,true,110,110,26
1767653462400,64,200,true,110,110,64
1767653462436,28,200,true,110,110,28
1767653462399,65,200,true,110,110,63
1767653462438,27,200,true,110,110,27
1767653462437,28,200,true,110,110,28
1767653462429,36,200,true,110,110,36
1767653462414,51,200,true,110,110,43
1767653462437,28,200,true,110,110,28
1767653462413,52,200,true,110,110,43
1767653462429,36,200,true,110,110,36
1767653462423,42,200,true,110,110,42
1767653462436,29,200,true,110,110,29
1767653462429,36,200,true,110,110,36
1767653462440,25,200,true,110,110,25
1767653462440,25,200,true,110,110,25
1767653462436,30,200,true,110,110,30
1767653462455,11,200,true,110,110,11
1767653462440,26,200,true,110,110,26
1767653462430,36,200,true,110,110,36
1767653462435,31,200,true,110,110,31
1767653462437,29,200,true,110,110,29
1767653462440,26,200,true,110,110,26
1767653462437,29,200,true,110,110,29
1767653462437,29,200,true,110,110,29
1767653462440,27,200,true,110,110,27
1767653462441,26,200,true,110,110,26
1767653462437,30,200,true,110,110,30
1767653462439,28,200,true,110,110,28
1767653462434,33,200,true,110,110,33
1767653462429,38,200,true,110,110,38
1767653462429,38,200,true,110,110,38
1767653462438,32,200,true,110,110,32
1767653462440,30,200,true,110,110,30
1767653462440,31,200,true,110,110,31
1767653462439,32,200,true,110,110,32
1767653462437,34,200,true,110,110,34
1767653462441,30,200,true,110,110,30
1767653462437,34,200,true,110,110,34
1767653462441,31,200,true,110,110,31
1767653462457,26,200,true,110,110,26
1767653462459,24,200,true,110,110,24
1767653462463,20,200,true,110,110,20
1767653462464,19,200,true,110,110,19
1767653462457,27,200,true,110,110,27
1767653462458,27,200,true,110,110,27
1767653462458,27,200,true,110,110,27
1767653462463,24,200,true,110,110,24
1767653462456,31,200,true,110,110,31
1767653462458,29,200,true,110,110,29
1767653462457,30,200,true,110,110,30
1767653462465,22,200,true,110,110,22
1767653462458,29,200,true,110,110,29
1767653462459,29,200,true,110,110,29
1767653462465,23,200,true,110,110,23
1767653462464,24,200,true,110,110,24
1767653462457,31,200,true,110,110,31
1767653462463,25,200,true,110,110,25
1767653462459,29,200,true,110,110,29
1767653462463,25,200,true,110,110,25
1767653462464,24,200,true,110,110,24
1767653462464,24,200,true,110,110,24
1767653462464,24,200,true,110,110,24
1767653462459,29,200,true,110,110,29
1767653462465,29,200,true,110,110,29
1767653462463,31,200,true,110,110,31
1767653462463,31,200,true,110,110,31
1767653462457,37,200,true,110,110,37
1767653462464,30,200,true,110,110,30
1767653462457,39,200,true,110,110,39
1767653462462,34,200,true,110,110,34
1767653462458,38,200,true,110,110,38
1767653462457,39,200,true,110,110,39
1767653462459,37,200,true,110,110,35
1767653462459,37,200,true,110,110,37
1767653462465,33,200,true,110,110,33
1767653462464,34,200,true,110,110,34
1767653462458,41,200,true,110,110,41
1767653462464,35,200,true,110,110,35
1767653462458,41,200,true,110,110,41
1767653462463,36,200,true,110,110,36
1767653462464,40,200,true,110,110,40
1767653462465,39,200,true,110,110,39
1767653462458,46,200,true,110,110,46
1767653462463,41,200,true,110,110,41
1767653462464,40,200,true,110,110,40
1767653462464,40,200,true,110,110,40
1767653462458,46,200,true,110,110,46
1767653462458,46,200,true,110,110,46
1767653462464,40,200,true,110,110,40
1767653462459,45,200,true,110,110,45
1767653462459,46,200,true,110,110,46
1767653462465,40,200,true,110,110,40
1767653462464,41,200,true,110,110,41
1767653462457,48,200,true,110,110,48
1767653462464,41,200,true,110,110,41
1767653462462,43,200,true,110,110,43
1767653462463,43,200,true,110,110,43
1767653462457,49,200,true,110,110,49
1767653462455,51,200,true,110,110,51
1767653462459,48,200,true,110,110,48
1767653462464,43,200,true,110,110,43
1767653462471,40,200,true,110,110,40
1767653462465,47,200,true,110,110,47
1767653462472,40,200,true,110,110,40
1767653462466,46,200,true,110,110,46
1767653462467,45,200,true,110,110,45
1767653462471,41,200,true,110,110,41
1767653462456,56,200,true,110,110,56
1767653462466,46,200,true,110,110,46
1767653462464,48,200,true,110,110,48
1767653462470,42,200,true,110,110,42
1767653462466,46,200,true,110,110,46
1767653462467,45,200,true,110,110,45
1767653462471,41,200,true,110,110,41
1767653462466,46,200,true,110,110,46
1767653462466,47,200,true,110,110,46
1767653462465,48,200,true,110,110,48
1767653462467,46,200,true,110,110,46
1767653462466,47,200,true,110,110,47
1767653462470,43,200,true,110,110,43
1767653462467,46,200,true,110,110,46
1767653462471,42,200,true,110,110,42
1767653462458,55,200,true,110,110,55
1767653462467,46,200,true,110,110,46
1767653462471,42,200,true,110,110,42
1767653462464,49,200,true,110,110,49
1767653462466,47,200,true,110,110,47
1767653462461,52,200,true,110,110,52
1767653462466,47,200,true,110,110,47
1767653462467,47,200,true,110,110,47
1767653462459,55,200,true,110,110,55
1767653462457,57,200,true,110,110,57
1767653462459,55,200,true,110,110,55
1767653462457,57,200,true,110,110,57
1767653462467,47,200,true,110,110,47
1767653462463,51,200,true,110,110,51
1767653462458,56,200,true,110,110,56
1767653462466,53,200,true,110,110,52
1767653462465,54,200,true,110,110,53
1767653462465,54,200,true,110,110,54
1767653462463,56,200,true,110,110,55
1767653462459,61,200,true,110,110,61
1767653462465,55,200,true,110,110,54
1767653462457,63,200,true,110,110,62
1767653462456,64,200,true,110,110,63
1767653462466,54,200,true,110,110,53
1767653462459,62,200,true,110,110,60
1767653462461,60,200,true,110,110,58
1767653462465,57,200,true,110,110,57
1767653462498,25,200,true,110,110,25
1767653462487,36,200,true,110,110,36
1767653462496,41,200,true,110,110,41
1767653462496,41,200,true,110,110,41
1767653462488,49,200,true,110,110,49
1767653462488,50,200,true,110,110,50
1767653462487,52,200,true,110,110,51
1767653462487,53,200,true,110,110,53
1767653462488,53,200,true,110,110,52
1767653462487,54,200,true,110,110,54
1767653462504,38,200,true,110,110,38
1767653462488,54,200,true,110,110,54
1767653462504,38,200,true,110,110,38
1767653462494,48,200,true,110,110,48
1767653462499,43,200,true,110,110,43
1767653462488,54,200,true,110,110,54
1767653462485,57,200,true,110,110,57
1767653462504,39,200,true,110,110,39
1767653462483,60,200,true,110,110,60
1767653462487,56,200,true,110,110,56
1767653462494,49,200,true,110,110,49
1767653462504,39,200,true,110,110,39
1767653462496,47,200,true,110,110,47
1767653462488,55,200,true,110,110,55
1767653462483,60,200,true,110,110,60
1767653462499,45,200,true,110,110,45
1767653462485,59,200,true,110,110,59
1767653462494,50,200,true,110,110,50
1767653462499,45,200,true,110,110,45
1767653462504,40,200,true,110,110,40
1767653462496,48,200,true,110,110,48
1767653462483,61,200,true,110,110,61
1767653462499,45,200,true,110,110,45
1767653462494,50,200,true,110,110,50
1767653462496,48,200,true,110,110,48
1767653462487,58,200,true,110,110,58
1767653462488,58,200,true,110,110,58
1767653462488,58,200,true,110,110,58
1767653462496,51,200,true,110,110,51
1767653462488,59,200,true,110,110,59
1767653462498,49,200,true,110,110,49
1767653462484,64,200,true,110,110,64
1767653462506,42,200,true,110,110,42
1767653462513,35,200,true,110,110,35
1767653462505,43,200,true,110,110,43
1767653462505,43,200,true,110,110,43
1767653462504,44,200,true,110,110,44
1767653462512,36,200,true,110,110,36
1767653462504,44,200,true,110,110,44
1767653462513,36,200,true,110,110,36
1767653462513,36,200,true,110,110,36
1767653462488,61,200,true,110,110,61
1767653462505,44,200,true,110,110,43
1767653462514,35,200,true,110,110,35
1767653462504,45,200,true,110,110,45
1767653462513,36,200,true,110,110,36
1767653462494,55,200,true,110,110,55
1767653462505,45,200,true,110,110,45
1767653462504,46,200,true,110,110,46
1767653462506,44,200,true,110,110,44
1767653462483,68,200,true,110,110,68
1767653462488,66,200,true,110,110,66
1767653462506,48,200,true,110,110,48
1767653462504,51,200,true,110,110,50
1767653462505,53,200,true,110,110,51
1767653462512,46,200,true,110,110,46
1767653462512,49,200,true,110,110,49
1767653462519,42,200,true,110,110,42
1767653462540,21,200,true,110,110,21
1767653462508,54,200,true,110,110,54
1767653462512,50,200,true,110,110,50
1767653462512,50,200,true,110,110,50
1767653462519,44,200,true,110,110,44
1767653462513,50,200,true,110,110,50
1767653462514,49,200,true,110,110,49
1767653462519,44,200,true,110,110,44
1767653462513,51,200,true,110,110,51
1767653462512,52,200,true,110,110,52
1767653462513,51,200,true,110,110,51
1767653462523,41,200,true,110,110,41
1767653462512,52,200,true,110,110,52
1767653462512,52,200,true,110,110,52
1767653462512,52,200,true,110,110,52
1767653462514,50,200,true,110,110,50
1767653462514,50,200,true,110,110,50
1767653462514,50,200,true,110,110,50
1767653462523,41,200,true,110,110,41
1767653462512,52,200,true,110,110,52
1767653462522,42,200,true,110,110,42
1767653462513,52,200,true,110,110,52
1767653462520,45,200,true,110,110,45
1767653462505,60,200,true,110,110,60
1767653462507,58,200,true,110,110,58
1767653462520,45,200,true,110,110,45
1767653462513,52,200,true,110,110,52
1767653462520,45,200,true,110,110,45
1767653462538,27,200,true,110,110,27
1767653462537,28,200,true,110,110,28
1767653462513,52,200,true,110,110,52
1767653462521,44,200,true,110,110,44
1767653462513,53,200,true,110,110,53
1767653462513,53,200,true,110,110,53
1767653462520,46,200,true,110,110,46
1767653462513,55,200,true,110,110,55
1767653462512,56,200,true,110,110,56
1767653462539,30,200,true,110,110,30
1767653462514,55,200,true,110,110,55
1767653462537,32,200,true,110,110,32
1767653462514,55,200,true,110,110,55
1767653462521,48,200,true,110,110,48
1767653462520,49,200,true,110,110,45
1767653462512,58,200,true,110,110,58
1767653462519,51,200,true,110,110,50
1767653462514,56,200,true,110,110,56
1767653462513,57,200,true,110,110,57
1767653462512,58,200,true,110,110,58
1767653462512,58,200,true,110,110,58
1767653462537,34,200,true,110,110,34
1767653462544,28,200,true,110,110,28
1767653462548,24,200,true,110,110,24
1767653462548,24,200,true,110,110,24
1767653462543,29,200,true,110,110,29
1767653462543,29,200,true,110,110,29
1767653462542,30,200,true,110,110,30
1767653462546,26,200,true,110,110,26
1767653462544,28,200,true,110,110,28
1767653462542,31,200,true,110,110,31
1767653462544,30,200,true,110,110,30
1767653462544,30,200,true,110,110,30
1767653462544,31,200,true,110,110,30
1767653462542,33,200,true,110,110,33
1767653462548,27,200,true,110,110,27
1767653462547,28,200,true,110,110,28
1767653462541,34,200,true,110,110,34
1767653462544,32,200,true,110,110,32
1767653462542,34,200,true,110,110,34
1767653462543,34,200,true,110,110,34
1767653462545,32,200,true,110,110,32
1767653462543,34,200,true,110,110,34
1767653462543,34,200,true,110,110,34
1767653462544,33,200,true,110,110,33
1767653462543,34,200,true,110,110,34
1767653462545,32,200,true,110,110,32
1767653462541,36,200,true,110,110,36
1767653462543,34,200,true,110,110,34
1767653462542,35,200,true,110,110,35
1767653462542,35,200,true,110,110,35
1767653462549,28,200,true,110,110,24
1767653462544,33,200,true,110,110,33
1767653462544,34,200,true,110,110,33
1767653462548,30,200,true,110,110,30
1767653462548,30,200,true,110,110,30
1767653462548,31,200,true,110,110,30
1767653462551,29,200,true,110,110,29
1767653462562,18,200,true,110,110,18
1767653462558,22,200,true,110,110,22
1767653462561,20,200,true,110,110,20
1767653462550,31,200,true,110,110,31
1767653462549,32,200,true,110,110,32
1767653462558,23,200,true,110,110,23
1767653462550,31,200,true,110,110,31
1767653462550,31,200,true,110,110,31
1767653462549,32,200,true,110,110,32
1767653462562,19,200,true,110,110,19
1767653462561,21,200,true,110,110,21
1767653462549,33,200,true,110,110,33
1767653462549,33,200,true,110,110,33
1767653462561,21,200,true,110,110,21
1767653462547,36,200,true,110,110,36
1767653462547,36,200,true,110,110,36
1767653462549,34,200,true,110,110,34
1767653462554,29,200,true,110,110,29
1767653462548,36,200,true,110,110,36
1767653462554,30,200,true,110,110,30
1767653462562,22,200,true,110,110,22
1767653462549,36,200,true,110,110,36
1767653462546,39,200,true,110,110,39
1767653462549,37,200,true,110,110,37
1767653462548,38,200,true,110,110,38
1767653462543,43,200,true,110,110,43
1767653462555,34,200,true,110,110,34
1767653462542,47,200,true,110,110,44
1767653462564,40,200,true,110,110,40
1767653462564,40,200,true,110,110,40
1767653462565,40,200,true,110,110,40
1767653462565,42,200,true,110,110,42
1767653462566,41,200,true,110,110,41
1767653462566,41,200,true,110,110,41
1767653462569,38,200,true,110,110,38
1767653462564,44,200,true,110,110,44
1767653462564,45,200,true,110,110,45
1767653462569,40,200,true,110,110,40
1767653462564,46,200,true,110,110,46
1767653462565,45,200,true,110,110,45
1767653462565,45,200,true,110,110,45
1767653462564,46,200,true,110,110,46
1767653462569,41,200,true,110,110,41
1767653462565,46,200,true,110,110,46
1767653462564,47,200,true,110,110,47
1767653462564,47,200,true,110,110,47
1767653462568,43,200,true,110,110,43
1767653462564,47,200,true,110,110,47
1767653462563,48,200,true,110,110,48
1767653462565,46,200,true,110,110,46
1767653462565,46,200,true,110,110,46
1767653462570,42,200,true,110,110,42
1767653462570,42,200,true,110,110,42
1767653462569,43,200,true,110,110,43
1767653462570,42,200,true,110,110,42
1767653462563,49,200,true,110,110,49
1767653462569,43,200,true,110,110,43
1767653462570,42,200,true,110,110,42
1767653462563,49,200,true,110,110,49
1767653462570,43,200,true,110,110,43
1767653462565,48,200,true,110,110,48
1767653462564,49,200,true,110,110,49
1767653462564,49,200,true,110,110,49
1767653462564,49,200,true,110,110,49
1767653462564,49,200,true,110,110,49
1767653462565,48,200,true,110,110,48
1767653462569,44,200,true,110,110,44
1767653462566,47,200,true,110,110,47
1767653462568,46,200,true,110,110,46
1767653462563,51,200,true,110,110,47
1767653462566,48,200,true,110,110,47
1767653462565,49,200,true,110,110,49
1767653462575,45,200,true,110,110,45
1767653462573,47,200,true,110,110,47
1767653462577,43,200,true,110,110,43
1767653462581,39,200,true,110,110,39
1767653462579,41,200,true,110,110,41
1767653462577,43,200,true,110,110,43
1767653462577,43,200,true,110,110,43
1767653462575,46,200,true,110,110,46
1767653462577,44,200,true,110,110,44
1767653462577,44,200,true,110,110,44
1767653462578,43,200,true,110,110,43
1767653462580,41,200,true,110,110,41
1767653462576,45,200,true,110,110,45
1767653462572,49,200,true,110,110,49
1767653462572,49,200,true,110,110,49
1767653462572,50,200,true,110,110,50
1767653462576,46,200,true,110,110,46
1767653462580,42,200,true,110,110,42
1767653462577,45,200,true,110,110,45
1767653462584,39,200,true,110,110,39
1767653462574,49,200,true,110,110,49
1767653462583,40,200,true,110,110,40
1767653462577,46,200,true,110,110,46
1767653462571,52,200,true,110,110,52
1767653462577,46,200,true,110,110,46
1767653462575,48,200,true,110,110,48
1767653462570,53,200,true,110,110,53
1767653462572,51,200,true,110,110,51
1767653462575,48,200,true,110,110,48
1767653462572,51,200,true,110,110,51
1767653462572,52,200,true,110,110,52
1767653462577,47,200,true,110,110,47
1767653462583,41,200,true,110,110,41
1767653462574,50,200,true,110,110,50
1767653462577,47,200,true,110,110,47
1767653462577,47,200,true,110,110,47
1767653462572,52,200,true,110,110,52
1767653462582,43,200,true,110,110,42
1767653462581,44,200,true,110,110,43
1767653462586,42,200,true,110,110,42
1767653462584,44,200,true,110,110,40
1767653462583,48,200,true,110,110,43
1767653462581,52,200,true,110,110,52
1767653462577,56,200,true,110,110,56
1767653462577,56,200,true,110,110,56
1767653462584,49,200,true,110,110,49
1767653462583,50,200,true,110,110,50
1767653462585,48,200,true,110,110,48
1767653462585,48,200,true,110,110,48
1767653462581,52,200,true,110,110,52
1767653462572,61,200,true,110,110,61
1767653462578,55,200,true,110,110,55
1767653462578,55,200,true,110,110,55
1767653462607,26,200,true,110,110,26
1767653462610,24,200,true,110,110,24
1767653462611,23,200,true,110,110,23
1767653462611,23,200,true,110,110,23
1767653462613,21,200,true,110,110,21
1767653462581,53,200,true,110,110,53
1767653462611,23,200,true,110,110,23
1767653462589,45,200,true,110,110,45
1767653462612,22,200,true,110,110,22
1767653462582,52,200,true,110,110,52
1767653462605,29,200,true,110,110,29
1767653462610,24,200,true,110,110,24
1767653462604,30,200,true,110,110,30
1767653462611,24,200,true,110,110,24
1767653462581,54,200,true,110,110,54
1767653462586,49,200,true,110,110,49
1767653462580,55,200,true,110,110,55
1767653462581,54,200,true,110,110,54
1767653462583,53,200,true,110,110,53
1767653462604,32,200,true,110,110,32
1767653462582,55,200,true,110,110,55
1767653462581,59,200,true,110,110,59
1767653462576,64,200,true,110,110,64
1767653462586,54,200,true,110,110,48
1767653462590,50,200,true,110,110,47
1767653462612,30,200,true,110,110,30
1767653462607,35,200,true,110,110,35
1767653462610,32,200,true,110,110,32
1767653462607,35,200,true,110,110,35
1767653462608,34,200,true,110,110,34
1767653462609,33,200,true,110,110,33
1767653462611,31,200,true,110,110,31
1767653462610,33,200,true,110,110,33
1767653462611,32,200,true,110,110,32
1767653462611,32,200,true,110,110,32
1767653462612,31,200,true,110,110,31
1767653462607,36,200,true,110,110,36
1767653462610,33,200,true,110,110,33
1767653462613,30,200,true,110,110,30
1767653462612,31,200,true,110,110,31
1767653462609,34,200,true,110,110,34
1767653462613,30,200,true,110,110,30
1767653462614,29,200,true,110,110,29
1767653462614,29,200,true,110,110,29
1767653462612,31,200,true,110,110,31
1767653462613,30,200,true,110,110,30
1767653462613,30,200,true,110,110,30
1767653462613,30,200,true,110,110,30
1767653462614,29,200,true,110,110,29
1767653462613,31,200,true,110,110,31
1767653462614,30,200,true,110,110,30
1767653462612,32,200,true,110,110,32
1767653462611,33,200,true,110,110,33
1767653462613,31,200,true,110,110,31
1767653462613,31,200,true,110,110,31
1767653462612,33,200,true,110,110,33
1767653462612,33,200,true,110,110,33
1767653462623,36,200,true,110,110,36
1767653462620,39,200,true,110,110,39
1767653462623,36,200,true,110,110,36
1767653462623,48,200,true,110,110,48
1767653462620,51,200,true,110,110,51
1767653462628,43,200,true,110,110,43
1767653462624,47,200,true,110,110,47
1767653462621,50,200,true,110,110,50
1767653462622,49,200,true,110,110,49
1767653462625,46,200,true,110,110,46
1767653462623,49,200,true,110,110,49
1767653462623,49,200,true,110,110,49
1767653462624,48,200,true,110,110,48
1767653462624,48,200,true,110,110,48
1767653462624,48,200,true,110,110,48
1767653462633,39,200,true,110,110,39
1767653462620,52,200,true,110,110,52
1767653462622,51,200,true,110,110,51
1767653462635,38,200,true,110,110,38
1767653462623,50,200,true,110,110,50
1767653462620,53,200,true,110,110,53
1767653462643,30,200,true,110,110,30
1767653462624,49,200,true,110,110,49
1767653462624,49,200,true,110,110,49
1767653462628,45,200,true,110,110,45
1767653462640,34,200,true,110,110,34
1767653462623,51,200,true,110,110,51
1767653462622,52,200,true,110,110,52
1767653462633,41,200,true,110,110,41
1767653462621,53,200,true,110,110,53
1767653462621,53,200,true,110,110,53
1767653462633,41,200,true,110,110,41
1767653462620,54,200,true,110,110,54
1767653462621,53,200,true,110,110,53
1767653462623,51,200,true,110,110,51
1767653462621,53,200,true,110,110,53
1767653462625,49,200,true,110,110,49
1767653462620,54,200,true,110,110,54
1767653462623,52,200,true,110,110,52
1767653462621,54,200,true,110,110,54
1767653462624,51,200,true,110,110,51
1767653462623,52,200,true,110,110,52
1767653462621,54,200,true,110,110,54
1767653462622,53,200,true,110,110,53
1767653462635,40,200,true,110,110,40
1767653462621,54,200,true,110,110,54
1767653462643,33,200,true,110,110,33
1767653462623,53,200,true,110,110,53
1767653462643,33,200,true,110,110,33
1767653462634,42,200,true,110,110,42
1767653462643,33,200,true,110,110,33
1767653462643,33,200,true,110,110,33
1767653462635,41,200,true,110,110,41
1767653462634,42,200,true,110,110,42
1767653462635,41,200,true,110,110,41
1767653462634,43,200,true,110,110,43
1767653462634,43,200,true,110,110,43
1767653462634,43,200,true,110,110,43
1767653462634,43,200,true,110,110,43
1767653462633,44,200,true,110,110,44
1767653462643,34,200,true,110,110,34
1767653462643,35,200,true,110,110,35
1767653462633,45,200,true,110,110,45
1767653462634,44,200,true,110,110,44
1767653462631,47,200,true,110,110,47
1767653462636,47,200,true,110,110,47
1767653462644,39,200,true,110,110,39
1767653462643,40,200,true,110,110,40
1767653462633,50,200,true,110,110,50
1767653462643,40,200,true,110,110,40
1767653462642,42,200,true,110,110,42
1767653462642,42,200,true,110,110,42
1767653462659,26,200,true,110,110,25
1767653462659,26,200,true,110,110,26
1767653462659,26,200,true,110,110,26
1767653462643,42,200,true,110,110,42
1767653462644,41,200,true,110,110,41
1767653462644,42,200,true,110,110,42
1767653462634,52,200,true,110,110,52
1767653462642,44,200,true,110,110,44
1767653462633,53,200,true,110,110,53
1767653462645,42,200,true,110,110,42
1767653462620,67,200,true,110,110,67
1767653462642,45,200,true,110,110,45
1767653462642,45,200,true,110,110,45
1767653462644,43,200,true,110,110,43
1767653462644,44,200,true,110,110,44
1767653462645,43,200,true,110,110,43
1767653462644,44,200,true,110,110,44
1767653462636,52,200,true,110,110,52
1767653462640,53,200,true,110,110,53
1767653462643,51,200,true,110,110,51
1767653462640,54,200,true,110,110,54
1767653462633,61,200,true,110,110,61
1767653462634,60,200,true,110,110,60
1767653462637,57,200,true,110,110,57
1767653462633,62,200,true,110,110,62
1767653462643,52,200,true,110,110,52
1767653462634,61,200,true,110,110,61
1767653462634,62,200,true,110,110,62
1767653462640,56,200,true,110,110,56
1767653462644,52,200,true,110,110,52
1767653462634,62,200,true,110,110,53
1767653462643,53,200,true,110,110,34
1767653462643,53,200,true,110,110,33
1767653462634,62,200,true,110,110,62
1767653462633,63,200,true,110,110,63
1767653462644,52,200,true,110,110,47
1767653462674,22,200,true,110,110,22
1767653462635,61,200,true,110,110,61
1767653462671,25,200,true,110,110,25
1767653462634,62,200,true,110,110,62
1767653462642,64,200,true,110,110,64
1767653462642,65,200,true,110,110,65
1767653462673,34,200,true,110,110,34
1767653462643,65,200,true,110,110,64
1767653462672,36,200,true,110,110,36
1767653462673,35,200,true,110,110,35
1767653462672,37,200,true,110,110,37
1767653462673,38,200,true,110,110,38
1767653462673,38,200,true,110,110,36
1767653462672,39,200,true,110,110,39
1767653462671,41,200,true,110,110,41
1767653462673,39,200,true,110,110,39
1767653462672,40,200,true,110,110,40
1767653462672,40,200,true,110,110,40
1767653462671,41,200,true,110,110,41
1767653462672,40,200,true,110,110,40
1767653462673,45,200,true,110,110,45
1767653462674,44,200,true,110,110,44
1767653462687,31,200,true,110,110,31
1767653462675,43,200,true,110,110,43
1767653462685,33,200,true,110,110,33
1767653462676,42,200,true,110,110,42
1767653462688,30,200,true,110,110,30
1767653462676,43,200,true,110,110,43
1767653462676,43,200,true,110,110,43
1767653462677,42,200,true,110,110,42
1767653462674,45,200,true,110,110,45
1767653462678,41,200,true,110,110,41
1767653462674,45,200,true,110,110,45
1767653462675,45,200,true,110,110,45
1767653462674,46,200,true,110,110,46
1767653462674,46,200,true,110,110,46
1767653462676,45,200,true,110,110,45
1767653462676,45,200,true,110,110,45
1767653462674,47,200,true,110,110,47
1767653462676,46,200,true,110,110,46
1767653462677,45,200,true,110,110,45
1767653462675,47,200,true,110,110,47
1767653462677,45,200,true,110,110,45
1767653462676,47,200,true,110,110,47
1767653462677,46,200,true,110,110,46
1767653462674,49,200,true,110,110,49
1767653462674,49,200,true,110,110,49
1767653462683,40,200,true,110,110,40
1767653462677,47,200,true,110,110,45
1767653462684,40,200,true,110,110,40
1767653462687,37,200,true,110,110,37
1767653462685,39,200,true,110,110,39
1767653462683,42,200,true,110,110,42
1767653462678,47,200,true,110,110,47
1767653462688,37,200,true,110,110,37
1767653462685,40,200,true,110,110,40
1767653462688,37,200,true,110,110,37
1767653462686,40,200,true,110,110,40
1767653462678,48,200,true,110,110,47
1767653462688,38,200,true,110,110,38
1767653462687,39,200,true,110,110,39
1767653462675,51,200,true,110,110,48
1767653462675,51,200,true,110,110,51
1767653462685,41,200,true,110,110,41
1767653462683,44,200,true,110,110,44
1767653462674,53,200,true,110,110,53
1767653462683,44,200,true,110,110,42
1767653462684,43,200,true,110,110,43
1767653462684,43,200,true,110,110,40
1767653462687,40,200,true,110,110,39
1767653462678,49,200,true,110,110,45
1767653462676,51,200,true,110,110,51
1767653462687,41,200,true,110,110,41
1767653462672,57,200,true,110,110,57
1767653462671,58,200,true,110,110,57
1767653462674,55,200,true,110,110,47
1767653462685,44,200,true,110,110,44
1767653462673,56,200,true,110,110,55
1767653462671,59,200,true,110,110,59
1767653462675,55,200,true,110,110,55
1767653462674,56,200,true,110,110,56
1767653462676,54,200,true,110,110,45
1767653462696,34,200,true,110,110,34
1767653462676,54,200,true,110,110,53
1767653462696,35,200,true,110,110,35
1767653462696,35,200,true,110,110,35
1767653462675,56,200,true,110,110,56
1767653462696,35,200,true,110,110,35
1767653462686,45,200,true,110,110,45
1767653462696,35,200,true,110,110,35
1767653462696,35,200,true,110,110,35
1767653462695,36,200,true,110,110,36
1767653462696,35,200,true,110,110,35
1767653462694,38,200,true,110,110,37
1767653462696,36,200,true,110,110,36
1767653462694,38,200,true,110,110,38
1767653462696,36,200,true,110,110,36
1767653462671,61,200,true,110,110,59
1767653462671,61,200,true,110,110,59
1767653462696,36,200,true,110,110,36
1767653462673,60,200,true,110,110,60
1767653462695,44,200,true,110,110,44
1767653462693,46,200,true,110,110,46
1767653462675,64,200,true,110,110,64
1767653462706,34,200,true,110,110,34
1767653462712,28,200,true,110,110,28
1767653462711,30,200,true,110,110,30
1767653462694,48,200,true,110,110,48
1767653462686,58,200,true,110,110,58
1767653462696,48,200,true,110,110,48
1767653462696,51,200,true,110,110,51
1767653462708,39,200,true,110,110,39
1767653462711,36,200,true,110,110,36
1767653462712,35,200,true,110,110,35
1767653462707,41,200,true,110,110,40
1767653462708,40,200,true,110,110,40
1767653462718,34,200,true,110,110,34
1767653462720,32,200,true,110,110,32
1767653462695,57,200,true,110,110,57
1767653462720,32,200,true,110,110,32
1767653462711,41,200,true,110,110,41
1767653462718,37,200,true,110,110,37
1767653462708,47,200,true,110,110,47
1767653462721,34,200,true,110,110,34
1767653462707,48,200,true,110,110,48
1767653462712,44,200,true,110,110,44
1767653462719,37,200,true,110,110,37
1767653462686,70,200,true,110,110,70
1767653462712,44,200,true,110,110,44
1767653462712,44,200,true,110,110,44
1767653462719,37,200,true,110,110,37
1767653462696,61,200,true,110,110,61
1767653462719,38,200,true,110,110,38
1767653462696,61,200,true,110,110,61
1767653462709,48,200,true,110,110,48
1767653462677,80,200,true,110,110,80
1767653462712,45,200,true,110,110,45
1767653462718,39,200,true,110,110,39
1767653462694,64,200,true,110,110,64
1767653462718,40,200,true,110,110,40
1767653462718,40,200,true,110,110,40
1767653462718,40,200,true,110,110,40
1767653462726,34,200,true,110,110,34
1767653462725,35,200,true,110,110,35
1767653462721,39,200,true,110,110,39
1767653462726,34,200,true,110,110,34
1767653462726,34,200,true,110,110,34
1767653462727,33,200,true,110,110,33
1767653462722,38,200,true,110,110,38
1767653462725,35,200,true,110,110,35
1767653462723,37,200,true,110,110,37
1767653462723,37,200,true,110,110,37
1767653462723,38,200,true,110,110,38
1767653462727,34,200,true,110,110,34
1767653462720,42,200,true,110,110,42
1767653462727,35,200,true,110,110,35
1767653462719,43,200,true,110,110,43
1767653462719,45,200,true,110,110,45
1767653462722,42,200,true,110,110,42
1767653462722,42,200,true,110,110,42
1767653462723,41,200,true,110,110,41
1767653462725,40,200,true,110,110,40
1767653462721,44,200,true,110,110,44
1767653462726,39,200,true,110,110,39
1767653462719,46,200,true,110,110,46
1767653462726,39,200,true,110,110,35
1767653462719,46,200,true,110,110,44
1767653462731,39,200,true,110,110,39
1767653462731,40,200,true,110,110,40
1767653462731,43,200,true,110,110,43
1767653462730,45,200,true,110,110,45
1767653462733,42,200,true,110,110,42
1767653462731,44,200,true,110,110,44
1767653462727,48,200,true,110,110,48
1767653462747,28,200,true,110,110,28
1767653462724,51,200,true,110,110,51
1767653462730,46,200,true,110,110,46
1767653462747,29,200,true,110,110,29
1767653462732,44,200,true,110,110,44
1767653462740,36,200,true,110,110,36
1767653462725,52,200,true,110,110,52
1767653462724,53,200,true,110,110,53
1767653462747,30,200,true,110,110,30
1767653462730,53,200,true,110,110,53
1767653462731,52,200,true,110,110,52
1767653462739,44,200,true,110,110,44
1767653462741,42,200,true,110,110,42
1767653462729,55,200,true,110,110,55
1767653462727,57,200,true,110,110,57
1767653462725,59,200,true,110,110,59
1767653462731,53,200,true,110,110,53
1767653462752,33,200,true,110,110,33
1767653462724,61,200,true,110,110,61
1767653462729,56,200,true,110,110,56
1767653462744,41,200,true,110,110,41
1767653462744,41,200,true,110,110,41
1767653462755,30,200,true,110,110,30
1767653462752,33,200,true,110,110,33
1767653462731,55,200,true,110,110,55
1767653462739,47,200,true,110,110,47
1767653462742,44,200,true,110,110,44
1767653462722,64,200,true,110,110,64
1767653462730,56,200,true,110,110,56
1767653462730,56,200,true,110,110,56
1767653462732,55,200,true,110,110,55
1767653462740,47,200,true,110,110,47
1767653462731,56,200,true,110,110,56
1767653462732,55,200,true,110,110,55
1767653462732,55,200,true,110,110,55
1767653462756,31,200,true,110,110,31
1767653462740,48,200,true,110,110,48
1767653462727,61,200,true,110,110,61
1767653462727,61,200,true,110,110,61
1767653462726,62,200,true,110,110,62
1767653462723,66,200,true,110,110,66
1767653462728,61,200,true,110,110,61
1767653462726,63,200,true,110,110,63
1767653462729,61,200,true,110,110,61
1767653462729,62,200,true,110,110,62
1767653462727,65,200,true,110,110,62
1767653462760,34,200,true,110,110,34
1767653462757,38,200,true,110,110,38
1767653462760,35,200,true,110,110,35
1767653462760,35,200,true,110,110,35
1767653462758,37,200,true,110,110,37
1767653462758,37,200,true,110,110,37
1767653462731,64,200,true,110,110,64
1767653462755,40,200,true,110,110,40
1767653462755,41,200,true,110,110,41
1767653462730,66,200,true,110,110,66
1767653462757,39,200,true,110,110,39
1767653462756,40,200,true,110,110,40
1767653462752,44,200,true,110,110,44
1767653462756,40,200,true,110,110,40
1767653462748,48,200,true,110,110,48
1767653462752,45,200,true,110,110,45
1767653462757,40,200,true,110,110,40
1767653462756,41,200,true,110,110,41
1767653462748,49,200,true,110,110,49
1767653462756,41,200,true,110,110,41
1767653462761,37,200,true,110,110,37
1767653462760,38,200,true,110,110,38
1767653462755,43,200,true,110,110,43
1767653462758,40,200,true,110,110,40
1767653462747,51,200,true,110,110,51
1767653462756,43,200,true,110,110,43
1767653462732,67,200,true,110,110,67
1767653462724,75,200,true,110,110,75
1767653462732,67,200,true,110,110,67
1767653462733,67,200,true,110,110,67
1767653462729,71,200,true,110,110,71
1767653462752,48,200,true,110,110,48
1767653462760,44,200,true,110,110,44
1767653462760,44,200,true,110,110,44
1767653462758,46,200,true,110,110,46
1767653462765,39,200,true,110,110,39
1767653462765,40,200,true,110,110,40
1767653462764,41,200,true,110,110,41
1767653462765,40,200,true,110,110,40
1767653462765,40,200,true,110,110,40
1767653462770,36,200,true,110,110,36
1767653462760,46,200,true,110,110,46
1767653462760,46,200,true,110,110,46
1767653462758,48,200,true,110,110,48
1767653462758,48,200,true,110,110,48
1767653462764,42,200,true,110,110,42
1767653462765,42,200,true,110,110,42
1767653462764,43,200,true,110,110,43
1767653462764,43,200,true,110,110,43
1767653462762,46,200,true,110,110,46
1767653462757,51,200,true,110,110,51
1767653462765,43,200,true,110,110,43
1767653462774,34,200,true,110,110,34
1767653462762,46,200,true,110,110,46
1767653462757,52,200,true,110,110,52
1767653462761,48,200,true,110,110,48
1767653462760,49,200,true,110,110,49
1767653462775,34,200,true,110,110,34
1767653462762,47,200,true,110,110,47
1767653462775,35,200,true,110,110,35
1767653462771,39,200,true,110,110,39
1767653462786,24,200,true,110,110,24
1767653462787,24,200,true,110,110,24
1767653462777,34,200,true,110,110,34
1767653462785,26,200,true,110,110,26
1767653462775,36,200,true,110,110,36
1767653462760,51,200,true,110,110,51
1767653462785,27,200,true,110,110,27
1767653462783,29,200,true,110,110,29
1767653462784,30,200,true,110,110,30
1767653462784,32,200,true,110,110,32
1767653462776,40,200,true,110,110,40
1767653462776,41,200,true,110,110,41
1767653462776,41,200,true,110,110,37
1767653462785,32,200,true,110,110,29
1767653462786,32,200,true,110,110,31
1767653462790,28,200,true,110,110,28
1767653462777,41,200,true,110,110,41
1767653462784,34,200,true,110,110,34
1767653462775,43,200,true,110,110,43
1767653462790,29,200,true,110,110,29
1767653462789,30,200,true,110,110,30
1767653462777,42,200,true,110,110,42
1767653462783,36,200,true,110,110,36
1767653462783,36,200,true,110,110,36
1767653462787,32,200,true,110,110,32
1767653462784,36,200,true,110,110,36
1767653462783,37,200,true,110,110,37
1767653462787,33,200,true,110,110,33
1767653462787,33,200,true,110,110,33
1767653462777,43,200,true,110,110,40
1767653462785,35,200,true,110,110,35
1767653462775,45,200,true,110,110,45
1767653462786,35,200,true,110,110,35
1767653462787,34,200,true,110,110,34
1767653462785,36,200,true,110,110,36
1767653462788,34,200,true,110,110,34
1767653462787,35,200,true,110,110,35
1767653462775,47,200,true,110,110,47
1767653462804,20,200,true,110,110,20
1767653462795,29,200,true,110,110,29
1767653462800,24,200,true,110,110,24
1767653462799,25,200,true,110,110,25
1767653462804,21,200,true,110,110,21
1767653462804,21,200,true,110,110,21
1767653462797,28,200,true,110,110,28
1767653462796,29,200,true,110,110,29
1767653462806,19,200,true,110,110,19
1767653462797,28,200,true,110,110,28
1767653462797,29,200,true,110,110,29
1767653462795,31,200,true,110,110,31
1767653462797,29,200,true,110,110,29
1767653462798,28,200,true,110,110,28
1767653462791,35,200,true,110,110,35
1767653462795,31,200,true,110,110,31
1767653462792,34,200,true,110,110,34
1767653462795,31,200,true,110,110,31
1767653462795,31,200,true,110,110,31
1767653462795,32,200,true,110,110,32
1767653462786,41,200,true,110,110,41
1767653462788,39,200,true,110,110,39
1767653462788,39,200,true,110,110,39
1767653462786,41,200,true,110,110,41
1767653462789,38,200,true,110,110,38
1767653462796,31,200,true,110,110,31
1767653462799,29,200,true,110,110,29
1767653462796,32,200,true,110,110,32
1767653462798,30,200,true,110,110,30
1767653462800,28,200,true,110,110,28
1767653462796,32,200,true,110,110,32
1767653462786,42,200,true,110,110,42
1767653462788,40,200,true,110,110,40
1767653462785,44,200,true,110,110,44
1767653462786,44,200,true,110,110,44
1767653462808,35,200,true,110,110,35
1767653462797,46,200,true,110,110,46
1767653462796,47,200,true,110,110,47
1767653462798,46,200,true,110,110,45
1767653462795,49,200,true,110,110,49
1767653462795,49,200,true,110,110,49
1767653462805,39,200,true,110,110,39
1767653462805,39,200,true,110,110,39
1767653462807,37,200,true,110,110,37
1767653462816,32,200,true,110,110,32
1767653462822,26,200,true,110,110,26
1767653462808,41,200,true,110,110,41
1767653462822,27,200,true,110,110,27
1767653462818,31,200,true,110,110,31
1767653462806,43,200,true,110,110,43
1767653462809,40,200,true,110,110,40
1767653462819,30,200,true,110,110,30
1767653462809,40,200,true,110,110,40
1767653462799,50,200,true,110,110,50
1767653462808,42,200,true,110,110,42
1767653462810,40,200,true,110,110,40
1767653462808,43,200,true,110,110,43
1767653462819,32,200,true,110,110,32
1767653462819,32,200,true,110,110,32
1767653462805,46,200,true,110,110,46
1767653462796,56,200,true,110,110,56
1767653462800,52,200,true,110,110,52
1767653462798,54,200,true,110,110,54
1767653462816,36,200,true,110,110,36
1767653462796,56,200,true,110,110,56
1767653462799,54,200,true,110,110,54
1767653462805,48,200,true,110,110,48
1767653462808,45,200,true,110,110,45
1767653462806,47,200,true,110,110,47
1767653462817,39,200,true,110,110,39
1767653462806,50,200,true,110,110,50
1767653462810,47,200,true,110,110,46
1767653462818,39,200,true,110,110,39
1767653462821,36,200,true,110,110,36
1767653462817,40,200,true,110,110,40
1767653462820,37,200,true,110,110,37
1767653462820,37,200,true,110,110,37
1767653462819,38,200,true,110,110,38
1767653462821,36,200,true,110,110,36
1767653462819,38,200,true,110,110,38
1767653462812,45,200,true,110,110,45
1767653462809,48,200,true,110,110,48
1767653462819,39,200,true,110,110,39
1767653462820,38,200,true,110,110,38
1767653462821,38,200,true,110,110,38
1767653462820,40,200,true,110,110,40
1767653462811,49,200,true,110,110,49
1767653462809,52,200,true,110,110,52
1767653462820,41,200,true,110,110,41
1767653462822,40,200,true,110,110,40
1767653462810,52,200,true,110,110,52
1767653462811,51,200,true,110,110,51
1767653462820,43,200,true,110,110,43
1767653462806,57,200,true,110,110,57
1767653462811,52,200,true,110,110,52
1767653462809,54,200,true,110,110,54
1767653462808,55,200,true,110,110,55
1767653462812,51,200,true,110,110,51
1767653462818,45,200,true,110,110,45
1767653462826,37,200,true,110,110,37
1767653462804,59,200,true,110,110,59
1767653462814,49,200,true,110,110,49
1767653462826,37,200,true,110,110,37
1767653462818,45,200,true,110,110,45
1767653462828,36,200,true,110,110,35
1767653462824,40,200,true,110,110,40
1767653462827,38,200,true,110,110,38
1767653462824,46,200,true,110,110,46
1767653462825,45,200,true,110,110,45
1767653462824,46,200,true,110,110,46
1767653462825,45,200,true,110,110,45
1767653462827,43,200,true,110,110,43
1767653462828,43,200,true,110,110,43
1767653462830,41,200,true,110,110,41
1767653462825,47,200,true,110,110,47
1767653462827,47,200,true,110,110,47
1767653462829,46,200,true,110,110,46
1767653462824,51,200,true,110,110,51
1767653462827,49,200,true,110,110,49
1767653462811,69,200,true,110,110,69
1767653462826,54,200,true,110,110,54
1767653462826,54,200,true,110,110,54
1767653462806,74,200,true,110,110,74
1767653462827,54,200,true,110,110,54
1767653462827,54,200,true,110,110,54
1767653462828,53,200,true,110,110,53
1767653462798,83,200,true,110,110,83
1767653462826,55,200,true,110,110,55
1767653462826,55,200,true,110,110,55
1767653462825,57,200,true,110,110,57
1767653462828,54,200,true,110,110,54
1767653462826,56,200,true,110,110,56
1767653462826,56,200,true,110,110,56
1767653462826,57,200,true,110,110,55
1767653462827,57,200,true,110,110,57
1767653462819,65,200,true,110,110,65
1767653462811,74,200,true,110,110,74
1767653462820,65,200,true,110,110,65
1767653462826,59,200,true,110,110,59
1767653462817,68,200,true,110,110,68
1767653462828,58,200,true,110,110,58
1767653462828,58,200,true,110,110,58
1767653462808,79,200,true,110,110,79
1767653462828,59,200,true,110,110,54
1767653462843,53,200,true,110,110,53
1767653462848,48,200,true,110,110,48
1767653462857,40,200,true,110,110,40
1767653462853,44,200,true,110,110,44
1767653462844,53,200,true,110,110,53
1767653462844,53,200,true,110,110,53
1767653462849,48,200,true,110,110,48
1767653462849,48,200,true,110,110,48
1767653462850,47,200,true,110,110,47
1767653462849,48,200,true,110,110,48
1767653462844,53,200,true,110,110,53
1767653462848,49,200,true,110,110,49
1767653462851,46,200,true,110,110,46
1767653462849,48,200,true,110,110,48
1767653462851,46,200,true,110,110,46
1767653462853,45,200,true,110,110,45
1767653462852,46,200,true,110,110,46
1767653462852,46,200,true,110,110,46
1767653462852,46,200,true,110,110,46
1767653462843,55,200,true,110,110,55
1767653462857,41,200,true,110,110,41
1767653462844,54,200,true,110,110,54
1767653462844,54,200,true,110,110,54
1767653462857,41,200,true,110,110,41
1767653462850,48,200,true,110,110,48
1767653462864,35,200,true,110,110,35
1767653462863,36,200,true,110,110,36
1767653462870,29,200,true,110,110,29
1767653462872,28,200,true,110,110,27
1767653462844,56,200,true,110,110,56
1767653462871,29,200,true,110,110,29
1767653462853,47,200,true,110,110,47
1767653462856,44,200,true,110,110,44
1767653462860,40,200,true,110,110,40
1767653462857,43,200,true,110,110,43
1767653462863,37,200,true,110,110,37
1767653462857,44,200,true,110,110,44
1767653462863,38,200,true,110,110,38
1767653462857,44,200,true,110,110,44
1767653462843,58,200,true,110,110,58
1767653462849,53,200,true,110,110,53
1767653462851,51,200,true,110,110,51
1767653462853,49,200,true,110,110,49
1767653462849,53,200,true,110,110,53
1767653462851,51,200,true,110,110,51
1767653462881,21,200,true,110,110,21
1767653462883,20,200,true,110,110,20
1767653462863,40,200,true,110,110,40
1767653462870,33,200,true,110,110,33
1767653462881,22,200,true,110,110,22
1767653462859,44,200,true,110,110,44
1767653462858,45,200,true,110,110,45
1767653462870,33,200,true,110,110,33
1767653462853,51,200,true,110,110,51
1767653462858,46,200,true,110,110,46
1767653462865,39,200,true,110,110,39
1767653462857,47,200,true,110,110,47
1767653462863,41,200,true,110,110,41
1767653462864,40,200,true,110,110,40
1767653462863,41,200,true,110,110,41
1767653462860,44,200,true,110,110,44
1767653462862,43,200,true,110,110,43
1767653462870,35,200,true,110,110,35
1767653462826,79,200,true,110,110,79
1767653462857,48,200,true,110,110,45
1767653462849,56,200,true,110,110,56
1767653462863,42,200,true,110,110,42
1767653462856,50,200,true,110,110,50
1767653462852,54,200,true,110,110,54
1767653462875,31,200,true,110,110,31
1767653462849,57,200,true,110,110,57
1767653462882,25,200,true,110,110,25
1767653462884,23,200,true,110,110,23
1767653462884,23,200,true,110,110,23
1767653462880,27,200,true,110,110,27
1767653462882,26,200,true,110,110,26
1767653462881,27,200,true,110,110,27
1767653462881,27,200,true,110,110,27
1767653462882,26,200,true,110,110,26
1767653462886,23,200,true,110,110,21
1767653462874,35,200,true,110,110,35
1767653462886,23,200,true,110,110,22
1767653462876,33,200,true,110,110,33
1767653462885,25,200,true,110,110,25
1767653462885,25,200,true,110,110,25
1767653462880,30,200,true,110,110,30
1767653462881,30,200,true,110,110,30
1767653462857,55,200,true,110,110,55
1767653462863,49,200,true,110,110,49
1767653462863,50,200,true,110,110,50
1767653462857,56,200,true,110,110,56
1767653462882,32,200,true,110,110,32
1767653462863,56,200,true,110,110,56
1767653462871,48,200,true,110,110,48
1767653462863,56,200,true,110,110,56
1767653462857,62,200,true,110,110,58
1767653462862,57,200,true,110,110,57
1767653462863,56,200,true,110,110,52
1767653462861,59,200,true,110,110,59
1767653462861,59,200,true,110,110,59
1767653462871,50,200,true,110,110,50
1767653462862,60,200,true,110,110,60
1767653462875,47,200,true,110,110,47
1767653462880,46,200,true,110,110,46
1767653462897,29,200,true,110,110,29
1767653462880,47,200,true,110,110,47
1767653462897,30,200,true,110,110,30
1767653462898,30,200,true,110,110,30
1767653462898,30,200,true,110,110,30
1767653462886,42,200,true,110,110,42
1767653462896,32,200,true,110,110,32
1767653462899,30,200,true,110,110,30
1767653462897,32,200,true,110,110,32
1767653462881,48,200,true,110,110,48
1767653462898,31,200,true,110,110,31
1767653462899,30,200,true,110,110,30
1767653462898,32,200,true,110,110,32
1767653462898,32,200,true,110,110,32
1767653462897,33,200,true,110,110,33
1767653462887,43,200,true,110,110,43
1767653462897,33,200,true,110,110,33
1767653462898,34,200,true,110,110,34
1767653462897,35,200,true,110,110,35
1767653462898,35,200,true,110,110,35
1767653462897,36,200,true,110,110,36
1767653462900,33,200,true,110,110,33
1767653462897,36,200,true,110,110,36
1767653462896,38,200,true,110,110,38
1767653462898,36,200,true,110,110,36
1767653462885,49,200,true,110,110,49
1767653462887,47,200,true,110,110,46
1767653462898,36,200,true,110,110,35
1767653462897,42,200,true,110,110,41
1767653462897,42,200,true,110,110,42
1767653462897,44,200,true,110,110,44
1767653462897,44,200,true,110,110,36
1767653462898,43,200,true,110,110,43
1767653462900,41,200,true,110,110,41
1767653462903,38,200,true,110,110,38
1767653462900,41,200,true,110,110,41
1767653462904,38,200,true,110,110,38
1767653462904,38,200,true,110,110,38
1767653462901,41,200,true,110,110,41
1767653462900,42,200,true,110,110,42
1767653462899,43,200,true,110,110,43
1767653462903,39,200,true,110,110,39
1767653462904,38,200,true,110,110,38
1767653462903,39,200,true,110,110,39
1767653462904,38,200,true,110,110,38
1767653462902,40,200,true,110,110,40
1767653462904,38,200,true,110,110,38
1767653462902,41,200,true,110,110,41
1767653462902,41,200,true,110,110,41
1767653462900,43,200,true,110,110,43
1767653462901,43,200,true,110,110,43
1767653462902,42,200,true,110,110,42
1767653462903,41,200,true,110,110,41
1767653462903,42,200,true,110,110,42
1767653462900,46,200,true,110,110,46
1767653462902,44,200,true,110,110,44
1767653462904,42,200,true,110,110,42
1767653462902,44,200,true,110,110,44
1767653462905,41,200,true,110,110,41
1767653462904,42,200,true,110,110,42
1767653462900,47,200,true,110,110,47
1767653462910,37,200,true,110,110,37
1767653462904,43,200,true,110,110,43
1767653462905,42,200,true,110,110,42
1767653462908,39,200,true,110,110,39
1767653462900,47,200,true,110,110,47
1767653462901,46,200,true,110,110,46
1767653462909,38,200,true,110,110,38
1767653462905,42,200,true,110,110,42
1767653462910,37,200,true,110,110,37
1767653462898,49,200,true,110,110,49
1767653462910,38,200,true,110,110,38
1767653462901,47,200,true,110,110,47
1767653462907,41,200,true,110,110,41
1767653462907,43,200,true,110,110,43
1767653462908,42,200,true,110,110,42
1767653462906,45,200,true,110,110,45
1767653462908,44,200,true,110,110,44
1767653462909,43,200,true,110,110,43
1767653462903,50,200,true,110,110,50
1767653462909,45,200,true,110,110,45
1767653462911,43,200,true,110,110,43
1767653462905,50,200,true,110,110,50
1767653462906,49,200,true,110,110,49
1767653462906,49,200,true,110,110,49
1767653462926,29,200,true,110,110,29
1767653462912,43,200,true,110,110,43
1767653462905,50,200,true,110,110,50
1767653462909,46,200,true,110,110,46
1767653462927,29,200,true,110,110,28
1767653462907,49,200,true,110,110,49
1767653462907,49,200,true,110,110,41
1767653462908,48,200,true,110,110,40
1767653462906,50,200,true,110,110,45
1767653462927,29,200,true,110,110,29
1767653462921,37,200,true,110,110,37
1767653462934,24,200,true,110,110,24
1767653462930,28,200,true,110,110,28
1767653462930,28,200,true,110,110,28
1767653462919,39,200,true,110,110,39
1767653462929,29,200,true,110,110,29
1767653462926,33,200,true,110,110,33
1767653462929,30,200,true,110,110,30
1767653462929,30,200,true,110,110,30
1767653462919,40,200,true,110,110,40
1767653462928,31,200,true,110,110,31
1767653462919,40,200,true,110,110,40
1767653462930,29,200,true,110,110,29
1767653462920,39,200,true,110,110,39
1767653462928,32,200,true,110,110,32
1767653462919,41,200,true,110,110,41
1767653462934,26,200,true,110,110,26
1767653462921,39,200,true,110,110,39
1767653462922,38,200,true,110,110,38
1767653462928,32,200,true,110,110,32
1767653462934,26,200,true,110,110,26
1767653462913,47,200,true,110,110,45
1767653462903,57,200,true,110,110,57
1767653462929,31,200,true,110,110,31
1767653462922,38,200,true,110,110,38
1767653462919,41,200,true,110,110,41
1767653462930,30,200,true,110,110,30
1767653462913,47,200,true,110,110,47
1767653462914,46,200,true,110,110,46
1767653462928,32,200,true,110,110,32
1767653462933,28,200,true,110,110,28
1767653462912,49,200,true,110,110,49
1767653462930,31,200,true,110,110,31
1767653462905,56,200,true,110,110,56
1767653462934,27,200,true,110,110,27
1767653462934,27,200,true,110,110,27
1767653462933,28,200,true,110,110,28
1767653462930,32,200,true,110,110,32
1767653462919,43,200,true,110,110,43
1767653462946,19,200,true,110,110,19
1767653462941,24,200,true,110,110,24
1767653462944,22,200,true,110,110,22
1767653462942,25,200,true,110,110,24
1767653462944,23,200,true,110,110,23
1767653462942,25,200,true,110,110,25
1767653462943,24,200,true,110,110,24
1767653462946,21,200,true,110,110,21
1767653462946,22,200,true,110,110,22
1767653462939,29,200,true,110,110,29
1767653462946,22,200,true,110,110,22
1767653462944,24,200,true,110,110,24
1767653462933,35,200,true,110,110,35
1767653462946,22,200,true,110,110,22
1767653462942,26,200,true,110,110,26
1767653462943,26,200,true,110,110,26
1767653462932,37,200,true,110,110,37
1767653462933,36,200,true,110,110,36
1767653462933,36,200,true,110,110,31
1767653462942,27,200,true,110,110,27
1767653462942,29,200,true,110,110,29
1767653462942,29,200,true,110,110,29
1767653462941,31,200,true,110,110,31
1767653462947,30,200,true,110,110,30
1767653462941,36,200,true,110,110,36
1767653462942,35,200,true,110,110,35
1767653462948,30,200,true,110,110,30
1767653462953,25,200,true,110,110,25
1767653462942,36,200,true,110,110,36
1767653462947,31,200,true,110,110,31
1767653462947,31,200,true,110,110,31
1767653462951,27,200,true,110,110,27
1767653462939,44,200,true,110,110,42
1767653462947,37,200,true,110,110,37
1767653462941,43,200,true,110,110,43
1767653462948,36,200,true,110,110,36
1767653462946,40,200,true,110,110,40
1767653462942,44,200,true,110,110,44
1767653462942,44,200,true,110,110,44
1767653462947,39,200,true,110,110,39
1767653462941,45,200,true,110,110,45
1767653462941,45,200,true,110,110,45
1767653462942,45,200,true,110,110,45
1767653462947,40,200,true,110,110,40
1767653462947,40,200,true,110,110,40
1767653462950,37,200,true,110,110,37
1767653462943,45,200,true,110,110,45
1767653462945,43,200,true,110,110,43
1767653462947,43,200,true,110,110,43
1767653462947,43,200,true,110,110,43
1767653462950,41,200,true,110,110,41
1767653462947,44,200,true,110,110,44
1767653462954,38,200,true,110,110,38
1767653462948,44,200,true,110,110,44
1767653462960,32,200,true,110,110,32
1767653462961,31,200,true,110,110,31
1767653462958,35,200,true,110,110,35
1767653462961,32,200,true,110,110,32
1767653462952,41,200,true,110,110,41
1767653462947,46,200,true,110,110,46
1767653462960,33,200,true,110,110,33
1767653462956,37,200,true,110,110,37
1767653462960,34,200,true,110,110,34
1767653462958,36,200,true,110,110,36
1767653462955,39,200,true,110,110,39
1767653462959,35,200,true,110,110,35
1767653462961,36,200,true,110,110,36
1767653462960,37,200,true,110,110,37
1767653462960,37,200,true,110,110,37
1767653462959,39,200,true,110,110,39
1767653462956,42,200,true,110,110,42
1767653462955,44,200,true,110,110,44
1767653462955,44,200,true,110,110,44
1767653462960,41,200,true,110,110,41
1767653462958,43,200,true,110,110,41
1767653462956,45,200,true,110,110,42
1767653462959,46,200,true,110,110,41
1767653462954,51,200,true,110,110,47
1767653462961,48,200,true,110,110,48
1767653462959,50,200,true,110,110,50
1767653462967,42,200,true,110,110,42
1767653462959,50,200,true,110,110,50
1767653462968,42,200,true,110,110,42
1767653462960,50,200,true,110,110,50
1767653462961,49,200,true,110,110,49
1767653462966,44,200,true,110,110,44
1767653462952,58,200,true,110,110,58
1767653462956,55,200,true,110,110,55
1767653462959,52,200,true,110,110,52
1767653462956,55,200,true,110,110,55
1767653462960,53,200,true,110,110,53
1767653462960,53,200,true,110,110,53
1767653462956,57,200,true,110,110,57
1767653462960,53,200,true,110,110,53
1767653462965,48,200,true,110,110,48
1767653462959,56,200,true,110,110,56
1767653462971,50,200,true,110,110,50
1767653462961,60,200,true,110,110,60
1767653462977,44,200,true,110,110,44
1767653462984,38,200,true,110,110,38
1767653462977,45,200,true,110,110,45
1767653462972,50,200,true,110,110,50
1767653462984,38,200,true,110,110,38
1767653462969,53,200,true,110,110,53
1767653462965,57,200,true,110,110,57
1767653462968,54,200,true,110,110,54
1767653462978,45,200,true,110,110,45
1767653462969,54,200,true,110,110,54
1767653462968,55,200,true,110,110,55
1767653462977,46,200,true,110,110,46
1767653462955,68,200,true,110,110,68
1767653462978,45,200,true,110,110,45
1767653462968,55,200,true,110,110,55
1767653462968,56,200,true,110,110,56
1767653462967,57,200,true,110,110,57
1767653462955,69,200,true,110,110,69
1767653462968,56,200,true,110,110,56
1767653462962,62,200,true,110,110,62
1767653462960,64,200,true,110,110,64
1767653462967,58,200,true,110,110,58
1767653462969,56,200,true,110,110,56
1767653462969,56,200,true,110,110,56
1767653462978,47,200,true,110,110,47
1767653462956,72,200,true,110,110,72
1767653462969,59,200,true,110,110,59
1767653462978,50,200,true,110,110,50
1767653462984,44,200,true,110,110,44
1767653462962,67,200,true,110,110,67
1767653462958,71,200,true,110,110,71
1767653462960,69,200,true,110,110,69
1767653462960,70,200,true,110,110,70
1767653462959,71,200,true,110,110,71
1767653462967,63,200,true,110,110,63
1767653462978,52,200,true,110,110,52
1767653462958,72,200,true,110,110,72
1767653462978,52,200,true,110,110,50
1767653462962,68,200,true,110,110,68
1767653462961,69,200,true,110,110,69
1767653462960,70,200,true,110,110,70
1767653462959,74,200,true,110,110,74
1767653462968,65,200,true,110,110,65
1767653462967,66,200,true,110,110,66
1767653462955,78,200,true,110,110,78
1767653462960,74,200,true,110,110,74
1767653462993,41,200,true,110,110,41
1767653462990,45,200,true,110,110,45
1767653462991,44,200,true,110,110,44
1767653462987,48,200,true,110,110,48
1767653462990,45,200,true,110,110,45
1767653462986,50,200,true,110,110,50
1767653462986,50,200,true,110,110,50
1767653462987,49,200,true,110,110,49
1767653462988,49,200,true,110,110,48
1767653462971,66,200,true,110,110,65
1767653462986,51,200,true,110,110,51
1767653463001,40,200,true,110,110,40
1767653462997,44,200,true,110,110,44
1767653462997,44,200,true,110,110,44
1767653463005,36,200,true,110,110,36
1767653462993,48,200,true,110,110,48
1767653462991,51,200,true,110,110,51
1767653462993,49,200,true,110,110,49
1767653463005,37,200,true,110,110,37
1767653462986,56,200,true,110,110,56
1767653462998,44,200,true,110,110,44
1767653462994,48,200,true,110,110,48
1767653463001,41,200,true,110,110,41
1767653462998,44,200,true,110,110,44
1767653462983,60,200,true,110,110,60
1767653462992,51,200,true,110,110,51
1767653462999,44,200,true,110,110,44
1767653462986,57,200,true,110,110,57
1767653462987,56,200,true,110,110,56
1767653462988,55,200,true,110,110,55
1767653462993,50,200,true,110,110,50
1767653462994,49,200,true,110,110,49
1767653462992,51,200,true,110,110,51
1767653462993,50,200,true,110,110,49
1767653462992,52,200,true,110,110,52
1767653462992,52,200,true,110,110,52
1767653462987,57,200,true,110,110,57
1767653462994,50,200,true,110,110,50
1767653462994,50,200,true,110,110,50
1767653463025,20,200,true,110,110,20
1767653463011,34,200,true,110,110,34
1767653462986,59,200,true,110,110,59
1767653463025,21,200,true,110,110,21
1767653463011,35,200,true,110,110,35
1767653463023,24,200,true,110,110,24
1767653463023,24,200,true,110,110,24
1767653463021,26,200,true,110,110,26
1767653463021,27,200,true,110,110,27
1767653463022,26,200,true,110,110,26
1767653463022,26,200,true,110,110,26
1767653463021,28,200,true,110,110,28
1767653463015,34,200,true,110,110,34
1767653463013,36,200,true,110,110,36
1767653463013,36,200,true,110,110,36
1767653463013,36,200,true,110,110,36
1767653463023,27,200,true,110,110,27
1767653463013,37,200,true,110,110,37
1767653463022,28,200,true,110,110,28
1767653463009,41,200,true,110,110,41
1767653463022,28,200,true,110,110,28
1767653463023,27,200,true,110,110,27
1767653463010,40,200,true,110,110,40
1767653463010,40,200,true,110,110,40
1767653463022,28,200,true,110,110,28
1767653463024,26,200,true,110,110,26
1767653463010,41,200,true,110,110,41
1767653463022,29,200,true,110,110,29
1767653463009,42,200,true,110,110,42
1767653463024,27,200,true,110,110,27
1767653463009,42,200,true,110,110,42
1767653463001,50,200,true,110,110,50
1767653463025,26,200,true,110,110,26
1767653462999,52,200,true,110,110,52
1767653463024,27,200,true,110,110,27
1767653463024,27,200,true,110,110,27
1767653463024,28,200,true,110,110,28
1767653463010,42,200,true,110,110,42
1767653463024,28,200,true,110,110,28
1767653463011,41,200,true,110,110,41
1767653463023,29,200,true,110,110,29
1767653462997,55,200,true,110,110,55
1767653463013,39,200,true,110,110,39
1767653463009,43,200,true,110,110,43
1767653463023,29,200,true,110,110,29
1767653463010,43,200,true,110,110,43
1767653463022,31,200,true,110,110,31
1767653462993,60,200,true,110,110,60
1767653463030,26,200,true,110,110,26
1767653463030,27,200,true,110,110,27
1767653463023,34,200,true,110,110,34
1767653463030,28,200,true,110,110,28
1767653463030,28,200,true,110,110,28
1767653463030,29,200,true,110,110,29
1767653463030,29,200,true,110,110,29
1767653463028,32,200,true,110,110,32
1767653463025,35,200,true,110,110,35
1767653463028,32,200,true,110,110,32
1767653463028,33,200,true,110,110,33
1767653463030,31,200,true,110,110,31
1767653463033,28,200,true,110,110,28
1767653463035,26,200,true,110,110,26
1767653463031,30,200,true,110,110,30
1767653463030,32,200,true,110,110,32
1767653463034,28,200,true,110,110,28
1767653463035,27,200,true,110,110,27
1767653463036,26,200,true,110,110,26
1767653463033,30,200,true,110,110,30
1767653463033,30,200,true,110,110,30
1767653463037,26,200,true,110,110,26
1767653463034,29,200,true,110,110,29
1767653463036,27,200,true,110,110,27
1767653463035,29,200,true,110,110,29
1767653463033,31,200,true,110,110,31
1767653463035,29,200,true,110,110,29
1767653463029,35,200,true,110,110,35
1767653463028,36,200,true,110,110,36
1767653463029,35,200,true,110,110,35
1767653463030,34,200,true,110,110,34
1767653463042,26,200,true,110,110,26
1767653463043,25,200,true,110,110,25
1767653463043,25,200,true,110,110,25
1767653463042,26,200,true,110,110,26
1767653463041,28,200,true,110,110,28
1767653463043,26,200,true,110,110,26
1767653463041,28,200,true,110,110,28
1767653463041,28,200,true,110,110,28
1767653463042,27,200,true,110,110,27
1767653463043,26,200,true,110,110,26
1767653463037,32,200,true,110,110,32
1767653463043,26,200,true,110,110,26
1767653463042,27,200,true,110,110,27
1767653463041,28,200,true,110,110,28
1767653463042,28,200,true,110,110,28
1767653463041,31,200,true,110,110,31
1767653463045,27,200,true,110,110,27
1767653463044,29,200,true,110,110,29
1767653463043,30,200,true,110,110,30
1767653463044,29,200,true,110,110,29
1767653463044,29,200,true,110,110,29
1767653463045,28,200,true,110,110,28
1767653463036,37,200,true,110,110,37
1767653463043,30,200,true,110,110,30
1767653463037,36,200,true,110,110,36
1767653463044,29,200,true,110,110,29
1767653463044,30,200,true,110,110,30
1767653463043,31,200,true,110,110,31
1767653463045,29,200,true,110,110,29
1767653463043,31,200,true,110,110,31
1767653463043,31,200,true,110,110,31
1767653463042,32,200,true,110,110,32
1767653463046,28,200,true,110,110,28
1767653463042,32,200,true,110,110,32
1767653463048,45,200,true,110,110,45
1767653463061,32,200,true,110,110,32
1767653463050,43,200,true,110,110,43
1767653463051,42,200,true,110,110,42
1767653463052,42,200,true,110,110,42
1767653463052,42,200,true,110,110,42
1767653463052,42,200,true,110,110,42
1767653463053,41,200,true,110,110,41
1767653463047,47,200,true,110,110,47
1767653463051,43,200,true,110,110,43
1767653463050,44,200,true,110,110,44
1767653463050,44,200,true,110,110,44
1767653463051,44,200,true,110,110,44
1767653463050,45,200,true,110,110,45
1767653463061,34,200,true,110,110,34
1767653463049,46,200,true,110,110,46
1767653463052,43,200,true,110,110,43
1767653463052,43,200,true,110,110,43
1767653463050,45,200,true,110,110,45
1767653463051,45,200,true,110,110,45
1767653463050,46,200,true,110,110,46
1767653463048,48,200,true,110,110,48
1767653463051,45,200,true,110,110,45
1767653463051,45,200,true,110,110,45
1767653463049,47,200,true,110,110,47
1767653463052,44,200,true,110,110,44
1767653463051,45,200,true,110,110,45
1767653463046,51,200,true,110,110,51
1767653463051,46,200,true,110,110,46
1767653463051,46,200,true,110,110,46
1767653463049,48,200,true,110,110,48
1767653463050,47,200,true,110,110,47
1767653463050,47,200,true,110,110,47
1767653463051,46,200,true,110,110,46
1767653463058,41,200,true,110,110,41
1767653463047,52,200,true,110,110,51
1767653463052,47,200,true,110,110,47
1767653463049,50,200,true,110,110,50
1767653463057,43,200,true,110,110,43
1767653463051,49,200,true,110,110,48
1767653463052,48,200,true,110,110,48
1767653463051,50,200,true,110,110,50
1767653463062,39,200,true,110,110,39
1767653463064,37,200,true,110,110,37
1767653463064,37,200,true,110,110,37
1767653463062,40,200,true,110,110,40
1767653463062,40,200,true,110,110,40
1767653463059,43,200,true,110,110,43
1767653463064,38,200,true,110,110,37
1767653463060,42,200,true,110,110,41
1767653463063,40,200,true,110,110,40
1767653463064,39,200,true,110,110,39
1767653463049,54,200,true,110,110,54
1767653463063,40,200,true,110,110,40
1767653463052,51,200,true,110,110,51
1767653463060,43,200,true,110,110,43
1767653463060,44,200,true,110,110,44
1767653463063,41,200,true,110,110,41
1767653463063,41,200,true,110,110,41
1767653463059,46,200,true,110,110,46
1767653463063,42,200,true,110,110,42
1767653463064,41,200,true,110,110,41
1767653463056,49,200,true,110,110,49
1767653463064,41,200,true,110,110,41
1767653463058,47,200,true,110,110,44
1767653463053,52,200,true,110,110,52
1767653463053,53,200,true,110,110,53
1767653463048,58,200,true,110,110,54
1767653463061,46,200,true,110,110,46
1767653463057,50,200,true,110,110,49
1767653463047,61,200,true,110,110,61
1767653463069,44,200,true,110,110,44
1767653463073,40,200,true,110,110,40
1767653463069,44,200,true,110,110,44
1767653463069,44,200,true,110,110,44
1767653463045,68,200,true,110,110,68
1767653463068,45,200,true,110,110,45
1767653463073,40,200,true,110,110,40
1767653463069,44,200,true,110,110,44
1767653463073,40,200,true,110,110,40
1767653463069,44,200,true,110,110,44
1767653463069,45,200,true,110,110,45
1767653463073,41,200,true,110,110,41
1767653463074,40,200,true,110,110,40
1767653463074,40,200,true,110,110,40
1767653463074,40,200,true,110,110,40
1767653463074,40,200,true,110,110,40
1767653463069,47,200,true,110,110,47
1767653463068,48,200,true,110,110,48
1767653463064,52,200,true,110,110,52
1767653463074,42,200,true,110,110,42
1767653463068,48,200,true,110,110,48
1767653463073,45,200,true,110,110,45
1767653463072,46,200,true,110,110,46
1767653463074,44,200,true,110,110,44
1767653463072,46,200,true,110,110,46
1767653463074,44,200,true,110,110,44
1767653463068,50,200,true,110,110,50
1767653463073,46,200,true,110,110,46
1767653463094,25,200,true,110,110,25
1767653463069,50,200,true,110,110,50
1767653463094,25,200,true,110,110,25
1767653463073,46,200,true,110,110,46
1767653463069,51,200,true,110,110,50
1767653463093,27,200,true,110,110,27
1767653463099,21,200,true,110,110,21
1767653463093,27,200,true,110,110,27
1767653463094,26,200,true,110,110,26
1767653463099,21,200,true,110,110,21
1767653463094,27,200,true,110,110,26
1767653463099,23,200,true,110,110,22
1767653463062,60,200,true,110,110,60
1767653463069,53,200,true,110,110,53
1767653463073,49,200,true,110,110,49
1767653463070,52,200,true,110,110,52
1767653463061,62,200,true,110,110,62
1767653463073,50,200,true,110,110,50
1767653463062,61,200,true,110,110,61
1767653463093,30,200,true,110,110,30
1767653463094,29,200,true,110,110,29
1767653463094,30,200,true,110,110,30
1767653463093,31,200,true,110,110,31
1767653463094,30,200,true,110,110,30
1767653463094,30,200,true,110,110,30
1767653463074,50,200,true,110,110,50
1767653463096,31,200,true,110,110,31
1767653463105,25,200,true,110,110,25
1767653463102,28,200,true,110,110,28
1767653463097,33,200,true,110,110,33
1767653463103,27,200,true,110,110,27
1767653463097,33,200,true,110,110,33
1767653463103,28,200,true,110,110,28
1767653463097,34,200,true,110,110,34
1767653463096,35,200,true,110,110,35
1767653463095,36,200,true,110,110,36
1767653463100,31,200,true,110,110,31
1767653463105,26,200,true,110,110,26
1767653463100,32,200,true,110,110,32
1767653463096,36,200,true,110,110,36
1767653463103,29,200,true,110,110,29
1767653463097,35,200,true,110,110,35
1767653463104,28,200,true,110,110,28
1767653463105,27,200,true,110,110,27
1767653463106,26,200,true,110,110,26
1767653463102,30,200,true,110,110,30
1767653463103,30,200,true,110,110,29
1767653463096,37,200,true,110,110,37
1767653463105,28,200,true,110,110,28
1767653463097,36,200,true,110,110,36
1767653463105,28,200,true,110,110,28
1767653463095,39,200,true,110,110,39
1767653463096,38,200,true,110,110,38
1767653463103,31,200,true,110,110,31
1767653463101,34,200,true,110,110,34
1767653463097,38,200,true,110,110,38
1767653463100,35,200,true,110,110,35
1767653463097,38,200,true,110,110,38
1767653463101,48,200,true,110,110,48
1767653463103,46,200,true,110,110,46
1767653463103,46,200,true,110,110,46
1767653463096,53,200,true,110,110,53
1767653463097,52,200,true,110,110,52
1767653463102,47,200,true,110,110,47
1767653463102,48,200,true,110,110,48
1767653463105,45,200,true,110,110,45
1767653463101,49,200,true,110,110,49
1767653463095,55,200,true,110,110,55
1767653463106,44,200,true,110,110,44
1767653463096,54,200,true,110,110,54
1767653463096,54,200,true,110,110,54
1767653463104,46,200,true,110,110,46
1767653463100,51,200,true,110,110,51
1767653463095,56,200,true,110,110,56
1767653463095,56,200,true,110,110,56
1767653463095,57,200,true,110,110,57
1767653463114,42,200,true,110,110,42
1767653463114,42,200,true,110,110,42
1767653463118,38,200,true,110,110,38
1767653463102,55,200,true,110,110,55
1767653463108,49,200,true,110,110,49
1767653463113,44,200,true,110,110,44
1767653463113,44,200,true,110,110,44
1767653463122,35,200,true,110,110,35
1767653463124,34,200,true,110,110,34
1767653463113,45,200,true,110,110,45
1767653463124,34,200,true,110,110,34
1767653463114,44,200,true,110,110,44
1767653463123,35,200,true,110,110,35
1767653463120,38,200,true,110,110,38
1767653463113,56,200,true,110,110,56
1767653463134,35,200,true,110,110,35
1767653463116,53,200,true,110,110,53
1767653463131,38,200,true,110,110,38
1767653463119,50,200,true,110,110,50
1767653463131,39,200,true,110,110,38
1767653463113,57,200,true,110,110,57
1767653463131,39,200,true,110,110,39
1767653463130,44,200,true,110,110,44
1767653463130,45,200,true,110,110,45
1767653463107,68,200,true,110,110,68
1767653463120,55,200,true,110,110,55
1767653463134,41,200,true,110,110,41
1767653463124,51,200,true,110,110,51
1767653463120,55,200,true,110,110,55
1767653463114,61,200,true,110,110,61
1767653463105,70,200,true,110,110,70
1767653463120,55,200,true,110,110,55
1767653463120,55,200,true,110,110,55
1767653463116,59,200,true,110,110,59
1767653463124,51,200,true,110,110,51
1767653463135,41,200,true,110,110,40
1767653463116,60,200,true,110,110,60
1767653463123,53,200,true,110,110,53
1767653463108,68,200,true,110,110,68
1767653463114,62,200,true,110,110,62
1767653463122,54,200,true,110,110,54
1767653463106,70,200,true,110,110,70
1767653463123,53,200,true,110,110,53
1767653463119,57,200,true,110,110,57
1767653463118,58,200,true,110,110,58
1767653463113,64,200,true,110,110,64
1767653463114,64,200,true,110,110,64
1767653463116,62,200,true,110,110,62
1767653463120,58,200,true,110,110,58
1767653463123,56,200,true,110,110,56
1767653463118,61,200,true,110,110,56
1767653463134,45,200,true,110,110,45
1767653463157,22,200,true,110,110,22
1767653463131,49,200,true,110,110,49
1767653463131,49,200,true,110,110,49
1767653463127,53,200,true,110,110,53
1767653463135,45,200,true,110,110,45
1767653463122,59,200,true,110,110,59
1767653463133,48,200,true,110,110,48
1767653463121,60,200,true,110,110,60
1767653463132,49,200,true,110,110,49
1767653463157,25,200,true,110,110,25
1767653463158,24,200,true,110,110,24
1767653463158,24,200,true,110,110,24
1767653463158,24,200,true,110,110,24
1767653463132,50,200,true,110,110,50
1767653463151,32,200,true,110,110,32
1767653463150,33,200,true,110,110,33
1767653463113,70,200,true,110,110,70
1767653463133,50,200,true,110,110,50
1767653463130,53,200,true,110,110,53
1767653463132,51,200,true,110,110,51
1767653463156,28,200,true,110,110,28
1767653463150,34,200,true,110,110,34
1767653463150,34,200,true,110,110,34
1767653463150,34,200,true,110,110,34
1767653463135,49,200,true,110,110,49
1767653463133,51,200,true,110,110,51
1767653463149,35,200,true,110,110,35
1767653463131,53,200,true,110,110,53
1767653463158,26,200,true,110,110,26
1767653463157,27,200,true,110,110,27
1767653463156,29,200,true,110,110,29
1767653463119,66,200,true,110,110,66
1767653463113,72,200,true,110,110,72
1767653463158,27,200,true,110,110,27
1767653463113,72,200,true,110,110,69
1767653463150,36,200,true,110,110,36
1767653463157,29,200,true,110,110,29
1767653463149,37,200,true,110,110,37
1767653463158,28,200,true,110,110,28
1767653463149,37,200,true,110,110,36
1767653463156,30,200,true,110,110,30
1767653463157,30,200,true,110,110,30
1767653463151,37,200,true,110,110,37
1767653463119,69,200,true,110,110,69
1767653463132,56,200,true,110,110,56
1767653463122,67,200,true,110,110,67
1767653463113,76,200,true,110,110,76
1767653463151,38,200,true,110,110,38
1767653463119,70,200,true,110,110,70
1767653463122,67,200,true,110,110,67
1767653463135,54,200,true,110,110,54
1767653463119,70,200,true,110,110,70
1767653463118,71,200,true,110,110,71
1767653463123,67,200,true,110,110,67
1767653463132,58,200,true,110,110,58
1767653463116,74,200,true,110,110,74
1767653463149,41,200,true,110,110,41
1767653463132,58,200,true,110,110,58
1767653463149,41,200,true,110,110,41
1767653463132,58,200,true,110,110,58
1767653463118,73,200,true,110,110,72
1767653463133,58,200,true,110,110,49
1767653463131,60,200,true,110,110,60
1767653463133,58,200,true,110,110,48
1767653463149,42,200,true,110,110,42
1767653463124,67,200,true,110,110,67
1767653463152,39,200,true,110,110,39
1767653463151,40,200,true,110,110,33
1767653463150,41,200,true,110,110,41
1767653463132,59,200,true,110,110,51
1767653463150,41,200,true,110,110,41
1767653463130,61,200,true,110,110,50
1767653463170,22,200,true,110,110,22
1767653463175,27,200,true,110,110,27
1767653463170,32,200,true,110,110,32
1767653463176,26,200,true,110,110,26
1767653463176,26,200,true,110,110,26
1767653463175,27,200,true,110,110,27
1767653463175,27,200,true,110,110,27
1767653463170,32,200,true,110,110,32
1767653463176,27,200,true,110,110,27
1767653463175,28,200,true,110,110,28
1767653463169,34,200,true,110,110,34
1767653463175,28,200,true,110,110,28
1767653463175,28,200,true,110,110,28
1767653463169,34,200,true,110,110,34
1767653463170,33,200,true,110,110,33
1767653463176,27,200,true,110,110,27
1767653463174,29,200,true,110,110,29
1767653463175,28,200,true,110,110,28
1767653463175,29,200,true,110,110,28
1767653463175,29,200,true,110,110,29
1767653463175,29,200,true,110,110,29
1767653463176,28,200,true,110,110,28
1767653463170,34,200,true,110,110,34
1767653463176,28,200,true,110,110,28
1767653463169,35,200,true,110,110,35
1767653463189,17,200,true,110,110,17
1767653463176,30,200,true,110,110,30
1767653463184,22,200,true,110,110,22
1767653463186,20,200,true,110,110,20
1767653463176,31,200,true,110,110,31
1767653463185,22,200,true,110,110,22
1767653463184,23,200,true,110,110,23
1767653463179,28,200,true,110,110,28
1767653463189,18,200,true,110,110,18
1767653463175,32,200,true,110,110,32
1767653463178,29,200,true,110,110,29
1767653463186,21,200,true,110,110,21
1767653463176,31,200,true,110,110,31
1767653463184,23,200,true,110,110,23
1767653463179,28,200,true,110,110,28
1767653463183,24,200,true,110,110,24
1767653463180,29,200,true,110,110,29
1767653463177,32,200,true,110,110,32
1767653463175,34,200,true,110,110,34
1767653463185,24,200,true,110,110,24
1767653463176,34,200,true,110,110,34
1767653463191,19,200,true,110,110,19
1767653463182,28,200,true,110,110,28
1767653463181,30,200,true,110,110,30
1767653463180,34,200,true,110,110,28
1767653463178,36,200,true,110,110,28
1767653463190,26,200,true,110,110,26
1767653463191,26,200,true,110,110,23
1767653463185,33,200,true,110,110,33
1767653463178,41,200,true,110,110,41
1767653463189,30,200,true,110,110,30
1767653463186,49,200,true,110,110,49
1767653463189,46,200,true,110,110,46
1767653463202,33,200,true,110,110,33
1767653463182,53,200,true,110,110,53
1767653463202,34,200,true,110,110,34
1767653463189,47,200,true,110,110,47
1767653463186,50,200,true,110,110,50
1767653463183,53,200,true,110,110,53
1767653463189,47,200,true,110,110,47
1767653463186,50,200,true,110,110,50
1767653463179,57,200,true,110,110,57
1767653463181,55,200,true,110,110,55
1767653463190,46,200,true,110,110,46
1767653463184,53,200,true,110,110,53
1767653463191,46,200,true,110,110,46
1767653463202,35,200,true,110,110,35
1767653463182,55,200,true,110,110,55
1767653463190,47,200,true,110,110,47
1767653463191,46,200,true,110,110,46
1767653463204,33,200,true,110,110,33
1767653463189,48,200,true,110,110,48
1767653463206,31,200,true,110,110,31
1767653463181,56,200,true,110,110,56
1767653463184,53,200,true,110,110,53
1767653463202,35,200,true,110,110,35
1767653463191,46,200,true,110,110,46
1767653463185,52,200,true,110,110,52
1767653463203,35,200,true,110,110,35
1767653463183,55,200,true,110,110,55
1767653463202,36,200,true,110,110,36
1767653463183,55,200,true,110,110,55
1767653463189,49,200,true,110,110,49
1767653463188,50,200,true,110,110,50
1767653463184,55,200,true,110,110,55
1767653463203,36,200,true,110,110,36
1767653463204,35,200,true,110,110,35
1767653463184,55,200,true,110,110,55
1767653463183,56,200,true,110,110,56
1767653463207,32,200,true,110,110,32
1767653463191,49,200,true,110,110,49
1767653463203,37,200,true,110,110,37
1767653463206,34,200,true,110,110,34
1767653463209,31,200,true,110,110,31
1767653463203,37,200,true,110,110,37
1767653463210,30,200,true,110,110,30
1767653463203,37,200,true,110,110,37
1767653463203,37,200,true,110,110,37
1767653463183,57,200,true,110,110,57
1767653463181,59,200,true,110,110,59
1767653463210,30,200,true,110,110,30
1767653463183,57,200,true,110,110,57
1767653463207,33,200,true,110,110,33
1767653463191,49,200,true,110,110,49
1767653463188,52,200,true,110,110,52
1767653463206,34,200,true,110,110,34
1767653463210,30,200,true,110,110,30
1767653463207,34,200,true,110,110,33
1767653463207,34,200,true,110,110,34
1767653463209,32,200,true,110,110,32
1767653463209,32,200,true,110,110,32
1767653463191,50,200,true,110,110,50
1767653463203,39,200,true,110,110,39
1767653463192,50,200,true,110,110,50
1767653463203,39,200,true,110,110,39
1767653463203,39,200,true,110,110,39
1767653463207,35,200,true,110,110,34
1767653463209,36,200,true,110,110,36
1767653463216,29,200,true,110,110,29
1767653463219,27,200,true,110,110,27
1767653463207,39,200,true,110,110,39
1767653463219,27,200,true,110,110,27
1767653463203,43,200,true,110,110,43
1767653463204,42,200,true,110,110,42
1767653463236,11,200,true,110,110,11
1767653463235,13,200,true,110,110,13
1767653463204,44,200,true,110,110,44
1767653463218,30,200,true,110,110,30
1767653463214,34,200,true,110,110,34
1767653463185,63,200,true,110,110,63
1767653463238,10,200,true,110,110,10
1767653463207,42,200,true,110,110,42
1767653463235,14,200,true,110,110,14
1767653463211,38,200,true,110,110,38
1767653463208,41,200,true,110,110,41
1767653463235,14,200,true,110,110,14
1767653463207,42,200,true,110,110,42
1767653463237,12,200,true,110,110,12
1767653463184,66,200,true,110,110,65
1767653463236,14,200,true,110,110,14
1767653463236,14,200,true,110,110,14
1767653463207,43,200,true,110,110,43
1767653463206,44,200,true,110,110,44
1767653463236,14,200,true,110,110,14
1767653463237,13,200,true,110,110,13
1767653463191,59,200,true,110,110,59
1767653463236,14,200,true,110,110,14
1767653463180,70,200,true,110,110,70
1767653463236,14,200,true,110,110,14
1767653463236,14,200,true,110,110,14
1767653463237,13,200,true,110,110,13
1767653463202,48,200,true,110,110,48
1767653463181,69,200,true,110,110,69
1767653463190,61,200,true,110,110,61
1767653463217,34,200,true,110,110,34
1767653463237,14,200,true,110,110,14
1767653463191,60,200,true,110,110,60
1767653463184,67,200,true,110,110,67
1767653463191,60,200,true,110,110,60
1767653463204,47,200,true,110,110,47
1767653463190,61,200,true,110,110,61
1767653463214,37,200,true,110,110,37
1767653463204,47,200,true,110,110,47
1767653463190,61,200,true,110,110,61
1767653463179,72,200,true,110,110,60
1767653463190,61,200,true,110,110,46
1767653463186,65,200,true,110,110,65
1767653463182,69,200,true,110,110,59
1767653463185,66,200,true,110,110,50
1767653463204,47,200,true,110,110,47
1767653463191,61,200,true,110,110,50
1767653463187,65,200,true,110,110,51
1767653463207,45,200,true,110,110,35
1767653463203,49,200,true,110,110,49
1767653463188,64,200,true,110,110,60
1767653463207,45,200,true,110,110,43
1767653463235,19,200,true,110,110,19
1767653463237,20,200,true,110,110,20
1767653463236,21,200,true,110,110,21
1767653463237,21,200,true,110,110,21
1767653463237,21,200,true,110,110,21
1767653463236,22,200,true,110,110,22
1767653463239,20,200,true,110,110,20
1767653463252,7,200,true,110,110,7
1767653463250,9,200,true,110,110,9
1767653463240,19,200,true,110,110,19
1767653463245,15,200,true,110,110,15
1767653463249,11,200,true,110,110,11
1767653463237,23,200,true,110,110,22
1767653463249,11,200,true,110,110,11
1767653463237,31,200,true,110,110,31
1767653463249,26,200,true,110,110,24
1767653463251,27,200,true,110,110,27
1767653463242,36,200,true,110,110,36
1767653463240,39,200,true,110,110,39
1767653463251,28,200,true,110,110,28
1767653463241,38,200,true,110,110,38
1767653463241,38,200,true,110,110,38
1767653463238,41,200,true,110,110,41
1767653463248,35,200,true,110,110,35
1767653463252,31,200,true,110,110,31
1767653463251,33,200,true,110,110,32
1767653463250,34,200,true,110,110,34
1767653463238,46,200,true,110,110,46
1767653463251,33,200,true,110,110,33
1767653463250,34,200,true,110,110,34
1767653463251,33,200,true,110,110,33
1767653463238,46,200,true,110,110,46
1767653463251,33,200,true,110,110,33
1767653463251,33,200,true,110,110,33
1767653463248,36,200,true,110,110,36
1767653463246,38,200,true,110,110,38
1767653463237,47,200,true,110,110,47
1767653463249,36,200,true,110,110,36
1767653463237,48,200,true,110,110,48
1767653463250,35,200,true,110,110,35
1767653463250,35,200,true,110,110,35
1767653463251,34,200,true,110,110,34
1767653463248,37,200,true,110,110,37
1767653463250,35,200,true,110,110,35
1767653463238,47,200,true,110,110,47
1767653463240,45,200,true,110,110,45
1767653463240,45,200,true,110,110,45
1767653463240,45,200,true,110,110,45
1767653463251,34,200,true,110,110,34
1767653463249,36,200,true,110,110,36
1767653463242,43,200,true,110,110,43
1767653463250,35,200,true,110,110,35
1767653463247,38,200,true,110,110,38
1767653463245,40,200,true,110,110,40
1767653463242,44,200,true,110,110,44
1767653463240,46,200,true,110,110,46
1767653463246,40,200,true,110,110,40
1767653463250,36,200,true,110,110,36
1767653463241,45,200,true,110,110,45
1767653463250,36,200,true,110,110,36
1767653463250,36,200,true,110,110,36
1767653463240,46,200,true,110,110,46
1767653463240,46,200,true,110,110,46
1767653463252,34,200,true,110,110,34
1767653463240,46,200,true,110,110,46
1767653463251,35,200,true,110,110,35
1767653463241,45,200,true,110,110,45
1767653463251,35,200,true,110,110,35
1767653463237,49,200,true,110,110,49
1767653463251,36,200,true,110,110,36
1767653463246,41,200,true,110,110,41
1767653463239,48,200,true,110,110,48
1767653463249,38,200,true,110,110,38
1767653463238,49,200,true,110,110,49
1767653463239,48,200,true,110,110,48
1767653463240,47,200,true,110,110,47
1767653463240,47,200,true,110,110,47
1767653463242,46,200,true,110,110,45
1767653463240,48,200,true,110,110,48
1767653463246,42,200,true,110,110,42
1767653463240,48,200,true,110,110,48
1767653463251,37,200,true,110,110,37
1767653463240,48,200,true,110,110,48
1767653463242,47,200,true,110,110,47
1767653463252,37,200,true,110,110,37
1767653463250,39,200,true,110,110,39
1767653463251,38,200,true,110,110,38
1767653463241,49,200,true,110,110,49
1767653463240,50,200,true,110,110,50
1767653463250,40,200,true,110,110,40
1767653463248,42,200,true,110,110,42
1767653463241,49,200,true,110,110,49
1767653463254,36,200,true,110,110,36
1767653463251,40,200,true,110,110,39
1767653463258,36,200,true,110,110,36
1767653463239,55,200,true,110,110,55
1767653463239,55,200,true,110,110,55
1767653463248,50,200,true,110,110,42
1767653463275,27,200,true,110,110,27
1767653463260,43,200,true,110,110,43
1767653463260,43,200,true,110,110,43
1767653463250,53,200,true,110,110,53
1767653463258,45,200,true,110,110,45
1767653463251,52,200,true,110,110,52
1767653463258,46,200,true,110,110,46
1767653463248,56,200,true,110,110,56
1767653463252,52,200,true,110,110,52
1767653463252,52,200,true,110,110,52
1767653463279,25,200,true,110,110,25
1767653463238,66,200,true,110,110,66
1767653463252,52,200,true,110,110,52
1767653463259,45,200,true,110,110,45
1767653463286,18,200,true,110,110,18
1767653463283,21,200,true,110,110,21
1767653463260,44,200,true,110,110,44
1767653463259,45,200,true,110,110,45
1767653463240,65,200,true,110,110,65
1767653463286,19,200,true,110,110,19
1767653463285,20,200,true,110,110,20
1767653463260,45,200,true,110,110,45
1767653463250,55,200,true,110,110,55
1767653463285,20,200,true,110,110,20
1767653463239,66,200,true,110,110,66
1767653463246,59,200,true,110,110,59
1767653463250,55,200,true,110,110,55
1767653463257,49,200,true,110,110,49
1767653463285,21,200,true,110,110,21
1767653463286,20,200,true,110,110,20
1767653463237,69,200,true,110,110,69
1767653463268,38,200,true,110,110,38
1767653463279,27,200,true,110,110,27
1767653463257,50,200,true,110,110,50
1767653463260,48,200,true,110,110,48
1767653463286,24,200,true,110,110,24
1767653463284,26,200,true,110,110,26
1767653463259,51,200,true,110,110,51
1767653463284,26,200,true,110,110,26
1767653463284,26,200,true,110,110,26
1767653463284,26,200,true,110,110,26
1767653463278,32,200,true,110,110,27
1767653463286,24,200,true,110,110,24
1767653463249,61,200,true,110,110,61
1767653463284,26,200,true,110,110,26
1767653463285,26,200,true,110,110,26
1767653463285,26,200,true,110,110,26
1767653463284,29,200,true,110,110,29
1767653463286,27,200,true,110,110,27
1767653463286,27,200,true,110,110,27
1767653463286,27,200,true,110,110,27
1767653463279,34,200,true,110,110,34
1767653463284,29,200,true,110,110,29
1767653463286,27,200,true,110,110,27
1767653463283,30,200,true,110,110,30
1767653463285,29,200,true,110,110,29
1767653463286,32,200,true,110,110,32
1767653463289,30,200,true,110,110,30
1767653463290,29,200,true,110,110,29
1767653463285,34,200,true,110,110,34
1767653463287,33,200,true,110,110,33
1767653463278,42,200,true,110,110,42
1767653463279,41,200,true,110,110,41
1767653463279,42,200,true,110,110,42
1767653463285,36,200,true,110,110,36
1767653463288,37,200,true,110,110,37
1767653463284,42,200,true,110,110,42
1767653463286,41,200,true,110,110,41
1767653463290,37,200,true,110,110,37
1767653463285,47,200,true,110,110,47
1767653463291,42,200,true,110,110,42
1767653463290,43,200,true,110,110,43
1767653463289,44,200,true,110,110,44
1767653463288,45,200,true,110,110,45
1767653463284,50,200,true,110,110,50
1767653463290,44,200,true,110,110,44
1767653463294,40,200,true,110,110,40
1767653463289,45,200,true,110,110,45
1767653463285,50,200,true,110,110,50
1767653463303,33,200,true,110,110,33
1767653463290,46,200,true,110,110,46
1767653463302,34,200,true,110,110,34
1767653463294,42,200,true,110,110,42
1767653463304,32,200,true,110,110,32
1767653463304,32,200,true,110,110,32
1767653463305,31,200,true,110,110,31
1767653463303,33,200,true,110,110,33
1767653463306,30,200,true,110,110,30
1767653463304,33,200,true,110,110,33
1767653463304,33,200,true,110,110,33
1767653463294,44,200,true,110,110,44
1767653463288,50,200,true,110,110,50
1767653463286,52,200,true,110,110,52
1767653463287,51,200,true,110,110,51
1767653463290,48,200,true,110,110,48
1767653463287,51,200,true,110,110,51
1767653463298,41,200,true,110,110,41
1767653463288,51,200,true,110,110,51
1767653463287,52,200,true,110,110,52
1767653463287,52,200,true,110,110,52
1767653463288,51,200,true,110,110,51
1767653463285,55,200,true,110,110,55
1767653463286,54,200,true,110,110,54
1767653463286,54,200,true,110,110,54
1767653463291,49,200,true,110,110,49
1767653463284,56,200,true,110,110,56
1767653463285,55,200,true,110,110,52
1767653463285,55,200,true,110,110,51
1767653463288,53,200,true,110,110,53
1767653463286,55,200,true,110,110,55
1767653463287,54,200,true,110,110,54
1767653463284,57,200,true,110,110,57
1767653463285,56,200,true,110,110,56
1767653463285,56,200,true,110,110,56
1767653463286,56,200,true,110,110,56
1767653463287,55,200,true,110,110,55
1767653463287,55,200,true,110,110,55
1767653463285,57,200,true,110,110,57
1767653463284,58,200,true,110,110,58
1767653463303,46,200,true,110,110,46
1767653463319,30,200,true,110,110,30
1767653463313,37,200,true,110,110,37
1767653463319,31,200,true,110,110,31
1767653463320,31,200,true,110,110,31
1767653463313,38,200,true,110,110,38
1767653463310,42,200,true,110,110,42
1767653463310,42,200,true,110,110,42
1767653463328,24,200,true,110,110,24
1767653463308,44,200,true,110,110,44
1767653463310,42,200,true,110,110,42
1767653463310,42,200,true,110,110,42
1767653463313,39,200,true,110,110,39
1767653463305,47,200,true,110,110,47
1767653463306,46,200,true,110,110,46
1767653463305,48,200,true,110,110,48
1767653463306,47,200,true,110,110,47
1767653463304,49,200,true,110,110,49
1767653463304,49,200,true,110,110,49
1767653463305,48,200,true,110,110,48
1767653463305,48,200,true,110,110,48
1767653463310,43,200,true,110,110,43
1767653463304,49,200,true,110,110,49
1767653463310,43,200,true,110,110,43
1767653463305,48,200,true,110,110,48
1767653463306,47,200,true,110,110,47
1767653463303,50,200,true,110,110,50
1767653463304,49,200,true,110,110,49
1767653463310,44,200,true,110,110,44
1767653463310,44,200,true,110,110,44
1767653463303,51,200,true,110,110,51
1767653463319,35,200,true,110,110,35
1767653463305,49,200,true,110,110,49
1767653463304,50,200,true,110,110,50
1767653463310,44,200,true,110,110,44
1767653463304,50,200,true,110,110,50
1767653463326,28,200,true,110,110,28
1767653463313,41,200,true,110,110,41
1767653463313,41,200,true,110,110,41
1767653463313,41,200,true,110,110,41
1767653463320,35,200,true,110,110,35
1767653463305,50,200,true,110,110,50
1767653463336,20,200,true,110,110,20
1767653463339,17,200,true,110,110,17
1767653463320,36,200,true,110,110,36
1767653463325,32,200,true,110,110,32
1767653463311,46,200,true,110,110,46
1767653463336,21,200,true,110,110,21
1767653463334,23,200,true,110,110,23
1767653463306,51,200,true,110,110,51
1767653463307,50,200,true,110,110,50
1767653463306,52,200,true,110,110,52
1767653463336,22,200,true,110,110,22
1767653463321,38,200,true,110,110,38
1767653463318,41,200,true,110,110,39
1767653463341,19,200,true,110,110,19
1767653463321,39,200,true,110,110,39
1767653463336,24,200,true,110,110,23
1767653463314,47,200,true,110,110,47
1767653463327,34,200,true,110,110,34
1767653463313,49,200,true,110,110,49
1767653463310,53,200,true,110,110,53
1767653463304,59,200,true,110,110,59
1767653463334,29,200,true,110,110,29
1767653463339,25,200,true,110,110,25
1767653463336,28,200,true,110,110,28
1767653463313,51,200,true,110,110,51
1767653463338,26,200,true,110,110,26
1767653463338,26,200,true,110,110,26
1767653463340,24,200,true,110,110,24
1767653463336,28,200,true,110,110,28
1767653463340,24,200,true,110,110,24
1767653463311,53,200,true,110,110,53
1767653463332,32,200,true,110,110,32
1767653463341,23,200,true,110,110,23
1767653463342,22,200,true,110,110,22
1767653463338,27,200,true,110,110,27
1767653463340,25,200,true,110,110,25
1767653463305,60,200,true,110,110,60
1767653463305,60,200,true,110,110,60
1767653463333,32,200,true,110,110,32
1767653463342,23,200,true,110,110,23
1767653463341,24,200,true,110,110,24
1767653463336,29,200,true,110,110,29
1767653463334,32,200,true,110,110,32
1767653463337,29,200,true,110,110,29
1767653463335,31,200,true,110,110,31
1767653463337,29,200,true,110,110,29
1767653463342,24,200,true,110,110,24
1767653463336,30,200,true,110,110,30
1767653463338,28,200,true,110,110,28
1767653463338,29,200,true,110,110,29
1767653463333,34,200,true,110,110,34
1767653463341,26,200,true,110,110,26
1767653463340,27,200,true,110,110,27
1767653463334,33,200,true,110,110,33
1767653463339,29,200,true,110,110,29
1767653463339,29,200,true,110,110,29
1767653463333,35,200,true,110,110,35
1767653463340,29,200,true,110,110,29
1767653463336,33,200,true,110,110,33
1767653463340,29,200,true,110,110,29
1767653463340,29,200,true,110,110,29
1767653463338,31,200,true,110,110,31
1767653463334,35,200,true,110,110,35
1767653463340,30,200,true,110,110,30
1767653463341,29,200,true,110,110,29
1767653463341,29,200,true,110,110,29
1767653463359,21,200,true,110,110,21
1767653463360,20,200,true,110,110,20
1767653463342,38,200,true,110,110,38
1767653463357,23,200,true,110,110,23
1767653463342,38,200,true,110,110,38
1767653463355,27,200,true,110,110,27
1767653463354,34,200,true,110,110,34
1767653463364,30,200,true,110,110,30
1767653463352,42,200,true,110,110,42
1767653463361,34,200,true,110,110,34
1767653463358,37,200,true,110,110,37
1767653463352,43,200,true,110,110,43
1767653463366,29,200,true,110,110,29
1767653463354,42,200,true,110,110,42
1767653463353,43,200,true,110,110,43
1767653463358,38,200,true,110,110,38
1767653463353,45,200,true,110,110,45
1767653463360,38,200,true,110,110,38
1767653463364,34,200,true,110,110,34
1767653463354,44,200,true,110,110,44
1767653463351,47,200,true,110,110,47
1767653463355,43,200,true,110,110,42
1767653463353,46,200,true,110,110,46
1767653463370,29,200,true,110,110,29
1767653463353,46,200,true,110,110,46
1767653463364,36,200,true,110,110,36
1767653463363,37,200,true,110,110,37
1767653463363,37,200,true,110,110,37
1767653463350,50,200,true,110,110,50
1767653463354,46,200,true,110,110,46
1767653463357,43,200,true,110,110,43
1767653463366,37,200,true,110,110,37
1767653463364,40,200,true,110,110,40
1767653463357,47,200,true,110,110,47
1767653463357,47,200,true,110,110,47
1767653463364,40,200,true,110,110,40
1767653463354,50,200,true,110,110,50
1767653463354,50,200,true,110,110,50
1767653463353,52,200,true,110,110,52
1767653463370,35,200,true,110,110,35
1767653463365,40,200,true,110,110,40
1767653463369,36,200,true,110,110,36
1767653463356,49,200,true,110,110,49
1767653463370,35,200,true,110,110,35
1767653463365,40,200,true,110,110,40
1767653463354,51,200,true,110,110,51
1767653463365,40,200,true,110,110,40
1767653463367,39,200,true,110,110,39
1767653463369,37,200,true,110,110,37
1767653463368,38,200,true,110,110,38
1767653463352,54,200,true,110,110,54
1767653463366,40,200,true,110,110,40
1767653463360,46,200,true,110,110,46
1767653463353,53,200,true,110,110,53
1767653463357,49,200,true,110,110,49
1767653463364,43,200,true,110,110,43
1767653463354,53,200,true,110,110,53
1767653463364,43,200,true,110,110,42
1767653463357,50,200,true,110,110,50
1767653463349,58,200,true,110,110,58
1767653463364,43,200,true,110,110,43
1767653463352,55,200,true,110,110,55
1767653463367,40,200,true,110,110,40
1767653463352,55,200,true,110,110,55
1767653463353,54,200,true,110,110,54
1767653463388,19,200,true,110,110,19
1767653463363,44,200,true,110,110,44
1767653463354,53,200,true,110,110,53
1767653463382,25,200,true,110,110,25
1767653463369,38,200,true,110,110,38
1767653463356,51,200,true,110,110,51
1767653463362,46,200,true,109,109,46
1767653463365,43,200,true,109,109,43
1767653463369,39,200,true,109,109,39
1767653463364,44,200,true,109,109,44
1767653463365,43,200,true,109,109,43
1767653463380,28,200,true,109,109,28
1767653463368,40,200,true,109,109,40
1767653463366,42,200,true,109,109,42
1767653463365,43,200,true,109,109,43
1767653463369,39,200,true,109,109,39
1767653463353,55,200,true,109,109,55
1767653463354,54,200,true,109,109,54
1767653463366,42,200,true,109,109,42
1767653463367,42,200,true,109,109,42
1767653463352,57,200,true,109,109,57
1767653463352,57,200,true,109,109,57
1767653463353,56,200,true,109,109,56
1767653463364,45,200,true,109,109,45
1767653463380,29,200,true,109,109,29
1767653463354,55,200,true,109,109,52
1767653463352,57,200,true,109,109,57
1767653463352,57,200,true,109,109,57
1767653463364,46,200,true,109,109,46
1767653463368,42,200,true,109,109,42
1767653463350,60,200,true,109,109,60
1767653463362,49,200,true,108,108,49
1767653463353,58,200,true,108,108,58
1767653463380,32,200,true,108,108,32
1767653463353,59,200,true,108,108,59
1767653463353,59,200,true,108,108,59
1767653463351,61,200,true,108,108,61
1767653463364,49,200,true,108,108,49
1767653463353,60,200,true,108,108,60
1767653463380,33,200,true,108,108,33
1767653463380,34,200,true,108,108,34
1767653463365,49,200,true,108,108,49
1767653463366,48,200,true,108,108,48
1767653463367,48,200,true,108,108,48
1767653463357,60,200,true,108,108,60
1767653463365,52,200,true,108,108,46
1767653463349,69,200,true,108,108,66
1767653463366,52,200,true,108,108,51
1767653463369,49,200,true,108,108,40
1767653463354,64,200,true,108,108,58
1767653463367,52,200,true,108,108,39
1767653463360,59,200,true,108,108,51
1767653463398,24,200,true,108,108,24
1767653463395,27,200,true,108,108,27
1767653463396,27,200,true,108,108,27
1767653463399,25,200,true,108,108,25
1767653463409,15,200,true,108,108,15
1767653463400,24,200,true,108,108,24
1767653463407,17,200,true,108,108,17
1767653463407,17,200,true,108,108,17
1767653463406,18,200,true,108,108,18
1767653463399,25,200,true,108,108,25
1767653463396,29,200,true,108,108,29
1767653463403,22,200,true,108,108,22
1767653463398,27,200,true,107,107,27
1767653463408,17,200,true,107,107,17
1767653463407,18,200,true,107,107,18
1767653463407,18,200,true,107,107,18
1767653463394,31,200,true,107,107,31
1767653463394,32,200,true,107,107,32
1767653463404,22,200,true,107,107,22
1767653463406,20,200,true,107,107,20
1767653463398,28,200,true,106,106,28
1767653463396,30,200,true,106,106,30
1767653463396,31,200,true,104,104,31
1767653463408,19,200,true,104,104,19
1767653463400,27,200,true,104,104,27
1767653463395,32,200,true,103,103,32
1767653463400,27,200,true,103,103,27
1767653463399,28,200,true,103,103,28
1767653463405,23,200,true,102,102,23
1767653463398,30,200,true,102,102,30
1767653463407,22,200,true,102,102,22
1767653463400,32,200,true,101,101,32
1767653463398,34,200,true,101,101,34
1767653463398,34,200,true,101,101,34
1767653463395,37,200,true,101,101,32
1767653463405,27,200,true,101,101,27
1767653463408,24,200,true,101,101,24
1767653463405,28,200,true,101,101,28
1767653463400,33,200,true,101,101,33
1767653463400,37,200,true,99,99,28
1767653463424,22,200,true,99,99,22
1767653463406,41,200,true,99,99,41
1767653463408,39,200,true,99,99,39
1767653463409,40,200,true,99,99,40
1767653463407,42,200,true,98,98,42
1767653463418,31,200,true,98,98,31
1767653463426,24,200,true,97,97,24
1767653463427,25,200,true,95,95,25
1767653463408,46,200,true,94,94,46
1767653463406,48,200,true,94,94,48
1767653463404,51,200,true,93,93,51
1767653463424,31,200,true,93,93,31
1767653463409,46,200,true,93,93,46
1767653463405,56,200,true,92,92,56
1767653463408,53,200,true,92,92,53
1767653463407,54,200,true,92,92,54
1767653463407,54,200,true,92,92,54
1767653463409,53,200,true,92,92,52
1767653463408,54,200,true,92,92,54
1767653463413,49,200,true,92,92,49
1767653463405,57,200,true,92,92,57
1767653463408,54,200,true,92,92,54
1767653463418,44,200,true,92,92,44
1767653463407,55,200,true,92,92,55
1767653463405,57,200,true,91,91,57
1767653463409,53,200,true,90,90,53
1767653463408,54,200,true,90,90,54
1767653463408,54,200,true,89,89,54
1767653463411,51,200,true,89,89,51
1767653463425,37,200,true,89,89,37
1767653463408,54,200,true,89,89,54
1767653463417,45,200,true,89,89,45
1767653463409,53,200,true,89,89,53
1767653463424,38,200,true,89,89,38
1767653463408,54,200,true,89,89,54
1767653463404,58,200,true,89,89,58
1767653463424,38,200,true,89,89,38
1767653463404,58,200,true,89,89,58
1767653463409,53,200,true,89,89,53
1767653463406,57,200,true,89,89,57
1767653463412,51,200,true,89,89,51
1767653463409,54,200,true,89,89,54
1767653463413,50,200,true,89,89,50
1767653463417,46,200,true,87,87,46
1767653463426,37,200,true,87,87,37
1767653463419,44,200,true,86,86,36
1767653463405,58,200,true,86,86,58
1767653463414,50,200,true,76,76,50
1767653463409,55,200,true,74,74,55
1767653463425,39,200,true,72,72,39
1767653463407,57,200,true,72,72,57
1767653463410,54,200,true,71,71,54
1767653463427,38,200,true,71,71,38
1767653463407,58,200,true,70,70,58
1767653463414,51,200,true,65,65,51
1767653463412,53,200,true,63,63,53
1767653463428,37,200,true,62,62,37
1767653463408,58,200,true,60,60,58
1767653463412,54,200,true,59,59,54
1767653463407,59,200,true,58,58,59
1767653463418,48,200,true,57,57,48
1767653463407,59,200,true,57,57,59
1767653463405,62,200,true,57,57,61
1767653463412,55,200,true,57,57,55
1767653463423,44,200,true,57,57,44
1767653463410,57,200,true,56,56,57
1767653463413,54,200,true,56,56,54
1767653463406,61,200,true,54,54,61
1767653463411,56,200,true,54,54,56
1767653463404,63,200,true,54,54,63
1767653463425,42,200,true,53,53,42
1767653463425,43,200,true,51,51,43
1767653463406,62,200,true,51,51,62
1767653463414,54,200,true,50,50,54
1767653463407,61,200,true,50,50,61
1767653463422,46,200,true,50,50,46
1767653463424,44,200,true,50,50,44
1767653463404,64,200,true,49,49,64
1767653463447,21,200,true,49,49,21
1767653463419,49,200,true,49,49,49
1767653463405,63,200,true,48,48,63
1767653463446,22,200,true,46,46,22
1767653463432,36,200,true,46,46,36
1767653463418,50,200,true,45,45,50
1767653463426,42,200,true,45,45,42
1767653463427,42,200,true,45,45,42
1767653463432,37,200,true,44,44,37
1767653463432,37,200,true,44,44,37
1767653463425,44,200,true,44,44,44
1767653463408,61,200,true,42,42,61
1767653463426,43,200,true,42,42,43
1767653463427,42,200,true,41,41,42
1767653463422,47,200,true,40,40,47
1767653463408,61,200,true,40,40,61
1767653463432,37,200,true,40,40,37
1767653463427,42,200,true,40,40,42
1767653463415,54,200,true,40,40,54
1767653463437,32,200,true,40,40,32
1767653463447,23,200,true,38,38,23
1767653463432,38,200,true,31,31,38
1767653463428,42,200,true,29,29,42
1767653463432,39,200,true,27,27,39
1767653463454,17,200,true,27,27,17
1767653463455,18,200,true,25,25,18
1767653463462,11,200,true,25,25,11
1767653463463,10,200,true,25,25,10
1767653463455,19,200,true,25,25,19
1767653463462,12,200,true,25,25,12
1767653463462,12,200,true,25,25,12
1767653463462,13,200,true,25,25,13
1767653463468,11,200,true,24,24,11
1767653463468,11,200,true,23,23,11
1767653463465,14,200,true,23,23,14
1767653463467,12,200,true,23,23,12
1767653463464,16,200,true,23,23,16
1767653463467,13,200,true,23,23,13
1767653463468,12,200,true,23,23,12
1767653463469,11,200,true,22,22,11
1767653463462,19,200,true,22,22,19
1767653463470,11,200,true,22,22,11
1767653463467,14,200,true,21,21,14
1767653463467,15,200,true,21,21,15
1767653463463,20,200,true,21,21,18
1767653463464,19,200,true,20,20,19
1767653463463,20,200,true,20,20,20
1767653463469,14,200,true,20,20,14
1767653463466,18,200,true,18,18,16
1767653463469,15,200,true,18,18,15
1767653463474,11,200,true,18,18,11
1767653463473,12,200,true,18,18,12
1767653463474,11,200,true,18,18,11
1767653463473,12,200,true,18,18,12
1767653463473,12,200,true,18,18,12
1767653463479,9,200,true,18,18,9
1767653463474,14,200,true,18,18,14
1767653463479,11,200,true,18,18,10
1767653463480,10,200,true,18,18,10
1767653463480,10,200,true,18,18,10
1767653463479,11,200,true,18,18,11
1767653463480,11,200,true,17,17,11
1767653463481,10,200,true,17,17,10
1767653463481,11,200,true,17,17,11
1767653463485,7,200,true,17,17,7
1767653463484,11,200,true,15,15,11
1767653463483,12,200,true,15,15,12
1767653463485,10,200,true,15,15,10
1767653463485,10,200,true,15,15,10
1767653463488,7,200,true,15,15,7
1767653463484,11,200,true,15,15,11
1767653463488,7,200,true,15,15,7
1767653463490,5,200,true,15,15,5
1767653463485,11,200,true,15,15,10
1767653463490,5,200,true,15,15,5
1767653463491,5,200,true,15,15,5
1767653463485,11,200,true,15,15,11
1767653463490,6,200,true,15,15,6
1767653463491,5,200,true,15,15,5
1767653463482,14,200,true,15,15,14
1767653463495,7,200,true,15,15,7
1767653463495,7,200,true,15,15,7
1767653463496,6,200,true,15,15,6
1767653463495,7,200,true,15,15,7
1767653463496,7,200,true,14,14,7
1767653463495,8,200,true,13,13,8
1767653463496,7,200,true,13,13,7
1767653463495,8,200,true,13,13,8
1767653463496,7,200,true,13,13,7
1767653463496,8,200,true,13,13,7
1767653463495,9,200,true,11,11,9
1767653463496,8,200,true,11,11,8
1767653463496,8,200,true,11,11,8
1767653463495,9,200,true,10,10,9
1767653463496,9,200,true,10,10,9
1767653463503,5,200,true,9,9,5
1767653463502,7,200,true,8,8,7
1767653463503,6,200,true,8,8,6
1767653463504,5,200,true,8,8,5
1767653463502,7,200,true,8,8,7
1767653463504,5,200,true,8,8,5
1767653463502,7,200,true,8,8,7
1767653463504,6,200,true,8,8,6
1767653463504,6,200,true,8,8,6
1767653463509,4,200,true,8,8,4
1767653463509,4,200,true,8,8,4
1767653463509,4,200,true,8,8,4
1767653463509,4,200,true,8,8,4
1767653463509,4,200,true,8,8,4
1767653463509,5,200,true,8,8,5
1767653463510,4,200,true,8,8,4
1767653463513,4,200,true,8,8,4
1767653463513,4,200,true,8,8,4
1767653463513,6,200,true,8,8,6
1767653463514,5,200,true,8,8,5
1767653463510,9,200,true,8,8,9
1767653463514,6,200,true,8,8,6
1767653463513,7,200,true,8,8,7
1767653463513,7,200,true,8,8,7
1767653463517,3,200,true,8,8,3
1767653463517,3,200,true,8,8,3
1767653463519,4,200,true,8,8,4
1767653463519,4,200,true,8,8,4
1767653463519,5,200,true,8,8,5
1767653463520,4,200,true,8,8,4
1767653463520,4,200,true,8,8,4
1767653463520,5,200,true,8,8,5
1767653463520,6,200,true,8,8,6
1767653463523,5,200,true,8,8,5
1767653463523,5,200,true,8,8,5
1767653463520,9,200,true,8,8,8
1767653463525,4,200,true,8,8,4
1767653463526,3,200,true,8,8,3
1767653463524,6,200,true,8,8,6
1767653463524,7,200,true,7,7,7
1767653463524,8,200,true,7,7,8
1767653463529,3,200,true,7,7,3
1767653463530,3,200,true,6,6,3
1767653463528,5,200,true,6,6,5
1767653463528,6,200,true,6,6,5
1767653463531,3,200,true,4,4,3
1767653463530,4,200,true,4,4,4
1767653463532,3,200,true,3,3,3
1767653463534,3,200,true,3,3,3
1767653463533,4,200,true,3,3,4
1767653463535,3,200,true,3,3,3
1767653463537,2,200,true,3,3,2
1767653463537,3,200,true,3,3,3
1767653463538,3,200,true,3,3,3
1767653463540,3,200,true,3,3,3
1767653463539,4,200,true,3,3,4
1767653463541,2,200,true,3,3,2
1767653463543,2,200,true,3,3,2
1767653463543,2,200,true,3,3,2
1767653463543,3,200,true,3,3,3
1767653463545,3,200,true,3,3,3
1767653463545,3,200,true,2,2,3
1767653463546,3,200,true,2,2,3
1767653463548,3,200,true,2,2,3
1767653463549,2,200,true,2,2,2
1767653463551,2,200,true,2,2,2
1767653463551,3,200,true,2,2,3
1767653463553,3,200,true,2,2,3
1767653463554,2,200,true,2,2,2
1767653463556,2,200,true,2,2,2
1767653463556,2,200,true,2,2,2
1767653463558,2,200,true,2,2,2
1767653463558,3,200,true,2,2,3
1767653463560,2,200,true,2,2,2
1767653463561,2,200,true,2,2,2
1767653463562,2,200,true,1,1,2
