timeStamp,elapsed,responseCode,success,grpThreads,allThreads,Latency
1767631582139,51,200,true,130,130,46
1767631582138,82,200,true,130,130,82
1767631582139,82,200,true,130,130,82
1767631582138,83,200,true,130,130,83
1767631582139,83,200,true,130,130,83
1767631582140,82,200,true,130,130,82
1767631582138,83,200,true,130,130,83
1767631582138,189,200,true,130,130,189
1767631582138,189,200,true,130,130,189
1767631582139,189,200,true,130,130,189
1767631582139,189,200,true,130,130,189
1767631582138,190,200,true,130,130,190
1767631582139,190,200,true,130,130,190
1767631582140,189,200,true,130,130,189
1767631582139,190,200,true,130,130,190
1767631582140,189,200,true,130,130,189
1767631582140,189,200,true,130,130,189
1767631582138,191,200,true,130,130,191
1767631582141,190,200,true,130,130,190
1767631582139,192,200,true,130,130,192
1767631582139,191,200,true,130,130,191
1767631582138,192,200,true,130,130,192
1767631582139,192,200,true,130,130,191
1767631582140,192,200,true,130,130,192
1767631582137,195,200,true,130,130,195
1767631582136,195,200,true,130,130,195
1767631582138,237,200,true,130,130,237
1767631582138,238,200,true,130,130,238
1767631582138,237,200,true,130,130,237
1767631582135,241,200,true,130,130,240
1767631582142,234,200,true,130,130,234
1767631582145,232,200,true,130,130,232
1767631582142,235,200,true,130,130,235
1767631582153,224,200,true,130,130,224
1767631582145,233,200,true,130,130,233
1767631582138,239,200,true,130,130,239
1767631582142,235,200,true,130,130,235
1767631582144,233,200,true,130,130,233
1767631582142,236,200,true,130,130,236
1767631582144,235,200,true,130,130,235
1767631582153,226,200,true,130,130,226
1767631582152,227,200,true,130,130,227
1767631582153,226,200,true,130,130,226
1767631582143,237,200,true,130,130,237
1767631582142,237,200,true,130,130,237
1767631582138,241,200,true,130,130,241
1767631582145,235,200,true,130,130,235
1767631582144,236,200,true,130,130,236
1767631582143,237,200,true,130,130,237
1767631582152,228,200,true,130,130,228
1767631582152,228,200,true,130,130,228
1767631582152,229,200,true,130,130,229
1767631582152,229,200,true,130,130,229
1767631582136,246,200,true,130,130,246
1767631582135,246,200,true,130,130,246
1767631582135,247,200,true,130,130,247
1767631582136,247,200,true,130,130,247
1767631582135,247,200,true,130,130,247
1767631582134,248,200,true,130,130,248
1767631582134,248,200,true,130,130,248
1767631582135,249,200,true,130,130,249
1767631582130,253,200,true,130,130,253
1767631582134,249,200,true,130,130,249
1767631582133,250,200,true,130,130,250
1767631582134,250,200,true,130,130,250
1767631582134,251,200,true,130,130,251
1767631582134,251,200,true,130,130,251
1767631582134,251,200,true,130,130,251
1767631582133,251,200,true,130,130,251
1767631582133,252,200,true,130,130,252
1767631582131,254,200,true,130,130,254
1767631582132,253,200,true,130,130,253
1767631582132,253,200,true,130,130,253
1767631582131,255,200,true,130,130,255
1767631582132,255,200,true,130,130,255
1767631582130,256,200,true,130,130,256
1767631582131,256,200,true,130,130,256
1767631582131,257,200,true,130,130,257
1767631582131,257,200,true,130,130,257
1767631582130,257,200,true,130,130,257
1767631582194,194,200,true,130,130,194
1767631582130,258,200,true,130,130,258
1767631582130,258,200,true,130,130,258
1767631582130,258,200,true,130,130,258
1767631582130,258,200,true,130,130,258
1767631582131,258,200,true,130,130,258
1767631582130,260,200,true,130,130,260
1767631582129,260,200,true,130,130,260
1767631582169,221,200,true,130,130,221
1767631582167,223,200,true,130,130,223
1767631582169,222,200,true,130,130,222
1767631582168,223,200,true,130,130,223
1767631582168,223,200,true,130,130,223
1767631582166,224,200,true,130,130,224
1767631582169,221,200,true,130,130,221
1767631582129,262,200,true,130,130,262
1767631582167,225,200,true,130,130,225
1767631582169,223,200,true,130,130,223
1767631582168,223,200,true,130,130,223
1767631582166,226,200,true,130,130,226
1767631582165,227,200,true,130,130,227
1767631582167,226,200,true,130,130,226
1767631582167,226,200,true,130,130,226
1767631582166,226,200,true,130,130,226
1767631582169,225,200,true,130,130,225
1767631582169,225,200,true,130,130,225
1767631582165,228,200,true,130,130,228
1767631582166,227,200,true,130,130,227
1767631582167,227,200,true,130,130,227
1767631582166,229,200,true,130,130,229
1767631582167,227,200,true,130,130,227
1767631582167,227,200,true,130,130,227
1767631582167,227,200,true,130,130,227
1767631582169,227,200,true,130,130,227
1767631582168,227,200,true,130,130,227
1767631582167,229,200,true,130,130,229
1767631582165,230,200,true,130,130,230
1767631582165,231,200,true,130,130,231
1767631582168,228,200,true,130,130,228
1767631582167,229,200,true,130,130,229
1767631582167,230,200,true,130,130,230
1767631582169,228,200,true,130,130,228
1767631582167,230,200,true,130,130,230
1767631582165,232,200,true,130,130,232
1767631582129,268,200,true,130,130,268
1767631582169,230,200,true,130,130,229
1767631582166,232,200,true,130,130,232
1767631582168,231,200,true,130,130,231
1767631582169,230,200,true,130,130,230
1767631582168,230,200,true,130,130,230
1767631582167,232,200,true,130,130,232
1767631582222,178,200,true,130,130,178
1767631582222,178,200,true,130,130,178
1767631582223,177,200,true,130,130,177
1767631582222,179,200,true,130,130,179
1767631582222,179,200,true,130,130,179
1767631582223,178,200,true,130,130,178
1767631582329,98,200,true,130,130,98
1767631582329,98,200,true,130,130,98
1767631582329,98,200,true,130,130,98
1767631582329,98,200,true,130,130,98
1767631582329,98,200,true,130,130,98
1767631582329,99,200,true,130,130,99
1767631582330,98,200,true,130,130,98
1767631582330,98,200,true,130,130,98
1767631582330,98,200,true,130,130,98
1767631582330,99,200,true,130,130,99
1767631582331,98,200,true,130,130,98
1767631582331,98,200,true,130,130,98
1767631582331,98,200,true,130,130,98
1767631582331,98,200,true,130,130,98
1767631582332,97,200,true,130,130,97
1767631582332,98,200,true,130,130,98
1767631582332,98,200,true,130,130,98
1767631582332,98,200,true,130,130,98
1767631582333,97,200,true,130,130,97
1767631582377,75,200,true,130,130,75
1767631582376,76,200,true,130,130,76
1767631582376,76,200,true,130,130,76
1767631582377,76,200,true,130,130,76
1767631582377,76,200,true,130,130,76
1767631582377,76,200,true,130,130,76
1767631582378,75,200,true,130,130,75
1767631582378,76,200,true,130,130,76
1767631582378,76,200,true,130,130,76
1767631582378,76,200,true,130,130,76
1767631582378,76,200,true,130,130,76
1767631582379,76,200,true,130,130,76
1767631582379,76,200,true,130,130,76
1767631582379,76,200,true,130,130,76
1767631582379,76,200,true,130,130,76
1767631582379,77,200,true,130,130,77
1767631582380,235,200,true,130,130,235
1767631582380,235,200,true,130,130,235
1767631582380,235,200,true,130,130,235
1767631582380,235,200,true,130,130,235
1767631582381,234,200,true,130,130,234
1767631582381,234,200,true,130,130,234
1767631582381,235,200,true,130,130,235
1767631582381,235,200,true,130,130,235
1767631582382,234,200,true,130,130,234
1767631582382,234,200,true,130,130,234
1767631582382,235,200,true,130,130,235
1767631582383,234,200,true,130,130,234
1767631582382,235,200,true,130,130,235
1767631582383,234,200,true,130,130,234
1767631582383,234,200,true,130,130,234
1767631582383,235,200,true,130,130,235
1767631582383,235,200,true,130,130,235
1767631582384,234,200,true,130,130,234
1767631582384,234,200,true,130,130,234
1767631582384,234,200,true,130,130,234
1767631582384,235,200,true,130,130,235
1767631582385,234,200,true,130,130,234
1767631582385,234,200,true,130,130,234
1767631582385,234,200,true,130,130,234
1767631582385,235,200,true,130,130,235
1767631582386,234,200,true,130,130,234
1767631582386,234,200,true,130,130,234
1767631582386,234,200,true,130,130,234
1767631582386,234,200,true,130,130,234
1767631582386,235,200,true,130,130,235
1767631582387,234,200,true,130,130,234
1767631582387,234,200,true,130,130,234
1767631582387,234,200,true,130,130,234
1767631582387,234,200,true,130,130,234
1767631582388,234,200,true,130,130,234
1767631582388,234,200,true,130,130,234
1767631582388,234,200,true,130,130,234
1767631582388,234,200,true,130,130,234
1767631582389,234,200,true,130,130,234
1767631582389,234,200,true,130,130,234
1767631582389,234,200,true,130,130,234
1767631582389,234,200,true,130,130,234
1767631582389,234,200,true,130,130,234
1767631582390,234,200,true,130,130,234
1767631582390,234,200,true,130,130,234
1767631582390,234,200,true,130,130,234
1767631582390,234,200,true,130,130,234
1767631582391,233,200,true,130,130,233
1767631582391,234,200,true,130,130,234
1767631582391,234,200,true,130,130,234
1767631582391,234,200,true,130,130,234
1767631582391,234,200,true,130,130,234
1767631582392,233,200,true,130,130,233
1767631582392,234,200,true,130,130,234
1767631582392,234,200,true,130,130,234
1767631582392,234,200,true,130,130,234
1767631582393,233,200,true,130,130,233
1767631582393,233,200,true,130,130,233
1767631582393,234,200,true,130,130,234
1767631582393,234,200,true,130,130,234
1767631582393,234,200,true,130,130,234
1767631582394,233,200,true,130,130,233
1767631582394,234,200,true,130,130,233
1767631582394,234,200,true,130,130,234
1767631582394,234,200,true,130,130,234
1767631582394,234,200,true,130,130,234
1767631582395,233,200,true,130,130,233
1767631582395,234,200,true,130,130,234
1767631582395,234,200,true,130,130,234
1767631582395,234,200,true,130,130,234
1767631582396,233,200,true,130,130,233
1767631582396,233,200,true,130,130,233
1767631582396,234,200,true,130,130,233
1767631582396,234,200,true,130,130,234
1767631582397,233,200,true,130,130,233
1767631582397,233,200,true,130,130,233
1767631582397,233,200,true,130,130,233
1767631582397,234,200,true,130,130,234
1767631582398,233,200,true,130,130,233
1767631582398,233,200,true,130,130,233
1767631582398,233,200,true,130,130,233
1767631582398,233,200,true,130,130,233
1767631582398,234,200,true,130,130,234
1767631582399,233,200,true,130,130,233
1767631582399,233,200,true,130,130,233
1767631582399,233,200,true,130,130,233
1767631582400,233,200,true,130,130,233
1767631582400,233,200,true,130,130,233
1767631582400,233,200,true,130,130,233
1767631582400,233,200,true,130,130,233
1767631582400,233,200,true,130,130,233
1767631582401,233,200,true,130,130,233
1767631582401,234,200,true,130,130,234
1767631582401,234,200,true,130,130,234
1767631582401,234,200,true,130,130,234
1767631582427,208,200,true,130,130,208
1767631582427,209,200,true,130,130,209
1767631582427,209,200,true,130,130,209
1767631582427,209,200,true,130,130,209
1767631582428,208,200,true,130,130,208
1767631582428,209,200,true,130,130,208
1767631582428,209,200,true,130,130,209
1767631582428,209,200,true,130,130,209
1767631582428,209,200,true,130,130,209
1767631582429,208,200,true,130,130,208
1767631582429,209,200,true,130,130,209
1767631582429,209,200,true,130,130,209
1767631582429,209,200,true,130,130,209
1767631582430,208,200,true,130,130,208
1767631582430,208,200,true,130,130,208
1767631582430,209,200,true,130,130,209
1767631582430,209,200,true,130,130,209
1767631582430,209,200,true,130,130,209
1767631582431,208,200,true,130,130,208
1767631582453,186,200,true,130,130,186
1767631582453,187,200,true,130,130,187
1767631582453,187,200,true,130,130,187
1767631582453,187,200,true,130,130,187
1767631582453,187,200,true,130,130,187
1767631582453,187,200,true,130,130,187
1767631582454,187,200,true,130,130,187
1767631582454,187,200,true,130,130,187
1767631582454,187,200,true,130,130,187
1767631582454,187,200,true,130,130,187
1767631582455,187,200,true,130,130,186
1767631582455,187,200,true,130,130,187
1767631582455,187,200,true,130,130,187
1767631582455,187,200,true,130,130,187
1767631582456,186,200,true,130,130,186
1767631582456,186,200,true,130,130,186
1767631582615,226,200,true,130,130,226
1767631582615,226,200,true,130,130,226
1767631582615,227,200,true,130,130,227
1767631582615,227,200,true,130,130,227
1767631582615,227,200,true,130,130,227
1767631582616,226,200,true,130,130,226
1767631582616,226,200,true,130,130,226
1767631582616,227,200,true,130,130,227
1767631582616,227,200,true,130,130,227
1767631582617,226,200,true,130,130,226
1767631582617,226,200,true,130,130,226
1767631582617,226,200,true,130,130,226
1767631582617,227,200,true,130,130,227
1767631582617,227,200,true,130,130,227
1767631582618,226,200,true,130,130,226
1767631582618,226,200,true,130,130,226
1767631582618,227,200,true,130,130,227
1767631582618,227,200,true,130,130,227
1767631582618,227,200,true,130,130,227
1767631582619,226,200,true,130,130,226
1767631582619,226,200,true,130,130,226
1767631582619,227,200,true,130,130,227
1767631582619,227,200,true,130,130,227
1767631582620,226,200,true,130,130,226
1767631582620,226,200,true,130,130,226
1767631582620,226,200,true,130,130,226
1767631582620,227,200,true,130,130,227
1767631582620,227,200,true,130,130,227
1767631582621,226,200,true,130,130,226
1767631582621,226,200,true,130,130,226
1767631582621,226,200,true,130,130,226
1767631582621,227,200,true,130,130,227
1767631582621,227,200,true,130,130,227
1767631582622,226,200,true,130,130,226
1767631582622,226,200,true,130,130,226
1767631582622,227,200,true,130,130,227
1767631582622,227,200,true,130,130,227
1767631582623,226,200,true,130,130,226
1767631582623,226,200,true,130,130,226
1767631582623,226,200,true,130,130,226
1767631582623,227,200,true,130,130,227
1767631582623,227,200,true,130,130,227
1767631582624,226,200,true,130,130,226
1767631582624,226,200,true,130,130,226
1767631582624,226,200,true,130,130,226
1767631582624,227,200,true,130,130,227
1767631582624,227,200,true,130,130,227
1767631582625,226,200,true,130,130,226
1767631582625,226,200,true,130,130,226
1767631582625,227,200,true,130,130,226
1767631582625,227,200,true,130,130,227
1767631582625,227,200,true,130,130,227
1767631582626,226,200,true,130,130,226
1767631582626,226,200,true,130,130,226
1767631582626,226,200,true,130,130,226
1767631582626,227,200,true,130,130,227
1767631582626,227,200,true,130,130,227
1767631582627,226,200,true,130,130,226
1767631582627,226,200,true,130,130,226
1767631582627,226,200,true,130,130,226
1767631582627,227,200,true,130,130,227
1767631582628,226,200,true,130,130,226
1767631582628,226,200,true,130,130,226
1767631582628,226,200,true,130,130,226
1767631582628,227,200,true,130,130,227
1767631582628,227,200,true,130,130,227
1767631582628,227,200,true,130,130,227
1767631582629,226,200,true,130,130,226
1767631582629,226,200,true,130,130,226
1767631582629,227,200,true,130,130,227
1767631582629,227,200,true,130,130,227
1767631582630,226,200,true,130,130,226
1767631582630,226,200,true,130,130,226
1767631582630,226,200,true,130,130,226
1767631582630,227,200,true,130,130,227
1767631582630,227,200,true,130,130,227
1767631582631,226,200,true,130,130,226
1767631582631,226,200,true,130,130,226
1767631582631,226,200,true,130,130,226
1767631582631,227,200,true,130,130,227
1767631582631,227,200,true,130,130,227
1767631582632,226,200,true,130,130,226
1767631582632,226,200,true,130,130,226
1767631582632,227,200,true,130,130,226
1767631582632,227,200,true,130,130,227
1767631582633,226,200,true,130,130,226
1767631582633,226,200,true,130,130,226
1767631582633,226,200,true,130,130,226
1767631582633,226,200,true,130,130,226
1767631582633,242,200,true,130,130,242
1767631582634,241,200,true,130,130,241
1767631582634,241,200,true,130,130,241
1767631582635,240,200,true,130,130,240
1767631582635,240,200,true,130,130,240
1767631582635,240,200,true,130,130,240
1767631582636,239,200,true,130,130,239
1767631582636,240,200,true,130,130,240
1767631582636,240,200,true,130,130,240
1767631582636,240,200,true,130,130,240
1767631582637,239,200,true,130,130,239
1767631582637,240,200,true,130,130,240
1767631582637,240,200,true,130,130,240
1767631582637,240,200,true,130,130,240
1767631582637,240,200,true,130,130,240
1767631582638,239,200,true,130,130,239
1767631582638,240,200,true,130,130,240
1767631582638,240,200,true,130,130,240
1767631582638,240,200,true,130,130,240
1767631582638,240,200,true,130,130,240
1767631582639,240,200,true,130,130,240
1767631582639,240,200,true,130,130,240
1767631582639,240,200,true,130,130,240
1767631582639,240,200,true,130,130,240
1767631582639,240,200,true,130,130,240
1767631582640,240,200,true,130,130,240
1767631582640,240,200,true,130,130,240
1767631582640,240,200,true,130,130,240
1767631582640,240,200,true,130,130,240
1767631582640,241,200,true,130,130,241
1767631582641,240,200,true,130,130,240
1767631582641,240,200,true,130,130,240
1767631582641,240,200,true,130,130,240
1767631582641,240,200,true,130,130,240
1767631582641,241,200,true,130,130,241
1767631582642,240,200,true,130,130,240
1767631582642,240,200,true,130,130,240
1767631582642,240,200,true,130,130,240
1767631582642,241,200,true,130,130,240
1767631582642,241,200,true,130,130,241
1767631582643,240,200,true,130,130,240
1767631582842,250,200,true,130,130,250
1767631582842,250,200,true,130,130,250
1767631582842,250,200,true,130,130,250
1767631582842,250,200,true,130,130,250
1767631582842,250,200,true,130,130,250
1767631582842,250,200,true,130,130,250
1767631582843,250,200,true,130,130,250
1767631582843,250,200,true,130,130,250
1767631582843,250,200,true,130,130,250
1767631582843,250,200,true,130,130,250
1767631582843,251,200,true,130,130,251
1767631582844,250,200,true,130,130,250
1767631582844,250,200,true,130,130,250
1767631582844,250,200,true,130,130,250
1767631582844,250,200,true,130,130,250
1767631582844,251,200,true,130,130,251
1767631582845,250,200,true,130,130,250
1767631582845,250,200,true,130,130,250
1767631582845,250,200,true,130,130,250
1767631582845,250,200,true,130,130,250
1767631582845,251,200,true,130,130,251
1767631582846,250,200,true,130,130,250
1767631582846,250,200,true,130,130,250
1767631582846,250,200,true,130,130,250
1767631582846,250,200,true,130,130,250
1767631582847,250,200,true,130,130,250
1767631582847,250,200,true,130,130,250
1767631582847,250,200,true,130,130,250
1767631582847,250,200,true,130,130,250
1767631582847,251,200,true,130,130,251
1767631582848,250,200,true,130,130,250
1767631582848,250,200,true,130,130,250
1767631582848,250,200,true,130,130,250
1767631582848,250,200,true,130,130,250
1767631582848,251,200,true,130,130,251
1767631582849,250,200,true,130,130,250
1767631582849,250,200,true,130,130,250
1767631582849,250,200,true,130,130,250
1767631582849,250,200,true,130,130,250
1767631582850,250,200,true,130,130,250
1767631582850,250,200,true,130,130,250
1767631582850,250,200,true,130,130,250
1767631582850,250,200,true,130,130,250
1767631582850,251,200,true,130,130,251
1767631582851,250,200,true,130,130,250
1767631582851,250,200,true,130,130,250
1767631582851,250,200,true,130,130,250
1767631582851,250,200,true,130,130,250
1767631582851,251,200,true,130,130,251
1767631582852,250,200,true,130,130,250
1767631582852,250,200,true,130,130,250
1767631582852,250,200,true,130,130,250
1767631582852,250,200,true,130,130,250
1767631582852,251,200,true,130,130,251
1767631582853,250,200,true,130,130,250
1767631582853,250,200,true,130,130,250
1767631582853,250,200,true,130,130,250
1767631582853,250,200,true,130,130,250
1767631582853,251,200,true,130,130,251
1767631582854,250,200,true,130,130,250
1767631582854,250,200,true,130,130,250
1767631582854,250,200,true,130,130,250
1767631582854,250,200,true,130,130,250
1767631582854,251,200,true,130,130,251
1767631582855,250,200,true,130,130,250
1767631582855,250,200,true,130,130,250
1767631582855,250,200,true,130,130,250
1767631582855,250,200,true,130,130,250
1767631582856,250,200,true,130,130,250
1767631582856,250,200,true,130,130,250
1767631582856,250,200,true,130,130,250
1767631582856,250,200,true,130,130,250
1767631582856,251,200,true,130,130,251
1767631582857,250,200,true,130,130,250
1767631582857,250,200,true,130,130,250
1767631582857,250,200,true,130,130,250
1767631582857,250,200,true,130,130,250
1767631582857,251,200,true,130,130,251
1767631582858,250,200,true,130,130,250
1767631582858,250,200,true,130,130,250
1767631582858,250,200,true,130,130,250
1767631582859,250,200,true,130,130,249
1767631582859,250,200,true,130,130,250
1767631582859,250,200,true,130,130,250
1767631582859,250,200,true,130,130,250
1767631582859,250,200,true,130,130,250
1767631582859,251,200,true,130,130,251
1767631582860,250,200,true,130,130,250
1767631582859,251,200,true,130,130,251
1767631582875,235,200,true,130,130,235
1767631582875,235,200,true,130,130,235
1767631582875,236,200,true,130,130,236
1767631582875,236,200,true,130,130,236
1767631582875,236,200,true,130,130,236
1767631582875,236,200,true,130,130,236
1767631582876,236,200,true,130,130,235
1767631582876,236,200,true,130,130,236
1767631582876,236,200,true,130,130,236
1767631582876,236,200,true,130,130,236
1767631582877,235,200,true,130,130,235
1767631582877,236,200,true,130,130,235
1767631582877,236,200,true,130,130,236
1767631582877,236,200,true,130,130,236
1767631582877,236,200,true,130,130,236
1767631582878,235,200,true,130,130,235
1767631582878,236,200,true,130,130,236
1767631582878,236,200,true,130,130,236
1767631582878,236,200,true,130,130,236
1767631582879,235,200,true,130,130,235
1767631582879,235,200,true,130,130,235
1767631582879,236,200,true,130,130,236
1767631582879,236,200,true,130,130,236
1767631582879,236,200,true,130,130,236
1767631582880,235,200,true,130,130,235
1767631582880,235,200,true,130,130,235
1767631582880,236,200,true,130,130,236
1767631582881,235,200,true,130,130,235
1767631582881,235,200,true,130,130,235
1767631582881,235,200,true,130,130,235
1767631582881,236,200,true,130,130,235
1767631582881,236,200,true,130,130,236
1767631582882,235,200,true,130,130,235
1767631582882,235,200,true,130,130,235
1767631582882,235,200,true,130,130,235
1767631582882,236,200,true,130,130,236
1767631582882,236,200,true,130,130,236
1767631582883,235,200,true,130,130,235
1767631582883,235,200,true,130,130,235
1767631582883,235,200,true,130,130,235
1767631582878,241,200,true,130,130,241
1767631583092,243,200,true,130,130,242
1767631583092,243,200,true,130,130,243
1767631583092,243,200,true,130,130,243
1767631583092,243,200,true,130,130,243
1767631583092,243,200,true,130,130,243
1767631583093,242,200,true,130,130,242
1767631583093,243,200,true,130,130,243
1767631583093,243,200,true,130,130,243
1767631583093,243,200,true,130,130,243
1767631583094,242,200,true,130,130,242
1767631583094,243,200,true,130,130,243
1767631583094,243,200,true,130,130,243
1767631583094,243,200,true,130,130,243
1767631583094,243,200,true,130,130,243
1767631583095,242,200,true,130,130,242
1767631583095,243,200,true,130,130,243
1767631583095,243,200,true,130,130,243
1767631583095,243,200,true,130,130,243
1767631583095,243,200,true,130,130,243
1767631583096,242,200,true,130,130,242
1767631583096,243,200,true,130,130,243
1767631583096,243,200,true,130,130,243
1767631583096,243,200,true,130,130,243
1767631583097,242,200,true,130,130,242
1767631583097,242,200,true,130,130,242
1767631583097,243,200,true,130,130,243
1767631583097,243,200,true,130,130,243
1767631583097,243,200,true,130,130,243
1767631583097,243,200,true,130,130,243
1767631583098,243,200,true,130,130,243
1767631583098,243,200,true,130,130,243
1767631583098,243,200,true,130,130,243
1767631583098,243,200,true,130,130,243
1767631583099,242,200,true,130,130,242
1767631583099,243,200,true,130,130,243
1767631583099,244,200,true,130,130,244
1767631583099,244,200,true,130,130,244
1767631583099,245,200,true,130,130,245
1767631583100,244,200,true,130,130,244
1767631583100,244,200,true,130,130,244
1767631583100,244,200,true,130,130,244
1767631583100,244,200,true,130,130,244
1767631583100,245,200,true,130,130,245
1767631583101,244,200,true,130,130,244
1767631583101,244,200,true,130,130,244
1767631583101,244,200,true,130,130,244
1767631583101,244,200,true,130,130,244
1767631583102,244,200,true,130,130,244
1767631583102,244,200,true,130,130,244
1767631583102,244,200,true,130,130,244
1767631583102,244,200,true,130,130,244
1767631583102,244,200,true,130,130,244
1767631583102,245,200,true,130,130,245
1767631583103,244,200,true,130,130,244
1767631583103,244,200,true,130,130,244
1767631583103,244,200,true,130,130,244
1767631583103,244,200,true,130,130,244
1767631583104,244,200,true,130,130,244
1767631583104,244,200,true,130,130,244
1767631583104,244,200,true,130,130,244
1767631583104,244,200,true,130,130,244
1767631583104,245,200,true,130,130,245
1767631583105,244,200,true,130,130,244
1767631583105,244,200,true,130,130,244
1767631583105,244,200,true,130,130,244
1767631583105,244,200,true,130,130,244
1767631583105,245,200,true,130,130,245
1767631583106,244,200,true,130,130,244
1767631583106,244,200,true,130,130,244
1767631583106,244,200,true,130,130,244
1767631583106,244,200,true,130,130,244
1767631583106,245,200,true,130,130,245
1767631583107,244,200,true,130,130,244
1767631583107,244,200,true,130,130,244
1767631583107,244,200,true,130,130,244
1767631583107,244,200,true,130,130,244
1767631583107,245,200,true,130,130,245
1767631583108,244,200,true,130,130,244
1767631583108,244,200,true,130,130,244
1767631583109,243,200,true,130,130,243
1767631583109,244,200,true,130,130,244
1767631583109,244,200,true,130,130,244
1767631583109,244,200,true,130,130,244
1767631583109,244,200,true,130,130,244
1767631583109,244,200,true,130,130,244
1767631583109,245,200,true,130,130,245
1767631583110,244,200,true,130,130,244
1767631583110,244,200,true,130,130,244
1767631583110,244,200,true,130,130,244
1767631583111,243,200,true,130,130,243
1767631583111,244,200,true,130,130,244
1767631583111,244,200,true,130,130,244
1767631583111,244,200,true,130,130,244
1767631583111,244,200,true,130,130,244
1767631583111,244,200,true,130,130,244
1767631583112,244,200,true,130,130,244
1767631583112,244,200,true,130,130,244
1767631583112,244,200,true,130,130,244
1767631583112,244,200,true,130,130,244
1767631583112,245,200,true,130,130,245
1767631583113,244,200,true,130,130,244
1767631583113,244,200,true,130,130,244
1767631583113,244,200,true,130,130,244
1767631583113,244,200,true,130,130,244
1767631583113,245,200,true,130,130,245
1767631583114,244,200,true,130,130,244
1767631583114,245,200,true,130,130,245
1767631583114,245,200,true,130,130,245
1767631583114,245,200,true,130,130,245
1767631583114,245,200,true,130,130,245
1767631583115,244,200,true,130,130,244
1767631583115,245,200,true,130,130,245
1767631583115,245,200,true,130,130,245
1767631583115,245,200,true,130,130,245
1767631583116,244,200,true,130,130,244
1767631583116,244,200,true,130,130,244
1767631583116,245,200,true,130,130,245
1767631583116,245,200,true,130,130,245
1767631583117,244,200,true,130,130,244
1767631583117,244,200,true,130,130,244
1767631583117,244,200,true,130,130,244
1767631583117,245,200,true,130,130,245
1767631583117,245,200,true,130,130,245
1767631583117,245,200,true,130,130,245
1767631583118,244,200,true,130,130,244
1767631583118,245,200,true,130,130,244
1767631583118,245,200,true,130,130,245
1767631583118,245,200,true,130,130,245
1767631583118,245,200,true,130,130,245
1767631583119,244,200,true,130,130,244
1767631583335,205,200,true,130,130,205
1767631583335,205,200,true,130,130,205
1767631583335,205,200,true,130,130,205
1767631583335,205,200,true,130,130,205
1767631583335,205,200,true,130,130,205
1767631583335,206,200,true,130,130,206
1767631583336,205,200,true,130,130,205
1767631583336,205,200,true,130,130,205
1767631583336,205,200,true,130,130,205
1767631583336,205,200,true,130,130,205
1767631583337,204,200,true,130,130,204
1767631583337,205,200,true,130,130,205
1767631583337,205,200,true,130,130,205
1767631583337,205,200,true,130,130,205
1767631583338,204,200,true,130,130,204
1767631583338,205,200,true,130,130,205
1767631583338,205,200,true,130,130,205
1767631583338,205,200,true,130,130,205
1767631583338,205,200,true,130,130,205
1767631583339,204,200,true,130,130,204
1767631583339,205,200,true,130,130,205
1767631583339,205,200,true,130,130,205
1767631583339,205,200,true,130,130,205
1767631583339,205,200,true,130,130,205
1767631583340,204,200,true,130,130,204
1767631583340,205,200,true,130,130,205
1767631583340,205,200,true,130,130,205
1767631583340,205,200,true,130,130,205
1767631583340,205,200,true,130,130,205
1767631583341,204,200,true,130,130,204
1767631583341,205,200,true,130,130,205
1767631583341,205,200,true,130,130,205
1767631583341,205,200,true,130,130,205
1767631583341,205,200,true,130,130,205
1767631583342,235,200,true,130,130,235
1767631583343,234,200,true,130,130,234
1767631583344,234,200,true,130,130,234
1767631583344,234,200,true,130,130,234
1767631583344,234,200,true,130,130,234
1767631583344,234,200,true,130,130,234
1767631583344,235,200,true,130,130,235
1767631583344,235,200,true,130,130,235
1767631583345,234,200,true,130,130,234
1767631583345,234,200,true,130,130,234
1767631583345,235,200,true,130,130,235
1767631583345,235,200,true,130,130,235
1767631583346,234,200,true,130,130,234
1767631583346,234,200,true,130,130,234
1767631583346,235,200,true,130,130,235
1767631583346,235,200,true,130,130,235
1767631583346,235,200,true,130,130,235
1767631583347,235,200,true,130,130,235
1767631583347,235,200,true,130,130,235
1767631583347,235,200,true,130,130,235
1767631583347,235,200,true,130,130,235
1767631583347,236,200,true,130,130,236
1767631583348,235,200,true,130,130,235
1767631583348,235,200,true,130,130,235
1767631583348,235,200,true,130,130,235
1767631583348,235,200,true,130,130,235
1767631583348,236,200,true,130,130,236
1767631583349,235,200,true,130,130,235
1767631583349,235,200,true,130,130,235
1767631583349,235,200,true,130,130,235
1767631583349,236,200,true,130,130,236
1767631583349,236,200,true,130,130,236
1767631583350,235,200,true,130,130,235
1767631583350,235,200,true,130,130,235
1767631583350,236,200,true,130,130,236
1767631583350,236,200,true,130,130,236
1767631583350,236,200,true,130,130,236
1767631583351,235,200,true,130,130,235
1767631583351,236,200,true,130,130,236
1767631583351,236,200,true,130,130,236
1767631583351,236,200,true,130,130,236
1767631583351,237,200,true,130,130,236
1767631583352,236,200,true,130,130,236
1767631583352,236,200,true,130,130,236
1767631583352,236,200,true,130,130,236
1767631583352,237,200,true,130,130,237
1767631583353,236,200,true,130,130,236
1767631583353,236,200,true,130,130,236
1767631583353,236,200,true,130,130,236
1767631583353,237,200,true,130,130,237
1767631583353,237,200,true,130,130,237
1767631583354,236,200,true,130,130,236
1767631583354,237,200,true,130,130,237
1767631583354,237,200,true,130,130,237
1767631583354,237,200,true,130,130,237
1767631583355,236,200,true,130,130,236
1767631583355,237,200,true,130,130,237
1767631583355,237,200,true,130,130,237
1767631583355,237,200,true,130,130,237
1767631583355,238,200,true,130,130,238
1767631583356,237,200,true,130,130,237
1767631583356,237,200,true,130,130,237
1767631583356,238,200,true,130,130,237
1767631583356,238,200,true,130,130,238
1767631583356,238,200,true,130,130,238
1767631583357,237,200,true,130,130,237
1767631583357,237,200,true,130,130,237
1767631583357,238,200,true,130,130,238
1767631583357,238,200,true,130,130,238
1767631583358,237,200,true,130,130,237
1767631583358,237,200,true,130,130,237
1767631583358,238,200,true,130,130,238
1767631583359,237,200,true,130,130,237
1767631583359,237,200,true,130,130,237
1767631583359,237,200,true,130,130,237
1767631583359,237,200,true,130,130,237
1767631583359,238,200,true,130,130,238
1767631583360,237,200,true,130,130,237
1767631583360,237,200,true,130,130,237
1767631583360,237,200,true,130,130,237
1767631583360,237,200,true,130,130,237
1767631583361,237,200,true,130,130,237
1767631583361,237,200,true,130,130,237
1767631583361,237,200,true,130,130,237
1767631583361,237,200,true,130,130,237
1767631583361,237,200,true,130,130,237
1767631583362,237,200,true,130,130,237
1767631583362,237,200,true,130,130,237
1767631583362,237,200,true,130,130,237
1767631583362,237,200,true,130,130,237
1767631583362,238,200,true,130,130,237
1767631583363,237,200,true,130,130,237
1767631583363,237,200,true,130,130,237
1767631583363,237,200,true,130,130,237
1767631583363,238,200,true,130,130,238
1767631583363,238,200,true,130,130,238
1767631583540,93,200,true,130,130,93
1767631583540,93,200,true,130,130,93
1767631583540,93,200,true,130,130,93
1767631583540,93,200,true,130,130,93
1767631583540,93,200,true,130,130,93
1767631583541,92,200,true,130,130,92
1767631583541,93,200,true,130,130,93
1767631583541,93,200,true,130,130,93
1767631583541,93,200,true,130,130,93
1767631583541,93,200,true,130,130,93
1767631583542,92,200,true,130,130,92
1767631583542,93,200,true,130,130,93
1767631583542,93,200,true,130,130,93
1767631583542,93,200,true,130,130,93
1767631583543,92,200,true,130,130,92
1767631583543,92,200,true,130,130,92
1767631583543,93,200,true,130,130,93
1767631583543,93,200,true,130,130,93
1767631583543,93,200,true,130,130,93
1767631583544,93,200,true,130,130,93
1767631583544,93,200,true,130,130,93
1767631583544,93,200,true,130,130,93
1767631583544,94,200,true,130,130,94
1767631583544,94,200,true,130,130,94
1767631583545,93,200,true,130,130,93
1767631583545,93,200,true,130,130,93
1767631583545,94,200,true,130,130,94
1767631583545,94,200,true,130,130,94
1767631583545,95,200,true,130,130,95
1767631583546,94,200,true,130,130,94
1767631583546,94,200,true,130,130,94
1767631583546,94,200,true,130,130,94
1767631583546,95,200,true,130,130,95
1767631583546,95,200,true,130,130,95
1767631583578,278,200,true,130,130,278
1767631583578,278,200,true,130,130,278
1767631583578,278,200,true,130,130,278
1767631583578,278,200,true,130,130,278
1767631583578,278,200,true,130,130,278
1767631583578,279,200,true,130,130,279
1767631583579,278,200,true,130,130,278
1767631583579,278,200,true,130,130,278
1767631583579,278,200,true,130,130,278
1767631583579,278,200,true,130,130,278
1767631583580,278,200,true,130,130,278
1767631583580,278,200,true,130,130,278
1767631583580,278,200,true,130,130,278
1767631583581,277,200,true,130,130,277
1767631583581,278,200,true,130,130,278
1767631583581,278,200,true,130,130,278
1767631583581,278,200,true,130,130,278
1767631583582,277,200,true,130,130,277
1767631583582,277,200,true,130,130,277
1767631583582,278,200,true,130,130,278
1767631583582,278,200,true,130,130,278
1767631583583,277,200,true,130,130,277
1767631583583,277,200,true,130,130,277
1767631583583,277,200,true,130,130,277
1767631583583,278,200,true,130,130,278
1767631583584,277,200,true,130,130,277
1767631583584,277,200,true,130,130,277
1767631583584,277,200,true,130,130,277
1767631583584,278,200,true,130,130,278
1767631583584,278,200,true,130,130,278
1767631583585,277,200,true,130,130,277
1767631583585,277,200,true,130,130,277
1767631583585,277,200,true,130,130,277
1767631583586,276,200,true,130,130,276
1767631583586,277,200,true,130,130,277
1767631583586,277,200,true,130,130,277
1767631583586,277,200,true,130,130,277
1767631583586,277,200,true,130,130,277
1767631583587,277,200,true,130,130,277
1767631583587,277,200,true,130,130,277
1767631583587,277,200,true,130,130,277
1767631583588,276,200,true,130,130,276
1767631583588,276,200,true,130,130,276
1767631583588,277,200,true,130,130,277
1767631583588,277,200,true,130,130,277
1767631583589,276,200,true,130,130,276
1767631583589,276,200,true,130,130,276
1767631583589,276,200,true,130,130,276
1767631583590,276,200,true,130,130,276
1767631583590,276,200,true,130,130,276
1767631583590,276,200,true,130,130,276
1767631583590,276,200,true,130,130,276
1767631583591,275,200,true,130,130,275
1767631583591,275,200,true,130,130,275
1767631583591,276,200,true,130,130,276
1767631583592,275,200,true,130,130,275
1767631583592,275,200,true,130,130,275
1767631583592,275,200,true,130,130,275
1767631583592,276,200,true,130,130,276
1767631583593,275,200,true,130,130,275
1767631583593,275,200,true,130,130,275
1767631583593,275,200,true,130,130,275
1767631583594,274,200,true,130,130,274
1767631583594,275,200,true,130,130,275
1767631583594,275,200,true,130,130,275
1767631583594,275,200,true,130,130,275
1767631583595,274,200,true,130,130,274
1767631583595,274,200,true,130,130,274
1767631583595,275,200,true,130,130,275
1767631583595,275,200,true,130,130,275
1767631583595,275,200,true,130,130,275
1767631583596,274,200,true,130,130,274
1767631583596,274,200,true,130,130,274
1767631583596,275,200,true,130,130,275
1767631583596,275,200,true,130,130,275
1767631583597,274,200,true,130,130,274
1767631583597,274,200,true,130,130,274
1767631583597,274,200,true,130,130,274
1767631583597,275,200,true,130,130,275
1767631583597,275,200,true,130,130,275
1767631583598,274,200,true,130,130,274
1767631583598,274,200,true,130,130,274
1767631583598,275,200,true,130,130,275
1767631583598,275,200,true,130,130,275
1767631583598,275,200,true,130,130,275
1767631583599,274,200,true,130,130,274
1767631583599,274,200,true,130,130,274
1767631583599,275,200,true,130,130,275
1767631583599,275,200,true,130,130,275
1767631583599,275,200,true,130,130,275
1767631583600,274,200,true,130,130,274
1767631583600,274,200,true,130,130,274
1767631583600,275,200,true,130,130,275
1767631583600,275,200,true,130,130,275
1767631583601,289,200,true,130,130,289
1767631583601,289,200,true,130,130,289
1767631583633,257,200,true,130,130,257
1767631583633,258,200,true,130,130,258
1767631583633,258,200,true,130,130,258
1767631583633,258,200,true,130,130,258
1767631583633,258,200,true,130,130,258
1767631583633,258,200,true,130,130,258
1767631583634,258,200,true,130,130,258
1767631583634,258,200,true,130,130,258
1767631583634,258,200,true,130,130,258
1767631583634,258,200,true,130,130,258
1767631583635,257,200,true,130,130,257
1767631583635,258,200,true,130,130,258
1767631583635,258,200,true,130,130,258
1767631583635,258,200,true,130,130,258
1767631583636,257,200,true,130,130,257
1767631583636,258,200,true,130,130,258
1767631583636,258,200,true,130,130,258
1767631583637,257,200,true,130,130,257
1767631583637,257,200,true,130,130,257
1767631583637,257,200,true,130,130,257
1767631583637,258,200,true,130,130,258
1767631583638,257,200,true,130,130,257
1767631583638,257,200,true,130,130,257
1767631583638,257,200,true,130,130,257
1767631583639,256,200,true,130,130,256
1767631583639,257,200,true,130,130,257
1767631583639,257,200,true,130,130,257
1767631583640,256,200,true,130,130,256
1767631583640,256,200,true,130,130,256
1767631583640,256,200,true,130,130,256
1767631583640,257,200,true,130,130,257
1767631583641,256,200,true,130,130,256
1767631583641,256,200,true,130,130,256
1767631583634,263,200,true,130,130,263
1767631583856,263,200,true,130,130,263
1767631583856,263,200,true,130,130,263
1767631583856,263,200,true,130,130,263
1767631583856,263,200,true,130,130,263
1767631583857,262,200,true,130,130,262
1767631583857,262,200,true,130,130,262
1767631583857,263,200,true,130,130,263
1767631583857,263,200,true,130,130,263
1767631583857,263,200,true,130,130,263
1767631583858,262,200,true,130,130,262
1767631583858,262,200,true,130,130,262
1767631583858,263,200,true,130,130,263
1767631583858,263,200,true,130,130,263
1767631583858,263,200,true,130,130,263
1767631583859,262,200,true,130,130,262
1767631583859,263,200,true,130,130,263
1767631583859,263,200,true,130,130,263
1767631583859,263,200,true,130,130,263
1767631583859,263,200,true,130,130,263
1767631583860,262,200,true,130,130,262
1767631583860,263,200,true,130,130,263
1767631583860,263,200,true,130,130,263
1767631583860,263,200,true,130,130,263
1767631583860,263,200,true,130,130,263
1767631583861,263,200,true,130,130,262
1767631583861,263,200,true,130,130,263
1767631583861,263,200,true,130,130,263
1767631583861,263,200,true,130,130,263
1767631583862,262,200,true,130,130,262
1767631583862,263,200,true,130,130,263
1767631583862,263,200,true,130,130,263
1767631583862,263,200,true,130,130,263
1767631583862,263,200,true,130,130,263
1767631583863,262,200,true,130,130,262
1767631583863,263,200,true,130,130,263
1767631583863,263,200,true,130,130,263
1767631583863,263,200,true,130,130,263
1767631583864,262,200,true,130,130,262
1767631583864,263,200,true,130,130,263
1767631583864,263,200,true,130,130,263
1767631583864,263,200,true,130,130,263
1767631583864,263,200,true,130,130,263
1767631583864,263,200,true,130,130,263
1767631583865,263,200,true,130,130,262
1767631583865,263,200,true,130,130,263
1767631583865,263,200,true,130,130,263
1767631583865,263,200,true,130,130,263
1767631583865,263,200,true,130,130,263
1767631583866,262,200,true,130,130,262
1767631583866,263,200,true,130,130,263
1767631583866,263,200,true,130,130,263
1767631583866,263,200,true,130,130,263
1767631583866,263,200,true,130,130,263
1767631583867,262,200,true,130,130,262
1767631583867,263,200,true,130,130,263
1767631583867,263,200,true,130,130,263
1767631583867,263,200,true,130,130,263
1767631583867,263,200,true,130,130,263
1767631583868,262,200,true,130,130,262
1767631583868,263,200,true,130,130,263
1767631583868,263,200,true,130,130,263
1767631583868,263,200,true,130,130,263
1767631583868,263,200,true,130,130,263
1767631583869,262,200,true,130,130,262
1767631583869,263,200,true,130,130,263
1767631583869,263,200,true,130,130,263
1767631583869,263,200,true,130,130,263
1767631583869,263,200,true,130,130,263
1767631583870,263,200,true,130,130,262
1767631583870,263,200,true,130,130,263
1767631583870,263,200,true,130,130,263
1767631583870,263,200,true,130,130,263
1767631583871,262,200,true,130,130,262
1767631583871,263,200,true,130,130,263
1767631583871,263,200,true,130,130,263
1767631583871,263,200,true,130,130,263
1767631583871,263,200,true,130,130,263
1767631583872,262,200,true,130,130,262
1767631583872,263,200,true,130,130,263
1767631583872,263,200,true,130,130,263
1767631583872,263,200,true,130,130,263
1767631583872,263,200,true,130,130,263
1767631583873,262,200,true,130,130,262
1767631583873,263,200,true,130,130,263
1767631583873,263,200,true,130,130,263
1767631583873,263,200,true,130,130,263
1767631583873,263,200,true,130,130,263
1767631583874,262,200,true,130,130,262
1767631583874,263,200,true,130,130,263
1767631583874,263,200,true,130,130,263
1767631583874,263,200,true,130,130,263
1767631583874,263,200,true,130,130,263
1767631583875,263,200,true,130,130,263
1767631583875,264,200,true,130,130,264
1767631583890,249,200,true,130,130,249
1767631583891,248,200,true,130,130,248
1767631583891,248,200,true,130,130,248
1767631583891,248,200,true,130,130,248
1767631583891,249,200,true,130,130,249
1767631583891,249,200,true,130,130,249
1767631583891,249,200,true,130,130,249
1767631583892,248,200,true,130,130,248
1767631583892,248,200,true,130,130,248
1767631583892,249,200,true,130,130,249
1767631583892,249,200,true,130,130,249
1767631583892,249,200,true,130,130,249
1767631583893,248,200,true,130,130,248
1767631583893,248,200,true,130,130,248
1767631583893,249,200,true,130,130,249
1767631583893,249,200,true,130,130,249
1767631583893,249,200,true,130,130,249
1767631583894,248,200,true,130,130,248
1767631583894,249,200,true,130,130,249
1767631583894,249,200,true,130,130,249
1767631583894,249,200,true,130,130,249
1767631583895,248,200,true,130,130,248
1767631583895,248,200,true,130,130,248
1767631583895,248,200,true,130,130,248
1767631583895,249,200,true,130,130,249
1767631583895,249,200,true,130,130,249
1767631583895,249,200,true,130,130,249
1767631583896,248,200,true,130,130,248
1767631583896,249,200,true,130,130,249
1767631583896,249,200,true,130,130,249
1767631583896,249,200,true,130,130,249
1767631583897,248,200,true,130,130,248
1767631583897,248,200,true,130,130,248
1767631583897,249,200,true,130,130,249
1767631583897,249,200,true,130,130,249
1767631583897,249,200,true,130,130,249
1767631584119,248,200,true,130,130,248
1767631584119,248,200,true,130,130,248
1767631584119,248,200,true,130,130,248
1767631584119,248,200,true,130,130,248
1767631584119,249,200,true,130,130,249
1767631584119,249,200,true,130,130,249
1767631584120,248,200,true,130,130,248
1767631584120,248,200,true,130,130,248
1767631584120,248,200,true,130,130,248
1767631584120,249,200,true,130,130,249
1767631584121,248,200,true,130,130,248
1767631584121,248,200,true,130,130,248
1767631584121,248,200,true,130,130,248
1767631584121,249,200,true,130,130,249
1767631584121,249,200,true,130,130,249
1767631584122,248,200,true,130,130,248
1767631584122,248,200,true,130,130,248
1767631584122,248,200,true,130,130,248
1767631584122,249,200,true,130,130,249
1767631584123,248,200,true,130,130,248
1767631584123,248,200,true,130,130,248
1767631584123,248,200,true,130,130,248
1767631584123,249,200,true,130,130,249
1767631584123,249,200,true,130,130,249
1767631584124,248,200,true,130,130,248
1767631584124,248,200,true,130,130,248
1767631584124,248,200,true,130,130,248
1767631584124,249,200,true,130,130,249
1767631584125,248,200,true,130,130,248
1767631584125,248,200,true,130,130,248
1767631584125,248,200,true,130,130,248
1767631584125,249,200,true,130,130,249
1767631584125,249,200,true,130,130,249
1767631584125,249,200,true,130,130,249
1767631584126,248,200,true,130,130,248
1767631584126,248,200,true,130,130,248
1767631584126,249,200,true,130,130,249
1767631584127,248,200,true,130,130,248
1767631584127,248,200,true,130,130,248
1767631584127,248,200,true,130,130,248
1767631584127,248,200,true,130,130,248
1767631584127,249,200,true,130,130,249
1767631584127,249,200,true,130,130,249
1767631584128,248,200,true,130,130,248
1767631584128,248,200,true,130,130,248
1767631584128,248,200,true,130,130,248
1767631584128,249,200,true,130,130,249
1767631584128,249,200,true,130,130,249
1767631584129,248,200,true,130,130,248
1767631584129,248,200,true,130,130,248
1767631584129,248,200,true,130,130,248
1767631584129,249,200,true,130,130,249
1767631584129,249,200,true,130,130,249
1767631584129,249,200,true,130,130,249
1767631584130,248,200,true,130,130,248
1767631584130,248,200,true,130,130,248
1767631584130,249,200,true,130,130,249
1767631584130,249,200,true,130,130,249
1767631584131,248,200,true,130,130,248
1767631584131,248,200,true,130,130,248
1767631584131,248,200,true,130,130,248
1767631584131,249,200,true,130,130,249
1767631584131,249,200,true,130,130,249
1767631584132,248,200,true,130,130,248
1767631584132,248,200,true,130,130,248
1767631584132,248,200,true,130,130,248
1767631584132,249,200,true,130,130,249
1767631584132,249,200,true,130,130,249
1767631584133,248,200,true,130,130,248
1767631584133,248,200,true,130,130,248
1767631584133,249,200,true,130,130,249
1767631584133,249,200,true,130,130,249
1767631584133,249,200,true,130,130,249
1767631584134,248,200,true,130,130,248
1767631584134,249,200,true,130,130,249
1767631584134,249,200,true,130,130,249
1767631584134,249,200,true,130,130,249
1767631584134,249,200,true,130,130,249
1767631584135,248,200,true,130,130,248
1767631584135,249,200,true,130,130,249
1767631584135,249,200,true,130,130,249
1767631584135,249,200,true,130,130,249
1767631584136,248,200,true,130,130,248
1767631584136,248,200,true,130,130,248
1767631584136,249,200,true,130,130,249
1767631584136,249,200,true,130,130,249
1767631584136,249,200,true,130,130,249
1767631584137,248,200,true,130,130,248
1767631584137,248,200,true,130,130,248
1767631584137,249,200,true,130,130,249
1767631584137,249,200,true,130,130,249
1767631584137,249,200,true,130,130,249
1767631584139,248,200,true,130,130,248
1767631584139,249,200,true,130,130,249
1767631584139,249,200,true,130,130,249
1767631584139,249,200,true,130,130,249
1767631584139,249,200,true,130,130,249
1767631584140,248,200,true,130,130,248
1767631584140,249,200,true,130,130,249
1767631584140,249,200,true,130,130,249
1767631584140,249,200,true,130,130,249
1767631584140,249,200,true,130,130,249
1767631584141,248,200,true,130,130,248
1767631584141,249,200,true,130,130,249
1767631584141,249,200,true,130,130,249
1767631584141,249,200,true,130,130,249
1767631584141,249,200,true,130,130,249
1767631584142,248,200,true,130,130,248
1767631584142,249,200,true,130,130,249
1767631584142,249,200,true,130,130,249
1767631584142,249,200,true,130,130,249
1767631584142,249,200,true,130,130,249
1767631584143,249,200,true,130,130,249
1767631584143,249,200,true,130,130,249
1767631584143,249,200,true,130,130,249
1767631584143,249,200,true,130,130,249
1767631584143,249,200,true,130,130,249
1767631584144,248,200,true,130,130,248
1767631584144,249,200,true,130,130,249
1767631584144,249,200,true,130,130,249
1767631584144,249,200,true,130,130,249
1767631584144,249,200,true,130,130,249
1767631584145,249,200,true,130,130,249
1767631584145,249,200,true,130,130,249
1767631584145,249,200,true,130,130,249
1767631584145,249,200,true,130,130,249
1767631584145,249,200,true,130,130,249
1767631584146,249,200,true,130,130,249
1767631584146,249,200,true,130,130,249
1767631584146,249,200,true,130,130,249
1767631584367,232,200,true,130,130,232
1767631584367,232,200,true,130,130,232
1767631584367,233,200,true,130,130,233
1767631584368,232,200,true,130,130,232
1767631584368,232,200,true,130,130,232
1767631584368,232,200,true,130,130,232
1767631584368,233,200,true,130,130,233
1767631584368,233,200,true,130,130,233
1767631584369,232,200,true,130,130,232
1767631584369,233,200,true,130,130,233
1767631584369,233,200,true,130,130,233
1767631584369,233,200,true,130,130,233
1767631584369,235,200,true,130,130,235
1767631584370,234,200,true,130,130,234
1767631584370,234,200,true,130,130,234
1767631584370,235,200,true,130,130,235
1767631584370,235,200,true,130,130,235
1767631584371,234,200,true,130,130,234
1767631584371,235,200,true,130,130,235
1767631584371,235,200,true,130,130,235
1767631584371,235,200,true,130,130,235
1767631584371,235,200,true,130,130,235
1767631584372,235,200,true,130,130,235
1767631584372,235,200,true,130,130,235
1767631584372,235,200,true,130,130,235
1767631584372,236,200,true,130,130,236
1767631584373,235,200,true,130,130,235
1767631584373,235,200,true,130,130,235
1767631584373,236,200,true,130,130,236
1767631584373,236,200,true,130,130,236
1767631584373,236,200,true,130,130,236
1767631584374,235,200,true,130,130,235
1767631584374,236,200,true,130,130,236
1767631584374,236,200,true,130,130,236
1767631584374,236,200,true,130,130,236
1767631584374,237,200,true,130,130,236
1767631584375,236,200,true,130,130,236
1767631584375,236,200,true,130,130,236
1767631584375,236,200,true,130,130,236
1767631584375,236,200,true,130,130,236
1767631584375,237,200,true,130,130,237
1767631584376,236,200,true,130,130,236
1767631584376,236,200,true,130,130,236
1767631584376,236,200,true,130,130,236
1767631584376,236,200,true,130,130,236
1767631584377,236,200,true,130,130,236
1767631584377,236,200,true,130,130,236
1767631584377,236,200,true,130,130,236
1767631584377,236,200,true,130,130,236
1767631584377,236,200,true,130,130,236
1767631584378,236,200,true,130,130,236
1767631584378,236,200,true,130,130,236
1767631584378,236,200,true,130,130,236
1767631584378,236,200,true,130,130,236
1767631584378,236,200,true,130,130,236
1767631584379,236,200,true,130,130,236
1767631584379,236,200,true,130,130,236
1767631584379,236,200,true,130,130,236
1767631584379,236,200,true,130,130,236
1767631584379,237,200,true,130,130,236
1767631584380,236,200,true,130,130,236
1767631584380,236,200,true,130,130,236
1767631584380,236,200,true,130,130,236
1767631584380,236,200,true,130,130,236
1767631584380,237,200,true,130,130,237
1767631584381,236,200,true,130,130,236
1767631584381,236,200,true,130,130,236
1767631584381,236,200,true,130,130,236
1767631584381,236,200,true,130,130,236
1767631584382,236,200,true,130,130,236
1767631584382,236,200,true,130,130,236
1767631584382,236,200,true,130,130,236
1767631584382,236,200,true,130,130,236
1767631584382,237,200,true,130,130,237
1767631584383,236,200,true,130,130,236
1767631584383,236,200,true,130,130,236
1767631584383,236,200,true,130,130,236
1767631584383,236,200,true,130,130,236
1767631584383,237,200,true,130,130,237
1767631584384,236,200,true,130,130,236
1767631584384,236,200,true,130,130,236
1767631584384,236,200,true,130,130,236
1767631584384,237,200,true,130,130,237
1767631584385,236,200,true,130,130,236
1767631584385,236,200,true,130,130,236
1767631584385,236,200,true,130,130,236
1767631584385,236,200,true,130,130,236
1767631584385,237,200,true,130,130,237
1767631584386,236,200,true,130,130,236
1767631584386,236,200,true,130,130,236
1767631584386,236,200,true,130,130,236
1767631584386,237,200,true,130,130,237
1767631584388,236,200,true,130,130,236
1767631584388,236,200,true,130,130,236
1767631584388,236,200,true,130,130,236
1767631584388,237,200,true,130,130,237
1767631584388,237,200,true,130,130,237
1767631584388,237,200,true,130,130,237
1767631584389,239,200,true,130,130,239
1767631584389,239,200,true,130,130,239
1767631584389,239,200,true,130,130,239
1767631584389,239,200,true,130,130,239
1767631584389,240,200,true,130,130,240
1767631584390,239,200,true,130,130,239
1767631584390,240,200,true,130,130,240
1767631584390,240,200,true,130,130,240
1767631584390,241,200,true,130,130,241
1767631584391,240,200,true,130,130,240
1767631584391,240,200,true,130,130,240
1767631584391,240,200,true,130,130,240
1767631584391,241,200,true,130,130,241
1767631584391,241,200,true,130,130,241
1767631584392,241,200,true,130,130,241
1767631584392,241,200,true,130,130,241
1767631584392,241,200,true,130,130,241
1767631584392,242,200,true,130,130,242
1767631584392,243,200,true,130,130,243
1767631584393,243,200,true,130,130,243
1767631584393,243,200,true,130,130,243
1767631584393,243,200,true,130,130,243
1767631584393,243,200,true,130,130,243
1767631584393,244,200,true,130,130,244
1767631584394,243,200,true,130,130,243
1767631584394,243,200,true,130,130,243
1767631584394,243,200,true,130,130,243
1767631584394,243,200,true,130,130,243
1767631584395,243,200,true,130,130,243
1767631584395,243,200,true,130,130,243
1767631584395,243,200,true,130,130,243
1767631584395,244,200,true,130,130,244
1767631584599,251,200,true,130,130,251
1767631584600,250,200,true,130,130,250
1767631584600,250,200,true,130,130,250
1767631584600,250,200,true,130,130,250
1767631584600,251,200,true,130,130,251
1767631584601,250,200,true,130,130,250
1767631584601,250,200,true,130,130,250
1767631584601,250,200,true,130,130,250
1767631584601,251,200,true,130,130,250
1767631584602,250,200,true,130,130,250
1767631584602,250,200,true,130,130,250
1767631584603,249,200,true,130,130,249
1767631584604,248,200,true,130,130,248
1767631584604,249,200,true,130,130,249
1767631584605,248,200,true,130,130,248
1767631584605,248,200,true,130,130,248
1767631584605,248,200,true,130,130,248
1767631584605,248,200,true,130,130,248
1767631584606,251,200,true,130,130,251
1767631584606,251,200,true,130,130,251
1767631584606,252,200,true,130,130,252
1767631584607,251,200,true,130,130,251
1767631584607,251,200,true,130,130,251
1767631584607,251,200,true,130,130,251
1767631584607,251,200,true,130,130,251
1767631584608,251,200,true,130,130,251
1767631584608,251,200,true,130,130,251
1767631584608,251,200,true,130,130,251
1767631584609,250,200,true,130,130,250
1767631584609,251,200,true,130,130,251
1767631584609,251,200,true,130,130,251
1767631584609,251,200,true,130,130,251
1767631584610,250,200,true,130,130,250
1767631584610,251,200,true,130,130,251
1767631584611,250,200,true,130,130,250
1767631584611,250,200,true,130,130,250
1767631584611,250,200,true,130,130,250
1767631584611,250,200,true,130,130,250
1767631584611,251,200,true,130,130,251
1767631584611,251,200,true,130,130,251
1767631584612,250,200,true,130,130,250
1767631584612,250,200,true,130,130,250
1767631584612,251,200,true,130,130,251
1767631584612,251,200,true,130,130,251
1767631584613,250,200,true,130,130,250
1767631584613,250,200,true,130,130,250
1767631584613,250,200,true,130,130,250
1767631584613,251,200,true,130,130,251
1767631584613,251,200,true,130,130,251
1767631584614,250,200,true,130,130,250
1767631584614,250,200,true,130,130,250
1767631584614,251,200,true,130,130,251
1767631584614,251,200,true,130,130,251
1767631584614,251,200,true,130,130,251
1767631584614,251,200,true,130,130,251
1767631584615,250,200,true,130,130,250
1767631584615,251,200,true,130,130,251
1767631584615,251,200,true,130,130,251
1767631584615,251,200,true,130,130,251
1767631584616,250,200,true,130,130,250
1767631584616,251,200,true,130,130,250
1767631584616,251,200,true,130,130,251
1767631584616,251,200,true,130,130,251
1767631584616,251,200,true,130,130,251
1767631584617,250,200,true,130,130,250
1767631584617,251,200,true,130,130,251
1767631584617,251,200,true,130,130,251
1767631584617,251,200,true,130,130,251
1767631584618,250,200,true,130,130,250
1767631584618,250,200,true,130,130,250
1767631584618,251,200,true,130,130,251
1767631584618,251,200,true,130,130,251
1767631584619,250,200,true,130,130,250
1767631584619,250,200,true,130,130,250
1767631584619,250,200,true,130,130,250
1767631584619,251,200,true,130,130,251
1767631584619,251,200,true,130,130,251
1767631584620,250,200,true,130,130,250
1767631584620,250,200,true,130,130,250
1767631584620,251,200,true,130,130,251
1767631584620,251,200,true,130,130,251
1767631584620,251,200,true,130,130,251
1767631584621,250,200,true,130,130,250
1767631584621,250,200,true,130,130,250
1767631584621,251,200,true,130,130,251
1767631584621,251,200,true,130,130,251
1767631584621,251,200,true,130,130,251
1767631584622,250,200,true,130,130,250
1767631584622,250,200,true,130,130,250
1767631584622,251,200,true,130,130,251
1767631584622,251,200,true,130,130,251
1767631584624,249,200,true,130,130,249
1767631584624,249,200,true,130,130,249
1767631584624,249,200,true,130,130,249
1767631584624,250,200,true,130,130,250
1767631584625,249,200,true,130,130,249
1767631584625,249,200,true,130,130,249
1767631584625,249,200,true,130,130,249
1767631584628,246,200,true,130,130,246
1767631584628,247,200,true,130,130,247
1767631584628,247,200,true,130,130,247
1767631584628,247,200,true,130,130,247
1767631584629,246,200,true,130,130,246
1767631584629,247,200,true,130,130,247
1767631584630,246,200,true,130,130,246
1767631584630,246,200,true,130,130,246
1767631584631,245,200,true,130,130,245
1767631584631,245,200,true,130,130,245
1767631584631,246,200,true,130,130,246
1767631584632,245,200,true,130,130,245
1767631584632,245,200,true,130,130,245
1767631584633,244,200,true,130,130,244
1767631584633,244,200,true,130,130,244
1767631584633,245,200,true,130,130,245
1767631584634,244,200,true,130,130,244
1767631584635,243,200,true,130,130,243
1767631584636,242,200,true,130,130,242
1767631584636,243,200,true,130,130,243
1767631584636,243,200,true,130,130,243
1767631584637,242,200,true,130,130,242
1767631584637,242,200,true,130,130,242
1767631584637,242,200,true,130,130,242
1767631584637,243,200,true,130,130,243
1767631584637,243,200,true,130,130,243
1767631584638,242,200,true,130,130,242
1767631584638,242,200,true,130,130,242
1767631584638,242,200,true,130,130,242
1767631584639,242,200,true,130,130,242
1767631584639,242,200,true,130,130,242
1767631584634,247,200,true,130,130,247
1767631584850,89,200,true,130,130,89
1767631584850,89,200,true,130,130,89
1767631584850,90,200,true,130,130,90
1767631584850,90,200,true,130,130,90
1767631584851,89,200,true,130,130,89
1767631584851,90,200,true,130,130,90
1767631584851,90,200,true,130,130,90
1767631584851,90,200,true,130,130,90
1767631584852,89,200,true,130,130,89
1767631584852,90,200,true,130,130,90
1767631584852,90,200,true,130,130,90
1767631584852,90,200,true,130,130,90
1767631584852,90,200,true,130,130,90
1767631584853,90,200,true,130,130,90
1767631584853,90,200,true,130,130,90
1767631584853,90,200,true,130,130,90
1767631584853,90,200,true,130,130,90
1767631584853,91,200,true,130,130,91
1767631584857,238,200,true,130,130,238
1767631584857,238,200,true,130,130,238
1767631584858,237,200,true,130,130,237
1767631584858,237,200,true,130,130,237
1767631584858,238,200,true,130,130,238
1767631584858,238,200,true,130,130,238
1767631584859,237,200,true,130,130,237
1767631584859,237,200,true,130,130,237
1767631584859,238,200,true,130,130,238
1767631584859,238,200,true,130,130,238
1767631584859,238,200,true,130,130,238
1767631584860,237,200,true,130,130,237
1767631584860,237,200,true,130,130,237
1767631584860,238,200,true,130,130,238
1767631584861,237,200,true,130,130,237
1767631584861,237,200,true,130,130,237
1767631584861,237,200,true,130,130,237
1767631584861,237,200,true,130,130,237
1767631584861,240,200,true,130,130,240
1767631584862,239,200,true,130,130,239
1767631584862,239,200,true,130,130,239
1767631584862,240,200,true,130,130,240
1767631584862,240,200,true,130,130,240
1767631584862,240,200,true,130,130,240
1767631584863,239,200,true,130,130,239
1767631584863,240,200,true,130,130,240
1767631584863,240,200,true,130,130,240
1767631584863,240,200,true,130,130,240
1767631584863,240,200,true,130,130,240
1767631584864,239,200,true,130,130,239
1767631584864,240,200,true,130,130,240
1767631584864,240,200,true,130,130,240
1767631584864,240,200,true,130,130,240
1767631584865,239,200,true,130,130,239
1767631584865,239,200,true,130,130,239
1767631584865,240,200,true,130,130,240
1767631584865,240,200,true,130,130,240
1767631584866,239,200,true,130,130,239
1767631584866,239,200,true,130,130,239
1767631584866,239,200,true,130,130,239
1767631584866,239,200,true,130,130,239
1767631584866,240,200,true,130,130,240
1767631584867,239,200,true,130,130,239
1767631584867,239,200,true,130,130,239
1767631584867,239,200,true,130,130,239
1767631584867,240,200,true,130,130,240
1767631584867,240,200,true,130,130,240
1767631584868,239,200,true,130,130,239
1767631584868,239,200,true,130,130,239
1767631584868,239,200,true,130,130,239
1767631584868,240,200,true,130,130,240
1767631584868,240,200,true,130,130,240
1767631584869,239,200,true,130,130,239
1767631584869,239,200,true,130,130,239
1767631584869,239,200,true,130,130,239
1767631584869,240,200,true,130,130,240
1767631584870,239,200,true,130,130,239
1767631584870,239,200,true,130,130,239
1767631584870,239,200,true,130,130,239
1767631584870,240,200,true,130,130,240
1767631584870,240,200,true,130,130,240
1767631584871,239,200,true,130,130,239
1767631584871,239,200,true,130,130,239
1767631584871,239,200,true,130,130,239
1767631584871,240,200,true,130,130,240
1767631584872,239,200,true,130,130,239
1767631584872,239,200,true,130,130,239
1767631584872,239,200,true,130,130,239
1767631584872,239,200,true,130,130,239
1767631584872,240,200,true,130,130,240
1767631584873,239,200,true,130,130,239
1767631584873,239,200,true,130,130,239
1767631584873,239,200,true,130,130,239
1767631584873,239,200,true,130,130,239
1767631584873,240,200,true,130,130,240
1767631584873,240,200,true,130,130,240
1767631584874,239,200,true,130,130,239
1767631584874,239,200,true,130,130,239
1767631584874,240,200,true,130,130,240
1767631584874,240,200,true,130,130,240
1767631584874,240,200,true,130,130,240
1767631584875,239,200,true,130,130,239
1767631584875,239,200,true,130,130,239
1767631584875,240,200,true,130,130,240
1767631584875,240,200,true,130,130,240
1767631584876,239,200,true,130,130,239
1767631584876,239,200,true,130,130,239
1767631584876,239,200,true,130,130,239
1767631584876,240,200,true,130,130,240
1767631584876,240,200,true,130,130,240
1767631584877,239,200,true,130,130,239
1767631584877,239,200,true,130,130,239
1767631584877,239,200,true,130,130,239
1767631584877,240,200,true,130,130,240
1767631584878,239,200,true,130,130,239
1767631584878,239,200,true,130,130,239
1767631584878,239,200,true,130,130,239
1767631584878,239,200,true,130,130,239
1767631584878,240,200,true,130,130,240
1767631584879,239,200,true,130,130,239
1767631584879,239,200,true,130,130,239
1767631584879,239,200,true,130,130,239
1767631584879,239,200,true,130,130,239
1767631584879,240,200,true,130,130,240
1767631584880,239,200,true,130,130,239
1767631584880,239,200,true,130,130,239
1767631584880,239,200,true,130,130,239
1767631584880,240,200,true,130,130,240
1767631584881,239,200,true,130,130,239
1767631584881,239,200,true,130,130,239
1767631584881,239,200,true,130,130,239
1767631584881,239,200,true,130,130,239
1767631584940,181,200,true,130,130,181
1767631584940,181,200,true,130,130,181
1767631584940,181,200,true,130,130,181
1767631584940,181,200,true,130,130,181
1767631584940,181,200,true,130,130,181
1767631584941,181,200,true,130,130,181
1767631584941,181,200,true,130,130,181
1767631584941,181,200,true,130,130,181
1767631584941,181,200,true,130,130,181
1767631584942,180,200,true,130,130,180
1767631584942,181,200,true,130,130,181
1767631584942,181,200,true,130,130,181
1767631584942,181,200,true,130,130,181
1767631584943,180,200,true,130,130,180
1767631584943,180,200,true,130,130,180
1767631584943,181,200,true,130,130,181
1767631584943,181,200,true,130,130,181
1767631584944,180,200,true,130,130,180
1767631585095,86,200,true,130,130,86
1767631585095,87,200,true,130,130,87
1767631585095,87,200,true,130,130,87
1767631585095,87,200,true,130,130,87
1767631585096,86,200,true,130,130,86
1767631585096,87,200,true,130,130,87
1767631585096,87,200,true,130,130,87
1767631585096,87,200,true,130,130,87
1767631585097,87,200,true,130,130,87
1767631585097,87,200,true,130,130,87
1767631585097,87,200,true,130,130,87
1767631585097,87,200,true,130,130,87
1767631585097,88,200,true,130,130,88
1767631585098,87,200,true,130,130,87
1767631585098,87,200,true,130,130,87
1767631585098,87,200,true,130,130,87
1767631585098,88,200,true,130,130,88
1767631585099,87,200,true,130,130,87
1767631585101,249,200,true,130,130,249
1767631585101,249,200,true,130,130,249
1767631585102,249,200,true,130,130,249
1767631585102,249,200,true,130,130,249
1767631585102,249,200,true,130,130,249
1767631585102,249,200,true,130,130,249
1767631585102,249,200,true,130,130,249
1767631585103,249,200,true,130,130,249
1767631585103,249,200,true,130,130,249
1767631585103,249,200,true,130,130,249
1767631585103,249,200,true,130,130,249
1767631585103,249,200,true,130,130,249
1767631585104,249,200,true,130,130,249
1767631585104,249,200,true,130,130,249
1767631585104,249,200,true,130,130,249
1767631585104,249,200,true,130,130,249
1767631585104,249,200,true,130,130,249
1767631585105,249,200,true,130,130,249
1767631585105,249,200,true,130,130,249
1767631585105,249,200,true,130,130,249
1767631585105,249,200,true,130,130,249
1767631585105,249,200,true,130,130,249
1767631585106,249,200,true,130,130,249
1767631585106,249,200,true,130,130,249
1767631585106,249,200,true,130,130,249
1767631585106,249,200,true,130,130,249
1767631585106,249,200,true,130,130,249
1767631585107,249,200,true,130,130,249
1767631585107,249,200,true,130,130,249
1767631585107,249,200,true,130,130,249
1767631585107,251,200,true,130,130,251
1767631585107,251,200,true,130,130,251
1767631585108,250,200,true,130,130,250
1767631585108,251,200,true,130,130,251
1767631585108,251,200,true,130,130,251
1767631585108,251,200,true,130,130,251
1767631585109,250,200,true,130,130,250
1767631585109,251,200,true,130,130,251
1767631585109,251,200,true,130,130,251
1767631585109,251,200,true,130,130,251
1767631585109,251,200,true,130,130,251
1767631585110,250,200,true,130,130,250
1767631585110,251,200,true,130,130,251
1767631585110,251,200,true,130,130,251
1767631585110,251,200,true,130,130,251
1767631585110,251,200,true,130,130,251
1767631585111,250,200,true,130,130,250
1767631585111,251,200,true,130,130,251
1767631585111,251,200,true,130,130,251
1767631585111,251,200,true,130,130,251
1767631585112,250,200,true,130,130,250
1767631585112,250,200,true,130,130,250
1767631585112,251,200,true,130,130,251
1767631585112,251,200,true,130,130,251
1767631585112,251,200,true,130,130,251
1767631585113,250,200,true,130,130,250
1767631585113,250,200,true,130,130,250
1767631585113,251,200,true,130,130,251
1767631585113,251,200,true,130,130,251
1767631585113,251,200,true,130,130,251
1767631585114,250,200,true,130,130,250
1767631585114,251,200,true,130,130,251
1767631585114,251,200,true,130,130,251
1767631585114,251,200,true,130,130,251
1767631585114,251,200,true,130,130,251
1767631585115,250,200,true,130,130,250
1767631585115,251,200,true,130,130,251
1767631585115,251,200,true,130,130,251
1767631585115,251,200,true,130,130,251
1767631585115,251,200,true,130,130,251
1767631585116,250,200,true,130,130,250
1767631585116,251,200,true,130,130,251
1767631585116,251,200,true,130,130,251
1767631585116,251,200,true,130,130,251
1767631585116,251,200,true,130,130,251
1767631585117,250,200,true,130,130,250
1767631585117,251,200,true,130,130,251
1767631585117,251,200,true,130,130,251
1767631585117,251,200,true,130,130,251
1767631585117,251,200,true,130,130,251
1767631585118,250,200,true,130,130,250
1767631585118,251,200,true,130,130,251
1767631585118,251,200,true,130,130,251
1767631585118,251,200,true,130,130,251
1767631585119,250,200,true,130,130,250
1767631585119,251,200,true,130,130,251
1767631585119,251,200,true,130,130,251
1767631585119,251,200,true,130,130,251
1767631585119,251,200,true,130,130,251
1767631585120,250,200,true,130,130,250
1767631585120,251,200,true,130,130,251
1767631585120,251,200,true,130,130,251
1767631585120,251,200,true,130,130,251
1767631585120,251,200,true,130,130,251
1767631585121,250,200,true,130,130,250
1767631585121,251,200,true,130,130,251
1767631585121,251,200,true,130,130,251
1767631585121,251,200,true,130,130,251
1767631585121,251,200,true,130,130,251
1767631585122,250,200,true,130,130,250
1767631585122,251,200,true,130,130,251
1767631585122,251,200,true,130,130,251
1767631585122,251,200,true,130,130,251
1767631585122,251,200,true,130,130,251
1767631585123,250,200,true,130,130,250
1767631585123,251,200,true,130,130,251
1767631585123,251,200,true,130,130,251
1767631585123,251,200,true,130,130,251
1767631585123,251,200,true,130,130,251
1767631585124,251,200,true,130,130,251
1767631585124,251,200,true,130,130,251
1767631585124,251,200,true,130,130,251
1767631585182,194,200,true,130,130,194
1767631585182,194,200,true,130,130,194
1767631585182,194,200,true,130,130,194
1767631585182,194,200,true,130,130,194
1767631585182,195,200,true,130,130,195
1767631585183,194,200,true,130,130,194
1767631585183,194,200,true,130,130,194
1767631585183,194,200,true,130,130,194
1767631585184,193,200,true,130,130,193
1767631585184,194,200,true,130,130,194
1767631585184,194,200,true,130,130,194
1767631585184,194,200,true,130,130,194
1767631585185,193,200,true,130,130,193
1767631585185,194,200,true,130,130,194
1767631585185,194,200,true,130,130,194
1767631585185,194,200,true,130,130,194
1767631585186,193,200,true,130,130,193
1767631585186,193,200,true,130,130,193
1767631585350,237,200,true,130,130,237
1767631585351,236,200,true,130,130,236
1767631585351,236,200,true,130,130,236
1767631585351,236,200,true,130,130,236
1767631585351,237,200,true,130,130,236
1767631585351,237,200,true,130,130,237
1767631585352,236,200,true,130,130,236
1767631585352,236,200,true,130,130,236
1767631585352,236,200,true,130,130,236
1767631585352,237,200,true,130,130,237
1767631585352,237,200,true,130,130,237
1767631585352,237,200,true,130,130,237
1767631585353,236,200,true,130,130,236
1767631585353,236,200,true,130,130,236
1767631585353,237,200,true,130,130,237
1767631585353,237,200,true,130,130,237
1767631585353,237,200,true,130,130,237
1767631585354,236,200,true,130,130,236
1767631585354,236,200,true,130,130,236
1767631585354,237,200,true,130,130,237
1767631585354,237,200,true,130,130,237
1767631585354,237,200,true,130,130,237
1767631585355,236,200,true,130,130,236
1767631585355,236,200,true,130,130,236
1767631585355,237,200,true,130,130,237
1767631585355,237,200,true,130,130,237
1767631585356,236,200,true,130,130,236
1767631585356,236,200,true,130,130,236
1767631585356,236,200,true,130,130,236
1767631585356,237,200,true,130,130,237
1767631585358,235,200,true,130,130,235
1767631585358,235,200,true,130,130,235
1767631585358,235,200,true,130,130,235
1767631585359,235,200,true,130,130,235
1767631585359,235,200,true,130,130,235
1767631585359,235,200,true,130,130,235
1767631585359,235,200,true,130,130,235
1767631585360,234,200,true,130,130,234
1767631585360,235,200,true,130,130,235
1767631585360,235,200,true,130,130,235
1767631585360,235,200,true,130,130,235
1767631585360,235,200,true,130,130,235
1767631585361,234,200,true,130,130,234
1767631585361,235,200,true,130,130,235
1767631585361,235,200,true,130,130,235
1767631585361,235,200,true,130,130,235
1767631585361,235,200,true,130,130,235
1767631585362,234,200,true,130,130,234
1767631585362,235,200,true,130,130,235
1767631585362,235,200,true,130,130,235
1767631585362,235,200,true,130,130,235
1767631585362,235,200,true,130,130,235
1767631585363,235,200,true,130,130,234
1767631585363,235,200,true,130,130,235
1767631585363,235,200,true,130,130,235
1767631585363,235,200,true,130,130,235
1767631585363,235,200,true,130,130,235
1767631585364,235,200,true,130,130,235
1767631585364,235,200,true,130,130,235
1767631585364,235,200,true,130,130,235
1767631585364,235,200,true,130,130,235
1767631585365,234,200,true,130,130,234
1767631585365,235,200,true,130,130,235
1767631585365,235,200,true,130,130,235
1767631585365,235,200,true,130,130,235
1767631585365,235,200,true,130,130,235
1767631585366,234,200,true,130,130,234
1767631585366,235,200,true,130,130,235
1767631585366,235,200,true,130,130,235
1767631585366,235,200,true,130,130,235
1767631585366,235,200,true,130,130,235
1767631585367,234,200,true,130,130,234
1767631585367,235,200,true,130,130,235
1767631585367,235,200,true,130,130,235
1767631585367,235,200,true,130,130,235
1767631585367,235,200,true,130,130,235
1767631585368,235,200,true,130,130,235
1767631585368,235,200,true,130,130,235
1767631585368,235,200,true,130,130,235
1767631585368,235,200,true,130,130,235
1767631585369,234,200,true,130,130,234
1767631585369,235,200,true,130,130,235
1767631585369,235,200,true,130,130,235
1767631585369,235,200,true,130,130,235
1767631585369,235,200,true,130,130,235
1767631585370,234,200,true,130,130,234
1767631585370,235,200,true,130,130,235
1767631585370,235,200,true,130,130,235
1767631585370,235,200,true,130,130,235
1767631585370,235,200,true,130,130,235
1767631585371,234,200,true,130,130,234
1767631585371,235,200,true,130,130,235
1767631585371,235,200,true,130,130,235
1767631585371,235,200,true,130,130,235
1767631585371,235,200,true,130,130,235
1767631585372,235,200,true,130,130,235
1767631585372,235,200,true,130,130,235
1767631585372,235,200,true,130,130,235
1767631585372,235,200,true,130,130,235
1767631585373,234,200,true,130,130,234
1767631585373,235,200,true,130,130,235
1767631585373,235,200,true,130,130,235
1767631585373,235,200,true,130,130,235
1767631585373,235,200,true,130,130,235
1767631585374,234,200,true,130,130,234
1767631585374,235,200,true,130,130,235
1767631585374,235,200,true,130,130,235
1767631585374,235,200,true,130,130,235
1767631585374,235,200,true,130,130,235
1767631585375,234,200,true,130,130,234
1767631585375,235,200,true,130,130,235
1767631585375,235,200,true,130,130,235
1767631585376,234,200,true,130,130,234
1767631585376,234,200,true,130,130,234
1767631585376,234,200,true,130,130,234
1767631585377,234,200,true,130,130,234
1767631585377,234,200,true,130,130,234
1767631585377,234,200,true,130,130,234
1767631585377,234,200,true,130,130,234
1767631585378,234,200,true,130,130,234
1767631585378,234,200,true,130,130,234
1767631585378,234,200,true,130,130,234
1767631585378,234,200,true,130,130,234
1767631585378,234,200,true,130,130,234
1767631585379,234,200,true,130,130,234
1767631585379,234,200,true,130,130,234
1767631585379,234,200,true,130,130,234
1767631585379,234,200,true,130,130,234
1767631585379,235,200,true,130,130,235
1767631585376,238,200,true,130,130,238
1767631585587,234,200,true,130,130,234
1767631585587,234,200,true,130,130,234
1767631585587,234,200,true,130,130,234
1767631585587,235,200,true,130,130,235
1767631585588,234,200,true,130,130,234
1767631585588,234,200,true,130,130,234
1767631585588,234,200,true,130,130,234
1767631585588,235,200,true,130,130,235
1767631585588,235,200,true,130,130,235
1767631585589,234,200,true,130,130,234
1767631585589,234,200,true,130,130,234
1767631585589,234,200,true,130,130,234
1767631585589,235,200,true,130,130,235
1767631585589,235,200,true,130,130,235
1767631585590,234,200,true,130,130,234
1767631585590,234,200,true,130,130,234
1767631585590,235,200,true,130,130,235
1767631585590,235,200,true,130,130,235
1767631585590,235,200,true,130,130,235
1767631585591,234,200,true,130,130,234
1767631585591,234,200,true,130,130,234
1767631585591,235,200,true,130,130,235
1767631585591,235,200,true,130,130,235
1767631585591,235,200,true,130,130,235
1767631585592,234,200,true,130,130,234
1767631585592,235,200,true,130,130,235
1767631585592,235,200,true,130,130,235
1767631585592,235,200,true,130,130,235
1767631585593,234,200,true,130,130,234
1767631585593,234,200,true,130,130,234
1767631585593,235,200,true,130,130,235
1767631585593,235,200,true,130,130,235
1767631585593,235,200,true,130,130,235
1767631585594,234,200,true,130,130,234
1767631585594,234,200,true,130,130,234
1767631585594,235,200,true,130,130,235
1767631585594,235,200,true,130,130,235
1767631585594,235,200,true,130,130,235
1767631585595,234,200,true,130,130,234
1767631585595,234,200,true,130,130,234
1767631585595,235,200,true,130,130,235
1767631585595,235,200,true,130,130,235
1767631585595,235,200,true,130,130,235
1767631585596,234,200,true,130,130,234
1767631585596,235,200,true,130,130,235
1767631585596,235,200,true,130,130,235
1767631585596,235,200,true,130,130,235
1767631585597,234,200,true,130,130,234
1767631585597,234,200,true,130,130,234
1767631585597,235,200,true,130,130,235
1767631585597,235,200,true,130,130,235
1767631585597,235,200,true,130,130,235
1767631585598,234,200,true,130,130,234
1767631585598,235,200,true,130,130,235
1767631585598,235,200,true,130,130,235
1767631585598,235,200,true,130,130,235
1767631585598,235,200,true,130,130,235
1767631585599,234,200,true,130,130,234
1767631585599,235,200,true,130,130,235
1767631585599,235,200,true,130,130,235
1767631585599,235,200,true,130,130,235
1767631585599,235,200,true,130,130,235
1767631585600,234,200,true,130,130,234
1767631585600,235,200,true,130,130,235
1767631585600,235,200,true,130,130,235
1767631585600,235,200,true,130,130,235
1767631585600,235,200,true,130,130,235
1767631585601,235,200,true,130,130,235
1767631585601,235,200,true,130,130,235
1767631585601,235,200,true,130,130,235
1767631585601,235,200,true,130,130,235
1767631585602,234,200,true,130,130,234
1767631585602,235,200,true,130,130,235
1767631585602,235,200,true,130,130,235
1767631585602,235,200,true,130,130,235
1767631585602,235,200,true,130,130,235
1767631585603,234,200,true,130,130,234
1767631585603,235,200,true,130,130,235
1767631585603,235,200,true,130,130,235
1767631585603,235,200,true,130,130,235
1767631585603,235,200,true,130,130,235
1767631585604,234,200,true,130,130,234
1767631585604,235,200,true,130,130,235
1767631585604,235,200,true,130,130,235
1767631585604,235,200,true,130,130,235
1767631585605,234,200,true,130,130,234
1767631585605,234,200,true,130,130,234
1767631585605,235,200,true,130,130,235
1767631585605,235,200,true,130,130,235
1767631585605,235,200,true,130,130,235
1767631585605,235,200,true,130,130,235
1767631585606,235,200,true,130,130,235
1767631585606,235,200,true,130,130,235
1767631585606,235,200,true,130,130,235
1767631585606,235,200,true,130,130,235
1767631585607,234,200,true,130,130,234
1767631585607,235,200,true,130,130,235
1767631585607,235,200,true,130,130,235
1767631585607,235,200,true,130,130,235
1767631585607,235,200,true,130,130,235
1767631585608,235,200,true,130,130,235
1767631585608,235,200,true,130,130,235
1767631585608,235,200,true,130,130,235
1767631585608,235,200,true,130,130,235
1767631585608,235,200,true,130,130,235
1767631585609,235,200,true,130,130,235
1767631585609,235,200,true,130,130,235
1767631585609,235,200,true,130,130,235
1767631585609,235,200,true,130,130,235
1767631585609,235,200,true,130,130,235
1767631585610,235,200,true,130,130,235
1767631585610,235,200,true,130,130,235
1767631585610,235,200,true,130,130,235
1767631585610,235,200,true,130,130,235
1767631585611,234,200,true,130,130,234
1767631585611,235,200,true,130,130,235
1767631585611,235,200,true,130,130,235
1767631585611,235,200,true,130,130,235
1767631585611,235,200,true,130,130,235
1767631585612,235,200,true,130,130,235
1767631585612,235,200,true,130,130,235
1767631585612,235,200,true,130,130,235
1767631585612,235,200,true,130,130,235
1767631585613,235,200,true,130,130,235
1767631585613,235,200,true,130,130,235
1767631585613,235,200,true,130,130,235
1767631585613,235,200,true,130,130,235
1767631585613,235,200,true,130,130,235
1767631585614,235,200,true,130,130,235
1767631585614,235,200,true,130,130,235
1767631585821,246,200,true,130,130,246
1767631585821,246,200,true,130,130,246
1767631585822,245,200,true,130,130,245
1767631585822,245,200,true,130,130,245
1767631585822,246,200,true,130,130,246
1767631585822,246,200,true,130,130,246
1767631585822,246,200,true,130,130,246
1767631585823,245,200,true,130,130,245
1767631585823,246,200,true,130,130,245
1767631585823,246,200,true,130,130,246
1767631585823,246,200,true,130,130,246
1767631585824,245,200,true,130,130,245
1767631585824,245,200,true,130,130,245
1767631585824,245,200,true,130,130,245
1767631585824,246,200,true,130,130,246
1767631585824,246,200,true,130,130,246
1767631585825,245,200,true,130,130,245
1767631585825,245,200,true,130,130,245
1767631585825,245,200,true,130,130,245
1767631585825,246,200,true,130,130,246
1767631585826,245,200,true,130,130,245
1767631585826,245,200,true,130,130,245
1767631585826,245,200,true,130,130,245
1767631585826,246,200,true,130,130,246
1767631585826,246,200,true,130,130,246
1767631585827,245,200,true,130,130,245
1767631585827,245,200,true,130,130,245
1767631585827,245,200,true,130,130,245
1767631585827,246,200,true,130,130,246
1767631585827,246,200,true,130,130,246
1767631585828,245,200,true,130,130,245
1767631585828,245,200,true,130,130,245
1767631585828,245,200,true,130,130,245
1767631585828,246,200,true,130,130,246
1767631585829,245,200,true,130,130,245
1767631585829,245,200,true,130,130,245
1767631585829,245,200,true,130,130,245
1767631585829,245,200,true,130,130,245
1767631585829,246,200,true,130,130,246
1767631585830,245,200,true,130,130,245
1767631585830,245,200,true,130,130,245
1767631585830,245,200,true,130,130,245
1767631585830,245,200,true,130,130,245
1767631585830,246,200,true,130,130,246
1767631585831,245,200,true,130,130,245
1767631585831,245,200,true,130,130,245
1767631585831,245,200,true,130,130,245
1767631585831,245,200,true,130,130,245
1767631585831,246,200,true,130,130,246
1767631585832,245,200,true,130,130,245
1767631585832,245,200,true,130,130,245
1767631585832,245,200,true,130,130,245
1767631585832,246,200,true,130,130,246
1767631585833,245,200,true,130,130,245
1767631585833,245,200,true,130,130,245
1767631585833,245,200,true,130,130,245
1767631585833,245,200,true,130,130,245
1767631585833,246,200,true,130,130,246
1767631585834,245,200,true,130,130,245
1767631585834,245,200,true,130,130,245
1767631585834,245,200,true,130,130,245
1767631585834,245,200,true,130,130,245
1767631585834,246,200,true,130,130,246
1767631585835,245,200,true,130,130,245
1767631585835,245,200,true,130,130,245
1767631585835,245,200,true,130,130,245
1767631585835,245,200,true,130,130,245
1767631585836,245,200,true,130,130,245
1767631585836,245,200,true,130,130,245
1767631585836,245,200,true,130,130,245
1767631585836,245,200,true,130,130,245
1767631585836,245,200,true,130,130,245
1767631585837,245,200,true,130,130,245
1767631585837,245,200,true,130,130,245
1767631585837,245,200,true,130,130,245
1767631585837,245,200,true,130,130,245
1767631585837,245,200,true,130,130,245
1767631585838,245,200,true,130,130,245
1767631585838,245,200,true,130,130,245
1767631585838,245,200,true,130,130,245
1767631585838,245,200,true,130,130,245
1767631585838,246,200,true,130,130,246
1767631585839,245,200,true,130,130,245
1767631585839,245,200,true,130,130,245
1767631585839,245,200,true,130,130,245
1767631585839,246,200,true,130,130,246
1767631585839,246,200,true,130,130,246
1767631585840,245,200,true,130,130,245
1767631585840,245,200,true,130,130,245
1767631585840,245,200,true,130,130,245
1767631585840,246,200,true,130,130,246
1767631585841,245,200,true,130,130,245
1767631585841,245,200,true,130,130,245
1767631585841,245,200,true,130,130,245
1767631585841,245,200,true,130,130,245
1767631585841,246,200,true,130,130,246
1767631585842,245,200,true,130,130,245
1767631585842,245,200,true,130,130,245
1767631585842,245,200,true,130,130,245
1767631585842,245,200,true,130,130,245
1767631585843,245,200,true,130,130,245
1767631585843,245,200,true,130,130,245
1767631585843,245,200,true,130,130,245
1767631585843,245,200,true,130,130,245
1767631585843,245,200,true,130,130,245
1767631585844,245,200,true,130,130,245
1767631585844,246,200,true,130,130,245
1767631585844,246,200,true,130,130,246
1767631585844,246,200,true,130,130,246
1767631585844,246,200,true,130,130,246
1767631585845,245,200,true,130,130,245
1767631585845,246,200,true,130,130,246
1767631585845,246,200,true,130,130,246
1767631585845,246,200,true,130,130,246
1767631585846,245,200,true,130,130,245
1767631585846,245,200,true,130,130,245
1767631585846,246,200,true,130,130,246
1767631585846,246,200,true,130,130,246
1767631585846,246,200,true,130,130,246
1767631585847,245,200,true,130,130,245
1767631585847,246,200,true,130,130,246
1767631585847,246,200,true,130,130,246
1767631585847,246,200,true,130,130,246
1767631585848,245,200,true,130,130,245
1767631585848,245,200,true,130,130,245
1767631585848,246,200,true,130,130,246
1767631585848,246,200,true,130,130,246
1767631585848,246,200,true,130,130,246
1767631585849,245,200,true,130,130,245
1767631585849,245,200,true,130,130,245
1767631586067,257,200,true,130,130,257
1767631586067,257,200,true,130,130,257
1767631586067,257,200,true,130,130,257
1767631586068,256,200,true,130,130,256
1767631586068,257,200,true,130,130,257
1767631586068,257,200,true,130,130,257
1767631586068,257,200,true,130,130,257
1767631586068,257,200,true,130,130,257
1767631586069,257,200,true,130,130,257
1767631586069,257,200,true,130,130,257
1767631586069,257,200,true,130,130,257
1767631586069,257,200,true,130,130,257
1767631586069,258,200,true,130,130,258
1767631586070,257,200,true,130,130,257
1767631586070,257,200,true,130,130,257
1767631586070,257,200,true,130,130,257
1767631586070,257,200,true,130,130,257
1767631586070,258,200,true,130,130,258
1767631586071,257,200,true,130,130,257
1767631586071,257,200,true,130,130,257
1767631586071,257,200,true,130,130,257
1767631586071,258,200,true,130,130,258
1767631586071,258,200,true,130,130,258
1767631586072,257,200,true,130,130,257
1767631586072,257,200,true,130,130,257
1767631586072,257,200,true,130,130,257
1767631586072,258,200,true,130,130,258
1767631586072,258,200,true,130,130,258
1767631586073,257,200,true,130,130,257
1767631586073,257,200,true,130,130,257
1767631586073,257,200,true,130,130,257
1767631586073,258,200,true,130,130,258
1767631586073,258,200,true,130,130,258
1767631586074,257,200,true,130,130,257
1767631586074,257,200,true,130,130,257
1767631586074,258,200,true,130,130,258
1767631586074,258,200,true,130,130,258
1767631586074,258,200,true,130,130,258
1767631586075,257,200,true,130,130,257
1767631586075,257,200,true,130,130,257
1767631586075,258,200,true,130,130,258
1767631586075,258,200,true,130,130,258
1767631586076,257,200,true,130,130,257
1767631586076,257,200,true,130,130,257
1767631586076,257,200,true,130,130,257
1767631586076,258,200,true,130,130,258
1767631586076,258,200,true,130,130,258
1767631586077,257,200,true,130,130,257
1767631586077,257,200,true,130,130,257
1767631586077,257,200,true,130,130,257
1767631586077,258,200,true,130,130,258
1767631586077,258,200,true,130,130,258
1767631586078,257,200,true,130,130,257
1767631586078,257,200,true,130,130,257
1767631586078,258,200,true,130,130,258
1767631586078,258,200,true,130,130,258
1767631586078,258,200,true,130,130,258
1767631586079,257,200,true,130,130,257
1767631586079,257,200,true,130,130,257
1767631586079,258,200,true,130,130,258
1767631586079,258,200,true,130,130,258
1767631586079,258,200,true,130,130,258
1767631586080,257,200,true,130,130,257
1767631586080,257,200,true,130,130,257
1767631586080,258,200,true,130,130,258
1767631586080,258,200,true,130,130,258
1767631586081,257,200,true,130,130,257
1767631586081,257,200,true,130,130,257
1767631586081,258,200,true,130,130,258
1767631586081,258,200,true,130,130,258
1767631586081,258,200,true,130,130,258
1767631586082,257,200,true,130,130,257
1767631586082,257,200,true,130,130,257
1767631586082,258,200,true,130,130,258
1767631586082,258,200,true,130,130,258
1767631586082,258,200,true,130,130,258
1767631586083,257,200,true,130,130,257
1767631586083,257,200,true,130,130,257
1767631586083,258,200,true,130,130,258
1767631586083,258,200,true,130,130,258
1767631586083,258,200,true,130,130,258
1767631586084,257,200,true,130,130,257
1767631586084,257,200,true,130,130,257
1767631586084,258,200,true,130,130,258
1767631586084,258,200,true,130,130,258
1767631586085,257,200,true,130,130,257
1767631586085,257,200,true,130,130,257
1767631586085,257,200,true,130,130,257
1767631586085,258,200,true,130,130,258
1767631586085,258,200,true,130,130,258
1767631586086,257,200,true,130,130,257
1767631586086,257,200,true,130,130,257
1767631586086,257,200,true,130,130,257
1767631586086,258,200,true,130,130,258
1767631586086,258,200,true,130,130,258
1767631586087,257,200,true,130,130,257
1767631586087,257,200,true,130,130,257
1767631586087,258,200,true,130,130,258
1767631586087,258,200,true,130,130,258
1767631586087,258,200,true,130,130,258
1767631586088,257,200,true,130,130,257
1767631586088,257,200,true,130,130,257
1767631586088,258,200,true,130,130,258
1767631586088,258,200,true,130,130,258
1767631586088,258,200,true,130,130,258
1767631586089,257,200,true,130,130,257
1767631586090,256,200,true,130,130,256
1767631586090,257,200,true,130,130,257
1767631586090,257,200,true,130,130,257
1767631586090,257,200,true,130,130,257
1767631586090,257,200,true,130,130,257
1767631586091,256,200,true,130,130,256
1767631586091,257,200,true,130,130,257
1767631586091,257,200,true,130,130,257
1767631586091,257,200,true,130,130,257
1767631586092,256,200,true,130,130,256
1767631586092,257,200,true,130,130,257
1767631586092,257,200,true,130,130,257
1767631586092,257,200,true,130,130,257
1767631586092,257,200,true,130,130,257
1767631586093,256,200,true,130,130,256
1767631586093,256,200,true,130,130,256
1767631586093,257,200,true,130,130,257
1767631586093,257,200,true,130,130,257
1767631586093,257,200,true,130,130,257
1767631586094,256,200,true,130,130,256
1767631586094,257,200,true,130,130,257
1767631586094,257,200,true,130,130,257
1767631586094,257,200,true,130,130,257
1767631586094,257,200,true,130,130,257
1767631586324,211,200,true,130,130,211
1767631586324,211,200,true,130,130,211
1767631586324,211,200,true,130,130,211
1767631586325,210,200,true,130,130,210
1767631586325,211,200,true,130,130,211
1767631586325,211,200,true,130,130,211
1767631586325,245,200,true,130,130,245
1767631586325,245,200,true,130,130,245
1767631586326,244,200,true,130,130,244
1767631586326,245,200,true,130,130,245
1767631586326,245,200,true,130,130,245
1767631586326,245,200,true,130,130,245
1767631586327,244,200,true,130,130,244
1767631586327,244,200,true,130,130,244
1767631586327,245,200,true,130,130,245
1767631586327,245,200,true,130,130,245
1767631586327,245,200,true,130,130,245
1767631586328,244,200,true,130,130,244
1767631586328,245,200,true,130,130,245
1767631586328,245,200,true,130,130,245
1767631586328,245,200,true,130,130,245
1767631586329,244,200,true,130,130,244
1767631586329,245,200,true,130,130,245
1767631586329,245,200,true,130,130,245
1767631586329,245,200,true,130,130,245
1767631586329,245,200,true,130,130,245
1767631586330,245,200,true,130,130,245
1767631586330,245,200,true,130,130,245
1767631586330,245,200,true,130,130,245
1767631586330,245,200,true,130,130,245
1767631586330,245,200,true,130,130,245
1767631586331,245,200,true,130,130,245
1767631586331,245,200,true,130,130,245
1767631586331,245,200,true,130,130,245
1767631586331,245,200,true,130,130,245
1767631586332,245,200,true,130,130,245
1767631586332,245,200,true,130,130,245
1767631586332,245,200,true,130,130,245
1767631586332,245,200,true,130,130,245
1767631586332,245,200,true,130,130,245
1767631586333,245,200,true,130,130,245
1767631586333,245,200,true,130,130,245
1767631586333,245,200,true,130,130,245
1767631586333,245,200,true,130,130,245
1767631586333,246,200,true,130,130,246
1767631586334,245,200,true,130,130,245
1767631586334,245,200,true,130,130,245
1767631586334,245,200,true,130,130,245
1767631586334,245,200,true,130,130,245
1767631586335,245,200,true,130,130,245
1767631586335,245,200,true,130,130,245
1767631586335,245,200,true,130,130,245
1767631586335,245,200,true,130,130,245
1767631586335,245,200,true,130,130,245
1767631586336,245,200,true,130,130,245
1767631586336,245,200,true,130,130,245
1767631586336,245,200,true,130,130,245
1767631586336,245,200,true,130,130,245
1767631586336,246,200,true,130,130,245
1767631586337,245,200,true,130,130,245
1767631586337,245,200,true,130,130,245
1767631586337,245,200,true,130,130,245
1767631586337,245,200,true,130,130,245
1767631586338,245,200,true,130,130,245
1767631586338,245,200,true,130,130,245
1767631586338,245,200,true,130,130,245
1767631586338,245,200,true,130,130,245
1767631586338,246,200,true,130,130,246
1767631586339,245,200,true,130,130,245
1767631586339,245,200,true,130,130,245
1767631586339,245,200,true,130,130,245
1767631586339,245,200,true,130,130,245
1767631586339,246,200,true,130,130,246
1767631586340,245,200,true,130,130,245
1767631586340,245,200,true,130,130,245
1767631586340,245,200,true,130,130,245
1767631586340,246,200,true,130,130,245
1767631586340,246,200,true,130,130,246
1767631586341,245,200,true,130,130,245
1767631586341,245,200,true,130,130,245
1767631586341,245,200,true,130,130,245
1767631586341,246,200,true,130,130,246
1767631586341,246,200,true,130,130,246
1767631586342,245,200,true,130,130,245
1767631586342,245,200,true,130,130,245
1767631586342,245,200,true,130,130,245
1767631586342,246,200,true,130,130,246
1767631586342,246,200,true,130,130,246
1767631586343,245,200,true,130,130,245
1767631586343,245,200,true,130,130,245
1767631586343,245,200,true,130,130,245
1767631586343,246,200,true,130,130,246
1767631586344,245,200,true,130,130,245
1767631586344,245,200,true,130,130,245
1767631586344,245,200,true,130,130,245
1767631586344,246,200,true,130,130,246
1767631586344,246,200,true,130,130,246
1767631586345,245,200,true,130,130,245
1767631586345,245,200,true,130,130,245
1767631586345,245,200,true,130,130,245
1767631586345,246,200,true,130,130,246
1767631586345,246,200,true,130,130,246
1767631586346,245,200,true,130,130,245
1767631586346,245,200,true,130,130,245
1767631586346,246,200,true,130,130,245
1767631586346,246,200,true,130,130,246
1767631586346,246,200,true,130,130,246
1767631586347,245,200,true,130,130,245
1767631586347,245,200,true,130,130,245
1767631586347,246,200,true,130,130,246
1767631586347,246,200,true,130,130,246
1767631586348,245,200,true,130,130,245
1767631586348,245,200,true,130,130,245
1767631586348,245,200,true,130,130,245
1767631586348,246,200,true,130,130,246
1767631586348,246,200,true,130,130,246
1767631586349,245,200,true,130,130,245
1767631586349,245,200,true,130,130,245
1767631586349,245,200,true,130,130,245
1767631586349,246,200,true,130,130,246
1767631586349,246,200,true,130,130,246
1767631586350,245,200,true,130,130,245
1767631586350,245,200,true,130,130,245
1767631586350,245,200,true,130,130,245
1767631586350,246,200,true,130,130,246
1767631586351,245,200,true,130,130,245
1767631586351,245,200,true,130,130,245
1767631586351,245,200,true,130,130,245
1767631586351,246,200,true,130,130,246
1767631586535,62,200,true,130,130,62
1767631586535,62,200,true,130,130,62
1767631586535,62,200,true,130,130,62
1767631586535,62,200,true,130,130,62
1767631586536,62,200,true,130,130,62
1767631586536,62,200,true,130,130,62
1767631586350,248,200,true,130,130,248
1767631586570,237,200,true,130,130,237
1767631586570,237,200,true,130,130,237
1767631586570,237,200,true,130,130,237
1767631586571,237,200,true,130,130,237
1767631586571,237,200,true,130,130,237
1767631586571,237,200,true,130,130,237
1767631586571,238,200,true,130,130,238
1767631586572,237,200,true,130,130,237
1767631586572,237,200,true,130,130,237
1767631586572,238,200,true,130,130,238
1767631586572,238,200,true,130,130,238
1767631586572,238,200,true,130,130,238
1767631586573,237,200,true,130,130,237
1767631586573,238,200,true,130,130,238
1767631586573,238,200,true,130,130,238
1767631586573,238,200,true,130,130,238
1767631586574,238,200,true,130,130,238
1767631586574,238,200,true,130,130,238
1767631586574,238,200,true,130,130,238
1767631586575,237,200,true,130,130,237
1767631586575,238,200,true,130,130,238
1767631586575,238,200,true,130,130,238
1767631586575,238,200,true,130,130,238
1767631586575,239,200,true,130,130,239
1767631586576,238,200,true,130,130,238
1767631586576,238,200,true,130,130,238
1767631586576,239,200,true,130,130,238
1767631586576,239,200,true,130,130,239
1767631586576,239,200,true,130,130,239
1767631586577,238,200,true,130,130,238
1767631586577,239,200,true,130,130,239
1767631586577,239,200,true,130,130,239
1767631586577,239,200,true,130,130,239
1767631586578,238,200,true,130,130,238
1767631586578,239,200,true,130,130,239
1767631586578,239,200,true,130,130,239
1767631586578,239,200,true,130,130,239
1767631586578,240,200,true,130,130,240
1767631586579,239,200,true,130,130,239
1767631586579,239,200,true,130,130,239
1767631586579,239,200,true,130,130,239
1767631586579,240,200,true,130,130,240
1767631586579,240,200,true,130,130,240
1767631586580,239,200,true,130,130,239
1767631586580,239,200,true,130,130,239
1767631586580,239,200,true,130,130,239
1767631586580,240,200,true,130,130,240
1767631586581,239,200,true,130,130,239
1767631586581,239,200,true,130,130,239
1767631586581,239,200,true,130,130,239
1767631586581,240,200,true,130,130,240
1767631586581,240,200,true,130,130,240
1767631586582,239,200,true,130,130,239
1767631586582,239,200,true,130,130,239
1767631586582,239,200,true,130,130,239
1767631586582,240,200,true,130,130,240
1767631586582,240,200,true,130,130,240
1767631586583,239,200,true,130,130,239
1767631586583,239,200,true,130,130,239
1767631586583,239,200,true,130,130,239
1767631586583,240,200,true,130,130,240
1767631586584,239,200,true,130,130,239
1767631586584,239,200,true,130,130,239
1767631586584,239,200,true,130,130,239
1767631586584,240,200,true,130,130,240
1767631586585,239,200,true,130,130,239
1767631586585,239,200,true,130,130,239
1767631586585,239,200,true,130,130,239
1767631586585,239,200,true,130,130,239
1767631586585,240,200,true,130,130,240
1767631586586,239,200,true,130,130,239
1767631586586,239,200,true,130,130,239
1767631586586,239,200,true,130,130,239
1767631586586,239,200,true,130,130,239
1767631586586,240,200,true,130,130,240
1767631586587,239,200,true,130,130,239
1767631586587,239,200,true,130,130,239
1767631586587,239,200,true,130,130,239
1767631586587,240,200,true,130,130,240
1767631586587,240,200,true,130,130,240
1767631586588,239,200,true,130,130,239
1767631586588,239,200,true,130,130,239
1767631586588,239,200,true,130,130,239
1767631586588,240,200,true,130,130,240
1767631586589,239,200,true,130,130,239
1767631586589,239,200,true,130,130,239
1767631586589,239,200,true,130,130,239
1767631586589,240,200,true,130,130,240
1767631586589,240,200,true,130,130,240
1767631586590,239,200,true,130,130,239
1767631586590,240,200,true,130,130,240
1767631586590,240,200,true,130,130,240
1767631586590,240,200,true,130,130,240
1767631586590,241,200,true,130,130,241
1767631586591,240,200,true,130,130,240
1767631586591,240,200,true,130,130,240
1767631586591,241,200,true,130,130,241
1767631586591,241,200,true,130,130,241
1767631586592,244,200,true,130,130,244
1767631586592,244,200,true,130,130,244
1767631586592,244,200,true,130,130,244
1767631586592,245,200,true,130,130,245
1767631586592,245,200,true,130,130,245
1767631586593,244,200,true,130,130,244
1767631586593,244,200,true,130,130,244
1767631586593,244,200,true,130,130,244
1767631586593,245,200,true,130,130,245
1767631586593,245,200,true,130,130,245
1767631586594,244,200,true,130,130,244
1767631586594,244,200,true,130,130,244
1767631586594,244,200,true,130,130,244
1767631586594,245,200,true,130,130,245
1767631586594,245,200,true,130,130,245
1767631586595,244,200,true,130,130,244
1767631586595,244,200,true,130,130,244
1767631586595,244,200,true,130,130,244
1767631586595,245,200,true,130,130,245
1767631586596,244,200,true,130,130,244
1767631586596,244,200,true,130,130,244
1767631586596,244,200,true,130,130,244
1767631586596,245,200,true,130,130,245
1767631586596,245,200,true,130,130,245
1767631586597,244,200,true,130,130,244
1767631586597,245,200,true,130,130,245
1767631586597,245,200,true,130,130,245
1767631586597,245,200,true,130,130,245
1767631586597,246,200,true,130,130,246
1767631586598,245,200,true,130,130,245
1767631586598,245,200,true,130,130,245
1767631586598,245,200,true,130,130,245
1767631586807,257,200,true,130,130,257
1767631586807,258,200,true,130,130,258
1767631586807,258,200,true,130,130,258
1767631586808,257,200,true,130,130,257
1767631586808,257,200,true,130,130,257
1767631586808,257,200,true,130,130,257
1767631586809,257,200,true,130,130,257
1767631586809,257,200,true,130,130,257
1767631586809,257,200,true,130,130,257
1767631586810,257,200,true,130,130,257
1767631586810,257,200,true,130,130,257
1767631586810,257,200,true,130,130,257
1767631586811,256,200,true,130,130,256
1767631586811,256,200,true,130,130,256
1767631586811,257,200,true,130,130,257
1767631586811,257,200,true,130,130,257
1767631586812,256,200,true,130,130,256
1767631586812,257,200,true,130,130,257
1767631586812,257,200,true,130,130,257
1767631586813,256,200,true,130,130,256
1767631586813,256,200,true,130,130,256
1767631586813,257,200,true,130,130,257
1767631586813,257,200,true,130,130,257
1767631586814,256,200,true,130,130,256
1767631586814,256,200,true,130,130,256
1767631586814,257,200,true,130,130,257
1767631586815,256,200,true,130,130,256
1767631586815,256,200,true,130,130,256
1767631586815,256,200,true,130,130,256
1767631586815,256,200,true,130,130,256
1767631586816,256,200,true,130,130,256
1767631586816,256,200,true,130,130,256
1767631586816,256,200,true,130,130,256
1767631586817,255,200,true,130,130,255
1767631586817,255,200,true,130,130,255
1767631586817,256,200,true,130,130,256
1767631586817,256,200,true,130,130,256
1767631586818,255,200,true,130,130,255
1767631586818,255,200,true,130,130,255
1767631586818,255,200,true,130,130,255
1767631586818,256,200,true,130,130,256
1767631586819,255,200,true,130,130,255
1767631586819,255,200,true,130,130,255
1767631586819,255,200,true,130,130,255
1767631586819,255,200,true,130,130,255
1767631586820,255,200,true,130,130,255
1767631586820,255,200,true,130,130,255
1767631586820,255,200,true,130,130,255
1767631586820,255,200,true,130,130,255
1767631586820,255,200,true,130,130,255
1767631586821,255,200,true,130,130,255
1767631586821,255,200,true,130,130,255
1767631586821,255,200,true,130,130,255
1767631586821,255,200,true,130,130,255
1767631586821,256,200,true,130,130,256
1767631586822,255,200,true,130,130,255
1767631586822,255,200,true,130,130,255
1767631586822,255,200,true,130,130,255
1767631586822,255,200,true,130,130,255
1767631586823,255,200,true,130,130,255
1767631586823,255,200,true,130,130,255
1767631586823,255,200,true,130,130,255
1767631586823,255,200,true,130,130,255
1767631586823,255,200,true,130,130,255
1767631586824,254,200,true,130,130,254
1767631586824,255,200,true,130,130,255
1767631586824,255,200,true,130,130,255
1767631586824,255,200,true,130,130,255
1767631586824,255,200,true,130,130,255
1767631586825,255,200,true,130,130,255
1767631586825,255,200,true,130,130,255
1767631586825,255,200,true,130,130,255
1767631586825,255,200,true,130,130,255
1767631586825,255,200,true,130,130,255
1767631586826,255,200,true,130,130,255
1767631586826,255,200,true,130,130,255
1767631586826,255,200,true,130,130,255
1767631586826,255,200,true,130,130,255
1767631586827,254,200,true,130,130,254
1767631586827,255,200,true,130,130,255
1767631586827,255,200,true,130,130,255
1767631586827,255,200,true,130,130,255
1767631586827,256,200,true,130,130,256
1767631586828,255,200,true,130,130,255
1767631586828,255,200,true,130,130,255
1767631586828,255,200,true,130,130,255
1767631586828,255,200,true,130,130,255
1767631586829,255,200,true,130,130,255
1767631586829,255,200,true,130,130,255
1767631586829,255,200,true,130,130,255
1767631586830,254,200,true,130,130,254
1767631586830,255,200,true,130,130,255
1767631586830,255,200,true,130,130,255
1767631586831,254,200,true,130,130,254
1767631586831,254,200,true,130,130,254
1767631586831,254,200,true,130,130,254
1767631586832,254,200,true,130,130,254
1767631586832,254,200,true,130,130,254
1767631586836,250,200,true,130,130,250
1767631586836,250,200,true,130,130,250
1767631586836,250,200,true,130,130,250
1767631586837,250,200,true,130,130,250
1767631586837,250,200,true,130,130,250
1767631586837,250,200,true,130,130,250
1767631586837,250,200,true,130,130,250
1767631586837,250,200,true,130,130,250
1767631586838,250,200,true,130,130,250
1767631586838,250,200,true,130,130,250
1767631586838,250,200,true,130,130,250
1767631586838,250,200,true,130,130,250
1767631586838,250,200,true,130,130,250
1767631586839,250,200,true,130,130,250
1767631586839,250,200,true,130,130,250
1767631586839,250,200,true,130,130,250
1767631586839,250,200,true,130,130,250
1767631586839,250,200,true,130,130,250
1767631586840,250,200,true,130,130,250
1767631586840,250,200,true,130,130,250
1767631586840,250,200,true,130,130,250
1767631586841,249,200,true,130,130,249
1767631586841,249,200,true,130,130,249
1767631586841,250,200,true,130,130,250
1767631586841,250,200,true,130,130,250
1767631586842,249,200,true,130,130,249
1767631586842,249,200,true,130,130,249
1767631586842,250,200,true,130,130,250
1767631586843,249,200,true,130,130,249
1767631586843,249,200,true,130,130,249
1767631586843,249,200,true,130,130,249
1767631586843,249,200,true,130,130,249
1767631587064,242,200,true,130,130,242
1767631587064,242,200,true,130,130,242
1767631587064,242,200,true,130,130,242
1767631587064,242,200,true,130,130,242
1767631587064,243,200,true,130,130,242
1767631587065,242,200,true,130,130,242
1767631587065,242,200,true,130,130,242
1767631587065,242,200,true,130,130,242
1767631587065,242,200,true,130,130,242
1767631587066,242,200,true,130,130,242
1767631587066,242,200,true,130,130,242
1767631587066,242,200,true,130,130,242
1767631587066,242,200,true,130,130,242
1767631587067,241,200,true,130,130,241
1767631587067,242,200,true,130,130,241
1767631587067,242,200,true,130,130,242
1767631587067,242,200,true,130,130,242
1767631587068,241,200,true,130,130,241
1767631587068,241,200,true,130,130,241
1767631587068,242,200,true,130,130,242
1767631587069,241,200,true,130,130,241
1767631587069,241,200,true,130,130,241
1767631587069,241,200,true,130,130,241
1767631587069,241,200,true,130,130,241
1767631587069,242,200,true,130,130,242
1767631587070,241,200,true,130,130,241
1767631587070,241,200,true,130,130,241
1767631587070,241,200,true,130,130,241
1767631587070,241,200,true,130,130,241
1767631587070,242,200,true,130,130,242
1767631587071,241,200,true,130,130,241
1767631587071,241,200,true,130,130,241
1767631587071,241,200,true,130,130,241
1767631587071,241,200,true,130,130,241
1767631587072,241,200,true,130,130,241
1767631587072,241,200,true,130,130,241
1767631587072,241,200,true,130,130,241
1767631587072,241,200,true,130,130,241
1767631587072,241,200,true,130,130,241
1767631587073,241,200,true,130,130,241
1767631587073,241,200,true,130,130,241
1767631587073,241,200,true,130,130,241
1767631587073,241,200,true,130,130,241
1767631587073,241,200,true,130,130,241
1767631587074,241,200,true,130,130,241
1767631587074,241,200,true,130,130,241
1767631587074,241,200,true,130,130,241
1767631587074,241,200,true,130,130,241
1767631587074,241,200,true,130,130,241
1767631587075,241,200,true,130,130,241
1767631587075,241,200,true,130,130,241
1767631587075,241,200,true,130,130,241
1767631587075,241,200,true,130,130,241
1767631587075,241,200,true,130,130,241
1767631587076,241,200,true,130,130,241
1767631587076,241,200,true,130,130,241
1767631587076,241,200,true,130,130,241
1767631587076,241,200,true,130,130,241
1767631587076,241,200,true,130,130,241
1767631587077,241,200,true,130,130,241
1767631587077,241,200,true,130,130,241
1767631587077,241,200,true,130,130,241
1767631587077,241,200,true,130,130,241
1767631587077,242,200,true,130,130,241
1767631587078,241,200,true,130,130,241
1767631587078,241,200,true,130,130,241
1767631587078,241,200,true,130,130,241
1767631587078,241,200,true,130,130,241
1767631587078,241,200,true,130,130,241
1767631587079,241,200,true,130,130,241
1767631587079,241,200,true,130,130,241
1767631587079,241,200,true,130,130,241
1767631587079,241,200,true,130,130,241
1767631587079,241,200,true,130,130,241
1767631587080,241,200,true,130,130,241
1767631587080,241,200,true,130,130,241
1767631587080,241,200,true,130,130,241
1767631587080,241,200,true,130,130,241
1767631587080,242,200,true,130,130,242
1767631587081,241,200,true,130,130,241
1767631587081,241,200,true,130,130,241
1767631587081,241,200,true,130,130,241
1767631587082,240,200,true,130,130,240
1767631587082,241,200,true,130,130,241
1767631587082,241,200,true,130,130,241
1767631587082,241,200,true,130,130,241
1767631587082,241,200,true,130,130,241
1767631587083,240,200,true,130,130,240
1767631587083,241,200,true,130,130,241
1767631587083,241,200,true,130,130,241
1767631587083,241,200,true,130,130,241
1767631587084,240,200,true,130,130,240
1767631587084,240,200,true,130,130,240
1767631587084,241,200,true,130,130,241
1767631587084,241,200,true,130,130,241
1767631587084,241,200,true,130,130,241
1767631587085,240,200,true,130,130,240
1767631587085,240,200,true,130,130,240
1767631587085,241,200,true,130,130,241
1767631587085,241,200,true,130,130,241
1767631587085,241,200,true,130,130,241
1767631587086,240,200,true,130,130,240
1767631587086,240,200,true,130,130,240
1767631587086,241,200,true,130,130,241
1767631587086,241,200,true,130,130,241
1767631587086,241,200,true,130,130,241
1767631587087,240,200,true,130,130,240
1767631587087,240,200,true,130,130,240
1767631587087,241,200,true,130,130,241
1767631587087,241,200,true,130,130,241
1767631587088,240,200,true,130,130,240
1767631587088,240,200,true,130,130,240
1767631587088,240,200,true,130,130,240
1767631587088,241,200,true,130,130,241
1767631587088,241,200,true,130,130,241
1767631587088,241,200,true,130,130,241
1767631587089,240,200,true,130,130,240
1767631587089,241,200,true,130,130,241
1767631587089,241,200,true,130,130,241
1767631587089,241,200,true,130,130,241
1767631587090,240,200,true,130,130,240
1767631587090,240,200,true,130,130,240
1767631587090,241,200,true,130,130,241
1767631587090,241,200,true,130,130,241
1767631587090,241,200,true,130,130,241
1767631587091,240,200,true,130,130,240
1767631587091,240,200,true,130,130,240
1767631587091,241,200,true,130,130,241
1767631587091,241,200,true,130,130,241
1767631587091,241,200,true,130,130,241
1767631587306,237,200,true,130,130,236
1767631587306,237,200,true,130,130,237
1767631587306,237,200,true,130,130,237
1767631587306,237,200,true,130,130,237
1767631587307,236,200,true,130,130,236
1767631587307,236,200,true,130,130,236
1767631587307,237,200,true,130,130,237
1767631587307,237,200,true,130,130,237
1767631587307,237,200,true,130,130,237
1767631587308,236,200,true,130,130,236
1767631587308,236,200,true,130,130,236
1767631587308,237,200,true,130,130,237
1767631587308,237,200,true,130,130,237
1767631587308,237,200,true,130,130,237
1767631587309,236,200,true,130,130,236
1767631587309,236,200,true,130,130,236
1767631587309,237,200,true,130,130,237
1767631587309,237,200,true,130,130,237
1767631587309,237,200,true,130,130,237
1767631587310,236,200,true,130,130,236
1767631587310,237,200,true,130,130,237
1767631587310,237,200,true,130,130,237
1767631587310,237,200,true,130,130,237
1767631587310,237,200,true,130,130,237
1767631587311,236,200,true,130,130,236
1767631587311,237,200,true,130,130,237
1767631587311,237,200,true,130,130,237
1767631587311,237,200,true,130,130,237
1767631587311,237,200,true,130,130,237
1767631587312,236,200,true,130,130,236
1767631587312,237,200,true,130,130,237
1767631587312,237,200,true,130,130,237
1767631587312,237,200,true,130,130,237
1767631587313,236,200,true,130,130,236
1767631587313,237,200,true,130,130,237
1767631587313,237,200,true,130,130,237
1767631587313,237,200,true,130,130,237
1767631587313,237,200,true,130,130,237
1767631587313,237,200,true,130,130,237
1767631587314,237,200,true,130,130,237
1767631587314,237,200,true,130,130,237
1767631587314,237,200,true,130,130,237
1767631587314,237,200,true,130,130,237
1767631587314,237,200,true,130,130,237
1767631587315,237,200,true,130,130,237
1767631587315,237,200,true,130,130,237
1767631587315,237,200,true,130,130,237
1767631587315,237,200,true,130,130,237
1767631587315,237,200,true,130,130,237
1767631587316,237,200,true,130,130,237
1767631587316,237,200,true,130,130,237
1767631587316,237,200,true,130,130,237
1767631587316,237,200,true,130,130,237
1767631587317,236,200,true,130,130,236
1767631587317,237,200,true,130,130,237
1767631587317,237,200,true,130,130,237
1767631587317,237,200,true,130,130,237
1767631587317,237,200,true,130,130,237
1767631587318,236,200,true,130,130,236
1767631587318,237,200,true,130,130,237
1767631587318,237,200,true,130,130,237
1767631587318,237,200,true,130,130,237
1767631587318,237,200,true,130,130,237
1767631587319,236,200,true,130,130,236
1767631587319,237,200,true,130,130,237
1767631587319,237,200,true,130,130,237
1767631587319,237,200,true,130,130,237
1767631587319,237,200,true,130,130,237
1767631587320,236,200,true,130,130,236
1767631587320,237,200,true,130,130,237
1767631587320,237,200,true,130,130,237
1767631587320,237,200,true,130,130,237
1767631587320,237,200,true,130,130,237
1767631587321,237,200,true,130,130,237
1767631587321,237,200,true,130,130,237
1767631587321,237,200,true,130,130,237
1767631587321,237,200,true,130,130,237
1767631587321,237,200,true,130,130,237
1767631587322,237,200,true,130,130,237
1767631587322,237,200,true,130,130,237
1767631587322,237,200,true,130,130,237
1767631587322,237,200,true,130,130,237
1767631587322,237,200,true,130,130,237
1767631587323,237,200,true,130,130,237
1767631587323,237,200,true,130,130,237
1767631587323,237,200,true,130,130,237
1767631587323,237,200,true,130,130,237
1767631587323,238,200,true,130,130,238
1767631587324,237,200,true,130,130,237
1767631587324,237,200,true,130,130,237
1767631587324,237,200,true,130,130,237
1767631587324,237,200,true,130,130,237
1767631587324,237,200,true,130,130,237
1767631587325,237,200,true,130,130,237
1767631587325,237,200,true,130,130,237
1767631587325,237,200,true,130,130,237
1767631587325,237,200,true,130,130,237
1767631587325,237,200,true,130,130,237
1767631587326,237,200,true,130,130,237
1767631587326,237,200,true,130,130,237
1767631587326,237,200,true,130,130,237
1767631587326,237,200,true,130,130,237
1767631587326,238,200,true,130,130,238
1767631587327,237,200,true,130,130,237
1767631587327,237,200,true,130,130,237
1767631587327,237,200,true,130,130,237
1767631587327,237,200,true,130,130,237
1767631587328,237,200,true,130,130,237
1767631587328,237,200,true,130,130,237
1767631587328,237,200,true,130,130,237
1767631587328,237,200,true,130,130,237
1767631587328,237,200,true,130,130,237
1767631587329,237,200,true,130,130,237
1767631587329,237,200,true,130,130,237
1767631587329,237,200,true,130,130,237
1767631587329,237,200,true,130,130,237
1767631587329,238,200,true,130,130,238
1767631587330,237,200,true,130,130,237
1767631587330,237,200,true,130,130,237
1767631587330,237,200,true,130,130,237
1767631587330,237,200,true,130,130,237
1767631587330,238,200,true,130,130,238
1767631587331,237,200,true,130,130,237
1767631587331,237,200,true,130,130,237
1767631587331,237,200,true,130,130,237
1767631587331,237,200,true,130,130,237
1767631587331,238,200,true,130,130,238
1767631587332,237,200,true,130,130,237
1767631587332,237,200,true,130,130,237
1767631587332,237,200,true,130,130,237
1767631587543,248,200,true,130,130,248
1767631587543,248,200,true,130,130,248
1767631587543,248,200,true,130,130,248
1767631587543,249,200,true,130,130,249
1767631587543,249,200,true,130,130,249
1767631587543,249,200,true,130,130,249
1767631587544,248,200,true,130,130,248
1767631587544,248,200,true,130,130,248
1767631587544,248,200,true,130,130,248
1767631587544,249,200,true,130,130,249
1767631587545,248,200,true,130,130,248
1767631587545,248,200,true,130,130,248
1767631587545,248,200,true,130,130,248
1767631587545,249,200,true,130,130,249
1767631587545,249,200,true,130,130,249
1767631587545,249,200,true,130,130,249
1767631587546,248,200,true,130,130,248
1767631587546,248,200,true,130,130,248
1767631587546,249,200,true,130,130,249
1767631587546,249,200,true,130,130,249
1767631587547,248,200,true,130,130,248
1767631587547,248,200,true,130,130,248
1767631587547,248,200,true,130,130,248
1767631587547,249,200,true,130,130,249
1767631587547,249,200,true,130,130,249
1767631587548,248,200,true,130,130,248
1767631587548,248,200,true,130,130,248
1767631587548,248,200,true,130,130,248
1767631587548,249,200,true,130,130,249
1767631587549,248,200,true,130,130,248
1767631587549,248,200,true,130,130,248
1767631587549,248,200,true,130,130,248
1767631587549,249,200,true,130,130,249
1767631587549,249,200,true,130,130,249
1767631587550,248,200,true,130,130,248
1767631587550,248,200,true,130,130,248
1767631587550,248,200,true,130,130,248
1767631587550,248,200,true,130,130,248
1767631587550,249,200,true,130,130,249
1767631587551,248,200,true,130,130,248
1767631587551,248,200,true,130,130,248
1767631587551,248,200,true,130,130,248
1767631587551,249,200,true,130,130,249
1767631587551,249,200,true,130,130,249
1767631587552,248,200,true,130,130,248
1767631587552,248,200,true,130,130,248
1767631587552,248,200,true,130,130,248
1767631587552,249,200,true,130,130,249
1767631587552,249,200,true,130,130,249
1767631587553,248,200,true,130,130,248
1767631587553,248,200,true,130,130,248
1767631587553,248,200,true,130,130,248
1767631587553,249,200,true,130,130,249
1767631587554,248,200,true,130,130,248
1767631587554,248,200,true,130,130,248
1767631587554,248,200,true,130,130,248
1767631587554,248,200,true,130,130,248
1767631587554,249,200,true,130,130,249
1767631587555,248,200,true,130,130,248
1767631587555,248,200,true,130,130,248
1767631587555,248,200,true,130,130,248
1767631587555,248,200,true,130,130,248
1767631587555,249,200,true,130,130,249
1767631587556,248,200,true,130,130,248
1767631587556,248,200,true,130,130,248
1767631587556,248,200,true,130,130,248
1767631587556,248,200,true,130,130,248
1767631587556,249,200,true,130,130,249
1767631587557,248,200,true,130,130,248
1767631587557,248,200,true,130,130,248
1767631587557,248,200,true,130,130,248
1767631587557,248,200,true,130,130,248
1767631587557,249,200,true,130,130,249
1767631587558,248,200,true,130,130,248
1767631587558,248,200,true,130,130,248
1767631587558,248,200,true,130,130,248
1767631587558,249,200,true,130,130,249
1767631587558,249,200,true,130,130,249
1767631587559,248,200,true,130,130,248
1767631587559,248,200,true,130,130,248
1767631587559,248,200,true,130,130,248
1767631587559,249,200,true,130,130,249
1767631587560,248,200,true,130,130,248
1767631587560,248,200,true,130,130,248
1767631587560,248,200,true,130,130,248
1767631587560,248,200,true,130,130,248
1767631587560,249,200,true,130,130,249
1767631587561,248,200,true,130,130,248
1767631587561,248,200,true,130,130,248
1767631587561,248,200,true,130,130,248
1767631587561,248,200,true,130,130,248
1767631587561,249,200,true,130,130,249
1767631587561,249,200,true,130,130,249
1767631587562,248,200,true,130,130,248
1767631587562,248,200,true,130,130,248
1767631587562,248,200,true,130,130,248
1767631587562,249,200,true,130,130,249
1767631587563,248,200,true,130,130,248
1767631587563,248,200,true,130,130,248
1767631587563,248,200,true,130,130,248
1767631587563,248,200,true,130,130,248
1767631587563,249,200,true,130,130,249
1767631587564,248,200,true,130,130,248
1767631587564,248,200,true,130,130,248
1767631587564,248,200,true,130,130,248
1767631587564,249,200,true,130,130,248
1767631587564,249,200,true,130,130,249
1767631587565,248,200,true,130,130,248
1767631587565,248,200,true,130,130,248
1767631587565,248,200,true,130,130,248
1767631587565,249,200,true,130,130,249
1767631587565,249,200,true,130,130,249
1767631587566,248,200,true,130,130,248
1767631587566,248,200,true,130,130,248
1767631587566,248,200,true,130,130,248
1767631587566,249,200,true,130,130,249
1767631587567,248,200,true,130,130,248
1767631587567,248,200,true,130,130,248
1767631587567,248,200,true,130,130,248
1767631587567,248,200,true,130,130,248
1767631587567,249,200,true,130,130,249
1767631587568,248,200,true,130,130,248
1767631587568,248,200,true,130,130,248
1767631587568,248,200,true,130,130,248
1767631587568,248,200,true,130,130,248
1767631587568,249,200,true,130,130,249
1767631587569,248,200,true,130,130,248
1767631587569,248,200,true,130,130,248
1767631587569,249,200,true,130,130,249
1767631587569,249,200,true,130,130,249
1767631587791,233,200,true,130,130,233
1767631587791,233,200,true,130,130,233
1767631587791,233,200,true,130,130,233
1767631587792,232,200,true,130,130,232
1767631587792,232,200,true,130,130,232
1767631587792,233,200,true,130,130,233
1767631587792,233,200,true,130,130,233
1767631587792,233,200,true,130,130,233
1767631587793,232,200,true,130,130,232
1767631587793,232,200,true,130,130,232
1767631587793,233,200,true,130,130,233
1767631587793,233,200,true,130,130,233
1767631587793,233,200,true,130,130,233
1767631587794,232,200,true,130,130,232
1767631587794,232,200,true,130,130,232
1767631587794,233,200,true,130,130,233
1767631587794,233,200,true,130,130,233
1767631587794,233,200,true,130,130,233
1767631587795,232,200,true,130,130,232
1767631587795,233,200,true,130,130,233
1767631587795,233,200,true,130,130,233
1767631587795,233,200,true,130,130,233
1767631587795,233,200,true,130,130,233
1767631587796,232,200,true,130,130,232
1767631587796,233,200,true,130,130,233
1767631587796,233,200,true,130,130,233
1767631587796,233,200,true,130,130,233
1767631587797,232,200,true,130,130,232
1767631587797,233,200,true,130,130,233
1767631587797,233,200,true,130,130,233
1767631587797,233,200,true,130,130,233
1767631587797,233,200,true,130,130,233
1767631587798,233,200,true,130,130,233
1767631587798,233,200,true,130,130,233
1767631587798,233,200,true,130,130,233
1767631587798,233,200,true,130,130,233
1767631587798,233,200,true,130,130,233
1767631587799,233,200,true,130,130,233
1767631587799,233,200,true,130,130,233
1767631587799,233,200,true,130,130,233
1767631587799,233,200,true,130,130,233
1767631587799,233,200,true,130,130,233
1767631587800,233,200,true,130,130,233
1767631587800,233,200,true,130,130,233
1767631587800,233,200,true,130,130,233
1767631587800,233,200,true,130,130,233
1767631587800,234,200,true,130,130,234
1767631587801,233,200,true,130,130,233
1767631587801,233,200,true,130,130,233
1767631587801,233,200,true,130,130,233
1767631587801,233,200,true,130,130,233
1767631587801,234,200,true,130,130,234
1767631587802,233,200,true,130,130,233
1767631587802,233,200,true,130,130,233
1767631587802,233,200,true,130,130,233
1767631587802,233,200,true,130,130,233
1767631587803,233,200,true,130,130,233
1767631587803,233,200,true,130,130,233
1767631587803,233,200,true,130,130,233
1767631587803,233,200,true,130,130,233
1767631587803,233,200,true,130,130,233
1767631587803,234,200,true,130,130,234
1767631587804,233,200,true,130,130,233
1767631587804,233,200,true,130,130,233
1767631587804,233,200,true,130,130,233
1767631587804,233,200,true,130,130,233
1767631587805,233,200,true,130,130,233
1767631587805,233,200,true,130,130,233
1767631587805,233,200,true,130,130,233
1767631587805,233,200,true,130,130,233
1767631587805,234,200,true,130,130,234
1767631587806,233,200,true,130,130,233
1767631587806,233,200,true,130,130,233
1767631587806,233,200,true,130,130,233
1767631587806,233,200,true,130,130,233
1767631587806,233,200,true,130,130,233
1767631587807,233,200,true,130,130,233
1767631587807,233,200,true,130,130,233
1767631587807,233,200,true,130,130,233
1767631587807,233,200,true,130,130,233
1767631587807,234,200,true,130,130,234
1767631587808,233,200,true,130,130,233
1767631587808,233,200,true,130,130,233
1767631587808,233,200,true,130,130,233
1767631587808,233,200,true,130,130,233
1767631587808,234,200,true,130,130,234
1767631587809,233,200,true,130,130,233
1767631587809,233,200,true,130,130,233
1767631587809,233,200,true,130,130,233
1767631587809,234,200,true,130,130,234
1767631587809,234,200,true,130,130,234
1767631587810,233,200,true,130,130,233
1767631587810,233,200,true,130,130,233
1767631587810,233,200,true,130,130,233
1767631587810,233,200,true,130,130,233
1767631587810,234,200,true,130,130,234
1767631587811,233,200,true,130,130,233
1767631587811,233,200,true,130,130,233
1767631587811,233,200,true,130,130,233
1767631587811,234,200,true,130,130,234
1767631587812,233,200,true,130,130,233
1767631587812,233,200,true,130,130,233
1767631587812,233,200,true,130,130,233
1767631587812,233,200,true,130,130,233
1767631587812,234,200,true,130,130,234
1767631587813,233,200,true,130,130,233
1767631587813,233,200,true,130,130,233
1767631587813,233,200,true,130,130,233
1767631587813,233,200,true,130,130,233
1767631587813,234,200,true,130,130,234
1767631587814,233,200,true,130,130,233
1767631587814,233,200,true,130,130,233
1767631587814,233,200,true,130,130,233
1767631587814,233,200,true,130,130,233
1767631587814,234,200,true,130,130,234
1767631587815,233,200,true,130,130,233
1767631587815,233,200,true,130,130,233
1767631587815,233,200,true,130,130,233
1767631587815,234,200,true,130,130,234
1767631587815,234,200,true,130,130,234
1767631587816,233,200,true,130,130,233
1767631587816,233,200,true,130,130,233
1767631587816,233,200,true,130,130,233
1767631587816,234,200,true,130,130,234
1767631587817,233,200,true,130,130,233
1767631587817,233,200,true,130,130,233
1767631587817,233,200,true,130,130,233
1767631587817,233,200,true,130,130,233
1767631587818,233,200,true,130,130,233
1767631587818,233,200,true,130,130,233
1767631588024,254,200,true,130,130,254
1767631588024,254,200,true,130,130,254
1767631588024,254,200,true,130,130,254
1767631588024,254,200,true,130,130,254
1767631588024,255,200,true,130,130,255
1767631588025,254,200,true,130,130,254
1767631588025,254,200,true,130,130,254
1767631588025,254,200,true,130,130,254
1767631588025,254,200,true,130,130,254
1767631588026,254,200,true,130,130,254
1767631588026,254,200,true,130,130,254
1767631588026,254,200,true,130,130,254
1767631588026,254,200,true,130,130,254
1767631588026,254,200,true,130,130,254
1767631588027,254,200,true,130,130,254
1767631588027,254,200,true,130,130,254
1767631588027,254,200,true,130,130,254
1767631588027,254,200,true,130,130,254
1767631588027,254,200,true,130,130,254
1767631588028,254,200,true,130,130,254
1767631588028,254,200,true,130,130,254
1767631588028,254,200,true,130,130,254
1767631588028,254,200,true,130,130,254
1767631588028,254,200,true,130,130,254
1767631588029,254,200,true,130,130,254
1767631588029,254,200,true,130,130,254
1767631588029,254,200,true,130,130,254
1767631588030,253,200,true,130,130,253
1767631588030,253,200,true,130,130,253
1767631588030,254,200,true,130,130,254
1767631588030,254,200,true,130,130,254
1767631588030,254,200,true,130,130,254
1767631588031,253,200,true,130,130,253
1767631588031,254,200,true,130,130,254
1767631588031,254,200,true,130,130,254
1767631588031,254,200,true,130,130,254
1767631588031,254,200,true,130,130,254
1767631588032,253,200,true,130,130,253
1767631588032,254,200,true,130,130,254
1767631588032,254,200,true,130,130,254
1767631588032,254,200,true,130,130,254
1767631588032,254,200,true,130,130,254
1767631588033,253,200,true,130,130,253
1767631588033,254,200,true,130,130,254
1767631588033,254,200,true,130,130,254
1767631588033,254,200,true,130,130,254
1767631588034,253,200,true,130,130,253
1767631588034,254,200,true,130,130,254
1767631588034,254,200,true,130,130,254
1767631588034,254,200,true,130,130,254
1767631588034,254,200,true,130,130,254
1767631588035,253,200,true,130,130,253
1767631588035,254,200,true,130,130,254
1767631588035,254,200,true,130,130,254
1767631588035,254,200,true,130,130,254
1767631588035,254,200,true,130,130,254
1767631588036,253,200,true,130,130,253
1767631588036,254,200,true,130,130,254
1767631588036,254,200,true,130,130,254
1767631588036,254,200,true,130,130,254
1767631588037,253,200,true,130,130,253
1767631588037,253,200,true,130,130,253
1767631588037,254,200,true,130,130,254
1767631588037,254,200,true,130,130,254
1767631588037,254,200,true,130,130,254
1767631588038,253,200,true,130,130,253
1767631588038,253,200,true,130,130,253
1767631588038,254,200,true,130,130,254
1767631588038,254,200,true,130,130,254
1767631588038,254,200,true,130,130,254
1767631588039,253,200,true,130,130,253
1767631588039,253,200,true,130,130,253
1767631588039,254,200,true,130,130,254
1767631588039,254,200,true,130,130,254
1767631588039,254,200,true,130,130,254
1767631588040,253,200,true,130,130,253
1767631588040,254,200,true,130,130,254
1767631588040,254,200,true,130,130,254
1767631588040,254,200,true,130,130,254
1767631588041,253,200,true,130,130,253
1767631588041,253,200,true,130,130,253
1767631588041,254,200,true,130,130,254
1767631588041,254,200,true,130,130,254
1767631588041,254,200,true,130,130,254
1767631588041,254,200,true,130,130,254
1767631588042,253,200,true,130,130,253
1767631588042,254,200,true,130,130,254
1767631588042,254,200,true,130,130,254
1767631588042,254,200,true,130,130,254
1767631588043,253,200,true,130,130,253
1767631588043,253,200,true,130,130,253
1767631588043,254,200,true,130,130,254
1767631588043,254,200,true,130,130,254
1767631588043,254,200,true,130,130,254
1767631588044,253,200,true,130,130,253
1767631588044,253,200,true,130,130,253
1767631588044,254,200,true,130,130,254
1767631588044,254,200,true,130,130,254
1767631588044,254,200,true,130,130,254
1767631588045,253,200,true,130,130,253
1767631588045,253,200,true,130,130,253
1767631588045,254,200,true,130,130,254
1767631588045,254,200,true,130,130,254
1767631588045,254,200,true,130,130,254
1767631588046,253,200,true,130,130,253
1767631588046,253,200,true,130,130,253
1767631588046,254,200,true,130,130,254
1767631588046,254,200,true,130,130,254
1767631588047,253,200,true,130,130,253
1767631588047,253,200,true,130,130,253
1767631588047,254,200,true,130,130,254
1767631588047,254,200,true,130,130,254
1767631588047,254,200,true,130,130,254
1767631588048,253,200,true,130,130,253
1767631588048,253,200,true,130,130,253
1767631588048,254,200,true,130,130,254
1767631588048,254,200,true,130,130,254
1767631588048,254,200,true,130,130,254
1767631588049,253,200,true,130,130,253
1767631588049,253,200,true,130,130,253
1767631588049,254,200,true,130,130,254
1767631588049,254,200,true,130,130,254
1767631588049,254,200,true,130,130,254
1767631588050,253,200,true,130,130,253
1767631588050,254,200,true,130,130,253
1767631588050,254,200,true,130,130,254
1767631588050,254,200,true,130,130,254
1767631588050,254,200,true,130,130,254
1767631588051,253,200,true,130,130,253
1767631588051,253,200,true,130,130,253
1767631588278,240,200,true,130,130,240
1767631588278,240,200,true,130,130,240
1767631588278,240,200,true,130,130,240
1767631588278,241,200,true,130,130,241
1767631588279,240,200,true,130,130,240
1767631588279,240,200,true,130,130,240
1767631588279,241,200,true,130,130,241
1767631588279,241,200,true,130,130,241
1767631588279,241,200,true,130,130,241
1767631588280,241,200,true,130,130,241
1767631588280,241,200,true,130,130,241
1767631588280,241,200,true,130,130,241
1767631588280,242,200,true,130,130,242
1767631588280,242,200,true,130,130,242
1767631588281,241,200,true,130,130,241
1767631588281,241,200,true,130,130,241
1767631588281,241,200,true,130,130,241
1767631588281,242,200,true,130,130,242
1767631588281,242,200,true,130,130,242
1767631588282,241,200,true,130,130,241
1767631588282,241,200,true,130,130,241
1767631588282,241,200,true,130,130,241
1767631588282,242,200,true,130,130,242
1767631588283,241,200,true,130,130,241
1767631588283,241,200,true,130,130,241
1767631588283,241,200,true,130,130,241
1767631588283,242,200,true,130,130,241
1767631588283,242,200,true,130,130,242
1767631588284,241,200,true,130,130,241
1767631588284,241,200,true,130,130,241
1767631588284,241,200,true,130,130,241
1767631588284,242,200,true,130,130,242
1767631588285,241,200,true,130,130,241
1767631588285,241,200,true,130,130,241
1767631588285,241,200,true,130,130,241
1767631588285,242,200,true,130,130,242
1767631588285,242,200,true,130,130,242
1767631588286,241,200,true,130,130,241
1767631588286,241,200,true,130,130,241
1767631588286,241,200,true,130,130,241
1767631588286,242,200,true,130,130,242
1767631588286,242,200,true,130,130,242
1767631588287,241,200,true,130,130,241
1767631588287,241,200,true,130,130,241
1767631588287,241,200,true,130,130,241
1767631588287,242,200,true,130,130,242
1767631588287,242,200,true,130,130,242
1767631588288,241,200,true,130,130,241
1767631588288,241,200,true,130,130,241
1767631588288,241,200,true,130,130,241
1767631588288,242,200,true,130,130,242
1767631588289,241,200,true,130,130,241
1767631588289,241,200,true,130,130,241
1767631588289,241,200,true,130,130,241
1767631588289,241,200,true,130,130,241
1767631588289,242,200,true,130,130,242
1767631588289,242,200,true,130,130,242
1767631588290,241,200,true,130,130,241
1767631588290,241,200,true,130,130,241
1767631588290,242,200,true,130,130,242
1767631588290,242,200,true,130,130,242
1767631588290,242,200,true,130,130,242
1767631588291,241,200,true,130,130,241
1767631588291,241,200,true,130,130,241
1767631588291,242,200,true,130,130,242
1767631588291,242,200,true,130,130,242
1767631588292,241,200,true,130,130,241
1767631588292,241,200,true,130,130,241
1767631588292,241,200,true,130,130,241
1767631588292,242,200,true,130,130,242
1767631588292,242,200,true,130,130,242
1767631588293,241,200,true,130,130,241
1767631588293,241,200,true,130,130,241
1767631588293,242,200,true,130,130,242
1767631588293,242,200,true,130,130,242
1767631588293,242,200,true,130,130,242
1767631588294,241,200,true,130,130,241
1767631588294,241,200,true,130,130,241
1767631588294,242,200,true,130,130,242
1767631588294,242,200,true,130,130,242
1767631588294,242,200,true,130,130,242
1767631588295,241,200,true,130,130,241
1767631588295,241,200,true,130,130,241
1767631588295,242,200,true,130,130,242
1767631588295,242,200,true,130,130,242
1767631588295,242,200,true,130,130,242
1767631588296,241,200,true,130,130,241
1767631588296,241,200,true,130,130,241
1767631588296,242,200,true,130,130,242
1767631588296,242,200,true,130,130,242
1767631588296,242,200,true,130,130,242
1767631588297,241,200,true,130,130,241
1767631588297,241,200,true,130,130,241
1767631588297,242,200,true,130,130,242
1767631588297,242,200,true,130,130,242
1767631588297,242,200,true,130,130,242
1767631588298,241,200,true,130,130,241
1767631588298,242,200,true,130,130,242
1767631588298,242,200,true,130,130,242
1767631588298,242,200,true,130,130,242
1767631588298,242,200,true,130,130,242
1767631588299,241,200,true,130,130,241
1767631588299,242,200,true,130,130,242
1767631588299,242,200,true,130,130,242
1767631588299,242,200,true,130,130,242
1767631588300,241,200,true,130,130,241
1767631588300,241,200,true,130,130,241
1767631588300,242,200,true,130,130,242
1767631588300,242,200,true,130,130,242
1767631588300,242,200,true,130,130,242
1767631588301,241,200,true,130,130,241
1767631588301,241,200,true,130,130,241
1767631588301,242,200,true,130,130,242
1767631588301,242,200,true,130,130,242
1767631588301,242,200,true,130,130,242
1767631588302,241,200,true,130,130,241
1767631588302,241,200,true,130,130,241
1767631588302,242,200,true,130,130,242
1767631588302,242,200,true,130,130,242
1767631588302,242,200,true,130,130,242
1767631588303,241,200,true,130,130,241
1767631588303,242,200,true,130,130,242
1767631588303,242,200,true,130,130,242
1767631588303,242,200,true,130,130,242
1767631588304,241,200,true,130,130,241
1767631588304,242,200,true,130,130,242
1767631588304,242,200,true,130,130,242
1767631588304,242,200,true,130,130,242
1767631588304,242,200,true,130,130,242
1767631588305,241,200,true,130,130,241
1767631588518,251,200,true,130,130,251
1767631588518,251,200,true,130,130,251
1767631588518,251,200,true,130,130,251
1767631588519,251,200,true,130,130,251
1767631588519,251,200,true,130,130,251
1767631588519,251,200,true,130,130,251
1767631588520,251,200,true,130,130,251
1767631588520,251,200,true,130,130,251
1767631588520,251,200,true,130,130,251
1767631588521,250,200,true,130,130,250
1767631588521,251,200,true,130,130,251
1767631588521,251,200,true,130,130,251
1767631588522,250,200,true,130,130,250
1767631588522,250,200,true,130,130,250
1767631588522,250,200,true,130,130,250
1767631588522,251,200,true,130,130,251
1767631588522,251,200,true,130,130,251
1767631588523,250,200,true,130,130,250
1767631588523,250,200,true,130,130,250
1767631588523,251,200,true,130,130,251
1767631588523,251,200,true,130,130,251
1767631588524,250,200,true,130,130,250
1767631588524,250,200,true,130,130,250
1767631588524,250,200,true,130,130,250
1767631588524,251,200,true,130,130,251
1767631588524,251,200,true,130,130,251
1767631588525,250,200,true,130,130,250
1767631588525,250,200,true,130,130,250
1767631588525,250,200,true,130,130,250
1767631588525,251,200,true,130,130,251
1767631588525,251,200,true,130,130,251
1767631588526,250,200,true,130,130,250
1767631588526,250,200,true,130,130,250
1767631588526,250,200,true,130,130,250
1767631588526,251,200,true,130,130,251
1767631588527,250,200,true,130,130,250
1767631588527,250,200,true,130,130,250
1767631588527,250,200,true,130,130,250
1767631588527,250,200,true,130,130,250
1767631588527,251,200,true,130,130,251
1767631588528,250,200,true,130,130,250
1767631588528,250,200,true,130,130,250
1767631588528,250,200,true,130,130,250
1767631588528,250,200,true,130,130,250
1767631588528,251,200,true,130,130,251
1767631588529,250,200,true,130,130,250
1767631588529,250,200,true,130,130,250
1767631588529,250,200,true,130,130,250
1767631588529,250,200,true,130,130,250
1767631588530,250,200,true,130,130,250
1767631588530,250,200,true,130,130,250
1767631588530,250,200,true,130,130,250
1767631588530,250,200,true,130,130,250
1767631588530,251,200,true,130,130,251
1767631588531,250,200,true,130,130,250
1767631588531,250,200,true,130,130,250
1767631588531,250,200,true,130,130,250
1767631588531,250,200,true,130,130,250
1767631588531,251,200,true,130,130,251
1767631588532,250,200,true,130,130,250
1767631588532,250,200,true,130,130,250
1767631588532,250,200,true,130,130,250
1767631588532,250,200,true,130,130,250
1767631588532,251,200,true,130,130,251
1767631588533,250,200,true,130,130,250
1767631588533,250,200,true,130,130,250
1767631588533,250,200,true,130,130,250
1767631588533,250,200,true,130,130,250
1767631588534,250,200,true,130,130,250
1767631588534,250,200,true,130,130,250
1767631588534,250,200,true,130,130,250
1767631588534,250,200,true,130,130,250
1767631588534,251,200,true,130,130,251
1767631588535,250,200,true,130,130,250
1767631588535,250,200,true,130,130,250
1767631588535,250,200,true,130,130,250
1767631588535,250,200,true,130,130,250
1767631588535,251,200,true,130,130,251
1767631588536,250,200,true,130,130,250
1767631588536,250,200,true,130,130,250
1767631588536,250,200,true,130,130,250
1767631588536,250,200,true,130,130,250
1767631588536,251,200,true,130,130,251
1767631588537,250,200,true,130,130,250
1767631588537,250,200,true,130,130,250
1767631588537,250,200,true,130,130,250
1767631588537,251,200,true,130,130,251
1767631588537,251,200,true,130,130,251
1767631588538,250,200,true,130,130,250
1767631588538,250,200,true,130,130,250
1767631588538,250,200,true,130,130,250
1767631588538,251,200,true,130,130,251
1767631588538,251,200,true,130,130,251
1767631588539,250,200,true,130,130,250
1767631588539,250,200,true,130,130,250
1767631588539,251,200,true,130,130,251
1767631588539,251,200,true,130,130,251
1767631588540,250,200,true,130,130,250
1767631588540,250,200,true,130,130,250
1767631588540,250,200,true,130,130,250
1767631588540,251,200,true,130,130,251
1767631588540,251,200,true,130,130,251
1767631588541,250,200,true,130,130,250
1767631588541,250,200,true,130,130,250
1767631588541,251,200,true,130,130,251
1767631588541,251,200,true,130,130,251
1767631588541,251,200,true,130,130,251
1767631588542,250,200,true,130,130,250
1767631588542,250,200,true,130,130,250
1767631588542,250,200,true,130,130,250
1767631588542,251,200,true,130,130,251
1767631588542,251,200,true,130,130,251
1767631588543,250,200,true,130,130,250
1767631588543,250,200,true,130,130,250
1767631588543,250,200,true,130,130,250
1767631588543,251,200,true,130,130,251
1767631588544,250,200,true,130,130,250
1767631588544,250,200,true,130,130,250
1767631588544,250,200,true,130,130,250
1767631588545,249,200,true,130,130,249
1767631588545,250,200,true,130,130,250
1767631588545,250,200,true,130,130,250
1767631588545,250,200,true,130,130,250
1767631588545,250,200,true,130,130,250
1767631588546,250,200,true,130,130,250
1767631588546,250,200,true,130,130,250
1767631588546,250,200,true,130,130,250
1767631588546,250,200,true,130,130,250
1767631588546,250,200,true,130,130,250
1767631588543,254,200,true,130,130,254
1767631588769,251,200,true,130,130,251
1767631588769,251,200,true,130,130,251
1767631588770,250,200,true,130,130,250
1767631588770,251,200,true,130,130,251
1767631588770,251,200,true,130,130,251
1767631588770,251,200,true,130,130,251
1767631588771,250,200,true,130,130,250
1767631588771,251,200,true,130,130,251
1767631588771,251,200,true,130,130,251
1767631588771,251,200,true,130,130,251
1767631588772,250,200,true,130,130,250
1767631588772,251,200,true,130,130,251
1767631588772,251,200,true,130,130,251
1767631588772,251,200,true,130,130,251
1767631588772,251,200,true,130,130,251
1767631588773,251,200,true,130,130,251
1767631588773,251,200,true,130,130,251
1767631588773,251,200,true,130,130,251
1767631588773,251,200,true,130,130,251
1767631588774,250,200,true,130,130,250
1767631588774,251,200,true,130,130,251
1767631588774,251,200,true,130,130,251
1767631588774,251,200,true,130,130,251
1767631588774,251,200,true,130,130,251
1767631588775,250,200,true,130,130,250
1767631588775,251,200,true,130,130,251
1767631588775,251,200,true,130,130,251
1767631588775,251,200,true,130,130,251
1767631588775,251,200,true,130,130,251
1767631588776,251,200,true,130,130,251
1767631588776,251,200,true,130,130,251
1767631588776,251,200,true,130,130,251
1767631588776,251,200,true,130,130,251
1767631588777,251,200,true,130,130,250
1767631588777,251,200,true,130,130,251
1767631588777,251,200,true,130,130,251
1767631588777,251,200,true,130,130,251
1767631588777,251,200,true,130,130,251
1767631588778,251,200,true,130,130,251
1767631588778,251,200,true,130,130,251
1767631588778,251,200,true,130,130,251
1767631588778,251,200,true,130,130,251
1767631588778,252,200,true,130,130,252
1767631588779,251,200,true,130,130,251
1767631588779,251,200,true,130,130,251
1767631588779,251,200,true,130,130,251
1767631588779,251,200,true,130,130,251
1767631588779,252,200,true,130,130,252
1767631588780,251,200,true,130,130,251
1767631588780,251,200,true,130,130,251
1767631588780,251,200,true,130,130,251
1767631588780,252,200,true,130,130,252
1767631588780,252,200,true,130,130,252
1767631588781,251,200,true,130,130,251
1767631588781,251,200,true,130,130,251
1767631588781,251,200,true,130,130,251
1767631588781,252,200,true,130,130,252
1767631588781,252,200,true,130,130,252
1767631588782,251,200,true,130,130,251
1767631588782,251,200,true,130,130,251
1767631588782,251,200,true,130,130,251
1767631588782,252,200,true,130,130,252
1767631588782,252,200,true,130,130,252
1767631588783,251,200,true,130,130,251
1767631588783,251,200,true,130,130,251
1767631588783,251,200,true,130,130,251
1767631588783,252,200,true,130,130,252
1767631588784,251,200,true,130,130,251
1767631588784,251,200,true,130,130,251
1767631588784,251,200,true,130,130,251
1767631588784,252,200,true,130,130,252
1767631588784,252,200,true,130,130,252
1767631588785,251,200,true,130,130,251
1767631588785,251,200,true,130,130,251
1767631588785,251,200,true,130,130,251
1767631588785,252,200,true,130,130,252
1767631588785,252,200,true,130,130,252
1767631588786,251,200,true,130,130,251
1767631588786,251,200,true,130,130,251
1767631588786,251,200,true,130,130,251
1767631588786,252,200,true,130,130,252
1767631588787,251,200,true,130,130,251
1767631588787,251,200,true,130,130,251
1767631588787,251,200,true,130,130,251
1767631588787,251,200,true,130,130,251
1767631588787,252,200,true,130,130,252
1767631588788,251,200,true,130,130,251
1767631588788,251,200,true,130,130,251
1767631588788,251,200,true,130,130,251
1767631588788,252,200,true,130,130,252
1767631588789,251,200,true,130,130,251
1767631588789,251,200,true,130,130,251
1767631588789,251,200,true,130,130,251
1767631588789,252,200,true,130,130,252
1767631588790,251,200,true,130,130,251
1767631588789,252,200,true,130,130,252
1767631588790,251,200,true,130,130,251
1767631588790,251,200,true,130,130,251
1767631588790,251,200,true,130,130,251
1767631588790,252,200,true,130,130,252
1767631588791,251,200,true,130,130,251
1767631588791,251,200,true,130,130,251
1767631588791,251,200,true,130,130,251
1767631588791,251,200,true,130,130,251
1767631588792,251,200,true,130,130,251
1767631588792,251,200,true,130,130,251
1767631588792,251,200,true,130,130,251
1767631588792,251,200,true,130,130,251
1767631588792,251,200,true,130,130,251
1767631588792,252,200,true,130,130,252
1767631588793,251,200,true,130,130,251
1767631588793,251,200,true,130,130,251
1767631588793,251,200,true,130,130,251
1767631588793,251,200,true,130,130,251
1767631588793,252,200,true,130,130,252
1767631588794,251,200,true,130,130,251
1767631588794,251,200,true,130,130,251
1767631588794,251,200,true,130,130,251
1767631588794,252,200,true,130,130,252
1767631588795,251,200,true,130,130,251
1767631588795,251,200,true,130,130,251
1767631588795,251,200,true,130,130,251
1767631588795,251,200,true,130,130,251
1767631588795,252,200,true,130,130,252
1767631588796,251,200,true,130,130,251
1767631588796,251,200,true,130,130,251
1767631588796,251,200,true,130,130,251
1767631588796,251,200,true,130,130,251
1767631588796,252,200,true,130,130,252
1767631588797,251,200,true,130,130,251
1767631589020,237,200,true,130,130,237
1767631589020,237,200,true,130,130,237
1767631589020,237,200,true,130,130,237
1767631589021,237,200,true,130,130,237
1767631589021,237,200,true,130,130,237
1767631589021,237,200,true,130,130,237
1767631589021,237,200,true,130,130,237
1767631589022,237,200,true,130,130,237
1767631589022,237,200,true,130,130,237
1767631589022,237,200,true,130,130,237
1767631589022,237,200,true,130,130,237
1767631589023,237,200,true,130,130,237
1767631589023,237,200,true,130,130,237
1767631589023,237,200,true,130,130,237
1767631589023,237,200,true,130,130,237
1767631589024,236,200,true,130,130,236
1767631589024,237,200,true,130,130,237
1767631589024,237,200,true,130,130,237
1767631589024,237,200,true,130,130,237
1767631589024,237,200,true,130,130,237
1767631589025,236,200,true,130,130,236
1767631589025,237,200,true,130,130,237
1767631589025,237,200,true,130,130,237
1767631589025,237,200,true,130,130,237
1767631589026,236,200,true,130,130,236
1767631589026,237,200,true,130,130,237
1767631589026,237,200,true,130,130,237
1767631589026,237,200,true,130,130,237
1767631589026,237,200,true,130,130,237
1767631589027,236,200,true,130,130,236
1767631589027,237,200,true,130,130,237
1767631589027,237,200,true,130,130,237
1767631589027,237,200,true,130,130,237
1767631589028,236,200,true,130,130,236
1767631589028,236,200,true,130,130,236
1767631589028,237,200,true,130,130,237
1767631589028,237,200,true,130,130,237
1767631589029,236,200,true,130,130,236
1767631589029,236,200,true,130,130,236
1767631589029,236,200,true,130,130,236
1767631589029,237,200,true,130,130,237
1767631589029,237,200,true,130,130,237
1767631589030,236,200,true,130,130,236
1767631589030,236,200,true,130,130,236
1767631589030,236,200,true,130,130,236
1767631589030,237,200,true,130,130,237
1767631589031,236,200,true,130,130,236
1767631589031,236,200,true,130,130,236
1767631589031,236,200,true,130,130,236
1767631589031,237,200,true,130,130,237
1767631589031,237,200,true,130,130,237
1767631589032,236,200,true,130,130,236
1767631589032,236,200,true,130,130,236
1767631589032,236,200,true,130,130,236
1767631589032,237,200,true,130,130,237
1767631589033,236,200,true,130,130,236
1767631589033,236,200,true,130,130,236
1767631589033,236,200,true,130,130,236
1767631589033,236,200,true,130,130,236
1767631589033,237,200,true,130,130,237
1767631589033,237,200,true,130,130,237
1767631589034,236,200,true,130,130,236
1767631589034,236,200,true,130,130,236
1767631589034,236,200,true,130,130,236
1767631589034,237,200,true,130,130,237
1767631589034,237,200,true,130,130,237
1767631589035,236,200,true,130,130,236
1767631589035,236,200,true,130,130,236
1767631589035,236,200,true,130,130,236
1767631589035,237,200,true,130,130,237
1767631589036,236,200,true,130,130,236
1767631589036,236,200,true,130,130,236
1767631589036,236,200,true,130,130,236
1767631589036,237,200,true,130,130,236
1767631589036,237,200,true,130,130,237
1767631589037,236,200,true,130,130,236
1767631589037,236,200,true,130,130,236
1767631589037,236,200,true,130,130,236
1767631589037,236,200,true,130,130,236
1767631589037,237,200,true,130,130,237
1767631589038,236,200,true,130,130,236
1767631589038,236,200,true,130,130,236
1767631589038,236,200,true,130,130,236
1767631589038,237,200,true,130,130,237
1767631589038,237,200,true,130,130,237
1767631589039,236,200,true,130,130,236
1767631589039,236,200,true,130,130,236
1767631589039,236,200,true,130,130,236
1767631589039,237,200,true,130,130,237
1767631589040,236,200,true,130,130,236
1767631589040,236,200,true,130,130,236
1767631589040,236,200,true,130,130,236
1767631589040,236,200,true,130,130,236
1767631589041,236,200,true,130,130,236
1767631589041,236,200,true,130,130,236
1767631589041,236,200,true,130,130,236
1767631589041,236,200,true,130,130,236
1767631589041,236,200,true,130,130,236
1767631589041,237,200,true,130,130,237
1767631589042,236,200,true,130,130,236
1767631589042,236,200,true,130,130,236
1767631589042,236,200,true,130,130,236
1767631589042,236,200,true,130,130,236
1767631589042,237,200,true,130,130,237
1767631589043,236,200,true,130,130,236
1767631589043,236,200,true,130,130,236
1767631589043,236,200,true,130,130,236
1767631589043,237,200,true,130,130,237
1767631589044,236,200,true,130,130,236
1767631589044,236,200,true,130,130,236
1767631589044,236,200,true,130,130,236
1767631589044,236,200,true,130,130,236
1767631589044,237,200,true,130,130,237
1767631589045,236,200,true,130,130,236
1767631589045,236,200,true,130,130,236
1767631589045,236,200,true,130,130,236
1767631589045,236,200,true,130,130,236
1767631589045,237,200,true,130,130,237
1767631589046,236,200,true,130,130,236
1767631589046,236,200,true,130,130,236
1767631589046,236,200,true,130,130,236
1767631589046,236,200,true,130,130,236
1767631589046,237,200,true,130,130,237
1767631589047,236,200,true,130,130,236
1767631589047,236,200,true,130,130,236
1767631589047,236,200,true,130,130,236
1767631589047,236,200,true,130,130,236
1767631589047,237,200,true,130,130,237
1767631589048,236,200,true,130,130,236
1767631589048,236,200,true,130,130,236
1767631589257,198,200,true,130,130,198
1767631589257,198,200,true,130,130,198
1767631589258,197,200,true,130,130,197
1767631589258,198,200,true,130,130,198
1767631589258,198,200,true,130,130,198
1767631589258,198,200,true,130,130,198
1767631589259,197,200,true,130,130,197
1767631589259,198,200,true,130,130,198
1767631589259,198,200,true,130,130,198
1767631589259,198,200,true,130,130,198
1767631589260,197,200,true,130,130,197
1767631589260,197,200,true,130,130,197
1767631589260,198,200,true,130,130,198
1767631589260,198,200,true,130,130,198
1767631589260,198,200,true,130,130,198
1767631589260,198,200,true,130,130,198
1767631589261,198,200,true,130,130,198
1767631589261,198,200,true,130,130,198
1767631589261,198,200,true,130,130,198
1767631589261,198,200,true,130,130,198
1767631589262,197,200,true,130,130,197
1767631589262,198,200,true,130,130,198
1767631589262,198,200,true,130,130,198
1767631589262,198,200,true,130,130,198
1767631589262,198,200,true,130,130,198
1767631589263,197,200,true,130,130,197
1767631589263,198,200,true,130,130,198
1767631589263,198,200,true,130,130,198
1767631589263,198,200,true,130,130,198
1767631589263,198,200,true,130,130,198
1767631589264,197,200,true,130,130,197
1767631589264,198,200,true,130,130,198
1767631589264,198,200,true,130,130,198
1767631589264,198,200,true,130,130,198
1767631589265,197,200,true,130,130,197
1767631589265,198,200,true,130,130,198
1767631589265,198,200,true,130,130,198
1767631589265,198,200,true,130,130,198
1767631589265,198,200,true,130,130,198
1767631589265,198,200,true,130,130,198
1767631589266,198,200,true,130,130,198
1767631589266,198,200,true,130,130,198
1767631589266,198,200,true,130,130,198
1767631589266,198,200,true,130,130,198
1767631589267,197,200,true,130,130,197
1767631589267,198,200,true,130,130,198
1767631589267,198,200,true,130,130,198
1767631589267,198,200,true,130,130,198
1767631589267,198,200,true,130,130,198
1767631589268,236,200,true,130,130,236
1767631589268,236,200,true,130,130,236
1767631589268,236,200,true,130,130,236
1767631589268,237,200,true,130,130,237
1767631589268,237,200,true,130,130,237
1767631589269,236,200,true,130,130,236
1767631589269,236,200,true,130,130,236
1767631589269,237,200,true,130,130,237
1767631589269,237,200,true,130,130,237
1767631589269,237,200,true,130,130,237
1767631589270,237,200,true,130,130,237
1767631589270,237,200,true,130,130,237
1767631589270,237,200,true,130,130,237
1767631589270,237,200,true,130,130,237
1767631589270,238,200,true,130,130,238
1767631589271,237,200,true,130,130,237
1767631589271,237,200,true,130,130,237
1767631589271,237,200,true,130,130,237
1767631589271,238,200,true,130,130,238
1767631589271,238,200,true,130,130,238
1767631589272,237,200,true,130,130,237
1767631589272,237,200,true,130,130,237
1767631589272,238,200,true,130,130,238
1767631589272,238,200,true,130,130,238
1767631589273,237,200,true,130,130,237
1767631589273,237,200,true,130,130,237
1767631589273,238,200,true,130,130,238
1767631589273,238,200,true,130,130,238
1767631589273,238,200,true,130,130,238
1767631589274,238,200,true,130,130,238
1767631589274,238,200,true,130,130,238
1767631589274,238,200,true,130,130,238
1767631589274,238,200,true,130,130,238
1767631589274,239,200,true,130,130,239
1767631589275,238,200,true,130,130,238
1767631589275,238,200,true,130,130,238
1767631589275,238,200,true,130,130,238
1767631589275,239,200,true,130,130,239
1767631589275,239,200,true,130,130,239
1767631589276,238,200,true,130,130,238
1767631589276,238,200,true,130,130,238
1767631589276,239,200,true,130,130,239
1767631589276,239,200,true,130,130,239
1767631589276,239,200,true,130,130,239
1767631589277,238,200,true,130,130,238
1767631589277,239,200,true,130,130,239
1767631589277,239,200,true,130,130,239
1767631589277,239,200,true,130,130,239
1767631589277,239,200,true,130,130,239
1767631589278,239,200,true,130,130,239
1767631589278,239,200,true,130,130,239
1767631589278,239,200,true,130,130,239
1767631589278,239,200,true,130,130,239
1767631589279,239,200,true,130,130,239
1767631589279,239,200,true,130,130,239
1767631589279,239,200,true,130,130,239
1767631589279,240,200,true,130,130,240
1767631589279,240,200,true,130,130,240
1767631589280,239,200,true,130,130,239
1767631589280,239,200,true,130,130,239
1767631589280,240,200,true,130,130,240
1767631589280,240,200,true,130,130,240
1767631589280,240,200,true,130,130,240
1767631589281,239,200,true,130,130,239
1767631589281,240,200,true,130,130,240
1767631589281,240,200,true,130,130,240
1767631589281,240,200,true,130,130,240
1767631589281,240,200,true,130,130,240
1767631589282,240,200,true,130,130,240
1767631589282,240,200,true,130,130,240
1767631589282,240,200,true,130,130,240
1767631589282,241,200,true,130,130,241
1767631589283,240,200,true,130,130,240
1767631589283,240,200,true,130,130,240
1767631589283,240,200,true,130,130,240
1767631589283,241,200,true,130,130,241
1767631589283,241,200,true,130,130,241
1767631589284,240,200,true,130,130,240
1767631589284,240,200,true,130,130,240
1767631589284,241,200,true,130,130,241
1767631589284,241,200,true,130,130,241
1767631589455,128,200,true,130,130,128
1767631589455,128,200,true,130,130,128
1767631589456,127,200,true,130,130,127
1767631589456,128,200,true,130,130,128
1767631589456,128,200,true,130,130,128
1767631589456,128,200,true,130,130,128
1767631589456,128,200,true,130,130,128
1767631589457,128,200,true,130,130,128
1767631589457,128,200,true,130,130,128
1767631589457,128,200,true,130,130,128
1767631589457,129,200,true,130,130,129
1767631589457,129,200,true,130,130,129
1767631589458,128,200,true,130,130,128
1767631589458,129,200,true,130,130,129
1767631589458,129,200,true,130,130,129
1767631589458,129,200,true,130,130,129
1767631589459,128,200,true,130,130,128
1767631589459,129,200,true,130,130,129
1767631589459,129,200,true,130,130,129
1767631589459,129,200,true,130,130,129
1767631589459,129,200,true,130,130,129
1767631589460,129,200,true,130,130,129
1767631589460,129,200,true,130,130,129
1767631589460,129,200,true,130,130,129
1767631589460,129,200,true,130,130,129
1767631589461,129,200,true,130,130,129
1767631589461,129,200,true,130,130,129
1767631589461,129,200,true,130,130,129
1767631589461,130,200,true,130,130,130
1767631589461,130,200,true,130,130,130
1767631589462,129,200,true,130,130,129
1767631589462,129,200,true,130,130,129
1767631589462,130,200,true,130,130,130
1767631589462,130,200,true,130,130,130
1767631589462,130,200,true,130,130,130
1767631589463,129,200,true,130,130,129
1767631589463,130,200,true,130,130,130
1767631589463,130,200,true,130,130,130
1767631589463,130,200,true,130,130,130
1767631589463,130,200,true,130,130,130
1767631589464,130,200,true,130,130,130
1767631589464,130,200,true,130,130,130
1767631589464,130,200,true,130,130,130
1767631589464,131,200,true,130,130,131
1767631589465,130,200,true,130,130,130
1767631589465,130,200,true,130,130,130
1767631589465,130,200,true,130,130,130
1767631589465,131,200,true,130,130,131
1767631589465,131,200,true,130,130,131
1767631589504,153,200,true,130,130,153
1767631589504,153,200,true,130,130,153
1767631589504,154,200,true,130,130,154
1767631589505,153,200,true,130,130,153
1767631589505,153,200,true,130,130,153
1767631589505,153,200,true,130,130,153
1767631589506,153,200,true,130,130,153
1767631589506,153,200,true,130,130,153
1767631589506,153,200,true,130,130,153
1767631589506,154,200,true,130,130,154
1767631589507,153,200,true,130,130,153
1767631589507,153,200,true,130,130,153
1767631589507,153,200,true,130,130,153
1767631589507,153,200,true,130,130,153
1767631589508,153,200,true,130,130,153
1767631589508,153,200,true,130,130,153
1767631589508,153,200,true,130,130,153
1767631589508,154,200,true,130,130,153
1767631589509,153,200,true,130,130,153
1767631589509,153,200,true,130,130,153
1767631589509,153,200,true,130,130,153
1767631589509,154,200,true,130,130,154
1767631589510,153,200,true,130,130,153
1767631589510,153,200,true,130,130,153
1767631589510,153,200,true,130,130,153
1767631589511,153,200,true,130,130,153
1767631589511,153,200,true,130,130,153
1767631589511,153,200,true,130,130,153
1767631589511,153,200,true,130,130,153
1767631589512,153,200,true,130,130,153
1767631589512,153,200,true,130,130,153
1767631589512,153,200,true,130,130,153
1767631589512,153,200,true,130,130,153
1767631589513,153,200,true,130,130,153
1767631589513,153,200,true,130,130,153
1767631589513,153,200,true,130,130,153
1767631589513,154,200,true,130,130,154
1767631589514,153,200,true,130,130,153
1767631589514,153,200,true,130,130,153
1767631589514,153,200,true,130,130,153
1767631589514,154,200,true,130,130,153
1767631589515,153,200,true,130,130,153
1767631589515,153,200,true,130,130,153
1767631589515,153,200,true,130,130,153
1767631589515,153,200,true,130,130,153
1767631589516,153,200,true,130,130,153
1767631589516,153,200,true,130,130,153
1767631589516,153,200,true,130,130,153
1767631589516,153,200,true,130,130,153
1767631589517,230,200,true,130,130,230
1767631589517,231,200,true,130,130,231
1767631589517,231,200,true,130,130,231
1767631589518,230,200,true,130,130,230
1767631589518,230,200,true,130,130,230
1767631589518,231,200,true,130,130,231
1767631589518,231,200,true,130,130,231
1767631589519,230,200,true,130,130,230
1767631589519,230,200,true,130,130,230
1767631589519,231,200,true,130,130,231
1767631589519,231,200,true,130,130,231
1767631589520,230,200,true,130,130,230
1767631589520,230,200,true,130,130,230
1767631589520,231,200,true,130,130,231
1767631589521,230,200,true,130,130,230
1767631589521,230,200,true,130,130,230
1767631589521,230,200,true,130,130,230
1767631589521,231,200,true,130,130,231
1767631589522,230,200,true,130,130,230
1767631589522,230,200,true,130,130,230
1767631589522,230,200,true,130,130,230
1767631589522,231,200,true,130,130,231
1767631589523,230,200,true,130,130,230
1767631589523,230,200,true,130,130,230
1767631589523,230,200,true,130,130,230
1767631589523,231,200,true,130,130,231
1767631589524,230,200,true,130,130,230
1767631589524,230,200,true,130,130,230
1767631589524,230,200,true,130,130,230
1767631589524,231,200,true,130,130,231
1767631589525,230,200,true,130,130,230
1767631589525,230,200,true,130,130,230
1767631589583,173,200,true,130,130,173
1767631589583,173,200,true,130,130,173
1767631589583,173,200,true,130,130,173
1767631589584,172,200,true,130,130,172
1767631589584,173,200,true,130,130,173
1767631589584,173,200,true,130,130,173
1767631589584,173,200,true,130,130,173
1767631589585,173,200,true,130,130,173
1767631589585,173,200,true,130,130,173
1767631589585,173,200,true,130,130,173
1767631589586,172,200,true,130,130,172
1767631589586,173,200,true,130,130,173
1767631589586,173,200,true,130,130,173
1767631589587,172,200,true,130,130,172
1767631589587,172,200,true,130,130,172
1767631589587,173,200,true,130,130,173
1767631589587,173,200,true,130,130,173
1767631589588,172,200,true,130,130,172
1767631589588,173,200,true,130,130,173
1767631589588,173,200,true,130,130,173
1767631589588,173,200,true,130,130,173
1767631589589,172,200,true,130,130,172
1767631589589,172,200,true,130,130,172
1767631589589,173,200,true,130,130,173
1767631589589,173,200,true,130,130,173
1767631589590,172,200,true,130,130,172
1767631589590,173,200,true,130,130,173
1767631589590,173,200,true,130,130,173
1767631589591,172,200,true,130,130,172
1767631589591,172,200,true,130,130,172
1767631589591,173,200,true,130,130,173
1767631589591,173,200,true,130,130,173
1767631589592,172,200,true,130,130,172
1767631589592,172,200,true,130,130,172
1767631589592,173,200,true,130,130,173
1767631589592,173,200,true,130,130,173
1767631589593,172,200,true,130,130,172
1767631589593,172,200,true,130,130,172
1767631589593,173,200,true,130,130,173
1767631589594,172,200,true,130,130,172
1767631589594,172,200,true,130,130,172
1767631589594,173,200,true,130,130,173
1767631589594,173,200,true,130,130,173
1767631589595,172,200,true,130,130,172
1767631589595,172,200,true,130,130,172
1767631589595,173,200,true,130,130,173
1767631589595,173,200,true,130,130,173
1767631589596,172,200,true,130,130,172
1767631589596,172,200,true,130,130,172
1767631589657,153,200,true,130,130,153
1767631589658,152,200,true,130,130,152
1767631589658,153,200,true,130,130,153
1767631589658,153,200,true,130,130,153
1767631589658,153,200,true,130,130,153
1767631589659,152,200,true,130,130,152
1767631589659,153,200,true,130,130,153
1767631589659,153,200,true,130,130,153
1767631589659,153,200,true,130,130,153
1767631589660,152,200,true,130,130,152
1767631589660,153,200,true,130,130,153
1767631589660,153,200,true,130,130,153
1767631589660,153,200,true,130,130,153
1767631589660,154,200,true,130,130,154
1767631589661,153,200,true,130,130,153
1767631589661,153,200,true,130,130,153
1767631589661,153,200,true,130,130,153
1767631589662,153,200,true,130,130,153
1767631589662,153,200,true,130,130,153
1767631589662,154,200,true,130,130,154
1767631589662,154,200,true,130,130,154
1767631589663,154,200,true,130,130,154
1767631589663,154,200,true,130,130,154
1767631589663,155,200,true,130,130,155
1767631589663,155,200,true,130,130,155
1767631589664,154,200,true,130,130,154
1767631589664,155,200,true,130,130,155
1767631589664,155,200,true,130,130,155
1767631589664,155,200,true,130,130,155
1767631589665,155,200,true,130,130,155
1767631589665,155,200,true,130,130,155
1767631589665,155,200,true,130,130,155
1767631589665,155,200,true,130,130,155
1767631589666,155,200,true,130,130,155
1767631589666,155,200,true,130,130,155
1767631589666,155,200,true,130,130,155
1767631589667,155,200,true,130,130,154
1767631589667,155,200,true,130,130,155
1767631589667,155,200,true,130,130,155
1767631589667,155,200,true,130,130,155
1767631589668,154,200,true,130,130,154
1767631589668,155,200,true,130,130,155
1767631589668,155,200,true,130,130,155
1767631589668,155,200,true,130,130,155
1767631589668,156,200,true,130,130,156
1767631589669,155,200,true,130,130,155
1767631589669,155,200,true,130,130,155
1767631589669,155,200,true,130,130,155
1767631589669,156,200,true,130,130,156
1767631589747,235,200,true,130,130,235
1767631589748,234,200,true,130,130,234
1767631589748,235,200,true,130,130,235
1767631589748,235,200,true,130,130,235
1767631589748,235,200,true,130,130,235
1767631589749,234,200,true,130,130,234
1767631589749,234,200,true,130,130,234
1767631589749,235,200,true,130,130,235
1767631589749,235,200,true,130,130,235
1767631589750,234,200,true,130,130,234
1767631589750,234,200,true,130,130,234
1767631589750,235,200,true,130,130,235
1767631589750,235,200,true,130,130,235
1767631589751,234,200,true,130,130,234
1767631589751,234,200,true,130,130,234
1767631589751,234,200,true,130,130,234
1767631589751,235,200,true,130,130,235
1767631589752,234,200,true,130,130,234
1767631589752,234,200,true,130,130,234
1767631589752,234,200,true,130,130,234
1767631589752,235,200,true,130,130,235
1767631589753,234,200,true,130,130,234
1767631589753,234,200,true,130,130,234
1767631589753,234,200,true,130,130,234
1767631589753,234,200,true,130,130,234
1767631589754,233,200,true,130,130,233
1767631589754,234,200,true,130,130,234
1767631589754,234,200,true,130,130,234
1767631589755,233,200,true,130,130,233
1767631589755,233,200,true,130,130,233
1767631589755,234,200,true,130,130,234
1767631589755,234,200,true,130,130,234
1767631589756,233,200,true,130,130,233
1767631589756,233,200,true,130,130,233
1767631589756,233,200,true,130,130,233
1767631589756,234,200,true,130,130,234
1767631589757,233,200,true,130,130,233
1767631589757,233,200,true,130,130,233
1767631589757,233,200,true,130,130,233
1767631589758,233,200,true,130,130,233
1767631589758,233,200,true,130,130,233
1767631589758,233,200,true,130,130,233
1767631589758,233,200,true,130,130,233
1767631589759,232,200,true,130,130,232
1767631589759,233,200,true,130,130,233
1767631589759,233,200,true,130,130,233
1767631589760,232,200,true,130,130,232
1767631589760,232,200,true,130,130,232
1767631589760,232,200,true,130,130,232
1767631589760,233,200,true,130,130,233
1767631589761,232,200,true,130,130,232
1767631589761,232,200,true,130,130,232
1767631589761,232,200,true,130,130,232
1767631589761,233,200,true,130,130,232
1767631589762,232,200,true,130,130,232
1767631589762,232,200,true,130,130,232
1767631589762,232,200,true,130,130,232
1767631589762,232,200,true,130,130,232
1767631589763,232,200,true,130,130,232
1767631589763,232,200,true,130,130,232
1767631589763,232,200,true,130,130,232
1767631589763,232,200,true,130,130,232
1767631589764,231,200,true,130,130,231
1767631589764,232,200,true,130,130,232
1767631589764,232,200,true,130,130,232
1767631589765,231,200,true,130,130,231
1767631589765,231,200,true,130,130,231
1767631589765,231,200,true,130,130,231
1767631589765,232,200,true,130,130,232
1767631589765,232,200,true,130,130,232
1767631589766,231,200,true,130,130,231
1767631589766,231,200,true,130,130,231
1767631589766,231,200,true,130,130,231
1767631589767,231,200,true,130,130,231
1767631589767,231,200,true,130,130,231
1767631589767,231,200,true,130,130,231
1767631589767,231,200,true,130,130,231
1767631589768,231,200,true,130,130,230
1767631589768,231,200,true,130,130,231
1767631589768,231,200,true,130,130,231
1767631589768,231,200,true,130,130,231
1767631589810,190,200,true,130,130,190
1767631589810,190,200,true,130,130,190
1767631589811,189,200,true,130,130,189
1767631589811,190,200,true,130,130,190
1767631589811,190,200,true,130,130,190
1767631589811,190,200,true,130,130,190
1767631589812,189,200,true,130,130,189
1767631589812,189,200,true,130,130,189
1767631589812,190,200,true,130,130,190
1767631589812,190,200,true,130,130,190
1767631589813,189,200,true,130,130,189
1767631589813,189,200,true,130,130,189
1767631589813,190,200,true,130,130,190
1767631589814,189,200,true,130,130,189
1767631589814,189,200,true,130,130,189
1767631589814,189,200,true,130,130,189
1767631589814,189,200,true,130,130,189
1767631589815,189,200,true,130,130,189
1767631589815,189,200,true,130,130,189
1767631589816,208,200,true,130,130,208
1767631589816,208,200,true,130,130,208
1767631589817,207,200,true,130,130,207
1767631589817,207,200,true,130,130,207
1767631589818,206,200,true,130,130,206
1767631589818,207,200,true,130,130,207
1767631589819,206,200,true,130,130,206
1767631589819,206,200,true,130,130,206
1767631589819,206,200,true,130,130,206
1767631589820,206,200,true,130,130,206
1767631589820,206,200,true,130,130,206
1767631589820,206,200,true,130,130,206
1767631589820,206,200,true,130,130,206
1767631589821,205,200,true,130,130,205
1767631589821,206,200,true,130,130,206
1767631589821,206,200,true,130,130,206
1767631589822,205,200,true,130,130,205
1767631589822,205,200,true,130,130,205
1767631589822,205,200,true,130,130,205
1767631589822,206,200,true,130,130,206
1767631589823,205,200,true,130,130,205
1767631589823,205,200,true,130,130,205
1767631589823,205,200,true,130,130,205
1767631589823,205,200,true,130,130,205
1767631589824,205,200,true,130,130,205
1767631589824,205,200,true,130,130,205
1767631589824,205,200,true,130,130,205
1767631589825,204,200,true,130,130,204
1767631589825,205,200,true,130,130,205
1767631589818,212,200,true,130,130,212
1767631589982,219,200,true,130,130,219
1767631589983,218,200,true,130,130,218
1767631589983,218,200,true,130,130,218
1767631589983,219,200,true,130,130,219
1767631589983,219,200,true,130,130,219
1767631589983,219,200,true,130,130,219
1767631589984,218,200,true,130,130,218
1767631589984,219,200,true,130,130,219
1767631589984,219,200,true,130,130,219
1767631589984,219,200,true,130,130,219
1767631589984,219,200,true,130,130,219
1767631589985,218,200,true,130,130,218
1767631589985,219,200,true,130,130,219
1767631589985,219,200,true,130,130,219
1767631589985,219,200,true,130,130,219
1767631589985,219,200,true,130,130,219
1767631589986,219,200,true,130,130,219
1767631589986,219,200,true,130,130,219
1767631589986,219,200,true,130,130,219
1767631589986,219,200,true,130,130,219
1767631589987,219,200,true,130,130,219
1767631589987,219,200,true,130,130,219
1767631589987,219,200,true,130,130,219
1767631589987,219,200,true,130,130,219
1767631589987,219,200,true,130,130,219
1767631589988,219,200,true,130,130,219
1767631589988,219,200,true,130,130,219
1767631589988,219,200,true,130,130,219
1767631589988,219,200,true,130,130,219
1767631589988,219,200,true,130,130,219
1767631589989,219,200,true,130,130,219
1767631589989,219,200,true,130,130,219
1767631589989,219,200,true,130,130,219
1767631589989,219,200,true,130,130,219
1767631589989,219,200,true,130,130,219
1767631589990,219,200,true,130,130,219
1767631589990,219,200,true,130,130,219
1767631589990,219,200,true,130,130,219
1767631589990,219,200,true,130,130,219
1767631589991,218,200,true,130,130,218
1767631589991,219,200,true,130,130,219
1767631589991,219,200,true,130,130,219
1767631589991,219,200,true,130,130,219
1767631589991,219,200,true,130,130,219
1767631589992,218,200,true,130,130,218
1767631589992,219,200,true,130,130,219
1767631589992,219,200,true,130,130,219
1767631589992,219,200,true,130,130,219
1767631589992,219,200,true,130,130,219
1767631589993,218,200,true,130,130,218
1767631589993,227,200,true,130,130,227
1767631589993,227,200,true,130,130,227
1767631589993,227,200,true,130,130,227
1767631589994,226,200,true,130,130,226
1767631589994,226,200,true,130,130,226
1767631589994,227,200,true,130,130,227
1767631589994,227,200,true,130,130,227
1767631589994,227,200,true,130,130,227
1767631589995,226,200,true,130,130,226
1767631589995,226,200,true,130,130,226
1767631589995,227,200,true,130,130,227
1767631589995,227,200,true,130,130,227
1767631589995,227,200,true,130,130,227
1767631589996,226,200,true,130,130,226
1767631589996,227,200,true,130,130,227
1767631589996,227,200,true,130,130,227
1767631589996,227,200,true,130,130,227
1767631589996,227,200,true,130,130,227
1767631589997,226,200,true,130,130,226
1767631589997,227,200,true,130,130,227
1767631589997,227,200,true,130,130,227
1767631589997,227,200,true,130,130,227
1767631589997,227,200,true,130,130,227
1767631589998,226,200,true,130,130,226
1767631589998,227,200,true,130,130,227
1767631589998,227,200,true,130,130,227
1767631589998,227,200,true,130,130,227
1767631589999,226,200,true,130,130,226
1767631589999,226,200,true,130,130,226
1767631589999,227,200,true,130,130,227
1767631589999,227,200,true,130,130,227
1767631590000,227,200,true,130,130,227
1767631590000,227,200,true,130,130,227
1767631590001,226,200,true,130,130,226
1767631590001,226,200,true,130,130,226
1767631590001,226,200,true,130,130,226
1767631590001,227,200,true,130,130,227
1767631590001,227,200,true,130,130,227
1767631590002,226,200,true,130,130,226
1767631590002,226,200,true,130,130,226
1767631590002,226,200,true,130,130,226
1767631590002,227,200,true,130,130,227
1767631590002,227,200,true,130,130,227
1767631590003,226,200,true,130,130,226
1767631590003,226,200,true,130,130,226
1767631590003,226,200,true,130,130,226
1767631590003,227,200,true,130,130,227
1767631590003,227,200,true,130,130,227
1767631590004,227,200,true,130,130,227
1767631590004,227,200,true,130,130,227
1767631590024,207,200,true,130,130,207
1767631590024,207,200,true,130,130,207
1767631590024,208,200,true,130,130,208
1767631590024,208,200,true,130,130,208
1767631590025,207,200,true,130,130,207
1767631590025,207,200,true,130,130,207
1767631590025,207,200,true,130,130,207
1767631590025,208,200,true,130,130,208
1767631590025,208,200,true,130,130,208
1767631590026,207,200,true,130,130,207
1767631590026,207,200,true,130,130,207
1767631590026,207,200,true,130,130,207
1767631590026,208,200,true,130,130,208
1767631590026,208,200,true,130,130,208
1767631590027,207,200,true,130,130,207
1767631590027,207,200,true,130,130,207
1767631590027,207,200,true,130,130,207
1767631590027,208,200,true,130,130,208
1767631590028,207,200,true,130,130,207
1767631590028,207,200,true,130,130,207
1767631590028,207,200,true,130,130,207
1767631590028,208,200,true,130,130,208
1767631590028,208,200,true,130,130,208
1767631590029,207,200,true,130,130,207
1767631590029,207,200,true,130,130,207
1767631590029,207,200,true,130,130,207
1767631590029,208,200,true,130,130,208
1767631590029,208,200,true,130,130,208
1767631590030,207,200,true,130,130,207
1767631590030,207,200,true,130,130,207
1767631590201,236,200,true,130,130,236
1767631590201,236,200,true,130,130,236
1767631590201,236,200,true,130,130,236
1767631590202,235,200,true,130,130,235
1767631590202,235,200,true,130,130,235
1767631590202,236,200,true,130,130,236
1767631590202,236,200,true,130,130,236
1767631590203,235,200,true,130,130,235
1767631590203,235,200,true,130,130,235
1767631590203,236,200,true,130,130,236
1767631590203,236,200,true,130,130,236
1767631590203,236,200,true,130,130,236
1767631590204,235,200,true,130,130,235
1767631590204,236,200,true,130,130,236
1767631590204,236,200,true,130,130,236
1767631590204,236,200,true,130,130,236
1767631590205,235,200,true,130,130,235
1767631590205,235,200,true,130,130,235
1767631590205,236,200,true,130,130,236
1767631590205,236,200,true,130,130,236
1767631590206,235,200,true,130,130,235
1767631590206,235,200,true,130,130,235
1767631590206,235,200,true,130,130,235
1767631590206,236,200,true,130,130,236
1767631590206,236,200,true,130,130,236
1767631590207,235,200,true,130,130,235
1767631590207,235,200,true,130,130,235
1767631590207,235,200,true,130,130,235
1767631590207,236,200,true,130,130,236
1767631590207,236,200,true,130,130,236
1767631590208,235,200,true,130,130,235
1767631590208,235,200,true,130,130,235
1767631590208,236,200,true,130,130,236
1767631590208,236,200,true,130,130,236
1767631590208,236,200,true,130,130,236
1767631590209,235,200,true,130,130,235
1767631590209,235,200,true,130,130,235
1767631590209,236,200,true,130,130,235
1767631590209,236,200,true,130,130,236
1767631590209,236,200,true,130,130,236
1767631590210,235,200,true,130,130,235
1767631590210,235,200,true,130,130,235
1767631590210,235,200,true,130,130,235
1767631590210,236,200,true,130,130,236
1767631590210,236,200,true,130,130,236
1767631590211,235,200,true,130,130,235
1767631590211,235,200,true,130,130,235
1767631590211,235,200,true,130,130,235
1767631590211,236,200,true,130,130,236
1767631590211,236,200,true,130,130,236
1767631590220,227,200,true,130,130,227
1767631590220,227,200,true,130,130,227
1767631590220,227,200,true,130,130,227
1767631590220,228,200,true,130,130,228
1767631590220,228,200,true,130,130,228
1767631590221,227,200,true,130,130,227
1767631590221,227,200,true,130,130,227
1767631590221,228,200,true,130,130,228
1767631590221,228,200,true,130,130,228
1767631590222,227,200,true,130,130,227
1767631590222,227,200,true,130,130,227
1767631590222,227,200,true,130,130,227
1767631590222,228,200,true,130,130,228
1767631590222,228,200,true,130,130,228
1767631590223,227,200,true,130,130,227
1767631590223,227,200,true,130,130,227
1767631590223,227,200,true,130,130,227
1767631590223,228,200,true,130,130,228
1767631590223,228,200,true,130,130,228
1767631590224,227,200,true,130,130,227
1767631590224,227,200,true,130,130,227
1767631590224,227,200,true,130,130,227
1767631590224,228,200,true,130,130,228
1767631590224,228,200,true,130,130,228
1767631590225,227,200,true,130,130,227
1767631590225,227,200,true,130,130,227
1767631590225,227,200,true,130,130,227
1767631590225,228,200,true,130,130,228
1767631590225,228,200,true,130,130,228
1767631590226,228,200,true,130,130,228
1767631590226,228,200,true,130,130,228
1767631590227,227,200,true,130,130,227
1767631590227,227,200,true,130,130,227
1767631590227,227,200,true,130,130,227
1767631590227,228,200,true,130,130,228
1767631590227,228,200,true,130,130,228
1767631590228,227,200,true,130,130,227
1767631590228,227,200,true,130,130,227
1767631590228,227,200,true,130,130,227
1767631590228,228,200,true,130,130,228
1767631590228,228,200,true,130,130,228
1767631590229,227,200,true,130,130,227
1767631590229,227,200,true,130,130,227
1767631590229,227,200,true,130,130,227
1767631590229,228,200,true,130,130,228
1767631590230,227,200,true,130,130,227
1767631590230,227,200,true,130,130,227
1767631590230,228,200,true,130,130,228
1767631590231,227,200,true,130,130,227
1767631590231,227,200,true,130,130,227
1767631590231,228,200,true,130,130,228
1767631590231,228,200,true,130,130,228
1767631590232,227,200,true,130,130,227
1767631590232,227,200,true,130,130,227
1767631590232,227,200,true,130,130,227
1767631590232,228,200,true,130,130,228
1767631590232,228,200,true,130,130,228
1767631590233,227,200,true,130,130,227
1767631590233,227,200,true,130,130,227
1767631590233,227,200,true,130,130,227
1767631590233,228,200,true,130,130,228
1767631590234,227,200,true,130,130,227
1767631590234,227,200,true,130,130,227
1767631590234,227,200,true,130,130,227
1767631590234,228,200,true,130,130,228
1767631590234,228,200,true,130,130,228
1767631590235,227,200,true,130,130,227
1767631590235,227,200,true,130,130,227
1767631590235,227,200,true,130,130,227
1767631590235,228,200,true,130,130,228
1767631590235,228,200,true,130,130,228
1767631590236,227,200,true,130,130,227
1767631590236,227,200,true,130,130,227
1767631590236,227,200,true,130,130,227
1767631590236,228,200,true,130,130,228
1767631590236,228,200,true,130,130,228
1767631590237,227,200,true,130,130,227
1767631590237,227,200,true,130,130,227
1767631590237,227,200,true,130,130,227
1767631590237,228,200,true,130,130,228
1767631590437,222,200,true,130,130,222
1767631590437,224,200,true,130,130,224
1767631590437,225,200,true,130,130,225
1767631590437,225,200,true,130,130,225
1767631590438,224,200,true,130,130,224
1767631590438,224,200,true,130,130,224
1767631590438,225,200,true,130,130,225
1767631590438,225,200,true,130,130,225
1767631590438,225,200,true,130,130,225
1767631590439,225,200,true,130,130,225
1767631590439,225,200,true,130,130,225
1767631590439,225,200,true,130,130,225
1767631590439,225,200,true,130,130,225
1767631590440,225,200,true,130,130,225
1767631590440,225,200,true,130,130,225
1767631590440,225,200,true,130,130,225
1767631590440,225,200,true,130,130,225
1767631590440,226,200,true,130,130,226
1767631590441,225,200,true,130,130,225
1767631590441,225,200,true,130,130,225
1767631590441,225,200,true,130,130,225
1767631590441,226,200,true,130,130,226
1767631590442,225,200,true,130,130,225
1767631590442,225,200,true,130,130,225
1767631590442,226,200,true,130,130,226
1767631590442,226,200,true,130,130,226
1767631590442,226,200,true,130,130,226
1767631590443,225,200,true,130,130,225
1767631590443,225,200,true,130,130,225
1767631590443,226,200,true,130,130,226
1767631590443,226,200,true,130,130,226
1767631590443,226,200,true,130,130,226
1767631590444,225,200,true,130,130,225
1767631590444,226,200,true,130,130,226
1767631590444,226,200,true,130,130,226
1767631590444,226,200,true,130,130,226
1767631590444,226,200,true,130,130,226
1767631590445,225,200,true,130,130,225
1767631590445,226,200,true,130,130,226
1767631590445,226,200,true,130,130,226
1767631590445,226,200,true,130,130,226
1767631590445,226,200,true,130,130,226
1767631590445,227,200,true,130,130,227
1767631590446,226,200,true,130,130,226
1767631590446,226,200,true,130,130,226
1767631590446,226,200,true,130,130,226
1767631590446,226,200,true,130,130,226
1767631590446,227,200,true,130,130,227
1767631590447,226,200,true,130,130,226
1767631590447,226,200,true,130,130,226
1767631590447,226,200,true,130,130,226
1767631590447,226,200,true,130,130,226
1767631590447,227,200,true,130,130,227
1767631590448,226,200,true,130,130,226
1767631590448,226,200,true,130,130,226
1767631590448,226,200,true,130,130,226
1767631590448,226,200,true,130,130,226
1767631590449,226,200,true,130,130,226
1767631590449,226,200,true,130,130,226
1767631590449,226,200,true,130,130,226
1767631590449,226,200,true,130,130,226
1767631590449,226,200,true,130,130,226
1767631590450,226,200,true,130,130,226
1767631590450,226,200,true,130,130,226
1767631590450,226,200,true,130,130,226
1767631590450,226,200,true,130,130,226
1767631590450,227,200,true,130,130,227
1767631590451,226,200,true,130,130,226
1767631590451,226,200,true,130,130,226
1767631590451,226,200,true,130,130,226
1767631590451,226,200,true,130,130,226
1767631590451,227,200,true,130,130,227
1767631590452,226,200,true,130,130,226
1767631590452,226,200,true,130,130,226
1767631590452,226,200,true,130,130,226
1767631590452,226,200,true,130,130,226
1767631590453,226,200,true,130,130,226
1767631590453,226,200,true,130,130,226
1767631590453,227,200,true,130,130,227
1767631590454,226,200,true,130,130,226
1767631590454,226,200,true,130,130,226
1767631590454,226,200,true,130,130,226
1767631590454,226,200,true,130,130,226
1767631590455,226,200,true,130,130,226
1767631590455,226,200,true,130,130,226
1767631590455,226,200,true,130,130,226
1767631590455,226,200,true,130,130,226
1767631590455,226,200,true,130,130,226
1767631590456,226,200,true,130,130,226
1767631590456,226,200,true,130,130,226
1767631590456,226,200,true,130,130,226
1767631590456,226,200,true,130,130,226
1767631590457,226,200,true,130,130,226
1767631590456,227,200,true,130,130,227
1767631590457,226,200,true,130,130,226
1767631590457,227,200,true,130,130,227
1767631590457,227,200,true,130,130,227
1767631590458,226,200,true,130,130,226
1767631590458,227,200,true,130,130,227
1767631590458,227,200,true,130,130,227
1767631590459,226,200,true,130,130,226
1767631590459,226,200,true,130,130,226
1767631590459,227,200,true,130,130,227
1767631590459,227,200,true,130,130,227
1767631590459,227,200,true,130,130,227
1767631590460,226,200,true,130,130,226
1767631590460,226,200,true,130,130,226
1767631590460,227,200,true,130,130,227
1767631590460,227,200,true,130,130,227
1767631590460,227,200,true,130,130,227
1767631590461,226,200,true,130,130,226
1767631590461,227,200,true,130,130,227
1767631590461,227,200,true,130,130,227
1767631590461,227,200,true,130,130,227
1767631590462,226,200,true,130,130,226
1767631590462,227,200,true,130,130,227
1767631590462,227,200,true,130,130,227
1767631590462,227,200,true,130,130,227
1767631590462,227,200,true,130,130,227
1767631590463,226,200,true,130,130,226
1767631590463,227,200,true,130,130,227
1767631590463,227,200,true,130,130,227
1767631590463,227,200,true,130,130,227
1767631590463,227,200,true,130,130,227
1767631590464,226,200,true,130,130,226
1767631590464,227,200,true,130,130,227
1767631590464,227,200,true,130,130,227
1767631590464,227,200,true,130,130,227
1767631590464,227,200,true,130,130,227
1767631590465,226,200,true,130,130,226
1767631590659,260,200,true,130,130,260
1767631590662,257,200,true,130,130,257
1767631590662,257,200,true,130,130,257
1767631590662,258,200,true,130,130,257
1767631590662,258,200,true,130,130,258
1767631590663,257,200,true,130,130,257
1767631590663,257,200,true,130,130,257
1767631590663,257,200,true,130,130,257
1767631590663,258,200,true,130,130,258
1767631590664,257,200,true,130,130,257
1767631590664,257,200,true,130,130,257
1767631590664,257,200,true,130,130,257
1767631590664,257,200,true,130,130,257
1767631590665,257,200,true,130,130,257
1767631590665,257,200,true,130,130,257
1767631590665,257,200,true,130,130,257
1767631590665,258,200,true,130,130,258
1767631590666,257,200,true,130,130,257
1767631590666,257,200,true,130,130,257
1767631590666,258,200,true,130,130,258
1767631590666,258,200,true,130,130,258
1767631590667,257,200,true,130,130,257
1767631590667,257,200,true,130,130,257
1767631590667,257,200,true,130,130,257
1767631590668,257,200,true,130,130,257
1767631590668,257,200,true,130,130,257
1767631590668,257,200,true,130,130,257
1767631590668,257,200,true,130,130,257
1767631590669,257,200,true,130,130,257
1767631590669,257,200,true,130,130,257
1767631590669,257,200,true,130,130,257
1767631590669,257,200,true,130,130,257
1767631590669,257,200,true,130,130,257
1767631590670,257,200,true,130,130,257
1767631590670,257,200,true,130,130,257
1767631590670,257,200,true,130,130,257
1767631590670,257,200,true,130,130,257
1767631590670,258,200,true,130,130,257
1767631590671,257,200,true,130,130,257
1767631590671,257,200,true,130,130,257
1767631590671,257,200,true,130,130,257
1767631590671,257,200,true,130,130,257
1767631590672,257,200,true,130,130,257
1767631590672,257,200,true,130,130,257
1767631590672,257,200,true,130,130,257
1767631590672,257,200,true,130,130,257
1767631590672,257,200,true,130,130,257
1767631590673,257,200,true,130,130,257
1767631590673,257,200,true,130,130,257
1767631590673,257,200,true,130,130,257
1767631590673,257,200,true,130,130,257
1767631590674,257,200,true,130,130,257
1767631590674,257,200,true,130,130,257
1767631590674,257,200,true,130,130,257
1767631590674,264,200,true,130,130,264
1767631590674,264,200,true,130,130,264
1767631590674,266,200,true,130,130,266
1767631590675,265,200,true,130,130,265
1767631590675,265,200,true,130,130,265
1767631590675,266,200,true,130,130,266
1767631590675,266,200,true,130,130,266
1767631590676,265,200,true,130,130,265
1767631590676,265,200,true,130,130,265
1767631590676,265,200,true,130,130,265
1767631590676,266,200,true,130,130,266
1767631590676,266,200,true,130,130,266
1767631590677,265,200,true,130,130,265
1767631590677,265,200,true,130,130,265
1767631590677,265,200,true,130,130,265
1767631590677,266,200,true,130,130,266
1767631590677,266,200,true,130,130,266
1767631590678,265,200,true,130,130,265
1767631590678,265,200,true,130,130,265
1767631590678,266,200,true,130,130,266
1767631590678,266,200,true,130,130,266
1767631590678,266,200,true,130,130,266
1767631590679,265,200,true,130,130,265
1767631590679,265,200,true,130,130,265
1767631590680,265,200,true,130,130,265
1767631590680,265,200,true,130,130,265
1767631590680,265,200,true,130,130,265
1767631590680,265,200,true,130,130,265
1767631590680,265,200,true,130,130,265
1767631590681,265,200,true,130,130,265
1767631590681,265,200,true,130,130,265
1767631590681,265,200,true,130,130,265
1767631590681,265,200,true,130,130,265
1767631590681,265,200,true,130,130,265
1767631590682,265,200,true,130,130,265
1767631590682,265,200,true,130,130,265
1767631590682,265,200,true,130,130,265
1767631590683,264,200,true,130,130,264
1767631590683,264,200,true,130,130,264
1767631590683,265,200,true,130,130,265
1767631590683,265,200,true,130,130,265
1767631590684,264,200,true,130,130,264
1767631590684,264,200,true,130,130,264
1767631590685,263,200,true,130,130,263
1767631590685,264,200,true,130,130,264
1767631590685,264,200,true,130,130,264
1767631590685,264,200,true,130,130,264
1767631590685,264,200,true,130,130,264
1767631590686,264,200,true,130,130,264
1767631590686,264,200,true,130,130,264
1767631590686,264,200,true,130,130,264
1767631590686,264,200,true,130,130,264
1767631590686,264,200,true,130,130,264
1767631590687,264,200,true,130,130,264
1767631590687,264,200,true,130,130,264
1767631590687,264,200,true,130,130,264
1767631590687,264,200,true,130,130,264
1767631590688,263,200,true,130,130,263
1767631590688,264,200,true,130,130,264
1767631590688,264,200,true,130,130,264
1767631590688,264,200,true,130,130,264
1767631590689,263,200,true,130,130,263
1767631590689,263,200,true,130,130,263
1767631590689,264,200,true,130,130,264
1767631590689,264,200,true,130,130,264
1767631590690,263,200,true,130,130,263
1767631590690,263,200,true,130,130,263
1767631590690,263,200,true,130,130,263
1767631590690,264,200,true,130,130,264
1767631590690,264,200,true,130,130,264
1767631590691,263,200,true,130,130,263
1767631590691,263,200,true,130,130,263
1767631590691,263,200,true,130,130,263
1767631590691,264,200,true,130,130,264
1767631590692,263,200,true,130,130,263
1767631590689,266,200,true,130,130,266
1767631590919,252,200,true,130,130,252
1767631590919,252,200,true,130,130,252
1767631590919,253,200,true,130,130,253
1767631590920,252,200,true,130,130,252
1767631590920,252,200,true,130,130,252
1767631590920,252,200,true,130,130,252
1767631590920,253,200,true,130,130,253
1767631590920,253,200,true,130,130,253
1767631590921,252,200,true,130,130,252
1767631590921,252,200,true,130,130,252
1767631590921,252,200,true,130,130,252
1767631590921,253,200,true,130,130,253
1767631590921,253,200,true,130,130,253
1767631590922,252,200,true,130,130,252
1767631590922,252,200,true,130,130,252
1767631590922,252,200,true,130,130,252
1767631590923,252,200,true,130,130,252
1767631590923,252,200,true,130,130,252
1767631590924,251,200,true,130,130,251
1767631590924,251,200,true,130,130,251
1767631590924,252,200,true,130,130,252
1767631590924,252,200,true,130,130,252
1767631590924,252,200,true,130,130,252
1767631590924,252,200,true,130,130,252
1767631590925,251,200,true,130,130,251
1767631590925,252,200,true,130,130,252
1767631590925,252,200,true,130,130,252
1767631590925,252,200,true,130,130,252
1767631590926,251,200,true,130,130,251
1767631590926,251,200,true,130,130,251
1767631590926,252,200,true,130,130,252
1767631590926,252,200,true,130,130,252
1767631590926,252,200,true,130,130,252
1767631590927,251,200,true,130,130,251
1767631590927,251,200,true,130,130,251
1767631590927,252,200,true,130,130,252
1767631590927,252,200,true,130,130,252
1767631590928,251,200,true,130,130,251
1767631590928,251,200,true,130,130,251
1767631590928,251,200,true,130,130,251
1767631590928,252,200,true,130,130,252
1767631590928,252,200,true,130,130,252
1767631590929,251,200,true,130,130,251
1767631590929,251,200,true,130,130,251
1767631590929,251,200,true,130,130,251
1767631590929,252,200,true,130,130,252
1767631590930,251,200,true,130,130,251
1767631590930,251,200,true,130,130,251
1767631590930,251,200,true,130,130,251
1767631590930,251,200,true,130,130,251
1767631590930,252,200,true,130,130,252
1767631590931,251,200,true,130,130,251
1767631590931,251,200,true,130,130,251
1767631590931,251,200,true,130,130,251
1767631590938,244,200,true,130,130,244
1767631590938,245,200,true,130,130,245
1767631590940,243,200,true,130,130,243
1767631590940,243,200,true,130,130,243
1767631590940,243,200,true,130,130,243
1767631590941,243,200,true,130,130,243
1767631590941,243,200,true,130,130,243
1767631590941,243,200,true,130,130,243
1767631590941,243,200,true,130,130,243
1767631590941,243,200,true,130,130,243
1767631590942,243,200,true,130,130,243
1767631590942,243,200,true,130,130,243
1767631590942,243,200,true,130,130,243
1767631590942,243,200,true,130,130,243
1767631590943,242,200,true,130,130,242
1767631590943,243,200,true,130,130,243
1767631590943,243,200,true,130,130,243
1767631590943,243,200,true,130,130,243
1767631590943,243,200,true,130,130,243
1767631590944,242,200,true,130,130,242
1767631590944,243,200,true,130,130,243
1767631590944,243,200,true,130,130,243
1767631590944,243,200,true,130,130,243
1767631590944,243,200,true,130,130,243
1767631590945,243,200,true,130,130,243
1767631590945,243,200,true,130,130,243
1767631590945,243,200,true,130,130,243
1767631590945,243,200,true,130,130,243
1767631590945,243,200,true,130,130,243
1767631590946,243,200,true,130,130,243
1767631590946,243,200,true,130,130,243
1767631590946,243,200,true,130,130,243
1767631590946,243,200,true,130,130,243
1767631590946,244,200,true,130,130,244
1767631590947,243,200,true,130,130,243
1767631590947,243,200,true,130,130,243
1767631590947,243,200,true,130,130,243
1767631590947,243,200,true,130,130,243
1767631590947,244,200,true,130,130,244
1767631590948,243,200,true,130,130,243
1767631590948,243,200,true,130,130,243
1767631590948,243,200,true,130,130,243
1767631590948,244,200,true,130,130,244
1767631590949,243,200,true,130,130,243
1767631590949,243,200,true,130,130,243
1767631590949,243,200,true,130,130,243
1767631590949,243,200,true,130,130,243
1767631590949,244,200,true,130,130,244
1767631590950,243,200,true,130,130,243
1767631590950,243,200,true,130,130,243
1767631590950,243,200,true,130,130,243
1767631590950,243,200,true,130,130,243
1767631590950,244,200,true,130,130,244
1767631590951,243,200,true,130,130,243
1767631590951,243,200,true,130,130,243
1767631590951,243,200,true,130,130,243
1767631590951,243,200,true,130,130,243
1767631590951,244,200,true,130,130,244
1767631590952,243,200,true,130,130,243
1767631590952,243,200,true,130,130,243
1767631590952,243,200,true,130,130,243
1767631590952,244,200,true,130,130,244
1767631590952,244,200,true,130,130,244
1767631590953,243,200,true,130,130,243
1767631590953,243,200,true,130,130,243
1767631590953,243,200,true,130,130,243
1767631590953,244,200,true,130,130,244
1767631590953,244,200,true,130,130,244
1767631590954,243,200,true,130,130,243
1767631590954,243,200,true,130,130,243
1767631590954,243,200,true,130,130,243
1767631590954,244,200,true,130,130,244
1767631590954,244,200,true,130,130,244
1767631590955,243,200,true,130,130,243
1767631590955,243,200,true,130,130,243
1767631590955,244,200,true,130,130,243
1767631591171,227,200,true,130,130,227
1767631591172,226,200,true,130,130,226
1767631591172,227,200,true,130,130,227
1767631591172,227,200,true,130,130,227
1767631591172,227,200,true,130,130,227
1767631591172,228,200,true,130,130,228
1767631591173,227,200,true,130,130,227
1767631591173,227,200,true,130,130,227
1767631591173,227,200,true,130,130,227
1767631591173,228,200,true,130,130,228
1767631591173,228,200,true,130,130,228
1767631591174,227,200,true,130,130,227
1767631591174,227,200,true,130,130,227
1767631591174,228,200,true,130,130,228
1767631591174,228,200,true,130,130,228
1767631591174,228,200,true,130,130,228
1767631591175,228,200,true,130,130,228
1767631591175,228,200,true,130,130,228
1767631591175,228,200,true,130,130,228
1767631591175,229,200,true,130,130,229
1767631591176,228,200,true,130,130,228
1767631591176,228,200,true,130,130,228
1767631591176,228,200,true,130,130,228
1767631591176,229,200,true,130,130,229
1767631591176,229,200,true,130,130,229
1767631591177,228,200,true,130,130,228
1767631591177,229,200,true,130,130,228
1767631591177,229,200,true,130,130,229
1767631591177,229,200,true,130,130,229
1767631591177,229,200,true,130,130,229
1767631591178,229,200,true,130,130,229
1767631591178,229,200,true,130,130,229
1767631591178,229,200,true,130,130,229
1767631591178,230,200,true,130,130,230
1767631591178,230,200,true,130,130,230
1767631591179,229,200,true,130,130,229
1767631591179,230,200,true,130,130,230
1767631591179,230,200,true,130,130,230
1767631591179,230,200,true,130,130,230
1767631591179,230,200,true,130,130,230
1767631591180,230,200,true,130,130,230
1767631591180,230,200,true,130,130,230
1767631591180,230,200,true,130,130,230
1767631591180,231,200,true,130,130,231
1767631591180,231,200,true,130,130,231
1767631591181,230,200,true,130,130,230
1767631591181,231,200,true,130,130,231
1767631591181,231,200,true,130,130,231
1767631591181,231,200,true,130,130,231
1767631591182,230,200,true,130,130,230
1767631591182,231,200,true,130,130,231
1767631591182,231,200,true,130,130,231
1767631591182,231,200,true,130,130,231
1767631591182,231,200,true,130,130,231
1767631591183,230,200,true,130,130,230
1767631591183,231,200,true,130,130,231
1767631591183,231,200,true,130,130,231
1767631591183,231,200,true,130,130,231
1767631591183,231,200,true,130,130,231
1767631591184,230,200,true,130,130,230
1767631591184,231,200,true,130,130,231
1767631591184,231,200,true,130,130,231
1767631591184,231,200,true,130,130,231
1767631591185,230,200,true,130,130,230
1767631591185,231,200,true,130,130,231
1767631591185,231,200,true,130,130,231
1767631591185,231,200,true,130,130,231
1767631591185,232,200,true,130,130,232
1767631591185,232,200,true,130,130,232
1767631591186,231,200,true,130,130,231
1767631591186,232,200,true,130,130,232
1767631591186,232,200,true,130,130,232
1767631591186,232,200,true,130,130,232
1767631591186,232,200,true,130,130,232
1767631591187,231,200,true,130,130,231
1767631591187,232,200,true,130,130,232
1767631591187,232,200,true,130,130,232
1767631591187,232,200,true,130,130,232
1767631591188,231,200,true,130,130,231
1767631591188,232,200,true,130,130,232
1767631591188,232,200,true,130,130,232
1767631591188,232,200,true,130,130,232
1767631591189,231,200,true,130,130,231
1767631591189,231,200,true,130,130,231
1767631591189,232,200,true,130,130,232
1767631591189,232,200,true,130,130,232
1767631591189,232,200,true,130,130,232
1767631591190,231,200,true,130,130,231
1767631591190,231,200,true,130,130,231
1767631591190,232,200,true,130,130,232
1767631591190,232,200,true,130,130,232
1767631591190,232,200,true,130,130,232
1767631591191,231,200,true,130,130,231
1767631591191,231,200,true,130,130,231
1767631591191,232,200,true,130,130,232
1767631591191,232,200,true,130,130,232
1767631591192,231,200,true,130,130,231
1767631591192,231,200,true,130,130,231
1767631591192,232,200,true,130,130,232
1767631591192,232,200,true,130,130,232
1767631591192,232,200,true,130,130,232
1767631591193,231,200,true,130,130,231
1767631591193,232,200,true,130,130,232
1767631591193,232,200,true,130,130,232
1767631591193,232,200,true,130,130,232
1767631591193,232,200,true,130,130,232
1767631591194,232,200,true,130,130,232
1767631591194,232,200,true,130,130,232
1767631591194,232,200,true,130,130,232
1767631591194,232,200,true,130,130,232
1767631591195,232,200,true,130,130,232
1767631591195,232,200,true,130,130,232
1767631591195,232,200,true,130,130,232
1767631591195,232,200,true,130,130,232
1767631591195,233,200,true,130,130,233
1767631591196,232,200,true,130,130,232
1767631591196,232,200,true,130,130,232
1767631591196,232,200,true,130,130,232
1767631591196,232,200,true,130,130,232
1767631591196,233,200,true,130,130,233
1767631591197,232,200,true,130,130,232
1767631591197,232,200,true,130,130,232
1767631591197,232,200,true,130,130,232
1767631591197,232,200,true,130,130,232
1767631591198,232,200,true,130,130,232
1767631591198,232,200,true,130,130,232
1767631591198,232,200,true,130,130,232
1767631591198,232,200,true,130,130,232
1767631591198,232,200,true,130,130,232
1767631591199,232,200,true,130,130,232
1767631591398,223,200,true,130,130,223
1767631591399,222,200,true,130,130,222
1767631591399,222,200,true,130,130,222
1767631591399,223,200,true,130,130,223
1767631591399,223,200,true,130,130,223
1767631591400,222,200,true,130,130,222
1767631591400,222,200,true,130,130,222
1767631591400,223,200,true,130,130,223
1767631591400,223,200,true,130,130,223
1767631591401,222,200,true,130,130,222
1767631591401,222,200,true,130,130,222
1767631591401,223,200,true,130,130,222
1767631591401,223,200,true,130,130,223
1767631591402,222,200,true,130,130,222
1767631591402,222,200,true,130,130,222
1767631591402,222,200,true,130,130,222
1767631591403,222,200,true,130,130,222
1767631591403,222,200,true,130,130,222
1767631591403,222,200,true,130,130,222
1767631591404,221,200,true,130,130,221
1767631591404,221,200,true,130,130,221
1767631591404,222,200,true,130,130,222
1767631591404,252,200,true,130,130,252
1767631591405,252,200,true,130,130,252
1767631591405,252,200,true,130,130,252
1767631591405,252,200,true,130,130,252
1767631591406,251,200,true,130,130,251
1767631591406,252,200,true,130,130,252
1767631591406,252,200,true,130,130,252
1767631591406,252,200,true,130,130,252
1767631591407,252,200,true,130,130,252
1767631591407,252,200,true,130,130,252
1767631591407,252,200,true,130,130,252
1767631591408,251,200,true,130,130,251
1767631591408,252,200,true,130,130,252
1767631591408,252,200,true,130,130,252
1767631591409,251,200,true,130,130,251
1767631591409,251,200,true,130,130,251
1767631591409,252,200,true,130,130,252
1767631591410,251,200,true,130,130,251
1767631591410,251,200,true,130,130,251
1767631591410,252,200,true,130,130,252
1767631591410,252,200,true,130,130,252
1767631591411,251,200,true,130,130,251
1767631591411,251,200,true,130,130,251
1767631591411,252,200,true,130,130,252
1767631591412,251,200,true,130,130,251
1767631591412,251,200,true,130,130,251
1767631591412,251,200,true,130,130,251
1767631591412,252,200,true,130,130,252
1767631591413,251,200,true,130,130,251
1767631591413,251,200,true,130,130,251
1767631591413,251,200,true,130,130,251
1767631591413,252,200,true,130,130,252
1767631591413,252,200,true,130,130,252
1767631591414,252,200,true,130,130,252
1767631591414,252,200,true,130,130,252
1767631591414,252,200,true,130,130,252
1767631591414,252,200,true,130,130,252
1767631591414,253,200,true,130,130,253
1767631591415,252,200,true,130,130,252
1767631591415,252,200,true,130,130,252
1767631591415,252,200,true,130,130,252
1767631591415,253,200,true,130,130,253
1767631591416,252,200,true,130,130,252
1767631591416,252,200,true,130,130,252
1767631591416,252,200,true,130,130,252
1767631591417,252,200,true,130,130,252
1767631591417,252,200,true,130,130,252
1767631591417,252,200,true,130,130,252
1767631591418,251,200,true,130,130,251
1767631591418,252,200,true,130,130,252
1767631591418,252,200,true,130,130,252
1767631591418,252,200,true,130,130,252
1767631591418,253,200,true,130,130,253
1767631591419,252,200,true,130,130,252
1767631591419,252,200,true,130,130,252
1767631591419,252,200,true,130,130,252
1767631591419,253,200,true,130,130,253
1767631591420,252,200,true,130,130,252
1767631591420,252,200,true,130,130,252
1767631591420,252,200,true,130,130,252
1767631591420,253,200,true,130,130,253
1767631591420,253,200,true,130,130,253
1767631591421,252,200,true,130,130,252
1767631591421,252,200,true,130,130,252
1767631591421,253,200,true,130,130,253
1767631591421,253,200,true,130,130,253
1767631591421,253,200,true,130,130,253
1767631591422,252,200,true,130,130,252
1767631591422,253,200,true,130,130,253
1767631591422,253,200,true,130,130,253
1767631591422,253,200,true,130,130,253
1767631591423,253,200,true,130,130,253
1767631591423,253,200,true,130,130,253
1767631591423,253,200,true,130,130,253
1767631591423,253,200,true,130,130,253
1767631591423,254,200,true,130,130,254
1767631591424,253,200,true,130,130,253
1767631591424,253,200,true,130,130,253
1767631591424,253,200,true,130,130,253
1767631591424,254,200,true,130,130,254
1767631591425,253,200,true,130,130,253
1767631591425,253,200,true,130,130,253
1767631591425,253,200,true,130,130,253
1767631591426,253,200,true,130,130,253
1767631591426,253,200,true,130,130,253
1767631591426,253,200,true,130,130,253
1767631591426,253,200,true,130,130,253
1767631591426,254,200,true,130,130,254
1767631591427,253,200,true,130,130,253
1767631591427,253,200,true,130,130,253
1767631591427,253,200,true,130,130,253
1767631591427,254,200,true,130,130,254
1767631591428,253,200,true,130,130,253
1767631591428,253,200,true,130,130,253
1767631591428,253,200,true,130,130,253
1767631591428,253,200,true,130,130,253
1767631591428,254,200,true,130,130,254
1767631591429,253,200,true,130,130,253
1767631591429,253,200,true,130,130,253
1767631591429,253,200,true,130,130,253
1767631591429,254,200,true,130,130,254
1767631591430,253,200,true,130,130,253
1767631591430,253,200,true,130,130,253
1767631591430,253,200,true,130,130,253
1767631591430,253,200,true,130,130,253
1767631591430,254,200,true,130,130,254
1767631591431,253,200,true,130,130,253
1767631591431,253,200,true,130,130,253
1767631591621,89,200,true,130,130,89
1767631591621,89,200,true,130,130,89
1767631591622,88,200,true,130,130,88
1767631591622,89,200,true,130,130,89
1767631591622,89,200,true,130,130,89
1767631591622,89,200,true,130,130,89
1767631591622,89,200,true,130,130,89
1767631591623,88,200,true,130,130,88
1767631591623,89,200,true,130,130,89
1767631591623,89,200,true,130,130,89
1767631591623,89,200,true,130,130,89
1767631591624,88,200,true,130,130,88
1767631591624,89,200,true,130,130,89
1767631591624,89,200,true,130,130,89
1767631591624,89,200,true,130,130,89
1767631591624,89,200,true,130,130,89
1767631591625,88,200,true,130,130,88
1767631591625,89,200,true,130,130,89
1767631591625,89,200,true,130,130,89
1767631591625,89,200,true,130,130,89
1767631591626,89,200,true,130,130,89
1767631591626,89,200,true,130,130,89
1767631591656,225,200,true,130,130,225
1767631591657,224,200,true,130,130,224
1767631591657,225,200,true,130,130,225
1767631591657,225,200,true,130,130,225
1767631591657,225,200,true,130,130,225
1767631591658,224,200,true,130,130,224
1767631591658,224,200,true,130,130,224
1767631591658,225,200,true,130,130,225
1767631591659,224,200,true,130,130,224
1767631591659,224,200,true,130,130,224
1767631591659,224,200,true,130,130,224
1767631591659,224,200,true,130,130,224
1767631591660,224,200,true,130,130,224
1767631591660,224,200,true,130,130,224
1767631591660,224,200,true,130,130,224
1767631591660,224,200,true,130,130,224
1767631591661,223,200,true,130,130,223
1767631591661,224,200,true,130,130,224
1767631591661,224,200,true,130,130,224
1767631591662,223,200,true,130,130,223
1767631591662,223,200,true,130,130,223
1767631591662,223,200,true,130,130,223
1767631591662,224,200,true,130,130,224
1767631591663,223,200,true,130,130,223
1767631591663,223,200,true,130,130,223
1767631591663,223,200,true,130,130,223
1767631591663,223,200,true,130,130,223
1767631591664,223,200,true,130,130,223
1767631591664,223,200,true,130,130,223
1767631591664,223,200,true,130,130,223
1767631591664,223,200,true,130,130,223
1767631591665,222,200,true,130,130,222
1767631591665,223,200,true,130,130,223
1767631591666,222,200,true,130,130,222
1767631591666,222,200,true,130,130,222
1767631591666,222,200,true,130,130,222
1767631591666,223,200,true,130,130,223
1767631591667,222,200,true,130,130,222
1767631591667,222,200,true,130,130,222
1767631591667,222,200,true,130,130,222
1767631591667,222,200,true,130,130,222
1767631591668,222,200,true,130,130,222
1767631591668,222,200,true,130,130,222
1767631591668,222,200,true,130,130,222
1767631591668,222,200,true,130,130,222
1767631591669,221,200,true,130,130,221
1767631591669,222,200,true,130,130,222
1767631591669,222,200,true,130,130,222
1767631591670,221,200,true,130,130,221
1767631591670,221,200,true,130,130,221
1767631591670,221,200,true,130,130,221
1767631591670,222,200,true,130,130,222
1767631591671,221,200,true,130,130,221
1767631591671,221,200,true,130,130,221
1767631591671,221,200,true,130,130,221
1767631591671,221,200,true,130,130,221
1767631591672,221,200,true,130,130,221
1767631591672,221,200,true,130,130,221
1767631591672,221,200,true,130,130,221
1767631591672,221,200,true,130,130,221
1767631591673,220,200,true,130,130,220
1767631591673,221,200,true,130,130,221
1767631591673,221,200,true,130,130,221
1767631591673,221,200,true,130,130,221
1767631591674,220,200,true,130,130,220
1767631591674,220,200,true,130,130,220
1767631591674,221,200,true,130,130,221
1767631591674,221,200,true,130,130,221
1767631591675,220,200,true,130,130,220
1767631591675,220,200,true,130,130,220
1767631591675,221,200,true,130,130,221
1767631591676,220,200,true,130,130,220
1767631591676,220,200,true,130,130,220
1767631591676,220,200,true,130,130,220
1767631591676,220,200,true,130,130,220
1767631591677,220,200,true,130,130,220
1767631591677,220,200,true,130,130,220
1767631591677,220,200,true,130,130,220
1767631591677,220,200,true,130,130,220
1767631591678,219,200,true,130,130,219
1767631591678,220,200,true,130,130,220
1767631591678,220,200,true,130,130,220
1767631591678,220,200,true,130,130,220
1767631591679,219,200,true,130,130,219
1767631591679,219,200,true,130,130,219
1767631591679,220,200,true,130,130,220
1767631591679,220,200,true,130,130,220
1767631591680,219,200,true,130,130,219
1767631591680,219,200,true,130,130,219
1767631591680,219,200,true,130,130,219
1767631591680,220,200,true,130,130,220
1767631591681,219,200,true,130,130,219
1767631591681,219,200,true,130,130,219
1767631591681,219,200,true,130,130,219
1767631591681,219,200,true,130,130,219
1767631591682,219,200,true,130,130,219
1767631591682,219,200,true,130,130,219
1767631591682,219,200,true,130,130,219
1767631591682,219,200,true,130,130,219
1767631591682,219,200,true,130,130,219
1767631591683,219,200,true,130,130,219
1767631591683,219,200,true,130,130,219
1767631591683,219,200,true,130,130,219
1767631591683,219,200,true,130,130,219
1767631591683,219,200,true,130,130,219
1767631591684,219,200,true,130,130,219
1767631591684,219,200,true,130,130,219
1767631591684,220,200,true,130,130,220
1767631591710,194,200,true,130,130,194
1767631591710,194,200,true,130,130,194
1767631591710,194,200,true,130,130,194
1767631591711,194,200,true,130,130,194
1767631591711,194,200,true,130,130,194
1767631591711,194,200,true,130,130,194
1767631591711,194,200,true,130,130,194
1767631591712,193,200,true,130,130,193
1767631591712,194,200,true,130,130,194
1767631591712,194,200,true,130,130,194
1767631591712,194,200,true,130,130,194
1767631591712,194,200,true,130,130,194
1767631591713,194,200,true,130,130,194
1767631591713,194,200,true,130,130,194
1767631591713,194,200,true,130,130,194
1767631591713,194,200,true,130,130,194
1767631591713,194,200,true,130,130,194
1767631591714,194,200,true,130,130,194
1767631591714,194,200,true,130,130,194
1767631591714,194,200,true,130,130,194
1767631591715,193,200,true,130,130,193
1767631591715,193,200,true,130,130,193
1767631591881,265,200,true,130,130,265
1767631591881,265,200,true,130,130,265
1767631591882,264,200,true,130,130,264
1767631591882,265,200,true,130,130,265
1767631591882,265,200,true,130,130,265
1767631591882,265,200,true,130,130,265
1767631591882,265,200,true,130,130,265
1767631591883,264,200,true,130,130,264
1767631591883,265,200,true,124,124,265
1767631591883,265,200,true,122,122,265
1767631591883,265,200,true,122,122,265
1767631591883,265,200,true,122,122,265
1767631591884,265,200,true,122,122,265
1767631591884,265,200,true,122,122,265
1767631591884,265,200,true,122,122,265
1767631591884,265,200,true,120,120,265
1767631591884,265,200,true,118,118,265
1767631591885,264,200,true,116,116,264
1767631591885,265,200,true,115,115,265
1767631591885,265,200,true,113,113,265
1767631591885,265,200,true,113,113,265
1767631591885,265,200,true,111,111,265
1767631591890,265,200,true,111,111,264
1767631591890,265,200,true,111,111,265
1767631591890,265,200,true,111,111,265
1767631591890,265,200,true,111,111,264
1767631591889,266,200,true,111,111,266
1767631591889,266,200,true,111,111,266
1767631591890,265,200,true,111,111,264
1767631591891,264,200,true,111,111,264
1767631591889,266,200,true,111,111,266
1767631591891,264,200,true,111,111,264
1767631591889,266,200,true,111,111,266
1767631591888,267,200,true,111,111,267
1767631591889,266,200,true,111,111,266
1767631591888,267,200,true,111,111,267
1767631591891,264,200,true,109,109,264
1767631591888,267,200,true,106,106,267
1767631591888,267,200,true,106,106,267
1767631591887,268,200,true,106,106,268
1767631591891,264,200,true,105,105,264
1767631591891,265,200,true,98,98,265
1767631591887,269,200,true,98,98,269
1767631591887,269,200,true,98,98,269
1767631591887,269,200,true,98,98,269
1767631591892,264,200,true,96,96,264
1767631591887,269,200,true,94,94,269
1767631591886,270,200,true,94,94,270
1767631591892,264,200,true,92,92,264
1767631591886,270,200,true,90,90,270
1767631591886,270,200,true,89,89,270
1767631591886,270,200,true,88,88,270
1767631591892,264,200,true,88,88,264
1767631591886,270,200,true,87,87,264
1767631591892,265,200,true,84,84,265
1767631591892,265,200,true,78,78,265
1767631591893,264,200,true,74,74,264
1767631591893,264,200,true,73,73,264
1767631591893,265,200,true,73,73,265
1767631591893,265,200,true,71,71,265
1767631591893,265,200,true,71,71,265
1767631591894,264,200,true,70,70,264
1767631591894,264,200,true,69,69,264
1767631591894,265,200,true,67,67,265
1767631591894,265,200,true,67,67,265
1767631591895,272,200,true,65,65,272
1767631591895,272,200,true,65,65,272
1767631591895,272,200,true,65,65,272
1767631591895,272,200,true,63,63,272
1767631591895,273,200,true,62,62,273
1767631591896,272,200,true,61,61,272
1767631591896,272,200,true,60,60,272
1767631591896,272,200,true,58,58,272
1767631591896,272,200,true,57,57,272
1767631591896,274,200,true,56,56,274
1767631591897,273,200,true,56,56,273
1767631591897,273,200,true,54,54,273
1767631591897,273,200,true,54,54,273
1767631591897,274,200,true,52,52,274
1767631591897,274,200,true,52,52,274
1767631591898,273,200,true,50,50,273
1767631591898,273,200,true,50,50,273
1767631591898,273,200,true,49,48,273
1767631591898,274,200,true,48,48,274
1767631591898,274,200,true,46,46,274
1767631591899,273,200,true,45,45,273
1767631591899,273,200,true,45,45,273
1767631591899,273,200,true,43,43,273
1767631591899,274,200,true,42,42,274
1767631591899,274,200,true,42,42,274
1767631591900,273,200,true,40,40,273
1767631591900,273,200,true,39,39,273
1767631591900,273,200,true,38,38,273
1767631591900,274,200,true,38,38,274
1767631591900,274,200,true,36,36,274
1767631591901,273,200,true,36,36,273
1767631591901,273,200,true,35,35,273
1767631591901,273,200,true,34,34,273
1767631591901,274,200,true,32,32,274
1767631591901,274,200,true,31,31,274
1767631591902,273,200,true,31,30,273
1767631591902,273,200,true,29,29,273
1767631591902,273,200,true,29,29,273
1767631591902,274,200,true,27,27,274
1767631591903,273,200,true,27,27,273
1767631591903,273,200,true,25,25,273
1767631591903,273,200,true,24,24,273
1767631591904,272,200,true,23,23,272
1767631591904,273,200,true,22,22,273
1767631591904,273,200,true,22,22,273
1767631591904,273,200,true,20,20,273
1767631591905,272,200,true,20,20,272
1767631591905,272,200,true,19,18,272
1767631591905,273,200,true,17,17,273
1767631591905,273,200,true,17,17,273
1767631591905,273,200,true,15,15,273
1767631591906,272,200,true,14,14,272
1767631591906,272,200,true,13,13,272
1767631591906,273,200,true,13,13,273
1767631591906,273,200,true,11,11,273
1767631591907,272,200,true,10,10,272
1767631591907,272,200,true,9,9,272
1767631591907,272,200,true,8,8,272
1767631591907,273,200,true,7,7,273
1767631591907,273,200,true,6,6,273
1767631591908,272,200,true,5,5,272
1767631591908,272,200,true,4,4,272
1767631591908,272,200,true,3,3,272
1767631591908,273,200,true,2,2,273
1767631591908,273,200,true,1,1,273
