timeStamp,elapsed,responseCode,success,grpThreads,allThreads,Latency
1767619871036,48,200,true,10,10,44
1767619871036,48,200,true,10,10,44
1767619871035,49,200,true,10,10,45
1767619871035,49,200,true,10,10,45
1767619871036,48,200,true,10,10,44
1767619871036,48,200,true,10,10,44
1767619871035,49,200,true,10,10,45
1767619871035,49,200,true,10,10,45
1767619871035,49,200,true,10,10,45
1767619871031,53,200,true,10,10,49
1767619871087,17,200,true,10,10,16
1767619871087,17,200,true,10,10,17
1767619871087,17,200,true,10,10,17
1767619871087,17,200,true,10,10,17
1767619871087,20,200,true,10,10,20
1767619871087,20,200,true,10,10,20
1767619871088,20,200,true,10,10,20
1767619871088,20,200,true,10,10,20
1767619871088,20,200,true,10,10,20
1767619871088,21,200,true,10,10,21
1767619871104,20,200,true,10,10,20
1767619871104,20,200,true,10,10,20
1767619871104,21,200,true,10,10,21
1767619871105,20,200,true,10,10,20
1767619871107,18,200,true,10,10,18
1767619871108,18,200,true,10,10,18
1767619871108,18,200,true,10,10,18
1767619871108,18,200,true,10,10,18
1767619871109,17,200,true,10,10,17
1767619871109,18,200,true,10,10,18
1767619871124,20,200,true,10,10,20
1767619871125,19,200,true,10,10,19
1767619871125,19,200,true,10,10,19
1767619871125,20,200,true,10,10,20
1767619871126,19,200,true,10,10,19
1767619871126,19,200,true,10,10,19
1767619871126,19,200,true,10,10,19
1767619871126,20,200,true,10,10,20
1767619871127,19,200,true,10,10,19
1767619871127,19,200,true,10,10,19
1767619871145,23,200,true,10,10,23
1767619871145,24,200,true,10,10,24
1767619871145,24,200,true,10,10,24
1767619871145,24,200,true,10,10,24
1767619871145,24,200,true,10,10,24
1767619871146,24,200,true,10,10,24
1767619871146,24,200,true,10,10,24
1767619871146,24,200,true,10,10,24
1767619871146,25,200,true,10,10,25
1767619871146,25,200,true,10,10,25
1767619871169,27,200,true,10,10,27
1767619871169,27,200,true,10,10,27
1767619871169,28,200,true,10,10,28
1767619871169,28,200,true,10,10,28
1767619871170,27,200,true,10,10,27
1767619871170,27,200,true,10,10,27
1767619871170,27,200,true,10,10,27
1767619871171,27,200,true,10,10,27
1767619871171,27,200,true,10,10,27
1767619871171,27,200,true,10,10,27
1767619871197,19,200,true,10,10,19
1767619871197,19,200,true,10,10,19
1767619871197,19,200,true,10,10,19
1767619871197,19,200,true,10,10,19
1767619871197,19,200,true,10,10,19
1767619871198,19,200,true,10,10,19
1767619871198,19,200,true,10,10,19
1767619871198,19,200,true,10,10,19
1767619871198,20,200,true,10,10,20
1767619871198,20,200,true,10,10,20
1767619871216,20,200,true,10,10,20
1767619871216,20,200,true,10,10,20
1767619871216,21,200,true,10,10,21
1767619871217,20,200,true,10,10,20
1767619871217,20,200,true,10,10,20
1767619871217,20,200,true,10,10,20
1767619871217,30,200,true,10,10,30
1767619871218,29,200,true,10,10,29
1767619871218,29,200,true,10,10,29
1767619871218,29,200,true,10,10,29
1767619871237,28,200,true,10,10,28
1767619871237,28,200,true,10,10,28
1767619871237,28,200,true,10,10,28
1767619871237,29,200,true,10,10,29
1767619871237,29,200,true,10,10,29
1767619871238,28,200,true,10,10,28
1767619871247,19,200,true,10,10,19
1767619871247,19,200,true,10,10,19
1767619871247,20,200,true,10,10,20
1767619871248,19,200,true,10,10,19
1767619871266,20,200,true,10,10,20
1767619871266,20,200,true,10,10,20
1767619871266,20,200,true,10,10,20
1767619871266,20,200,true,10,10,20
1767619871266,21,200,true,10,10,20
1767619871266,21,200,true,10,10,21
1767619871267,20,200,true,10,10,20
1767619871267,20,200,true,10,10,20
1767619871267,21,200,true,10,10,21
1767619871267,21,200,true,10,10,21
1767619871286,20,200,true,10,10,20
1767619871286,21,200,true,10,10,20
1767619871286,21,200,true,10,10,21
1767619871287,20,200,true,10,10,20
1767619871287,20,200,true,10,10,20
1767619871287,20,200,true,10,10,20
1767619871287,21,200,true,10,10,21
1767619871288,20,200,true,10,10,20
1767619871288,20,200,true,10,10,20
1767619871288,20,200,true,10,10,20
1767619871307,20,200,true,10,10,20
1767619871307,20,200,true,10,10,20
1767619871307,21,200,true,10,10,21
1767619871307,21,200,true,10,10,21
1767619871307,21,200,true,10,10,21
1767619871308,20,200,true,10,10,20
1767619871308,20,200,true,10,10,20
1767619871308,21,200,true,10,10,21
1767619871308,21,200,true,10,10,21
1767619871309,20,200,true,10,10,20
1767619871328,14,200,true,10,10,14
1767619871328,14,200,true,10,10,14
1767619871328,14,200,true,10,10,14
1767619871328,15,200,true,10,10,15
1767619871328,15,200,true,10,10,15
1767619871328,21,200,true,10,10,21
1767619871329,21,200,true,10,10,20
1767619871329,21,200,true,10,10,21
1767619871329,21,200,true,10,10,21
1767619871330,20,200,true,10,10,20
1767619871342,26,200,true,10,10,26
1767619871342,26,200,true,10,10,26
1767619871343,25,200,true,10,10,25
1767619871343,26,200,true,10,10,26
1767619871343,26,200,true,10,10,26
1767619871350,25,200,true,10,10,25
1767619871350,25,200,true,10,10,25
1767619871350,26,200,true,10,10,26
1767619871350,26,200,true,10,10,26
1767619871350,26,200,true,10,10,26
1767619871369,49,200,true,10,10,49
1767619871369,49,200,true,10,10,49
1767619871369,49,200,true,10,10,49
1767619871369,49,200,true,10,10,49
1767619871369,50,200,true,10,10,50
1767619871376,43,200,true,10,10,43
1767619871376,43,200,true,10,10,43
1767619871376,44,200,true,10,10,44
1767619871376,44,200,true,10,10,44
1767619871377,43,200,true,10,10,43
1767619871418,22,200,true,10,10,22
1767619871419,21,200,true,10,10,21
1767619871418,22,200,true,10,10,22
1767619871419,22,200,true,10,10,22
1767619871419,22,200,true,10,10,22
1767619871419,22,200,true,10,10,22
1767619871420,21,200,true,10,10,21
1767619871420,22,200,true,10,10,22
1767619871420,22,200,true,10,10,22
1767619871420,22,200,true,10,10,22
1767619871440,13,200,true,10,10,13
1767619871441,12,200,true,10,10,12
1767619871441,13,200,true,10,10,13
1767619871441,13,200,true,10,10,13
1767619871441,21,200,true,10,10,21
1767619871441,21,200,true,10,10,21
1767619871441,22,200,true,10,10,22
1767619871442,21,200,true,10,10,21
1767619871442,21,200,true,10,10,21
1767619871442,22,200,true,10,10,22
1767619871454,21,200,true,10,10,21
1767619871454,21,200,true,10,10,21
1767619871454,21,200,true,10,10,21
1767619871454,22,200,true,10,10,22
1767619871463,18,200,true,10,10,18
1767619871463,19,200,true,10,10,18
1767619871463,19,200,true,10,10,19
1767619871463,19,200,true,10,10,19
1767619871464,25,200,true,10,10,25
1767619871464,25,200,true,10,10,25
1767619871475,27,200,true,10,10,27
1767619871476,27,200,true,10,10,27
1767619871476,27,200,true,10,10,27
1767619871476,27,200,true,10,10,27
1767619871481,22,200,true,10,10,22
1767619871482,22,200,true,10,10,22
1767619871482,22,200,true,10,10,22
1767619871482,22,200,true,10,10,22
1767619871490,15,200,true,10,10,15
1767619871490,15,200,true,10,10,15
1767619871503,24,200,true,10,10,24
1767619871503,24,200,true,10,10,24
1767619871503,24,200,true,10,10,24
1767619871503,24,200,true,10,10,24
1767619871503,25,200,true,10,10,25
1767619871504,24,200,true,10,10,24
1767619871504,24,200,true,10,10,24
1767619871504,24,200,true,10,10,24
1767619871505,24,200,true,10,10,24
1767619871505,24,200,true,10,10,24
1767619871527,23,200,true,10,10,23
1767619871527,23,200,true,10,10,23
1767619871527,23,200,true,10,10,23
1767619871528,23,200,true,10,10,23
1767619871528,23,200,true,10,10,23
1767619871528,23,200,true,10,10,23
1767619871528,23,200,true,10,10,23
1767619871529,23,200,true,10,10,22
1767619871529,23,200,true,10,10,23
1767619871529,23,200,true,10,10,23
1767619871550,22,200,true,10,10,22
1767619871551,21,200,true,10,10,21
1767619871551,21,200,true,10,10,21
1767619871551,21,200,true,10,10,21
1767619871551,22,200,true,10,10,22
1767619871551,22,200,true,10,10,22
1767619871551,22,200,true,10,10,22
1767619871552,21,200,true,10,10,21
1767619871552,22,200,true,10,10,22
1767619871552,22,200,true,10,10,22
1767619871572,22,200,true,10,10,22
1767619871572,22,200,true,10,10,22
1767619871573,21,200,true,10,10,21
1767619871573,21,200,true,10,10,21
1767619871573,21,200,true,10,10,21
1767619871573,22,200,true,10,10,22
1767619871573,22,200,true,10,10,22
1767619871573,22,200,true,10,10,22
1767619871574,30,200,true,10,10,30
1767619871574,31,200,true,10,10,30
1767619871594,21,200,true,10,10,21
1767619871594,21,200,true,10,10,21
1767619871594,21,200,true,10,10,21
1767619871594,21,200,true,10,10,21
1767619871595,21,200,true,10,10,21
1767619871595,24,200,true,10,10,24
1767619871595,24,200,true,10,10,24
1767619871596,23,200,true,10,10,23
1767619871605,14,200,true,10,10,14
1767619871605,15,200,true,10,10,15
1767619871615,21,200,true,10,10,21
1767619871615,21,200,true,10,10,21
1767619871616,20,200,true,10,10,20
1767619871616,21,200,true,10,10,21
1767619871616,21,200,true,10,10,21
1767619871619,18,200,true,10,10,18
1767619871619,19,200,true,10,10,19
1767619871619,19,200,true,10,10,19
1767619871619,19,200,true,10,10,19
1767619871620,18,200,true,10,10,18
1767619871636,24,200,true,10,10,24
1767619871637,23,200,true,10,10,23
1767619871637,23,200,true,10,10,23
1767619871637,24,200,true,10,10,24
1767619871637,24,200,true,10,10,24
1767619871637,24,200,true,10,10,24
1767619871638,24,200,true,10,10,24
1767619871638,24,200,true,10,10,24
1767619871638,24,200,true,10,10,24
1767619871638,24,200,true,10,10,24
1767619871661,21,200,true,10,10,21
1767619871661,21,200,true,10,10,21
1767619871660,23,200,true,10,10,23
1767619871661,22,200,true,10,10,22
1767619871661,22,200,true,10,10,22
1767619871661,22,200,true,10,10,22
1767619871662,21,200,true,10,10,21
1767619871662,22,200,true,10,10,22
1767619871662,22,200,true,10,10,22
1767619871662,22,200,true,10,10,22
1767619871683,19,200,true,10,10,19
1767619871683,19,200,true,10,10,19
1767619871683,19,200,true,10,10,19
1767619871683,20,200,true,10,10,20
1767619871683,20,200,true,10,10,20
1767619871683,20,200,true,10,10,20
1767619871684,20,200,true,10,10,20
1767619871684,20,200,true,10,10,20
1767619871684,20,200,true,10,10,20
1767619871684,20,200,true,10,10,20
1767619871702,9,200,true,10,10,9
1767619871702,10,200,true,10,10,10
1767619871703,22,200,true,10,10,22
1767619871703,22,200,true,10,10,22
1767619871703,23,200,true,10,10,23
1767619871704,22,200,true,10,10,22
1767619871704,22,200,true,10,10,22
1767619871704,22,200,true,10,10,22
1767619871704,22,200,true,10,10,22
1767619871704,23,200,true,10,10,23
1767619871712,15,200,true,10,10,15
1767619871712,15,200,true,10,10,15
1767619871726,18,200,true,10,10,18
1767619871726,18,200,true,10,10,18
1767619871726,19,200,true,10,10,19
1767619871726,19,200,true,10,10,19
1767619871726,19,200,true,10,10,19
1767619871726,19,200,true,10,10,19
1767619871727,18,200,true,10,10,18
1767619871727,19,200,true,10,10,19
1767619871727,19,200,true,10,10,19
1767619871727,19,200,true,10,10,19
1767619871745,19,200,true,10,10,19
1767619871745,20,200,true,10,10,20
1767619871745,20,200,true,10,10,20
1767619871745,20,200,true,10,10,20
1767619871745,20,200,true,10,10,20
1767619871745,20,200,true,10,10,20
1767619871746,20,200,true,10,10,20
1767619871746,20,200,true,10,10,20
1767619871746,20,200,true,10,10,20
1767619871746,21,200,true,10,10,20
1767619871765,19,200,true,10,10,19
1767619871765,20,200,true,10,10,20
1767619871765,20,200,true,10,10,20
1767619871765,20,200,true,10,10,20
1767619871765,20,200,true,10,10,20
1767619871766,20,200,true,10,10,19
1767619871766,20,200,true,10,10,20
1767619871766,20,200,true,10,10,20
1767619871766,20,200,true,10,10,20
1767619871767,19,200,true,10,10,19
1767619871785,21,200,true,10,10,21
1767619871785,21,200,true,10,10,21
1767619871785,21,200,true,10,10,21
1767619871785,21,200,true,10,10,21
1767619871785,21,200,true,10,10,21
1767619871786,21,200,true,10,10,21
1767619871786,21,200,true,10,10,21
1767619871786,21,200,true,10,10,21
1767619871786,21,200,true,10,10,21
1767619871787,21,200,true,10,10,21
1767619871806,28,200,true,10,10,28
1767619871806,28,200,true,10,10,28
1767619871806,28,200,true,10,10,28
1767619871806,28,200,true,10,10,28
1767619871807,28,200,true,10,10,28
1767619871807,28,200,true,10,10,28
1767619871807,28,200,true,10,10,28
1767619871807,29,200,true,10,10,29
1767619871807,29,200,true,10,10,29
1767619871808,28,200,true,10,10,28
1767619871834,22,200,true,10,10,22
1767619871834,22,200,true,10,10,22
1767619871834,23,200,true,10,10,23
1767619871835,22,200,true,10,10,22
1767619871835,22,200,true,10,10,22
1767619871835,22,200,true,10,10,22
1767619871835,23,200,true,10,10,23
1767619871836,22,200,true,10,10,22
1767619871836,22,200,true,10,10,22
1767619871836,22,200,true,10,10,22
1767619871857,7,200,true,10,10,7
1767619871857,22,200,true,10,10,22
1767619871857,22,200,true,10,10,22
1767619871857,22,200,true,10,10,22
1767619871857,22,200,true,10,10,22
1767619871858,21,200,true,10,10,21
1767619871858,22,200,true,10,10,22
1767619871858,22,200,true,10,10,22
1767619871858,22,200,true,10,10,22
1767619871858,22,200,true,10,10,22
1767619871864,17,200,true,10,10,17
1767619871879,19,200,true,10,10,19
1767619871879,19,200,true,10,10,19
1767619871879,19,200,true,10,10,19
1767619871879,20,200,true,10,10,20
1767619871879,20,200,true,10,10,20
1767619871880,19,200,true,10,10,19
1767619871880,19,200,true,10,10,19
1767619871880,20,200,true,10,10,20
1767619871881,19,200,true,10,10,19
1767619871881,19,200,true,10,10,19
1767619871898,17,200,true,10,10,17
1767619871898,18,200,true,10,10,18
1767619871899,17,200,true,10,10,17
1767619871899,20,200,true,10,10,20
1767619871899,20,200,true,10,10,20
1767619871899,20,200,true,10,10,20
1767619871900,20,200,true,10,10,20
1767619871900,20,200,true,10,10,20
1767619871900,20,200,true,10,10,20
1767619871900,20,200,true,10,10,20
1767619871916,13,200,true,10,10,13
1767619871916,13,200,true,10,10,13
1767619871916,14,200,true,10,10,13
1767619871919,34,200,true,10,10,34
1767619871920,33,200,true,10,10,33
1767619871919,34,200,true,10,10,34
1767619871920,33,200,true,10,10,33
1767619871920,33,200,true,10,10,33
1767619871920,34,200,true,10,10,34
1767619871921,33,200,true,10,10,33
1767619871930,24,200,true,10,10,24
1767619871930,25,200,true,10,10,25
1767619871930,25,200,true,10,10,25
1767619871953,19,200,true,10,10,19
1767619871953,19,200,true,10,10,19
1767619871953,20,200,true,10,10,20
1767619871953,20,200,true,10,10,20
1767619871954,19,200,true,10,10,19
1767619871954,34,200,true,10,10,34
1767619871954,35,200,true,10,10,35
1767619871954,35,200,true,10,10,35
1767619871955,34,200,true,10,10,34
1767619871955,34,200,true,10,10,34
1767619871973,19,200,true,10,10,19
1767619871973,19,200,true,10,10,19
1767619871973,20,200,true,10,10,20
1767619871973,20,200,true,10,10,20
1767619871973,20,200,true,10,10,20
1767619871989,10,200,true,10,10,10
1767619871989,22,200,true,10,10,22
1767619871989,22,200,true,10,10,22
1767619871989,22,200,true,10,10,22
1767619871989,22,200,true,10,10,22
1767619871992,28,200,true,10,10,28
1767619871993,27,200,true,10,10,27
1767619871993,27,200,true,10,10,27
1767619871993,28,200,true,10,10,28
1767619871993,28,200,true,10,10,28
1767619871999,22,200,true,10,10,22
1767619872011,20,200,true,10,10,20
1767619872011,21,200,true,10,10,21
1767619872011,21,200,true,10,10,21
1767619872011,21,200,true,10,10,21
1767619872020,38,200,true,10,10,38
1767619872020,38,200,true,10,10,38
1767619872020,39,200,true,10,10,38
1767619872021,38,200,true,10,10,38
1767619872021,38,200,true,10,10,38
1767619872021,38,200,true,10,10,38
1767619872032,28,200,true,10,10,28
1767619872032,28,200,true,10,10,28
1767619872032,28,200,true,10,10,28
1767619872032,28,200,true,10,10,28
1767619872058,20,200,true,10,10,20
1767619872058,21,200,true,10,10,21
1767619872059,20,200,true,10,10,20
1767619872059,20,200,true,10,10,20
1767619872059,21,200,true,10,10,21
1767619872060,20,200,true,10,10,20
1767619872060,20,200,true,10,10,20
1767619872060,20,200,true,10,10,20
1767619872060,32,200,true,10,10,32
1767619872061,31,200,true,10,10,31
1767619872079,35,200,true,10,10,35
1767619872079,35,200,true,10,10,35
1767619872079,36,200,true,10,10,36
1767619872079,36,200,true,10,10,36
1767619872080,35,200,true,10,10,35
1767619872080,35,200,true,10,10,35
1767619872080,35,200,true,10,10,35
1767619872081,35,200,true,10,10,35
1767619872092,24,200,true,10,10,24
1767619872092,24,200,true,10,10,24
1767619872115,19,200,true,10,10,19
1767619872115,19,200,true,10,10,19
1767619872115,19,200,true,10,10,19
1767619872115,20,200,true,10,10,20
1767619872115,20,200,true,10,10,20
1767619872115,20,200,true,10,10,20
1767619872116,19,200,true,10,10,19
1767619872116,20,200,true,10,10,20
1767619872116,20,200,true,10,10,20
1767619872116,20,200,true,10,10,20
1767619872134,19,200,true,10,10,19
1767619872134,19,200,true,10,10,19
1767619872135,18,200,true,10,10,18
1767619872135,18,200,true,10,10,18
1767619872135,19,200,true,10,10,19
1767619872135,19,200,true,10,10,19
1767619872135,19,200,true,10,10,19
1767619872136,19,200,true,10,10,19
1767619872136,19,200,true,10,10,19
1767619872136,19,200,true,10,10,19
1767619872154,20,200,true,10,10,19
1767619872154,20,200,true,10,10,20
1767619872154,20,200,true,10,10,20
1767619872154,20,200,true,10,10,20
1767619872154,20,200,true,10,10,20
1767619872154,20,200,true,10,10,20
1767619872154,21,200,true,10,10,21
1767619872155,20,200,true,10,10,20
1767619872155,20,200,true,10,10,20
1767619872155,20,200,true,10,10,20
1767619872174,21,200,true,10,10,21
1767619872174,22,200,true,10,10,22
1767619872174,22,200,true,10,10,22
1767619872174,22,200,true,10,10,22
1767619872174,23,200,true,10,10,22
1767619872175,22,200,true,10,10,22
1767619872175,22,200,true,10,10,22
1767619872175,22,200,true,10,10,22
1767619872175,23,200,true,10,10,23
1767619872176,22,200,true,10,10,22
1767619872196,25,200,true,10,10,25
1767619872196,25,200,true,10,10,25
1767619872196,25,200,true,10,10,25
1767619872196,26,200,true,10,10,26
1767619872197,25,200,true,10,10,25
1767619872197,25,200,true,10,10,25
1767619872197,25,200,true,10,10,25
1767619872198,25,200,true,10,10,25
1767619872198,25,200,true,10,10,25
1767619872198,25,200,true,10,10,25
1767619872221,21,200,true,10,10,21
1767619872221,21,200,true,10,10,21
1767619872222,20,200,true,10,10,20
1767619872222,20,200,true,10,10,20
1767619872222,20,200,true,10,10,20
1767619872222,21,200,true,10,10,21
1767619872223,21,200,true,10,10,21
1767619872223,21,200,true,10,10,20
1767619872224,20,200,true,10,10,20
1767619872223,21,200,true,10,10,20
1767619872242,20,200,true,10,10,20
1767619872243,19,200,true,10,10,19
1767619872243,19,200,true,10,10,19
1767619872243,20,200,true,10,10,19
1767619872244,19,200,true,10,10,19
1767619872244,19,200,true,10,10,19
1767619872244,20,200,true,10,10,20
1767619872244,20,200,true,10,10,20
1767619872244,20,200,true,10,10,20
1767619872245,19,200,true,10,10,19
1767619872262,19,200,true,10,10,19
1767619872262,19,200,true,10,10,19
1767619872262,20,200,true,10,10,20
1767619872263,19,200,true,10,10,19
1767619872263,20,200,true,10,10,20
1767619872264,19,200,true,10,10,19
1767619872264,19,200,true,10,10,19
1767619872264,20,200,true,10,10,20
1767619872264,20,200,true,10,10,20
1767619872265,19,200,true,10,10,19
1767619872281,9,200,true,10,10,9
1767619872282,24,200,true,10,10,24
1767619872282,24,200,true,10,10,24
1767619872282,24,200,true,10,10,24
1767619872283,23,200,true,10,10,23
1767619872283,23,200,true,10,10,23
1767619872283,24,200,true,10,10,24
1767619872284,23,200,true,10,10,23
1767619872284,23,200,true,10,10,23
1767619872284,23,200,true,10,10,23
1767619872290,17,200,true,10,10,17
1767619872306,24,200,true,10,10,24
1767619872306,24,200,true,10,10,24
1767619872306,24,200,true,10,10,24
1767619872306,24,200,true,10,10,24
1767619872306,24,200,true,10,10,24
1767619872307,24,200,true,10,10,24
1767619872307,24,200,true,10,10,24
1767619872307,24,200,true,10,10,24
1767619872307,24,200,true,10,10,24
1767619872308,24,200,true,10,10,24
1767619872330,22,200,true,10,10,22
1767619872330,22,200,true,10,10,22
1767619872330,22,200,true,10,10,22
1767619872330,22,200,true,10,10,22
1767619872331,22,200,true,10,10,22
1767619872331,22,200,true,10,10,22
1767619872331,22,200,true,10,10,22
1767619872331,22,200,true,10,10,22
1767619872332,22,200,true,10,10,22
1767619872332,22,200,true,10,10,22
1767619872352,22,200,true,10,10,22
1767619872352,22,200,true,10,10,22
1767619872352,22,200,true,10,10,22
1767619872352,22,200,true,10,10,22
1767619872353,21,200,true,10,10,21
1767619872353,22,200,true,10,10,22
1767619872353,22,200,true,10,10,22
1767619872354,21,200,true,10,10,21
1767619872354,21,200,true,10,10,21
1767619872354,22,200,true,10,10,22
1767619872374,21,200,true,10,10,21
1767619872374,21,200,true,10,10,21
1767619872374,21,200,true,10,10,21
1767619872374,21,200,true,10,10,21
1767619872374,22,200,true,10,10,22
1767619872375,29,200,true,10,10,29
1767619872375,30,200,true,10,10,30
1767619872375,30,200,true,10,10,30
1767619872376,30,200,true,10,10,30
1767619872376,30,200,true,10,10,30
1767619872395,23,200,true,10,10,23
1767619872395,23,200,true,10,10,23
1767619872395,23,200,true,10,10,23
1767619872396,22,200,true,10,10,22
1767619872396,23,200,true,10,10,23
1767619872404,18,200,true,10,10,18
1767619872405,17,200,true,10,10,17
1767619872405,18,200,true,10,10,18
1767619872406,17,200,true,10,10,17
1767619872407,16,200,true,10,10,16
1767619872418,12,200,true,10,10,12
1767619872418,12,200,true,10,10,12
1767619872418,12,200,true,10,10,12
1767619872419,25,200,true,10,10,25
1767619872419,25,200,true,10,10,25
1767619872422,22,200,true,10,10,22
1767619872423,21,200,true,10,10,21
1767619872423,21,200,true,10,10,21
1767619872423,22,200,true,10,10,22
1767619872423,22,200,true,10,10,22
1767619872430,15,200,true,10,10,15
1767619872430,15,200,true,10,10,15
1767619872430,16,200,true,10,10,16
1767619872444,20,200,true,10,10,20
1767619872444,20,200,true,10,10,20
1767619872444,20,200,true,10,10,20
1767619872444,20,200,true,10,10,20
1767619872445,20,200,true,10,10,20
1767619872445,20,200,true,10,10,20
1767619872445,20,200,true,10,10,20
1767619872445,20,200,true,10,10,20
1767619872445,21,200,true,10,10,21
1767619872446,20,200,true,10,10,20
1767619872464,26,200,true,10,10,26
1767619872464,26,200,true,10,10,26
1767619872464,26,200,true,10,10,26
1767619872465,26,200,true,10,10,26
1767619872465,26,200,true,10,10,26
1767619872465,26,200,true,10,10,26
1767619872465,26,200,true,10,10,26
1767619872465,27,200,true,10,10,27
1767619872466,26,200,true,10,10,26
1767619872466,26,200,true,10,10,26
1767619872490,21,200,true,10,10,21
1767619872490,21,200,true,10,10,21
1767619872491,20,200,true,10,10,20
1767619872491,20,200,true,10,10,20
1767619872491,20,200,true,10,10,20
1767619872491,20,200,true,10,10,20
1767619872491,21,200,true,10,10,21
1767619872492,20,200,true,10,10,20
1767619872492,20,200,true,10,10,20
1767619872492,20,200,true,10,10,20
1767619872511,21,200,true,10,10,21
1767619872511,21,200,true,10,10,21
1767619872511,21,200,true,10,10,21
1767619872511,21,200,true,10,10,21
1767619872511,22,200,true,10,10,22
1767619872512,21,200,true,10,10,21
1767619872512,21,200,true,10,10,21
1767619872512,22,200,true,10,10,22
1767619872512,22,200,true,10,10,22
1767619872513,21,200,true,10,10,21
1767619872532,27,200,true,10,10,27
1767619872532,27,200,true,10,10,27
1767619872532,28,200,true,10,10,28
1767619872533,27,200,true,10,10,27
1767619872533,27,200,true,10,10,27
1767619872533,27,200,true,10,10,27
1767619872533,28,200,true,10,10,28
1767619872534,27,200,true,10,10,27
1767619872534,27,200,true,10,10,27
1767619872535,26,200,true,10,10,26
1767619872560,18,200,true,10,10,18
1767619872560,18,200,true,10,10,18
1767619872560,18,200,true,10,10,18
1767619872560,19,200,true,10,10,19
1767619872560,19,200,true,10,10,19
1767619872560,19,200,true,10,10,19
1767619872561,22,200,true,10,10,22
1767619872561,22,200,true,10,10,22
1767619872561,22,200,true,10,10,22
1767619872562,21,200,true,10,10,21
1767619872578,20,200,true,10,10,20
1767619872578,20,200,true,10,10,20
1767619872579,20,200,true,10,10,20
1767619872579,20,200,true,10,10,20
1767619872579,20,200,true,10,10,20
1767619872579,20,200,true,10,10,20
1767619872583,17,200,true,10,10,17
1767619872583,17,200,true,10,10,17
1767619872583,17,200,true,10,10,17
1767619872583,17,200,true,10,10,17
1767619872599,18,200,true,10,10,18
1767619872599,18,200,true,10,10,18
1767619872599,18,200,true,10,10,18
1767619872599,19,200,true,10,10,19
1767619872599,19,200,true,10,10,19
1767619872599,19,200,true,10,10,19
1767619872600,19,200,true,10,10,19
1767619872600,19,200,true,10,10,19
1767619872600,19,200,true,10,10,19
1767619872600,19,200,true,10,10,19
1767619872617,12,200,true,10,10,12
1767619872618,34,200,true,10,10,34
1767619872618,34,200,true,10,10,34
1767619872618,34,200,true,10,10,34
1767619872618,34,200,true,10,10,34
1767619872618,35,200,true,10,10,35
1767619872619,34,200,true,10,10,34
1767619872619,34,200,true,10,10,34
1767619872619,34,200,true,10,10,34
1767619872619,38,200,true,10,10,38
1767619872629,28,200,true,10,10,28
1767619872652,23,200,true,10,10,23
1767619872652,23,200,true,10,10,23
1767619872652,23,200,true,10,10,23
1767619872652,23,200,true,10,10,23
1767619872653,22,200,true,10,10,22
1767619872653,23,200,true,10,10,23
1767619872653,23,200,true,10,10,23
1767619872654,22,200,true,10,10,22
1767619872657,20,200,true,10,10,20
1767619872657,20,200,true,10,10,20
1767619872675,34,200,true,10,10,34
1767619872675,34,200,true,10,10,34
1767619872675,34,200,true,10,10,34
1767619872675,35,200,true,10,10,35
1767619872675,35,200,true,10,10,35
1767619872676,34,200,true,10,10,34
1767619872676,35,200,true,10,10,35
1767619872676,35,200,true,10,10,35
1767619872677,40,200,true,10,10,40
1767619872677,40,200,true,10,10,40
1767619872709,24,200,true,10,10,24
1767619872709,24,200,true,10,10,24
1767619872710,24,200,true,10,10,24
1767619872710,24,200,true,10,10,24
1767619872710,24,200,true,10,10,24
1767619872710,24,200,true,10,10,24
1767619872711,24,200,true,10,10,24
1767619872711,24,200,true,10,10,24
1767619872717,18,200,true,10,10,18
1767619872718,18,200,true,10,10,18
1767619872733,21,200,true,10,10,21
1767619872733,21,200,true,10,10,21
1767619872734,20,200,true,10,10,20
1767619872734,20,200,true,10,10,20
1767619872734,20,200,true,10,10,20
1767619872735,20,200,true,10,10,20
1767619872735,20,200,true,10,10,20
1767619872735,20,200,true,10,10,20
1767619872736,19,200,true,10,10,19
1767619872736,20,200,true,10,10,20
1767619872754,19,200,true,10,10,19
1767619872754,20,200,true,10,10,19
1767619872754,20,200,true,10,10,20
1767619872754,20,200,true,10,10,20
1767619872755,19,200,true,10,10,19
1767619872755,19,200,true,10,10,19
1767619872755,20,200,true,10,10,20
1767619872755,20,200,true,10,10,20
1767619872756,19,200,true,10,10,19
1767619872756,19,200,true,10,10,19
1767619872774,35,200,true,10,10,35
1767619872774,35,200,true,10,10,35
1767619872774,36,200,true,10,10,36
1767619872774,38,200,true,10,10,38
1767619872774,38,200,true,10,10,38
1767619872774,39,200,true,10,10,39
1767619872775,38,200,true,10,10,38
1767619872775,38,200,true,10,10,38
1767619872775,38,200,true,10,10,38
1767619872775,38,200,true,10,10,38
1767619872809,25,200,true,10,10,25
1767619872809,25,200,true,10,10,25
1767619872810,25,200,true,10,10,25
1767619872812,23,200,true,10,10,23
1767619872813,22,200,true,10,10,22
1767619872813,22,200,true,10,10,22
1767619872813,23,200,true,10,10,23
1767619872813,23,200,true,10,10,23
1767619872813,25,200,true,10,10,25
1767619872814,24,200,true,10,10,24
1767619872835,24,200,true,10,10,24
1767619872835,24,200,true,10,10,24
1767619872835,24,200,true,10,10,24
1767619872835,24,200,true,10,10,24
1767619872835,24,200,true,10,10,24
1767619872836,23,200,true,10,10,23
1767619872836,24,200,true,10,10,24
1767619872836,24,200,true,10,10,24
1767619872838,22,200,true,10,10,22
1767619872838,22,200,true,10,10,22
1767619872859,20,200,true,10,10,20
1767619872859,20,200,true,10,10,20
1767619872859,20,200,true,10,10,20
1767619872859,20,200,true,10,10,20
1767619872859,21,200,true,10,10,21
1767619872860,20,200,true,10,10,20
1767619872860,20,200,true,10,10,20
1767619872860,20,200,true,10,10,20
1767619872860,20,200,true,10,10,20
1767619872860,21,200,true,10,10,21
1767619872879,20,200,true,10,10,20
1767619872879,20,200,true,10,10,20
1767619872879,20,200,true,10,10,20
1767619872879,20,200,true,10,10,20
1767619872880,19,200,true,10,10,19
1767619872880,20,200,true,10,10,20
1767619872880,20,200,true,10,10,20
1767619872880,20,200,true,10,10,20
1767619872881,19,200,true,10,10,19
1767619872881,20,200,true,10,10,20
1767619872899,20,200,true,10,10,20
1767619872899,20,200,true,10,10,20
1767619872899,20,200,true,10,10,20
1767619872899,21,200,true,10,10,21
1767619872899,21,200,true,10,10,21
1767619872900,20,200,true,10,10,20
1767619872900,20,200,true,10,10,20
1767619872900,20,200,true,10,10,20
1767619872900,21,200,true,10,10,21
1767619872901,20,200,true,10,10,20
1767619872919,20,200,true,10,10,20
1767619872919,20,200,true,10,10,20
1767619872920,19,200,true,10,10,19
1767619872920,19,200,true,10,10,19
1767619872920,19,200,true,10,10,19
1767619872920,20,200,true,10,10,20
1767619872920,20,200,true,10,10,20
1767619872921,19,200,true,10,10,19
1767619872921,19,200,true,10,10,19
1767619872921,20,200,true,10,10,20
1767619872939,21,200,true,10,10,21
1767619872939,21,200,true,10,10,21
1767619872939,21,200,true,10,10,21
1767619872939,21,200,true,10,10,21
1767619872939,22,200,true,10,10,22
1767619872940,28,200,true,10,10,28
1767619872940,28,200,true,10,10,28
1767619872940,28,200,true,10,10,28
1767619872940,28,200,true,10,10,28
1767619872941,28,200,true,10,10,28
1767619872960,26,200,true,10,10,26
1767619872960,26,200,true,10,10,26
1767619872960,26,200,true,10,10,26
1767619872961,25,200,true,10,10,25
1767619872961,25,200,true,10,10,25
1767619872968,19,200,true,10,10,19
1767619872968,19,200,true,10,10,19
1767619872968,19,200,true,10,10,19
1767619872969,20,200,true,10,10,20
1767619872969,21,200,true,10,10,21
1767619872986,20,200,true,10,10,20
1767619872986,20,200,true,10,10,20
1767619872986,21,200,true,10,10,21
1767619872986,21,200,true,10,10,21
1767619872986,21,200,true,10,10,21
1767619872987,21,200,true,10,10,21
1767619872987,21,200,true,10,10,21
1767619872987,21,200,true,10,10,21
1767619872989,19,200,true,10,10,19
1767619872990,19,200,true,10,10,19
1767619873006,21,200,true,10,10,21
1767619873007,20,200,true,10,10,20
1767619873007,20,200,true,10,10,20
1767619873007,21,200,true,10,10,21
1767619873007,21,200,true,10,10,21
1767619873008,20,200,true,10,10,20
1767619873008,20,200,true,10,10,20
1767619873008,21,200,true,10,10,21
1767619873009,20,200,true,10,10,20
1767619873009,20,200,true,10,10,20
1767619873027,21,200,true,10,10,21
1767619873028,20,200,true,10,10,20
1767619873028,20,200,true,10,10,20
1767619873028,21,200,true,10,10,21
1767619873028,21,200,true,10,10,21
1767619873028,21,200,true,10,10,21
1767619873029,20,200,true,10,10,20
1767619873029,20,200,true,10,10,20
1767619873029,21,200,true,10,10,21
1767619873029,21,200,true,10,10,21
1767619873048,22,200,true,10,10,22
1767619873048,22,200,true,10,10,22
1767619873048,22,200,true,10,10,22
1767619873049,21,200,true,10,10,21
1767619873049,22,200,true,10,10,22
1767619873049,22,200,true,10,10,22
1767619873049,22,200,true,10,10,22
1767619873050,22,200,true,10,10,22
1767619873050,22,200,true,10,10,22
1767619873050,22,200,true,10,10,22
1767619873070,20,200,true,10,10,20
1767619873070,20,200,true,10,10,20
1767619873070,20,200,true,10,10,20
1767619873070,21,200,true,10,10,21
1767619873071,20,200,true,10,10,20
1767619873071,20,200,true,10,10,20
1767619873071,20,200,true,10,10,20
1767619873072,20,200,true,10,10,19
1767619873072,20,200,true,10,10,20
1767619873072,20,200,true,10,10,20
1767619873090,20,200,true,10,10,20
1767619873090,20,200,true,10,10,20
1767619873090,20,200,true,10,10,20
1767619873091,19,200,true,10,10,19
1767619873091,20,200,true,10,10,20
1767619873091,20,200,true,10,10,20
1767619873091,20,200,true,10,10,20
1767619873092,19,200,true,10,10,19
1767619873092,20,200,true,10,10,20
1767619873092,20,200,true,10,10,20
1767619873110,26,200,true,10,10,26
1767619873110,26,200,true,10,10,26
1767619873110,26,200,true,10,10,26
1767619873111,25,200,true,10,10,25
1767619873111,25,200,true,10,10,25
1767619873111,25,200,true,10,10,25
1767619873111,26,200,true,10,10,26
1767619873112,25,200,true,10,10,25
1767619873112,25,200,true,10,10,25
1767619873112,25,200,true,10,10,25
1767619873136,20,200,true,10,10,20
1767619873136,20,200,true,10,10,20
1767619873136,20,200,true,10,10,20
1767619873136,20,200,true,10,10,20
1767619873136,21,200,true,10,10,21
1767619873136,21,200,true,10,10,21
1767619873137,20,200,true,10,10,20
1767619873137,20,200,true,10,10,20
1767619873137,21,200,true,10,10,21
1767619873137,21,200,true,10,10,21
1767619873156,19,200,true,10,10,19
1767619873156,19,200,true,10,10,19
1767619873156,20,200,true,10,10,20
1767619873156,20,200,true,10,10,20
1767619873157,19,200,true,10,10,19
1767619873157,19,200,true,10,10,19
1767619873157,20,200,true,10,10,20
1767619873157,20,200,true,10,10,20
1767619873158,19,200,true,10,10,19
1767619873158,19,200,true,10,10,19
1767619873175,14,200,true,10,10,14
1767619873175,14,200,true,10,10,14
1767619873176,14,200,true,10,10,14
1767619873176,14,200,true,10,10,14
1767619873176,30,200,true,10,10,30
1767619873176,30,200,true,10,10,30
1767619873177,30,200,true,10,10,30
1767619873177,30,200,true,10,10,30
1767619873177,30,200,true,10,10,30
1767619873177,30,200,true,10,10,30
1767619873190,18,200,true,10,10,18
1767619873189,19,200,true,10,10,19
1767619873190,18,200,true,10,10,18
1767619873190,18,200,true,10,10,18
1767619873207,18,200,true,10,10,18
1767619873207,19,200,true,10,10,19
1767619873207,19,200,true,10,10,19
1767619873207,19,200,true,10,10,19
1767619873207,19,200,true,10,10,19
1767619873207,20,200,true,10,10,20
1767619873208,19,200,true,10,10,19
1767619873208,19,200,true,10,10,19
1767619873208,19,200,true,10,10,19
1767619873208,20,200,true,10,10,20
1767619873226,27,200,true,10,10,27
1767619873226,28,200,true,10,10,28
1767619873226,30,200,true,10,10,30
1767619873226,30,200,true,10,10,30
1767619873227,29,200,true,10,10,29
1767619873227,30,200,true,10,10,30
1767619873227,30,200,true,10,10,30
1767619873227,30,200,true,10,10,30
1767619873227,30,200,true,10,10,30
1767619873228,30,200,true,10,10,30
1767619873253,25,200,true,10,10,25
1767619873254,24,200,true,10,10,24
1767619873256,23,200,true,10,10,23
1767619873256,23,200,true,10,10,23
1767619873256,23,200,true,10,10,23
1767619873257,26,200,true,10,10,26
1767619873257,26,200,true,10,10,26
1767619873257,26,200,true,10,10,26
1767619873258,28,200,true,10,10,28
1767619873258,28,200,true,10,10,28
1767619873278,26,200,true,10,10,26
1767619873279,25,200,true,10,10,25
1767619873279,26,200,true,10,10,26
1767619873279,26,200,true,10,10,26
1767619873279,26,200,true,10,10,26
1767619873283,22,200,true,10,10,22
1767619873283,23,200,true,10,10,23
1767619873284,22,200,true,10,10,22
1767619873286,20,200,true,10,10,20
1767619873286,21,200,true,10,10,21
1767619873304,22,200,true,10,10,22
1767619873304,23,200,true,10,10,22
1767619873305,22,200,true,10,10,22
1767619873305,22,200,true,10,10,22
1767619873305,22,200,true,10,10,22
1767619873305,23,200,true,10,10,23
1767619873306,22,200,true,10,10,22
1767619873306,22,200,true,10,10,22
1767619873306,22,200,true,10,10,22
1767619873307,21,200,true,10,10,21
1767619873327,25,200,true,10,10,25
1767619873327,25,200,true,10,10,25
1767619873327,25,200,true,10,10,25
1767619873327,25,200,true,10,10,25
1767619873327,26,200,true,10,10,26
1767619873328,25,200,true,10,10,25
1767619873328,26,200,true,10,10,26
1767619873328,26,200,true,10,10,26
1767619873328,26,200,true,10,10,26
1767619873329,25,200,true,10,10,25
1767619873352,40,200,true,10,10,40
1767619873352,40,200,true,10,10,40
1767619873352,40,200,true,10,10,40
1767619873353,39,200,true,10,10,39
1767619873353,40,200,true,10,10,40
1767619873353,40,200,true,10,10,40
1767619873354,39,200,true,10,10,39
1767619873354,40,200,true,10,10,40
1767619873354,40,200,true,10,10,40
1767619873355,39,200,true,10,10,39
1767619873392,27,200,true,10,10,27
1767619873392,27,200,true,10,10,27
1767619873392,27,200,true,10,10,27
1767619873393,27,200,true,10,10,27
1767619873393,27,200,true,10,10,27
1767619873393,27,200,true,10,10,27
1767619873393,27,200,true,10,10,27
1767619873394,27,200,true,10,10,27
1767619873394,27,200,true,10,10,27
1767619873394,27,200,true,10,10,27
1767619873419,21,200,true,10,10,21
1767619873419,21,200,true,10,10,21
1767619873419,21,200,true,10,10,21
1767619873420,20,200,true,10,10,20
1767619873420,20,200,true,10,10,20
1767619873420,21,200,true,10,10,21
1767619873420,21,200,true,10,10,21
1767619873421,20,200,true,10,10,20
1767619873421,20,200,true,10,10,20
1767619873421,20,200,true,10,10,20
1767619873440,19,200,true,10,10,19
1767619873440,19,200,true,10,10,19
1767619873440,19,200,true,10,10,19
1767619873440,20,200,true,10,10,20
1767619873440,20,200,true,10,10,20
1767619873441,19,200,true,10,10,19
1767619873441,19,200,true,10,10,19
1767619873441,19,200,true,10,10,19
1767619873441,19,200,true,10,10,19
1767619873442,19,200,true,10,10,19
1767619873459,20,200,true,10,10,20
1767619873459,20,200,true,10,10,20
1767619873459,20,200,true,10,10,20
1767619873460,20,200,true,10,10,20
1767619873460,20,200,true,10,10,20
1767619873460,20,200,true,10,10,20
1767619873460,20,200,true,10,10,20
1767619873460,21,200,true,10,10,21
1767619873461,20,200,true,10,10,20
1767619873461,20,200,true,10,10,20
1767619873479,38,200,true,10,10,38
1767619873479,38,200,true,10,10,38
1767619873479,39,200,true,10,10,39
1767619873480,38,200,true,10,10,38
1767619873480,38,200,true,10,10,38
1767619873480,39,200,true,10,10,39
1767619873480,39,200,true,10,10,39
1767619873481,38,200,true,10,10,38
1767619873481,39,200,true,10,10,39
1767619873481,39,200,true,10,10,39
1767619873517,22,200,true,10,10,22
1767619873517,22,200,true,10,10,22
1767619873518,21,200,true,10,10,21
1767619873518,21,200,true,10,10,21
1767619873518,22,200,true,10,10,22
1767619873519,21,200,true,10,10,21
1767619873519,21,200,true,10,10,21
1767619873519,21,200,true,10,10,21
1767619873520,21,200,true,10,10,21
1767619873520,21,200,true,10,10,21
1767619873539,19,200,true,10,10,19
1767619873539,20,200,true,10,10,20
1767619873539,20,200,true,10,10,20
1767619873540,19,200,true,10,10,19
1767619873540,19,200,true,10,10,19
1767619873540,19,200,true,10,10,19
1767619873540,20,200,true,10,10,20
1767619873540,20,200,true,10,10,20
1767619873541,19,200,true,10,10,19
1767619873541,19,200,true,10,10,19
1767619873559,19,200,true,10,10,19
1767619873559,20,200,true,10,10,20
1767619873559,20,200,true,10,10,20
1767619873559,20,200,true,10,10,20
1767619873559,21,200,true,10,10,20
1767619873559,21,200,true,10,10,21
1767619873560,20,200,true,10,10,20
1767619873560,20,200,true,10,10,20
1767619873560,20,200,true,10,10,20
1767619873561,20,200,true,10,10,20
1767619873579,20,200,true,10,10,20
1767619873579,20,200,true,10,10,20
1767619873579,20,200,true,10,10,20
1767619873579,21,200,true,10,10,21
1767619873580,20,200,true,10,10,20
1767619873580,20,200,true,10,10,20
1767619873580,20,200,true,10,10,20
1767619873580,20,200,true,10,10,20
1767619873581,20,200,true,10,10,20
1767619873581,20,200,true,10,10,20
1767619873599,21,200,true,10,10,21
1767619873599,21,200,true,10,10,21
1767619873599,21,200,true,10,10,21
1767619873600,21,200,true,10,10,21
1767619873600,21,200,true,10,10,21
1767619873600,21,200,true,10,10,21
1767619873600,22,200,true,10,10,22
1767619873601,21,200,true,10,10,21
1767619873601,21,200,true,10,10,21
1767619873601,22,200,true,10,10,22
1767619873620,22,200,true,10,10,22
1767619873620,22,200,true,10,10,22
1767619873621,21,200,true,10,10,21
1767619873621,22,200,true,10,10,22
1767619873621,22,200,true,10,10,22
1767619873621,22,200,true,10,10,22
1767619873622,21,200,true,10,10,21
1767619873622,21,200,true,10,10,21
1767619873622,22,200,true,10,10,22
1767619873623,21,200,true,10,10,21
1767619873642,26,200,true,10,10,26
1767619873642,26,200,true,10,10,26
1767619873642,26,200,true,10,10,26
1767619873643,25,200,true,10,10,25
1767619873643,26,200,true,10,10,26
1767619873643,26,200,true,10,10,26
1767619873643,26,200,true,10,10,26
1767619873644,26,200,true,10,10,26
1767619873644,26,200,true,10,10,26
1767619873644,26,200,true,10,10,26
1767619873668,22,200,true,10,10,21
1767619873668,22,200,true,10,10,22
1767619873668,22,200,true,10,10,22
1767619873669,21,200,true,10,10,21
1767619873669,21,200,true,10,10,21
1767619873669,21,200,true,10,10,21
1767619873669,22,200,true,10,10,22
1767619873670,21,200,true,10,10,21
1767619873670,21,200,true,10,10,21
1767619873670,22,200,true,10,10,22
1767619873690,19,200,true,10,10,19
1767619873690,19,200,true,10,10,19
1767619873690,20,200,true,10,10,20
1767619873690,20,200,true,10,10,20
1767619873690,20,200,true,10,10,20
1767619873690,20,200,true,10,10,20
1767619873691,19,200,true,10,10,19
1767619873691,20,200,true,10,10,20
1767619873691,20,200,true,10,10,20
1767619873692,19,200,true,10,10,19
1767619873709,27,200,true,10,10,27
1767619873710,26,200,true,10,10,26
1767619873710,26,200,true,10,10,26
1767619873710,27,200,true,10,10,27
1767619873710,27,200,true,10,10,27
1767619873710,27,200,true,10,10,27
1767619873711,26,200,true,10,10,26
1767619873711,27,200,true,10,10,27
1767619873711,27,200,true,10,10,27
1767619873711,27,200,true,10,10,27
1767619873736,20,200,true,10,10,20
1767619873737,19,200,true,10,10,19
1767619873737,19,200,true,10,10,19
1767619873737,20,200,true,10,10,20
1767619873737,20,200,true,10,10,20
1767619873737,22,200,true,10,10,22
1767619873737,22,200,true,10,10,22
1767619873738,21,200,true,10,10,21
1767619873738,22,200,true,10,10,22
1767619873738,22,200,true,10,10,22
1767619873756,26,200,true,10,10,26
1767619873756,26,200,true,10,10,26
1767619873757,25,200,true,10,10,25
1767619873757,26,200,true,10,10,26
1767619873757,26,200,true,10,10,26
1767619873759,24,200,true,10,10,24
1767619873759,24,200,true,10,10,24
1767619873759,25,200,true,10,10,25
1767619873760,24,200,true,10,10,24
1767619873760,24,200,true,10,10,24
1767619873782,20,200,true,10,10,20
1767619873782,20,200,true,10,10,20
1767619873783,19,200,true,10,10,19
1767619873783,19,200,true,10,10,19
1767619873783,19,200,true,10,10,19
1767619873783,20,200,true,10,10,20
1767619873783,20,200,true,10,10,20
1767619873784,19,200,true,10,10,19
1767619873784,19,200,true,10,10,19
1767619873784,20,200,true,10,10,20
1767619873802,20,200,true,10,10,20
1767619873802,20,200,true,10,10,20
1767619873802,20,200,true,10,10,20
1767619873802,20,200,true,10,10,20
1767619873803,20,200,true,10,10,20
1767619873803,20,200,true,10,10,20
1767619873803,20,200,true,10,10,20
1767619873803,20,200,true,10,10,20
1767619873804,20,200,true,10,10,20
1767619873804,20,200,true,10,10,20
1767619873822,25,200,true,10,10,25
1767619873822,25,200,true,10,10,25
1767619873822,25,200,true,10,10,25
1767619873822,25,200,true,10,10,25
1767619873823,24,200,true,10,10,24
1767619873823,25,200,true,10,10,25
1767619873823,25,200,true,10,10,25
1767619873824,24,200,true,10,10,24
1767619873824,25,200,true,10,10,25
1767619873824,25,200,true,10,10,25
1767619873847,20,200,true,10,10,20
1767619873847,20,200,true,10,10,20
1767619873847,20,200,true,10,10,20
1767619873847,21,200,true,10,10,21
1767619873848,29,200,true,10,10,29
1767619873848,29,200,true,10,10,29
1767619873848,30,200,true,10,10,30
1767619873848,30,200,true,10,10,30
1767619873849,29,200,true,10,10,29
1767619873849,29,200,true,10,10,29
1767619873867,18,200,true,10,10,18
1767619873867,19,200,true,10,10,19
1767619873867,19,200,true,10,10,19
1767619873868,18,200,true,10,10,18
1767619873877,18,200,true,10,10,18
1767619873877,18,200,true,10,10,18
1767619873878,17,200,true,10,10,17
1767619873878,18,200,true,10,10,18
1767619873878,25,200,true,10,10,25
1767619873878,26,200,true,10,10,26
1767619873886,18,200,true,10,10,18
1767619873886,18,200,true,10,10,18
1767619873886,19,200,true,10,10,19
1767619873886,19,200,true,10,10,19
1767619873895,15,200,true,10,10,15
1767619873895,16,200,true,10,10,16
1767619873895,16,200,true,10,10,16
1767619873896,15,200,true,10,10,15
1767619873904,22,200,true,10,10,22
1767619873904,23,200,true,10,10,23
1767619873904,23,200,true,10,10,23
1767619873904,23,200,true,10,10,23
1767619873905,22,200,true,10,10,22
1767619873905,23,200,true,10,10,23
1767619873911,17,200,true,10,10,17
1767619873911,17,200,true,10,10,17
1767619873911,17,200,true,10,10,17
1767619873911,18,200,true,10,10,18
1767619873927,27,200,true,10,10,27
1767619873927,27,200,true,10,10,27
1767619873927,27,200,true,10,10,27
1767619873927,28,200,true,10,10,28
1767619873927,30,200,true,10,10,30
1767619873928,29,200,true,10,10,29
1767619873928,29,200,true,10,10,29
1767619873928,30,200,true,10,10,30
1767619873928,30,200,true,10,10,30
1767619873929,29,200,true,10,10,29
1767619873954,26,200,true,10,10,26
1767619873954,26,200,true,10,10,26
1767619873954,26,200,true,10,10,26
1767619873955,26,200,true,10,10,26
1767619873957,24,200,true,10,10,24
1767619873957,24,200,true,10,10,24
1767619873958,24,200,true,10,10,24
1767619873958,24,200,true,10,10,24
1767619873958,25,200,true,10,10,25
1767619873958,25,200,true,10,10,25
1767619873980,24,200,true,10,10,24
1767619873980,24,200,true,10,10,24
1767619873980,24,200,true,10,10,24
1767619873981,23,200,true,10,10,23
1767619873981,23,200,true,10,10,23
1767619873981,24,200,true,10,10,24
1767619873982,23,200,true,10,10,23
1767619873982,23,200,true,10,10,23
1767619873983,22,200,true,10,10,22
1767619873983,22,200,true,10,10,22
1767619874004,19,200,true,10,10,19
1767619874004,20,200,true,10,10,20
1767619874004,20,200,true,10,10,20
1767619874004,20,200,true,10,10,20
1767619874004,20,200,true,10,10,20
1767619874005,19,200,true,10,10,19
1767619874005,20,200,true,10,10,19
1767619874005,20,200,true,10,10,20
1767619874005,20,200,true,10,10,20
1767619874005,20,200,true,10,10,20
1767619874024,24,200,true,10,10,24
1767619874024,24,200,true,10,10,24
1767619874024,24,200,true,10,10,24
1767619874024,24,200,true,10,10,24
1767619874024,25,200,true,10,10,25
1767619874024,25,200,true,10,10,25
1767619874025,24,200,true,10,10,24
1767619874025,24,200,true,10,10,24
1767619874025,25,200,true,10,10,25
1767619874025,25,200,true,10,10,25
1767619874048,33,200,true,10,10,33
1767619874048,33,200,true,10,10,33
1767619874048,33,200,true,10,10,33
1767619874049,32,200,true,10,10,32
1767619874049,33,200,true,10,10,33
1767619874049,33,200,true,10,10,33
1767619874049,33,200,true,10,10,33
1767619874049,37,200,true,10,10,37
1767619874050,36,200,true,10,10,36
1767619874050,36,200,true,10,10,36
1767619874081,23,200,true,10,10,23
1767619874081,23,200,true,10,10,23
1767619874081,23,200,true,10,10,23
1767619874081,23,200,true,10,10,23
1767619874082,23,200,true,10,10,23
1767619874082,23,200,true,10,10,23
1767619874082,23,200,true,10,10,23
1767619874086,19,200,true,10,10,19
1767619874086,20,200,true,10,10,20
1767619874086,20,200,true,10,10,20
1767619874104,17,200,true,10,10,17
1767619874104,17,200,true,10,10,17
1767619874104,18,200,true,10,10,18
1767619874104,21,200,true,10,10,21
1767619874105,20,200,true,10,10,20
1767619874105,25,200,true,10,10,25
1767619874105,25,200,true,10,10,25
1767619874105,25,200,true,10,10,25
1767619874106,25,200,true,10,10,25
1767619874106,25,200,true,10,10,25
1767619874121,15,200,true,10,10,15
1767619874122,14,200,true,10,10,14
1767619874122,14,200,true,10,10,14
1767619874125,26,200,true,10,10,26
1767619874125,26,200,true,10,10,26
1767619874130,21,200,true,10,10,21
1767619874130,21,200,true,10,10,21
1767619874130,21,200,true,10,10,21
1767619874131,21,200,true,10,10,21
1767619874131,21,200,true,10,10,21
1767619874136,16,200,true,10,10,16
1767619874136,16,200,true,10,10,16
1767619874136,16,200,true,10,10,16
1767619874151,20,200,true,10,10,20
1767619874151,20,200,true,10,10,20
1767619874151,20,200,true,10,10,20
1767619874151,20,200,true,10,10,20
1767619874151,20,200,true,10,10,20
1767619874152,20,200,true,10,10,20
1767619874152,20,200,true,10,10,20
1767619874152,20,200,true,10,10,20
1767619874152,20,200,true,10,10,20
1767619874153,20,200,true,10,10,20
1767619874171,25,200,true,10,10,25
1767619874171,25,200,true,10,10,25
1767619874171,26,200,true,10,10,26
1767619874171,26,200,true,10,10,26
1767619874172,25,200,true,10,10,25
1767619874172,25,200,true,10,10,25
1767619874172,25,200,true,10,10,25
1767619874172,26,200,true,10,10,26
1767619874173,25,200,true,10,10,25
1767619874173,25,200,true,10,10,25
1767619874197,19,200,true,10,10,19
1767619874197,19,200,true,10,10,19
1767619874197,20,200,true,10,10,20
1767619874197,20,200,true,10,10,20
1767619874197,20,200,true,10,10,20
1767619874197,20,200,true,10,10,20
1767619874198,19,200,true,10,10,19
1767619874198,20,200,true,10,10,20
1767619874198,20,200,true,10,10,20
1767619874198,20,200,true,10,10,20
1767619874216,20,200,true,10,10,20
1767619874217,19,200,true,10,10,19
1767619874217,19,200,true,10,10,19
1767619874217,19,200,true,10,10,19
1767619874217,20,200,true,10,10,20
1767619874217,20,200,true,10,10,20
1767619874218,19,200,true,10,10,19
1767619874218,19,200,true,10,10,19
1767619874218,19,200,true,10,10,19
1767619874218,20,200,true,10,10,20
1767619874236,27,200,true,10,10,27
1767619874236,27,200,true,10,10,27
1767619874236,27,200,true,10,10,27
1767619874236,27,200,true,10,10,27
1767619874237,26,200,true,10,10,26
1767619874237,27,200,true,10,10,27
1767619874237,27,200,true,10,10,27
1767619874237,27,200,true,10,10,27
1767619874237,27,200,true,10,10,27
1767619874238,26,200,true,10,10,26
1767619874263,19,200,true,10,10,19
1767619874263,19,200,true,10,10,19
1767619874263,20,200,true,10,10,20
1767619874263,20,200,true,10,10,20
1767619874263,20,200,true,10,10,20
1767619874264,19,200,true,10,10,19
1767619874264,19,200,true,10,10,19
1767619874264,20,200,true,10,10,20
1767619874264,20,200,true,10,10,20
1767619874264,20,200,true,10,10,20
1767619874282,20,200,true,10,10,20
1767619874282,20,200,true,10,10,20
1767619874283,19,200,true,10,10,19
1767619874283,20,200,true,10,10,20
1767619874283,20,200,true,10,10,20
1767619874283,20,200,true,10,10,20
1767619874284,19,200,true,10,10,19
1767619874284,19,200,true,10,10,19
1767619874284,20,200,true,10,10,20
1767619874284,20,200,true,10,10,20
1767619874302,19,200,true,10,10,19
1767619874302,19,200,true,10,10,19
1767619874302,20,200,true,10,10,20
1767619874303,19,200,true,10,10,19
1767619874303,19,200,true,10,10,19
1767619874303,19,200,true,10,10,19
1767619874303,19,200,true,10,10,19
1767619874304,19,200,true,10,10,19
1767619874304,19,200,true,10,10,19
1767619874304,19,200,true,10,10,19
1767619874321,20,200,true,10,10,20
1767619874322,20,200,true,10,10,20
1767619874322,20,200,true,10,10,20
1767619874322,20,200,true,10,10,20
1767619874322,20,200,true,10,10,20
1767619874322,20,200,true,10,10,20
1767619874322,21,200,true,10,10,21
1767619874323,20,200,true,10,10,20
1767619874323,20,200,true,10,10,20
1767619874323,20,200,true,10,10,20
1767619874342,21,200,true,10,10,21
1767619874342,21,200,true,10,10,21
1767619874342,21,200,true,10,10,21
1767619874342,21,200,true,10,10,21
1767619874342,22,200,true,10,10,22
1767619874343,21,200,true,10,10,21
1767619874343,21,200,true,10,10,21
1767619874343,22,200,true,10,10,22
1767619874343,22,200,true,10,10,22
1767619874344,21,200,true,10,10,21
1767619874363,28,200,true,10,10,28
1767619874363,28,200,true,10,10,28
1767619874363,29,200,true,10,10,29
1767619874363,29,200,true,10,10,29
1767619874364,28,200,true,10,10,28
1767619874364,28,200,true,10,10,28
1767619874364,28,200,true,10,10,28
1767619874365,28,200,true,10,10,28
1767619874365,28,200,true,10,10,28
1767619874365,28,200,true,10,10,28
1767619874391,21,200,true,10,10,21
1767619874392,21,200,true,10,10,20
1767619874392,21,200,true,10,10,21
1767619874392,21,200,true,10,10,21
1767619874392,21,200,true,10,10,21
1767619874392,21,200,true,10,10,21
1767619874393,21,200,true,10,10,20
1767619874393,21,200,true,10,10,21
1767619874393,21,200,true,10,10,21
1767619874393,21,200,true,10,10,21
1767619874413,27,200,true,10,10,27
1767619874413,28,200,true,10,10,28
1767619874413,28,200,true,10,10,28
1767619874413,28,200,true,10,10,28
1767619874413,28,200,true,10,10,28
1767619874413,29,200,true,10,10,29
1767619874414,28,200,true,10,10,28
1767619874414,28,200,true,10,10,28
1767619874414,29,200,true,10,10,29
1767619874414,29,200,true,10,10,29
1767619874441,20,200,true,10,10,20
1767619874441,20,200,true,10,10,20
1767619874441,20,200,true,10,10,20
1767619874441,21,200,true,10,10,21
1767619874442,20,200,true,10,10,20
1767619874442,20,200,true,10,10,20
1767619874442,21,200,true,10,10,21
1767619874442,26,200,true,10,10,26
1767619874443,25,200,true,10,10,25
1767619874443,25,200,true,10,10,25
1767619874461,21,200,true,10,10,21
1767619874461,21,200,true,10,10,21
1767619874462,20,200,true,10,10,20
1767619874462,21,200,true,10,10,21
1767619874462,21,200,true,10,10,21
1767619874462,21,200,true,10,10,21
1767619874463,20,200,true,10,10,20
1767619874468,16,200,true,10,10,16
1767619874468,16,200,true,10,10,16
1767619874468,16,200,true,10,10,16
1767619874482,23,200,true,10,10,23
1767619874482,23,200,true,10,10,23
1767619874483,22,200,true,10,10,22
1767619874483,22,200,true,10,10,22
1767619874483,23,200,true,10,10,23
1767619874483,23,200,true,10,10,23
1767619874483,23,200,true,10,10,23
1767619874484,22,200,true,10,10,22
1767619874484,23,200,true,10,10,23
1767619874484,23,200,true,10,10,23
1767619874505,20,200,true,10,10,20
1767619874505,20,200,true,10,10,20
1767619874505,20,200,true,10,10,20
1767619874505,20,200,true,10,10,20
1767619874506,20,200,true,10,10,20
1767619874506,20,200,true,10,10,20
1767619874506,20,200,true,10,10,20
1767619874506,20,200,true,10,10,20
1767619874507,20,200,true,10,10,20
1767619874507,20,200,true,10,10,20
1767619874525,20,200,true,10,10,20
1767619874525,20,200,true,10,10,20
1767619874525,21,200,true,10,10,21
1767619874526,20,200,true,10,10,20
1767619874526,20,200,true,10,10,20
1767619874526,20,200,true,10,10,20
1767619874526,20,200,true,10,10,20
1767619874527,20,200,true,10,10,20
1767619874527,20,200,true,10,10,20
1767619874527,20,200,true,10,10,20
1767619874545,19,200,true,10,10,19
1767619874545,19,200,true,10,10,19
1767619874546,19,200,true,10,10,19
1767619874546,19,200,true,10,10,19
1767619874546,19,200,true,10,10,19
1767619874546,19,200,true,10,10,19
1767619874546,19,200,true,10,10,19
1767619874547,19,200,true,10,10,19
1767619874547,19,200,true,10,10,19
1767619874547,19,200,true,10,10,19
1767619874565,20,200,true,10,10,20
1767619874565,20,200,true,10,10,20
1767619874565,20,200,true,10,10,20
1767619874565,20,200,true,10,10,20
1767619874565,21,200,true,10,10,21
1767619874565,21,200,true,10,10,21
1767619874565,21,200,true,10,10,21
1767619874566,20,200,true,10,10,20
1767619874566,27,200,true,10,10,27
1767619874566,27,200,true,10,10,27
1767619874585,23,200,true,10,10,23
1767619874585,23,200,true,10,10,23
1767619874585,23,200,true,10,10,23
1767619874585,24,200,true,10,10,24
1767619874586,23,200,true,10,10,23
1767619874586,23,200,true,10,10,23
1767619874586,23,200,true,10,10,23
1767619874587,22,200,true,10,10,22
1767619874593,17,200,true,10,10,17
1767619874593,17,200,true,10,10,17
1767619874608,31,200,true,10,10,31
1767619874608,31,200,true,10,10,31
1767619874608,31,200,true,10,10,31
1767619874609,30,200,true,10,10,30
1767619874609,30,200,true,10,10,30
1767619874609,31,200,true,10,10,31
1767619874609,31,200,true,10,10,31
1767619874610,30,200,true,10,10,30
1767619874610,31,200,true,10,10,31
1767619874610,31,200,true,10,10,31
1767619874639,19,200,true,10,10,19
1767619874639,20,200,true,10,10,20
1767619874639,20,200,true,10,10,20
1767619874639,20,200,true,10,10,20
1767619874640,19,200,true,10,10,19
1767619874640,19,200,true,10,10,19
1767619874640,20,200,true,10,10,20
1767619874640,20,200,true,10,10,20
1767619874641,19,200,true,10,10,19
1767619874641,19,200,true,10,10,19
1767619874659,20,200,true,10,10,20
1767619874659,20,200,true,10,10,20
1767619874659,20,200,true,10,10,20
1767619874659,20,200,true,10,10,20
1767619874659,20,200,true,10,10,20
1767619874659,20,200,true,10,10,20
1767619874660,20,200,true,10,10,20
1767619874660,20,200,true,10,10,20
1767619874660,20,200,true,10,10,20
1767619874660,20,200,true,10,10,20
1767619874679,19,200,true,10,10,19
1767619874679,19,200,true,10,10,19
1767619874679,19,200,true,10,10,19
1767619874679,19,200,true,10,10,19
1767619874679,19,200,true,10,10,19
1767619874680,18,200,true,10,10,18
1767619874680,19,200,true,10,10,19
1767619874680,19,200,true,10,10,19
1767619874680,19,200,true,10,10,19
1767619874681,18,200,true,10,10,18
1767619874698,20,200,true,10,10,20
1767619874698,20,200,true,10,10,20
1767619874698,20,200,true,10,10,20
1767619874698,21,200,true,10,10,21
1767619874698,21,200,true,10,10,21
1767619874699,20,200,true,10,10,20
1767619874699,20,200,true,10,10,20
1767619874699,20,200,true,10,10,20
1767619874699,21,200,true,10,10,21
1767619874699,21,200,true,10,10,21
1767619874718,21,200,true,10,10,21
1767619874718,21,200,true,10,10,21
1767619874718,21,200,true,10,10,21
1767619874719,20,200,true,10,10,20
1767619874719,21,200,true,10,10,21
1767619874719,21,200,true,10,10,21
1767619874719,21,200,true,10,10,21
1767619874719,22,200,true,10,10,22
1767619874720,21,200,true,10,10,21
1767619874720,21,200,true,10,10,21
1767619874739,23,200,true,10,10,23
1767619874739,24,200,true,10,10,24
1767619874739,24,200,true,10,10,24
1767619874740,23,200,true,10,10,23
1767619874740,23,200,true,10,10,23
1767619874740,23,200,true,10,10,23
1767619874740,24,200,true,10,10,24
1767619874741,23,200,true,10,10,23
1767619874741,23,200,true,10,10,23
1767619874741,23,200,true,10,10,23
1767619874763,20,200,true,10,10,20
1767619874763,20,200,true,10,10,20
1767619874763,20,200,true,10,10,20
1767619874763,20,200,true,10,10,20
1767619874763,21,200,true,10,10,21
1767619874764,20,200,true,10,10,20
1767619874764,20,200,true,10,10,20
1767619874764,20,200,true,10,10,20
1767619874764,21,200,true,10,10,21
1767619874764,21,200,true,10,10,21
1767619874783,23,200,true,10,10,23
1767619874783,23,200,true,10,10,23
1767619874783,23,200,true,10,10,23
1767619874783,23,200,true,10,10,23
1767619874784,22,200,true,10,10,22
1767619874784,23,200,true,10,10,23
1767619874784,23,200,true,10,10,23
1767619874784,23,200,true,10,10,23
1767619874785,23,200,true,10,10,23
1767619874785,23,200,true,10,10,23
1767619874806,26,200,true,10,10,26
1767619874806,26,200,true,10,10,26
1767619874806,26,200,true,10,10,26
1767619874806,26,200,true,10,10,26
1767619874807,25,200,true,10,10,25
1767619874807,26,200,true,10,10,26
1767619874807,26,200,true,10,10,26
1767619874807,26,200,true,10,10,26
1767619874808,25,200,true,10,10,25
1767619874808,26,200,true,10,10,26
1767619874832,18,200,true,10,10,18
1767619874832,18,200,true,10,10,18
1767619874832,18,200,true,10,10,18
1767619874832,19,200,true,10,10,19
1767619874832,21,200,true,10,10,21
1767619874833,20,200,true,10,10,20
1767619874833,20,200,true,10,10,20
1767619874833,20,200,true,10,10,20
1767619874833,21,200,true,10,10,21
1767619874834,20,200,true,10,10,20
1767619874850,12,200,true,10,10,12
1767619874850,12,200,true,10,10,12
1767619874850,16,200,true,10,10,16
1767619874851,15,200,true,10,10,15
1767619874853,22,200,true,10,10,22
1767619874853,22,200,true,10,10,22
1767619874853,22,200,true,10,10,22
1767619874854,21,200,true,10,10,21
1767619874854,21,200,true,10,10,21
1767619874854,22,200,true,10,10,22
1767619874862,16,200,true,10,10,16
1767619874862,16,200,true,10,10,16
1767619874866,13,200,true,10,10,13
1767619874866,13,200,true,10,10,13
1767619874875,20,200,true,10,10,20
1767619874875,20,200,true,10,10,20
1767619874875,21,200,true,10,10,21
1767619874875,21,200,true,10,10,21
1767619874876,20,200,true,10,10,20
1767619874876,20,200,true,10,10,20
1767619874878,18,200,true,10,10,18
1767619874878,19,200,true,10,10,19
1767619874879,18,200,true,10,10,18
1767619874879,18,200,true,10,10,18
1767619874896,20,200,true,10,10,20
1767619874896,20,200,true,10,10,20
1767619874896,20,200,true,10,10,20
1767619874896,20,200,true,10,10,20
1767619874896,20,200,true,10,10,20
1767619874896,21,200,true,10,10,21
1767619874897,20,200,true,10,10,20
1767619874897,20,200,true,10,10,20
1767619874897,20,200,true,10,10,20
1767619874897,21,200,true,10,10,21
1767619874916,21,200,true,10,10,21
1767619874916,21,200,true,10,10,21
1767619874916,22,200,true,10,10,22
1767619874916,22,200,true,10,10,22
1767619874917,21,200,true,10,10,21
1767619874917,21,200,true,10,10,21
1767619874917,22,200,true,10,10,22
1767619874917,22,200,true,10,10,22
1767619874918,21,200,true,10,10,21
1767619874918,21,200,true,10,10,21
1767619874937,21,200,true,10,10,21
1767619874937,22,200,true,10,10,22
1767619874938,21,200,true,10,10,21
1767619874938,21,200,true,10,10,21
1767619874938,21,200,true,10,10,21
1767619874938,22,200,true,10,10,22
1767619874939,21,200,true,10,10,21
1767619874939,21,200,true,10,10,21
1767619874939,21,200,true,10,10,21
1767619874940,20,200,true,10,10,20
1767619874959,20,200,true,10,10,20
1767619874959,20,200,true,10,10,20
1767619874959,20,200,true,10,10,20
1767619874959,20,200,true,10,10,20
1767619874959,21,200,true,10,10,21
1767619874960,20,200,true,10,10,20
1767619874960,20,200,true,10,10,20
1767619874960,20,200,true,10,10,20
1767619874960,21,200,true,10,10,21
1767619874960,21,200,true,10,10,21
1767619874979,30,200,true,10,10,30
1767619874979,31,200,true,10,10,31
1767619874979,31,200,true,10,10,31
1767619874980,30,200,true,10,10,30
1767619874980,30,200,true,10,10,30
1767619874980,30,200,true,10,10,30
1767619874980,31,200,true,10,10,31
1767619874980,31,200,true,10,10,31
1767619874981,30,200,true,10,10,30
1767619874981,30,200,true,10,10,30
1767619875010,22,200,true,10,10,22
1767619875010,22,200,true,10,10,22
1767619875010,22,200,true,10,10,22
1767619875010,22,200,true,10,10,22
1767619875010,23,200,true,10,10,23
1767619875011,22,200,true,10,10,22
1767619875011,22,200,true,10,10,22
1767619875011,25,200,true,10,10,25
1767619875011,26,200,true,10,10,26
1767619875012,25,200,true,10,10,25
1767619875032,19,200,true,10,10,19
1767619875032,19,200,true,10,10,19
1767619875032,19,200,true,10,10,19
1767619875032,20,200,true,10,10,20
1767619875033,19,200,true,10,10,19
1767619875033,19,200,true,10,10,19
1767619875033,19,200,true,10,10,19
1767619875037,16,200,true,10,10,16
1767619875037,16,200,true,10,10,16
1767619875037,16,200,true,10,10,16
1767619875051,19,200,true,10,10,19
1767619875051,19,200,true,10,10,19
1767619875051,20,200,true,10,10,20
1767619875052,19,200,true,10,10,19
1767619875052,19,200,true,10,10,19
1767619875052,19,200,true,10,10,19
1767619875052,20,200,true,10,10,20
1767619875053,19,200,true,10,10,19
1767619875053,19,200,true,10,10,19
1767619875053,19,200,true,10,10,19
1767619875070,9,200,true,10,10,9
1767619875070,9,200,true,10,10,9
1767619875071,21,200,true,10,10,21
1767619875071,21,200,true,10,10,21
1767619875071,22,200,true,10,10,22
1767619875071,22,200,true,10,10,22
1767619875072,21,200,true,10,10,21
1767619875072,21,200,true,10,10,21
1767619875072,21,200,true,10,10,21
1767619875072,22,200,true,10,10,22
1767619875079,15,200,true,10,10,15
1767619875079,15,200,true,10,10,15
1767619875092,22,200,true,10,10,22
1767619875093,21,200,true,10,10,21
1767619875093,21,200,true,10,10,21
1767619875093,22,200,true,10,10,22
1767619875093,22,200,true,10,10,22
1767619875093,22,200,true,10,10,22
1767619875094,22,200,true,10,10,22
1767619875094,22,200,true,10,10,22
1767619875094,22,200,true,10,10,22
1767619875094,22,200,true,10,10,22
1767619875114,20,200,true,10,10,20
1767619875114,20,200,true,10,10,20
1767619875115,19,200,true,10,10,19
1767619875115,19,200,true,10,10,19
1767619875115,20,200,true,10,10,20
1767619875115,20,200,true,10,10,20
1767619875116,19,200,true,10,10,19
1767619875116,19,200,true,10,10,19
1767619875116,19,200,true,10,10,19
1767619875116,20,200,true,10,10,20
1767619875134,20,200,true,10,10,19
1767619875134,20,200,true,10,10,20
1767619875134,20,200,true,10,10,20
1767619875135,19,200,true,10,10,19
1767619875135,20,200,true,10,10,20
1767619875135,20,200,true,10,10,20
1767619875135,20,200,true,10,10,20
1767619875135,21,200,true,10,10,21
1767619875135,21,200,true,10,10,21
1767619875136,20,200,true,10,10,20
1767619875154,27,200,true,10,10,27
1767619875154,27,200,true,10,10,27
1767619875154,27,200,true,10,10,27
1767619875154,27,200,true,10,10,27
1767619875155,26,200,true,10,10,26
1767619875155,27,200,true,10,10,27
1767619875155,27,200,true,10,10,27
1767619875156,26,200,true,10,10,26
1767619875156,26,200,true,10,10,26
1767619875156,26,200,true,10,10,26
1767619875181,27,200,true,10,10,27
1767619875181,27,200,true,10,10,27
1767619875181,27,200,true,10,10,27
1767619875181,27,200,true,10,10,27
1767619875181,27,200,true,10,10,27
1767619875182,26,200,true,10,10,26
1767619875182,27,200,true,10,10,27
1767619875182,27,200,true,10,10,27
1767619875182,27,200,true,10,10,27
1767619875182,27,200,true,10,10,27
1767619875208,20,200,true,10,10,20
1767619875208,20,200,true,10,10,20
1767619875208,20,200,true,10,10,20
1767619875208,20,200,true,10,10,20
1767619875208,20,200,true,10,10,20
1767619875209,20,200,true,10,10,19
1767619875209,20,200,true,10,10,20
1767619875209,20,200,true,10,10,20
1767619875209,20,200,true,10,10,20
1767619875209,20,200,true,10,10,20
1767619875228,19,200,true,10,10,19
1767619875228,19,200,true,10,10,19
1767619875228,19,200,true,10,10,19
1767619875228,20,200,true,10,10,20
1767619875228,20,200,true,10,10,20
1767619875229,19,200,true,10,10,19
1767619875229,20,200,true,10,10,20
1767619875229,20,200,true,10,10,20
1767619875229,20,200,true,10,10,20
1767619875229,21,200,true,10,10,21
1767619875247,21,200,true,10,10,21
1767619875247,21,200,true,10,10,21
1767619875248,20,200,true,10,10,20
1767619875248,21,200,true,10,10,21
1767619875248,21,200,true,10,10,21
1767619875248,21,200,true,10,10,21
1767619875249,20,200,true,10,10,20
1767619875249,21,200,true,10,10,21
1767619875249,21,200,true,10,10,21
1767619875250,20,200,true,10,10,20
1767619875268,20,200,true,10,10,20
1767619875268,20,200,true,10,10,20
1767619875269,19,200,true,10,10,19
1767619875269,19,200,true,10,10,19
1767619875269,19,200,true,10,10,19
1767619875269,20,200,true,10,10,20
1767619875269,20,200,true,10,10,20
1767619875270,19,200,true,10,10,19
1767619875270,19,200,true,10,10,19
1767619875270,19,200,true,10,10,19
1767619875288,21,200,true,10,10,21
1767619875288,21,200,true,10,10,21
1767619875288,21,200,true,10,10,21
1767619875288,21,200,true,10,10,21
1767619875288,21,200,true,10,10,21
1767619875289,21,200,true,10,10,21
1767619875289,21,200,true,10,10,21
1767619875289,21,200,true,10,10,21
1767619875289,21,200,true,10,10,21
1767619875289,22,200,true,10,10,22
1767619875309,19,200,true,10,10,19
1767619875309,19,200,true,10,10,19
1767619875309,19,200,true,10,10,19
1767619875309,19,200,true,10,10,19
1767619875310,19,200,true,10,10,19
1767619875310,19,200,true,10,10,19
1767619875310,19,200,true,10,10,19
1767619875310,19,200,true,10,10,19
1767619875310,20,200,true,10,10,20
1767619875311,19,200,true,10,10,19
1767619875328,12,200,true,10,10,12
1767619875328,12,200,true,10,10,12
1767619875328,13,200,true,10,10,13
1767619875328,13,200,true,10,10,13
1767619875329,24,200,true,10,10,24
1767619875329,24,200,true,10,10,24
1767619875329,25,200,true,10,10,25
1767619875329,25,200,true,10,10,25
1767619875330,24,200,true,10,10,24
1767619875330,24,200,true,10,10,24
1767619875340,14,200,true,10,10,14
1767619875340,15,200,true,10,10,15
1767619875341,14,200,true,10,10,14
1767619875341,14,200,true,10,10,14
1767619875353,17,200,true,10,10,17
1767619875353,18,200,true,10,10,18
1767619875354,17,200,true,10,10,17
1767619875354,17,200,true,10,10,17
1767619875354,17,200,true,10,10,17
1767619875354,42,200,true,10,10,42
1767619875355,42,200,true,10,10,42
1767619875355,42,200,true,10,10,42
1767619875355,42,200,true,10,10,42
1767619875355,42,200,true,10,10,42
1767619875370,28,200,true,10,10,28
1767619875371,27,200,true,10,10,27
1767619875371,27,200,true,10,10,27
1767619875371,28,200,true,10,10,28
1767619875371,28,200,true,10,10,28
1767619875397,22,200,true,10,10,22
1767619875397,22,200,true,10,10,22
1767619875397,22,200,true,10,10,22
1767619875397,22,200,true,10,10,22
1767619875398,22,200,true,10,10,22
1767619875398,22,200,true,10,10,22
1767619875398,22,200,true,10,10,22
1767619875398,22,200,true,10,10,22
1767619875399,21,200,true,10,10,21
1767619875399,22,200,true,10,10,22
1767619875419,20,200,true,10,10,20
1767619875419,20,200,true,10,10,20
1767619875419,20,200,true,10,10,20
1767619875419,20,200,true,10,10,20
1767619875420,19,200,true,10,10,19
1767619875420,20,200,true,10,10,20
1767619875420,20,200,true,10,10,20
1767619875420,20,200,true,10,10,20
1767619875421,19,200,true,10,10,19
1767619875421,20,200,true,10,10,20
1767619875439,33,200,true,10,10,33
1767619875439,33,200,true,10,10,33
1767619875439,33,200,true,10,10,33
1767619875439,34,200,true,10,10,34
1767619875439,34,200,true,10,10,34
1767619875440,33,200,true,10,10,33
1767619875440,33,200,true,10,10,33
1767619875440,33,200,true,10,10,33
1767619875440,34,200,true,10,10,34
1767619875441,33,200,true,10,10,33
1767619875472,20,200,true,10,10,20
1767619875472,20,200,true,10,10,20
1767619875472,20,200,true,10,10,20
1767619875473,19,200,true,10,10,19
1767619875473,19,200,true,10,10,19
1767619875473,20,200,true,10,10,20
1767619875473,20,200,true,10,10,20
1767619875474,19,200,true,10,10,19
1767619875474,19,200,true,10,10,19
1767619875474,20,200,true,10,10,20
1767619875492,20,200,true,10,10,20
1767619875492,20,200,true,10,10,20
1767619875492,20,200,true,10,10,20
1767619875492,21,200,true,10,10,21
1767619875492,21,200,true,10,10,21
1767619875493,20,200,true,10,10,20
1767619875493,20,200,true,10,10,20
1767619875493,21,200,true,10,10,21
1767619875493,21,200,true,10,10,21
1767619875494,20,200,true,10,10,20
1767619875512,20,200,true,10,10,20
1767619875512,20,200,true,10,10,20
1767619875512,20,200,true,10,10,20
1767619875513,19,200,true,10,10,19
1767619875513,19,200,true,10,10,19
1767619875513,19,200,true,10,10,19
1767619875513,20,200,true,10,10,20
1767619875514,19,200,true,10,10,19
1767619875514,19,200,true,10,10,19
1767619875514,19,200,true,10,10,19
1767619875532,20,200,true,10,10,20
1767619875532,20,200,true,10,10,20
1767619875532,20,200,true,10,10,20
1767619875532,20,200,true,10,10,20
1767619875532,20,200,true,10,10,20
1767619875533,20,200,true,10,10,20
1767619875533,20,200,true,10,10,20
1767619875533,20,200,true,10,10,20
1767619875533,20,200,true,10,10,20
1767619875533,20,200,true,10,10,20
1767619875552,20,200,true,10,10,20
1767619875552,20,200,true,10,10,20
1767619875552,21,200,true,10,10,21
1767619875552,21,200,true,10,10,21
1767619875552,21,200,true,10,10,21
1767619875553,20,200,true,10,10,20
1767619875553,21,200,true,10,10,21
1767619875553,21,200,true,10,10,21
1767619875553,21,200,true,10,10,21
1767619875554,21,200,true,10,10,21
1767619875572,20,200,true,10,10,20
1767619875572,20,200,true,10,10,20
1767619875573,20,200,true,10,10,20
1767619875573,20,200,true,10,10,20
1767619875573,20,200,true,10,10,20
1767619875573,21,200,true,10,10,21
1767619875574,20,200,true,10,10,20
1767619875574,20,200,true,10,10,20
1767619875574,20,200,true,10,10,20
1767619875575,20,200,true,10,10,20
1767619875592,20,200,true,10,10,20
1767619875592,20,200,true,10,10,20
1767619875593,19,200,true,10,10,19
1767619875593,19,200,true,10,10,19
1767619875593,20,200,true,10,10,20
1767619875594,19,200,true,10,10,19
1767619875594,19,200,true,10,10,19
1767619875594,19,200,true,10,10,19
1767619875595,18,200,true,10,10,18
1767619875595,19,200,true,10,10,19
1767619875612,16,200,true,10,10,16
1767619875612,17,200,true,10,10,17
1767619875612,17,200,true,10,10,17
1767619875612,20,200,true,10,10,20
1767619875613,19,200,true,10,10,19
1767619875613,20,200,true,10,10,20
1767619875613,20,200,true,10,10,20
1767619875613,20,200,true,10,10,20
1767619875614,19,200,true,10,10,19
1767619875614,19,200,true,10,10,19
1767619875629,20,200,true,10,10,20
1767619875629,20,200,true,10,10,20
1767619875629,21,200,true,10,10,21
1767619875632,21,200,true,10,10,21
1767619875632,21,200,true,10,10,21
1767619875633,21,200,true,10,10,21
1767619875633,21,200,true,10,10,21
1767619875633,21,200,true,10,10,21
1767619875633,21,200,true,10,10,21
1767619875634,21,200,true,10,10,21
1767619875649,12,200,true,10,10,12
1767619875650,12,200,true,10,10,12
1767619875650,12,200,true,10,10,12
1767619875653,23,200,true,10,10,23
1767619875653,24,200,true,10,10,24
1767619875654,23,200,true,10,10,23
1767619875654,23,200,true,10,10,23
1767619875654,23,200,true,10,10,23
1767619875654,24,200,true,10,10,24
1767619875655,23,200,true,10,10,23
1767619875662,19,200,true,10,10,19
1767619875662,19,200,true,10,10,19
1767619875662,19,200,true,10,10,19
1767619875676,25,200,true,10,10,25
1767619875677,24,200,true,10,10,24
1767619875677,25,200,true,10,10,25
1767619875677,25,200,true,10,10,25
1767619875677,25,200,true,10,10,25
1767619875678,24,200,true,10,10,24
1767619875678,24,200,true,10,10,24
1767619875681,22,200,true,10,10,22
1767619875681,22,200,true,10,10,22
1767619875681,22,200,true,10,10,22
1767619875701,20,200,true,10,10,20
1767619875702,19,200,true,10,10,19
1767619875702,19,200,true,10,10,19
1767619875702,20,200,true,10,10,20
1767619875702,20,200,true,10,10,20
1767619875702,20,200,true,10,10,20
1767619875702,20,200,true,10,10,20
1767619875703,19,200,true,10,10,19
1767619875703,20,200,true,10,10,20
1767619875703,20,200,true,10,10,20
1767619875721,20,200,true,10,10,20
1767619875721,20,200,true,10,10,20
1767619875721,20,200,true,10,10,20
1767619875722,20,200,true,10,10,20
1767619875722,20,200,true,10,10,20
1767619875722,20,200,true,10,10,20
1767619875722,20,200,true,10,10,20
1767619875722,21,200,true,10,10,21
1767619875723,20,200,true,10,10,20
1767619875723,20,200,true,10,10,20
1767619875741,19,200,true,10,10,19
1767619875741,19,200,true,10,10,19
1767619875742,19,200,true,10,10,19
1767619875742,19,200,true,10,10,19
1767619875742,19,200,true,10,10,19
1767619875742,19,200,true,10,10,19
1767619875742,19,200,true,10,10,19
1767619875743,19,200,true,10,10,19
1767619875743,19,200,true,10,10,19
1767619875743,19,200,true,10,10,19
1767619875760,22,200,true,10,10,22
1767619875760,22,200,true,10,10,22
1767619875761,21,200,true,10,10,21
1767619875761,21,200,true,10,10,21
1767619875761,21,200,true,10,10,21
1767619875761,22,200,true,10,10,22
1767619875761,22,200,true,10,10,22
1767619875762,21,200,true,10,10,21
1767619875762,21,200,true,10,10,21
1767619875762,21,200,true,10,10,21
1767619875782,20,200,true,10,10,20
1767619875782,20,200,true,10,10,20
1767619875782,21,200,true,10,10,21
1767619875782,21,200,true,10,10,21
1767619875782,21,200,true,10,10,21
1767619875783,20,200,true,10,10,20
1767619875783,21,200,true,10,10,21
1767619875783,21,200,true,10,10,21
1767619875783,21,200,true,10,10,21
1767619875783,21,200,true,10,10,21
1767619875802,27,200,true,10,10,27
1767619875802,27,200,true,10,10,27
1767619875803,26,200,true,10,10,26
1767619875803,26,200,true,10,10,26
1767619875803,26,200,true,10,10,26
1767619875804,26,200,true,10,10,26
1767619875804,26,200,true,10,10,26
1767619875804,26,200,true,10,10,26
1767619875804,26,200,true,10,10,26
1767619875805,25,200,true,10,10,25
1767619875829,25,200,true,10,10,25
1767619875829,25,200,true,10,10,25
1767619875829,25,200,true,10,10,25
1767619875829,26,200,true,10,10,25
1767619875829,26,200,true,10,10,26
1767619875830,25,200,true,10,10,25
1767619875830,25,200,true,10,10,25
1767619875830,25,200,true,10,10,25
1767619875830,26,200,true,10,10,26
1767619875831,25,200,true,10,10,25
1767619875854,20,200,true,10,10,20
1767619875854,21,200,true,10,10,21
1767619875854,21,200,true,10,10,21
1767619875855,20,200,true,10,10,20
1767619875855,20,200,true,10,10,20
1767619875855,20,200,true,10,10,20
1767619875855,21,200,true,10,10,21
1767619875855,21,200,true,10,10,21
1767619875856,20,200,true,10,10,20
1767619875856,20,200,true,10,10,20
1767619875875,19,200,true,10,10,19
1767619875875,19,200,true,10,10,19
1767619875875,19,200,true,10,10,19
1767619875875,19,200,true,10,10,19
1767619875875,19,200,true,10,10,19
1767619875876,19,200,true,10,10,19
1767619875876,19,200,true,10,10,19
1767619875876,19,200,true,10,10,19
1767619875876,19,200,true,10,10,19
1767619875876,19,200,true,10,10,19
1767619875894,20,200,true,10,10,20
1767619875894,20,200,true,10,10,20
1767619875894,20,200,true,10,10,20
1767619875894,20,200,true,10,10,20
1767619875894,20,200,true,10,10,20
1767619875895,20,200,true,10,10,20
1767619875895,20,200,true,10,10,20
1767619875895,20,200,true,10,10,20
1767619875895,20,200,true,10,10,20
1767619875896,20,200,true,10,10,20
1767619875914,20,200,true,10,10,20
1767619875914,20,200,true,10,10,20
1767619875914,20,200,true,10,10,20
1767619875914,20,200,true,10,10,20
1767619875914,20,200,true,10,10,20
1767619875915,20,200,true,10,10,20
1767619875915,20,200,true,10,10,20
1767619875915,20,200,true,10,10,20
1767619875915,20,200,true,10,10,20
1767619875916,19,200,true,10,10,19
1767619875934,20,200,true,10,10,20
1767619875934,20,200,true,10,10,20
1767619875934,21,200,true,10,10,21
1767619875934,21,200,true,10,10,21
1767619875935,20,200,true,10,10,20
1767619875935,20,200,true,10,10,20
1767619875935,20,200,true,10,10,20
1767619875935,21,200,true,10,10,21
1767619875935,21,200,true,10,10,21
1767619875936,20,200,true,10,10,20
1767619875954,30,200,true,10,10,30
1767619875955,29,200,true,10,10,29
1767619875955,30,200,true,10,10,30
1767619875955,30,200,true,10,10,30
1767619875955,31,200,true,10,10,31
1767619875955,31,200,true,10,10,31
1767619875955,31,200,true,10,10,31
1767619875956,30,200,true,10,10,30
1767619875956,31,200,true,10,10,31
1767619875956,31,200,true,10,10,31
1767619875984,27,200,true,10,10,27
1767619875985,26,200,true,10,10,26
1767619875985,26,200,true,10,10,26
1767619875985,26,200,true,10,10,26
1767619875986,25,200,true,10,10,25
1767619875986,26,200,true,10,10,26
1767619875986,26,200,true,10,10,26
1767619875987,25,200,true,10,10,25
1767619875987,26,200,true,10,10,26
1767619875987,26,200,true,10,10,26
1767619876011,21,200,true,10,10,21
1767619876011,21,200,true,10,10,21
1767619876011,21,200,true,10,10,21
1767619876011,21,200,true,10,10,21
1767619876012,21,200,true,10,10,21
1767619876012,21,200,true,10,10,21
1767619876012,21,200,true,10,10,21
1767619876012,21,200,true,10,10,21
1767619876013,21,200,true,10,10,21
1767619876013,21,200,true,10,10,21
1767619876032,24,200,true,10,10,24
1767619876032,24,200,true,10,10,24
1767619876032,24,200,true,10,10,24
1767619876032,25,200,true,10,10,25
1767619876033,24,200,true,10,10,24
1767619876033,24,200,true,10,10,24
1767619876033,24,200,true,10,10,24
1767619876033,24,200,true,10,10,24
1767619876034,24,200,true,10,10,24
1767619876034,24,200,true,10,10,24
1767619876056,25,200,true,10,10,25
1767619876056,26,200,true,10,10,26
1767619876056,26,200,true,10,10,26
1767619876057,25,200,true,10,10,25
1767619876057,25,200,true,10,10,25
1767619876057,25,200,true,10,10,25
1767619876057,26,200,true,10,10,26
1767619876058,25,200,true,10,10,25
1767619876058,25,200,true,10,10,25
1767619876058,25,200,true,10,10,25
1767619876082,19,200,true,10,10,19
1767619876082,19,200,true,10,10,19
1767619876082,19,200,true,10,10,19
1767619876082,19,200,true,10,10,19
1767619876082,19,200,true,10,10,19
1767619876082,20,200,true,10,10,20
1767619876083,19,200,true,10,10,19
1767619876083,19,200,true,10,10,19
1767619876083,19,200,true,10,10,19
1767619876083,19,200,true,10,10,19
1767619876101,19,200,true,10,10,19
1767619876101,20,200,true,10,10,20
1767619876101,20,200,true,10,10,20
1767619876101,20,200,true,10,10,20
1767619876101,20,200,true,10,10,20
1767619876102,19,200,true,10,10,19
1767619876102,20,200,true,10,10,20
1767619876102,20,200,true,10,10,20
1767619876102,20,200,true,10,10,20
1767619876102,20,200,true,10,10,20
1767619876121,20,200,true,10,10,20
1767619876121,20,200,true,10,10,20
1767619876121,20,200,true,10,10,20
1767619876121,20,200,true,10,10,20
1767619876121,21,200,true,10,10,21
1767619876121,21,200,true,10,10,21
1767619876122,20,200,true,10,10,20
1767619876122,20,200,true,10,10,20
1767619876122,20,200,true,10,10,20
1767619876123,19,200,true,10,10,19
1767619876141,20,200,true,10,10,20
1767619876141,20,200,true,10,10,20
1767619876141,20,200,true,10,10,20
1767619876141,20,200,true,10,10,20
1767619876142,20,200,true,10,10,20
1767619876142,20,200,true,10,10,20
1767619876142,20,200,true,10,10,20
1767619876142,20,200,true,10,10,20
1767619876142,21,200,true,10,10,21
1767619876143,20,200,true,10,10,20
1767619876161,19,200,true,10,10,19
1767619876161,19,200,true,10,10,19
1767619876161,20,200,true,10,10,20
1767619876162,19,200,true,10,10,19
1767619876162,19,200,true,10,10,19
1767619876162,19,200,true,10,10,19
1767619876162,20,200,true,10,10,20
1767619876162,20,200,true,10,10,20
1767619876163,19,200,true,10,10,19
1767619876163,19,200,true,10,10,19
1767619876180,21,200,true,10,10,21
1767619876180,21,200,true,10,10,21
1767619876181,20,200,true,10,10,20
1767619876181,21,200,true,10,10,21
1767619876181,21,200,true,10,10,21
1767619876181,21,200,true,10,10,21
1767619876182,20,200,true,10,10,20
1767619876182,21,200,true,10,10,21
1767619876182,21,200,true,10,10,21
1767619876182,21,200,true,10,10,21
1767619876201,20,200,true,10,10,20
1767619876201,20,200,true,10,10,20
1767619876202,19,200,true,10,10,19
1767619876202,19,200,true,10,10,19
1767619876202,19,200,true,10,10,19
1767619876202,19,200,true,10,10,19
1767619876202,20,200,true,10,10,20
1767619876203,19,200,true,10,10,19
1767619876203,19,200,true,10,10,19
1767619876203,19,200,true,10,10,19
1767619876221,23,200,true,10,10,23
1767619876221,23,200,true,10,10,23
1767619876221,23,200,true,10,10,23
1767619876221,24,200,true,10,10,24
1767619876221,24,200,true,10,10,24
1767619876221,24,200,true,10,10,24
1767619876222,23,200,true,10,10,23
1767619876222,24,200,true,10,10,24
1767619876222,24,200,true,10,10,24
1767619876222,24,200,true,10,10,24
1767619876244,25,200,true,10,10,25
1767619876244,25,200,true,10,10,25
1767619876244,25,200,true,10,10,25
1767619876245,24,200,true,10,10,24
1767619876245,25,200,true,10,10,25
1767619876245,25,200,true,10,10,25
1767619876245,25,200,true,10,10,25
1767619876246,24,200,true,10,10,24
1767619876246,25,200,true,10,10,25
1767619876246,25,200,true,10,10,25
1767619876269,22,200,true,10,10,22
1767619876269,22,200,true,10,10,22
1767619876269,22,200,true,10,10,22
1767619876269,23,200,true,10,10,22
1767619876270,22,200,true,10,10,22
1767619876270,22,200,true,10,10,22
1767619876270,22,200,true,10,10,22
1767619876271,21,200,true,10,10,21
1767619876271,22,200,true,10,10,22
1767619876271,22,200,true,10,10,22
1767619876291,20,200,true,10,10,19
1767619876291,20,200,true,10,10,20
1767619876291,20,200,true,10,10,20
1767619876292,19,200,true,10,10,19
1767619876292,19,200,true,10,10,19
1767619876292,19,200,true,10,10,19
1767619876292,20,200,true,10,10,20
1767619876292,20,200,true,10,10,20
1767619876293,19,200,true,10,10,19
1767619876293,19,200,true,10,10,19
1767619876311,19,200,true,10,10,19
1767619876311,19,200,true,10,10,19
1767619876311,19,200,true,10,10,19
1767619876311,19,200,true,10,10,19
1767619876311,20,200,true,10,10,20
1767619876311,20,200,true,10,10,20
1767619876312,19,200,true,10,10,19
1767619876312,19,200,true,10,10,19
1767619876312,19,200,true,10,10,19
1767619876312,20,200,true,10,10,20
1767619876330,20,200,true,10,10,20
1767619876330,20,200,true,10,10,20
1767619876330,20,200,true,10,10,20
1767619876330,20,200,true,10,10,20
1767619876331,20,200,true,10,10,20
1767619876331,20,200,true,10,10,20
1767619876331,20,200,true,10,10,20
1767619876331,20,200,true,10,10,20
1767619876331,20,200,true,10,10,20
1767619876332,20,200,true,10,10,20
1767619876350,19,200,true,10,10,19
1767619876350,19,200,true,10,10,19
1767619876350,19,200,true,10,10,19
1767619876351,19,200,true,10,10,19
1767619876351,19,200,true,10,10,19
1767619876351,19,200,true,10,10,19
1767619876351,19,200,true,10,10,19
1767619876351,19,200,true,10,10,19
1767619876352,19,200,true,10,10,19
1767619876352,19,200,true,10,10,19
1767619876369,20,200,true,10,10,20
1767619876369,20,200,true,10,10,20
1767619876370,20,200,true,10,10,20
1767619876370,20,200,true,10,10,20
1767619876370,20,200,true,10,10,20
1767619876370,20,200,true,10,10,20
1767619876370,21,200,true,10,10,21
1767619876370,21,200,true,10,10,21
1767619876371,20,200,true,10,10,20
1767619876371,21,200,true,10,10,21
1767619876389,22,200,true,10,10,22
1767619876389,22,200,true,10,10,22
1767619876390,21,200,true,10,10,21
1767619876390,21,200,true,10,10,21
1767619876390,21,200,true,10,10,21
1767619876391,21,200,true,10,10,21
1767619876391,21,200,true,10,10,21
1767619876391,21,200,true,10,10,21
1767619876392,20,200,true,10,10,20
1767619876392,20,200,true,10,10,20
1767619876411,24,200,true,10,10,24
1767619876411,24,200,true,10,10,24
1767619876411,24,200,true,10,10,24
1767619876411,25,200,true,10,10,24
1767619876411,25,200,true,10,10,25
1767619876412,24,200,true,10,10,24
1767619876412,24,200,true,10,10,24
1767619876412,24,200,true,10,10,24
1767619876412,25,200,true,10,10,25
1767619876412,25,200,true,10,10,25
1767619876435,19,200,true,10,10,19
1767619876435,19,200,true,10,10,19
1767619876435,19,200,true,10,10,19
1767619876436,18,200,true,10,10,18
1767619876436,19,200,true,10,10,19
1767619876436,19,200,true,10,10,19
1767619876436,19,200,true,10,10,19
1767619876436,24,200,true,10,10,24
1767619876437,23,200,true,10,10,23
1767619876437,24,200,true,10,10,24
1767619876454,21,200,true,10,10,21
1767619876454,21,200,true,10,10,21
1767619876454,21,200,true,10,10,21
1767619876454,22,200,true,10,10,22
1767619876455,21,200,true,10,10,21
1767619876455,21,200,true,10,10,21
1767619876455,22,200,true,10,10,22
1767619876460,17,200,true,10,10,17
1767619876460,17,200,true,10,10,17
1767619876461,16,200,true,10,10,16
1767619876475,19,200,true,10,10,19
1767619876475,19,200,true,10,10,19
1767619876475,20,200,true,10,10,19
1767619876476,19,200,true,10,10,19
1767619876476,19,200,true,10,10,19
1767619876476,19,200,true,10,10,19
1767619876477,18,200,true,10,10,18
1767619876477,19,200,true,10,10,19
1767619876477,19,200,true,10,10,19
1767619876477,19,200,true,10,10,19
1767619876494,19,200,true,10,10,19
1767619876494,19,200,true,10,10,19
1767619876495,18,200,true,10,10,18
1767619876495,20,200,true,10,10,20
1767619876495,20,200,true,10,10,20
1767619876495,20,200,true,10,10,20
1767619876495,20,200,true,10,10,20
1767619876496,20,200,true,10,10,20
1767619876496,20,200,true,10,10,20
1767619876496,20,200,true,10,10,20
1767619876513,16,200,true,10,10,16
1767619876513,16,200,true,10,10,16
1767619876513,17,200,true,10,10,17
1767619876515,18,200,true,10,10,18
1767619876515,18,200,true,10,10,18
1767619876515,18,200,true,10,10,18
1767619876515,18,200,true,10,10,18
1767619876516,18,200,true,10,10,18
1767619876516,18,200,true,10,10,18
1767619876516,18,200,true,10,10,18
1767619876529,18,200,true,10,10,17
1767619876530,17,200,true,10,10,17
1767619876530,17,200,true,10,10,17
1767619876533,24,200,true,10,10,24
1767619876533,24,200,true,10,10,24
1767619876533,24,200,true,10,10,24
1767619876533,25,200,true,10,10,25
1767619876534,24,200,true,10,10,24
1767619876534,24,200,true,10,10,24
1767619876534,24,200,true,10,10,24
1767619876547,12,200,true,10,10,12
1767619876547,12,200,true,10,10,12
1767619876547,12,200,true,10,10,12
1767619876557,19,200,true,10,10,19
1767619876557,19,200,true,10,10,19
1767619876557,19,200,true,10,10,19
1767619876558,18,200,true,10,10,18
1767619876558,19,200,true,10,10,19
1767619876558,19,200,true,10,10,19
1767619876558,19,200,true,10,10,19
1767619876559,18,200,true,10,10,18
1767619876559,19,200,true,10,10,19
1767619876559,19,200,true,10,10,19
1767619876576,20,200,true,10,10,20
1767619876576,20,200,true,10,10,20
1767619876576,20,200,true,10,10,20
1767619876576,21,200,true,10,10,21
1767619876577,20,200,true,10,10,20
1767619876577,20,200,true,10,10,20
1767619876577,20,200,true,10,10,20
1767619876578,20,200,true,10,10,20
1767619876578,20,200,true,10,10,20
1767619876578,20,200,true,10,10,20
1767619876596,28,200,true,10,10,28
1767619876596,28,200,true,10,10,28
1767619876596,28,200,true,10,10,28
1767619876597,27,200,true,10,10,27
1767619876597,27,200,true,10,10,27
1767619876597,28,200,true,10,10,27
1767619876597,28,200,true,10,10,28
1767619876598,27,200,true,10,10,27
1767619876598,27,200,true,10,10,27
1767619876598,27,200,true,10,10,27
1767619876624,19,200,true,10,10,19
1767619876624,19,200,true,10,10,19
1767619876624,19,200,true,10,10,19
1767619876624,19,200,true,10,10,19
1767619876624,19,200,true,10,10,19
1767619876625,19,200,true,10,10,19
1767619876625,19,200,true,10,10,19
1767619876625,19,200,true,10,10,19
1767619876625,19,200,true,10,10,19
1767619876626,18,200,true,10,10,18
1767619876643,19,200,true,10,10,19
1767619876643,19,200,true,10,10,19
1767619876643,19,200,true,10,10,19
1767619876643,20,200,true,10,10,20
1767619876643,20,200,true,10,10,20
1767619876644,19,200,true,10,10,19
1767619876644,19,200,true,10,10,19
1767619876644,19,200,true,10,10,19
1767619876644,20,200,true,10,10,20
1767619876645,19,200,true,10,10,19
1767619876662,19,200,true,10,10,19
1767619876662,19,200,true,10,10,19
1767619876663,19,200,true,10,10,19
1767619876663,19,200,true,10,10,19
1767619876663,19,200,true,10,10,19
1767619876663,19,200,true,10,10,19
1767619876663,19,200,true,10,10,19
1767619876664,19,200,true,10,10,19
1767619876664,19,200,true,10,10,19
1767619876664,19,200,true,10,10,19
1767619876681,20,200,true,10,10,20
1767619876681,20,200,true,10,10,20
1767619876682,19,200,true,10,10,19
1767619876682,19,200,true,10,10,19
1767619876682,19,200,true,10,10,19
1767619876682,20,200,true,10,10,20
1767619876682,20,200,true,10,10,20
1767619876683,19,200,true,10,10,19
1767619876683,19,200,true,10,10,19
1767619876683,19,200,true,10,10,19
1767619876701,19,200,true,10,10,19
1767619876701,19,200,true,10,10,19
1767619876701,19,200,true,10,10,19
1767619876701,19,200,true,10,10,19
1767619876701,19,200,true,10,10,19
1767619876702,19,200,true,10,10,19
1767619876702,19,200,true,10,10,19
1767619876702,19,200,true,10,10,19
1767619876702,19,200,true,10,10,19
1767619876702,19,200,true,10,10,19
1767619876720,19,200,true,10,10,19
1767619876720,20,200,true,10,10,20
1767619876720,20,200,true,10,10,20
1767619876720,20,200,true,10,10,20
1767619876720,20,200,true,10,10,20
1767619876721,20,200,true,10,10,20
1767619876721,20,200,true,10,10,20
1767619876721,20,200,true,10,10,20
1767619876721,20,200,true,10,10,20
1767619876721,40,200,true,10,10,40
1767619876740,24,200,true,10,10,24
1767619876740,24,200,true,10,10,24
1767619876740,24,200,true,10,10,24
1767619876740,24,200,true,10,10,24
1767619876740,25,200,true,10,10,25
1767619876741,24,200,true,10,10,24
1767619876741,24,200,true,10,10,24
1767619876741,24,200,true,10,10,24
1767619876741,24,200,true,10,10,24
1767619876761,10,200,true,10,10,10
1767619876764,20,200,true,10,10,20
1767619876764,20,200,true,10,10,20
1767619876764,20,200,true,10,10,20
1767619876764,20,200,true,10,10,20
1767619876765,20,200,true,10,10,20
1767619876765,20,200,true,10,10,20
1767619876765,20,200,true,10,10,20
1767619876765,20,200,true,10,10,20
1767619876765,20,200,true,10,10,20
1767619876771,15,200,true,10,10,15
1767619876784,30,200,true,10,10,29
1767619876784,30,200,true,10,10,30
1767619876784,30,200,true,10,10,30
1767619876784,30,200,true,10,10,30
1767619876785,29,200,true,10,10,29
1767619876785,29,200,true,10,10,29
1767619876785,30,200,true,10,10,30
1767619876785,30,200,true,10,10,30
1767619876786,29,200,true,10,10,29
1767619876786,29,200,true,10,10,29
1767619876814,20,200,true,10,10,20
1767619876814,20,200,true,10,10,20
1767619876814,20,200,true,10,10,20
1767619876814,20,200,true,10,10,20
1767619876814,20,200,true,10,10,20
1767619876814,20,200,true,10,10,20
1767619876815,20,200,true,10,10,20
1767619876815,20,200,true,10,10,20
1767619876815,20,200,true,10,10,20
1767619876815,20,200,true,10,10,20
1767619876834,18,200,true,10,10,18
1767619876834,18,200,true,10,10,18
1767619876834,19,200,true,10,10,19
1767619876834,19,200,true,10,10,19
1767619876834,19,200,true,10,10,19
1767619876835,18,200,true,10,10,18
1767619876835,18,200,true,10,10,18
1767619876835,19,200,true,10,10,19
1767619876835,19,200,true,10,10,19
1767619876836,18,200,true,10,10,18
1767619876852,18,200,true,10,10,18
1767619876852,19,200,true,10,10,19
1767619876853,18,200,true,10,10,18
1767619876853,18,200,true,10,10,18
1767619876853,18,200,true,10,10,18
1767619876853,19,200,true,10,10,19
1767619876853,19,200,true,10,10,19
1767619876854,18,200,true,10,10,18
1767619876854,18,200,true,10,10,18
1767619876854,18,200,true,10,10,18
1767619876870,19,200,true,10,10,19
1767619876871,18,200,true,10,10,18
1767619876871,18,200,true,10,10,18
1767619876871,18,200,true,10,10,18
1767619876871,19,200,true,10,10,19
1767619876872,18,200,true,10,10,18
1767619876872,18,200,true,10,10,18
1767619876872,18,200,true,10,10,18
1767619876872,19,200,true,10,10,19
1767619876872,19,200,true,10,10,19
1767619876889,22,200,true,10,10,22
1767619876889,22,200,true,10,10,22
1767619876889,23,200,true,10,10,23
1767619876890,22,200,true,10,10,22
1767619876890,22,200,true,10,10,22
1767619876890,22,200,true,10,10,22
1767619876890,22,200,true,10,10,22
1767619876890,23,200,true,10,10,23
1767619876891,22,200,true,10,10,22
1767619876891,22,200,true,10,10,22
1767619876911,19,200,true,10,10,19
1767619876912,18,200,true,10,10,18
1767619876912,18,200,true,10,10,18
1767619876912,19,200,true,10,10,19
1767619876912,19,200,true,10,10,19
1767619876912,19,200,true,10,10,19
1767619876912,19,200,true,10,10,19
1767619876913,18,200,true,10,10,18
1767619876913,19,200,true,10,10,19
1767619876913,19,200,true,10,10,19
1767619876930,19,200,true,10,10,19
1767619876930,20,200,true,10,10,20
1767619876931,19,200,true,10,10,19
1767619876931,19,200,true,10,10,19
1767619876931,19,200,true,10,10,19
1767619876931,19,200,true,10,10,19
1767619876931,20,200,true,10,10,20
1767619876932,19,200,true,10,10,19
1767619876932,19,200,true,10,10,19
1767619876932,19,200,true,10,10,19
1767619876950,24,200,true,10,10,24
1767619876950,24,200,true,10,10,24
1767619876950,24,200,true,10,10,24
1767619876950,24,200,true,10,10,24
1767619876950,24,200,true,10,10,24
1767619876950,24,200,true,10,10,24
1767619876951,24,200,true,10,10,24
1767619876951,24,200,true,10,10,24
1767619876951,24,200,true,10,10,24
1767619876951,24,200,true,10,10,24
1767619876974,23,200,true,10,10,23
1767619876974,23,200,true,10,10,23
1767619876974,23,200,true,10,10,23
1767619876974,23,200,true,10,10,23
1767619876974,23,200,true,10,10,23
1767619876974,23,200,true,10,10,23
1767619876975,23,200,true,10,10,23
1767619876975,23,200,true,10,10,23
1767619876975,23,200,true,10,10,23
1767619876975,23,200,true,10,10,23
1767619876997,19,200,true,10,10,19
1767619876997,19,200,true,10,10,19
1767619876997,19,200,true,10,10,19
1767619876997,20,200,true,10,10,20
1767619876997,20,200,true,10,10,20
1767619876998,19,200,true,10,10,19
1767619876998,19,200,true,10,10,19
1767619876998,20,200,true,10,10,20
1767619876998,20,200,true,10,10,20
1767619876999,19,200,true,10,10,19
1767619877016,19,200,true,10,10,19
1767619877016,19,200,true,10,10,19
1767619877017,19,200,true,10,10,19
1767619877017,19,200,true,10,10,19
1767619877017,19,200,true,10,10,19
1767619877017,19,200,true,10,10,19
1767619877017,19,200,true,10,10,19
1767619877018,19,200,true,10,10,19
1767619877018,19,200,true,10,10,19
1767619877018,19,200,true,10,10,19
1767619877035,18,200,true,10,10,18
1767619877035,18,200,true,10,10,18
1767619877036,18,200,true,10,10,18
1767619877036,18,200,true,10,10,18
1767619877036,18,200,true,10,10,18
1767619877036,18,200,true,10,10,18
1767619877037,18,200,true,10,10,18
1767619877037,18,200,true,10,10,18
1767619877037,18,200,true,10,10,18
1767619877037,18,200,true,10,10,18
1767619877053,18,200,true,10,10,18
1767619877054,18,200,true,10,10,18
1767619877054,18,200,true,10,10,18
1767619877054,18,200,true,10,10,18
1767619877054,18,200,true,10,10,18
1767619877054,19,200,true,10,10,19
1767619877055,18,200,true,10,10,18
1767619877055,18,200,true,10,10,18
1767619877055,18,200,true,10,10,18
1767619877055,18,200,true,10,10,18
1767619877072,8,200,true,10,10,8
1767619877072,8,200,true,10,10,8
1767619877072,21,200,true,10,10,21
1767619877072,22,200,true,10,10,22
1767619877072,22,200,true,10,10,22
1767619877073,21,200,true,10,10,21
1767619877073,21,200,true,10,10,21
1767619877073,21,200,true,10,10,21
1767619877073,22,200,true,10,10,22
1767619877073,22,200,true,10,10,22
1767619877080,15,200,true,10,10,15
1767619877080,15,200,true,10,10,15
1767619877094,18,200,true,10,10,18
1767619877094,18,200,true,10,10,18
1767619877094,18,200,true,10,10,18
1767619877094,18,200,true,10,10,18
1767619877094,19,200,true,10,10,19
1767619877094,19,200,true,10,10,19
1767619877095,18,200,true,10,10,18
1767619877095,18,200,true,10,10,18
1767619877095,18,200,true,10,10,18
1767619877095,19,200,true,10,10,19
1767619877112,19,200,true,10,10,19
1767619877112,19,200,true,10,10,19
1767619877112,19,200,true,10,10,19
1767619877113,19,200,true,10,10,19
1767619877113,19,200,true,10,10,19
1767619877113,19,200,true,10,10,19
1767619877113,19,200,true,10,10,19
1767619877113,19,200,true,10,10,19
1767619877114,19,200,true,10,10,19
1767619877114,19,200,true,10,10,19
1767619877131,25,200,true,10,10,25
1767619877131,25,200,true,10,10,25
1767619877132,24,200,true,10,10,24
1767619877132,24,200,true,10,10,24
1767619877132,24,200,true,10,10,24
1767619877132,25,200,true,10,10,25
1767619877132,25,200,true,10,10,25
1767619877132,25,200,true,10,10,25
1767619877133,24,200,true,10,10,24
1767619877133,24,200,true,10,10,24
1767619877156,24,200,true,10,10,24
1767619877156,24,200,true,10,10,24
1767619877156,24,200,true,10,10,24
1767619877156,24,200,true,10,10,24
1767619877157,23,200,true,10,10,23
1767619877157,24,200,true,10,10,24
1767619877157,24,200,true,10,10,24
1767619877157,24,200,true,10,10,24
1767619877157,24,200,true,10,10,24
1767619877158,24,200,true,10,10,24
1767619877180,20,200,true,10,10,20
1767619877180,20,200,true,10,10,20
1767619877180,20,200,true,10,10,20
1767619877180,21,200,true,10,10,21
1767619877181,20,200,true,10,10,20
1767619877181,20,200,true,10,10,20
1767619877181,20,200,true,10,10,20
1767619877181,20,200,true,10,10,20
1767619877181,21,200,true,10,10,21
1767619877182,20,200,true,10,10,20
1767619877200,21,200,true,10,10,21
1767619877200,21,200,true,10,10,21
1767619877200,21,200,true,10,10,21
1767619877201,20,200,true,10,10,20
1767619877201,20,200,true,10,10,20
1767619877201,21,200,true,10,10,21
1767619877201,21,200,true,10,10,21
1767619877202,20,200,true,10,10,20
1767619877202,20,200,true,10,10,20
1767619877202,20,200,true,10,10,20
1767619877221,19,200,true,10,10,19
1767619877221,19,200,true,10,10,19
1767619877221,19,200,true,10,10,19
1767619877221,19,200,true,10,10,19
1767619877221,19,200,true,10,10,19
1767619877222,19,200,true,10,10,19
1767619877222,19,200,true,10,10,19
1767619877222,19,200,true,10,10,19
1767619877222,19,200,true,10,10,19
1767619877222,19,200,true,10,10,19
1767619877240,20,200,true,10,10,20
1767619877240,20,200,true,10,10,20
1767619877240,21,200,true,10,10,20
1767619877240,21,200,true,10,10,21
1767619877241,20,200,true,10,10,20
1767619877241,20,200,true,10,10,20
1767619877241,20,200,true,10,10,20
1767619877241,21,200,true,10,10,21
1767619877241,21,200,true,10,10,21
1767619877242,20,200,true,10,10,20
1767619877260,19,200,true,10,10,19
1767619877260,19,200,true,10,10,19
1767619877261,19,200,true,10,10,19
1767619877261,19,200,true,10,10,19
1767619877261,19,200,true,10,10,19
1767619877261,19,200,true,10,10,19
1767619877261,20,200,true,10,10,20
1767619877262,19,200,true,10,10,19
1767619877262,19,200,true,10,10,19
1767619877262,19,200,true,10,10,19
1767619877279,19,200,true,10,10,19
1767619877280,19,200,true,10,10,18
1767619877280,19,200,true,10,10,19
1767619877280,19,200,true,10,10,19
1767619877280,19,200,true,10,10,19
1767619877280,19,200,true,10,10,19
1767619877281,19,200,true,10,10,19
1767619877281,19,200,true,10,10,19
1767619877281,19,200,true,10,10,19
1767619877281,19,200,true,10,10,19
1767619877298,19,200,true,10,10,19
1767619877299,18,200,true,10,10,18
1767619877299,18,200,true,10,10,18
1767619877299,19,200,true,10,10,19
1767619877299,19,200,true,10,10,19
1767619877299,19,200,true,10,10,19
1767619877300,18,200,true,10,10,18
1767619877300,19,200,true,10,10,19
1767619877300,19,200,true,10,10,19
1767619877300,19,200,true,10,10,19
1767619877317,15,200,true,10,10,15
1767619877317,27,200,true,10,10,27
1767619877318,26,200,true,10,10,26
1767619877318,26,200,true,10,10,26
1767619877318,27,200,true,10,10,27
1767619877318,27,200,true,10,10,27
1767619877318,27,200,true,10,10,27
1767619877319,26,200,true,10,10,26
1767619877319,26,200,true,10,10,26
1767619877319,27,200,true,10,10,27
1767619877332,14,200,true,10,10,14
1767619877344,40,200,true,10,10,40
1767619877344,40,200,true,10,10,40
1767619877345,39,200,true,10,10,39
1767619877345,40,200,true,10,10,40
1767619877345,40,200,true,10,10,40
1767619877345,40,200,true,10,10,40
1767619877345,40,200,true,10,10,40
1767619877346,40,200,true,10,10,40
1767619877346,40,200,true,10,10,40
1767619877346,40,200,true,10,10,40
1767619877384,20,200,true,10,10,20
1767619877384,20,200,true,10,10,20
1767619877385,19,200,true,10,10,19
1767619877385,19,200,true,10,10,19
1767619877385,19,200,true,10,10,19
1767619877385,19,200,true,10,10,19
1767619877385,20,200,true,10,10,20
1767619877386,19,200,true,10,10,19
1767619877386,19,200,true,10,10,19
1767619877386,19,200,true,10,10,19
1767619877404,20,200,true,10,10,20
1767619877404,20,200,true,10,10,20
1767619877404,20,200,true,10,10,20
1767619877404,20,200,true,10,10,20
1767619877404,21,200,true,10,10,21
1767619877405,20,200,true,10,10,20
1767619877405,20,200,true,10,10,20
1767619877405,20,200,true,10,10,20
1767619877405,21,200,true,10,10,21
1767619877405,21,200,true,10,10,21
1767619877424,34,200,true,10,10,33
1767619877424,34,200,true,10,10,34
1767619877424,34,200,true,10,10,34
1767619877425,33,200,true,10,10,33
1767619877425,34,200,true,10,10,34
1767619877425,34,200,true,10,10,34
1767619877425,34,200,true,10,10,34
1767619877425,35,200,true,10,10,35
1767619877426,34,200,true,10,10,34
1767619877426,34,200,true,10,10,34
1767619877458,22,200,true,10,10,22
1767619877458,22,200,true,10,10,22
1767619877458,22,200,true,10,10,22
1767619877458,22,200,true,10,10,22
1767619877459,21,200,true,10,10,21
1767619877459,22,200,true,10,10,22
1767619877460,21,200,true,10,10,21
1767619877460,21,200,true,10,10,21
1767619877460,21,200,true,10,10,21
1767619877460,21,200,true,10,10,21
1767619877480,19,200,true,10,10,19
1767619877480,19,200,true,10,10,19
1767619877480,19,200,true,10,10,19
1767619877480,19,200,true,10,10,19
1767619877480,20,200,true,10,10,20
1767619877481,19,200,true,10,10,19
1767619877481,19,200,true,10,10,19
1767619877481,19,200,true,10,10,19
1767619877481,20,200,true,10,10,20
1767619877481,20,200,true,10,10,20
1767619877499,19,200,true,10,10,19
1767619877499,20,200,true,10,10,20
1767619877499,20,200,true,10,10,20
1767619877499,20,200,true,10,10,20
1767619877500,19,200,true,10,10,19
1767619877500,19,200,true,10,10,19
1767619877500,20,200,true,10,10,20
1767619877500,20,200,true,10,10,20
1767619877501,19,200,true,10,10,19
1767619877501,19,200,true,10,10,19
1767619877519,18,200,true,10,10,18
1767619877519,18,200,true,10,10,18
1767619877519,18,200,true,10,10,18
1767619877519,18,200,true,10,10,18
1767619877519,19,200,true,10,10,18
1767619877519,19,200,true,10,10,19
1767619877520,18,200,true,10,10,18
1767619877520,18,200,true,10,10,18
1767619877520,19,200,true,10,10,19
1767619877520,19,200,true,10,10,19
1767619877537,11,200,true,10,10,11
1767619877537,11,200,true,10,10,11
1767619877537,11,200,true,10,10,11
1767619877537,24,200,true,10,10,24
1767619877538,23,200,true,10,10,23
1767619877538,23,200,true,10,10,23
1767619877538,23,200,true,10,10,23
1767619877538,23,200,true,10,10,23
1767619877539,22,200,true,10,10,22
1767619877539,23,200,true,10,10,23
1767619877548,14,200,true,10,10,14
1767619877548,14,200,true,10,10,14
1767619877548,14,200,true,10,10,14
1767619877561,19,200,true,10,10,19
1767619877561,19,200,true,10,10,19
1767619877561,19,200,true,10,10,19
1767619877561,20,200,true,10,10,20
1767619877561,20,200,true,10,10,20
1767619877561,20,200,true,10,10,20
1767619877562,19,200,true,10,10,19
1767619877562,20,200,true,10,10,20
1767619877562,20,200,true,10,10,20
1767619877562,20,200,true,10,10,20
1767619877580,20,200,true,10,10,20
1767619877580,20,200,true,10,10,20
1767619877580,20,200,true,10,10,20
1767619877581,19,200,true,10,10,19
1767619877581,20,200,true,10,10,20
1767619877581,20,200,true,10,10,20
1767619877581,20,200,true,10,10,20
1767619877582,19,200,true,10,10,19
1767619877582,20,200,true,10,10,20
1767619877582,20,200,true,10,10,20
1767619877600,19,200,true,10,10,19
1767619877600,19,200,true,10,10,19
1767619877600,19,200,true,10,10,19
1767619877600,19,200,true,10,10,19
1767619877601,19,200,true,10,10,19
1767619877601,19,200,true,10,10,19
1767619877601,19,200,true,10,10,19
1767619877601,19,200,true,10,10,19
1767619877602,19,200,true,10,10,19
1767619877602,19,200,true,10,10,19
1767619877619,22,200,true,10,10,22
1767619877619,22,200,true,10,10,22
1767619877619,22,200,true,10,10,22
1767619877619,22,200,true,10,10,22
1767619877620,22,200,true,10,10,22
1767619877620,22,200,true,10,10,22
1767619877620,22,200,true,10,10,22
1767619877620,22,200,true,10,10,22
1767619877621,22,200,true,10,10,21
1767619877621,22,200,true,10,10,22
1767619877641,9,200,true,10,10,9
1767619877641,9,200,true,10,10,9
1767619877641,22,200,true,10,10,22
1767619877641,22,200,true,10,10,22
1767619877642,21,200,true,10,10,21
1767619877642,21,200,true,10,10,21
1767619877642,22,200,true,10,10,22
1767619877642,22,200,true,10,10,22
1767619877643,21,200,true,10,10,21
1767619877643,21,200,true,10,10,21
1767619877650,15,200,true,10,10,15
1767619877650,15,200,true,10,10,15
1767619877663,24,200,true,10,10,24
1767619877663,24,200,true,10,10,24
1767619877663,24,200,true,10,10,24
1767619877664,23,200,true,10,10,23
1767619877664,23,200,true,10,10,23
1767619877664,24,200,true,10,10,24
1767619877664,24,200,true,10,10,24
1767619877664,24,200,true,10,10,24
1767619877665,23,200,true,10,10,23
1767619877665,24,200,true,10,10,24
1767619877687,19,200,true,10,10,19
1767619877687,19,200,true,10,10,19
1767619877687,19,200,true,10,10,19
1767619877687,20,200,true,10,10,20
1767619877687,20,200,true,10,10,20
1767619877688,19,200,true,10,10,19
1767619877688,20,200,true,10,10,20
1767619877688,20,200,true,10,10,20
1767619877688,20,200,true,10,10,20
1767619877689,19,200,true,10,10,19
1767619877706,19,200,true,10,10,19
1767619877706,19,200,true,10,10,19
1767619877707,18,200,true,10,10,18
1767619877707,19,200,true,10,10,19
1767619877707,19,200,true,10,10,19
1767619877707,19,200,true,10,10,19
1767619877708,18,200,true,10,10,18
1767619877708,18,200,true,10,10,18
1767619877708,19,200,true,10,10,19
1767619877708,19,200,true,10,10,19
1767619877725,19,200,true,10,10,19
1767619877725,19,200,true,10,10,19
1767619877725,19,200,true,10,10,19
1767619877726,18,200,true,10,10,18
1767619877726,19,200,true,10,10,19
1767619877726,19,200,true,10,10,19
1767619877726,19,200,true,10,10,19
1767619877727,18,200,true,10,10,18
1767619877727,18,200,true,10,10,18
1767619877727,19,200,true,10,10,19
1767619877744,19,200,true,10,10,19
1767619877744,19,200,true,10,10,19
1767619877744,19,200,true,10,10,19
1767619877744,19,200,true,10,10,19
1767619877745,19,200,true,10,10,19
1767619877745,19,200,true,10,10,19
1767619877745,19,200,true,10,10,19
1767619877745,19,200,true,10,10,19
1767619877745,20,200,true,10,10,20
1767619877746,19,200,true,10,10,19
1767619877763,20,200,true,10,10,20
1767619877763,20,200,true,10,10,20
1767619877763,21,200,true,10,10,21
1767619877763,21,200,true,10,10,21
1767619877764,20,200,true,10,10,20
1767619877764,20,200,true,10,10,20
1767619877764,20,200,true,10,10,20
1767619877764,21,200,true,10,10,21
1767619877765,20,200,true,10,10,20
1767619877765,20,200,true,10,10,20
1767619877783,25,200,true,10,10,25
1767619877784,24,200,true,10,10,24
1767619877784,24,200,true,10,10,24
1767619877784,24,200,true,10,10,24
1767619877784,24,200,true,10,10,24
1767619877784,25,200,true,10,10,25
1767619877784,25,200,true,10,10,25
1767619877785,24,200,true,10,10,24
1767619877785,24,200,true,10,10,24
1767619877785,24,200,true,10,10,24
1767619877808,19,200,true,10,10,19
1767619877808,19,200,true,10,10,19
1767619877808,19,200,true,10,10,19
1767619877808,19,200,true,10,10,19
1767619877809,18,200,true,10,10,18
1767619877809,19,200,true,10,10,19
1767619877809,19,200,true,10,10,19
1767619877809,19,200,true,10,10,19
1767619877809,19,200,true,10,10,19
1767619877810,18,200,true,10,10,18
1767619877827,24,200,true,10,10,24
1767619877827,24,200,true,10,10,24
1767619877827,24,200,true,10,10,24
1767619877827,25,200,true,10,10,25
1767619877827,25,200,true,10,10,25
1767619877828,24,200,true,10,10,24
1767619877828,24,200,true,10,10,24
1767619877828,25,200,true,10,10,25
1767619877828,25,200,true,10,10,25
1767619877828,25,200,true,10,10,25
1767619877851,20,200,true,10,10,20
1767619877851,20,200,true,10,10,20
1767619877851,20,200,true,10,10,20
1767619877852,19,200,true,10,10,19
1767619877852,20,200,true,10,10,20
1767619877852,20,200,true,10,10,20
1767619877852,20,200,true,10,10,20
1767619877853,19,200,true,10,10,19
1767619877853,19,200,true,10,10,19
1767619877853,20,200,true,10,10,20
1767619877871,20,200,true,10,10,20
1767619877871,20,200,true,10,10,20
1767619877871,20,200,true,10,10,20
1767619877871,20,200,true,10,10,20
1767619877872,19,200,true,10,10,19
1767619877872,20,200,true,10,10,20
1767619877872,20,200,true,10,10,20
1767619877872,20,200,true,10,10,20
1767619877873,19,200,true,10,10,19
1767619877873,19,200,true,10,10,19
1767619877891,19,200,true,10,10,19
1767619877891,19,200,true,10,10,19
1767619877891,19,200,true,10,10,19
1767619877891,19,200,true,10,10,19
1767619877892,19,200,true,10,10,19
1767619877892,19,200,true,10,10,19
1767619877892,19,200,true,10,10,19
1767619877892,19,200,true,10,10,19
1767619877892,20,200,true,10,10,20
1767619877893,19,200,true,10,10,19
1767619877910,20,200,true,10,10,20
1767619877910,21,200,true,10,10,21
1767619877910,21,200,true,10,10,21
1767619877911,20,200,true,10,10,20
1767619877911,20,200,true,10,10,20
1767619877911,20,200,true,10,10,20
1767619877911,21,200,true,10,10,21
1767619877911,21,200,true,10,10,21
1767619877912,20,200,true,10,10,20
1767619877912,20,200,true,10,10,20
1767619877931,19,200,true,10,10,19
1767619877931,19,200,true,10,10,19
1767619877931,19,200,true,10,10,19
1767619877931,20,200,true,10,10,20
1767619877931,20,200,true,10,10,20
1767619877931,22,200,true,10,10,22
1767619877932,21,200,true,10,10,21
1767619877932,21,200,true,10,10,21
1767619877932,22,200,true,10,10,22
1767619877932,22,200,true,10,10,22
1767619877950,25,200,true,10,10,25
1767619877950,25,200,true,10,10,25
1767619877951,24,200,true,10,10,24
1767619877951,25,200,true,10,10,25
1767619877951,25,200,true,10,10,25
1767619877953,23,200,true,10,10,23
1767619877953,24,200,true,10,10,24
1767619877954,23,200,true,10,10,23
1767619877954,23,200,true,10,10,23
1767619877954,24,200,true,10,10,24
1767619877975,28,200,true,10,10,28
1767619877975,28,200,true,10,10,28
1767619877975,28,200,true,10,10,28
1767619877976,28,200,true,10,10,28
1767619877976,28,200,true,10,10,28
1767619877976,28,200,true,10,10,28
1767619877977,27,200,true,10,10,27
1767619877977,27,200,true,10,10,27
1767619877977,28,200,true,10,10,28
1767619877978,27,200,true,10,10,27
1767619878003,20,200,true,10,10,20
1767619878003,20,200,true,10,10,20
1767619878003,20,200,true,10,10,20
1767619878004,19,200,true,10,10,19
1767619878004,19,200,true,10,10,19
1767619878004,20,200,true,10,10,20
1767619878004,20,200,true,10,10,20
1767619878005,19,200,true,10,10,19
1767619878005,19,200,true,10,10,19
1767619878005,19,200,true,10,10,19
1767619878023,24,200,true,10,10,24
1767619878023,24,200,true,10,10,24
1767619878023,25,200,true,10,10,25
1767619878023,25,200,true,10,10,25
1767619878023,25,200,true,10,10,25
1767619878024,24,200,true,10,10,24
1767619878024,25,200,true,10,10,25
1767619878024,25,200,true,10,10,25
1767619878024,25,200,true,10,10,25
1767619878024,25,200,true,10,10,25
1767619878047,20,200,true,10,10,20
1767619878048,19,200,true,10,10,19
1767619878048,19,200,true,10,10,19
1767619878048,19,200,true,10,10,19
1767619878048,19,200,true,10,10,19
1767619878048,20,200,true,10,10,20
1767619878049,19,200,true,10,10,19
1767619878049,19,200,true,10,10,19
1767619878049,19,200,true,10,10,19
1767619878049,19,200,true,10,10,19
1767619878067,19,200,true,10,10,19
1767619878067,19,200,true,10,10,19
1767619878067,19,200,true,10,10,19
1767619878067,20,200,true,10,10,20
1767619878067,20,200,true,10,10,20
1767619878068,19,200,true,10,10,19
1767619878068,19,200,true,10,10,19
1767619878068,19,200,true,10,10,19
1767619878068,20,200,true,10,10,20
1767619878068,20,200,true,10,10,20
1767619878086,19,200,true,10,10,19
1767619878086,19,200,true,10,10,19
1767619878086,19,200,true,10,10,19
1767619878087,18,200,true,10,10,18
1767619878087,18,200,true,10,10,18
1767619878087,18,200,true,10,10,18
1767619878087,19,200,true,10,10,19
1767619878087,19,200,true,10,10,19
1767619878088,18,200,true,10,10,18
1767619878088,18,200,true,10,10,18
1767619878105,19,200,true,10,10,19
1767619878105,19,200,true,10,10,19
1767619878105,19,200,true,10,10,19
1767619878105,20,200,true,10,10,20
1767619878105,20,200,true,10,10,20
1767619878106,19,200,true,10,10,19
1767619878106,19,200,true,10,10,19
1767619878106,19,200,true,10,10,19
1767619878106,20,200,true,10,10,20
1767619878106,20,200,true,10,10,20
1767619878124,18,200,true,10,10,18
1767619878124,19,200,true,10,10,19
1767619878124,19,200,true,10,10,19
1767619878125,18,200,true,10,10,18
1767619878125,18,200,true,10,10,18
1767619878125,18,200,true,10,10,18
1767619878125,19,200,true,10,10,18
1767619878125,19,200,true,10,10,19
1767619878126,18,200,true,10,10,18
1767619878126,18,200,true,10,10,18
1767619878143,19,200,true,10,10,19
1767619878143,20,200,true,10,10,20
1767619878143,20,200,true,10,10,20
1767619878143,20,200,true,10,10,20
1767619878143,21,200,true,10,10,21
1767619878143,21,200,true,10,10,21
1767619878144,21,200,true,10,10,21
1767619878144,21,200,true,10,10,21
1767619878144,21,200,true,10,10,21
1767619878144,22,200,true,10,10,22
1767619878163,25,200,true,10,10,25
1767619878163,26,200,true,10,10,26
1767619878163,26,200,true,10,10,26
1767619878163,26,200,true,10,10,26
1767619878164,25,200,true,10,10,25
1767619878164,25,200,true,10,10,25
1767619878165,25,200,true,10,10,25
1767619878165,25,200,true,10,10,25
1767619878166,24,200,true,10,10,24
1767619878166,24,200,true,10,10,24
1767619878188,20,200,true,10,10,20
1767619878189,19,200,true,10,10,19
1767619878189,20,200,true,10,10,20
1767619878189,20,200,true,10,10,20
1767619878189,20,200,true,10,10,20
1767619878189,20,200,true,10,10,20
1767619878190,19,200,true,10,10,19
1767619878190,20,200,true,10,10,20
1767619878190,20,200,true,10,10,20
1767619878190,20,200,true,10,10,20
1767619878208,25,200,true,10,10,25
1767619878208,25,200,true,10,10,25
1767619878209,24,200,true,10,10,24
1767619878209,24,200,true,10,10,24
1767619878209,24,200,true,10,10,24
1767619878209,25,200,true,10,10,25
1767619878209,25,200,true,10,10,25
1767619878210,24,200,true,10,10,24
1767619878210,24,200,true,10,10,24
1767619878210,24,200,true,10,10,24
1767619878233,19,200,true,10,10,19
1767619878233,19,200,true,10,10,19
1767619878233,19,200,true,10,10,19
1767619878233,19,200,true,10,10,19
1767619878233,19,200,true,10,10,19
1767619878234,18,200,true,10,10,18
1767619878234,19,200,true,10,10,19
1767619878234,19,200,true,10,10,19
1767619878234,19,200,true,10,10,19
1767619878235,18,200,true,10,10,18
1767619878252,18,200,true,10,10,18
1767619878252,19,200,true,10,10,19
1767619878252,19,200,true,10,10,19
1767619878252,19,200,true,10,10,19
1767619878252,19,200,true,10,10,19
1767619878253,18,200,true,10,10,18
1767619878253,19,200,true,10,10,19
1767619878253,19,200,true,10,10,19
1767619878253,19,200,true,10,10,19
1767619878253,19,200,true,10,10,19
1767619878271,19,200,true,10,10,19
1767619878271,19,200,true,10,10,19
1767619878271,19,200,true,10,10,19
1767619878271,19,200,true,10,10,19
1767619878271,20,200,true,10,10,20
1767619878272,19,200,true,10,10,19
1767619878272,19,200,true,10,10,19
1767619878272,19,200,true,10,10,19
1767619878272,20,200,true,10,10,20
1767619878272,20,200,true,10,10,20
1767619878290,19,200,true,10,10,19
1767619878290,19,200,true,10,10,19
1767619878290,19,200,true,10,10,19
1767619878291,18,200,true,10,10,18
1767619878291,19,200,true,10,10,19
1767619878291,19,200,true,10,10,19
1767619878291,19,200,true,10,10,19
1767619878291,19,200,true,10,10,19
1767619878292,18,200,true,10,10,18
1767619878292,19,200,true,10,10,19
1767619878309,12,200,true,10,10,12
1767619878309,12,200,true,10,10,12
1767619878309,13,200,true,10,10,13
1767619878309,13,200,true,10,10,13
1767619878310,19,200,true,10,10,19
1767619878310,19,200,true,10,10,19
1767619878310,19,200,true,10,10,19
1767619878310,19,200,true,10,10,19
1767619878311,19,200,true,10,10,19
1767619878311,19,200,true,10,10,19
1767619878321,14,200,true,10,10,14
1767619878321,15,200,true,10,10,15
1767619878322,14,200,true,10,10,14
1767619878322,14,200,true,10,10,14
1767619878329,20,200,true,10,10,20
1767619878329,20,200,true,10,10,20
1767619878329,20,200,true,10,10,20
1767619878329,21,200,true,10,10,21
1767619878330,20,200,true,10,10,20
1767619878330,20,200,true,10,10,20
1767619878336,14,200,true,10,10,14
1767619878336,14,200,true,10,10,14
1767619878336,15,200,true,10,10,15
1767619878336,15,200,true,10,10,15
1767619878349,22,200,true,10,10,21
1767619878349,22,200,true,10,10,22
1767619878350,21,200,true,10,10,21
1767619878350,21,200,true,10,10,21
1767619878350,21,200,true,10,10,21
1767619878350,21,200,true,10,10,21
1767619878350,22,200,true,10,10,22
1767619878351,21,200,true,10,10,21
1767619878351,21,200,true,10,10,21
1767619878351,21,200,true,10,10,21
1767619878371,23,200,true,10,10,23
1767619878371,23,200,true,10,10,23
1767619878371,23,200,true,10,10,23
1767619878371,23,200,true,10,10,23
1767619878371,24,200,true,10,10,24
1767619878371,24,200,true,10,10,24
1767619878372,23,200,true,10,10,23
1767619878372,23,200,true,10,10,23
1767619878372,24,200,true,10,10,24
1767619878372,24,200,true,10,10,24
1767619878394,19,200,true,10,10,19
1767619878394,19,200,true,10,10,19
1767619878394,19,200,true,10,10,19
1767619878394,19,200,true,10,10,19
1767619878395,19,200,true,10,10,19
1767619878395,19,200,true,10,10,19
1767619878395,19,200,true,10,10,19
1767619878395,19,200,true,10,10,19
1767619878396,18,200,true,10,10,18
1767619878396,19,200,true,10,10,19
1767619878413,21,200,true,10,10,21
1767619878413,21,200,true,10,10,21
1767619878413,22,200,true,10,10,22
1767619878413,22,200,true,10,10,22
1767619878414,21,200,true,10,10,21
1767619878414,21,200,true,10,10,21
1767619878414,21,200,true,10,10,21
1767619878414,22,200,true,10,10,22
1767619878414,22,200,true,10,10,22
1767619878415,21,200,true,10,10,21
1767619878434,19,200,true,10,10,19
1767619878435,18,200,true,10,10,18
1767619878435,19,200,true,10,10,19
1767619878435,19,200,true,10,10,19
1767619878435,19,200,true,10,10,19
1767619878435,19,200,true,10,10,19
1767619878435,19,200,true,10,10,19
1767619878436,19,200,true,10,10,19
1767619878436,19,200,true,10,10,19
1767619878436,19,200,true,10,10,19
1767619878453,24,200,true,10,10,24
1767619878454,24,200,true,10,10,24
1767619878454,24,200,true,10,10,24
1767619878454,24,200,true,10,10,24
1767619878454,24,200,true,10,10,24
1767619878454,25,200,true,10,10,25
1767619878454,25,200,true,10,10,25
1767619878455,24,200,true,10,10,24
1767619878455,24,200,true,10,10,24
1767619878455,34,200,true,10,10,34
1767619878477,23,200,true,10,10,23
1767619878478,23,200,true,10,10,23
1767619878478,23,200,true,10,10,23
1767619878478,23,200,true,10,10,23
1767619878478,23,200,true,10,10,23
1767619878479,23,200,true,10,10,23
1767619878479,23,200,true,10,10,23
1767619878479,23,200,true,10,10,23
1767619878479,23,200,true,10,10,23
1767619878489,13,200,true,10,10,13
1767619878501,19,200,true,10,10,19
1767619878501,19,200,true,10,10,19
1767619878501,19,200,true,10,10,19
1767619878501,19,200,true,10,10,19
1767619878501,20,200,true,10,10,20
1767619878502,19,200,true,10,10,19
1767619878502,19,200,true,10,10,19
1767619878502,19,200,true,10,10,19
1767619878502,19,200,true,10,10,19
1767619878502,20,200,true,10,10,20
1767619878520,21,200,true,10,10,21
1767619878520,21,200,true,10,10,21
1767619878520,21,200,true,10,10,21
1767619878520,21,200,true,10,10,21
1767619878521,21,200,true,10,10,21
1767619878521,21,200,true,10,10,21
1767619878521,21,200,true,10,10,21
1767619878521,21,200,true,10,10,21
1767619878521,21,200,true,10,10,21
1767619878522,21,200,true,10,10,21
1767619878541,24,200,true,10,10,24
1767619878541,24,200,true,10,10,24
1767619878541,25,200,true,10,10,25
1767619878541,25,200,true,10,10,25
1767619878542,24,200,true,10,10,24
1767619878542,24,200,true,10,10,24
1767619878542,24,200,true,10,10,24
1767619878542,25,200,true,10,10,25
1767619878542,25,200,true,10,10,25
1767619878543,24,200,true,10,10,24
1767619878565,26,200,true,10,10,26
1767619878566,25,200,true,10,10,25
1767619878566,25,200,true,10,10,25
1767619878566,25,200,true,10,10,25
1767619878566,26,200,true,10,10,26
1767619878566,26,200,true,10,10,26
1767619878566,26,200,true,10,10,26
1767619878567,25,200,true,10,10,25
1767619878567,25,200,true,10,10,25
1767619878567,26,200,true,10,10,26
1767619878591,19,200,true,10,10,19
1767619878591,19,200,true,10,10,19
1767619878591,19,200,true,10,10,19
1767619878592,18,200,true,10,10,18
1767619878592,19,200,true,10,10,19
1767619878592,19,200,true,10,10,19
1767619878592,19,200,true,10,10,19
1767619878592,19,200,true,10,10,19
1767619878593,18,200,true,10,10,18
1767619878593,19,200,true,10,10,19
1767619878610,19,200,true,10,10,19
1767619878610,20,200,true,10,10,20
1767619878610,20,200,true,10,10,20
1767619878610,20,200,true,10,10,20
1767619878611,19,200,true,10,10,19
1767619878611,19,200,true,10,10,19
1767619878611,20,200,true,10,10,20
1767619878611,20,200,true,10,10,20
1767619878612,19,200,true,10,10,19
1767619878612,19,200,true,10,10,19
1767619878630,18,200,true,10,10,18
1767619878630,19,200,true,10,10,19
1767619878630,19,200,true,10,10,19
1767619878630,19,200,true,10,10,19
1767619878630,19,200,true,10,10,19
1767619878630,19,200,true,10,10,19
1767619878631,19,200,true,10,10,19
1767619878631,19,200,true,10,10,19
1767619878631,19,200,true,10,10,19
1767619878631,19,200,true,10,10,19
1767619878649,19,200,true,10,10,19
1767619878649,19,200,true,10,10,19
1767619878649,19,200,true,10,10,19
1767619878649,19,200,true,10,10,19
1767619878649,19,200,true,10,10,19
1767619878649,20,200,true,10,10,20
1767619878650,19,200,true,10,10,19
1767619878650,19,200,true,10,10,19
1767619878650,19,200,true,10,10,19
1767619878650,20,200,true,10,10,20
1767619878668,12,200,true,10,10,12
1767619878668,12,200,true,10,10,12
1767619878668,12,200,true,10,10,12
1767619878668,12,200,true,10,10,12
1767619878668,25,200,true,10,10,25
1767619878669,24,200,true,10,10,24
1767619878669,24,200,true,10,10,24
1767619878669,25,200,true,10,10,25
1767619878669,25,200,true,10,10,25
1767619878670,24,200,true,10,10,24
1767619878680,14,200,true,10,10,14
1767619878680,15,200,true,10,10,15
1767619878680,15,200,true,10,10,15
1767619878680,15,200,true,10,10,15
1767619878693,19,200,true,10,10,19
1767619878693,19,200,true,10,10,19
1767619878694,19,200,true,10,10,19
1767619878694,19,200,true,10,10,19
1767619878694,19,200,true,10,10,19
1767619878694,19,200,true,10,10,19
1767619878694,19,200,true,10,10,19
1767619878695,19,200,true,10,10,19
1767619878695,19,200,true,10,10,19
1767619878695,19,200,true,10,10,19
1767619878712,21,200,true,10,10,21
1767619878713,20,200,true,10,10,20
1767619878713,20,200,true,10,10,20
1767619878713,20,200,true,10,10,20
1767619878713,21,200,true,10,10,20
1767619878713,21,200,true,10,10,21
1767619878714,20,200,true,10,10,20
1767619878714,20,200,true,10,10,20
1767619878714,21,200,true,10,10,21
1767619878714,21,200,true,10,10,21
1767619878733,28,200,true,10,10,27
1767619878733,28,200,true,10,10,28
1767619878733,28,200,true,10,10,28
1767619878733,28,200,true,10,10,28
1767619878734,27,200,true,10,10,27
1767619878734,30,200,true,10,10,30
1767619878734,30,200,true,10,10,30
1767619878734,31,200,true,10,10,31
1767619878735,30,200,true,10,10,30
1767619878735,30,200,true,10,10,30
1767619878761,20,200,true,10,10,19
1767619878761,20,200,true,10,10,20
1767619878761,20,200,true,10,10,20
1767619878761,20,200,true,10,10,20
1767619878761,20,200,true,10,10,20
1767619878764,18,200,true,10,10,18
1767619878764,18,200,true,10,10,18
1767619878765,17,200,true,10,10,17
1767619878765,17,200,true,10,10,17
1767619878765,18,200,true,10,10,18
1767619878781,18,200,true,10,10,18
1767619878781,18,200,true,10,10,18
1767619878781,18,200,true,10,10,18
1767619878781,18,200,true,10,10,18
1767619878781,19,200,true,10,10,19
1767619878782,18,200,true,10,10,18
1767619878782,18,200,true,10,10,18
1767619878782,18,200,true,10,10,18
1767619878783,18,200,true,10,10,18
1767619878783,18,200,true,10,10,18
1767619878799,16,200,true,10,10,16
1767619878799,17,200,true,10,10,17
1767619878799,17,200,true,10,10,17
1767619878799,20,200,true,10,10,20
1767619878800,19,200,true,10,10,19
1767619878800,19,200,true,10,10,19
1767619878800,20,200,true,10,10,20
1767619878800,20,200,true,10,10,20
1767619878801,19,200,true,10,10,19
1767619878801,19,200,true,10,10,19
1767619878816,11,200,true,10,10,11
1767619878816,11,200,true,10,10,11
1767619878816,12,200,true,10,10,12
1767619878819,20,200,true,10,10,20
1767619878819,21,200,true,10,10,21
1767619878819,21,200,true,10,10,21
1767619878820,20,200,true,10,10,20
1767619878820,20,200,true,10,10,20
1767619878820,20,200,true,10,10,20
1767619878820,20,200,true,10,10,20
1767619878827,14,200,true,10,10,14
1767619878827,14,200,true,10,10,14
1767619878828,13,200,true,10,10,13
1767619878839,20,200,true,10,10,20
1767619878840,19,200,true,10,10,19
1767619878840,19,200,true,10,10,19
1767619878840,19,200,true,10,10,19
1767619878840,19,200,true,10,10,19
1767619878840,20,200,true,10,10,20
1767619878841,19,200,true,10,10,19
1767619878841,19,200,true,10,10,19
1767619878841,19,200,true,10,10,19
1767619878841,19,200,true,10,10,19
1767619878859,21,200,true,10,10,21
1767619878859,22,200,true,10,10,22
1767619878859,22,200,true,10,10,22
1767619878859,22,200,true,10,10,22
1767619878859,22,200,true,10,10,22
1767619878860,22,200,true,10,10,22
1767619878860,22,200,true,10,10,22
1767619878860,22,200,true,10,10,22
1767619878860,22,200,true,10,10,22
1767619878860,22,200,true,10,10,22
1767619878881,9,200,true,10,10,9
1767619878881,9,200,true,10,10,9
1767619878881,22,200,true,10,10,22
1767619878881,22,200,true,10,10,22
1767619878881,22,200,true,10,10,22
1767619878882,21,200,true,10,10,21
1767619878882,22,200,true,10,10,22
1767619878882,22,200,true,10,10,22
1767619878882,22,200,true,10,10,22
1767619878882,22,200,true,10,10,22
1767619878890,15,200,true,10,10,15
1767619878890,15,200,true,10,10,15
1767619878903,20,200,true,10,10,20
1767619878903,20,200,true,10,10,20
1767619878903,21,200,true,10,10,21
1767619878904,20,200,true,10,10,20
1767619878904,20,200,true,10,10,20
1767619878904,20,200,true,10,10,20
1767619878904,35,200,true,10,10,35
1767619878904,36,200,true,10,10,36
1767619878905,35,200,true,10,10,35
1767619878905,36,200,true,10,10,36
1767619878923,22,200,true,10,10,22
1767619878924,22,200,true,10,10,21
1767619878924,22,200,true,10,10,22
1767619878924,22,200,true,10,10,22
1767619878924,22,200,true,10,10,22
1767619878924,22,200,true,10,10,22
1767619878939,15,200,true,10,10,15
1767619878940,14,200,true,10,10,14
1767619878940,14,200,true,10,10,14
1767619878941,13,200,true,10,10,13
1767619878945,21,200,true,10,10,21
1767619878946,20,200,true,10,10,20
1767619878946,21,200,true,10,10,21
1767619878946,21,200,true,10,10,21
1767619878946,21,200,true,10,10,21
1767619878947,20,200,true,10,10,20
1767619878954,13,200,true,10,10,13
1767619878954,14,200,true,10,10,14
1767619878954,14,200,true,10,10,14
1767619878954,14,200,true,10,10,14
1767619878966,20,200,true,10,10,20
1767619878966,20,200,true,10,10,20
1767619878967,20,200,true,10,10,20
1767619878967,20,200,true,10,10,20
1767619878967,20,200,true,10,10,20
1767619878967,20,200,true,10,10,20
1767619878967,21,200,true,10,10,21
1767619878968,20,200,true,10,10,20
1767619878968,20,200,true,10,10,20
1767619878968,25,200,true,10,10,25
1767619878986,28,200,true,10,10,28
1767619878986,28,200,true,10,10,28
1767619878987,28,200,true,10,10,28
1767619878987,28,200,true,10,10,28
1767619878987,28,200,true,10,10,28
1767619878987,28,200,true,10,10,28
1767619878988,28,200,true,10,10,28
1767619878988,28,200,true,10,10,28
1767619878988,28,200,true,10,10,28
1767619878993,23,200,true,10,10,23
1767619879014,20,200,true,10,10,20
1767619879015,19,200,true,10,10,19
1767619879015,19,200,true,10,10,19
1767619879015,19,200,true,10,10,19
1767619879015,19,200,true,10,10,19
1767619879015,20,200,true,10,10,20
1767619879016,19,200,true,10,10,19
1767619879016,19,200,true,10,10,19
1767619879016,19,200,true,10,10,19
1767619879016,20,200,true,10,10,20
1767619879034,19,200,true,10,10,19
1767619879034,19,200,true,10,10,19
1767619879034,20,200,true,10,10,20
1767619879034,20,200,true,10,10,20
1767619879034,20,200,true,10,10,20
1767619879035,19,200,true,10,10,19
1767619879035,19,200,true,10,10,19
1767619879035,20,200,true,10,10,20
1767619879035,20,200,true,10,10,20
1767619879036,19,200,true,10,10,19
1767619879053,19,200,true,10,10,19
1767619879054,18,200,true,10,10,18
1767619879054,18,200,true,10,10,18
1767619879054,18,200,true,10,10,18
1767619879054,19,200,true,10,10,19
1767619879054,19,200,true,10,10,19
1767619879055,18,200,true,10,10,18
1767619879055,18,200,true,10,10,18
1767619879055,18,200,true,10,10,18
1767619879055,19,200,true,10,10,19
1767619879072,25,200,true,10,10,25
1767619879072,25,200,true,10,10,25
1767619879072,25,200,true,10,10,25
1767619879072,25,200,true,10,10,25
1767619879073,24,200,true,10,10,24
1767619879073,25,200,true,10,10,25
1767619879073,25,200,true,10,10,25
1767619879073,25,200,true,10,10,25
1767619879073,25,200,true,10,10,25
1767619879074,25,200,true,10,10,25
1767619879097,19,200,true,10,10,19
1767619879097,19,200,true,10,10,19
1767619879097,19,200,true,10,10,19
1767619879097,20,200,true,10,10,20
1767619879098,19,200,true,10,10,19
1767619879098,19,200,true,10,10,19
1767619879098,19,200,true,10,10,19
1767619879098,20,200,true,10,10,20
1767619879098,20,200,true,10,10,20
1767619879099,19,200,true,10,10,19
1767619879116,23,200,true,10,10,23
1767619879116,23,200,true,10,10,23
1767619879116,23,200,true,10,10,23
1767619879117,22,200,true,10,10,22
1767619879117,22,200,true,10,10,22
1767619879117,23,200,true,10,10,23
1767619879117,23,200,true,10,10,23
1767619879118,22,200,true,10,10,22
1767619879118,22,200,true,10,10,22
1767619879118,22,200,true,10,10,22
1767619879139,20,200,true,10,10,20
1767619879139,20,200,true,10,10,20
1767619879139,20,200,true,10,10,20
1767619879139,20,200,true,10,10,20
1767619879139,21,200,true,10,10,21
1767619879140,20,200,true,10,10,20
1767619879140,20,200,true,10,10,20
1767619879140,20,200,true,10,10,20
1767619879140,21,200,true,10,10,21
1767619879140,21,200,true,10,10,21
1767619879159,19,200,true,10,10,19
1767619879159,19,200,true,10,10,19
1767619879159,19,200,true,10,10,19
1767619879159,19,200,true,10,10,19
1767619879160,18,200,true,10,10,18
1767619879160,18,200,true,10,10,18
1767619879160,19,200,true,10,10,19
1767619879160,19,200,true,10,10,19
1767619879161,18,200,true,10,10,18
1767619879161,18,200,true,10,10,18
1767619879178,19,200,true,10,10,19
1767619879178,19,200,true,10,10,19
1767619879178,19,200,true,10,10,19
1767619879178,20,200,true,10,10,20
1767619879178,20,200,true,10,10,20
1767619879179,19,200,true,10,10,19
1767619879179,19,200,true,10,10,19
1767619879179,20,200,true,10,10,20
1767619879179,20,200,true,10,10,20
1767619879179,20,200,true,10,10,20
1767619879197,19,200,true,10,10,19
1767619879197,20,200,true,10,10,20
1767619879198,19,200,true,10,10,19
1767619879198,19,200,true,10,10,19
1767619879198,19,200,true,10,10,19
1767619879198,20,200,true,10,10,20
1767619879198,20,200,true,10,10,20
1767619879199,19,200,true,10,10,19
1767619879199,19,200,true,10,10,19
1767619879199,20,200,true,10,10,20
1767619879217,21,200,true,10,10,21
1767619879217,21,200,true,10,10,21
1767619879217,21,200,true,10,10,21
1767619879217,21,200,true,10,10,21
1767619879217,22,200,true,10,10,22
1767619879218,21,200,true,10,10,21
1767619879218,21,200,true,10,10,21
1767619879218,21,200,true,10,10,21
1767619879218,21,200,true,10,10,21
1767619879219,21,200,true,10,10,21
1767619879238,19,200,true,10,10,19
1767619879238,19,200,true,10,10,19
1767619879238,19,200,true,10,10,19
1767619879238,19,200,true,10,10,19
1767619879239,19,200,true,10,10,19
1767619879239,19,200,true,10,10,19
1767619879239,19,200,true,10,10,19
1767619879239,19,200,true,10,10,19
1767619879240,19,200,true,10,10,19
1767619879240,19,200,true,10,10,19
1767619879257,26,200,true,10,10,26
1767619879257,26,200,true,10,10,26
1767619879257,27,200,true,10,10,27
1767619879257,27,200,true,10,10,27
1767619879258,26,200,true,10,10,26
1767619879258,26,200,true,10,10,26
1767619879258,26,200,true,10,10,26
1767619879258,27,200,true,10,10,27
1767619879259,26,200,true,10,10,26
1767619879259,26,200,true,10,10,26
1767619879283,20,200,true,10,10,20
1767619879284,19,200,true,10,10,19
1767619879284,19,200,true,10,10,19
1767619879284,19,200,true,10,10,19
1767619879284,19,200,true,10,10,19
1767619879284,19,200,true,10,10,19
1767619879284,20,200,true,10,10,20
1767619879285,19,200,true,10,10,19
1767619879285,19,200,true,10,10,19
1767619879285,19,200,true,10,10,19
1767619879303,36,200,true,10,10,36
1767619879303,36,200,true,10,10,36
1767619879303,36,200,true,10,10,36
1767619879303,37,200,true,10,10,37
1767619879303,37,200,true,10,10,37
1767619879304,36,200,true,10,10,36
1767619879304,36,200,true,10,10,36
1767619879304,36,200,true,10,10,36
1767619879304,37,200,true,10,10,37
1767619879304,37,200,true,10,10,37
1767619879339,20,200,true,10,10,20
1767619879339,20,200,true,10,10,20
1767619879339,20,200,true,10,10,20
1767619879340,19,200,true,10,10,19
1767619879340,19,200,true,10,10,19
1767619879340,19,200,true,10,10,19
1767619879340,20,200,true,10,10,20
1767619879341,19,200,true,10,10,19
1767619879341,19,200,true,10,10,19
1767619879341,19,200,true,10,10,19
1767619879359,18,200,true,10,10,18
1767619879359,19,200,true,10,10,19
1767619879359,19,200,true,10,10,19
1767619879359,19,200,true,10,10,19
1767619879359,19,200,true,10,10,19
1767619879360,18,200,true,10,10,18
1767619879360,19,200,true,10,10,19
1767619879360,19,200,true,10,10,19
1767619879360,19,200,true,10,10,19
1767619879360,19,200,true,10,10,19
1767619879378,20,200,true,10,10,20
1767619879378,20,200,true,10,10,20
1767619879378,20,200,true,10,10,20
1767619879378,20,200,true,10,10,20
1767619879378,21,200,true,10,10,21
1767619879378,21,200,true,10,10,21
1767619879379,20,200,true,10,10,20
1767619879379,20,200,true,10,10,20
1767619879379,21,200,true,10,10,21
1767619879379,21,200,true,10,10,21
1767619879398,18,200,true,10,10,18
1767619879398,19,200,true,10,10,19
1767619879398,19,200,true,10,10,19
1767619879399,18,200,true,10,10,18
1767619879399,18,200,true,10,10,18
1767619879399,18,200,true,10,10,18
1767619879399,19,200,true,10,10,19
1767619879399,19,200,true,10,10,19
1767619879400,18,200,true,10,10,18
1767619879400,18,200,true,10,10,18
1767619879417,19,200,true,10,10,19
1767619879417,19,200,true,10,10,19
1767619879417,19,200,true,10,10,19
1767619879417,19,200,true,10,10,19
1767619879417,19,200,true,10,10,19
1767619879418,19,200,true,10,10,19
1767619879418,19,200,true,10,10,19
1767619879418,19,200,true,10,10,19
1767619879418,19,200,true,10,10,19
1767619879418,20,200,true,10,10,20
1767619879436,13,200,true,10,10,13
1767619879436,14,200,true,10,10,14
1767619879436,14,200,true,10,10,14
1767619879436,14,200,true,10,10,14
1767619879437,46,200,true,10,10,46
1767619879437,46,200,true,10,10,46
1767619879437,46,200,true,10,10,46
1767619879437,46,200,true,10,10,46
1767619879437,47,200,true,10,10,47
1767619879438,46,200,true,10,10,46
1767619879450,34,200,true,10,10,34
1767619879450,34,200,true,10,10,34
1767619879450,35,200,true,10,10,35
1767619879450,35,200,true,10,10,35
1767619879483,26,200,true,10,10,26
1767619879483,26,200,true,10,10,26
1767619879483,26,200,true,10,10,26
1767619879484,25,200,true,10,10,25
1767619879484,26,200,true,10,10,26
1767619879484,26,200,true,10,10,26
1767619879484,26,200,true,10,10,26
1767619879484,26,200,true,10,10,26
1767619879485,28,200,true,10,10,28
1767619879485,28,200,true,10,10,28
1767619879509,23,200,true,10,10,23
1767619879509,23,200,true,10,10,23
1767619879509,24,200,true,10,10,24
1767619879510,23,200,true,10,10,23
1767619879510,23,200,true,10,10,23
1767619879510,23,200,true,10,10,23
1767619879510,24,200,true,10,10,24
1767619879510,24,200,true,10,10,24
1767619879513,21,200,true,10,10,21
1767619879513,21,200,true,10,10,21
1767619879532,23,200,true,10,10,23
1767619879533,22,200,true,10,10,22
1767619879533,23,200,true,10,10,23
1767619879533,23,200,true,10,10,23
1767619879533,23,200,true,10,10,23
1767619879533,23,200,true,10,10,23
1767619879534,22,200,true,10,10,22
1767619879534,23,200,true,10,10,23
1767619879534,23,200,true,10,10,23
1767619879534,23,200,true,10,10,23
1767619879555,20,200,true,10,10,20
1767619879556,19,200,true,10,10,19
1767619879556,19,200,true,10,10,19
1767619879556,20,200,true,10,10,20
1767619879556,20,200,true,10,10,20
1767619879556,20,200,true,10,10,20
1767619879557,19,200,true,10,10,19
1767619879557,19,200,true,10,10,19
1767619879557,20,200,true,10,10,20
1767619879557,20,200,true,10,10,20
1767619879575,24,200,true,10,10,24
1767619879575,24,200,true,10,10,24
1767619879575,24,200,true,10,10,24
1767619879576,24,200,true,10,10,24
1767619879576,24,200,true,10,10,24
1767619879576,24,200,true,10,10,24
1767619879576,25,200,true,10,10,25
1767619879576,25,200,true,10,10,25
1767619879577,24,200,true,10,10,24
1767619879577,25,200,true,10,10,25
1767619879599,21,200,true,10,10,21
1767619879599,21,200,true,10,10,21
1767619879600,20,200,true,10,10,20
1767619879600,20,200,true,10,10,20
1767619879600,21,200,true,10,10,21
1767619879600,21,200,true,10,10,21
1767619879601,20,200,true,10,10,20
1767619879601,20,200,true,10,10,20
1767619879601,20,200,true,10,10,20
1767619879602,20,200,true,10,10,19
1767619879620,20,200,true,10,10,20
1767619879620,20,200,true,10,10,20
1767619879620,20,200,true,10,10,20
1767619879620,21,200,true,10,10,21
1767619879621,20,200,true,10,10,20
1767619879621,20,200,true,10,10,20
1767619879621,20,200,true,10,10,20
1767619879621,20,200,true,10,10,20
1767619879621,21,200,true,10,10,21
1767619879622,20,200,true,10,10,20
1767619879640,21,200,true,10,10,21
1767619879640,21,200,true,10,10,21
1767619879640,21,200,true,10,10,21
1767619879641,20,200,true,10,10,20
1767619879641,21,200,true,10,10,21
1767619879641,21,200,true,10,10,21
1767619879641,21,200,true,10,10,21
1767619879641,21,200,true,10,10,21
1767619879642,21,200,true,10,10,21
1767619879642,21,200,true,10,10,21
1767619879661,20,200,true,10,10,20
1767619879661,20,200,true,10,10,20
1767619879661,21,200,true,10,10,21
1767619879661,21,200,true,10,10,21
1767619879662,20,200,true,10,10,20
1767619879662,20,200,true,10,10,20
1767619879662,21,200,true,10,10,21
1767619879662,21,200,true,10,10,21
1767619879663,20,200,true,10,10,20
1767619879663,20,200,true,10,10,20
1767619879681,19,200,true,10,10,19
1767619879681,19,200,true,10,10,19
1767619879682,18,200,true,10,10,18
1767619879682,19,200,true,10,10,19
1767619879682,19,200,true,10,10,19
1767619879682,19,200,true,10,10,19
1767619879683,18,200,true,10,10,18
1767619879683,18,200,true,10,10,18
1767619879683,19,200,true,10,10,19
1767619879684,18,200,true,10,10,18
1767619879700,24,200,true,10,10,24
1767619879700,24,200,true,10,10,24
1767619879700,24,200,true,10,10,24
1767619879701,24,200,true,10,10,24
1767619879701,24,200,true,10,10,24
1767619879701,24,200,true,10,10,24
1767619879701,24,200,true,10,10,24
1767619879701,24,200,true,10,10,24
1767619879702,24,200,true,10,10,24
1767619879702,24,200,true,10,10,24
1767619879724,22,200,true,10,10,22
1767619879724,22,200,true,10,10,22
1767619879724,22,200,true,10,10,22
1767619879725,21,200,true,10,10,21
1767619879725,22,200,true,10,10,22
1767619879725,22,200,true,10,10,22
1767619879725,22,200,true,10,10,22
1767619879725,22,200,true,10,10,22
1767619879726,22,200,true,10,10,22
1767619879726,22,200,true,10,10,22
1767619879746,20,200,true,10,10,20
1767619879746,20,200,true,10,10,20
1767619879746,20,200,true,10,10,20
1767619879746,21,200,true,10,10,21
1767619879747,20,200,true,10,10,20
1767619879747,20,200,true,10,10,20
1767619879747,20,200,true,10,10,20
1767619879748,20,200,true,10,10,20
1767619879748,20,200,true,10,10,20
1767619879748,20,200,true,10,10,20
1767619879766,23,200,true,10,10,23
1767619879766,24,200,true,10,10,24
1767619879766,24,200,true,10,10,24
1767619879767,23,200,true,10,10,23
1767619879767,23,200,true,10,10,23
1767619879767,23,200,true,10,10,23
1767619879767,24,200,true,10,10,24
1767619879768,23,200,true,10,10,23
1767619879768,23,200,true,10,10,23
1767619879768,23,200,true,10,10,23
1767619879790,19,200,true,10,10,19
1767619879790,19,200,true,10,10,19
1767619879790,19,200,true,10,10,19
1767619879790,20,200,true,10,10,20
1767619879790,20,200,true,10,10,20
1767619879790,20,200,true,10,10,20
1767619879791,19,200,true,10,10,19
1767619879791,19,200,true,10,10,19
1767619879791,20,200,true,10,10,20
1767619879791,20,200,true,10,10,20
1767619879809,19,200,true,10,10,19
1767619879809,20,200,true,10,10,20
1767619879809,20,200,true,10,10,20
1767619879810,19,200,true,10,10,19
1767619879810,19,200,true,10,10,19
1767619879810,20,200,true,10,10,20
1767619879810,20,200,true,10,10,20
1767619879810,20,200,true,10,10,20
1767619879811,20,200,true,10,10,20
1767619879811,20,200,true,10,10,20
1767619879829,22,200,true,10,10,22
1767619879829,22,200,true,10,10,22
1767619879829,22,200,true,10,10,22
1767619879829,23,200,true,10,10,23
1767619879830,22,200,true,10,10,22
1767619879830,22,200,true,10,10,22
1767619879830,22,200,true,10,10,22
1767619879830,22,200,true,10,10,22
1767619879831,22,200,true,10,10,22
1767619879831,22,200,true,10,10,22
1767619879851,19,200,true,10,10,19
1767619879851,19,200,true,10,10,19
1767619879851,20,200,true,10,10,20
1767619879852,19,200,true,10,10,19
1767619879852,19,200,true,10,10,19
1767619879852,19,200,true,10,10,19
1767619879852,19,200,true,10,10,19
1767619879852,20,200,true,10,10,20
1767619879853,19,200,true,10,10,19
1767619879853,19,200,true,10,10,19
1767619879870,26,200,true,10,10,26
1767619879871,25,200,true,10,10,25
1767619879871,26,200,true,10,10,26
1767619879871,26,200,true,10,10,26
1767619879871,26,200,true,10,10,26
1767619879871,26,200,true,10,10,26
1767619879872,25,200,true,10,10,25
1767619879872,26,200,true,10,10,26
1767619879872,26,200,true,10,10,26
1767619879872,26,200,true,10,10,26
1767619879896,24,200,true,10,10,24
1767619879896,24,200,true,10,10,24
1767619879897,23,200,true,10,10,23
1767619879897,23,200,true,10,10,23
1767619879897,23,200,true,10,10,23
1767619879897,24,200,true,10,10,24
1767619879898,23,200,true,10,10,23
1767619879898,23,200,true,10,10,23
1767619879898,23,200,true,10,10,23
1767619879898,24,200,true,10,10,24
1767619879920,12,200,true,10,10,12
1767619879920,12,200,true,10,10,12
1767619879920,12,200,true,10,10,12
1767619879920,12,200,true,10,10,12
1767619879920,26,200,true,10,10,26
1767619879921,25,200,true,10,10,25
1767619879921,25,200,true,10,10,25
1767619879921,25,200,true,10,10,25
1767619879922,25,200,true,10,10,25
1767619879922,25,200,true,10,10,25
1767619879932,16,200,true,10,10,16
1767619879932,17,200,true,10,10,17
1767619879932,17,200,true,10,10,17
1767619879932,17,200,true,10,10,17
1767619879946,21,200,true,10,10,21
1767619879946,21,200,true,10,10,21
1767619879946,21,200,true,10,10,21
1767619879947,20,200,true,10,10,20
1767619879947,20,200,true,10,10,20
1767619879947,21,200,true,10,10,21
1767619879948,20,200,true,10,10,20
1767619879949,19,200,true,10,10,19
1767619879949,19,200,true,10,10,19
1767619879949,20,200,true,10,10,20
1767619879967,17,200,true,10,10,17
1767619879967,17,200,true,10,10,17
1767619879967,17,200,true,10,10,17
1767619879967,18,200,true,10,10,18
1767619879968,25,200,true,10,10,25
1767619879968,25,200,true,10,10,25
1767619879968,25,200,true,10,10,25
1767619879968,26,200,true,10,10,26
1767619879968,26,200,true,10,10,26
1767619879969,26,200,true,10,10,26
1767619879984,20,200,true,10,10,20
1767619879984,20,200,true,10,10,20
1767619879984,20,200,true,10,10,20
1767619879985,19,200,true,10,10,19
1767619879993,31,200,true,10,10,31
1767619879993,31,200,true,10,10,31
1767619879994,30,200,true,10,10,30
1767619879994,31,200,true,10,10,31
1767619879994,31,200,true,10,10,31
1767619879995,30,200,true,10,10,30
1767619880004,21,200,true,10,10,21
1767619880004,22,200,true,10,10,22
1767619880004,22,200,true,10,10,22
1767619880004,22,200,true,10,10,22
1767619880024,23,200,true,10,10,23
1767619880024,24,200,true,10,10,24
1767619880024,24,200,true,10,10,24
1767619880025,23,200,true,10,10,23
1767619880025,24,200,true,10,10,24
1767619880025,24,200,true,10,10,24
1767619880025,24,200,true,10,10,24
1767619880026,23,200,true,10,10,23
1767619880026,23,200,true,10,10,23
1767619880026,24,200,true,10,10,23
1767619880048,22,200,true,10,10,22
1767619880048,23,200,true,10,10,23
1767619880048,23,200,true,10,10,23
1767619880048,23,200,true,10,10,23
1767619880049,23,200,true,10,10,23
1767619880049,23,200,true,10,10,23
1767619880049,23,200,true,10,10,23
1767619880049,23,200,true,10,10,23
1767619880049,24,200,true,10,10,24
1767619880050,23,200,true,10,10,23
1767619880071,23,200,true,10,10,23
1767619880071,23,200,true,10,10,23
1767619880071,23,200,true,10,10,23
1767619880071,23,200,true,10,10,23
1767619880072,23,200,true,10,10,23
1767619880072,23,200,true,10,10,23
1767619880072,23,200,true,10,10,23
1767619880072,23,200,true,10,10,23
1767619880073,22,200,true,10,10,22
1767619880073,23,200,true,10,10,23
1767619880094,25,200,true,10,10,25
1767619880094,25,200,true,10,10,25
1767619880094,25,200,true,10,10,25
1767619880094,25,200,true,10,10,25
1767619880095,25,200,true,10,10,25
1767619880095,25,200,true,10,10,25
1767619880095,25,200,true,10,10,25
1767619880095,25,200,true,10,10,25
1767619880095,26,200,true,10,10,26
1767619880096,25,200,true,10,10,25
1767619880119,24,200,true,10,10,24
1767619880119,24,200,true,10,10,24
1767619880119,24,200,true,10,10,24
1767619880120,23,200,true,10,10,23
1767619880120,23,200,true,10,10,23
1767619880120,24,200,true,10,10,24
1767619880120,24,200,true,10,10,24
1767619880120,24,200,true,10,10,24
1767619880121,23,200,true,10,10,23
1767619880121,23,200,true,10,10,23
1767619880143,20,200,true,10,10,20
1767619880143,20,200,true,10,10,20
1767619880143,20,200,true,10,10,20
1767619880143,20,200,true,10,10,20
1767619880144,19,200,true,10,10,19
1767619880144,19,200,true,10,10,19
1767619880144,20,200,true,10,10,20
1767619880144,20,200,true,10,10,20
1767619880144,20,200,true,10,10,20
1767619880144,20,200,true,10,10,20
1767619880163,18,200,true,10,10,18
1767619880163,18,200,true,10,10,18
1767619880163,19,200,true,10,10,19
1767619880163,19,200,true,10,10,19
1767619880163,19,200,true,10,10,19
1767619880164,18,200,true,10,10,18
1767619880164,18,200,true,10,10,18
1767619880164,19,200,true,10,10,19
1767619880164,19,200,true,10,10,19
1767619880164,19,200,true,10,10,19
1767619880181,22,200,true,10,10,22
1767619880182,21,200,true,10,10,21
1767619880182,21,200,true,10,10,21
1767619880182,21,200,true,10,10,21
1767619880182,22,200,true,10,10,22
1767619880182,22,200,true,10,10,22
1767619880182,22,200,true,10,10,22
1767619880183,21,200,true,10,10,21
1767619880183,22,200,true,10,10,22
1767619880183,22,200,true,10,10,22
1767619880203,19,200,true,10,10,19
1767619880203,19,200,true,10,10,19
1767619880203,19,200,true,10,10,19
1767619880203,20,200,true,10,10,20
1767619880204,19,200,true,10,10,19
1767619880204,19,200,true,10,10,19
1767619880204,20,200,true,10,10,20
1767619880204,20,200,true,10,10,20
1767619880205,20,200,true,10,10,20
1767619880205,20,200,true,10,10,20
1767619880222,21,200,true,10,10,21
1767619880222,21,200,true,10,10,21
1767619880222,22,200,true,10,10,22
1767619880223,21,200,true,10,10,21
1767619880223,21,200,true,10,10,21
1767619880223,21,200,true,10,10,21
1767619880224,20,200,true,10,10,20
1767619880224,20,200,true,10,10,20
1767619880225,20,200,true,10,10,20
1767619880225,20,200,true,10,10,20
1767619880243,19,200,true,10,10,19
1767619880243,20,200,true,10,10,20
1767619880244,19,200,true,10,10,19
1767619880244,19,200,true,10,10,19
1767619880244,19,200,true,10,10,19
1767619880244,19,200,true,10,10,19
1767619880244,20,200,true,10,10,20
1767619880245,19,200,true,10,10,19
1767619880245,19,200,true,10,10,19
1767619880245,19,200,true,10,10,19
1767619880263,21,200,true,10,10,21
1767619880263,21,200,true,10,10,21
1767619880263,21,200,true,10,10,21
1767619880263,22,200,true,10,10,22
1767619880263,22,200,true,10,10,22
1767619880264,21,200,true,10,10,21
1767619880264,22,200,true,10,10,21
1767619880264,22,200,true,10,10,22
1767619880264,22,200,true,10,10,22
1767619880264,22,200,true,10,10,22
1767619880284,26,200,true,10,10,26
1767619880284,26,200,true,10,10,26
1767619880284,26,200,true,10,10,26
1767619880285,25,200,true,10,10,25
1767619880285,26,200,true,10,10,26
1767619880285,26,200,true,10,10,26
1767619880286,25,200,true,10,10,25
1767619880286,25,200,true,10,10,25
1767619880286,25,200,true,10,10,25
1767619880286,26,200,true,10,10,26
1767619880310,19,200,true,10,10,19
1767619880310,20,200,true,10,10,20
1767619880310,20,200,true,10,10,20
1767619880310,20,200,true,10,10,20
1767619880311,19,200,true,10,10,19
1767619880311,19,200,true,10,10,19
1767619880311,20,200,true,10,10,20
1767619880311,20,200,true,10,10,20
1767619880311,20,200,true,10,10,20
1767619880312,19,200,true,10,10,19
1767619880330,18,200,true,10,10,18
1767619880330,18,200,true,10,10,18
1767619880330,19,200,true,10,10,19
1767619880330,19,200,true,10,10,19
1767619880330,19,200,true,10,10,19
1767619880330,19,200,true,10,10,19
1767619880331,19,200,true,10,10,18
1767619880331,19,200,true,10,10,19
1767619880331,19,200,true,10,10,19
1767619880331,19,200,true,10,10,19
1767619880349,19,200,true,10,10,19
1767619880349,19,200,true,10,10,19
1767619880349,19,200,true,10,10,19
1767619880349,19,200,true,10,10,19
1767619880349,20,200,true,10,10,20
1767619880349,20,200,true,10,10,20
1767619880350,19,200,true,10,10,19
1767619880350,19,200,true,10,10,19
1767619880350,19,200,true,10,10,19
1767619880350,20,200,true,10,10,20
1767619880368,22,200,true,10,10,22
1767619880368,23,200,true,10,10,23
1767619880368,23,200,true,10,10,23
1767619880368,23,200,true,10,10,23
1767619880369,22,200,true,10,10,22
1767619880369,22,200,true,10,10,22
1767619880369,23,200,true,10,10,23
1767619880369,23,200,true,10,10,23
1767619880369,23,200,true,10,10,23
1767619880370,22,200,true,10,10,22
1767619880391,20,200,true,10,10,20
1767619880391,20,200,true,10,10,20
1767619880391,21,200,true,10,10,21
1767619880391,21,200,true,10,10,21
1767619880391,21,200,true,10,10,21
1767619880391,21,200,true,10,10,21
1767619880392,20,200,true,10,10,20
1767619880392,21,200,true,10,10,21
1767619880392,21,200,true,10,10,21
1767619880392,21,200,true,10,10,21
1767619880412,20,200,true,10,10,20
1767619880412,20,200,true,10,10,20
1767619880412,20,200,true,10,10,20
1767619880412,20,200,true,10,10,20
1767619880412,21,200,true,10,10,21
1767619880412,21,200,true,10,10,21
1767619880413,20,200,true,10,10,20
1767619880413,21,200,true,10,10,21
1767619880413,26,200,true,10,10,26
1767619880413,26,200,true,10,10,26
1767619880432,22,200,true,10,10,22
1767619880432,22,200,true,10,10,22
1767619880432,22,200,true,10,10,22
1767619880433,21,200,true,10,10,21
1767619880433,21,200,true,10,10,21
1767619880433,21,200,true,10,10,21
1767619880433,22,200,true,10,10,22
1767619880434,21,200,true,10,10,21
1767619880439,16,200,true,10,10,16
1767619880439,16,200,true,10,10,16
1767619880454,24,200,true,10,10,24
1767619880454,25,200,true,10,10,25
1767619880454,25,200,true,10,10,25
1767619880454,25,200,true,10,10,25
1767619880454,25,200,true,10,10,25
1767619880454,25,200,true,10,10,25
1767619880455,25,200,true,10,10,25
1767619880455,25,200,true,10,10,25
1767619880455,25,200,true,10,10,25
1767619880455,25,200,true,10,10,25
1767619880479,18,200,true,10,10,18
1767619880479,18,200,true,10,10,18
1767619880479,18,200,true,10,10,18
1767619880479,19,200,true,10,10,19
1767619880479,19,200,true,10,10,19
1767619880480,18,200,true,10,10,18
1767619880480,19,200,true,10,10,19
1767619880480,19,200,true,10,10,19
1767619880480,19,200,true,10,10,19
1767619880480,19,200,true,10,10,19
1767619880497,9,200,true,10,10,9
1767619880497,9,200,true,10,10,9
1767619880498,23,200,true,10,10,23
1767619880498,23,200,true,10,10,23
1767619880498,23,200,true,10,10,23
1767619880498,23,200,true,10,10,23
1767619880499,23,200,true,10,10,22
1767619880499,23,200,true,10,10,23
1767619880499,23,200,true,10,10,23
1767619880499,23,200,true,10,10,23
1767619880506,16,200,true,10,10,16
1767619880507,15,200,true,10,10,15
1767619880521,19,200,true,10,10,19
1767619880521,19,200,true,10,10,19
1767619880521,20,200,true,10,10,20
1767619880521,20,200,true,10,10,20
1767619880522,19,200,true,10,10,19
1767619880522,19,200,true,10,10,19
1767619880522,19,200,true,10,10,19
1767619880522,20,200,true,10,10,20
1767619880522,20,200,true,10,10,20
1767619880523,19,200,true,10,10,19
1767619880540,20,200,true,10,10,20
1767619880540,20,200,true,10,10,20
1767619880541,19,200,true,10,10,19
1767619880541,19,200,true,10,10,19
1767619880541,20,200,true,10,10,20
1767619880541,20,200,true,10,10,20
1767619880541,20,200,true,10,10,20
1767619880542,19,200,true,10,10,19
1767619880542,19,200,true,10,10,19
1767619880542,20,200,true,10,10,20
1767619880560,25,200,true,10,10,25
1767619880560,25,200,true,10,10,25
1767619880560,25,200,true,10,10,25
1767619880560,25,200,true,10,10,25
1767619880561,25,200,true,10,10,25
1767619880561,25,200,true,10,10,25
1767619880561,25,200,true,10,10,25
1767619880561,25,200,true,10,10,25
1767619880561,26,200,true,10,10,26
1767619880562,25,200,true,10,10,25
1767619880585,19,200,true,10,10,19
1767619880585,20,200,true,10,10,20
1767619880585,20,200,true,10,10,20
1767619880585,20,200,true,10,10,20
1767619880586,19,200,true,10,10,19
1767619880586,19,200,true,10,10,19
1767619880586,19,200,true,10,10,19
1767619880586,20,200,true,10,10,20
1767619880587,19,200,true,10,10,19
1767619880587,19,200,true,10,10,19
1767619880604,19,200,true,10,10,19
1767619880605,18,200,true,10,10,18
1767619880605,19,200,true,10,10,19
1767619880605,19,200,true,10,10,19
1767619880605,19,200,true,10,10,19
1767619880605,19,200,true,10,10,19
1767619880606,21,200,true,10,10,21
1767619880606,21,200,true,10,10,21
1767619880606,21,200,true,10,10,21
1767619880606,22,200,true,10,10,22
1767619880623,19,200,true,10,10,19
1767619880624,19,200,true,10,10,19
1767619880624,19,200,true,10,10,19
1767619880624,19,200,true,10,10,19
1767619880624,19,200,true,10,10,19
1767619880624,19,200,true,10,10,19
1767619880627,17,200,true,10,10,17
1767619880627,17,200,true,10,10,17
1767619880627,17,200,true,10,10,17
1767619880628,16,200,true,10,10,16
1767619880642,16,200,true,10,10,16
1767619880643,16,200,true,10,10,16
1767619880643,16,200,true,10,10,16
1767619880643,29,200,true,10,10,29
1767619880643,29,200,true,10,10,29
1767619880644,28,200,true,10,10,28
1767619880644,28,200,true,10,10,28
1767619880644,28,200,true,10,10,28
1767619880644,29,200,true,10,10,29
1767619880644,29,200,true,10,10,29
1767619880658,15,200,true,10,10,15
1767619880659,14,200,true,10,10,14
1767619880659,15,200,true,10,10,15
1767619880672,20,200,true,10,10,20
1767619880672,20,200,true,10,10,20
1767619880672,20,200,true,10,10,20
1767619880672,20,200,true,10,10,20
1767619880672,20,200,true,10,10,20
1767619880673,20,200,true,10,10,20
1767619880673,20,200,true,10,10,20
1767619880673,20,200,true,10,10,20
1767619880673,20,200,true,10,10,20
1767619880674,20,200,true,10,10,20
1767619880692,20,200,true,10,10,20
1767619880692,20,200,true,10,10,20
1767619880692,20,200,true,10,10,20
1767619880692,20,200,true,10,10,20
1767619880693,19,200,true,10,10,19
1767619880693,19,200,true,10,10,19
1767619880693,20,200,true,10,10,20
1767619880693,20,200,true,10,10,20
1767619880693,20,200,true,10,10,20
1767619880694,19,200,true,10,10,19
1767619880712,20,200,true,10,10,20
1767619880712,20,200,true,10,10,20
1767619880712,20,200,true,10,10,20
1767619880712,20,200,true,10,10,20
1767619880712,21,200,true,10,10,21
1767619880712,21,200,true,10,10,21
1767619880713,20,200,true,10,10,20
1767619880713,20,200,true,10,10,20
1767619880713,21,200,true,10,10,21
1767619880713,21,200,true,10,10,21
1767619880732,24,200,true,10,10,24
1767619880732,24,200,true,10,10,24
1767619880732,24,200,true,10,10,24
1767619880732,25,200,true,10,10,25
1767619880733,24,200,true,10,10,24
1767619880733,24,200,true,10,10,24
1767619880733,25,200,true,10,10,25
1767619880733,25,200,true,10,10,25
1767619880734,24,200,true,10,10,24
1767619880734,24,200,true,10,10,24
1767619880756,26,200,true,10,10,26
1767619880756,27,200,true,10,10,27
1767619880756,27,200,true,10,10,27
1767619880757,26,200,true,10,10,26
1767619880757,26,200,true,10,10,26
1767619880757,26,200,true,10,10,26
1767619880758,26,200,true,10,10,26
1767619880758,26,200,true,10,10,26
1767619880758,26,200,true,10,10,26
1767619880758,26,200,true,10,10,26
1767619880783,19,200,true,10,10,19
1767619880783,19,200,true,10,10,19
1767619880783,19,200,true,10,10,19
1767619880783,20,200,true,10,10,20
1767619880783,20,200,true,10,10,20
1767619880784,19,200,true,10,10,19
1767619880784,19,200,true,10,10,19
1767619880784,19,200,true,10,10,19
1767619880784,20,200,true,10,10,20
1767619880785,19,200,true,10,10,19
1767619880802,20,200,true,10,10,20
1767619880802,20,200,true,10,10,20
1767619880803,19,200,true,10,10,19
1767619880803,19,200,true,10,10,19
1767619880803,20,200,true,10,10,20
1767619880803,20,200,true,10,10,20
1767619880803,20,200,true,10,10,20
1767619880804,19,200,true,10,10,19
1767619880804,20,200,true,10,10,20
1767619880804,20,200,true,10,10,20
1767619880822,30,200,true,10,10,30
1767619880822,30,200,true,10,10,30
1767619880822,30,200,true,10,10,30
1767619880822,30,200,true,10,10,30
1767619880823,30,200,true,10,10,30
1767619880823,30,200,true,10,10,30
1767619880823,31,200,true,10,10,31
1767619880823,34,200,true,10,10,34
1767619880824,34,200,true,10,10,34
1767619880824,34,200,true,10,10,34
1767619880852,21,200,true,10,10,21
1767619880852,21,200,true,10,10,21
1767619880852,21,200,true,10,10,21
1767619880852,22,200,true,10,10,22
1767619880853,21,200,true,10,10,21
1767619880853,21,200,true,10,10,21
1767619880854,20,200,true,10,10,20
1767619880857,18,200,true,10,10,18
1767619880858,17,200,true,10,10,17
1767619880858,17,200,true,10,10,17
1767619880873,19,200,true,10,10,19
1767619880873,19,200,true,10,10,19
1767619880873,19,200,true,10,10,19
1767619880874,18,200,true,10,10,18
1767619880874,19,200,true,10,10,19
1767619880874,19,200,true,10,10,19
1767619880874,19,200,true,10,10,19
1767619880875,18,200,true,10,10,18
1767619880875,19,200,true,10,10,19
1767619880875,19,200,true,10,10,19
1767619880892,19,200,true,10,10,19
1767619880892,20,200,true,10,10,20
1767619880892,20,200,true,10,10,20
1767619880893,19,200,true,10,10,19
1767619880893,19,200,true,10,10,19
1767619880893,19,200,true,10,10,19
1767619880893,20,200,true,10,10,20
1767619880893,20,200,true,10,10,20
1767619880894,19,200,true,10,10,19
1767619880894,19,200,true,10,10,19
1767619880912,19,200,true,10,10,19
1767619880912,19,200,true,10,10,19
1767619880912,19,200,true,10,10,19
1767619880912,19,200,true,10,10,19
1767619880912,19,200,true,10,10,19
1767619880912,20,200,true,10,10,20
1767619880913,19,200,true,10,10,19
1767619880913,19,200,true,10,10,19
1767619880913,20,200,true,6,6,19
1767619880913,20,200,true,6,6,20
1767619880931,12,200,true,5,5,12
1767619880931,12,200,true,5,5,12
1767619880931,12,200,true,5,5,12
1767619880932,11,200,true,4,4,11
1767619880933,10,200,true,4,4,10
