timeStamp,elapsed,responseCode,success,grpThreads,allThreads,Latency
1767628330347,33,200,true,136,136,33
1767628330328,55,200,true,136,136,55
1767628330329,54,200,true,136,136,54
1767628330328,54,200,true,136,136,46
1767628330346,36,200,true,136,136,28
1767628330360,23,200,true,136,136,14
1767628330355,28,200,true,136,136,28
1767628330359,24,200,true,136,136,24
1767628330360,24,200,true,136,136,23
1767628330357,26,200,true,136,136,26
1767628330357,27,200,true,136,136,27
1767628330359,25,200,true,136,136,25
1767628330358,23,200,true,136,136,16
1767628330357,33,200,true,137,137,33
1767628330353,27,200,true,136,136,23
1767628330346,33,200,true,136,136,33
1767628330346,34,200,true,136,136,31
1767628330343,43,200,true,136,136,43
1767628330354,32,200,true,136,136,32
1767628330344,47,200,true,138,138,47
1767628330356,35,200,true,139,139,35
1767628330359,37,200,true,145,145,37
1767628330353,44,200,true,147,147,43
1767628330353,44,200,true,147,147,43
1767628330355,48,200,true,156,156,43
1767628330347,59,200,true,159,159,59
1767628330347,59,200,true,159,159,57
1767628330354,53,200,true,159,159,53
1767628330346,67,200,true,167,167,67
1767628330336,76,200,true,167,167,76
1767628330328,85,200,true,167,167,85
1767628330330,84,200,true,167,167,84
1767628330359,56,200,true,167,167,56
1767628330330,87,200,true,169,169,87
1767628330328,88,200,true,170,170,88
1767628330376,41,200,true,170,170,41
1767628330390,27,200,true,170,170,27
1767628330377,40,200,true,170,170,40
1767628330396,22,200,true,170,170,22
1767628330401,17,200,true,170,170,17
1767628330327,92,200,true,170,170,92
1767628330392,32,200,true,170,170,31
1767628330337,88,200,true,170,170,88
1767628330335,89,200,true,170,170,89
1767628330329,99,200,true,170,170,99
1767628330393,35,200,true,170,170,35
1767628330328,101,200,true,170,170,100
1767628330333,96,200,true,170,170,96
1767628330407,22,200,true,170,170,22
1767628330410,20,200,true,170,170,20
1767628330408,22,200,true,170,170,22
1767628330409,22,200,true,170,170,22
1767628330360,73,200,true,170,170,73
1767628330411,22,200,true,170,170,22
1767628330416,17,200,true,170,170,17
1767628330417,17,200,true,170,170,17
1767628330412,23,200,true,170,170,20
1767628330434,1,200,true,170,170,1
1767628330418,18,200,true,170,170,18
1767628330433,3,200,true,170,170,3
1767628330409,27,200,true,170,170,27
1767628330350,87,200,true,170,170,87
1767628330430,8,200,true,170,170,8
1767628330347,92,200,true,170,170,92
1767628330413,26,200,true,170,170,23
1767628330430,10,200,true,170,170,10
1767628330436,5,200,true,170,170,5
1767628330416,26,200,true,170,170,25
1767628330416,26,200,true,170,170,26
1767628330437,6,200,true,170,170,6
1767628330343,101,200,true,170,170,101
1767628330346,100,200,true,170,170,100
1767628330353,92,200,true,170,170,92
1767628330359,87,200,true,170,170,87
1767628330357,88,200,true,170,170,88
1767628330328,119,200,true,170,170,119
1767628330345,101,200,true,170,170,101
1767628330442,4,200,true,170,170,4
1767628330329,118,200,true,170,170,118
1767628330328,121,200,true,170,170,121
1767628330329,122,200,true,170,170,122
1767628330343,107,200,true,170,170,107
1767628330328,122,200,true,170,170,122
1767628330369,82,200,true,170,170,82
1767628330450,1,200,true,170,170,1
1767628330343,111,200,true,170,170,111
1767628330329,125,200,true,170,170,125
1767628330329,125,200,true,170,170,125
1767628330356,98,200,true,170,170,98
1767628330329,128,200,true,170,170,128
1767628330348,108,200,true,170,170,108
1767628330343,114,200,true,170,170,114
1767628330350,108,200,true,170,170,108
1767628330329,131,200,true,170,170,131
1767628330328,131,200,true,170,170,131
1767628330343,118,200,true,170,170,118
1767628330329,132,200,true,170,170,132
1767628330328,133,200,true,170,170,133
1767628330343,119,200,true,170,170,119
1767628330353,111,200,true,170,170,111
1767628330350,115,200,true,170,170,115
1767628330463,1,200,true,170,170,1
1767628330355,110,200,true,170,170,110
1767628330355,110,200,true,170,170,110
1767628330464,1,200,true,170,170,1
1767628330465,1,200,true,170,170,1
1767628330465,1,200,true,170,170,1
1767628330465,2,200,true,170,170,1
1767628330465,2,200,true,170,170,2
1767628330466,1,200,true,170,170,1
1767628330466,2,200,true,170,170,2
1767628330467,1,200,true,170,170,1
1767628330467,2,200,true,170,170,2
1767628330468,1,200,true,170,170,1
1767628330468,2,200,true,170,170,2
1767628330468,2,200,true,170,170,2
1767628330469,1,200,true,170,170,1
1767628330469,2,200,true,170,170,2
1767628330354,117,200,true,170,170,117
1767628330470,2,200,true,170,170,2
1767628330471,1,200,true,170,170,1
1767628330471,2,200,true,170,170,1
1767628330471,2,200,true,170,170,2
1767628330472,1,200,true,170,170,1
1767628330472,2,200,true,170,170,2
1767628330473,1,200,true,170,170,1
1767628330473,2,200,true,170,170,2
1767628330350,125,200,true,170,170,125
1767628330359,117,200,true,170,170,117
1767628330353,123,200,true,170,170,123
1767628330351,125,200,true,170,170,125
1767628330354,122,200,true,170,170,122
1767628330353,124,200,true,170,170,124
1767628330351,127,200,true,170,170,127
1767628330355,123,200,true,170,170,123
1767628330359,120,200,true,170,170,119
1767628330475,3,200,true,170,170,3
1767628330470,11,200,true,170,170,11
1767628330478,3,200,true,170,170,3
1767628330478,4,200,true,170,170,4
1767628330354,129,200,true,170,170,129
1767628330360,123,200,true,170,170,123
1767628330348,134,200,true,170,170,134
1767628330481,2,200,true,170,170,2
1767628330481,3,200,true,170,170,2
1767628330482,3,200,true,170,170,3
1767628330350,136,200,true,170,170,136
1767628330357,130,200,true,170,170,130
1767628330355,132,200,true,170,170,132
1767628330356,130,200,true,170,170,130
1767628330358,129,200,true,170,170,129
1767628330360,128,200,true,170,170,128
1767628330355,133,200,true,170,170,133
1767628330395,92,200,true,170,170,92
1767628330360,128,200,true,170,170,127
1767628330391,97,200,true,170,170,97
1767628330388,100,200,true,170,170,100
1767628330388,100,200,true,170,170,100
1767628330389,99,200,true,170,170,99
1767628330388,101,200,true,170,170,101
1767628330391,98,200,true,170,170,98
1767628330382,107,200,true,170,170,107
1767628330390,99,200,true,170,170,99
1767628330391,99,200,true,170,170,99
1767628330389,101,200,true,170,170,101
1767628330390,100,200,true,170,170,100
1767628330390,100,200,true,170,170,100
1767628330388,102,200,true,170,170,102
1767628330390,101,200,true,170,170,101
1767628330389,102,200,true,170,170,102
1767628330389,102,200,true,170,170,102
1767628330390,101,200,true,170,170,101
1767628330392,100,200,true,170,170,99
1767628330388,104,200,true,170,170,104
1767628330396,96,200,true,170,170,96
1767628330389,103,200,true,170,170,103
1767628330388,104,200,true,170,170,104
1767628330397,96,200,true,170,170,96
1767628330402,91,200,true,170,170,91
1767628330405,88,200,true,170,170,88
1767628330337,157,200,true,170,170,157
1767628330336,158,200,true,170,170,158
1767628330329,166,200,true,170,170,166
1767628330394,100,200,true,170,170,100
1767628330332,162,200,true,170,170,162
1767628330407,88,200,true,170,170,88
1767628330342,153,200,true,170,170,153
1767628330330,166,200,true,170,170,166
1767628330405,90,200,true,170,170,90
1767628330330,167,200,true,170,170,167
1767628330394,102,200,true,170,170,102
1767628330400,96,200,true,170,170,96
1767628330329,167,200,true,170,170,167
1767628330329,168,200,true,170,170,168
1767628330329,169,200,true,170,170,169
1767628330330,168,200,true,170,170,168
1767628330335,162,200,true,170,170,162
1767628330397,100,200,true,170,170,100
1767628330329,168,200,true,170,170,168
1767628330330,169,200,true,170,170,169
1767628330395,103,200,true,170,170,103
1767628330405,93,200,true,170,170,93
1767628330333,165,200,true,170,170,165
1767628330402,96,200,true,170,170,96
1767628330330,170,200,true,170,170,170
1767628330330,170,200,true,170,170,170
1767628330337,163,200,true,170,170,163
1767628330334,165,200,true,170,170,165
1767628330330,170,200,true,170,170,170
1767628330329,171,200,true,170,170,171
1767628330329,172,200,true,170,170,172
1767628330399,101,200,true,170,170,101
1767628330400,100,200,true,170,170,100
1767628330330,171,200,true,170,170,171
1767628330390,111,200,true,170,170,111
1767628330398,103,200,true,170,170,103
1767628330330,172,200,true,170,170,172
1767628330402,99,200,true,170,170,99
1767628330332,170,200,true,170,170,170
1767628330405,97,200,true,170,170,97
1767628330401,101,200,true,170,170,101
1767628330499,3,200,true,170,170,3
1767628330398,105,200,true,170,170,105
1767628330329,175,200,true,170,170,175
1767628330330,174,200,true,170,170,174
1767628330330,174,200,true,170,170,174
1767628330335,168,200,true,170,170,168
1767628330327,177,200,true,170,170,177
1767628330327,178,200,true,170,170,178
1767628330342,162,200,true,170,170,162
1767628330392,112,200,true,170,170,112
1767628330336,170,200,true,170,170,170
1767628330396,109,200,true,170,170,109
1767628330397,108,200,true,170,170,108
1767628330329,176,200,true,170,170,176
1767628330329,178,200,true,170,170,178
1767628330410,96,200,true,170,170,96
1767628330413,93,200,true,170,170,93
1767628330417,89,200,true,170,170,89
1767628330414,92,200,true,170,170,92
1767628330412,95,200,true,170,170,95
1767628330414,93,200,true,170,170,93
1767628330419,88,200,true,170,170,88
1767628330418,89,200,true,170,170,89
1767628330419,89,200,true,170,170,89
1767628330417,91,200,true,170,170,91
1767628330424,84,200,true,170,170,84
1767628330415,93,200,true,170,170,93
1767628330432,76,200,true,170,170,76
1767628330424,85,200,true,170,170,85
1767628330507,2,200,true,170,170,2
1767628330434,75,200,true,170,170,75
1767628330428,81,200,true,170,170,81
1767628330430,80,200,true,170,170,80
1767628330429,81,200,true,170,170,81
1767628330436,74,200,true,170,170,74
1767628330438,72,200,true,170,170,72
1767628330436,75,200,true,170,170,75
1767628330436,75,200,true,170,170,75
1767628330438,73,200,true,170,170,73
1767628330429,82,200,true,170,170,82
1767628330428,83,200,true,170,170,83
1767628330424,88,200,true,170,170,88
1767628330431,81,200,true,170,170,81
1767628330436,76,200,true,170,170,76
1767628330440,72,200,true,170,170,72
1767628330439,73,200,true,170,170,73
1767628330442,71,200,true,170,170,71
1767628330441,72,200,true,170,170,72
1767628330443,70,200,true,170,170,70
1767628330445,68,200,true,170,170,68
1767628330445,68,200,true,170,170,68
1767628330446,67,200,true,170,170,67
1767628330445,69,200,true,170,170,69
1767628330446,68,200,true,170,170,68
1767628330444,70,200,true,170,170,70
1767628330446,68,200,true,170,170,68
1767628330446,69,200,true,170,170,68
1767628330450,65,200,true,170,170,65
1767628330449,66,200,true,170,170,66
1767628330451,64,200,true,170,170,64
1767628330447,68,200,true,170,170,68
1767628330451,65,200,true,170,170,65
1767628330451,65,200,true,170,170,65
1767628330453,63,200,true,170,170,63
1767628330486,30,200,true,170,170,30
1767628330489,30,200,true,170,170,30
1767628330453,66,200,true,170,170,66
1767628330453,67,200,true,170,170,66
1767628330454,66,200,true,170,170,66
1767628330456,64,200,true,170,170,64
1767628330456,64,200,true,170,170,64
1767628330457,63,200,true,170,170,63
1767628330343,179,200,true,170,170,179
1767628330459,62,200,true,170,170,62
1767628330457,64,200,true,170,170,64
1767628330459,62,200,true,170,170,62
1767628330461,61,200,true,170,170,60
1767628330460,62,200,true,170,170,62
1767628330354,169,200,true,170,170,169
1767628330487,38,200,true,170,170,38
1767628330494,31,200,true,170,170,31
1767628330460,68,200,true,170,170,68
1767628330491,40,200,true,170,170,40
1767628330497,34,200,true,170,170,34
1767628330498,34,200,true,170,170,33
1767628330476,60,200,true,170,170,59
1767628330476,60,200,true,170,170,60
1767628330476,61,200,true,170,170,61
1767628330477,61,200,true,170,170,61
1767628330496,42,200,true,170,170,42
1767628330511,29,200,true,170,170,29
1767628330496,44,200,true,170,170,44
1767628330491,53,200,true,170,170,53
1767628330514,30,200,true,170,170,30
1767628330508,39,200,true,170,170,39
1767628330500,48,200,true,170,170,47
1767628330500,48,200,true,170,170,48
1767628330500,48,200,true,170,170,48
1767628330513,36,200,true,170,170,36
1767628330500,49,200,true,170,170,49
1767628330490,60,200,true,170,170,60
1767628330500,50,200,true,170,170,50
1767628330501,49,200,true,170,170,49
1767628330501,50,200,true,170,170,50
1767628330514,37,200,true,170,170,37
1767628330501,53,200,true,170,170,53
1767628330508,47,200,true,170,170,47
1767628330512,46,200,true,170,170,46
1767628330503,55,200,true,170,170,55
1767628330503,55,200,true,170,170,55
1767628330503,59,200,true,170,170,59
1767628330505,57,200,true,170,170,57
1767628330505,60,200,true,170,170,60
1767628330516,49,200,true,170,170,49
1767628330520,45,200,true,170,170,45
1767628330516,53,200,true,170,170,52
1767628330521,48,200,true,170,170,48
1767628330477,96,200,true,170,170,96
1767628330540,33,200,true,170,170,33
1767628330565,9,200,true,170,170,9
1767628330555,20,200,true,170,170,19
1767628330541,35,200,true,170,170,35
1767628330548,28,200,true,170,170,27
1767628330548,29,200,true,170,170,29
1767628330550,27,200,true,170,170,27
1767628330550,28,200,true,170,170,28
1767628330551,27,200,true,170,170,27
1767628330551,27,200,true,170,170,27
1767628330552,27,200,true,170,170,27
1767628330558,21,200,true,170,170,21
1767628330575,8,200,true,170,170,8
1767628330558,25,200,true,170,170,25
1767628330579,6,200,true,170,170,6
1767628330477,108,200,true,170,170,108
1767628330477,109,200,true,170,170,109
1767628330482,104,200,true,170,170,104
1767628330482,104,200,true,170,170,104
1767628330482,104,200,true,170,170,104
1767628330483,104,200,true,170,170,104
1767628330484,103,200,true,170,170,103
1767628330493,94,200,true,170,170,94
1767628330493,94,200,true,170,170,94
1767628330513,75,200,true,170,170,75
1767628330494,94,200,true,170,170,94
1767628330488,100,200,true,170,170,100
1767628330488,100,200,true,170,170,100
1767628330488,101,200,true,170,170,100
1767628330460,129,200,true,170,170,129
1767628330495,94,200,true,170,170,94
1767628330495,94,200,true,170,170,94
1767628330492,97,200,true,170,170,97
1767628330494,96,200,true,170,170,96
1767628330513,77,200,true,170,170,77
1767628330509,81,200,true,170,170,81
1767628330492,98,200,true,170,170,98
1767628330513,78,200,true,170,170,78
1767628330497,94,200,true,170,170,94
1767628330498,93,200,true,170,170,93
1767628330515,76,200,true,170,170,76
1767628330515,77,200,true,170,170,77
1767628330491,101,200,true,170,170,101
1767628330511,81,200,true,170,170,81
1767628330506,86,200,true,170,170,86
1767628330498,94,200,true,170,170,94
1767628330493,100,200,true,170,170,100
1767628330496,97,200,true,170,170,97
1767628330511,82,200,true,170,170,82
1767628330490,103,200,true,170,170,103
1767628330510,83,200,true,170,170,83
1767628330476,118,200,true,170,170,118
1767628330475,119,200,true,170,170,119
1767628330474,121,200,true,170,170,121
1767628330497,102,200,true,170,170,102
1767628330589,14,200,true,170,170,14
1767628330592,11,200,true,170,170,11
1767628330512,96,200,true,170,170,96
1767628330489,120,200,true,170,170,120
1767628330589,21,200,true,170,170,21
1767628330594,18,200,true,170,170,18
1767628330509,106,200,true,170,170,106
1767628330496,120,200,true,170,170,120
1767628330498,118,200,true,170,170,118
1767628330495,122,200,true,170,170,121
1767628330507,110,200,true,170,170,110
1767628330489,128,200,true,170,170,128
1767628330615,2,200,true,170,170,2
1767628330616,4,200,true,170,170,4
1767628330495,125,200,true,170,170,125
1767628330515,105,200,true,170,170,105
1767628330497,124,200,true,170,170,124
1767628330620,1,200,true,170,170,1
1767628330620,1,200,true,170,170,1
1767628330620,2,200,true,170,170,2
1767628330621,1,200,true,170,170,1
1767628330621,2,200,true,170,170,2
1767628330497,126,200,true,170,170,126
1767628330622,2,200,true,170,170,2
1767628330622,2,200,true,170,170,2
1767628330623,1,200,true,170,170,1
1767628330623,2,200,true,170,170,2
1767628330624,1,200,true,170,170,1
1767628330624,2,200,true,170,170,2
1767628330625,1,200,true,170,170,1
1767628330625,2,200,true,170,170,2
1767628330506,122,200,true,170,170,122
1767628330489,139,200,true,170,170,139
1767628330515,113,200,true,170,170,113
1767628330509,120,200,true,170,170,120
1767628330514,115,200,true,170,170,115
1767628330628,1,200,true,170,170,1
1767628330628,2,200,true,170,170,2
1767628330629,1,200,true,170,170,1
1767628330629,2,200,true,170,170,2
1767628330513,118,200,true,170,170,118
1767628330629,3,200,true,170,170,3
1767628330630,2,200,true,170,170,2
1767628330630,3,200,true,170,170,2
1767628330631,2,200,true,170,170,2
1767628330631,2,200,true,170,170,2
1767628330632,2,200,true,170,170,2
1767628330633,1,200,true,170,170,1
1767628330633,2,200,true,170,170,1
1767628330507,128,200,true,170,170,128
1767628330633,3,200,true,170,170,3
1767628330634,2,200,true,170,170,2
1767628330634,2,200,true,170,170,2
1767628330635,2,200,true,170,170,2
1767628330635,2,200,true,170,170,2
1767628330636,2,200,true,170,170,2
1767628330636,2,200,true,170,170,2
1767628330637,2,200,true,170,170,2
1767628330508,131,200,true,170,170,131
1767628330637,3,200,true,170,170,3
1767628330638,2,200,true,170,170,2
1767628330638,2,200,true,170,170,2
1767628330639,2,200,true,170,170,2
1767628330639,2,200,true,170,170,2
1767628330640,2,200,true,170,170,2
1767628330640,2,200,true,170,170,2
1767628330641,2,200,true,170,170,2
1767628330629,15,200,true,170,170,2
1767628330633,11,200,true,170,170,2
1767628330637,7,200,true,170,170,2
1767628330508,136,200,true,170,170,136
1767628330498,147,200,true,170,170,146
1767628330513,132,200,true,170,170,132
1767628330644,1,200,true,170,170,1
1767628330644,2,200,true,170,170,1
1767628330645,1,200,true,170,170,1
1767628330645,1,200,true,170,170,1
1767628330645,2,200,true,170,170,2
1767628330499,148,200,true,170,170,148
1767628330646,2,200,true,170,170,2
1767628330646,2,200,true,170,170,2
1767628330647,1,200,true,170,170,1
1767628330647,2,200,true,170,170,2
1767628330648,1,200,true,170,170,1
1767628330648,2,200,true,170,170,2
1767628330649,1,200,true,170,170,1
1767628330649,2,200,true,170,170,2
1767628330499,152,200,true,170,170,152
1767628330650,2,200,true,170,170,2
1767628330499,153,200,true,170,170,153
1767628330503,152,200,true,170,170,152
1767628330489,166,200,true,170,170,166
1767628330499,156,200,true,170,170,156
1767628330508,147,200,true,170,170,147
1767628330625,30,200,true,170,170,30
1767628330490,166,200,true,170,170,166
1767628330514,142,200,true,170,170,142
1767628330487,169,200,true,170,170,169
1767628330501,155,200,true,170,170,155
1767628330486,171,200,true,170,170,171
1767628330502,155,200,true,170,170,155
1767628330502,155,200,true,170,170,155
1767628330502,155,200,true,170,170,155
1767628330502,155,200,true,170,170,155
1767628330509,149,200,true,170,170,149
1767628330486,172,200,true,170,170,172
1767628330506,152,200,true,170,170,152
1767628330512,146,200,true,170,170,146
1767628330487,171,200,true,170,170,171
1767628330488,171,200,true,170,170,171
1767628330510,149,200,true,170,170,149
1767628330491,168,200,true,170,170,168
1767628330491,168,200,true,170,170,168
1767628330504,156,200,true,170,170,155
1767628330504,156,200,true,170,170,156
1767628330504,156,200,true,170,170,156
1767628330504,156,200,true,170,170,156
1767628330492,169,200,true,170,170,169
1767628330493,168,200,true,170,170,168
1767628330492,169,200,true,170,170,169
1767628330655,6,200,true,170,170,6
1767628330505,160,200,true,170,170,160
1767628330657,8,200,true,170,170,8
1767628330505,160,200,true,170,170,160
1767628330486,180,200,true,170,170,180
1767628330506,160,200,true,170,170,160
1767628330506,160,200,true,170,170,160
1767628330487,179,200,true,170,170,179
1767628330512,154,200,true,170,170,154
1767628330511,156,200,true,170,170,156
1767628330507,160,200,true,170,170,160
1767628330510,157,200,true,170,170,157
1767628330517,150,200,true,170,170,150
1767628330515,153,200,true,170,170,153
1767628330520,148,200,true,170,170,148
1767628330516,152,200,true,170,170,152
1767628330521,147,200,true,170,170,147
1767628330520,149,200,true,170,170,149
1767628330520,149,200,true,170,170,149
1767628330521,148,200,true,170,170,148
1767628330521,149,200,true,170,170,148
1767628330520,150,200,true,170,170,150
1767628330522,148,200,true,170,170,148
1767628330522,148,200,true,170,170,148
1767628330525,145,200,true,170,170,145
1767628330525,146,200,true,170,170,146
1767628330532,139,200,true,170,170,139
1767628330532,139,200,true,170,170,139
1767628330531,140,200,true,170,170,140
1767628330536,135,200,true,170,170,135
1767628330516,155,200,true,170,170,152
1767628330520,152,200,true,170,170,152
1767628330503,169,200,true,170,170,169
1767628330538,135,200,true,170,170,135
1767628330658,18,200,true,170,170,18
1767628330671,6,200,true,170,170,6
1767628330671,6,200,true,170,170,6
1767628330671,10,200,true,170,170,10
1767628330672,9,200,true,170,170,9
1767628330669,12,200,true,170,170,12
1767628330537,147,200,true,170,170,147
1767628330666,18,200,true,170,170,18
1767628330667,18,200,true,170,170,18
1767628330667,22,200,true,170,170,22
1767628330537,153,200,true,170,170,153
1767628330528,162,200,true,170,170,162
1767628330486,204,200,true,170,170,204
1767628330565,125,200,true,170,170,125
1767628330523,167,200,true,170,170,167
1767628330569,122,200,true,170,170,122
1767628330549,142,200,true,170,170,142
1767628330547,144,200,true,170,170,144
1767628330545,146,200,true,170,170,146
1767628330544,147,200,true,170,170,147
1767628330549,143,200,true,170,170,143
1767628330549,143,200,true,170,170,143
1767628330558,134,200,true,170,170,134
1767628330562,130,200,true,170,170,130
1767628330569,124,200,true,170,170,124
1767628330562,131,200,true,170,170,131
1767628330565,128,200,true,170,170,128
1767628330573,120,200,true,170,170,120
1767628330573,121,200,true,170,170,121
1767628330574,120,200,true,170,170,120
1767628330576,118,200,true,170,170,118
1767628330577,117,200,true,170,170,117
1767628330578,116,200,true,170,170,116
1767628330578,117,200,true,170,170,117
1767628330578,117,200,true,170,170,117
1767628330576,119,200,true,170,170,119
1767628330555,140,200,true,170,170,140
1767628330577,122,200,true,170,170,122
1767628330522,177,200,true,170,170,177
1767628330690,11,200,true,170,170,11
1767628330329,373,200,true,170,170,373
1767628330587,114,200,true,170,170,114
1767628330587,115,200,true,170,170,115
1767628330588,114,200,true,170,170,114
1767628330490,216,200,true,170,170,214
1767628330700,6,200,true,170,170,6
1767628330512,197,200,true,170,170,195
1767628330586,130,200,true,170,170,130
1767628330591,125,200,true,170,170,125
1767628330586,130,200,true,170,170,130
1767628330592,124,200,true,170,170,124
1767628330588,128,200,true,170,170,128
1767628330591,125,200,true,170,170,125
1767628330510,206,200,true,170,170,200
1767628330592,125,200,true,170,170,124
1767628330587,130,200,true,170,170,130
1767628330592,125,200,true,170,170,125
1767628330590,127,200,true,170,170,127
1767628330592,125,200,true,170,170,125
1767628330586,131,200,true,170,170,131
1767628330592,125,200,true,170,170,125
1767628330589,128,200,true,170,170,128
1767628330580,137,200,true,170,170,137
1767628330590,127,200,true,170,170,127
1767628330593,124,200,true,170,170,124
1767628330583,134,200,true,170,170,134
1767628330593,124,200,true,170,170,124
1767628330586,132,200,true,170,170,129
1767628330593,125,200,true,170,170,123
1767628330594,124,200,true,170,170,120
1767628330593,125,200,true,170,170,125
1767628330587,131,200,true,170,170,131
1767628330590,128,200,true,170,170,128
1767628330583,135,200,true,170,170,135
1767628330586,132,200,true,170,170,129
1767628330593,125,200,true,170,170,120
1767628330594,124,200,true,170,170,124
1767628330588,130,200,true,170,170,130
1767628330595,123,200,true,170,170,123
1767628330603,116,200,true,170,170,116
1767628330603,116,200,true,170,170,116
1767628330600,119,200,true,170,170,119
1767628330608,111,200,true,170,170,111
1767628330609,111,200,true,170,170,110
1767628330610,110,200,true,170,170,110
1767628330612,108,200,true,170,170,108
1767628330496,224,200,true,170,170,224
1767628330616,104,200,true,170,170,104
1767628330617,104,200,true,170,170,104
1767628330617,104,200,true,170,170,104
1767628330618,103,200,true,170,170,103
1767628330618,103,200,true,170,170,103
1767628330626,96,200,true,170,170,95
1767628330626,96,200,true,170,170,96
1767628330627,95,200,true,170,170,95
1767628330592,130,200,true,170,170,118
1767628330641,81,200,true,170,170,81
1767628330586,136,200,true,170,170,136
1767628330590,133,200,true,170,170,133
1767628330642,81,200,true,170,170,81
1767628330716,7,200,true,170,170,7
1767628330588,135,200,true,170,170,123
1767628330695,28,200,true,170,170,28
1767628330690,34,200,true,170,170,34
1767628330696,28,200,true,170,170,28
1767628330692,33,200,true,170,170,33
1767628330693,32,200,true,170,170,32
1767628330691,34,200,true,170,170,34
1767628330693,33,200,true,170,170,33
1767628330700,26,200,true,170,170,26
1767628330690,37,200,true,170,170,37
1767628330719,11,200,true,170,170,11
1767628330719,11,200,true,170,170,11
1767628330723,11,200,true,170,170,11
1767628330718,16,200,true,170,170,16
1767628330717,21,200,true,170,170,21
1767628330709,29,200,true,170,170,29
1767628330718,23,200,true,170,170,23
1767628330723,19,200,true,170,170,19
1767628330723,22,200,true,170,170,22
1767628330722,23,200,true,170,170,23
1767628330723,23,200,true,170,170,23
1767628330723,26,200,true,170,170,26
1767628330643,109,200,true,170,170,109
1767628330642,110,200,true,170,170,110
1767628330738,15,200,true,170,170,15
1767628330646,108,200,true,170,170,108
1767628330650,105,200,true,170,170,105
1767628330641,115,200,true,170,170,115
1767628330622,135,200,true,170,170,135
1767628330651,107,200,true,170,170,107
1767628330644,115,200,true,170,170,115
1767628330652,108,200,true,170,170,108
1767628330651,110,200,true,170,170,110
1767628330749,13,200,true,170,170,13
1767628330652,110,200,true,170,170,110
1767628330656,108,200,true,170,170,107
1767628330656,108,200,true,170,170,107
1767628330655,109,200,true,170,170,109
1767628330656,108,200,true,170,170,108
1767628330656,108,200,true,170,170,107
1767628330644,122,200,true,170,170,122
1767628330655,115,200,true,170,170,115
1767628330658,112,200,true,170,170,112
1767628330658,112,200,true,170,170,112
1767628330658,113,200,true,170,170,111
1767628330660,112,200,true,170,170,112
1767628330764,9,200,true,170,170,9
1767628330764,9,200,true,170,170,9
1767628330762,12,200,true,170,170,12
1767628330770,4,200,true,170,170,4
1767628330770,4,200,true,170,170,4
1767628330770,5,200,true,170,170,5
1767628330659,116,200,true,170,170,113
1767628330772,3,200,true,170,170,3
1767628330773,3,200,true,170,170,3
1767628330773,3,200,true,170,170,3
1767628330774,3,200,true,170,170,3
1767628330774,3,200,true,170,170,3
1767628330774,4,200,true,170,170,4
1767628330775,3,200,true,170,170,3
1767628330775,3,200,true,170,170,3
1767628330775,4,200,true,170,170,4
1767628330661,118,200,true,170,170,118
1767628330776,3,200,true,170,170,3
1767628330777,3,200,true,170,170,3
1767628330777,3,200,true,170,170,3
1767628330778,3,200,true,170,170,3
1767628330778,3,200,true,170,170,3
1767628330779,3,200,true,170,170,3
1767628330779,3,200,true,170,170,3
1767628330779,3,200,true,170,170,3
1767628330779,4,200,true,170,170,4
1767628330660,123,200,true,170,170,123
1767628330780,4,200,true,170,170,4
1767628330781,3,200,true,170,170,3
1767628330781,3,200,true,170,170,3
1767628330782,3,200,true,170,170,3
1767628330782,3,200,true,170,170,3
1767628330783,3,200,true,170,170,3
1767628330783,3,200,true,170,170,3
1767628330783,4,200,true,170,170,4
1767628330660,127,200,true,170,170,127
1767628330785,3,200,true,170,170,3
1767628330785,3,200,true,170,170,3
1767628330658,130,200,true,170,170,113
1767628330786,3,200,true,170,170,3
1767628330659,130,200,true,170,170,112
1767628330659,130,200,true,170,170,112
1767628330659,130,200,true,170,170,130
1767628330657,133,200,true,170,170,132
1767628330667,123,200,true,170,170,123
1767628330668,122,200,true,170,170,122
1767628330668,123,200,true,170,170,123
1767628330672,120,200,true,170,170,120
1767628330668,124,200,true,170,170,124
1767628330671,121,200,true,170,170,121
1767628330672,120,200,true,170,170,119
1767628330671,121,200,true,170,170,121
1767628330657,136,200,true,170,170,136
1767628330786,7,200,true,170,170,7
1767628330670,124,200,true,170,170,124
1767628330669,125,200,true,170,170,125
1767628330669,125,200,true,170,170,125
1767628330662,132,200,true,170,170,132
1767628330666,130,200,true,170,170,130
1767628330661,135,200,true,170,170,135
1767628330672,124,200,true,170,170,124
1767628330661,135,200,true,170,170,134
1767628330665,131,200,true,170,170,131
1767628330661,136,200,true,170,170,135
1767628330670,127,200,true,170,170,125
1767628330665,132,200,true,170,170,132
1767628330665,132,200,true,170,170,132
1767628330667,130,200,true,170,170,130
1767628330659,139,200,true,170,170,139
1767628330670,130,200,true,170,170,129
1767628330794,6,200,true,170,170,6
1767628330794,6,200,true,170,170,6
1767628330795,6,200,true,170,170,6
1767628330797,4,200,true,170,170,4
1767628330789,13,200,true,170,170,13
1767628330789,14,200,true,170,170,14
1767628330793,12,200,true,170,170,12
1767628330667,138,200,true,170,170,138
1767628330796,11,200,true,170,170,11
1767628330789,19,200,true,170,170,19
1767628330797,12,200,true,170,170,11
1767628330798,12,200,true,170,170,12
1767628330803,9,200,true,170,170,9
1767628330677,138,200,true,170,170,138
1767628330681,135,200,true,170,170,134
1767628330677,139,200,true,170,170,138
1767628330670,146,200,true,170,170,145
1767628330666,150,200,true,170,170,148
1767628330673,143,200,true,170,170,143
1767628330666,150,200,true,170,170,150
1767628330690,133,200,true,170,170,133
1767628330690,133,200,true,170,170,133
1767628330511,316,200,true,170,170,316
1767628330694,135,200,true,170,170,135
1767628330694,135,200,true,170,170,135
1767628330589,241,200,true,170,170,241
1767628330692,138,200,true,170,170,138
1767628330692,138,200,true,170,170,138
1767628330695,135,200,true,170,170,135
1767628330694,137,200,true,170,170,137
1767628330702,129,200,true,170,170,129
1767628330702,130,200,true,170,170,130
1767628330702,130,200,true,170,170,130
1767628330693,139,200,true,170,170,139
1767628330694,139,200,true,170,170,138
1767628330717,118,200,true,170,170,118
1767628330832,3,200,true,170,170,3
1767628330718,120,200,true,170,170,120
1767628330830,8,200,true,170,170,8
1767628330722,122,200,true,170,170,122
1767628330716,128,200,true,170,170,128
1767628330719,125,200,true,170,170,125
1767628330716,129,200,true,170,170,129
1767628330718,129,200,true,170,170,129
1767628330721,126,200,true,170,170,126
1767628330721,126,200,true,170,170,124
1767628330718,129,200,true,170,170,128
1767628330719,128,200,true,170,170,127
1767628330718,129,200,true,170,170,128
1767628330721,127,200,true,170,170,126
1767628330718,130,200,true,170,170,129
1767628330720,128,200,true,170,170,128
1767628330717,131,200,true,170,170,131
1767628330845,4,200,true,170,170,4
1767628330718,132,200,true,170,170,132
1767628330706,144,200,true,170,170,144
1767628330716,134,200,true,170,170,134
1767628330717,134,200,true,170,170,134
1767628330719,132,200,true,170,170,132
1767628330720,131,200,true,170,170,131
1767628330722,134,200,true,170,170,134
1767628330722,134,200,true,170,170,134
1767628330716,140,200,true,170,170,140
1767628330723,134,200,true,170,170,134
1767628330717,140,200,true,170,170,140
1767628330718,139,200,true,170,170,139
1767628330718,139,200,true,170,170,139
1767628330856,2,200,true,170,170,2
1767628330856,2,200,true,170,170,2
1767628330857,2,200,true,170,170,2
1767628330707,154,200,true,170,170,154
1767628330720,143,200,true,170,170,143
1767628330718,145,200,true,170,170,145
1767628330863,1,200,true,170,170,1
1767628330718,146,200,true,170,170,146
1767628330718,146,200,true,170,170,146
1767628330717,147,200,true,170,170,147
1767628330701,164,200,true,170,170,164
1767628330724,141,200,true,170,170,141
1767628330864,1,200,true,170,170,1
1767628330864,2,200,true,170,170,2
1767628330864,2,200,true,170,170,2
1767628330864,3,200,true,170,170,3
1767628330724,143,200,true,170,170,143
1767628330865,3,200,true,170,170,3
1767628330865,3,200,true,170,170,3
1767628330865,3,200,true,170,170,3
1767628330866,3,200,true,170,170,3
1767628330866,3,200,true,170,170,3
1767628330867,3,200,true,170,170,3
1767628330867,3,200,true,170,170,3
1767628330868,3,200,true,170,170,3
1767628330725,146,200,true,170,170,146
1767628330869,3,200,true,170,170,3
1767628330725,148,200,true,170,170,148
1767628330726,148,200,true,170,170,148
1767628330727,149,200,true,170,170,149
1767628330726,151,200,true,170,170,150
1767628330720,157,200,true,170,170,157
1767628330730,149,200,true,170,170,149
1767628330745,135,200,true,170,170,135
1767628330879,1,200,true,170,170,1
1767628330880,1,200,true,170,170,1
1767628330727,154,200,true,170,170,154
1767628330881,1,200,true,170,170,1
1767628330881,1,200,true,170,170,1
1767628330881,1,200,true,170,170,1
1767628330882,1,200,true,170,170,1
1767628330745,138,200,true,170,170,138
1767628330742,143,200,true,170,170,143
1767628330882,3,200,true,170,170,3
1767628330734,152,200,true,170,170,152
1767628330734,152,200,true,170,170,152
1767628330742,144,200,true,170,170,144
1767628330738,148,200,true,170,170,148
1767628330730,156,200,true,170,170,156
1767628330764,123,200,true,170,170,123
1767628330746,142,200,true,170,170,142
1767628330764,124,200,true,170,170,124
1767628330657,232,200,true,170,170,232
1767628330657,232,200,true,170,170,232
1767628330656,233,200,true,170,170,231
1767628330886,5,200,true,170,170,5
1767628330754,137,200,true,170,170,137
1767628330889,3,200,true,170,170,3
1767628330889,3,200,true,170,170,3
1767628330891,1,200,true,170,170,1
1767628330892,1,200,true,170,170,1
1767628330892,1,200,true,170,170,1
1767628330893,1,200,true,170,170,1
1767628330893,1,200,true,170,170,1
1767628330893,2,200,true,170,170,1
1767628330752,143,200,true,170,170,143
1767628330894,1,200,true,170,170,1
1767628330895,1,200,true,170,170,1
1767628330895,1,200,true,170,170,1
1767628330896,1,200,true,170,170,1
1767628330896,1,200,true,170,170,1
1767628330896,2,200,true,170,170,2
1767628330897,1,200,true,170,170,1
1767628330897,1,200,true,170,170,1
1767628330898,1,200,true,170,170,1
1767628330756,143,200,true,170,170,143
1767628330759,140,200,true,170,170,140
1767628330766,134,200,true,170,170,133
1767628330760,140,200,true,170,170,140
1767628330754,146,200,true,170,170,146
1767628330757,143,200,true,170,170,143
1767628330755,145,200,true,170,170,145
1767628330899,2,200,true,170,170,2
1767628330899,2,200,true,170,170,2
1767628330899,3,200,true,170,170,3
1767628330900,2,200,true,170,170,2
1767628330899,4,200,true,170,170,4
1767628330753,150,200,true,170,170,150
1767628330900,4,200,true,170,170,4
1767628330900,4,200,true,170,170,4
1767628330901,3,200,true,170,170,3
1767628330901,4,200,true,170,170,4
1767628330901,4,200,true,170,170,4
1767628330902,4,200,true,170,170,4
1767628330902,4,200,true,170,170,4
1767628330903,3,200,true,170,170,3
1767628330903,4,200,true,170,170,4
1767628330761,146,200,true,170,170,146
1767628330904,4,200,true,170,170,4
1767628330904,4,200,true,170,170,4
1767628330904,4,200,true,170,170,4
1767628330905,4,200,true,170,170,4
1767628330905,4,200,true,170,170,4
1767628330906,4,200,true,170,170,4
1767628330906,4,200,true,170,170,4
1767628330907,4,200,true,170,170,4
1767628330762,149,200,true,170,170,149
1767628330908,4,200,true,170,170,3
1767628330908,4,200,true,170,170,4
1767628330908,4,200,true,170,170,4
1767628330909,4,200,true,170,170,4
1767628330909,4,200,true,170,170,4
1767628330910,4,200,true,170,170,4
1767628330910,4,200,true,170,170,4
1767628330911,4,200,true,170,170,4
1767628330764,151,200,true,170,170,151
1767628330912,4,200,true,170,170,4
1767628330912,4,200,true,170,170,4
1767628330913,3,200,true,170,170,3
1767628330913,4,200,true,170,170,4
1767628330913,4,200,true,170,170,4
1767628330914,4,200,true,170,170,4
1767628330914,4,200,true,170,170,4
1767628330915,4,200,true,170,170,4
1767628330916,3,200,true,170,170,3
1767628330916,4,200,true,170,170,4
1767628330917,3,200,true,170,170,3
1767628330917,4,200,true,170,170,4
1767628330917,4,200,true,170,170,4
1767628330918,3,200,true,170,170,3
1767628330918,4,200,true,170,170,4
1767628330919,3,200,true,170,170,3
1767628330919,4,200,true,170,170,4
1767628330920,3,200,true,170,170,3
1767628330915,10,200,true,170,170,4
1767628330911,14,200,true,170,170,14
1767628330907,18,200,true,170,170,4
1767628330891,35,200,true,170,170,35
1767628330784,142,200,true,170,170,142
1767628330787,139,200,true,170,170,139
1767628330900,26,200,true,170,170,26
1767628330771,156,200,true,170,170,156
1767628330894,35,200,true,170,170,1
1767628330758,174,200,true,170,170,174
1767628330791,142,200,true,170,170,142
1767628330790,143,200,true,170,170,143
1767628330932,2,200,true,170,170,2
1767628330787,147,200,true,170,170,147
1767628330780,154,200,true,170,170,154
1767628330791,143,200,true,170,170,143
1767628330793,142,200,true,170,170,142
1767628330793,143,200,true,170,170,143
1767628330788,149,200,true,170,170,149
1767628330788,152,200,true,170,170,152
1767628330788,152,200,true,170,170,152
1767628330797,144,200,true,170,170,144
1767628330937,4,200,true,170,170,4
1767628330790,151,200,true,170,170,151
1767628330941,2,200,true,170,170,1
1767628330941,2,200,true,170,170,2
1767628330789,154,200,true,170,170,154
1767628330792,151,200,true,170,170,150
1767628330797,147,200,true,170,170,147
1767628330795,150,200,true,170,170,150
1767628330942,3,200,true,170,170,2
1767628330934,12,200,true,170,170,12
1767628330793,154,200,true,170,170,154
1767628330797,150,200,true,170,170,150
1767628330787,161,200,true,170,170,160
1767628330797,151,200,true,170,170,150
1767628330797,151,200,true,170,170,151
1767628330946,2,200,true,170,170,2
1767628330800,148,200,true,170,170,148
1767628330801,148,200,true,170,170,148
1767628330801,148,200,true,170,170,148
1767628330807,143,200,true,170,170,143
1767628330808,143,200,true,170,170,142
1767628330810,141,200,true,170,170,141
1767628330805,146,200,true,170,170,145
1767628330802,149,200,true,170,170,148
1767628330816,136,200,true,170,170,136
1767628330805,147,200,true,170,170,147
1767628330815,137,200,true,170,170,137
1767628330802,151,200,true,170,170,147
1767628330800,153,200,true,170,170,153
1767628330670,283,200,true,170,170,283
1767628330685,269,200,true,170,170,269
1767628330948,7,200,true,170,170,7
1767628330677,278,200,true,170,170,278
1767628330948,7,200,true,170,170,7
1767628330948,8,200,true,170,170,8
1767628330948,9,200,true,170,170,9
1767628330816,144,200,true,170,170,144
1767628330810,152,200,true,170,170,152
1767628330823,141,200,true,170,170,141
1767628330816,148,200,true,170,170,148
1767628330816,149,200,true,170,170,149
1767628330812,153,200,true,170,170,153
1767628330823,142,200,true,170,170,142
1767628330817,148,200,true,170,170,146
1767628330681,285,200,true,170,170,285
1767628330538,428,200,true,170,170,424
1767628330681,285,200,true,170,170,282
1767628330691,276,200,true,170,170,276
1767628330692,276,200,true,170,170,275
1767628330691,277,200,true,170,170,276
1767628330694,275,200,true,170,170,275
1767628330691,278,200,true,170,170,278
1767628330954,15,200,true,170,170,15
1767628330955,14,200,true,170,170,14
1767628330953,17,200,true,170,170,9
1767628330829,142,200,true,170,170,142
1767628330827,144,200,true,170,170,144
1767628330691,280,200,true,170,170,279
1767628330964,7,200,true,170,170,7
1767628330695,277,200,true,170,170,276
1767628330695,277,200,true,170,170,277
1767628330968,5,200,true,170,170,5
1767628330968,6,200,true,170,170,6
1767628330831,144,200,true,170,170,144
1767628330830,146,200,true,170,170,146
1767628330832,144,200,true,170,170,144
1767628330829,148,200,true,170,170,147
1767628330831,146,200,true,170,170,145
1767628330833,144,200,true,170,170,144
1767628330971,6,200,true,170,170,6
1767628330831,147,200,true,170,170,147
1767628330831,147,200,true,170,170,147
1767628330701,277,200,true,170,170,276
1767628330835,145,200,true,170,170,145
1767628330832,148,200,true,170,170,147
1767628330835,145,200,true,170,170,144
1767628330975,5,200,true,170,170,5
1767628330722,259,200,true,170,170,258
1767628330838,143,200,true,170,170,143
1767628330716,265,200,true,170,170,265
1767628330717,264,200,true,170,170,263
1767628330721,260,200,true,170,170,260
1767628330838,144,200,true,170,170,144
1767628330981,1,200,true,170,170,1
1767628330717,266,200,true,170,170,266
1767628330847,136,200,true,170,170,136
1767628330718,265,200,true,170,170,265
1767628330718,266,200,true,170,170,265
1767628330983,1,200,true,170,170,1
1767628330849,136,200,true,170,170,136
1767628330848,137,200,true,170,170,137
1767628330844,141,200,true,170,170,141
1767628330848,138,200,true,170,170,138
1767628330847,139,200,true,170,170,139
1767628330847,139,200,true,170,170,139
1767628330850,136,200,true,170,170,136
1767628330851,136,200,true,170,170,136
1767628330850,137,200,true,170,170,137
1767628330848,140,200,true,170,170,140
1767628330976,12,200,true,170,170,12
1767628330717,271,200,true,170,170,271
1767628330847,141,200,true,170,170,141
1767628330978,10,200,true,170,170,10
1767628330847,142,200,true,170,170,142
1767628330848,141,200,true,170,170,141
1767628330851,138,200,true,170,170,138
1767628330851,139,200,true,170,170,139
1767628330851,139,200,true,170,170,139
1767628330858,133,200,true,170,170,133
1767628330858,134,200,true,170,170,133
1767628330857,135,200,true,170,170,135
1767628330857,135,200,true,170,170,134
1767628330858,134,200,true,170,170,134
1767628330990,2,200,true,170,170,0
1767628330847,145,200,true,170,170,144
1767628330991,2,200,true,170,170,2
1767628330859,134,200,true,170,170,134
1767628330721,272,200,true,170,170,272
1767628330861,132,200,true,170,170,132
1767628330870,124,200,true,170,170,124
1767628330870,124,200,true,170,170,124
1767628330870,124,200,true,170,170,124
1767628330857,138,200,true,170,170,138
1767628330869,126,200,true,170,170,126
1767628330865,130,200,true,170,170,130
1767628330871,125,200,true,170,170,125
1767628330872,124,200,true,170,170,124
1767628330871,125,200,true,170,170,125
1767628330877,120,200,true,170,170,120
1767628330874,123,200,true,170,170,123
1767628330877,121,200,true,170,170,121
1767628330877,121,200,true,170,170,120
1767628330874,124,200,true,170,170,122
1767628330883,115,200,true,170,170,115
1767628330883,115,200,true,170,170,115
1767628330868,130,200,true,170,170,130
1767628330650,348,200,true,170,170,348
1767628330885,114,200,true,170,170,114
1767628330886,113,200,true,170,170,113
1767628330886,113,200,true,170,170,113
1767628330976,23,200,true,170,170,23
1767628330971,29,200,true,170,170,29
1767628330977,23,200,true,170,170,23
1767628330977,23,200,true,170,170,23
1767628330974,26,200,true,170,170,26
1767628330972,30,200,true,170,170,29
1767628330886,118,200,true,170,170,118
1767628330886,120,200,true,170,170,120
1767628330988,18,200,true,170,170,18
1767628330989,18,200,true,170,170,18
1767628330981,26,200,true,170,170,26
1767628330984,24,200,true,170,170,24
1767628330984,24,200,true,170,170,24
1767628330993,15,200,true,170,170,15
1767628330981,28,200,true,170,170,28
1767628330981,28,200,true,170,170,28
1767628330981,29,200,true,170,170,29
1767628330982,28,200,true,170,170,28
1767628330985,26,200,true,170,170,26
1767628330885,126,200,true,170,170,126
1767628330984,28,200,true,170,170,28
1767628330883,133,200,true,170,170,133
1767628330985,31,200,true,170,170,31
1767628330993,28,200,true,170,170,28
1767628330996,25,200,true,170,170,25
1767628330999,25,200,true,170,170,25
1767628331002,22,200,true,170,170,22
1767628331005,20,200,true,170,170,20
1767628331011,18,200,true,170,170,18
1767628331006,23,200,true,170,170,23
1767628331016,13,200,true,170,170,13
1767628330888,144,200,true,170,170,144
1767628330887,145,200,true,170,170,145
1767628330889,143,200,true,170,170,143
1767628330888,145,200,true,170,170,145
1767628331032,2,200,true,170,170,2
1767628330921,114,200,true,170,170,114
1767628330922,114,200,true,170,170,113
1767628330922,114,200,true,170,170,114
1767628331035,1,200,true,170,170,1
1767628331036,1,200,true,170,170,1
1767628331036,1,200,true,170,170,1
1767628331036,2,200,true,170,170,1
1767628331037,1,200,true,170,170,1
1767628331037,1,200,true,170,170,1
1767628331038,1,200,true,170,170,1
1767628330922,117,200,true,170,170,117
1767628331039,1,200,true,170,170,0
1767628331039,1,200,true,170,170,1
1767628331039,1,200,true,170,170,1
1767628331040,1,200,true,170,170,1
1767628331040,1,200,true,170,170,1
1767628331040,2,200,true,170,170,2
1767628331041,1,200,true,170,170,1
1767628331041,1,200,true,170,170,1
1767628331042,1,200,true,170,170,1
1767628331042,1,200,true,170,170,1
1767628330921,123,200,true,170,170,123
1767628331043,1,200,true,170,170,1
1767628331043,1,200,true,170,170,1
1767628331044,1,200,true,170,170,1
1767628331044,1,200,true,170,170,1
1767628331045,1,200,true,170,170,1
1767628331045,1,200,true,170,170,1
1767628331045,2,200,true,170,170,2
1767628331046,2,200,true,170,170,2
1767628331042,6,200,true,170,170,6
1767628330898,150,200,true,170,170,150
1767628330907,142,200,true,170,170,142
1767628330493,556,200,true,170,170,556
1767628330923,126,200,true,170,170,126
1767628330926,123,200,true,170,170,123
1767628330926,123,200,true,170,170,123
1767628330924,126,200,true,170,170,126
1767628330926,124,200,true,170,170,124
1767628330926,124,200,true,170,170,124
1767628330920,130,200,true,170,170,130
1767628330925,126,200,true,170,170,126
1767628330926,126,200,true,170,170,126
1767628330926,126,200,true,170,170,126
1767628330784,269,200,true,170,170,269
1767628330927,127,200,true,170,170,127
1767628331048,8,200,true,170,170,8
1767628331050,7,200,true,170,170,7
1767628330933,126,200,true,170,170,126
1767628330929,130,200,true,170,170,130
1767628331054,6,200,true,170,170,6
1767628331056,4,200,true,170,170,4
1767628331059,2,200,true,170,170,2
1767628331059,2,200,true,170,170,2
1767628331060,2,200,true,170,170,2
1767628331061,1,200,true,170,170,1
1767628331061,2,200,true,170,170,2
1767628331057,6,200,true,170,170,3
1767628331061,3,200,true,170,170,3
1767628330793,271,200,true,170,170,271
1767628330792,272,200,true,170,170,272
1767628330934,131,200,true,170,170,131
1767628330933,132,200,true,170,170,132
1767628330934,131,200,true,170,170,131
1767628330940,125,200,true,170,170,125
1767628330940,125,200,true,170,170,125
1767628330943,123,200,true,170,170,123
1767628330943,123,200,true,170,170,123
1767628330943,123,200,true,170,170,123
1767628330943,123,200,true,170,170,123
1767628330934,132,200,true,170,170,132
1767628330935,132,200,true,170,170,132
1767628330936,131,200,true,170,170,131
1767628330944,123,200,true,170,170,123
1767628330945,122,200,true,170,170,122
1767628330945,122,200,true,170,170,122
1767628330797,271,200,true,170,170,271
1767628330947,121,200,true,170,170,121
1767628331067,1,200,true,170,170,1
1767628331064,5,200,true,170,170,5
1767628331065,4,200,true,170,170,4
1767628331065,5,200,true,170,170,5
1767628331067,3,200,true,170,170,3
1767628331064,6,200,true,170,170,6
1767628331064,7,200,true,170,170,7
1767628331067,4,200,true,170,170,4
1767628331065,7,200,true,170,170,7
1767628331067,5,200,true,170,170,5
1767628331066,7,200,true,170,170,7
1767628331065,8,200,true,170,170,8
1767628331066,7,200,true,170,170,7
1767628331066,8,200,true,170,170,8
1767628331067,7,200,true,170,170,7
1767628331066,9,200,true,170,170,9
1767628330684,392,200,true,170,170,392
1767628331068,9,200,true,170,170,9
1767628331068,9,200,true,170,170,9
1767628331069,9,200,true,170,170,9
1767628331069,9,200,true,170,170,9
1767628331070,8,200,true,170,170,8
1767628331070,9,200,true,170,170,9
1767628330951,128,200,true,170,170,128
1767628331070,9,200,true,170,170,9
1767628331071,9,200,true,170,170,9
1767628331071,9,200,true,170,170,9
1767628331072,9,200,true,170,170,9
1767628331072,9,200,true,170,170,9
1767628331073,8,200,true,170,170,8
1767628331073,9,200,true,170,170,9
1767628331073,9,200,true,170,170,9
1767628331074,9,200,true,170,170,9
1767628330952,131,200,true,170,170,131
1767628330953,130,200,true,170,170,130
1767628330816,268,200,true,170,170,268
1767628330949,135,200,true,170,170,135
1767628330948,136,200,true,170,170,136
1767628330953,131,200,true,170,170,131
1767628330951,133,200,true,170,170,133
1767628330953,132,200,true,170,170,132
1767628330951,134,200,true,170,170,134
1767628330951,134,200,true,170,170,134
1767628330951,134,200,true,170,170,134
1767628330949,137,200,true,170,170,137
1767628330952,134,200,true,170,170,134
1767628330948,138,200,true,170,170,138
1767628330685,401,200,true,170,170,401
1767628330960,126,200,true,170,170,126
1767628330955,132,200,true,170,170,132
1767628330955,132,200,true,170,170,132
1767628330796,291,200,true,170,170,291
1767628330957,130,200,true,170,170,130
1767628330956,132,200,true,170,170,132
1767628331075,13,200,true,170,170,13
1767628331078,11,200,true,170,170,11
1767628331083,6,200,true,170,170,6
1767628331084,6,200,true,170,170,6
1767628331083,7,200,true,170,170,7
1767628331079,11,200,true,170,170,11
1767628331077,14,200,true,170,170,14
1767628331080,12,200,true,170,170,12
1767628331078,14,200,true,170,170,14
1767628331076,16,200,true,170,170,16
1767628331086,7,200,true,170,170,7
1767628331086,7,200,true,170,170,7
1767628331084,9,200,true,170,170,9
1767628331080,13,200,true,170,170,13
1767628331084,10,200,true,170,170,10
1767628331081,13,200,true,170,170,13
1767628331084,10,200,true,170,170,10
1767628331084,10,200,true,170,170,10
1767628331081,13,200,true,170,170,13
1767628331085,10,200,true,170,170,10
1767628331087,8,200,true,170,170,8
1767628331085,11,200,true,170,170,11
1767628331082,17,200,true,170,170,17
1767628331088,11,200,true,170,170,11
1767628331082,20,200,true,170,170,20
1767628331088,14,200,true,170,170,14
1767628330966,140,200,true,170,170,140
1767628330962,145,200,true,170,170,145
1767628330969,140,200,true,170,170,140
1767628330968,141,200,true,170,170,141
1767628330967,142,200,true,170,170,141
1767628330969,140,200,true,170,170,139
1767628330970,139,200,true,170,170,138
1767628330969,140,200,true,170,170,139
1767628330966,143,200,true,170,170,143
1767628330966,143,200,true,170,170,141
1767628330970,139,200,true,170,170,139
1767628330717,393,200,true,170,170,393
1767628330844,266,200,true,170,170,266
1767628330845,265,200,true,170,170,265
1767628331110,1,200,true,170,170,1
1767628330987,124,200,true,170,170,124
1767628330977,134,200,true,170,170,134
1767628330971,141,200,true,170,170,141
1767628330977,135,200,true,170,170,135
1767628330973,139,200,true,170,170,139
1767628330474,639,200,true,170,170,639
1767628330978,136,200,true,170,170,136
1767628331093,21,200,true,170,170,21
1767628330972,142,200,true,170,170,142
1767628330978,137,200,true,170,170,136
1767628330693,422,200,true,170,170,422
1767628330998,117,200,true,170,170,117
1767628330980,136,200,true,170,170,136
1767628330980,136,200,true,170,170,136
1767628330989,128,200,true,170,170,128
1767628330988,129,200,true,170,170,129
1767628330986,131,200,true,170,170,131
1767628330987,131,200,true,170,170,130
1767628330988,130,200,true,170,170,130
1767628330989,130,200,true,170,170,130
1767628330992,128,200,true,170,170,127
1767628330987,133,200,true,170,170,133
1767628330991,129,200,true,170,170,129
1767628330986,134,200,true,170,170,134
1767628330998,122,200,true,170,170,122
1767628330992,128,200,true,170,170,126
1767628330983,137,200,true,170,170,137
1767628330986,134,200,true,170,170,134
1767628330995,126,200,true,170,170,125
1767628330980,141,200,true,170,170,141
1767628330992,129,200,true,170,170,129
1767628330988,133,200,true,170,170,133
1767628330992,129,200,true,170,170,129
1767628330972,149,200,true,170,170,149
1767628330992,129,200,true,170,170,129
1767628330989,132,200,true,170,170,132
1767628330996,126,200,true,170,170,126
1767628330994,128,200,true,170,170,128
1767628330998,125,200,true,170,170,125
1767628330994,129,200,true,170,170,129
1767628330996,127,200,true,170,170,127
1767628330996,127,200,true,170,170,127
1767628330998,126,200,true,170,170,126
1767628330982,143,200,true,170,170,143
1767628330996,129,200,true,170,170,129
1767628330994,131,200,true,170,170,131
1767628330998,128,200,true,170,170,126
1767628330980,146,200,true,170,170,145
1767628330998,128,200,true,170,170,127
1767628330997,129,200,true,170,170,127
1767628330992,134,200,true,170,170,130
1767628330997,129,200,true,170,170,128
1767628330994,132,200,true,170,170,130
1767628331125,1,200,true,170,170,1
1767628330999,128,200,true,170,170,128
1767628330999,128,200,true,170,170,128
1767628331000,128,200,true,170,170,128
1767628330999,129,200,true,170,170,129
1767628331000,129,200,true,170,170,128
1767628331000,129,200,true,170,170,129
1767628331006,123,200,true,170,170,123
1767628331007,122,200,true,170,170,122
1767628331007,122,200,true,170,170,122
1767628331000,130,200,true,170,170,130
1767628331008,122,200,true,170,170,122
1767628331008,122,200,true,170,170,122
1767628331009,121,200,true,170,170,121
1767628330999,131,200,true,170,170,128
1767628331009,122,200,true,170,170,122
1767628331010,121,200,true,170,170,121
1767628330985,146,200,true,170,170,146
1767628331010,121,200,true,170,170,121
1767628331093,38,200,true,170,170,38
1767628331011,121,200,true,170,170,121
1767628331131,1,200,true,170,170,1
1767628331009,123,200,true,170,170,123
1767628331012,120,200,true,170,170,120
1767628331016,116,200,true,170,170,116
1767628331025,108,200,true,170,170,108
1767628331021,112,200,true,170,170,112
1767628331025,108,200,true,170,170,108
1767628331022,111,200,true,170,170,111
1767628331029,104,200,true,170,170,104
1767628331029,105,200,true,170,170,105
1767628331029,105,200,true,170,170,105
1767628331032,102,200,true,170,170,102
1767628331033,101,200,true,170,170,101
1767628331033,102,200,true,170,170,102
1767628331034,101,200,true,170,170,101
1767628331046,89,200,true,170,170,89
1767628331047,88,200,true,170,170,88
1767628331024,111,200,true,170,170,111
1767628331038,98,200,true,170,170,98
1767628331048,88,200,true,170,170,88
1767628331052,84,200,true,170,170,84
1767628331093,43,200,true,170,170,43
1767628331049,87,200,true,170,170,87
1767628331049,88,200,true,170,170,88
1767628331049,88,200,true,170,170,88
1767628331049,88,200,true,170,170,88
1767628331050,87,200,true,170,170,87
1767628331050,88,200,true,170,170,88
1767628331049,89,200,true,170,170,89
1767628331050,88,200,true,170,170,88
1767628331049,89,200,true,170,170,89
1767628331051,87,200,true,170,170,87
1767628331052,87,200,true,170,170,87
1767628331053,86,200,true,170,170,86
1767628331062,77,200,true,170,170,77
1767628331062,77,200,true,170,170,77
1767628331063,76,200,true,170,170,76
1767628331063,77,200,true,170,170,77
1767628331068,72,200,true,170,170,72
1767628331066,74,200,true,170,170,74
1767628331066,74,200,true,170,170,74
1767628331079,62,200,true,170,170,62
1767628331079,62,200,true,170,170,62
1767628330776,365,200,true,170,170,365
1767628331082,59,200,true,170,170,59
1767628331083,58,200,true,170,170,58
1767628331077,64,200,true,170,170,64
1767628331094,48,200,true,170,170,48
1767628331085,57,200,true,170,170,57
1767628331087,55,200,true,170,170,55
1767628331087,55,200,true,170,170,55
1767628331079,63,200,true,170,170,63
1767628331087,56,200,true,170,170,56
1767628331086,57,200,true,170,170,57
1767628331089,54,200,true,170,170,54
1767628331086,58,200,true,170,170,57
1767628331090,54,200,true,170,170,54
1767628331089,55,200,true,170,170,55
1767628331085,59,200,true,170,170,59
1767628331090,54,200,true,170,170,54
1767628331090,54,200,true,170,170,54
1767628331087,58,200,true,170,170,58
1767628331091,54,200,true,170,170,54
1767628331092,53,200,true,170,170,53
1767628331092,53,200,true,170,170,53
1767628330964,182,200,true,170,170,182
1767628330965,181,200,true,170,170,181
1767628330965,181,200,true,170,170,181
1767628330965,181,200,true,170,170,181
1767628330993,153,200,true,170,170,153
1767628331093,53,200,true,170,170,53
1767628331074,73,200,true,170,170,73
1767628331092,55,200,true,170,170,54
1767628331094,53,200,true,170,170,53
1767628331094,54,200,true,170,170,54
1767628331094,54,200,true,170,170,54
1767628331095,56,200,true,170,170,56
1767628331102,49,200,true,170,170,49
1767628331095,56,200,true,170,170,56
1767628331095,56,200,true,170,170,56
1767628331099,52,200,true,170,170,52
1767628331096,56,200,true,170,170,56
1767628331102,50,200,true,170,170,50
1767628331099,53,200,true,170,170,53
1767628331144,16,200,true,170,170,16
1767628331115,45,200,true,170,170,45
1767628331129,32,200,true,170,170,32
1767628331129,32,200,true,170,170,32
1767628331135,27,200,true,170,170,27
1767628331129,33,200,true,170,170,33
1767628331130,32,200,true,170,170,32
1767628331121,42,200,true,170,170,42
1767628331130,33,200,true,170,170,33
1767628331134,30,200,true,170,170,30
1767628331137,27,200,true,170,170,27
1767628331109,56,200,true,170,170,56
1767628331137,28,200,true,170,170,28
1767628331130,36,200,true,170,170,36
1767628331143,23,200,true,170,170,23
1767628331144,23,200,true,170,170,23
1767628331112,59,200,true,170,170,58
1767628331121,50,200,true,170,170,50
1767628331145,27,200,true,170,170,27
1767628331118,54,200,true,170,170,54
1767628331118,55,200,true,170,170,55
1767628331118,55,200,true,170,170,55
1767628331118,56,200,true,170,170,56
1767628331140,34,200,true,170,170,34
1767628331120,55,200,true,170,170,55
1767628331116,59,200,true,170,170,59
1767628331122,54,200,true,170,170,53
1767628331143,33,200,true,170,170,33
1767628331120,56,200,true,170,170,56
1767628331120,57,200,true,170,170,57
1767628331145,32,200,true,170,170,32
1767628331134,44,200,true,170,170,44
1767628331129,49,200,true,170,170,49
1767628331111,68,200,true,170,170,68
1767628331116,63,200,true,170,170,63
1767628331147,33,200,true,170,170,33
1767628331120,62,200,true,170,170,62
1767628331146,36,200,true,170,170,36
1767628331121,62,200,true,170,170,62
1767628331120,64,200,true,170,170,64
1767628331133,54,200,true,170,170,54
1767628331113,74,200,true,170,170,74
1767628331160,29,200,true,170,170,28
1767628331127,62,200,true,170,170,61
1767628331121,68,200,true,170,170,67
1767628331113,76,200,true,170,170,76
1767628331137,53,200,true,170,170,53
1767628331138,53,200,true,170,170,53
1767628331126,65,200,true,170,170,64
1767628331130,61,200,true,170,170,61
1767628331129,63,200,true,170,170,62
1767628331140,55,200,true,170,170,55
1767628331125,74,200,true,170,170,70
1767628331126,73,200,true,170,170,73
1767628331133,69,200,true,170,170,69
1767628331141,67,200,true,170,170,67
1767628331151,58,200,true,170,170,58
1767628331152,57,200,true,170,170,57
1767628331152,58,200,true,170,170,58
1767628331132,78,200,true,170,170,78
1767628331160,51,200,true,170,170,51
1767628331161,50,200,true,170,170,50
1767628331131,81,200,true,170,170,79
1767628331152,61,200,true,170,170,61
1767628331162,52,200,true,170,170,52
1767628331163,51,200,true,170,170,51
1767628331163,52,200,true,170,170,52
1767628331173,46,200,true,170,170,46
1767628331164,55,200,true,170,170,55
1767628331175,44,200,true,170,170,44
1767628331174,49,200,true,170,170,49
1767628331184,39,200,true,170,170,39
1767628331191,36,200,true,170,170,36
1767628331183,44,200,true,170,170,43
1767628331191,37,200,true,170,170,37
1767628331199,29,200,true,170,170,29
1767628331209,20,200,true,170,170,20
1767628331210,19,200,true,170,170,19
1767628331211,20,200,true,170,170,20
1767628331132,102,200,true,170,170,102
1767628331131,103,200,true,170,170,103
1767628331219,17,200,true,170,170,17
1767628331110,127,200,true,170,170,127
1767628331227,10,200,true,170,170,10
1767628331144,93,200,true,170,170,93
1767628331213,25,200,true,170,170,25
1767628331132,107,200,true,170,170,107
1767628331132,107,200,true,170,170,106
1767628331127,112,200,true,170,170,112
1767628331133,106,200,true,170,170,106
1767628331141,99,200,true,170,170,99
1767628331145,95,200,true,170,170,95
1767628331139,101,200,true,170,170,101
1767628331131,109,200,true,170,170,109
1767628331141,100,200,true,170,170,100
1767628331130,112,200,true,170,170,111
1767628331128,115,200,true,170,170,115
1767628331146,97,200,true,170,170,97
1767628331129,114,200,true,170,170,114
1767628331109,134,200,true,170,170,134
1767628331120,123,200,true,170,170,122
1767628331120,123,200,true,170,170,123
1767628331109,135,200,true,170,170,135
1767628331120,124,200,true,170,170,124
1767628331136,108,200,true,170,170,108
1767628331114,132,200,true,170,170,132
1767628331136,110,200,true,170,170,110
1767628331228,18,200,true,170,170,18
1767628331135,112,200,true,170,170,112
1767628331121,126,200,true,170,170,126
1767628331111,137,200,true,170,170,136
1767628331120,128,200,true,170,170,127
1767628331139,109,200,true,170,170,108
1767628331137,111,200,true,170,170,111
1767628331134,115,200,true,170,170,115
1767628331121,128,200,true,170,170,128
1767628331131,118,200,true,170,170,118
1767628331137,112,200,true,170,170,112
1767628331134,116,200,true,170,170,116
1767628331138,112,200,true,170,170,112
1767628331135,115,200,true,170,170,115
1767628331147,104,200,true,170,170,104
1767628331109,142,200,true,170,170,142
1767628331139,112,200,true,170,170,111
1767628331141,111,200,true,170,170,111
1767628331142,110,200,true,170,170,110
1767628331138,114,200,true,170,170,114
1767628331136,116,200,true,170,170,116
1767628331135,119,200,true,170,170,119
1767628331148,106,200,true,170,170,106
1767628331109,146,200,true,170,170,145
1767628331112,146,200,true,170,170,146
1767628331115,144,200,true,170,170,144
1767628331147,112,200,true,170,170,112
1767628331136,123,200,true,170,170,123
1767628331114,146,200,true,170,170,146
1767628331134,126,200,true,170,170,123
1767628331126,134,200,true,170,170,132
1767628331112,149,200,true,170,170,149
1767628331126,135,200,true,170,170,132
1767628331122,139,200,true,170,170,136
1767628331123,139,200,true,170,170,133
1767628331237,25,200,true,170,170,25
1767628331237,26,200,true,170,170,26
1767628331242,21,200,true,170,170,21
1767628331243,21,200,true,170,170,21
1767628331246,22,200,true,170,170,22
1767628331254,14,200,true,170,170,14
1767628331248,20,200,true,170,170,20
1767628331247,24,200,true,170,170,24
1767628331251,21,200,true,170,170,21
1767628331251,21,200,true,170,170,21
1767628331251,21,200,true,170,170,21
1767628331252,21,200,true,170,170,21
1767628331252,21,200,true,170,170,21
1767628331252,22,200,true,170,170,22
1767628331255,19,200,true,170,170,19
1767628331254,21,200,true,170,170,21
1767628331259,16,200,true,170,170,16
1767628331250,29,200,true,170,170,29
1767628331268,11,200,true,170,170,11
1767628331122,160,200,true,170,170,160
1767628331139,144,200,true,170,170,144
1767628331139,144,200,true,170,170,144
1767628331123,160,200,true,170,170,160
1767628331107,177,200,true,170,170,177
1767628331268,16,200,true,170,170,16
1767628331123,167,200,true,170,170,166
1767628331126,164,200,true,170,170,164
1767628331141,149,200,true,170,170,149
1767628331142,149,200,true,170,170,149
1767628331138,154,200,true,170,170,154
1767628331109,184,200,true,170,170,184
1767628331126,168,200,true,170,170,168
1767628331142,153,200,true,170,170,153
1767628331142,154,200,true,170,170,154
1767628331142,155,200,true,170,170,155
1767628331291,7,200,true,170,170,7
1767628331293,5,200,true,170,170,5
1767628331294,5,200,true,170,170,5
1767628331126,173,200,true,170,170,173
1767628331295,5,200,true,170,170,5
1767628331296,4,200,true,170,170,4
1767628331297,3,200,true,170,170,3
1767628331298,3,200,true,170,170,3
1767628331299,2,200,true,170,170,2
1767628331299,3,200,true,170,170,3
1767628331300,2,200,true,170,170,2
1767628331300,3,200,true,170,170,3
1767628331140,163,200,true,170,170,163
1767628331301,2,200,true,170,170,2
1767628331301,3,200,true,170,170,3
1767628331302,2,200,true,170,170,2
1767628331302,3,200,true,170,170,3
1767628331303,2,200,true,170,170,2
1767628331303,3,200,true,170,170,3
1767628331304,2,200,true,170,170,2
1767628331304,3,200,true,170,170,3
1767628331126,181,200,true,170,170,181
1767628331299,9,200,true,170,170,9
1767628331126,184,200,true,170,170,184
1767628331115,197,200,true,170,170,197
1767628331126,186,200,true,170,170,186
1767628331106,206,200,true,170,170,206
1767628331144,169,200,true,170,170,169
1767628331133,180,200,true,170,170,180
1767628331144,169,200,true,170,170,169
1767628331146,168,200,true,170,170,167
1767628331151,163,200,true,170,170,163
1767628331151,163,200,true,170,170,163
1767628331151,163,200,true,170,170,163
1767628331146,168,200,true,170,170,168
1767628331307,7,200,true,170,170,7
1767628331109,206,200,true,170,170,206
1767628331143,175,200,true,170,170,175
1767628331161,158,200,true,170,170,158
1767628331145,174,200,true,170,170,174
1767628331162,158,200,true,170,170,158
1767628331141,179,200,true,170,170,179
1767628331115,205,200,true,170,170,205
1767628331123,198,200,true,170,170,194
1767628331140,181,200,true,170,170,177
1767628331147,174,200,true,170,170,170
1767628331307,15,200,true,170,170,15
1767628331312,10,200,true,170,170,10
1767628331310,13,200,true,170,170,12
1767628331315,8,200,true,170,170,8
1767628331318,5,200,true,170,170,5
1767628331319,6,200,true,170,170,6
1767628331165,163,200,true,170,170,163
1767628331165,163,200,true,170,170,163
1767628331172,157,200,true,170,170,157
1767628331171,159,200,true,170,170,159
1767628331173,157,200,true,170,170,157
1767628331167,163,200,true,170,170,162
1767628331171,159,200,true,170,170,158
1767628331172,158,200,true,170,170,158
1767628331166,166,200,true,170,170,165
1767628331328,5,200,true,170,170,5
1767628331175,159,200,true,170,170,159
1767628331176,158,200,true,170,170,158
1767628331178,158,200,true,170,170,158
1767628331178,158,200,true,170,170,157
1767628331176,160,200,true,170,170,159
1767628331177,159,200,true,170,170,158
1767628331177,159,200,true,170,170,158
1767628331176,160,200,true,170,170,160
1767628331328,9,200,true,170,170,6
1767628331174,164,200,true,170,170,164
1767628331336,2,200,true,170,170,2
1767628331179,160,200,true,170,170,160
1767628331179,160,200,true,170,170,159
1767628331189,156,200,true,170,170,156
1767628331189,156,200,true,170,170,156
1767628331190,155,200,true,170,170,155
1767628331189,156,200,true,170,170,156
1767628331189,157,200,true,170,170,157
1767628331191,156,200,true,170,170,156
1767628331202,146,200,true,170,170,146
1767628331195,154,200,true,170,170,153
1767628331192,157,200,true,170,170,157
1767628331345,5,200,true,170,170,5
1767628331347,3,200,true,170,170,3
1767628331348,3,200,true,170,170,3
1767628331349,2,200,true,170,170,2
1767628331349,4,200,true,170,170,4
1767628331215,138,200,true,170,170,138
1767628331210,145,200,true,170,170,145
1767628331214,141,200,true,170,170,141
1767628331208,147,200,true,170,170,146
1767628331199,156,200,true,170,170,155
1767628331212,143,200,true,170,170,143
1767628331209,146,200,true,170,170,145
1767628331211,144,200,true,170,170,143
1767628331144,212,200,true,170,170,212
1767628331132,224,200,true,170,170,224
1767628331227,129,200,true,170,170,129
1767628331214,143,200,true,170,170,143
1767628331223,134,200,true,170,170,134
1767628331223,134,200,true,170,170,133
1767628331219,138,200,true,170,170,138
1767628331110,248,200,true,170,170,248
1767628331118,241,200,true,170,170,241
1767628331231,128,200,true,170,170,128
1767628331357,2,200,true,170,170,1
1767628331356,3,200,true,170,170,2
1767628331359,1,200,true,170,170,1
1767628331234,127,200,true,170,170,127
1767628331234,127,200,true,170,170,126
1767628331109,252,200,true,170,170,252
1767628331237,124,200,true,170,170,123
1767628331121,240,200,true,170,170,240
1767628331239,122,200,true,170,170,122
1767628331239,122,200,true,170,170,122
1767628331240,122,200,true,170,170,122
1767628331239,123,200,true,170,170,123
1767628331110,252,200,true,170,170,252
1767628331240,122,200,true,170,170,122
1767628331135,233,200,true,170,170,233
1767628331138,230,200,true,170,170,230
1767628331236,133,200,true,170,170,133
1767628331362,7,200,true,170,170,7
1767628331363,7,200,true,170,170,7
1767628331360,10,200,true,170,170,10
1767628331357,14,200,true,170,170,14
1767628331361,10,200,true,170,170,8
1767628331148,224,200,true,170,170,224
1767628331240,136,200,true,170,170,136
1767628331355,21,200,true,170,170,20
1767628331243,133,200,true,170,170,133
1767628331243,134,200,true,170,170,134
1767628331243,134,200,true,170,170,134
1767628331243,134,200,true,170,170,134
1767628331238,140,200,true,170,170,140
1767628331229,149,200,true,170,170,149
1767628331229,149,200,true,170,170,149
1767628331248,131,200,true,170,170,131
1767628331228,151,200,true,170,170,151
1767628331376,4,200,true,170,170,4
1767628331244,139,200,true,170,170,139
1767628331244,140,200,true,170,170,140
1767628331244,140,200,true,170,170,139
1767628331248,136,200,true,170,170,136
1767628331248,137,200,true,170,170,137
1767628331249,136,200,true,170,170,136
1767628331250,135,200,true,170,170,135
1767628331250,136,200,true,170,170,136
1767628331250,136,200,true,170,170,135
1767628331247,139,200,true,170,170,139
1767628331384,2,200,true,170,170,2
1767628331249,140,200,true,170,170,140
1767628331386,3,200,true,170,170,3
1767628331389,2,200,true,170,170,2
1767628331250,142,200,true,170,170,142
1767628331252,140,200,true,170,170,140
1767628331259,137,200,true,170,170,136
1767628331260,136,200,true,170,170,135
1767628331260,136,200,true,170,170,136
1767628331260,136,200,true,170,170,135
1767628331261,135,200,true,170,170,135
1767628331262,137,200,true,170,170,136
1767628331263,136,200,true,170,170,136
1767628331263,136,200,true,170,170,136
1767628331264,135,200,true,170,170,135
1767628331399,1,200,true,170,170,1
1767628331399,1,200,true,170,170,1
1767628331399,1,200,true,170,170,1
1767628331399,2,200,true,170,170,2
1767628331400,1,200,true,170,170,1
1767628331400,2,200,true,170,170,2
1767628331400,2,200,true,170,170,2
1767628331401,2,200,true,170,170,2
1767628331271,132,200,true,170,170,132
1767628331402,2,200,true,170,170,2
1767628331402,2,200,true,170,170,2
1767628331403,1,200,true,170,170,1
1767628331403,2,200,true,170,170,2
1767628331404,1,200,true,170,170,1
1767628331404,2,200,true,170,170,2
1767628331404,2,200,true,170,170,2
1767628331405,2,200,true,170,170,1
1767628331268,139,200,true,170,170,139
1767628331262,145,200,true,170,170,145
1767628331261,148,200,true,170,170,147
1767628331406,3,200,true,170,170,2
1767628331407,2,200,true,170,170,2
1767628331272,138,200,true,170,170,138
1767628331409,2,200,true,170,170,2
1767628331273,138,200,true,170,170,138
1767628331409,3,200,true,170,170,3
1767628331410,2,200,true,170,170,2
1767628331411,2,200,true,170,170,2
1767628331411,2,200,true,170,170,2
1767628331412,1,200,true,170,170,1
1767628331412,2,200,true,170,170,2
1767628331413,1,200,true,170,170,1
1767628331413,2,200,true,170,170,2
1767628331273,142,200,true,170,170,142
1767628331273,144,200,true,170,170,144
1767628331414,3,200,true,170,170,3
1767628331415,3,200,true,170,170,3
1767628331415,3,200,true,170,170,3
1767628331417,1,200,true,170,170,1
1767628331274,146,200,true,170,170,146
1767628331274,146,200,true,170,170,146
1767628331417,3,200,true,170,170,3
1767628331419,2,200,true,170,170,2
1767628331261,162,200,true,170,170,162
1767628331275,149,200,true,170,170,149
1767628331246,178,200,true,170,170,178
1767628331259,165,200,true,170,170,165
1767628331279,146,200,true,170,170,146
1767628331284,141,200,true,170,170,141
1767628331283,143,200,true,170,170,142
1767628331279,147,200,true,170,170,147
1767628331284,144,200,true,170,170,143
1767628331283,145,200,true,170,170,144
1767628331290,138,200,true,170,170,138
1767628331290,138,200,true,170,170,138
1767628331290,138,200,true,170,170,138
1767628331283,145,200,true,170,170,145
1767628331282,146,200,true,170,170,146
1767628331275,154,200,true,170,170,151
1767628331425,4,200,true,170,170,1
1767628331305,124,200,true,170,170,124
1767628331292,137,200,true,170,170,137
1767628331304,125,200,true,170,170,125
1767628331306,127,200,true,170,170,127
1767628331429,4,200,true,170,170,4
1767628331306,130,200,true,170,170,130
1767628331314,122,200,true,170,170,122
1767628331308,129,200,true,170,170,129
1767628331314,123,200,true,170,170,123
1767628331437,1,200,true,170,170,1
1767628331437,1,200,true,170,170,1
1767628331437,2,200,true,170,170,2
1767628331312,127,200,true,170,170,127
1767628331438,2,200,true,170,170,2
1767628331439,1,200,true,170,170,1
1767628331439,1,200,true,170,170,1
1767628331440,1,200,true,170,170,1
1767628331440,1,200,true,170,170,1
1767628331441,1,200,true,170,170,1
1767628331441,1,200,true,170,170,1
1767628331441,2,200,true,170,170,2
1767628331312,131,200,true,170,170,131
1767628331442,2,200,true,170,170,2
1767628331443,1,200,true,170,170,1
1767628331443,1,200,true,170,170,1
1767628331444,1,200,true,170,170,1
1767628331444,1,200,true,170,170,1
1767628331445,1,200,true,170,170,1
1767628331445,1,200,true,170,170,1
1767628331445,2,200,true,170,170,2
1767628331428,20,200,true,170,170,20
1767628331313,136,200,true,170,170,136
1767628331314,136,200,true,170,170,136
1767628331151,299,200,true,170,170,299
1767628331447,4,200,true,170,170,3
1767628331315,137,200,true,170,170,135
1767628331448,4,200,true,170,170,3
1767628331449,4,200,true,170,170,3
1767628331452,1,200,true,170,170,1
1767628331452,1,200,true,170,170,1
1767628331453,1,200,true,170,170,1
1767628331453,1,200,true,170,170,1
1767628331453,2,200,true,170,170,2
1767628331451,4,200,true,170,170,2
1767628331454,1,200,true,170,170,1
1767628331455,1,200,true,170,170,1
1767628331455,1,200,true,170,170,1
1767628331455,2,200,true,170,170,2
1767628331456,1,200,true,170,170,1
1767628331456,2,200,true,170,170,2
1767628331457,1,200,true,170,170,1
1767628331457,1,200,true,170,170,1
1767628331319,140,200,true,170,170,140
1767628331320,140,200,true,170,170,140
1767628331320,140,200,true,170,170,140
1767628331321,139,200,true,170,170,139
1767628331321,140,200,true,170,170,140
1767628331322,139,200,true,170,170,139
1767628331458,4,200,true,170,170,3
1767628331323,139,200,true,170,170,139
1767628331322,141,200,true,170,170,141
1767628331325,138,200,true,170,170,138
1767628331323,140,200,true,170,170,140
1767628331323,140,200,true,170,170,140
1767628331164,299,200,true,170,170,299
1767628331166,298,200,true,170,170,298
1767628331463,2,200,true,170,170,2
1767628331463,2,200,true,170,170,2
1767628331462,3,200,true,170,170,3
1767628331461,5,200,true,170,170,5
1767628331461,5,200,true,170,170,5
1767628331462,5,200,true,170,170,5
1767628331329,138,200,true,170,170,138
1767628331461,7,200,true,170,170,7
1767628331463,5,200,true,170,170,5
1767628331459,9,200,true,170,170,9
1767628331460,9,200,true,170,170,9
1767628331463,6,200,true,170,170,6
1767628331463,7,200,true,170,170,7
1767628331464,6,200,true,170,170,6
1767628331465,6,200,true,170,170,6
1767628331330,141,200,true,170,170,141
1767628331466,6,200,true,170,170,6
1767628331466,6,200,true,170,170,6
1767628331466,6,200,true,170,170,6
1767628331467,6,200,true,170,170,6
1767628331468,5,200,true,170,170,5
1767628331468,6,200,true,170,170,6
1767628331469,5,200,true,170,170,5
1767628331469,6,200,true,170,170,6
1767628331331,144,200,true,170,170,144
1767628331470,6,200,true,170,170,6
1767628331470,6,200,true,170,170,6
1767628331471,5,200,true,170,170,5
1767628331471,6,200,true,170,170,6
1767628331472,5,200,true,170,170,5
1767628331472,6,200,true,170,170,6
1767628331473,5,200,true,170,170,5
1767628331473,6,200,true,170,170,6
1767628331474,5,200,true,170,170,5
1767628331474,6,200,true,170,170,6
1767628331475,5,200,true,170,170,5
1767628331475,6,200,true,170,170,6
1767628331476,5,200,true,170,170,5
1767628331476,5,200,true,170,170,5
1767628331476,6,200,true,170,170,6
1767628331477,5,200,true,170,170,5
1767628331477,6,200,true,170,170,6
1767628331478,5,200,true,170,170,5
1767628331478,6,200,true,170,170,6
1767628331479,5,200,true,170,170,5
1767628331479,6,200,true,170,170,6
1767628331480,5,200,true,170,170,5
1767628331480,6,200,true,170,170,6
1767628331481,5,200,true,170,170,5
1767628331481,5,200,true,170,170,5
1767628331481,6,200,true,170,170,6
1767628331482,5,200,true,170,170,5
1767628331482,6,200,true,170,170,6
1767628331483,5,200,true,170,170,5
1767628331484,5,200,true,170,170,5
1767628331484,5,200,true,170,170,5
1767628331485,5,200,true,170,170,5
1767628331485,5,200,true,170,170,5
1767628331486,5,200,true,170,170,5
1767628331330,163,200,true,170,170,163
1767628331332,161,200,true,170,170,161
1767628331486,8,200,true,170,170,8
1767628331333,162,200,true,170,170,162
1767628331330,166,200,true,170,170,166
1767628331330,166,200,true,170,170,166
1767628331334,162,200,true,170,170,162
1767628331334,165,200,true,170,170,165
1767628331338,161,200,true,170,170,161
1767628331337,162,200,true,170,170,162
1767628331338,162,200,true,170,170,162
1767628331336,165,200,true,170,170,165
1767628331336,165,200,true,170,170,165
1767628331336,165,200,true,170,170,164
1767628331187,314,200,true,170,170,314
1767628331336,165,200,true,170,170,165
1767628331183,319,200,true,170,170,319
1767628331501,3,200,true,170,170,3
1767628331339,166,200,true,170,170,166
1767628331188,317,200,true,170,170,317
1767628331183,323,200,true,170,170,323
1767628331345,161,200,true,170,170,161
1767628331346,163,200,true,170,170,163
1767628331345,164,200,true,170,170,164
1767628331180,330,200,true,170,170,330
1767628331219,291,200,true,170,170,291
1767628331239,271,200,true,170,170,271
1767628331350,161,200,true,170,170,161
1767628331359,153,200,true,170,170,153
1767628331351,161,200,true,170,170,161
1767628331355,157,200,true,170,170,157
1767628331163,349,200,true,170,170,349
1767628331356,157,200,true,170,170,155
1767628331353,160,200,true,170,170,159
1767628331356,157,200,true,170,170,155
1767628331240,276,200,true,170,170,276
1767628331512,4,200,true,170,170,4
1767628331355,161,200,true,170,170,161
1767628331361,155,200,true,170,170,155
1767628331361,155,200,true,170,170,155
1767628331359,158,200,true,170,170,158
1767628331361,157,200,true,170,170,157
1767628331357,164,200,true,170,170,164
1767628331361,161,200,true,170,170,161
1767628331356,166,200,true,170,170,165
1767628331241,281,200,true,170,170,281
1767628331358,166,200,true,170,170,166
1767628331362,162,200,true,170,170,161
1767628331355,169,200,true,170,170,168
1767628331519,5,200,true,170,170,5
1767628331353,171,200,true,170,170,171
1767628331361,164,200,true,170,170,164
1767628331361,164,200,true,170,170,164
1767628331351,174,200,true,170,170,174
1767628331359,166,200,true,170,170,166
1767628331357,169,200,true,170,170,169
1767628331355,171,200,true,170,170,170
1767628331355,171,200,true,170,170,171
1767628331371,155,200,true,170,170,155
1767628331370,157,200,true,170,170,157
1767628331370,159,200,true,170,170,158
1767628331372,157,200,true,170,170,155
1767628331369,160,200,true,170,170,160
1767628331371,158,200,true,170,170,158
1767628331368,161,200,true,170,170,160
1767628331369,160,200,true,170,170,158
1767628331368,161,200,true,170,170,161
1767628331376,153,200,true,170,170,153
1767628331377,153,200,true,170,170,153
1767628331243,287,200,true,170,170,287
1767628331379,153,200,true,170,170,153
1767628331379,154,200,true,170,170,154
1767628331377,157,200,true,170,170,157
1767628331377,157,200,true,170,170,154
1767628331378,157,200,true,170,170,156
1767628331378,157,200,true,170,170,156
1767628331376,159,200,true,170,170,156
1767628331380,156,200,true,170,170,155
1767628331378,158,200,true,170,170,155
1767628331522,15,200,true,170,170,11
1767628331527,10,200,true,170,170,4
1767628331524,14,200,true,170,170,10
1767628331526,12,200,true,170,170,9
1767628331524,15,200,true,170,170,14
1767628331525,14,200,true,170,170,14
1767628331534,6,200,true,170,170,6
1767628331534,6,200,true,170,170,6
1767628331535,5,200,true,170,170,5
1767628331532,9,200,true,170,170,9
1767628331537,4,200,true,170,170,4
1767628331537,5,200,true,170,170,5
1767628331536,6,200,true,170,170,6
1767628331536,7,200,true,170,170,7
1767628331533,10,200,true,170,170,10
1767628331526,18,200,true,170,170,17
1767628331246,298,200,true,170,170,298
1767628331384,160,200,true,170,170,160
1767628331384,160,200,true,170,170,160
1767628331384,160,200,true,170,170,160
1767628331385,160,200,true,170,170,160
1767628331386,159,200,true,170,170,159
1767628331386,159,200,true,170,170,159
1767628331385,160,200,true,170,170,160
1767628331385,161,200,true,170,170,161
1767628331386,160,200,true,170,170,160
1767628331389,157,200,true,170,170,157
1767628331391,155,200,true,170,170,155
1767628331392,155,200,true,170,170,155
1767628331392,155,200,true,170,170,155
1767628331535,12,200,true,170,170,12
1767628331539,10,200,true,170,170,9
1767628331396,153,200,true,170,170,153
1767628331260,289,200,true,170,170,288
1767628331396,153,200,true,170,170,153
1767628331396,153,200,true,170,170,153
1767628331396,153,200,true,170,170,153
1767628331397,153,200,true,170,170,153
1767628331406,144,200,true,170,170,144
1767628331541,9,200,true,170,170,9
1767628331542,15,200,true,170,170,15
1767628331407,150,200,true,170,170,150
1767628331407,154,200,true,170,170,153
1767628331272,289,200,true,170,170,288
1767628331405,156,200,true,170,170,156
1767628331414,147,200,true,170,170,147
1767628331545,16,200,true,170,170,16
1767628331409,152,200,true,170,170,152
1767628331418,147,200,true,170,170,147
1767628331418,147,200,true,170,170,147
1767628331550,20,200,true,170,170,20
1767628331420,150,200,true,170,170,150
1767628331420,150,200,true,170,170,150
1767628331420,150,200,true,170,170,150
1767628331423,148,200,true,170,170,148
1767628331426,145,200,true,170,170,145
1767628331424,147,200,true,170,170,147
1767628331421,151,200,true,170,170,150
1767628331426,148,200,true,170,170,148
1767628331429,147,200,true,170,170,147
1767628331428,149,200,true,170,170,149
1767628331305,272,200,true,170,170,272
1767628331428,150,200,true,170,170,150
1767628331424,154,200,true,170,170,153
1767628331429,149,200,true,170,170,149
1767628331428,151,200,true,170,170,150
1767628331428,151,200,true,170,170,151
1767628331571,8,200,true,170,170,8
1767628331578,3,200,true,170,170,3
1767628331429,154,200,true,170,170,154
1767628331433,152,200,true,170,170,152
1767628331426,160,200,true,170,170,160
1767628331314,273,200,true,170,170,273
1767628331436,151,200,true,170,170,151
1767628331424,164,200,true,170,170,164
1767628331428,160,200,true,170,170,159
1767628331428,160,200,true,170,170,159
1767628331587,1,200,true,170,170,1
1767628331588,1,200,true,170,170,1
1767628331588,1,200,true,170,170,1
1767628331589,2,200,true,170,170,1
1767628331589,2,200,true,170,170,2
1767628331438,153,200,true,170,170,153
1767628331591,1,200,true,170,170,1
1767628331591,1,200,true,170,170,1
1767628331591,1,200,true,170,170,1
1767628331592,1,200,true,170,170,1
1767628331592,1,200,true,170,170,1
1767628331592,2,200,true,170,170,2
1767628331593,1,200,true,170,170,1
1767628331593,2,200,true,170,170,2
1767628331590,5,200,true,170,170,5
1767628331594,2,200,true,170,170,2
1767628331595,1,200,true,170,170,1
1767628331595,2,200,true,170,170,2
1767628331596,1,200,true,170,170,1
1767628331596,1,200,true,170,170,1
1767628331597,1,200,true,170,170,1
1767628331597,1,200,true,170,170,1
1767628331597,2,200,true,170,170,2
1767628331588,11,200,true,170,170,2
1767628331598,1,200,true,170,170,1
1767628331599,1,200,true,170,170,1
1767628331599,1,200,true,170,170,1
1767628331599,2,200,true,170,170,2
1767628331600,1,200,true,170,170,1
1767628331600,2,200,true,170,170,2
1767628331601,1,200,true,170,170,1
1767628331601,2,200,true,170,170,1
1767628331446,157,200,true,170,170,157
1767628331602,1,200,true,170,170,1
1767628331603,1,200,true,170,170,1
1767628331603,1,200,true,170,170,1
1767628331604,1,200,true,170,170,1
1767628331604,1,200,true,170,170,1
1767628331604,2,200,true,170,170,2
1767628331605,1,200,true,170,170,1
1767628331605,2,200,true,170,170,2
1767628331446,161,200,true,170,170,161
1767628331606,2,200,true,170,170,2
1767628331607,1,200,true,170,170,1
1767628331607,1,200,true,170,170,1
1767628331608,1,200,true,170,170,1
1767628331608,2,200,true,170,170,1
1767628331609,1,200,true,170,170,1
1767628331609,1,200,true,170,170,1
1767628331610,1,200,true,170,170,1
1767628331301,310,200,true,170,170,310
1767628331610,2,200,true,170,170,1
1767628331611,1,200,true,170,170,1
1767628331611,1,200,true,170,170,1
1767628331612,1,200,true,170,170,1
1767628331612,1,200,true,170,170,1
1767628331612,2,200,true,170,170,2
1767628331613,1,200,true,170,170,1
1767628331613,2,200,true,170,170,2
1767628331313,302,200,true,170,170,302
1767628331614,2,200,true,170,170,2
1767628331615,1,200,true,170,170,1
1767628331615,2,200,true,170,170,2
1767628331313,304,200,true,170,170,304
1767628331616,2,200,true,170,170,2
1767628331617,1,200,true,170,170,1
1767628331617,1,200,true,170,170,1
1767628331618,1,200,true,170,170,1
1767628331314,305,200,true,170,170,305
1767628331618,1,200,true,170,170,1
1767628331619,1,200,true,170,170,1
1767628331619,1,200,true,170,170,1
1767628331450,171,200,true,170,170,171
1767628331620,1,200,true,170,170,1
1767628331620,2,200,true,170,170,2
1767628331621,1,200,true,170,170,1
1767628331621,1,200,true,170,170,1
1767628331622,1,200,true,170,170,1
1767628331450,173,200,true,170,170,173
1767628331622,2,200,true,170,170,2
1767628331623,1,200,true,170,170,1
1767628331623,1,200,true,170,170,1
1767628331624,1,200,true,170,170,1
1767628331624,1,200,true,170,170,1
1767628331624,2,200,true,170,170,2
1767628331625,1,200,true,170,170,1
1767628331625,2,200,true,170,170,2
1767628331619,8,200,true,170,170,8
1767628331626,2,200,true,170,170,2
1767628331627,1,200,true,170,170,1
1767628331627,1,200,true,170,170,1
1767628331628,1,200,true,170,170,1
1767628331628,1,200,true,170,170,1
1767628331628,2,200,true,170,170,2
1767628331629,1,200,true,170,170,1
1767628331629,2,200,true,170,170,2
1767628331320,312,200,true,170,170,312
1767628331458,174,200,true,170,170,174
1767628331458,175,200,true,170,170,175
1767628331321,312,200,true,170,170,312
1767628331460,173,200,true,170,170,173
1767628331486,147,200,true,170,170,147
1767628331488,146,200,true,170,170,145
1767628331489,145,200,true,170,170,145
1767628331634,0,200,true,170,170,0
1767628331489,146,200,true,170,170,146
1767628331633,3,200,true,170,170,3
1767628331632,4,200,true,170,170,4
1767628331633,3,200,true,170,170,3
1767628331632,5,200,true,170,170,5
1767628331633,4,200,true,170,170,4
1767628331634,4,200,true,170,170,4
1767628331635,3,200,true,170,170,3
1767628331635,4,200,true,170,170,4
1767628331490,149,200,true,170,170,149
1767628331636,3,200,true,170,170,3
1767628331636,4,200,true,170,170,4
1767628331637,3,200,true,170,170,3
1767628331637,4,200,true,170,170,4
1767628331638,3,200,true,170,170,3
1767628331638,4,200,true,170,170,4
1767628331639,3,200,true,170,170,3
1767628331639,3,200,true,170,170,3
1767628331488,155,200,true,170,170,146
1767628331633,11,200,true,170,170,11
1767628331490,155,200,true,170,170,155
1767628331491,154,200,true,170,170,154
1767628331487,158,200,true,170,170,158
1767628331467,179,200,true,170,170,179
1767628331473,173,200,true,170,170,173
1767628331636,10,200,true,170,170,10
1767628331645,2,200,true,170,170,2
1767628331602,46,200,true,170,170,46
1767628331640,9,200,true,170,170,9
1767628331465,185,200,true,170,170,185
1767628331496,156,200,true,170,170,156
1767628331496,156,200,true,170,170,155
1767628331496,156,200,true,170,170,156
1767628331493,159,200,true,170,170,157
1767628331493,159,200,true,170,170,157
1767628331494,158,200,true,170,170,157
1767628331495,157,200,true,170,170,156
1767628331483,169,200,true,170,170,169
1767628331336,316,200,true,170,170,316
1767628331499,154,200,true,170,170,154
1767628331499,154,200,true,170,170,154
1767628331146,507,200,true,170,170,507
1767628331499,154,200,true,170,170,154
1767628331339,315,200,true,170,170,315
1767628331500,154,200,true,170,170,154
1767628331469,185,200,true,170,170,185
1767628331630,24,200,true,170,170,24
1767628331606,49,200,true,170,170,49
1767628331653,4,200,true,170,170,4
1767628331502,157,200,true,170,170,156
1767628331505,154,200,true,170,170,154
1767628331504,155,200,true,170,170,154
1767628331653,7,200,true,170,170,7
1767628331652,8,200,true,170,170,8
1767628331652,9,200,true,170,170,9
1767628331654,7,200,true,170,170,7
1767628331652,10,200,true,170,170,10
1767628331648,14,200,true,170,170,14
1767628331653,9,200,true,170,170,9
1767628331506,157,200,true,170,170,152
1767628331654,9,200,true,170,170,9
1767628331655,9,200,true,170,170,9
1767628331655,9,200,true,170,170,9
1767628331657,8,200,true,170,170,8
1767628331659,6,200,true,170,170,6
1767628331659,7,200,true,170,170,7
1767628331659,7,200,true,170,170,7
1767628331660,6,200,true,170,170,6
1767628331660,7,200,true,170,170,7
1767628331506,161,200,true,170,170,153
1767628331661,6,200,true,170,170,6
1767628331661,7,200,true,170,170,7
1767628331662,6,200,true,170,170,6
1767628331662,7,200,true,170,170,7
1767628331663,6,200,true,170,170,6
1767628331663,6,200,true,170,170,6
1767628331663,7,200,true,170,170,7
1767628331664,6,200,true,170,170,6
1767628331664,7,200,true,170,170,7
1767628331652,19,200,true,170,170,19
1767628331649,23,200,true,170,170,14
1767628331346,327,200,true,170,170,327
1767628331666,7,200,true,170,170,7
1767628331667,6,200,true,170,170,6
1767628331667,7,200,true,170,170,7
1767628331668,6,200,true,170,170,6
1767628331668,7,200,true,170,170,7
1767628331350,325,200,true,170,170,325
1767628331652,23,200,true,170,170,5
1767628331505,170,200,true,170,170,152
1767628331670,6,200,true,170,170,6
1767628331509,168,200,true,170,170,168
1767628331652,26,200,true,170,170,26
1767628331512,168,200,true,170,170,168
1767628331673,8,200,true,170,170,8
1767628331512,172,200,true,170,170,172
1767628331510,177,200,true,170,170,175
1767628331511,176,200,true,170,170,176
1767628331509,178,200,true,170,170,178
1767628331513,174,200,true,170,170,174
1767628331510,177,200,true,170,170,177
1767628331513,174,200,true,170,170,174
1767628331513,175,200,true,170,170,173
1767628331516,172,200,true,170,170,171
1767628331517,171,200,true,170,170,170
1767628331510,178,200,true,170,170,175
1767628331512,176,200,true,170,170,176
1767628331516,173,200,true,170,170,173
1767628331516,173,200,true,170,170,173
1767628331516,173,200,true,170,170,173
1767628331516,174,200,true,170,170,174
1767628331687,3,200,true,170,170,3
1767628331688,3,200,true,170,170,3
1767628331362,330,200,true,170,170,330
1767628331529,163,200,true,170,170,163
1767628331529,163,200,true,170,170,163
1767628331529,163,200,true,170,170,163
1767628331529,167,200,true,170,170,167
1767628331692,4,200,true,170,170,4
1767628331522,176,200,true,170,170,176
1767628331529,169,200,true,170,170,169
1767628331535,163,200,true,170,170,163
1767628331529,169,200,true,170,170,169
1767628331526,173,200,true,170,170,173
1767628331524,175,200,true,170,170,175
1767628331529,170,200,true,170,170,170
1767628331530,169,200,true,170,170,169
1767628331530,172,200,true,170,170,172
1767628331524,179,200,true,170,170,179
1767628331525,178,200,true,170,170,178
1767628331524,180,200,true,170,170,180
1767628331526,178,200,true,170,170,178
1767628331525,179,200,true,170,170,179
1767628331529,175,200,true,170,170,175
1767628331541,164,200,true,170,170,164
1767628331538,167,200,true,170,170,167
1767628331538,167,200,true,170,170,167
1767628331542,163,200,true,170,170,163
1767628331544,161,200,true,170,170,161
1767628331546,160,200,true,170,170,160
1767628331540,166,200,true,170,170,166
1767628331549,157,200,true,170,170,157
1767628331544,163,200,true,170,170,162
1767628331544,163,200,true,170,170,163
1767628331540,167,200,true,170,170,167
1767628331544,163,200,true,170,170,163
1767628331545,162,200,true,170,170,162
1767628331401,307,200,true,170,170,307
1767628331546,162,200,true,170,170,162
1767628331545,163,200,true,170,170,163
1767628331525,183,200,true,170,170,183
1767628331545,163,200,true,170,170,163
1767628331546,163,200,true,170,170,163
1767628331546,163,200,true,170,170,163
1767628331547,162,200,true,170,170,162
1767628331705,5,200,true,170,170,5
1767628331705,5,200,true,170,170,5
1767628331705,6,200,true,170,170,6
1767628331708,3,200,true,170,170,3
1767628331547,165,200,true,170,170,165
1767628331543,169,200,true,170,170,169
1767628331540,172,200,true,170,170,172
1767628331544,168,200,true,170,170,168
1767628331543,169,200,true,170,170,169
1767628331561,152,200,true,170,170,152
1767628331549,164,200,true,170,170,164
1767628331557,156,200,true,170,170,156
1767628331557,157,200,true,170,170,157
1767628331539,175,200,true,170,170,175
1767628331550,164,200,true,170,170,164
1767628331561,153,200,true,170,170,153
1767628331561,154,200,true,170,170,154
1767628331561,154,200,true,170,170,154
1767628331550,165,200,true,170,170,165
1767628331549,167,200,true,170,170,167
1767628331561,155,200,true,170,170,155
1767628331549,167,200,true,170,170,167
1767628331549,168,200,true,170,170,167
1767628331561,156,200,true,170,170,156
1767628331549,168,200,true,170,170,166
1767628331708,11,200,true,170,170,11
1767628331707,13,200,true,170,170,13
1767628331703,17,200,true,170,170,17
1767628331703,20,200,true,170,170,20
1767628331711,13,200,true,170,170,13
1767628331714,14,200,true,170,170,14
1767628331716,12,200,true,170,170,12
1767628331712,16,200,true,170,170,16
1767628331717,12,200,true,170,170,12
1767628331717,12,200,true,170,170,12
1767628331713,16,200,true,170,170,16
1767628331712,18,200,true,170,170,18
1767628331547,183,200,true,170,170,183
1767628331413,317,200,true,170,170,317
1767628331571,160,200,true,170,170,160
1767628331570,161,200,true,170,170,161
1767628331571,160,200,true,170,170,160
1767628331566,165,200,true,170,170,165
1767628331731,1,200,true,170,170,1
1767628331716,16,200,true,170,170,16
1767628331571,161,200,true,170,170,161
1767628331570,163,200,true,170,170,163
1767628331572,161,200,true,170,170,161
1767628331570,163,200,true,170,170,163
1767628331565,168,200,true,170,170,168
1767628331429,305,200,true,170,170,305
1767628331578,156,200,true,170,170,156
1767628331574,160,200,true,170,170,160
1767628331576,158,200,true,170,170,158
1767628331579,156,200,true,170,170,156
1767628331579,156,200,true,170,170,156
1767628331579,156,200,true,170,170,156
1767628331577,158,200,true,170,170,158
1767628331577,159,200,true,170,170,159
1767628331578,161,200,true,170,170,161
1767628331581,158,200,true,170,170,158
1767628331583,157,200,true,170,170,156
1767628331433,310,200,true,170,170,309
1767628331585,158,200,true,170,170,158
1767628331739,5,200,true,170,170,2
1767628331586,160,200,true,170,170,160
1767628331730,19,200,true,170,170,19
1767628331736,14,200,true,170,170,13
1767628331588,164,200,true,170,170,164
1767628331752,1,200,true,170,170,1
1767628331616,137,200,true,170,170,136
1767628331618,135,200,true,170,170,135
1767628331614,139,200,true,170,170,139
1767628331622,131,200,true,170,170,131
1767628331442,312,200,true,170,170,312
1767628331610,144,200,true,170,170,144
1767628331626,128,200,true,170,170,128
1767628331631,123,200,true,170,170,123
1767628331630,124,200,true,170,170,124
1767628331594,161,200,true,170,170,161
1767628331640,115,200,true,170,170,115
1767628331641,115,200,true,170,170,115
1767628331641,115,200,true,170,170,115
1767628331753,3,200,true,170,170,3
1767628331640,116,200,true,170,170,116
1767628331643,114,200,true,170,170,114
1767628331642,115,200,true,170,170,115
1767628331644,114,200,true,170,170,114
1767628331643,115,200,true,170,170,114
1767628331642,116,200,true,170,170,116
1767628331646,113,200,true,170,170,113
1767628331646,113,200,true,170,170,113
1767628331645,114,200,true,170,170,114
1767628331645,114,200,true,170,170,114
1767628331454,306,200,true,170,170,306
1767628331598,162,200,true,170,170,162
1767628331646,114,200,true,170,170,114
1767628331501,261,200,true,170,170,261
1767628331654,113,200,true,170,170,113
1767628331487,282,200,true,170,170,282
1767628331501,268,200,true,170,170,263
1767628331760,11,200,true,170,170,11
1767628331647,124,200,true,170,170,124
1767628331769,3,200,true,170,170,3
1767628331769,4,200,true,170,170,4
1767628331771,3,200,true,170,170,3
1767628331773,1,200,true,170,170,1
1767628331774,1,200,true,170,170,1
1767628331650,125,200,true,170,170,125
1767628331501,274,200,true,170,170,274
1767628331774,2,200,true,170,170,2
1767628331775,1,200,true,170,170,1
1767628331775,1,200,true,170,170,1
1767628331776,1,200,true,170,170,1
1767628331776,1,200,true,170,170,1
1767628331776,2,200,true,170,170,2
1767628331777,1,200,true,170,170,1
1767628331777,2,200,true,170,170,2
1767628331778,2,200,true,170,170,2
1767628331652,128,200,true,170,170,128
1767628331652,128,200,true,170,170,128
1767628331665,115,200,true,170,170,115
1767628331666,114,200,true,170,170,114
1767628331666,115,200,true,170,170,115
1767628331670,111,200,true,170,170,111
1767628331669,112,200,true,170,170,112
1767628331780,2,200,true,170,170,2
1767628331780,2,200,true,170,170,2
1767628331780,3,200,true,170,170,3
1767628331670,113,200,true,170,170,113
1767628331780,3,200,true,170,170,3
1767628331781,3,200,true,170,170,3
1767628331781,3,200,true,170,170,3
1767628331781,4,200,true,170,170,4
1767628331782,3,200,true,170,170,3
1767628331782,4,200,true,170,170,4
1767628331783,3,200,true,170,170,3
1767628331783,3,200,true,170,170,3
1767628331669,118,200,true,170,170,118
1767628331784,4,200,true,170,170,4
1767628331784,4,200,true,170,170,4
1767628331785,4,200,true,170,170,4
1767628331785,4,200,true,170,170,4
1767628331786,3,200,true,170,170,3
1767628331786,4,200,true,170,170,4
1767628331787,3,200,true,170,170,3
1767628331787,4,200,true,170,170,4
1767628331781,10,200,true,170,170,10
1767628331671,120,200,true,170,170,120
1767628331784,8,200,true,170,170,3
1767628331788,4,200,true,170,170,4
1767628331674,120,200,true,170,170,120
1767628331667,128,200,true,170,170,128
1767628331671,125,200,true,170,170,124
1767628331675,121,200,true,170,170,120
1767628331674,123,200,true,170,170,121
1767628331791,6,200,true,170,170,4
1767628331791,6,200,true,170,170,6
1767628331792,6,200,true,170,170,4
1767628331791,7,200,true,170,170,7
1767628331674,125,200,true,170,170,125
1767628331673,126,200,true,170,170,126
1767628331797,3,200,true,170,170,3
1767628331797,3,200,true,170,170,3
1767628331676,125,200,true,170,170,125
1767628331796,6,200,true,170,170,3
1767628331797,5,200,true,170,170,4
1767628331798,4,200,true,170,170,4
1767628331798,5,200,true,170,170,5
1767628331800,3,200,true,170,170,3
1767628331675,129,200,true,170,170,129
1767628331672,134,200,true,170,170,134
1767628331802,4,200,true,170,170,4
1767628331801,6,200,true,170,170,6
1767628331677,130,200,true,170,170,130
1767628331675,133,200,true,170,170,133
1767628331681,129,200,true,170,170,129
1767628331804,6,200,true,170,170,6
1767628331803,8,200,true,170,170,8
1767628331684,127,200,true,170,170,125
1767628331806,5,200,true,170,170,5
1767628331808,4,200,true,170,170,4
1767628331810,2,200,true,170,170,2
1767628331810,3,200,true,170,170,3
1767628331811,2,200,true,170,170,2
1767628331811,3,200,true,170,170,3
1767628331811,3,200,true,170,170,3
1767628331812,3,200,true,170,170,3
1767628331687,128,200,true,170,170,128
1767628331813,2,200,true,170,170,2
1767628331813,3,200,true,170,170,3
1767628331814,2,200,true,170,170,2
1767628331814,3,200,true,170,170,3
1767628331687,130,200,true,170,170,130
1767628331815,3,200,true,170,170,3
1767628331816,2,200,true,170,170,2
1767628331816,2,200,true,170,170,2
1767628331816,3,200,true,170,170,3
1767628331687,132,200,true,170,170,132
1767628331817,3,200,true,170,170,3
1767628331818,2,200,true,170,170,2
1767628331818,2,200,true,170,170,2
1767628331818,3,200,true,170,170,3
1767628331819,2,200,true,170,170,2
1767628331819,3,200,true,170,170,3
1767628331820,2,200,true,170,170,2
1767628331820,3,200,true,170,170,3
1767628331688,135,200,true,170,170,135
1767628331821,3,200,true,170,170,3
1767628331821,3,200,true,170,170,3
1767628331822,2,200,true,170,170,2
1767628331822,3,200,true,170,170,3
1767628331823,2,200,true,170,170,2
1767628331823,3,200,true,170,170,3
1767628331824,2,200,true,170,170,2
1767628331824,3,200,true,170,170,3
1767628331522,305,200,true,170,170,305
1767628331825,3,200,true,170,170,3
1767628331807,22,200,true,170,170,22
1767628331521,309,200,true,170,170,309
1767628331827,4,200,true,170,170,3
1767628331828,3,200,true,170,170,3
1767628331827,4,200,true,170,170,4
1767628331829,3,200,true,170,170,3
1767628331830,2,200,true,170,170,2
1767628331831,2,200,true,170,170,2
1767628331831,2,200,true,170,170,2
1767628331832,2,200,true,170,170,2
1767628331832,2,200,true,170,170,2
1767628331832,2,200,true,170,170,2
1767628331833,2,200,true,170,170,2
1767628331688,147,200,true,170,170,147
1767628331833,3,200,true,170,170,3
1767628331834,2,200,true,170,170,2
1767628331834,2,200,true,170,170,2
1767628331834,3,200,true,170,170,3
1767628331835,2,200,true,170,170,2
1767628331836,2,200,true,170,170,2
1767628331836,2,200,true,170,170,2
1767628331836,3,200,true,170,170,3
1767628331688,151,200,true,170,170,151
1767628331837,3,200,true,170,170,3
1767628331838,2,200,true,170,170,2
1767628331838,2,200,true,170,170,2
1767628331839,2,200,true,170,170,2
1767628331839,2,200,true,170,170,2
1767628331840,2,200,true,170,170,2
1767628331840,2,200,true,170,170,2
1767628331840,3,200,true,170,170,3
1767628331688,155,200,true,170,170,155
1767628331841,3,200,true,170,170,3
1767628331689,157,200,true,170,170,157
1767628331690,156,200,true,170,170,156
1767628331687,159,200,true,170,170,159
1767628331690,156,200,true,170,170,156
1767628331846,1,200,true,170,170,1
1767628331846,1,200,true,170,170,1
1767628331846,2,200,true,170,170,2
1767628331847,1,200,true,170,170,1
1767628331847,2,200,true,170,170,2
1767628331847,2,200,true,170,170,2
1767628331848,2,200,true,170,170,2
1767628331848,2,200,true,170,170,2
1767628331849,2,200,true,170,170,1
1767628331689,162,200,true,170,170,162
1767628331850,1,200,true,170,170,1
1767628331850,2,200,true,170,170,2
1767628331851,1,200,true,170,170,1
1767628331851,2,200,true,170,170,2
1767628331852,1,200,true,170,170,1
1767628331852,2,200,true,170,170,2
1767628331853,1,200,true,170,170,1
1767628331853,2,200,true,170,170,2
1767628331691,164,200,true,170,170,164
1767628331849,6,200,true,170,170,6
1767628331854,2,200,true,170,170,2
1767628331692,164,200,true,170,170,164
1767628331692,164,200,true,170,170,164
1767628331689,167,200,true,170,170,167
1767628331688,169,200,true,170,170,169
1767628331696,161,200,true,170,170,161
1767628331696,161,200,true,170,170,161
1767628331692,166,200,true,170,170,166
1767628331699,165,200,true,170,170,165
1767628331856,8,200,true,170,170,8
1767628331705,161,200,true,170,170,160
1767628331706,160,200,true,170,170,160
1767628331704,163,200,true,170,170,162
1767628331705,162,200,true,170,170,162
1767628331707,162,200,true,170,170,162
1767628331707,162,200,true,170,170,161
1767628331707,162,200,true,170,170,162
1767628331706,163,200,true,170,170,162
1767628331703,166,200,true,170,170,165
1767628331858,11,200,true,170,170,7
1767628331864,6,200,true,170,170,3
1767628331714,159,200,true,170,170,159
1767628331711,163,200,true,170,170,162
1767628331713,161,200,true,170,170,160
1767628331713,161,200,true,170,170,161
1767628331708,166,200,true,170,170,166
1767628331712,165,200,true,170,170,165
1767628331709,168,200,true,170,170,168
1767628331712,165,200,true,170,170,165
1767628331714,163,200,true,170,170,163
1767628331715,162,200,true,170,170,162
1767628331715,163,200,true,170,170,162
1767628331717,161,200,true,170,170,161
1767628331709,169,200,true,170,170,169
1767628331715,163,200,true,170,170,161
1767628331709,169,200,true,170,170,169
1767628331716,164,200,true,170,170,164
1767628331731,149,200,true,170,170,149
1767628331732,148,200,true,170,170,148
1767628331724,156,200,true,170,170,156
1767628331732,150,200,true,170,170,150
1767628331720,162,200,true,170,170,162
1767628331730,152,200,true,170,170,152
1767628331720,162,200,true,170,170,162
1767628331878,5,200,true,170,170,5
1767628331728,155,200,true,170,170,155
1767628331733,150,200,true,170,170,150
1767628331728,156,200,true,170,170,156
1767628331874,11,200,true,170,170,11
1767628331731,156,200,true,170,170,156
1767628331733,155,200,true,170,170,155
1767628331733,155,200,true,170,170,155
1767628331720,169,200,true,170,170,169
1767628331723,166,200,true,170,170,166
1767628331728,161,200,true,170,170,161
1767628331729,161,200,true,170,170,160
1767628331734,156,200,true,170,170,153
1767628331740,150,200,true,170,170,150
1767628331734,156,200,true,170,170,156
1767628331869,22,200,true,170,170,22
1767628331879,12,200,true,170,170,12
1767628331883,9,200,true,170,170,9
1767628331882,10,200,true,170,170,10
1767628331877,16,200,true,170,170,16
1767628331877,16,200,true,170,170,16
1767628331878,15,200,true,170,170,15
1767628331877,17,200,true,170,170,17
1767628331882,12,200,true,170,170,12
1767628331880,15,200,true,170,170,15
1767628331735,162,200,true,170,170,162
1767628331734,163,200,true,170,170,163
1767628331734,163,200,true,170,170,161
1767628331744,154,200,true,170,170,154
1767628331739,159,200,true,170,170,159
1767628331735,163,200,true,170,170,163
1767628331730,169,200,true,170,170,165
1767628331729,170,200,true,170,170,170
1767628331880,20,200,true,170,170,20
1767628331750,152,200,true,170,170,150
1767628331759,143,200,true,170,170,143
1767628331756,147,200,true,170,170,146
1767628331758,145,200,true,170,170,144
1767628331750,153,200,true,170,170,150
1767628331758,145,200,true,170,170,144
1767628331753,150,200,true,170,170,149
1767628331900,4,200,true,170,170,4
1767628331755,150,200,true,170,170,150
1767628331754,152,200,true,170,170,152
1767628331756,150,200,true,170,170,149
1767628331759,150,200,true,170,170,150
1767628331756,154,200,true,170,170,154
1767628331754,156,200,true,170,170,156
1767628331757,153,200,true,170,170,153
1767628331754,157,200,true,170,170,157
1767628331753,158,200,true,170,170,158
1767628331760,151,200,true,170,170,151
1767628331759,152,200,true,170,170,152
1767628331760,152,200,true,170,170,152
1767628331755,157,200,true,170,170,153
1767628331747,165,200,true,170,170,156
1767628331753,160,200,true,170,170,156
1767628331768,145,200,true,170,170,145
1767628331759,154,200,true,170,170,149
1767628331754,160,200,true,170,170,153
1767628331757,157,200,true,170,170,147
1767628331744,170,200,true,170,170,170
1767628331762,152,200,true,170,170,147
1767628331882,33,200,true,170,170,33
1767628331758,157,200,true,170,170,157
1767628331653,264,200,true,170,170,264
1767628331891,26,200,true,170,170,25
1767628331775,144,200,true,170,170,144
1767628331771,148,200,true,170,170,148
1767628331772,148,200,true,170,170,148
1767628331911,9,200,true,170,170,9
1767628331909,14,200,true,170,170,14
1767628331652,271,200,true,170,170,271
1767628331779,144,200,true,170,170,144
1767628331789,134,200,true,170,170,134
1767628331778,146,200,true,170,170,146
1767628331665,259,200,true,170,170,259
1767628331788,136,200,true,170,170,136
1767628331501,423,200,true,170,170,423
1767628331790,135,200,true,170,170,135
1767628331917,9,200,true,170,170,8
1767628331923,5,200,true,170,170,3
1767628331919,10,200,true,170,170,10
1767628331790,139,200,true,170,170,139
1767628331792,137,200,true,170,170,137
1767628331794,135,200,true,170,170,135
1767628331796,134,200,true,170,170,134
1767628331796,134,200,true,170,170,134
1767628331799,132,200,true,170,170,132
1767628331799,132,200,true,170,170,132
1767628331800,132,200,true,170,170,132
1767628331802,130,200,true,170,170,130
1767628331802,130,200,true,170,170,130
1767628331675,257,200,true,170,170,257
1767628331803,129,200,true,170,170,129
1767628331678,255,200,true,170,170,255
1767628331680,253,200,true,170,170,253
1767628331807,126,200,true,170,170,126
1767628331826,107,200,true,170,170,107
1767628331817,117,200,true,170,170,117
1767628331815,119,200,true,170,170,119
1767628331824,110,200,true,170,170,110
1767628331820,114,200,true,170,170,114
1767628331826,109,200,true,170,170,109
1767628331806,129,200,true,170,170,129
1767628331825,110,200,true,170,170,110
1767628331920,15,200,true,170,170,15
1767628331842,93,200,true,170,170,93
1767628331842,94,200,true,170,170,94
1767628331837,99,200,true,170,170,99
1767628331841,95,200,true,170,170,95
1767628331812,124,200,true,170,170,124
1767628331835,102,200,true,170,170,102
1767628331843,94,200,true,170,170,94
1767628331843,94,200,true,170,170,94
1767628331853,84,200,true,170,170,84
1767628331844,94,200,true,170,170,94
1767628331855,83,200,true,170,170,83
1767628331698,240,200,true,170,170,240
1767628331699,239,200,true,170,170,239
1767628331698,240,200,true,170,170,240
1767628331699,240,200,true,170,170,240
1767628331698,241,200,true,170,170,241
1767628331699,240,200,true,170,170,240
1767628331856,84,200,true,170,170,84
1767628331864,77,200,true,170,170,77
1767628331698,243,200,true,170,170,241
1767628331857,84,200,true,170,170,83
1767628331856,85,200,true,170,170,83
1767628331856,85,200,true,170,170,84
1767628331857,84,200,true,170,170,83
1767628331866,75,200,true,170,170,75
1767628331940,2,200,true,170,170,2
1767628331941,1,200,true,170,170,1
1767628331857,86,200,true,170,170,86
1767628331713,231,200,true,170,170,231
1767628331710,234,200,true,170,170,234
1767628331704,240,200,true,170,170,240
1767628331704,240,200,true,170,170,240
1767628331704,240,200,true,170,170,240
1767628331714,230,200,true,170,170,230
1767628331709,236,200,true,170,170,234
1767628331710,235,200,true,170,170,234
1767628331706,239,200,true,170,170,237
1767628331874,71,200,true,170,170,71
1767628331874,71,200,true,170,170,71
1767628331707,238,200,true,170,170,238
1767628331878,68,200,true,170,170,68
1767628331877,69,200,true,170,170,69
1767628331878,68,200,true,170,170,68
1767628331731,215,200,true,170,170,215
1767628331867,79,200,true,170,170,79
1767628331880,67,200,true,170,170,67
1767628331880,67,200,true,170,170,67
1767628331870,77,200,true,170,170,77
1767628331733,215,200,true,170,170,215
1767628331743,205,200,true,170,170,205
1767628331867,81,200,true,170,170,81
1767628331734,214,200,true,170,170,214
1767628331855,93,200,true,170,170,93
1767628331854,94,200,true,170,170,94
1767628331870,78,200,true,170,170,78
1767628331869,79,200,true,170,170,79
1767628331933,17,200,true,170,170,17
1767628331936,14,200,true,170,170,14
1767628331933,17,200,true,170,170,17
1767628331869,85,200,true,170,170,85
1767628331874,80,200,true,170,170,80
1767628331883,74,200,true,170,170,74
1767628331869,88,200,true,170,170,88
1767628331735,223,200,true,170,170,223
1767628331730,229,200,true,170,170,228
1767628331735,224,200,true,170,170,223
1767628331883,77,200,true,170,170,77
1767628331877,83,200,true,170,170,80
1767628331869,91,200,true,170,170,91
1767628331945,15,200,true,170,170,14
1767628331874,87,200,true,170,170,86
1767628331883,79,200,true,170,170,79
1767628331897,66,200,true,170,170,66
1767628331884,79,200,true,170,170,78
1767628331885,79,200,true,170,170,78
1767628331933,31,200,true,170,170,28
1767628331888,77,200,true,170,170,77
1767628331936,29,200,true,170,170,25
1767628331941,30,200,true,170,170,26
1767628331889,84,200,true,170,170,84
1767628331890,84,200,true,170,170,84
1767628331930,48,200,true,170,170,47
1767628331937,41,200,true,170,170,41
1767628331945,34,200,true,170,170,34
1767628331937,43,200,true,170,170,14
1767628331945,35,200,true,170,170,35
1767628331934,46,200,true,170,170,46
1767628331942,39,200,true,170,170,39
1767628331948,33,200,true,170,170,33
1767628331948,34,200,true,170,170,34
1767628331945,37,200,true,170,170,37
1767628331938,45,200,true,170,170,45
1767628331946,38,200,true,170,170,38
1767628331934,51,200,true,170,170,51
1767628331938,47,200,true,170,170,47
1767628331929,58,200,true,170,170,58
1767628331756,236,200,true,170,170,235
1767628331753,239,200,true,170,170,238
1767628331890,102,200,true,170,170,98
1767628331890,103,200,true,170,170,103
1767628331754,240,200,true,170,170,240
1767628331960,35,200,true,170,170,35
1767628331892,105,200,true,170,170,104
1767628331891,106,200,true,170,170,106
1767628331954,43,200,true,170,170,42
1767628331892,106,200,true,170,170,106
1767628331902,96,200,true,170,170,96
1767628331903,98,200,true,170,170,98
1767628331893,110,200,true,170,170,110
1767628331893,110,200,true,170,170,110
1767628331965,39,200,true,170,170,38
1767628331903,101,200,true,170,170,101
1767628331964,42,200,true,170,170,41
1767628331894,114,200,true,170,170,114
1767628331894,114,200,true,170,170,114
1767628331963,46,200,true,170,170,46
1767628331897,114,200,true,170,170,114
1767628331982,30,200,true,170,170,29
1767628331889,125,200,true,170,170,125
1767628331903,112,200,true,170,170,112
1767628331888,128,200,true,170,170,128
1767628331894,122,200,true,170,170,122
1767628331985,31,200,true,170,170,31
1767628331898,118,200,true,170,170,118
1767628331897,120,200,true,170,170,120
1767628331984,33,200,true,170,170,30
1767628332002,17,200,true,170,170,16
1767628331898,123,200,true,170,170,123
1767628331993,29,200,true,170,170,29
1767628331902,122,200,true,170,170,122
1767628331898,127,200,true,170,170,127
1767628332011,14,200,true,170,170,14
1767628331899,130,200,true,170,170,129
1767628331888,141,200,true,170,170,141
1767628331910,120,200,true,170,170,120
1767628331899,131,200,true,170,170,127
1767628331904,127,200,true,170,170,127
1767628332014,17,200,true,170,170,17
1767628332025,7,200,true,170,170,7
1767628331911,123,200,true,170,170,123
1767628331903,132,200,true,170,170,132
1767628331987,48,200,true,170,170,48
1767628331905,132,200,true,170,170,132
1767628332015,22,200,true,170,170,22
1767628331914,126,200,true,170,170,126
1767628332031,10,200,true,170,170,10
1767628331914,127,200,true,170,170,127
1767628331906,135,200,true,170,170,135
1767628331915,127,200,true,170,170,127
1767628331912,130,200,true,170,170,130
1767628331913,129,200,true,170,170,129
1767628331914,128,200,true,170,170,128
1767628331910,133,200,true,170,170,133
1767628331913,130,200,true,170,170,130
1767628331911,132,200,true,170,170,131
1767628332017,29,200,true,170,170,28
1767628332016,32,200,true,170,170,32
1767628331906,142,200,true,170,170,142
1767628331915,134,200,true,170,170,134
1767628332029,22,200,true,170,170,21
1767628331912,140,200,true,170,170,140
1767628331911,142,200,true,170,170,142
1767628331913,140,200,true,170,170,140
1767628331912,146,200,true,170,170,146
1767628331910,150,200,true,170,170,150
1767628331789,273,200,true,170,170,273
1767628332052,10,200,true,170,170,10
1767628331924,139,200,true,170,170,139
1767628331920,143,200,true,170,170,143
1767628331924,139,200,true,170,170,139
1767628331924,140,200,true,170,170,140
1767628331917,147,200,true,170,170,147
1767628331923,141,200,true,170,170,141
1767628331923,141,200,true,170,170,141
1767628331923,141,200,true,170,170,141
1767628331919,146,200,true,170,170,146
1767628331924,141,200,true,170,170,141
1767628331925,140,200,true,170,170,140
1767628331926,139,200,true,170,170,139
1767628331866,200,200,true,170,170,200
1767628331789,277,200,true,170,170,277
1767628332064,5,200,true,170,170,5
1767628331855,214,200,true,170,170,214
1767628332060,11,200,true,170,170,11
1767628331934,138,200,true,170,170,138
1767628331932,142,200,true,170,170,142
1767628331948,127,200,true,170,170,127
1767628331932,143,200,true,170,170,143
1767628331936,139,200,true,170,170,137
1767628331933,143,200,true,170,170,143
1767628331947,129,200,true,170,170,127
1767628331929,147,200,true,170,170,146
1767628331928,148,200,true,170,170,148
1767628332072,5,200,true,170,170,5
1767628332076,1,200,true,170,170,1
1767628332077,1,200,true,170,170,1
1767628332077,1,200,true,170,170,1
1767628332077,2,200,true,170,170,2
1767628332071,8,200,true,170,170,8
1767628332078,1,200,true,170,170,1
1767628332079,1,200,true,170,170,1
1767628332079,1,200,true,170,170,1
1767628332079,2,200,true,170,170,2
1767628332080,1,200,true,170,170,1
1767628332080,2,200,true,170,170,2
1767628332081,1,200,true,170,170,1
1767628332081,2,200,true,170,170,2
1767628332078,6,200,true,170,170,5
1767628331945,139,200,true,170,170,139
1767628332082,2,200,true,170,170,2
1767628331947,138,200,true,170,170,138
1767628331948,138,200,true,170,170,138
1767628331944,142,200,true,170,170,142
1767628331937,149,200,true,170,170,149
1767628331944,142,200,true,170,170,142
1767628331948,139,200,true,170,170,138
1767628331937,150,200,true,170,170,149
1767628331939,150,200,true,170,170,149
1767628331947,142,200,true,170,170,142
1767628331938,153,200,true,170,170,153
1767628331947,144,200,true,170,170,144
1767628331943,149,200,true,170,170,147
1767628332087,6,200,true,170,170,5
1767628331932,162,200,true,170,170,162
1767628331941,153,200,true,170,170,153
1767628331941,153,200,true,170,170,153
1767628331945,150,200,true,170,170,150
1767628331954,141,200,true,170,170,141
1767628332084,11,200,true,170,170,11
1767628331941,155,200,true,170,170,155
1767628331929,167,200,true,170,170,167
1767628331961,136,200,true,170,170,135
1767628331946,151,200,true,170,170,151
1767628331936,162,200,true,170,170,161
1767628331938,160,200,true,170,170,160
1767628331935,164,200,true,170,170,164
1767628331942,157,200,true,170,170,157
1767628331935,165,200,true,170,170,165
1767628331932,169,200,true,170,170,169
1767628331939,162,200,true,170,170,162
1767628331930,171,200,true,170,170,171
1767628331937,165,200,true,170,170,165
1767628331929,173,200,true,170,170,172
1767628331964,138,200,true,170,170,136
1767628331946,156,200,true,170,170,156
1767628331931,172,200,true,170,170,172
1767628332084,19,200,true,170,170,19
1767628331939,164,200,true,170,170,164
1767628331944,160,200,true,170,170,160
1767628331934,171,200,true,170,170,170
1767628331941,164,200,true,170,170,163
1767628331941,164,200,true,170,170,164
1767628331946,159,200,true,170,170,159
1767628331944,161,200,true,170,170,159
1767628331932,174,200,true,170,170,174
1767628331951,156,200,true,170,170,156
1767628331959,148,200,true,170,170,147
1767628331959,148,200,true,170,170,148
1767628331948,159,200,true,170,170,157
1767628331944,164,200,true,170,170,162
1767628331935,173,200,true,170,170,173
1767628331950,158,200,true,170,170,158
1767628331957,153,200,true,170,170,152
1767628331972,140,200,true,170,170,140
1767628331960,157,200,true,170,170,155
1767628331948,172,200,true,170,170,172
1767628331950,170,200,true,170,170,170
1767628331978,142,200,true,170,170,142
1767628331962,163,200,true,170,170,163
1767628332103,22,200,true,170,170,22
1767628332004,125,200,true,170,170,125
1767628332105,25,200,true,170,170,25
1767628331960,171,200,true,170,170,171
1767628332105,28,200,true,170,170,28
1767628331979,155,200,true,170,170,155
1767628332129,6,200,true,170,170,6
1767628332131,4,200,true,170,170,4
1767628332130,5,200,true,170,170,5
1767628332133,3,200,true,170,170,3
1767628332134,2,200,true,170,170,2
1767628332135,2,200,true,170,170,2
1767628332135,2,200,true,170,170,2
1767628332136,2,200,true,170,170,2
1767628332136,2,200,true,170,170,2
1767628332136,2,200,true,170,170,2
1767628332137,2,200,true,170,170,2
1767628331974,165,200,true,170,170,165
1767628332137,2,200,true,170,170,2
1767628332138,2,200,true,170,170,2
1767628332138,2,200,true,170,170,2
1767628332138,3,200,true,170,170,3
1767628332139,2,200,true,170,170,2
1767628332140,2,200,true,170,170,2
1767628332140,2,200,true,170,170,2
1767628332141,1,200,true,170,170,1
1767628331963,180,200,true,170,170,180
1767628332141,2,200,true,170,170,2
1767628332142,2,200,true,170,170,2
1767628332142,2,200,true,170,170,2
1767628332143,2,200,true,170,170,2
1767628332143,2,200,true,170,170,2
1767628332144,2,200,true,170,170,2
1767628332144,2,200,true,170,170,2
1767628332144,3,200,true,170,170,3
1767628331979,168,200,true,170,170,168
1767628332145,3,200,true,170,170,3
1767628332146,2,200,true,170,170,2
1767628332146,2,200,true,170,170,2
1767628332147,2,200,true,170,170,2
1767628332147,2,200,true,170,170,2
1767628332148,2,200,true,170,170,2
1767628332148,2,200,true,170,170,2
1767628332149,2,200,true,170,170,2
1767628331980,171,200,true,170,170,171
1767628332145,7,200,true,170,170,7
1767628332150,2,200,true,170,170,2
1767628332141,12,200,true,170,170,2
1767628331960,194,200,true,170,170,194
1767628332003,152,200,true,170,170,151
1767628332151,4,200,true,170,170,4
1767628332153,3,200,true,170,170,2
1767628332152,4,200,true,170,170,4
1767628332152,5,200,true,170,170,4
1767628332154,3,200,true,170,170,3
1767628331982,176,200,true,170,170,176
1767628332156,3,200,true,170,170,3
1767628332156,3,200,true,170,170,3
1767628331980,180,200,true,170,170,180
1767628331981,179,200,true,170,170,179
1767628332157,3,200,true,170,170,3
1767628332155,6,200,true,170,170,3
1767628332157,4,200,true,170,170,4
1767628332160,2,200,true,170,170,2
1767628332160,2,200,true,170,170,2
1767628331983,180,200,true,170,170,180
1767628332161,2,200,true,170,170,2
1767628332161,3,200,true,170,170,3
1767628331889,276,200,true,170,170,276
1767628332162,3,200,true,170,170,2
1767628332012,156,200,true,170,170,156
1767628331995,174,200,true,170,170,174
1767628332006,163,200,true,170,170,163
1767628331981,188,200,true,170,170,188
1767628332008,161,200,true,170,170,161
1767628331994,176,200,true,170,170,176
1767628332008,162,200,true,170,170,162
1767628332010,160,200,true,170,170,160
1767628331992,178,200,true,170,170,178
1767628331992,179,200,true,170,170,179
1767628331992,179,200,true,170,170,179
1767628331895,276,200,true,170,170,276
1767628331903,268,200,true,170,170,268
1767628332004,167,200,true,170,170,167
1767628332019,153,200,true,170,170,153
1767628332024,148,200,true,170,170,148
1767628332037,135,200,true,170,170,135
1767628332031,141,200,true,170,170,141
1767628332029,144,200,true,170,170,144
1767628332032,141,200,true,170,170,141
1767628332016,157,200,true,170,170,157
1767628332022,151,200,true,170,170,151
1767628332165,10,200,true,170,170,10
1767628332172,4,200,true,170,170,4
1767628332017,159,200,true,170,170,159
1767628332016,160,200,true,170,170,160
1767628332031,146,200,true,170,170,146
1767628332035,142,200,true,170,170,142
1767628332025,152,200,true,170,170,152
1767628332021,156,200,true,170,170,156
1767628332037,141,200,true,170,170,141
1767628332016,162,200,true,170,170,162
1767628332030,148,200,true,170,170,148
1767628332034,144,200,true,170,170,144
1767628332051,127,200,true,170,170,127
1767628332043,136,200,true,170,170,136
1767628332035,144,200,true,170,170,144
1767628332048,131,200,true,170,170,131
1767628331914,265,200,true,170,170,265
1767628332042,139,200,true,170,170,139
1767628332043,138,200,true,170,170,138
1767628332040,141,200,true,170,170,141
1767628332043,138,200,true,170,170,138
1767628332042,139,200,true,170,170,139
1767628332041,141,200,true,170,170,139
1767628332042,140,200,true,170,170,140
1767628332042,140,200,true,170,170,138
1767628332041,141,200,true,170,170,138
1767628332041,141,200,true,170,170,140
1767628332058,125,200,true,170,170,125
1767628332053,130,200,true,170,170,130
1767628332049,135,200,true,170,170,135
1767628332048,136,200,true,170,170,136
1767628332053,131,200,true,170,170,131
1767628332065,119,200,true,170,170,119
1767628332062,122,200,true,170,170,122
1767628332063,121,200,true,170,170,121
1767628332063,121,200,true,170,170,121
1767628332046,138,200,true,170,170,136
1767628332179,6,200,true,170,170,6
1767628332065,120,200,true,170,170,120
1767628332066,119,200,true,170,170,119
1767628332064,122,200,true,170,170,121
1767628332063,123,200,true,170,170,123
1767628332064,122,200,true,170,170,122
1767628332065,121,200,true,170,170,121
1767628332065,121,200,true,170,170,121
1767628332065,122,200,true,170,170,122
1767628332066,121,200,true,170,170,121
1767628332064,123,200,true,170,170,123
1767628332069,118,200,true,170,170,118
1767628332069,119,200,true,170,170,119
1767628331708,480,200,true,170,170,480
1767628332063,125,200,true,170,170,125
1767628332074,114,200,true,170,170,114
1767628332075,113,200,true,170,170,113
1767628332075,114,200,true,170,170,114
1767628332076,113,200,true,170,170,113
1767628332076,113,200,true,170,170,113
1767628332075,114,200,true,170,170,114
1767628332082,107,200,true,170,170,107
1767628332083,106,200,true,170,170,106
1767628331938,252,200,true,170,170,252
1767628332087,103,200,true,170,170,103
1767628332085,105,200,true,170,170,105
1767628332087,103,200,true,170,170,103
1767628332086,105,200,true,170,170,105
1767628331931,260,200,true,170,170,260
1767628331948,243,200,true,170,170,243
1767628332091,100,200,true,170,170,100
1767628331958,234,200,true,170,170,233
1767628331965,227,200,true,170,170,227
1767628331957,235,200,true,170,170,235
1767628332165,27,200,true,170,170,27
1767628331945,247,200,true,170,170,247
1767628332109,83,200,true,170,170,83
1767628332108,84,200,true,170,170,84
1767628332108,85,200,true,170,170,85
1767628332107,86,200,true,170,170,86
1767628332110,83,200,true,170,170,83
1767628332108,85,200,true,170,170,85
1767628332086,108,200,true,170,170,108
1767628332093,101,200,true,170,170,101
1767628332086,108,200,true,170,170,108
1767628331997,197,200,true,170,170,197
1767628331997,198,200,true,170,170,198
1767628332089,106,200,true,170,170,106
1767628332089,106,200,true,170,170,106
1767628332091,104,200,true,170,170,104
1767628332092,103,200,true,170,170,103
1767628332084,112,200,true,170,170,112
1767628332102,94,200,true,170,170,94
1767628332095,101,200,true,170,170,101
1767628332103,94,200,true,170,170,94
1767628332112,85,200,true,170,170,85
1767628332101,97,200,true,170,170,96
1767628332096,102,200,true,170,170,102
1767628332099,99,200,true,170,170,99
1767628332101,97,200,true,170,170,97
1767628332196,3,200,true,170,170,3
1767628332102,97,200,true,170,170,97
1767628332096,103,200,true,170,170,103
1767628332101,98,200,true,170,170,98
1767628331997,203,200,true,170,170,199
1767628332095,105,200,true,170,170,105
1767628332094,106,200,true,170,170,106
1767628332095,106,200,true,170,170,106
1767628332098,103,200,true,170,170,103
1767628332117,85,200,true,170,170,85
1767628332098,104,200,true,170,170,104
1767628332097,105,200,true,170,170,105
1767628332095,108,200,true,170,170,108
1767628332103,100,200,true,170,170,100
1767628332103,100,200,true,170,170,99
1767628332003,200,200,true,170,170,200
1767628331935,268,200,true,170,170,268
1767628332195,8,200,true,170,170,8
1767628332173,31,200,true,170,170,31
1767628332173,31,200,true,170,170,31
1767628332100,105,200,true,170,170,105
1767628332105,101,200,true,170,170,101
1767628332105,102,200,true,170,170,101
1767628332173,34,200,true,170,170,34
1767628332104,103,200,true,170,170,103
1767628332168,39,200,true,170,170,37
1767628332169,39,200,true,170,170,39
1767628331974,235,200,true,170,170,235
1767628332170,40,200,true,170,170,40
1767628332170,40,200,true,170,170,40
1767628332171,39,200,true,170,170,39
1767628332171,40,200,true,170,170,40
1767628332102,109,200,true,170,170,109
1767628332192,19,200,true,170,170,19
1767628332179,33,200,true,170,170,33
1767628332193,19,200,true,170,170,19
1767628332184,29,200,true,170,170,29
1767628332199,14,200,true,170,170,14
1767628332187,27,200,true,170,170,27
1767628332189,25,200,true,170,170,25
1767628332196,18,200,true,170,170,18
1767628332190,25,200,true,170,170,25
1767628332105,110,200,true,170,170,110
1767628332098,118,200,true,170,170,118
1767628332107,111,200,true,170,170,111
1767628332197,21,200,true,170,170,21
1767628332194,25,200,true,170,170,25
1767628332190,34,200,true,170,170,34
1767628332200,24,200,true,170,170,24
1767628332191,37,200,true,170,170,37
1767628332200,28,200,true,170,170,27
1767628332201,30,200,true,170,170,30
1767628332194,37,200,true,170,170,37
1767628332203,30,200,true,170,170,28
1767628332106,130,200,true,170,170,130
1767628332107,129,200,true,170,170,129
1767628332177,64,200,true,170,170,64
1767628332186,55,200,true,170,170,55
1767628332179,65,200,true,170,170,65
1767628332206,39,200,true,170,170,39
1767628332212,33,200,true,170,170,33
1767628332207,41,200,true,170,170,41
1767628332211,38,200,true,170,170,38
1767628332207,42,200,true,170,170,42
1767628332216,37,200,true,170,170,37
1767628332224,29,200,true,170,170,29
1767628332228,29,200,true,170,170,29
1767628332241,16,200,true,170,170,16
1767628332244,14,200,true,170,170,14
1767628332120,138,200,true,170,170,138
1767628332120,139,200,true,170,170,139
1767628332150,110,200,true,170,170,110
1767628332125,136,200,true,170,170,134
1767628332257,5,200,true,170,170,5
1767628332258,4,200,true,170,170,2
1767628332262,1,200,true,170,170,1
1767628332261,2,200,true,170,170,1
1767628332149,115,200,true,170,170,115
1767628332241,24,200,true,170,170,24
1767628331980,287,200,true,170,170,287
1767628332151,116,200,true,170,170,116
1767628332158,110,200,true,170,170,110
1767628332155,113,200,true,170,170,112
1767628332267,3,200,true,170,170,3
1767628332162,108,200,true,170,170,108
1767628332161,109,200,true,170,170,109
1767628332269,2,200,true,170,170,2
1767628331985,289,200,true,170,170,289
1767628331998,277,200,true,170,170,277
1767628332172,104,200,true,170,170,104
1767628332172,105,200,true,170,170,105
1767628332172,106,200,true,170,170,106
1767628332169,110,200,true,170,170,110
1767628332169,111,200,true,170,170,111
1767628332278,2,200,true,170,170,2
1767628332279,2,200,true,170,170,2
1767628332280,1,200,true,170,170,1
1767628332280,2,200,true,170,170,2
1767628332281,1,200,true,170,170,1
1767628332281,2,200,true,170,170,2
1767628332169,114,200,true,170,170,114
1767628332163,121,200,true,170,170,121
1767628332094,191,200,true,170,170,191
1767628332171,115,200,true,170,170,115
1767628332171,116,200,true,170,170,116
1767628332287,2,200,true,170,170,2
1767628332170,119,200,true,170,170,118
1767628332287,2,200,true,170,170,2
1767628332284,6,200,true,170,170,6
1767628332170,120,200,true,170,170,120
1767628332184,106,200,true,170,170,106
1767628332189,102,200,true,170,170,102
1767628332290,1,200,true,170,170,1
1767628332290,2,200,true,170,170,2
1767628332189,104,200,true,170,170,104
1767628332290,3,200,true,170,170,3
1767628332291,3,200,true,170,170,3
1767628332198,98,200,true,170,170,98
1767628332188,108,200,true,170,170,108
1767628332191,106,200,true,170,170,106
1767628332190,107,200,true,170,170,107
1767628332194,103,200,true,170,170,103
1767628332189,109,200,true,170,170,109
1767628332189,109,200,true,170,170,109
1767628332188,110,200,true,170,170,107
1767628332293,5,200,true,170,170,5
1767628332194,105,200,true,170,170,105
1767628332292,8,200,true,170,170,8
1767628332188,113,200,true,170,170,113
1767628332190,112,200,true,170,170,112
1767628332195,108,200,true,170,170,108
1767628332184,119,200,true,170,170,119
1767628332198,109,200,true,170,170,109
1767628332198,109,200,true,170,170,109
1767628332191,116,200,true,170,170,116
1767628332197,111,200,true,170,170,109
1767628332195,113,200,true,170,170,113
1767628332200,108,200,true,170,170,106
1767628332195,113,200,true,170,170,113
1767628332185,126,200,true,170,170,126
1767628332202,109,200,true,170,170,109
1767628332202,109,200,true,170,170,109
1767628332198,113,200,true,170,170,113
1767628332191,121,200,true,170,170,120
1767628332200,112,200,true,170,170,112
1767628332182,130,200,true,170,170,130
1767628332181,131,200,true,170,170,131
1767628332187,125,200,true,170,170,125
1767628332203,110,200,true,170,170,110
1767628332186,127,200,true,170,170,127
1767628332185,128,200,true,170,170,128
1767628332192,121,200,true,170,170,121
1767628332192,122,200,true,170,170,122
1767628332200,114,200,true,170,170,114
1767628332188,126,200,true,170,170,126
1767628332203,111,200,true,170,170,111
1767628332176,138,200,true,170,170,138
1767628332176,138,200,true,170,170,138
1767628332195,120,200,true,170,170,120
1767628332312,6,200,true,170,170,6
1767628332192,126,200,true,170,170,126
1767628332311,7,200,true,170,170,7
1767628332312,7,200,true,170,170,7
1767628332203,118,200,true,170,170,118
1767628332311,11,200,true,170,170,10
1767628332313,10,200,true,170,170,10
1767628332314,10,200,true,170,170,10
1767628332322,4,200,true,170,170,4
1767628332314,12,200,true,170,170,12
1767628332177,150,200,true,170,170,150
1767628332315,13,200,true,170,170,13
1767628332177,151,200,true,170,170,151
1767628332173,156,200,true,170,170,156
1767628332318,11,200,true,170,170,11
1767628332319,11,200,true,170,170,11
1767628332193,137,200,true,170,170,137
1767628332319,12,200,true,170,170,12
1767628332326,5,200,true,170,170,4
1767628332179,152,200,true,170,170,152
1767628332314,18,200,true,170,170,18
1767628332324,8,200,true,170,170,8
1767628332329,4,200,true,170,170,4
1767628332329,5,200,true,170,170,5
1767628332331,5,200,true,170,170,5
1767628332336,0,200,true,170,170,0
1767628332331,5,200,true,170,170,5
1767628332328,9,200,true,170,170,9
1767628332328,9,200,true,170,170,9
1767628332336,3,200,true,170,170,2
1767628332181,158,200,true,170,170,158
1767628332182,157,200,true,170,170,157
1767628332178,161,200,true,170,170,161
1767628332177,162,200,true,170,170,162
1767628332182,160,200,true,170,170,160
1767628332184,159,200,true,170,170,159
1767628332181,162,200,true,170,170,162
1767628332188,155,200,true,170,170,155
1767628332203,140,200,true,170,170,140
1767628332193,153,200,true,170,170,152
1767628332193,153,200,true,170,170,153
1767628332178,169,200,true,170,170,169
1767628332186,161,200,true,170,170,161
1767628332178,169,200,true,170,170,169
1767628332186,161,200,true,170,170,161
1767628332342,6,200,true,170,170,5
1767628332184,166,200,true,170,170,166
1767628332178,172,200,true,170,170,172
1767628332203,148,200,true,170,170,148
1767628332178,174,200,true,170,170,174
1767628332184,168,200,true,170,170,168
1767628332210,145,200,true,170,170,145
1767628332214,142,200,true,170,170,141
1767628332208,148,200,true,170,170,148
1767628332233,124,200,true,170,170,124
1767628332228,129,200,true,170,170,129
1767628332209,149,200,true,170,170,149
1767628332177,181,200,true,170,170,181
1767628332231,127,200,true,170,170,127
1767628332236,122,200,true,170,170,122
1767628332207,151,200,true,170,170,151
1767628332210,148,200,true,170,170,148
1767628332214,144,200,true,170,170,144
1767628332196,162,200,true,170,170,162
1767628332182,176,200,true,170,170,176
1767628332231,127,200,true,170,170,127
1767628332187,171,200,true,170,170,171
1767628332215,144,200,true,170,170,144
1767628332185,174,200,true,170,170,174
1767628332186,173,200,true,170,170,173
1767628332212,147,200,true,170,170,147
1767628332219,140,200,true,170,170,140
1767628332204,155,200,true,170,170,155
1767628332215,144,200,true,170,170,144
1767628332218,141,200,true,170,170,139
1767628332213,146,200,true,170,170,146
1767628332207,152,200,true,170,170,148
1767628332214,145,200,true,170,170,139
1767628332218,141,200,true,170,170,136
1767628332193,166,200,true,170,170,166
1767628332224,135,200,true,170,170,135
1767628332211,149,200,true,170,170,145
1767628332210,150,200,true,170,170,146
1767628332205,155,200,true,170,170,155
1767628332203,157,200,true,170,170,147
1767628332178,182,200,true,170,170,182
1767628332182,178,200,true,170,170,168
1767628332236,124,200,true,170,170,122
1767628332184,176,200,true,170,170,166
1767628332182,178,200,true,170,170,178
1767628332212,148,200,true,170,170,148
1767628332205,155,200,true,170,170,146
1767628332184,176,200,true,170,170,166
1767628332360,1,200,true,170,170,1
1767628332213,148,200,true,170,170,148
1767628332253,109,200,true,170,170,108
1767628332249,114,200,true,170,170,114
1767628332249,114,200,true,170,170,114
1767628332125,239,200,true,170,170,239
1767628332120,244,200,true,170,170,244
1767628332258,107,200,true,170,170,107
1767628332260,105,200,true,170,170,105
1767628332259,106,200,true,170,170,106
1767628332257,108,200,true,170,170,108
1767628332347,18,200,true,170,170,18
1767628332262,103,200,true,170,170,103
1767628332263,103,200,true,170,170,103
1767628332263,103,200,true,170,170,103
1767628332264,102,200,true,170,170,102
1767628332265,101,200,true,170,170,101
1767628332159,208,200,true,170,170,207
1767628332159,208,200,true,170,170,208
1767628332149,218,200,true,170,170,218
1767628332267,100,200,true,170,170,100
1767628332268,99,200,true,170,170,99
1767628332271,97,200,true,170,170,97
1767628332270,98,200,true,170,170,98
1767628332271,97,200,true,170,170,97
1767628332270,98,200,true,170,170,98
1767628332164,204,200,true,170,170,204
1767628331890,479,200,true,170,170,479
1767628332276,99,200,true,170,170,99
1767628332275,100,200,true,170,170,100
1767628332163,212,200,true,170,170,212
1767628332364,15,200,true,170,170,15
1767628332365,14,200,true,170,170,14
1767628332358,26,200,true,170,170,26
1767628332347,37,200,true,170,170,37
1767628332277,111,200,true,170,170,111
1767628332352,40,200,true,170,170,40
1767628332380,12,200,true,170,170,12
1767628332360,33,200,true,170,170,33
1767628332282,114,200,true,170,170,114
1767628332375,21,200,true,170,170,21
1767628331998,398,200,true,170,170,398
1767628332282,114,200,true,170,170,114
1767628332099,299,200,true,170,170,299
1767628332283,115,200,true,170,170,115
1767628332285,114,200,true,170,170,114
1767628332289,111,200,true,170,170,111
1767628332289,111,200,true,170,170,110
1767628332283,118,200,true,170,170,118
1767628332398,3,200,true,170,170,3
1767628332171,232,200,true,170,170,232
1767628332398,5,200,true,170,170,5
1767628332403,2,200,true,170,170,2
1767628332290,116,200,true,170,170,116
1767628332296,111,200,true,170,170,111
1767628332296,111,200,true,170,170,111
1767628332294,114,200,true,170,170,112
1767628332297,111,200,true,170,170,111
1767628332297,111,200,true,170,170,110
1767628332294,115,200,true,170,170,114
1767628332297,112,200,true,170,170,111
1767628332299,110,200,true,170,170,110
1767628332298,111,200,true,170,170,111
1767628332406,4,200,true,170,170,4
1767628332192,218,200,true,170,170,218
1767628332298,112,200,true,170,170,112
1767628332190,224,200,true,170,170,222
1767628332301,113,200,true,170,170,113
1767628332302,115,200,true,170,170,115
1767628332298,119,200,true,170,170,119
1767628332299,118,200,true,170,170,118
1767628332303,115,200,true,170,170,115
1767628332304,116,200,true,170,170,116
1767628332417,3,200,true,170,170,2
1767628332201,221,200,true,170,170,221
1767628332185,237,200,true,170,170,237
1767628332187,236,200,true,170,170,235
1767628332182,241,200,true,170,170,241
1767628332184,240,200,true,170,170,240
1767628332308,118,200,true,170,170,117
1767628332422,4,200,true,170,170,4
1767628332308,119,200,true,170,170,119
1767628332308,120,200,true,170,170,120
1767628332307,121,200,true,170,170,121
1767628332423,10,200,true,170,170,10
1767628332427,7,200,true,170,170,7
1767628332428,6,200,true,170,170,6
1767628332308,126,200,true,170,170,126
1767628332312,122,200,true,170,170,122
1767628332311,124,200,true,170,170,124
1767628332312,123,200,true,170,170,123
1767628332312,123,200,true,170,170,123
1767628332313,122,200,true,170,170,122
1767628332313,123,200,true,170,170,123
1767628332314,122,200,true,170,170,122
1767628332313,123,200,true,170,170,123
1767628332314,123,200,true,170,170,122
1767628332318,121,200,true,170,170,121
1767628332324,120,200,true,170,170,120
1767628332321,123,200,true,170,170,123
1767628332327,120,200,true,170,170,120
1767628332330,118,200,true,170,170,118
1767628332330,118,200,true,170,170,118
1767628332435,13,200,true,170,170,13
1767628332332,117,200,true,170,170,117
1767628332331,118,200,true,170,170,118
1767628332332,119,200,true,170,170,119
1767628332334,118,200,true,170,170,117
1767628332333,119,200,true,170,170,119
1767628332439,13,200,true,170,170,12
1767628332311,141,200,true,170,170,141
1767628332339,114,200,true,170,170,114
1767628332444,10,200,true,170,170,10
1767628332448,7,200,true,170,170,7
1767628332448,7,200,true,170,170,7
1767628332452,4,200,true,170,170,4
1767628332454,3,200,true,170,170,3
1767628332453,6,200,true,170,170,5
1767628332337,123,200,true,170,170,123
1767628332337,123,200,true,170,170,123
1767628332336,125,200,true,170,170,125
1767628332339,122,200,true,170,170,122
1767628332339,123,200,true,170,170,122
1767628332457,5,200,true,170,170,5
1767628332461,3,200,true,170,170,3
1767628332343,121,200,true,170,170,121
1767628332343,121,200,true,170,170,121
1767628332343,123,200,true,170,170,123
1767628332346,120,200,true,170,170,120
1767628332245,221,200,true,170,170,221
1767628332253,213,200,true,170,170,213
1767628332249,217,200,true,170,170,217
1767628332245,221,200,true,170,170,221
1767628332359,108,200,true,170,170,108
1767628332365,102,200,true,170,170,102
1767628332360,107,200,true,170,170,107
1767628332359,110,200,true,170,170,110
1767628332360,109,200,true,170,170,109
1767628332359,110,200,true,170,170,110
1767628332351,119,200,true,170,170,119
1767628332368,102,200,true,170,170,102
1767628332359,111,200,true,170,170,111
1767628332359,111,200,true,170,170,111
1767628332359,111,200,true,170,170,111
1767628332361,109,200,true,170,170,107
1767628332274,198,200,true,170,170,198
1767628332366,109,200,true,170,170,109
1767628332356,120,200,true,170,170,120
1767628332469,8,200,true,170,170,8
1767628332470,7,200,true,170,170,7
1767628332466,12,200,true,170,170,12
1767628332466,12,200,true,170,170,12
1767628332467,11,200,true,170,170,11
1767628332470,9,200,true,170,170,9
1767628332364,115,200,true,170,170,115
1767628332470,10,200,true,170,170,10
1767628332357,123,200,true,170,170,123
1767628332364,116,200,true,170,170,116
1767628332358,122,200,true,170,170,122
1767628332358,127,200,true,170,170,127
1767628332368,117,200,true,170,170,117
1767628332366,119,200,true,170,170,118
1767628332357,128,200,true,170,170,128
1767628332366,120,200,true,170,170,119
1767628332367,119,200,true,170,170,118
1767628332368,118,200,true,170,170,117
1767628332479,7,200,true,170,170,7
1767628332360,133,200,true,170,170,133
1767628332367,126,200,true,170,170,126
1767628332368,125,200,true,170,170,125
1767628332369,126,200,true,170,170,126
1767628332358,137,200,true,170,170,137
1767628332359,137,200,true,170,170,137
1767628332365,131,200,true,170,170,131
1767628332358,143,200,true,170,170,143
1767628332358,144,200,true,170,170,142
1767628332358,144,200,true,170,170,144
1767628332359,143,200,true,170,170,143
1767628332347,156,200,true,170,170,153
1767628332359,144,200,true,170,170,141
1767628332365,138,200,true,170,170,134
1767628332365,138,200,true,170,170,137
1767628332360,143,200,true,170,170,142
1767628332352,151,200,true,170,170,150
1767628332356,147,200,true,170,170,145
1767628332359,145,200,true,170,170,143
1767628332348,156,200,true,170,170,154
1767628332366,139,200,true,170,170,139
1767628332359,146,200,true,170,170,143
1767628332350,155,200,true,170,170,155
1767628332359,147,200,true,170,170,147
1767628332358,148,200,true,170,170,148
1767628332359,151,200,true,170,170,151
1767628332360,150,200,true,170,170,150
1767628332360,150,200,true,170,170,150
1767628332360,150,200,true,170,170,150
1767628332361,149,200,true,170,170,149
1767628332503,10,200,true,170,170,10
1767628332350,163,200,true,170,170,163
1767628332360,153,200,true,170,170,153
1767628332384,131,200,true,170,170,131
1767628332392,125,200,true,170,170,125
1767628332396,121,200,true,170,170,121
1767628332380,138,200,true,170,170,138
1767628332375,143,200,true,170,170,139
1767628332392,126,200,true,170,170,126
1767628332384,134,200,true,170,170,134
1767628332396,123,200,true,170,170,123
1767628332360,159,200,true,170,170,159
1767628332396,123,200,true,170,170,120
1767628332388,132,200,true,170,170,127
1767628332396,124,200,true,170,170,120
1767628332376,144,200,true,170,170,138
1767628332393,128,200,true,170,170,123
1767628332365,156,200,true,170,170,149
1767628332360,161,200,true,170,170,153
1767628332401,122,200,true,170,170,122
1767628332400,123,200,true,170,170,122
1767628332403,120,200,true,170,170,120
1767628332510,13,200,true,170,170,13
1767628332400,124,200,true,170,170,124
1767628332399,125,200,true,170,170,125
1767628332520,4,200,true,170,170,4
1767628332405,120,200,true,170,170,120
1767628332401,124,200,true,170,170,124
1767628332522,4,200,true,170,170,4
1767628332407,120,200,true,170,170,120
1767628332407,121,200,true,170,170,121
1767628332409,119,200,true,170,170,119
1767628332409,120,200,true,170,170,120
1767628332409,120,200,true,170,170,120
1767628332414,118,200,true,170,170,118
1767628332410,123,200,true,170,170,123
1767628332408,125,200,true,170,170,125
1767628332410,123,200,true,170,170,122
1767628332409,124,200,true,170,170,123
1767628332414,119,200,true,170,170,119
1767628332408,125,200,true,170,170,125
1767628332410,123,200,true,170,170,123
1767628332523,11,200,true,170,170,11
1767628332408,126,200,true,170,170,123
1767628332300,235,200,true,170,170,235
1767628332417,118,200,true,170,170,118
1767628332533,3,200,true,170,170,3
1767628332533,5,200,true,170,170,5
1767628332535,4,200,true,170,170,4
1767628332538,2,200,true,170,170,2
1767628332539,1,200,true,170,170,1
1767628332540,1,200,true,170,170,1
1767628332540,1,200,true,170,170,1
1767628332541,1,200,true,170,170,1
1767628332541,1,200,true,170,170,1
1767628332542,0,200,true,170,170,0
1767628332542,1,200,true,170,170,1
1767628332535,8,200,true,170,170,4
1767628332417,127,200,true,170,170,127
1767628332418,126,200,true,170,170,126
1767628332420,124,200,true,170,170,124
1767628332200,344,200,true,170,170,344
1767628332420,125,200,true,170,170,125
1767628332542,3,200,true,170,170,1
1767628332423,123,200,true,170,170,123
1767628332423,123,200,true,170,170,123
1767628332424,123,200,true,170,170,123
1767628332307,240,200,true,170,170,240
1767628332426,121,200,true,170,170,121
1767628332308,239,200,true,170,170,239
1767628332426,121,200,true,170,170,121
1767628332326,222,200,true,170,170,222
1767628332428,120,200,true,170,170,120
1767628332434,114,200,true,170,170,114
1767628332315,233,200,true,170,170,233
1767628332436,112,200,true,170,170,112
1767628332437,112,200,true,170,170,112
1767628332437,113,200,true,170,170,113
1767628332435,115,200,true,170,170,115
1767628332435,117,200,true,170,170,117
1767628332545,7,200,true,170,170,7
1767628332547,5,200,true,170,170,5
1767628332547,6,200,true,170,170,6
1767628332547,6,200,true,170,170,6
1767628332548,6,200,true,170,170,6
1767628332548,6,200,true,170,170,6
1767628332547,7,200,true,170,170,7
1767628332433,122,200,true,170,170,122
1767628332546,10,200,true,170,170,10
1767628332547,9,200,true,170,170,9
1767628332549,7,200,true,170,170,7
1767628332549,8,200,true,170,170,8
1767628332548,9,200,true,170,170,9
1767628332548,10,200,true,170,170,10
1767628332545,13,200,true,170,170,13
1767628332435,123,200,true,170,170,123
1767628332449,109,200,true,170,170,109
1767628332436,122,200,true,170,170,122
1767628332544,15,200,true,170,170,15
1767628332544,15,200,true,170,170,15
1767628332434,125,200,true,170,170,125
1767628332434,125,200,true,170,170,125
1767628332449,111,200,true,170,170,111
1767628332452,108,200,true,170,170,108
1767628332444,116,200,true,170,170,116
1767628332452,108,200,true,170,170,108
1767628332547,13,200,true,170,170,8
1767628332449,113,200,true,170,170,113
1767628332448,114,200,true,170,170,114
1767628332452,112,200,true,170,170,112
1767628332552,14,200,true,170,170,14
1767628332556,11,200,true,170,170,11
1767628332339,229,200,true,170,170,229
1767628332556,12,200,true,170,170,12
1767628332558,11,200,true,170,170,11
1767628332556,13,200,true,170,170,13
1767628332557,12,200,true,170,170,12
1767628332550,20,200,true,170,170,20
1767628332557,13,200,true,170,170,13
1767628332558,13,200,true,170,170,13
1767628332455,116,200,true,170,170,116
1767628332560,11,200,true,170,170,11
1767628332558,15,200,true,170,170,15
1767628332560,15,200,true,170,170,15
1767628332459,117,200,true,170,170,117
1767628332567,9,200,true,170,170,9
1767628332568,9,200,true,170,170,9
1767628332568,9,200,true,170,170,9
1767628332571,7,200,true,170,170,7
1767628332569,9,200,true,170,170,9
1767628332569,9,200,true,170,170,9
1767628332457,122,200,true,170,170,122
1767628332339,240,200,true,170,170,236
1767628332460,120,200,true,170,170,120
1767628332578,4,200,true,170,170,4
1767628332579,4,200,true,170,170,4
1767628332460,123,200,true,170,170,123
1767628332579,4,200,true,170,170,4
1767628332580,4,200,true,170,170,4
1767628332582,2,200,true,170,170,2
1767628332583,2,200,true,170,170,2
1767628332583,2,200,true,170,170,2
1767628332584,2,200,true,170,170,2
1767628332584,2,200,true,170,170,2
1767628332584,3,200,true,170,170,3
1767628332461,127,200,true,170,170,127
1767628332462,126,200,true,170,170,126
1767628332343,246,200,true,170,170,246
1767628332464,125,200,true,170,170,125
1767628332463,126,200,true,170,170,126
1767628332464,125,200,true,170,170,125
1767628332464,125,200,true,170,170,125
1767628332467,123,200,true,170,170,123
1767628332139,451,200,true,170,170,451
1767628332358,232,200,true,170,170,232
1767628332466,124,200,true,170,170,124
1767628332362,228,200,true,170,170,228
1767628332466,125,200,true,170,170,125
1767628332367,224,200,true,170,170,224
1767628332585,6,200,true,170,170,6
1767628332470,122,200,true,170,170,122
1767628332470,122,200,true,170,170,122
1767628332466,130,200,true,170,170,129
1767628332467,129,200,true,170,170,129
1767628332470,127,200,true,170,170,127
1767628332469,128,200,true,170,170,127
1767628332467,130,200,true,170,170,130
1767628332469,128,200,true,170,170,127
1767628332590,9,200,true,170,170,9
1767628332592,8,200,true,170,170,8
1767628332476,125,200,true,170,170,125
1767628332480,121,200,true,170,170,121
1767628332477,124,200,true,170,170,124
1767628332475,126,200,true,170,170,126
1767628332477,124,200,true,170,170,124
1767628332479,122,200,true,170,170,122
1767628332480,122,200,true,170,170,122
1767628332478,124,200,true,170,170,124
1767628332478,127,200,true,170,170,127
1767628332597,8,200,true,170,170,8
1767628332480,125,200,true,170,170,125
1767628332360,245,200,true,170,170,245
1767628332480,126,200,true,170,170,125
1767628332486,120,200,true,170,170,120
1767628332368,238,200,true,170,170,238
1767628332601,6,200,true,170,170,6
1767628332359,248,200,true,170,170,248
1767628332485,122,200,true,170,170,122
1767628332356,251,200,true,170,170,251
1767628332367,241,200,true,170,170,241
1767628332367,241,200,true,170,170,241
1767628332485,123,200,true,170,170,123
1767628332486,122,200,true,170,170,122
1767628332485,123,200,true,170,170,123
1767628332493,116,200,true,170,170,116
1767628332493,116,200,true,170,170,116
1767628332363,246,200,true,170,170,246
1767628332493,116,200,true,170,170,116
1767628332486,124,200,true,170,170,124
1767628332495,115,200,true,170,170,115
1767628332495,115,200,true,170,170,115
1767628332486,128,200,true,170,170,128
1767628332605,11,200,true,170,170,10
1767628332486,132,200,true,170,170,131
1767628332347,271,200,true,170,170,271
1767628332358,260,200,true,170,170,260
1767628332503,115,200,true,170,170,115
1767628332347,272,200,true,170,170,270
1767628332504,115,200,true,170,170,115
1767628332505,114,200,true,170,170,114
1767628332496,126,200,true,170,170,126
1767628332497,125,200,true,170,170,125
1767628332505,117,200,true,170,170,117
1767628332503,121,200,true,170,170,121
1767628332616,8,200,true,170,170,8
1767628332618,7,200,true,170,170,7
1767628332614,11,200,true,170,170,11
1767628332622,4,200,true,170,170,4
1767628332622,4,200,true,170,170,4
1767628332619,8,200,true,170,170,8
1767628332503,124,200,true,170,170,119
1767628332502,125,200,true,170,170,125
1767628332619,9,200,true,170,170,9
1767628332504,124,200,true,170,170,124
1767628332618,11,200,true,170,170,11
1767628332501,131,200,true,170,170,131
1767628332627,5,200,true,170,170,5
1767628332628,5,200,true,170,170,5
1767628332629,4,200,true,170,170,4
1767628332627,7,200,true,170,170,7
1767628332628,6,200,true,170,170,6
1767628332627,7,200,true,170,170,7
1767628332632,3,200,true,170,170,3
1767628332502,133,200,true,170,170,133
1767628332503,132,200,true,170,170,128
1767628332517,126,200,true,170,170,123
1767628332518,125,200,true,170,170,125
1767628332506,137,200,true,170,170,137
1767628332524,119,200,true,170,170,118
1767628332519,124,200,true,170,170,121
1767628332518,126,200,true,170,170,126
1767628332519,125,200,true,170,170,125
1767628332292,352,200,true,170,170,352
1767628332523,122,200,true,170,170,122
1767628332526,119,200,true,170,170,119
1767628332525,121,200,true,170,170,119
1767628332523,123,200,true,170,170,123
1767628332515,131,200,true,170,170,127
1767628332520,126,200,true,170,170,123
1767628332520,126,200,true,170,170,122
1767628332519,127,200,true,170,170,123
1767628332524,122,200,true,170,170,122
1767628332525,121,200,true,170,170,121
1767628332521,125,200,true,170,170,121
1767628332521,125,200,true,170,170,122
1767628332511,136,200,true,170,170,136
1767628332519,128,200,true,170,170,124
1767628332513,134,200,true,170,170,134
1767628332518,130,200,true,170,170,125
1767628332510,138,200,true,170,170,129
1767628332517,131,200,true,170,170,131
1767628332503,146,200,true,170,170,145
1767628332523,126,200,true,170,170,126
1767628332528,124,200,true,170,170,124
1767628332528,125,200,true,170,170,125
1767628332646,8,200,true,170,170,7
1767628332529,127,200,true,170,170,127
1767628332533,125,200,true,170,170,125
1767628332533,125,200,true,170,170,125
1767628332534,124,200,true,170,170,124
1767628332533,125,200,true,170,170,124
1767628332533,125,200,true,170,170,125
1767628332533,125,200,true,170,170,125
1767628332533,126,200,true,170,170,126
1767628332536,123,200,true,170,170,123
1767628332543,116,200,true,170,170,116
1767628332543,116,200,true,170,170,116
1767628332647,13,200,true,170,170,13
1767628332646,14,200,true,170,170,14
1767628332646,14,200,true,170,170,11
1767628332534,126,200,true,170,170,126
1767628332544,116,200,true,170,170,116
1767628332544,117,200,true,170,170,117
1767628332435,226,200,true,170,170,226
1767628332552,109,200,true,170,170,109
1767628332559,102,200,true,170,170,102
1767628332452,210,200,true,170,170,210
1767628332553,109,200,true,170,170,109
1767628332562,100,200,true,170,170,100
1767628332553,109,200,true,170,170,109
1767628332555,107,200,true,170,170,107
1767628332560,107,200,true,170,170,106
1767628332559,109,200,true,170,170,109
1767628332660,8,200,true,170,170,8
1767628332551,118,200,true,170,170,118
1767628332560,109,200,true,170,170,109
1767628332559,110,200,true,170,170,110
1767628332553,116,200,true,170,170,116
1767628332554,116,200,true,170,170,116
1767628332554,116,200,true,170,170,116
1767628332559,111,200,true,170,170,111
1767628332555,115,200,true,170,170,115
1767628332558,112,200,true,170,170,112
1767628332565,106,200,true,170,170,106
1767628332562,109,200,true,170,170,109
1767628332566,105,200,true,170,170,105
1767628332455,216,200,true,170,170,216
1767628332560,112,200,true,170,170,112
1767628332573,106,200,true,170,170,106
1767628332570,109,200,true,170,170,109
1767628332671,10,200,true,170,170,10
1767628332577,106,200,true,170,170,106
1767628332576,107,200,true,170,170,107
1767628332577,106,200,true,170,170,106
1767628332575,109,200,true,170,170,109
1767628332578,106,200,true,170,170,106
1767628332192,492,200,true,170,170,490
1767628332571,114,200,true,170,170,114
1767628332586,102,200,true,170,170,102
1767628332586,102,200,true,170,170,102
1767628332585,104,200,true,170,170,104
1767628332587,102,200,true,170,170,102
1767628332579,110,200,true,170,170,110
1767628332576,114,200,true,170,170,114
1767628332590,100,200,true,170,170,100
1767628332589,102,200,true,170,170,102
1767628332589,102,200,true,170,170,102
1767628332472,219,200,true,170,170,219
1767628332590,101,200,true,170,170,100
1767628332688,4,200,true,170,170,4
1767628332590,105,200,true,170,170,105
1767628332590,106,200,true,170,170,106
1767628332591,105,200,true,170,170,103
1767628332591,105,200,true,170,170,103
1767628332589,107,200,true,170,170,106
1767628332597,99,200,true,170,170,98
1767628332588,108,200,true,170,170,108
1767628332591,105,200,true,170,170,104
1767628332601,98,200,true,170,170,98
1767628332689,10,200,true,170,170,10
1767628332691,10,200,true,170,170,9
1767628332691,10,200,true,170,170,10
1767628332697,5,200,true,170,170,5
1767628332590,112,200,true,170,170,112
1767628332597,107,200,true,170,170,107
1767628332601,104,200,true,170,170,104
1767628332597,109,200,true,170,170,108
1767628332601,105,200,true,170,170,103
1767628332600,106,200,true,170,170,104
1767628332601,105,200,true,170,170,104
1767628332596,111,200,true,170,170,108
1767628332601,106,200,true,170,170,104
1767628332596,112,200,true,170,170,112
1767628332602,106,200,true,170,170,106
1767628332592,116,200,true,170,170,112
1767628332602,107,200,true,170,170,107
1767628332605,108,200,true,170,170,107
1767628332599,114,200,true,170,170,114
1767628332605,111,200,true,170,170,111
1767628332606,110,200,true,170,170,110
1767628332606,111,200,true,170,170,111
1767628332608,109,200,true,170,170,109
1767628332609,110,200,true,170,170,110
1767628332609,110,200,true,170,170,110
1767628332608,111,200,true,170,170,111
1767628332610,110,200,true,170,170,110
1767628332618,102,200,true,170,170,102
1767628332503,217,200,true,170,170,215
1767628332608,113,200,true,170,170,110
1767628332610,111,200,true,170,170,110
1767628332609,112,200,true,170,170,111
1767628332607,114,200,true,170,170,111
1767628332608,113,200,true,170,170,111
1767628332609,113,200,true,170,170,108
1767628332610,112,200,true,170,170,110
1767628332607,115,200,true,170,170,110
1767628332716,7,200,true,170,170,7
1767628332607,117,200,true,170,170,109
1767628332722,2,200,true,170,170,2
1767628332607,118,200,true,170,170,118
1767628332623,102,200,true,170,170,102
1767628332502,224,200,true,170,170,224
1767628332618,108,200,true,170,170,108
1767628332719,7,200,true,170,170,7
1767628332608,119,200,true,170,170,119
1767628332626,101,200,true,170,170,101
1767628332624,104,200,true,170,170,103
1767628332626,104,200,true,170,170,104
1767628332721,9,200,true,170,170,9
1767628332722,9,200,true,170,170,9
1767628332720,11,200,true,170,170,11
1767628332721,15,200,true,170,170,12
1767628332727,9,200,true,170,170,9
1767628332723,14,200,true,170,170,14
1767628332632,105,200,true,170,170,105
1767628332633,104,200,true,170,170,104
1767628332634,104,200,true,170,170,104
1767628332634,104,200,true,170,170,104
1767628332634,104,200,true,170,170,104
1767628332633,105,200,true,170,170,104
1767628332510,228,200,true,170,170,228
1767628332524,216,200,true,170,170,216
1767628332505,235,200,true,170,170,234
1767628332528,212,200,true,170,170,212
1767628332513,227,200,true,170,170,227
1767628332513,227,200,true,170,170,226
1767628332506,234,200,true,170,170,233
1767628332644,96,200,true,170,170,96
1767628332643,97,200,true,170,170,97
1767628332643,98,200,true,170,170,98
1767628332645,97,200,true,170,170,97
1767628332646,97,200,true,170,170,97
1767628332648,95,200,true,170,170,95
1767628332646,97,200,true,170,170,95
1767628332646,98,200,true,170,170,95
1767628332643,101,200,true,170,170,101
1767628332646,98,200,true,170,170,97
1767628332646,98,200,true,170,170,97
1767628332644,100,200,true,170,170,98
1767628332646,98,200,true,170,170,96
1767628332644,100,200,true,170,170,98
1767628332648,97,200,true,170,170,97
1767628332643,103,200,true,170,170,103
1767628332731,16,200,true,170,170,16
1767628332647,100,200,true,170,170,100
1767628332649,103,200,true,170,170,103
1767628332649,106,200,true,170,170,106
1767628332744,11,200,true,170,170,11
1767628332656,102,200,true,170,170,102
1767628332652,107,200,true,170,170,107
1767628332662,99,200,true,170,170,99
1767628332658,103,200,true,170,170,103
1767628332647,114,200,true,170,170,114
1767628332658,103,200,true,170,170,103
1767628332661,100,200,true,170,170,100
1767628332658,103,200,true,170,170,103
1767628332659,102,200,true,170,170,100
1767628332659,103,200,true,170,170,101
1767628332661,101,200,true,170,170,101
1767628332658,104,200,true,170,170,101
1767628332529,233,200,true,170,170,228
1767628332661,101,200,true,170,170,99
1767628332661,101,200,true,170,170,100
1767628332659,103,200,true,170,170,99
1767628332661,101,200,true,170,170,101
1767628332658,104,200,true,170,170,100
1767628332653,109,200,true,170,170,106
1767628332647,116,200,true,170,170,110
1767628332643,120,200,true,170,170,114
1767628332747,16,200,true,170,170,10
1767628332761,2,200,true,170,170,2
1767628332660,105,200,true,170,170,105
1767628332659,106,200,true,170,170,106
1767628332662,103,200,true,170,170,102
1767628332660,105,200,true,170,170,104
1767628332662,103,200,true,170,170,103
1767628332654,111,200,true,170,170,110
1767628332658,110,200,true,170,170,110
1767628332570,199,200,true,170,170,199
1767628332571,201,200,true,170,170,201
1767628332667,105,200,true,170,170,105
1767628332669,104,200,true,170,170,103
1767628332662,111,200,true,170,170,110
1767628332660,113,200,true,170,170,113
1767628332670,104,200,true,170,170,104
1767628332671,104,200,true,170,170,104
1767628332668,107,200,true,170,170,107
1767628332773,4,200,true,170,170,4
1767628332762,15,200,true,170,170,15
1767628332761,17,200,true,170,170,17
1767628332762,16,200,true,170,170,16
1767628332761,18,200,true,170,170,18
1767628332775,4,200,true,170,170,4
1767628332763,17,200,true,170,170,17
1767628332762,18,200,true,170,170,18
1767628332765,16,200,true,170,170,16
1767628332755,26,200,true,170,170,26
1767628332765,17,200,true,170,170,17
1767628332763,19,200,true,170,170,19
1767628332752,30,200,true,170,170,30
1767628332671,112,200,true,170,170,112
1767628332765,19,200,true,170,170,18
1767628332747,37,200,true,170,170,37
1767628332765,19,200,true,170,170,19
1767628332755,30,200,true,170,170,30
1767628332763,22,200,true,170,170,22
1767628332761,25,200,true,170,170,25
1767628332763,23,200,true,170,170,23
1767628332769,17,200,true,170,170,17
1767628332669,118,200,true,170,170,104
1767628332773,14,200,true,170,170,14
1767628332774,14,200,true,170,170,14
1767628332775,13,200,true,170,170,13
1767628332774,15,200,true,170,170,15
1767628332777,12,200,true,170,170,12
1767628332777,13,200,true,170,170,13
1767628332778,12,200,true,170,170,12
1767628332778,13,200,true,170,170,13
1767628332672,119,200,true,170,170,104
1767628332670,121,200,true,170,170,121
1767628332779,12,200,true,170,170,12
1767628332773,19,200,true,170,170,19
1767628332761,32,200,true,170,170,32
1767628332768,25,200,true,170,170,19
1767628332765,28,200,true,170,170,18
1767628332679,120,200,true,170,170,120
1767628332679,120,200,true,170,170,120
1767628332683,117,200,true,170,170,117
1767628332683,118,200,true,170,170,117
1767628332684,117,200,true,170,170,116
1767628332683,118,200,true,170,170,118
1767628332684,117,200,true,170,170,117
1767628332684,117,200,true,170,170,117
1767628332685,116,200,true,170,170,116
1767628332681,120,200,true,170,170,120
1767628332791,11,200,true,170,170,11
1767628332570,233,200,true,170,170,233
1767628332802,1,200,true,170,170,1
1767628332588,216,200,true,170,170,216
1767628332690,114,200,true,170,170,114
1767628332692,112,200,true,170,170,112
1767628332690,114,200,true,170,170,114
1767628332791,15,200,true,170,170,15
1767628332479,329,200,true,170,170,329
1767628332689,120,200,true,170,170,120
1767628332691,119,200,true,170,170,118
1767628332801,9,200,true,170,170,9
1767628332801,10,200,true,170,170,10
1767628332793,18,200,true,170,170,18
1767628332804,10,200,true,170,170,10
1767628332689,127,200,true,170,170,126
1767628332696,120,200,true,170,170,120
1767628332696,120,200,true,170,170,119
1767628332692,124,200,true,170,170,124
1767628332696,120,200,true,170,170,119
1767628332689,127,200,true,170,170,127
1767628332699,118,200,true,170,170,118
1767628332811,6,200,true,170,170,3
1767628332793,24,200,true,170,170,18
1767628332695,123,200,true,170,170,123
1767628332696,122,200,true,170,170,122
1767628332696,122,200,true,170,170,122
1767628332696,123,200,true,170,170,123
1767628332699,120,200,true,170,170,120
1767628332701,118,200,true,170,170,118
1767628332702,117,200,true,170,170,117
1767628332706,114,200,true,170,170,114
1767628332702,118,200,true,170,170,118
1767628332701,119,200,true,170,170,119
1767628332706,114,200,true,170,170,114
1767628332705,116,200,true,170,170,116
1767628332707,114,200,true,170,170,114
1767628332706,115,200,true,170,170,115
1767628332708,113,200,true,170,170,113
1767628332707,114,200,true,170,170,114
1767628332704,118,200,true,170,170,118
1767628332706,116,200,true,170,170,116
1767628332708,114,200,true,170,170,114
1767628332709,113,200,true,170,170,113
1767628332708,114,200,true,170,170,114
1767628332713,110,200,true,170,170,110
1767628332713,110,200,true,170,170,110
1767628332606,217,200,true,170,170,217
1767628332716,108,200,true,170,170,108
1767628332605,219,200,true,170,170,219
1767628332721,103,200,true,170,170,103
1767628332719,105,200,true,170,170,105
1767628332717,107,200,true,170,170,107
1767628332717,108,200,true,170,170,108
1767628332721,104,200,true,170,170,104
1767628332721,104,200,true,170,170,104
1767628332720,105,200,true,170,170,105
1767628332619,207,200,true,170,170,207
1767628332722,106,200,true,170,170,106
1767628332820,8,200,true,170,170,8
1767628332719,113,200,true,170,170,113
1767628332817,15,200,true,170,170,15
1767628332824,9,200,true,170,170,9
1767628332823,10,200,true,170,170,10
1767628332817,16,200,true,170,170,16
1767628332820,14,200,true,170,170,14
1767628332818,16,200,true,170,170,16
1767628332824,11,200,true,170,170,11
1767628332625,211,200,true,170,170,211
1767628332625,211,200,true,170,170,210
1767628332721,115,200,true,170,170,115
1767628332820,17,200,true,170,170,16
1767628332825,12,200,true,170,170,11
1767628332826,16,200,true,170,170,14
1767628332828,14,200,true,170,170,14
1767628332825,17,200,true,170,170,15
1767628332836,8,200,true,170,170,8
1767628332727,119,200,true,170,170,119
1767628332726,120,200,true,170,170,119
1767628332730,116,200,true,170,170,116
1767628332740,109,200,true,170,170,109
1767628332510,339,200,true,170,170,338
1767628332728,121,200,true,170,170,121
1767628332743,106,200,true,170,170,105
1767628332736,113,200,true,170,170,113
1767628332742,107,200,true,170,170,106
1767628332743,106,200,true,170,170,105
1767628332730,119,200,true,170,170,117
1767628332726,123,200,true,170,170,119
1767628332725,124,200,true,170,170,120
1767628332726,123,200,true,170,170,119
1767628332741,109,200,true,170,170,107
1767628332724,126,200,true,170,170,121
1767628332725,125,200,true,170,170,122
1767628332635,217,200,true,170,170,217
1767628332842,10,200,true,170,170,10
1767628332725,128,200,true,170,170,119
1767628332842,11,200,true,170,170,11
1767628332636,219,200,true,170,170,219
1767628332635,220,200,true,170,170,220
1767628332740,115,200,true,170,170,114
1767628332744,111,200,true,170,170,110
1767628332744,111,200,true,170,170,110
1767628332744,112,200,true,170,170,110
1767628332744,112,200,true,170,170,111
1767628332741,115,200,true,170,170,112
1767628332624,232,200,true,170,170,229
1767628332738,119,200,true,170,170,119
1767628332850,10,200,true,170,170,10
1767628332740,121,200,true,170,170,121
1767628332737,127,200,true,170,170,123
1767628332731,134,200,true,170,170,134
1767628332746,120,200,true,170,170,120
1767628332765,102,200,true,170,170,102
1767628332646,221,200,true,170,170,221
1767628332736,132,200,true,170,170,132
1767628332743,125,200,true,170,170,125
1767628332738,130,200,true,170,170,127
1767628332740,128,200,true,170,170,128
1767628332759,109,200,true,170,170,108
1767628332648,220,200,true,170,170,219
1767628332744,124,200,true,170,170,122
1767628332745,123,200,true,170,170,121
1767628332758,110,200,true,170,170,110
1767628332738,130,200,true,170,170,126
1767628332737,131,200,true,170,170,131
1767628332737,131,200,true,170,170,129
1767628332744,124,200,true,170,170,122
1767628332740,128,200,true,170,170,125
1767628332740,129,200,true,170,170,124
1767628332865,5,200,true,170,170,5
1767628332866,4,200,true,170,170,3
1767628332762,109,200,true,170,170,109
1767628332669,202,200,true,170,170,202
1767628332668,204,200,true,170,170,204
1767628332671,201,200,true,170,170,201
1767628332763,109,200,true,170,170,109
1767628332773,100,200,true,170,170,100
1767628332669,204,200,true,170,170,203
1767628332662,211,200,true,170,170,210
1767628332780,93,200,true,170,170,93
1767628332670,203,200,true,170,170,201
1767628332763,111,200,true,170,170,107
1767628332762,112,200,true,170,170,112
1767628332762,112,200,true,170,170,112
1767628332762,113,200,true,170,170,110
1767628332670,205,200,true,170,170,205
1767628332781,94,200,true,170,170,94
1767628332672,203,200,true,170,170,200
1767628332761,114,200,true,170,170,114
1767628332874,2,200,true,170,170,2
1767628332780,96,200,true,170,170,96
1767628332873,3,200,true,170,170,3
1767628332558,319,200,true,170,170,319
1767628332782,100,200,true,170,170,100
1767628332868,16,200,true,170,170,16
1767628332870,16,200,true,170,170,16
1767628332875,19,200,true,170,170,19
1767628332868,27,200,true,170,170,27
1767628332783,113,200,true,170,170,113
1767628332779,117,200,true,170,170,117
1767628332784,114,200,true,170,170,114
1767628332785,113,200,true,170,170,113
1767628332783,115,200,true,170,170,115
1767628332782,116,200,true,170,170,113
1767628332896,3,200,true,170,170,3
1767628332762,137,200,true,170,170,137
1767628332790,113,200,true,170,170,113
1767628332786,118,200,true,170,170,116
1767628332789,115,200,true,170,170,114
1767628332785,119,200,true,170,170,119
1767628332786,118,200,true,170,170,118
1767628332788,116,200,true,170,170,114
1767628332903,1,200,true,170,170,1
1767628332788,117,200,true,170,170,117
1767628332784,121,200,true,170,170,121
1767628332589,317,200,true,170,170,317
1767628332787,119,200,true,170,170,119
1767628332793,113,200,true,170,170,113
1767628332789,117,200,true,170,170,117
1767628332786,121,200,true,170,170,119
1767628332762,145,200,true,170,170,143
1767628332801,110,200,true,170,170,110
1767628332792,120,200,true,170,170,120
1767628332804,111,200,true,170,170,111
1767628332808,108,200,true,170,170,108
1767628332804,112,200,true,170,170,112
1767628332792,124,200,true,170,170,124
1767628332791,125,200,true,170,170,122
1767628332810,106,200,true,170,170,106
1767628332803,113,200,true,170,170,111
1767628332804,112,200,true,170,170,111
1767628332811,106,200,true,170,170,106
1767628332822,96,200,true,170,170,96
1767628332819,100,200,true,170,170,100
1767628332822,98,200,true,170,170,98
1767628332820,101,200,true,170,170,101
1767628332821,100,200,true,170,170,97
1767628332822,99,200,true,170,170,97
1767628332821,100,200,true,170,170,99
1767628332810,112,200,true,170,170,107
1767628332816,106,200,true,170,170,103
1767628332821,101,200,true,170,170,98
1767628332822,100,200,true,170,170,96
1767628332803,119,200,true,170,170,112
1767628332799,123,200,true,170,170,114
1767628332824,98,200,true,170,170,98
1767628332814,108,200,true,170,170,103
1767628332801,122,200,true,170,170,112
1767628332801,122,200,true,170,170,111
1767628332801,122,200,true,170,170,112
1767628332817,106,200,true,170,170,106
1767628332801,122,200,true,170,170,113
1767628332806,118,200,true,170,170,109
1767628332818,106,200,true,170,170,103
1767628332816,108,200,true,170,170,105
1767628332822,102,200,true,170,170,98
1767628332809,115,200,true,170,170,108
1767628332823,102,200,true,170,170,102
1767628332801,124,200,true,170,170,121
1767628332823,103,200,true,170,170,101
1767628332819,107,200,true,170,170,107
1767628332906,21,200,true,170,170,21
1767628332922,5,200,true,170,170,3
1767628332816,111,200,true,170,170,111
1767628332915,13,200,true,170,170,10
1767628332825,103,200,true,170,170,103
1767628332824,104,200,true,170,170,104
1767628332825,103,200,true,170,170,103
1767628332819,109,200,true,170,170,109
1767628332922,7,200,true,170,170,7
1767628332816,113,200,true,170,170,111
1767628332928,1,200,true,170,170,1
1767628332819,111,200,true,170,170,111
1767628332821,109,200,true,170,170,108
1767628332927,3,200,true,170,170,3
1767628332825,105,200,true,170,170,105
1767628332832,103,200,true,170,170,102
1767628332833,102,200,true,170,170,101
1767628332828,107,200,true,170,170,106
1767628332817,118,200,true,170,170,118
1767628332833,103,200,true,170,170,101
1767628332833,103,200,true,170,170,103
1767628332834,102,200,true,170,170,102
1767628332832,105,200,true,170,170,102
1767628332820,117,200,true,170,170,115
1767628332930,8,200,true,170,170,8
1767628332816,123,200,true,170,170,122
1767628332921,20,200,true,170,170,20
1767628332935,7,200,true,170,170,7
1767628332937,5,200,true,170,170,5
1767628332835,108,200,true,170,170,108
1767628332836,108,200,true,170,170,108
1767628332834,110,200,true,170,170,110
1767628332920,25,200,true,170,170,25
1767628332937,8,200,true,170,170,8
1767628332924,21,200,true,170,170,21
1767628332849,98,200,true,170,170,98
1767628332843,104,200,true,170,170,104
1767628332846,102,200,true,170,170,101
1767628332837,111,200,true,170,170,111
1767628332849,99,200,true,170,170,99
1767628332920,28,200,true,170,170,26
1767628332837,112,200,true,170,170,112
1767628332850,99,200,true,170,170,99
1767628332912,38,200,true,170,170,35
1767628332837,114,200,true,170,170,114
1767628332923,28,200,true,170,170,28
1767628332916,36,200,true,170,170,36
1767628332738,225,200,true,170,170,225
1767628332867,96,200,true,170,170,96
1767628332856,108,200,true,170,170,108
1767628332871,93,200,true,170,170,93
1767628332874,90,200,true,170,170,90
1767628332873,91,200,true,170,170,91
1767628332856,108,200,true,170,170,108
1767628332855,110,200,true,170,170,110
1767628332855,110,200,true,170,170,110
1767628332853,112,200,true,170,170,112
1767628332856,110,200,true,170,170,110
1767628332853,113,200,true,170,170,113
1767628332738,228,200,true,170,170,228
1767628332849,117,200,true,170,170,113
1767628332849,117,200,true,170,170,117
1767628332849,117,200,true,170,170,117
1767628332850,116,200,true,170,170,116
1767628332846,121,200,true,170,170,121
1767628332849,118,200,true,170,170,113
1767628332849,118,200,true,170,170,114
1767628332846,121,200,true,170,170,121
1767628332844,123,200,true,170,170,123
1767628332853,115,200,true,170,170,115
1767628332856,114,200,true,170,170,114
1767628332964,6,200,true,170,170,6
1767628332965,6,200,true,170,170,6
1767628332965,6,200,true,170,170,6
1767628332876,112,200,true,170,170,112
1767628332873,115,200,true,170,170,115
1767628332876,112,200,true,170,170,112
1767628332872,116,200,true,170,170,109
1767628332855,133,200,true,170,170,133
1767628332988,1,200,true,170,170,1
1767628332988,1,200,true,170,170,1
1767628332988,2,200,true,170,170,2
1767628332988,2,200,true,170,170,2
1767628332988,3,200,true,170,170,3
1767628332853,138,200,true,170,170,124
1767628332989,2,200,true,170,170,2
1767628332868,124,200,true,170,170,113
1767628332990,3,200,true,170,170,3
1767628332877,119,200,true,170,170,119
1767628332877,122,200,true,170,170,122
1767628332868,131,200,true,170,170,131
1767628332872,128,200,true,170,170,128
1767628332868,132,200,true,170,170,131
1767628332876,124,200,true,170,170,124
1767628332999,1,200,true,170,170,1
1767628332870,131,200,true,170,170,131
1767628332868,133,200,true,170,170,133
1767628332868,133,200,true,170,170,133
1767628332869,133,200,true,170,170,133
1767628332781,221,200,true,170,170,221
1767628332869,135,200,true,170,170,135
1767628333002,3,200,true,170,170,3
1767628332867,138,200,true,170,170,138
1767628332868,137,200,true,170,170,137
1767628332868,137,200,true,170,170,137
1767628332884,122,200,true,170,170,122
1767628332882,124,200,true,170,170,124
1767628332886,120,200,true,170,170,120
1767628332894,112,200,true,170,170,112
1767628332895,111,200,true,170,170,111
1767628332896,111,200,true,170,170,111
1767628332899,108,200,true,170,170,108
1767628332899,108,200,true,170,170,108
1767628332898,109,200,true,170,170,109
1767628332898,109,200,true,170,170,109
1767628332898,110,200,true,170,170,110
1767628332898,110,200,true,170,170,110
1767628332790,218,200,true,170,170,218
1767628332787,221,200,true,170,170,221
1767628332904,105,200,true,170,170,105
1767628332904,107,200,true,170,170,107
1767628332907,105,200,true,170,170,105
1767628332904,110,200,true,170,170,109
1767628333006,9,200,true,170,170,9
1767628333008,9,200,true,170,170,9
1767628332904,114,200,true,170,170,114
1767628332906,113,200,true,170,170,112
1767628332907,112,200,true,170,170,112
1767628332906,114,200,true,170,170,114
1767628332905,115,200,true,170,170,115
1767628333011,10,200,true,170,170,9
1767628333019,4,200,true,170,170,4
1767628332799,225,200,true,170,170,225
1767628332906,118,200,true,170,170,116
1767628333020,4,200,true,170,170,4
1767628332928,97,200,true,170,170,97
1767628333021,5,200,true,170,170,5
1767628332916,110,200,true,170,170,110
1767628332918,109,200,true,170,170,109
1767628332923,104,200,true,170,170,104
1767628332916,112,200,true,170,170,112
1767628332929,100,200,true,170,170,100
1767628332923,107,200,true,170,170,107
1767628332823,207,200,true,170,170,207
1767628333026,4,200,true,170,170,4
1767628332923,107,200,true,170,170,107
1767628332917,113,200,true,170,170,113
1767628333024,7,200,true,170,170,7
1767628332922,109,200,true,170,170,109
1767628333028,4,200,true,170,170,4
1767628332935,101,200,true,170,170,101
1767628332935,101,200,true,170,170,101
1767628332939,97,200,true,170,170,97
1767628332924,112,200,true,170,170,112
1767628332926,110,200,true,170,170,110
1767628332912,125,200,true,170,170,125
1767628332916,121,200,true,170,170,121
1767628333036,1,200,true,170,170,1
1767628332923,117,200,true,170,170,117
1767628332916,125,200,true,170,170,124
1767628333040,1,200,true,170,170,1
1767628332924,117,200,true,170,170,117
1767628333041,1,200,true,170,170,1
1767628333041,1,200,true,170,170,1
1767628333041,1,200,true,170,170,1
1767628333042,1,200,true,170,170,1
1767628333042,1,200,true,170,170,1
1767628333042,2,200,true,170,170,2
1767628333043,1,200,true,170,170,1
1767628333043,1,200,true,170,170,1
1767628333044,1,200,true,170,170,1
1767628333044,1,200,true,170,170,1
1767628333045,1,200,true,170,170,1
1767628333045,1,200,true,170,170,1
1767628333045,2,200,true,170,170,2
1767628332925,122,200,true,170,170,122
1767628332924,124,200,true,170,170,124
1767628332922,126,200,true,170,170,126
1767628332927,121,200,true,170,170,121
1767628332916,132,200,true,170,170,132
1767628332924,124,200,true,170,170,124
1767628332922,127,200,true,170,170,127
1767628332922,127,200,true,170,170,127
1767628332926,123,200,true,170,170,123
1767628332923,126,200,true,170,170,126
1767628332929,121,200,true,170,170,121
1767628332929,121,200,true,170,170,121
1767628332917,133,200,true,170,170,133
1767628332856,194,200,true,170,170,194
1767628332929,121,200,true,170,170,121
1767628332922,129,200,true,170,170,128
1767628332928,123,200,true,170,170,123
1767628332930,121,200,true,170,170,121
1767628332927,124,200,true,170,170,124
1767628332931,120,200,true,170,170,120
1767628332938,114,200,true,170,170,114
1767628332941,111,200,true,170,170,111
1767628332930,122,200,true,170,170,122
1767628332936,116,200,true,170,170,116
1767628332936,117,200,true,170,170,117
1767628332942,111,200,true,170,170,111
1767628333048,5,200,true,170,170,5
1767628332935,120,200,true,170,170,120
1767628332943,114,200,true,170,170,114
1767628332849,213,200,true,170,170,213
1767628333049,14,200,true,170,170,14
1767628332942,121,200,true,170,170,121
1767628332944,119,200,true,170,170,115
1767628333051,13,200,true,170,170,13
1767628333050,15,200,true,170,170,15
1767628332944,121,200,true,170,170,121
1767628333050,17,200,true,170,170,17
1767628332945,125,200,true,170,170,125
1767628332945,127,200,true,170,170,127
1767628332849,225,200,true,170,170,225
1767628332850,224,200,true,170,170,224
1767628332850,224,200,true,170,170,224
1767628332740,334,200,true,170,170,334
1767628332947,128,200,true,170,170,128
1767628332925,150,200,true,170,170,149
1767628332964,111,200,true,170,170,111
1767628332945,131,200,true,170,170,128
1767628332965,112,200,true,170,170,112
1767628332967,111,200,true,170,170,110
1767628332964,114,200,true,170,170,113
1767628332949,131,200,true,170,170,131
1767628332965,115,200,true,170,170,115
1767628332951,129,200,true,170,170,128
1767628332948,132,200,true,170,170,132
1767628332857,224,200,true,170,170,224
1767628332855,226,200,true,170,170,226
1767628332860,221,200,true,170,170,221
1767628332948,133,200,true,170,170,133
1767628332952,129,200,true,170,170,129
1767628332868,214,200,true,170,170,214
1767628332949,133,200,true,170,170,133
1767628332874,208,200,true,170,170,208
1767628332874,208,200,true,170,170,208
1767628332861,222,200,true,170,170,222
1767628332947,136,200,true,170,170,136
1767628332967,116,200,true,170,170,116
1767628333075,9,200,true,170,170,9
1767628333074,10,200,true,170,170,10
1767628333074,11,200,true,170,170,11
1767628333074,11,200,true,170,170,11
1767628333082,3,200,true,170,170,3
1767628333077,9,200,true,170,170,9
1767628333080,6,200,true,170,170,6
1767628333082,5,200,true,170,170,5
1767628332875,212,200,true,170,170,212
1767628333080,8,200,true,170,170,7
1767628333078,10,200,true,170,170,10
1767628333080,8,200,true,170,170,8
1767628333078,11,200,true,170,170,11
1767628333080,9,200,true,170,170,9
1767628333081,9,200,true,170,170,9
1767628333082,8,200,true,170,170,8
1767628333083,8,200,true,170,170,8
1767628332966,125,200,true,170,170,125
1767628333081,11,200,true,170,170,11
1767628332966,126,200,true,170,170,126
1767628333081,11,200,true,170,170,11
1767628333081,14,200,true,170,170,14
1767628333083,15,200,true,170,170,15
1767628332873,225,200,true,170,170,225
1767628332948,153,200,true,170,170,153
1767628332951,151,200,true,170,170,151
1767628332967,136,200,true,170,170,136
1767628332967,137,200,true,170,170,137
1767628332948,156,200,true,170,170,156
1767628332963,143,200,true,170,170,143
1767628332966,140,200,true,170,170,140
1767628332966,141,200,true,170,170,141
1767628332966,141,200,true,170,170,139
1767628333099,8,200,true,170,170,8
1767628332966,142,200,true,170,170,142
1767628332970,140,200,true,170,170,140
1767628332971,139,200,true,170,170,139
1767628332968,143,200,true,170,170,143
1767628332966,145,200,true,170,170,145
1767628332963,149,200,true,170,170,149
1767628332967,145,200,true,170,170,145
1767628332970,142,200,true,170,170,139
1767628333110,2,200,true,170,170,2
1767628332971,141,200,true,170,170,139
1767628333106,7,200,true,170,170,7
1767628333106,7,200,true,170,170,1
1767628333111,2,200,true,170,170,2
1767628332991,124,200,true,170,170,124
1767628332990,125,200,true,170,170,125
1767628333112,3,200,true,170,170,3
1767628332950,166,200,true,170,170,166
1767628332993,123,200,true,170,170,122
1767628332992,124,200,true,170,170,124
1767628332991,126,200,true,170,170,126
1767628333115,2,200,true,170,170,2
1767628333116,3,200,true,170,170,3
1767628332875,246,200,true,170,170,246
1767628333000,121,200,true,170,170,121
1767628332868,253,200,true,170,170,253
1767628332872,250,200,true,170,170,250
1767628332997,125,200,true,170,170,125
1767628332868,254,200,true,170,170,254
1767628332864,259,200,true,170,170,259
1767628333000,123,200,true,170,170,123
1767628332991,132,200,true,170,170,132
1767628332872,251,200,true,170,170,251
1767628332868,257,200,true,170,170,257
1767628333001,128,200,true,170,170,128
1767628333008,121,200,true,170,170,121
1767628333007,122,200,true,170,170,121
1767628333001,128,200,true,170,170,128
1767628332784,345,200,true,170,170,345
1767628333000,129,200,true,170,170,129
1767628333007,123,200,true,170,170,123
1767628333008,122,200,true,170,170,122
1767628332904,226,200,true,170,170,226
1767628332904,226,200,true,170,170,226
1767628333007,123,200,true,170,170,123
1767628333006,125,200,true,170,170,125
1767628333002,129,200,true,170,170,129
1767628333007,126,200,true,170,170,126
1767628333007,128,200,true,170,170,128
1767628333005,131,200,true,170,170,131
1767628333012,125,200,true,170,170,125
1767628333009,128,200,true,170,170,128
1767628333004,134,200,true,170,170,134
1767628333005,133,200,true,170,170,133
1767628333005,133,200,true,170,170,133
1767628333006,132,200,true,170,170,129
1767628333005,133,200,true,170,170,133
1767628333126,12,200,true,170,170,12
1767628333014,128,200,true,170,170,128
1767628333136,7,200,true,170,170,7
1767628333123,20,200,true,170,170,17
1767628333137,7,200,true,170,170,7
1767628333006,139,200,true,170,170,139
1767628333008,138,200,true,170,170,138
1767628332905,241,200,true,170,170,241
1767628333018,129,200,true,170,170,128
1767628333138,9,200,true,170,170,8
1767628333019,128,200,true,170,170,128
1767628333020,127,200,true,170,170,127
1767628332921,226,200,true,170,170,226
1767628333024,124,200,true,170,170,124
1767628333015,133,200,true,170,170,133
1767628333135,13,200,true,170,170,13
1767628333017,131,200,true,170,170,131
1767628332921,232,200,true,170,170,232
1767628333026,127,200,true,170,170,127
1767628333023,131,200,true,170,170,131
1767628333024,130,200,true,170,170,130
1767628333027,127,200,true,170,170,127
1767628333030,126,200,true,170,170,126
1767628333030,126,200,true,170,170,126
1767628333032,124,200,true,170,170,124
1767628333027,129,200,true,170,170,129
1767628333030,126,200,true,170,170,126
1767628333030,127,200,true,170,170,125
1767628333030,127,200,true,170,170,127
1767628333031,126,200,true,170,170,126
1767628333030,127,200,true,170,170,125
1767628333031,126,200,true,170,170,126
1767628332936,221,200,true,170,170,221
1767628333036,122,200,true,170,170,122
1767628333036,122,200,true,170,170,122
1767628333036,123,200,true,170,170,123
1767628333037,122,200,true,170,170,122
1767628333038,121,200,true,170,170,121
1767628333046,113,200,true,170,170,113
1767628333036,123,200,true,170,170,123
1767628333037,123,200,true,170,170,122
1767628332921,239,200,true,170,170,239
1767628333047,115,200,true,170,170,115
1767628332928,236,200,true,170,170,236
1767628333046,120,200,true,170,170,120
1767628333157,9,200,true,170,170,9
1767628333047,119,200,true,170,170,119
1767628333052,115,200,true,170,170,115
1767628333052,115,200,true,170,170,115
1767628333053,114,200,true,170,170,114
1767628333048,119,200,true,170,170,119
1767628333050,118,200,true,170,170,118
1767628333048,120,200,true,170,170,120
1767628333053,115,200,true,170,170,115
1767628333051,117,200,true,170,170,117
1767628333048,120,200,true,170,170,120
1767628333052,117,200,true,170,170,117
1767628333048,121,200,true,170,170,121
1767628333049,120,200,true,170,170,120
1767628333049,120,200,true,170,170,120
1767628333050,120,200,true,170,170,119
1767628333050,120,200,true,170,170,120
1767628333051,119,200,true,170,170,119
1767628333052,118,200,true,170,170,118
1767628333051,120,200,true,170,170,120
1767628333051,120,200,true,170,170,120
1767628333053,118,200,true,170,170,118
1767628333055,116,200,true,170,170,116
1767628333049,123,200,true,170,170,123
1767628333063,109,200,true,170,170,109
1767628333063,109,200,true,170,170,109
1767628333066,106,200,true,170,170,106
1767628333063,110,200,true,170,170,110
1767628333065,108,200,true,170,170,108
1767628333064,109,200,true,170,170,109
1767628333067,106,200,true,170,170,106
1767628333057,117,200,true,170,170,117
1767628333063,111,200,true,170,170,111
1767628333070,104,200,true,170,170,104
1767628333072,102,200,true,170,170,102
1767628332964,210,200,true,170,170,210
1767628333075,100,200,true,170,170,100
1767628333075,100,200,true,170,170,100
1767628333076,99,200,true,170,170,99
1767628333083,92,200,true,170,170,92
1767628333084,92,200,true,170,170,92
1767628333084,92,200,true,170,170,92
1767628333085,91,200,true,170,170,91
1767628333085,91,200,true,170,170,91
1767628333085,91,200,true,170,170,91
1767628333086,91,200,true,170,170,91
1767628333087,90,200,true,170,170,90
1767628333087,90,200,true,170,170,90
1767628333088,89,200,true,170,170,89
1767628333088,90,200,true,170,170,90
1767628333088,90,200,true,170,170,90
1767628333074,104,200,true,170,170,104
1767628333089,89,200,true,170,170,89
1767628333089,89,200,true,170,170,89
1767628333090,88,200,true,170,170,88
1767628333090,88,200,true,170,170,88
1767628333086,93,200,true,170,170,93
1767628333159,20,200,true,170,170,20
1767628333082,97,200,true,170,170,97
1767628333156,23,200,true,170,170,23
1767628333160,25,200,true,170,170,25
1767628333091,94,200,true,170,170,94
1767628333167,18,200,true,170,170,18
1767628333168,21,200,true,170,170,21
1767628333178,11,200,true,170,170,11
1767628333169,21,200,true,170,170,21
1767628333101,91,200,true,170,170,91
1767628333169,24,200,true,170,170,23
1767628333169,24,200,true,170,170,24
1767628333170,27,200,true,170,170,27
1767628333174,23,200,true,170,170,22
1767628333166,34,200,true,170,170,34
1767628333185,15,200,true,170,170,15
1767628333102,101,200,true,170,170,101
1767628333103,101,200,true,170,170,101
1767628333091,117,200,true,170,170,117
1767628333092,116,200,true,170,170,116
1767628333107,101,200,true,170,170,101
1767628333107,101,200,true,170,170,101
1767628333110,99,200,true,170,170,99
1767628333107,103,200,true,170,170,101
1767628333104,106,200,true,170,170,106
1767628333098,112,200,true,170,170,112
1767628333092,119,200,true,170,170,119
1767628333208,3,200,true,170,170,3
1767628333111,101,200,true,170,170,101
1767628333112,101,200,true,170,170,101
1767628333209,4,200,true,170,170,4
1767628333112,104,200,true,170,170,104
1767628333112,104,200,true,170,170,104
1767628333113,104,200,true,170,170,104
1767628333113,104,200,true,170,170,104
1767628333113,104,200,true,170,170,104
1767628333115,103,200,true,170,170,103
1767628333115,103,200,true,170,170,103
1767628333116,103,200,true,170,170,102
1767628333117,102,200,true,170,170,102
1767628333117,102,200,true,170,170,102
1767628333119,100,200,true,170,170,100
1767628333121,99,200,true,170,170,99
1767628333121,99,200,true,170,170,99
1767628333121,99,200,true,170,170,99
1767628332875,345,200,true,170,170,345
1767628332999,221,200,true,170,170,221
1767628333122,99,200,true,170,170,99
1767628333000,221,200,true,170,170,221
1767628333001,220,200,true,170,170,220
1767628333123,98,200,true,170,170,98
1767628333116,106,200,true,170,170,105
1767628333123,99,200,true,170,170,99
1767628332989,233,200,true,170,170,233
1767628333122,101,200,true,170,170,101
1767628333122,101,200,true,170,170,101
1767628333223,1,200,true,170,170,1
1767628333216,8,200,true,170,170,8
1767628333218,7,200,true,170,170,7
1767628333219,6,200,true,170,170,6
1767628333219,6,200,true,170,170,6
1767628333219,7,200,true,170,170,7
1767628333220,6,200,true,170,170,6
1767628333220,7,200,true,170,170,7
1767628333123,104,200,true,170,170,104
1767628333220,7,200,true,170,170,7
1767628333222,6,200,true,170,170,6
1767628333222,6,200,true,170,170,6
1767628333219,10,200,true,170,170,10
1767628333221,8,200,true,170,170,8
1767628333220,10,200,true,170,170,10
1767628333217,13,200,true,170,170,13
1767628333220,11,200,true,170,170,11
1767628333006,225,200,true,170,170,225
1767628333216,16,200,true,170,170,16
1767628333221,12,200,true,170,170,12
1767628333131,104,200,true,170,170,104
1767628333227,8,200,true,170,170,8
1767628333130,108,200,true,170,170,108
1767628333129,109,200,true,170,170,109
1767628333130,108,200,true,170,170,108
1767628333130,108,200,true,170,170,108
1767628333130,108,200,true,170,170,108
1767628333130,109,200,true,170,170,109
1767628333227,12,200,true,170,170,12
1767628333231,9,200,true,170,170,9
1767628333232,8,200,true,170,170,8
1767628333238,2,200,true,170,170,2
1767628333238,3,200,true,170,170,3
1767628333238,3,200,true,170,170,3
1767628333235,7,200,true,170,170,7
1767628333239,3,200,true,170,170,3
1767628333238,5,200,true,170,170,5
1767628333233,10,200,true,170,170,10
1767628333235,9,200,true,170,170,9
1767628333239,5,200,true,170,170,5
1767628333239,6,200,true,170,170,6
1767628333240,5,200,true,170,170,5
1767628333240,6,200,true,170,170,6
1767628333241,5,200,true,170,170,5
1767628333241,5,200,true,170,170,5
1767628333241,6,200,true,170,170,6
1767628333242,5,200,true,170,170,5
1767628333242,6,200,true,170,170,6
1767628333243,5,200,true,170,170,5
1767628333243,6,200,true,170,170,6
1767628333244,5,200,true,170,170,5
1767628333244,5,200,true,170,170,5
1767628333245,5,200,true,170,170,5
1767628333245,5,200,true,170,170,5
1767628333246,5,200,true,170,170,5
1767628333129,125,200,true,170,170,125
1767628333131,123,200,true,170,170,123
1767628333129,125,200,true,170,170,125
1767628333129,126,200,true,170,170,126
1767628333131,124,200,true,170,170,124
1767628333129,126,200,true,170,170,126
1767628333137,119,200,true,170,170,119
1767628333133,124,200,true,170,170,124
1767628333138,119,200,true,170,170,119
1767628333138,119,200,true,170,170,119
1767628333247,10,200,true,170,170,8
1767628333138,119,200,true,170,170,119
1767628333147,114,200,true,170,170,114
1767628333142,119,200,true,170,170,119
1767628333148,113,200,true,170,170,112
1767628333148,114,200,true,170,170,114
1767628333147,115,200,true,170,170,115
1767628333159,103,200,true,170,170,103
1767628333148,114,200,true,170,170,113
1767628333148,114,200,true,170,170,110
1767628333143,119,200,true,170,170,117
1767628333148,114,200,true,170,170,113
1767628333143,119,200,true,170,170,118
1767628333146,116,200,true,170,170,116
1767628333146,117,200,true,170,170,115
1767628333147,116,200,true,170,170,114
1767628333138,125,200,true,170,170,123
1767628333026,237,200,true,170,170,235
1767628333157,106,200,true,170,170,106
1767628333145,118,200,true,170,170,116
1767628333147,116,200,true,170,170,114
1767628333138,126,200,true,170,170,124
1767628333157,109,200,true,170,170,109
1767628333262,5,200,true,170,170,5
1767628333156,113,200,true,170,170,113
1767628333158,111,200,true,170,170,111
1767628333154,115,200,true,170,170,115
1767628333177,93,200,true,170,170,93
1767628333154,116,200,true,170,170,116
1767628333157,113,200,true,170,170,113
1767628333156,114,200,true,170,170,114
1767628333157,113,200,true,170,170,113
1767628333159,112,200,true,170,170,111
1767628333159,112,200,true,170,170,109
1767628333157,114,200,true,170,170,114
1767628333167,104,200,true,170,170,104
1767628333153,118,200,true,170,170,116
1767628333160,111,200,true,170,170,111
1767628333175,96,200,true,170,170,96
1767628333175,98,200,true,170,170,98
1767628333166,108,200,true,170,170,108
1767628333162,113,200,true,170,170,113
1767628333168,107,200,true,170,170,107
1767628333169,106,200,true,170,170,106
1767628333175,100,200,true,170,170,100
1767628333174,101,200,true,170,170,101
1767628333177,98,200,true,170,170,98
1767628333178,97,200,true,170,170,95
1767628333178,97,200,true,170,170,97
1767628333167,108,200,true,170,170,105
1767628333177,98,200,true,170,170,95
1767628333175,101,200,true,170,170,101
1767628333173,103,200,true,170,170,103
1767628333179,97,200,true,170,170,97
1767628333178,98,200,true,170,170,98
1767628333262,14,200,true,170,170,14
1767628333169,107,200,true,170,170,107
1767628333172,104,200,true,170,170,104
1767628333174,102,200,true,170,170,102
1767628333092,185,200,true,170,170,181
1767628333178,99,200,true,170,170,99
1767628333174,103,200,true,170,170,103
1767628333168,109,200,true,170,170,109
1767628333172,105,200,true,170,170,105
1767628333177,100,200,true,170,170,100
1767628333167,110,200,true,170,170,107
1767628333178,100,200,true,170,170,99
1767628333167,111,200,true,170,170,111
1767628333270,9,200,true,170,170,9
1767628333176,103,200,true,170,170,103
1767628333176,103,200,true,170,170,103
1767628333175,105,200,true,170,170,105
1767628333172,108,200,true,170,170,108
1767628333173,107,200,true,170,170,107
1767628333173,107,200,true,170,170,107
1767628333173,107,200,true,170,170,107
1767628333176,105,200,true,170,170,105
1767628333170,111,200,true,170,170,111
1767628333164,117,200,true,170,170,117
1767628333170,111,200,true,170,170,111
1767628333173,109,200,true,170,170,109
1767628333170,112,200,true,170,170,112
1767628333171,111,200,true,170,170,111
1767628333178,104,200,true,170,170,104
1767628333171,112,200,true,170,170,112
1767628333179,104,200,true,170,170,104
1767628333171,112,200,true,170,170,112
1767628333171,112,200,true,170,170,112
1767628333179,105,200,true,170,170,105
1767628333176,108,200,true,170,170,108
1767628333189,95,200,true,170,170,95
1767628333189,95,200,true,170,170,95
1767628333190,95,200,true,170,170,95
1767628333193,92,200,true,170,170,92
1767628333185,100,200,true,170,170,100
1767628333193,92,200,true,170,170,92
1767628333193,92,200,true,170,170,92
1767628333283,3,200,true,170,170,3
1767628333082,204,200,true,170,170,204
1767628333200,86,200,true,170,170,86
1767628333197,90,200,true,170,170,90
1767628333203,84,200,true,170,170,84
1767628333197,90,200,true,170,170,90
1767628333200,87,200,true,170,170,87
1767628333204,84,200,true,170,170,84
1767628333185,103,200,true,170,170,103
1767628333108,180,200,true,170,170,180
1767628333104,184,200,true,170,170,184
1767628333095,193,200,true,170,170,193
1767628333210,78,200,true,170,170,78
1767628333208,81,200,true,170,170,81
1767628333211,78,200,true,170,170,78
1767628333210,79,200,true,170,170,79
1767628333211,78,200,true,170,170,78
1767628333210,79,200,true,170,170,79
1767628333208,82,200,true,170,170,82
1767628333213,77,200,true,170,170,77
1767628333213,77,200,true,170,170,77
1767628333208,82,200,true,170,170,82
1767628333112,179,200,true,170,170,179
1767628333218,73,200,true,170,170,73
1767628333221,70,200,true,170,170,70
1767628333217,74,200,true,170,170,74
1767628333219,73,200,true,170,170,73
1767628333221,71,200,true,170,170,71
1767628333224,68,200,true,170,170,68
1767628333225,67,200,true,170,170,67
1767628333225,68,200,true,170,170,68
1767628333225,68,200,true,170,170,68
1767628333226,67,200,true,170,170,67
1767628333226,67,200,true,170,170,67
1767628333227,66,200,true,170,170,66
1767628333228,66,200,true,170,170,66
1767628333228,66,200,true,170,170,66
1767628333229,65,200,true,170,170,65
1767628333229,65,200,true,170,170,65
1767628333230,65,200,true,170,170,65
1767628333230,65,200,true,170,170,65
1767628333246,49,200,true,170,170,49
1767628333248,47,200,true,170,170,47
1767628333248,48,200,true,170,170,48
1767628333249,47,200,true,170,170,47
1767628333249,47,200,true,170,170,47
1767628333250,46,200,true,170,170,46
1767628333250,46,200,true,170,170,46
1767628333250,47,200,true,170,170,47
1767628333246,51,200,true,170,170,51
1767628333247,50,200,true,170,170,50
1767628333224,73,200,true,170,170,73
1767628333156,142,200,true,170,170,142
1767628333261,37,200,true,170,170,37
1767628333261,37,200,true,170,170,37
1767628333159,139,200,true,170,170,139
1767628333157,141,200,true,170,170,141
1767628333154,145,200,true,170,170,145
1767628333153,146,200,true,170,170,146
1767628333262,37,200,true,170,170,37
1767628333231,68,200,true,170,170,68
1767628333179,120,200,true,170,170,120
1767628333263,36,200,true,170,170,36
1767628333263,37,200,true,170,170,37
1767628333262,38,200,true,170,170,38
1767628333263,37,200,true,170,170,37
1767628333158,142,200,true,170,170,142
1767628333177,123,200,true,170,170,123
1767628333262,38,200,true,170,170,38
1767628333144,157,200,true,170,170,157
1767628333168,133,200,true,170,170,133
1767628333251,50,200,true,170,170,50
1767628333274,27,200,true,170,170,27
1767628333212,89,200,true,170,170,89
1767628333223,79,200,true,170,170,79
1767628333222,80,200,true,170,170,80
1767628333263,39,200,true,170,170,39
1767628333276,26,200,true,170,170,26
1767628333276,27,200,true,170,170,27
1767628333271,32,200,true,170,170,32
1767628333275,28,200,true,170,170,28
1767628333275,29,200,true,170,170,29
1767628333255,49,200,true,170,170,49
1767628333256,48,200,true,170,170,48
1767628333275,30,200,true,170,170,30
1767628333275,30,200,true,170,170,30
1767628333261,44,200,true,170,170,44
1767628333271,34,200,true,170,170,34
1767628333262,43,200,true,170,170,43
1767628333275,31,200,true,170,170,31
1767628333271,35,200,true,170,170,35
1767628333271,35,200,true,170,170,35
1767628333269,41,200,true,170,170,41
1767628333273,37,200,true,170,170,37
1767628333257,54,200,true,170,170,54
1767628333270,41,200,true,170,170,41
1767628333263,49,200,true,170,170,47
1767628333275,37,200,true,170,170,35
1767628333257,59,200,true,170,170,59
1767628333266,50,200,true,170,170,50
1767628333275,41,200,true,170,170,41
1767628333270,47,200,true,170,170,47
1767628333275,42,200,true,170,170,42
1767628333277,41,200,true,170,170,41
1767628333276,42,200,true,170,170,42
1767628333255,64,200,true,170,170,64
1767628333254,65,200,true,170,170,65
1767628333271,48,200,true,170,170,48
1767628333257,63,200,true,170,170,63
1767628333276,44,200,true,170,170,42
1767628333262,58,200,true,170,170,58
1767628333276,44,200,true,170,170,41
1767628333276,44,200,true,170,170,44
1767628333262,61,200,true,170,170,61
1767628333298,25,200,true,170,170,25
1767628333301,25,200,true,170,170,25
1767628333295,32,200,true,170,170,32
1767628333254,73,200,true,170,170,73
1767628333302,28,200,true,170,170,28
1767628333288,42,200,true,170,170,42
1767628333271,67,200,true,170,170,67
1767628333276,62,200,true,170,170,60
1767628333277,62,200,true,170,170,62
1767628333301,39,200,true,170,170,39
1767628333263,77,200,true,170,170,77
1767628333267,79,200,true,170,170,79
1767628333275,74,200,true,170,170,74
1767628333255,95,200,true,170,170,95
1767628333281,70,200,true,170,170,70
1767628333269,83,200,true,170,170,83
1767628333282,70,200,true,170,170,70
1767628333263,90,200,true,170,170,90
1767628333264,89,200,true,170,170,89
1767628333257,96,200,true,170,170,86
1767628333257,98,200,true,170,170,98
1767628333275,81,200,true,170,170,79
1767628333255,101,200,true,170,170,99
1767628333262,95,200,true,170,170,95
1767628333295,62,200,true,170,170,62
1767628333282,76,200,true,170,170,69
1767628333286,72,200,true,170,170,72
1767628333271,87,200,true,170,170,87
1767628333288,71,200,true,170,170,71
1767628333291,69,200,true,170,170,69
1767628333280,80,200,true,170,170,80
1767628333290,71,200,true,170,170,71
1767628333292,70,200,true,170,170,70
1767628333288,75,200,true,170,170,75
1767628333290,74,200,true,170,170,71
1767628333298,67,200,true,170,170,67
1767628333300,65,200,true,170,170,65
1767628333288,78,200,true,170,170,78
1767628333296,70,200,true,170,170,70
1767628333302,65,200,true,170,170,65
1767628333303,64,200,true,170,170,64
1767628333303,65,200,true,170,170,65
1767628333316,52,200,true,170,170,52
1767628333303,65,200,true,170,170,65
1767628333304,65,200,true,170,170,65
1767628333304,65,200,true,170,170,65
1767628333304,66,200,true,170,170,66
1767628333304,66,200,true,170,170,66
1767628333305,65,200,true,170,170,65
1767628333305,66,200,true,170,170,66
1767628333311,63,200,true,170,170,63
1767628333306,68,200,true,170,170,68
1767628333310,64,200,true,170,170,64
1767628333311,67,200,true,170,170,67
1767628333320,58,200,true,170,170,58
1767628333338,43,200,true,170,170,43
1767628333324,57,200,true,170,170,57
1767628333340,41,200,true,170,170,41
1767628333339,45,200,true,170,170,45
1767628333356,29,200,true,170,170,29
1767628333357,31,200,true,170,170,31
1767628333279,109,200,true,170,170,109
1767628333298,91,200,true,170,170,91
1767628333300,89,200,true,170,170,89
1767628333301,88,200,true,170,170,88
1767628333299,91,200,true,170,170,90
1767628333299,91,200,true,170,170,91
1767628333300,90,200,true,170,170,90
1767628333299,91,200,true,170,170,91
1767628333299,91,200,true,170,170,91
1767628333290,101,200,true,170,170,101
1767628333286,105,200,true,170,170,105
1767628333293,98,200,true,170,170,98
1767628333293,98,200,true,170,170,98
1767628333300,92,200,true,170,170,91
1767628333291,101,200,true,170,170,101
1767628333293,99,200,true,170,170,99
1767628333297,95,200,true,170,170,95
1767628333293,100,200,true,170,170,100
1767628333293,100,200,true,170,170,100
1767628333294,99,200,true,170,170,99
1767628333297,96,200,true,170,170,96
1767628333292,102,200,true,170,170,102
1767628333277,117,200,true,170,170,117
1767628333300,94,200,true,170,170,94
1767628333286,108,200,true,170,170,108
1767628333278,117,200,true,170,170,117
1767628333294,101,200,true,170,170,101
1767628333297,98,200,true,170,170,98
1767628333390,9,200,true,170,170,9
1767628333289,110,200,true,170,170,110
1767628333277,122,200,true,170,170,122
1767628333278,121,200,true,170,170,121
1767628333302,97,200,true,170,170,97
1767628333277,123,200,true,170,170,123
1767628333299,101,200,true,170,170,101
1767628333289,111,200,true,170,170,111
1767628333277,123,200,true,170,170,123
1767628333301,100,200,true,170,170,100
1767628333284,117,200,true,170,170,117
1767628333277,124,200,true,170,170,124
1767628333285,116,200,true,170,170,116
1767628333299,103,200,true,170,170,103
1767628333285,117,200,true,170,170,117
1767628333285,117,200,true,170,170,117
1767628333282,120,200,true,170,170,120
1767628333279,123,200,true,170,170,123
1767628333292,111,200,true,170,170,111
1767628333285,118,200,true,170,170,118
1767628333279,124,200,true,170,170,124
1767628333278,125,200,true,170,170,125
1767628333296,108,200,true,170,170,108
1767628333294,110,200,true,170,170,105
1767628333280,124,200,true,170,170,124
1767628333295,109,200,true,170,170,109
1767628333287,117,200,true,170,170,117
1767628333285,120,200,true,170,170,120
1767628333301,104,200,true,170,170,104
1767628333294,111,200,true,170,170,111
1767628333269,136,200,true,170,170,136
1767628333281,125,200,true,170,170,125
1767628333299,107,200,true,170,170,107
1767628333280,126,200,true,170,170,126
1767628333289,117,200,true,170,170,117
1767628333287,119,200,true,170,170,119
1767628333281,126,200,true,170,170,126
1767628333390,17,200,true,170,170,17
1767628333305,102,200,true,170,170,102
1767628333368,40,200,true,170,170,39
1767628333390,18,200,true,170,170,18
1767628333390,18,200,true,170,170,18
1767628333368,40,200,true,170,170,40
1767628333368,40,200,true,170,170,40
1767628333381,28,200,true,170,170,28
1767628333369,40,200,true,170,170,40
1767628333369,40,200,true,170,170,40
1767628333370,39,200,true,170,170,39
1767628333391,19,200,true,170,170,19
1767628333370,40,200,true,170,170,40
1767628333391,19,200,true,170,170,19
1767628333391,19,200,true,170,170,19
1767628333392,19,200,true,170,170,19
1767628333392,19,200,true,170,170,19
1767628333371,41,200,true,170,170,41
1767628333281,132,200,true,170,170,132
1767628333392,21,200,true,170,170,21
1767628333374,39,200,true,170,170,39
1767628333393,21,200,true,170,170,21
1767628333393,21,200,true,170,170,21
1767628333393,22,200,true,170,170,22
1767628333298,117,200,true,170,170,117
1767628333394,21,200,true,170,170,21
1767628333394,22,200,true,170,170,22
1767628333287,129,200,true,170,170,129
1767628333394,23,200,true,170,170,23
1767628333394,23,200,true,170,170,23
1767628333395,23,200,true,170,170,22
1767628333395,23,200,true,170,170,23
1767628333395,23,200,true,170,170,23
1767628333374,45,200,true,170,170,45
1767628333280,139,200,true,170,170,139
1767628333378,42,200,true,170,170,41
1767628333385,35,200,true,170,170,35
1767628333378,42,200,true,170,170,42
1767628333381,40,200,true,170,170,40
1767628333381,40,200,true,170,170,40
1767628333384,38,200,true,170,170,38
1767628333364,58,200,true,170,170,58
1767628333362,61,200,true,170,170,61
1767628333295,128,200,true,170,170,128
1767628333365,58,200,true,170,170,58
1767628333363,61,200,true,170,170,61
1767628333365,59,200,true,170,170,59
1767628333366,59,200,true,170,170,59
1767628333366,59,200,true,170,170,59
1767628333399,27,200,true,170,170,27
1767628333399,27,200,true,170,170,27
1767628333399,28,200,true,170,170,28
1767628333281,146,200,true,170,170,146
1767628333404,24,200,true,170,170,24
1767628333399,29,200,true,170,170,29
1767628333399,29,200,true,170,170,29
1767628333401,28,200,true,170,170,28
1767628333400,29,200,true,170,170,29
1767628333400,30,200,true,170,170,30
1767628333405,25,200,true,170,170,25
1767628333400,30,200,true,170,170,30
1767628333400,31,200,true,170,170,31
1767628333288,143,200,true,170,170,143
1767628333401,31,200,true,170,170,31
1767628333401,31,200,true,170,170,31
1767628333402,30,200,true,170,170,30
1767628333402,31,200,true,170,170,31
1767628333403,30,200,true,170,170,30
1767628333404,30,200,true,170,170,30
1767628333402,32,200,true,170,170,32
1767628333404,31,200,true,170,170,31
1767628333403,37,200,true,170,170,37
1767628333408,32,200,true,170,170,32
1767628333408,36,200,true,170,170,36
1767628333414,30,200,true,170,170,30
1767628333414,34,200,true,170,170,34
1767628333418,30,200,true,170,170,30
1767628333419,34,200,true,170,170,34
1767628333428,25,200,true,170,170,25
1767628333287,169,200,true,170,170,169
1767628333295,162,200,true,170,170,162
1767628333370,88,200,true,170,170,88
1767628333433,26,200,true,170,170,26
1767628333296,164,200,true,170,170,164
1767628333296,164,200,true,170,170,164
1767628333289,171,200,true,170,170,171
1767628333270,191,200,true,170,170,191
1767628333282,179,200,true,170,170,179
1767628333288,174,200,true,170,170,174
1767628333283,179,200,true,170,170,179
1767628333297,165,200,true,170,170,163
1767628333291,172,200,true,170,170,172
1767628333290,173,200,true,170,170,173
1767628333358,106,200,true,170,170,106
1767628333461,3,200,true,170,170,2
1767628333283,182,200,true,170,170,181
1767628333291,174,200,true,170,170,174
1767628333284,181,200,true,170,170,181
1767628333298,167,200,true,170,170,167
1767628333284,181,200,true,170,170,181
1767628333283,183,200,true,170,170,183
1767628333458,11,200,true,170,170,11
1767628333464,5,200,true,170,170,5
1767628333462,10,200,true,170,170,10
1767628333461,12,200,true,170,170,12
1767628333465,9,200,true,170,170,9
1767628333466,10,200,true,170,170,10
1767628333284,192,200,true,170,170,192
1767628333289,187,200,true,170,170,187
1767628333476,1,200,true,170,170,1
1767628333306,171,200,true,170,170,171
1767628333306,171,200,true,170,170,171
1767628333306,172,200,true,170,170,172
1767628333316,162,200,true,170,170,162
1767628333312,166,200,true,170,170,166
1767628333310,168,200,true,170,170,168
1767628333316,162,200,true,170,170,162
1767628333312,167,200,true,170,170,167
1767628333317,162,200,true,170,170,162
1767628333317,162,200,true,170,170,162
1767628333320,159,200,true,170,170,159
1767628333320,160,200,true,170,170,160
1767628333318,162,200,true,170,170,162
1767628333320,160,200,true,170,170,160
1767628333318,163,200,true,170,170,162
1767628333476,9,200,true,170,170,9
1767628333480,5,200,true,170,170,5
1767628333320,165,200,true,170,170,165
1767628333319,166,200,true,170,170,166
1767628333305,181,200,true,170,170,181
1767628333319,167,200,true,170,170,167
1767628333327,159,200,true,170,170,159
1767628333327,159,200,true,170,170,159
1767628333330,157,200,true,170,170,157
1767628333330,157,200,true,170,170,157
1767628333323,164,200,true,170,170,164
1767628333327,160,200,true,170,170,160
1767628333340,148,200,true,170,170,148
1767628333339,152,200,true,170,170,152
1767628333346,145,200,true,170,170,145
1767628333487,5,200,true,170,170,5
1767628333485,7,200,true,170,170,7
1767628333350,142,200,true,170,170,142
1767628333350,142,200,true,170,170,142
1767628333351,142,200,true,170,170,142
1767628333352,141,200,true,170,170,141
1767628333352,141,200,true,170,170,141
1767628333353,141,200,true,170,170,141
1767628333353,141,200,true,170,170,141
1767628333353,141,200,true,170,170,141
1767628333355,139,200,true,170,170,139
1767628333356,139,200,true,170,170,139
1767628333358,137,200,true,170,170,137
1767628333358,137,200,true,170,170,137
1767628333358,137,200,true,170,170,137
1767628333360,136,200,true,170,170,136
1767628333360,136,200,true,170,170,136
1767628333361,135,200,true,170,170,135
1767628333359,137,200,true,170,170,137
1767628333391,106,200,true,170,170,106
1767628333271,226,200,true,170,170,226
1767628333319,178,200,true,170,170,178
1767628333389,108,200,true,170,170,108
1767628333389,108,200,true,170,170,108
1767628333389,109,200,true,170,170,109
1767628333389,109,200,true,170,170,109
1767628333367,131,200,true,170,170,131
1767628333367,131,200,true,170,170,131
1767628333390,108,200,true,170,170,108
1767628333487,12,200,true,170,170,4
1767628333486,13,200,true,170,170,13
1767628333485,14,200,true,170,170,14
1767628333497,5,200,true,170,170,5
1767628333497,5,200,true,170,170,5
1767628333492,11,200,true,170,170,11
1767628333491,15,200,true,170,170,15
1767628333497,9,200,true,170,170,9
1767628333496,14,200,true,170,170,14
1767628333499,11,200,true,170,170,11
1767628333502,11,200,true,170,170,11
1767628333402,112,200,true,170,170,112
1767628333403,112,200,true,170,170,112
1767628333402,113,200,true,170,170,113
1767628333404,112,200,true,170,170,111
1767628333405,112,200,true,170,170,112
1767628333405,113,200,true,170,170,113
1767628333406,112,200,true,170,170,112
1767628333407,111,200,true,170,170,111
1767628333406,113,200,true,170,170,112
1767628333406,113,200,true,170,170,113
1767628333406,113,200,true,170,170,113
1767628333407,112,200,true,170,170,112
1767628333407,112,200,true,170,170,112
1767628333408,112,200,true,170,170,112
1767628333408,112,200,true,170,170,112
1767628333409,111,200,true,170,170,111
1767628333409,111,200,true,170,170,111
1767628333409,112,200,true,170,170,112
1767628333409,112,200,true,170,170,112
1767628333409,112,200,true,170,170,112
1767628333416,105,200,true,170,170,105
1767628333410,111,200,true,170,170,111
1767628333410,112,200,true,170,170,112
1767628333411,111,200,true,170,170,111
1767628333411,111,200,true,170,170,111
1767628333407,115,200,true,170,170,115
1767628333412,110,200,true,170,170,110
1767628333413,110,200,true,170,170,110
1767628333413,110,200,true,170,170,110
1767628333414,109,200,true,170,170,109
1767628333415,108,200,true,170,170,108
1767628333415,109,200,true,170,170,109
1767628333416,108,200,true,170,170,108
1767628333416,108,200,true,170,170,108
1767628333417,107,200,true,170,170,107
1767628333417,107,200,true,170,170,107
1767628333418,107,200,true,170,170,107
1767628333411,114,200,true,170,170,114
1767628333418,107,200,true,170,170,107
1767628333419,106,200,true,170,170,106
1767628333420,106,200,true,170,170,106
1767628333420,106,200,true,170,170,105
1767628333420,106,200,true,170,170,106
1767628333421,105,200,true,170,170,105
1767628333421,109,200,true,170,170,109
1767628333522,8,200,true,170,170,8
1767628333422,108,200,true,170,170,108
1767628333423,107,200,true,170,170,107
1767628333422,109,200,true,170,170,109
1767628333423,108,200,true,170,170,108
1767628333424,107,200,true,170,170,107
1767628333424,108,200,true,170,170,108
1767628333424,108,200,true,170,170,108
1767628333425,107,200,true,170,170,107
1767628333425,107,200,true,170,170,107
1767628333394,138,200,true,170,170,138
1767628333426,107,200,true,170,170,107
1767628333426,107,200,true,170,170,107
1767628333427,106,200,true,170,170,106
1767628333375,158,200,true,170,170,158
1767628333427,107,200,true,170,170,107
1767628333432,104,200,true,170,170,104
1767628333432,105,200,true,170,170,105
1767628333429,108,200,true,170,170,106
1767628333430,108,200,true,170,170,106
1767628333430,108,200,true,170,170,107
1767628333431,108,200,true,170,170,105
1767628333429,110,200,true,170,170,106
1767628333430,109,200,true,170,170,109
1767628333523,17,200,true,170,170,15
1767628333523,17,200,true,170,170,17
1767628333523,18,200,true,170,170,15
1767628333428,113,200,true,170,170,107
1767628333521,20,200,true,170,170,18
1767628333525,17,200,true,170,170,17
1767628333524,18,200,true,170,170,17
1767628333526,17,200,true,170,170,17
1767628333434,111,200,true,170,170,111
1767628333434,111,200,true,170,170,110
1767628333433,113,200,true,170,170,111
1767628333519,27,200,true,170,170,27
1767628333533,14,200,true,170,170,14
1767628333530,17,200,true,170,170,17
1767628333533,15,200,true,170,170,15
1767628333532,16,200,true,170,170,16
1767628333533,15,200,true,170,170,15
1767628333533,16,200,true,170,170,16
1767628333531,18,200,true,170,170,18
1767628333527,23,200,true,170,170,23
1767628333531,19,200,true,170,170,19
1767628333530,20,200,true,170,170,20
1767628333435,116,200,true,170,170,116
1767628333531,22,200,true,170,170,20
1767628333428,125,200,true,170,170,125
1767628333534,20,200,true,170,170,20
1767628333444,111,200,true,170,170,111
1767628333440,115,200,true,170,170,115
1767628333410,146,200,true,170,170,146
1767628333431,128,200,true,170,170,128
1767628333440,119,200,true,170,170,119
1767628333448,115,200,true,170,170,115
1767628333448,115,200,true,170,170,115
1767628333545,19,200,true,170,170,19
1767628333453,111,200,true,170,170,111
1767628333541,26,200,true,170,170,21
1767628333454,114,200,true,170,170,114
1767628333457,114,200,true,170,170,114
1767628333563,8,200,true,170,170,8
1767628333462,111,200,true,170,170,111
1767628333460,113,200,true,170,170,111
1767628333462,112,200,true,170,170,112
1767628333568,6,200,true,170,170,6
1767628333464,111,200,true,170,170,111
1767628333465,115,200,true,170,170,115
1767628333460,120,200,true,170,170,120
1767628333460,121,200,true,170,170,121
1767628333457,124,200,true,170,170,124
1767628333463,118,200,true,170,170,118
1767628333473,108,200,true,170,170,108
1767628333469,112,200,true,170,170,112
1767628333473,109,200,true,170,170,109
1767628333469,113,200,true,170,170,113
1767628333474,108,200,true,170,170,108
1767628333477,105,200,true,170,170,105
1767628333476,107,200,true,170,170,106
1767628333477,106,200,true,170,170,106
1767628333478,105,200,true,170,170,105
1767628333464,119,200,true,170,170,116
1767628333478,106,200,true,170,170,106
1767628333583,2,200,true,170,170,2
1767628333582,3,200,true,170,170,3
1767628333581,5,200,true,170,170,5
1767628333580,6,200,true,170,170,6
1767628333581,6,200,true,170,170,6
1767628333582,5,200,true,170,170,5
1767628333575,13,200,true,170,170,13
1767628333581,7,200,true,170,170,7
1767628333583,6,200,true,170,170,6
1767628333582,7,200,true,170,170,7
1767628333580,10,200,true,170,170,10
1767628333581,9,200,true,170,170,9
1767628333583,7,200,true,170,170,7
1767628333574,18,200,true,170,170,10
1767628333581,12,200,true,170,170,12
1767628333478,115,200,true,170,170,115
1767628333590,4,200,true,170,170,4
1767628333478,117,200,true,170,170,117
1767628333478,119,200,true,170,170,119
1767628333480,119,200,true,170,170,119
1767628333480,119,200,true,170,170,119
1767628333480,119,200,true,170,170,118
1767628333479,120,200,true,170,170,120
1767628333487,113,200,true,170,170,113
1767628333486,114,200,true,170,170,114
1767628333486,114,200,true,170,170,114
1767628333486,115,200,true,170,170,115
1767628333487,114,200,true,170,170,114
1767628333485,116,200,true,170,170,116
1767628333478,123,200,true,170,170,123
1767628333485,117,200,true,170,170,117
1767628333601,1,200,true,170,170,1
1767628333601,2,200,true,170,170,2
1767628333600,6,200,true,170,170,3
1767628333600,6,200,true,170,170,6
1767628333498,109,200,true,170,170,109
1767628333498,109,200,true,170,170,109
1767628333498,110,200,true,170,170,110
1767628333498,111,200,true,170,170,111
1767628333499,110,200,true,170,170,110
1767628333499,111,200,true,170,170,111
1767628333497,114,200,true,170,170,114
1767628333495,116,200,true,170,170,114
1767628333495,117,200,true,170,170,117
1767628333499,113,200,true,170,170,113
1767628333496,116,200,true,170,170,116
1767628333492,121,200,true,170,170,119
1767628333493,120,200,true,170,170,120
1767628333497,117,200,true,170,170,117
1767628333607,7,200,true,170,170,1
1767628333611,4,200,true,170,170,4
1767628333481,134,200,true,170,170,125
1767628333615,1,200,true,170,170,1
1767628333613,3,200,true,170,170,2
1767628333614,3,200,true,170,170,2
1767628333494,123,200,true,170,170,122
1767628333493,124,200,true,170,170,124
1767628333616,2,200,true,170,170,2
1767628333496,123,200,true,170,170,123
1767628333493,126,200,true,170,170,126
1767628333491,129,200,true,170,170,128
1767628333494,127,200,true,170,170,127
1767628333617,4,200,true,170,170,4
1767628333618,3,200,true,170,170,3
1767628333619,3,200,true,170,170,3
1767628333620,2,200,true,170,170,2
1767628333621,2,200,true,170,170,2
1767628333494,130,200,true,170,170,130
1767628333495,129,200,true,170,170,129
1767628333494,130,200,true,170,170,130
1767628333492,133,200,true,170,170,133
1767628333493,132,200,true,170,170,127
1767628333621,4,200,true,170,170,4
1767628333624,2,200,true,170,170,2
1767628333625,1,200,true,170,170,1
1767628333496,131,200,true,170,170,131
1767628333625,2,200,true,170,170,2
1767628333626,2,200,true,170,170,2
1767628333626,2,200,true,170,170,2
1767628333626,3,200,true,170,170,3
1767628333627,2,200,true,170,170,2
1767628333627,3,200,true,170,170,3
1767628333628,2,200,true,170,170,2
1767628333628,2,200,true,170,170,2
1767628333495,136,200,true,170,170,136
1767628333629,2,200,true,170,170,2
1767628333630,2,200,true,170,170,2
1767628333630,2,200,true,170,170,2
1767628333631,2,200,true,170,170,2
1767628333631,2,200,true,170,170,2
1767628333631,3,200,true,170,170,3
1767628333632,2,200,true,170,170,2
1767628333632,3,200,true,170,170,3
1767628333625,10,200,true,170,170,2
1767628333633,2,200,true,170,170,2
1767628333634,2,200,true,170,170,2
1767628333634,2,200,true,170,170,2
1767628333635,2,200,true,170,170,2
1767628333635,2,200,true,170,170,2
1767628333635,3,200,true,170,170,3
1767628333636,2,200,true,170,170,2
1767628333636,2,200,true,170,170,2
1767628333637,2,200,true,170,170,2
1767628333623,16,200,true,170,170,16
1767628333637,3,200,true,170,170,3
1767628333638,2,200,true,170,170,2
1767628333638,3,200,true,170,170,3
1767628333638,3,200,true,170,170,3
1767628333639,2,200,true,170,170,2
1767628333640,2,200,true,170,170,2
1767628333640,2,200,true,170,170,2
1767628333641,2,200,true,170,170,2
1767628333502,141,200,true,170,170,141
1767628333641,2,200,true,170,170,2
1767628333642,2,200,true,170,170,2
1767628333642,2,200,true,170,170,2
1767628333643,2,200,true,170,170,2
1767628333643,2,200,true,170,170,2
1767628333644,2,200,true,170,170,2
1767628333644,2,200,true,170,170,2
1767628333644,2,200,true,170,170,2
1767628333506,141,200,true,170,170,141
1767628333645,3,200,true,170,170,3
1767628333646,2,200,true,170,170,2
1767628333646,2,200,true,170,170,2
1767628333647,2,200,true,170,170,2
1767628333647,2,200,true,170,170,2
1767628333648,2,200,true,170,170,2
1767628333648,2,200,true,170,170,2
1767628333648,3,200,true,170,170,3
1767628333503,148,200,true,170,170,148
1767628333649,2,200,true,170,170,2
1767628333650,2,200,true,170,170,2
1767628333650,2,200,true,170,170,2
1767628333651,2,200,true,170,170,2
1767628333651,2,200,true,170,170,2
1767628333652,2,200,true,170,170,2
1767628333652,2,200,true,170,170,2
1767628333652,2,200,true,170,170,2
1767628333653,2,200,true,170,170,2
1767628333506,149,200,true,170,170,149
1767628333653,3,200,true,170,170,3
1767628333654,2,200,true,170,170,2
1767628333654,2,200,true,170,170,2
1767628333655,2,200,true,170,170,2
1767628333655,2,200,true,170,170,2
1767628333656,2,200,true,170,170,2
1767628333656,2,200,true,170,170,2
1767628333657,2,200,true,170,170,2
1767628333510,149,200,true,170,170,149
1767628333657,3,200,true,170,170,3
1767628333658,2,200,true,170,170,2
1767628333658,2,200,true,170,170,2
1767628333659,2,200,true,170,170,2
1767628333659,2,200,true,170,170,2
1767628333660,2,200,true,170,170,2
1767628333660,2,200,true,170,170,2
1767628333510,152,200,true,170,170,152
1767628333660,3,200,true,170,170,3
1767628333661,2,200,true,170,170,2
1767628333661,3,200,true,170,170,3
1767628333662,2,200,true,170,170,2
1767628333663,2,200,true,170,170,2
1767628333663,2,200,true,170,170,2
1767628333664,2,200,true,170,170,2
1767628333664,2,200,true,170,170,2
1767628333664,3,200,true,170,170,3
1767628333662,5,200,true,170,170,5
1767628333665,3,200,true,170,170,3
1767628333666,2,200,true,170,170,2
1767628333666,2,200,true,170,170,2
1767628333667,2,200,true,170,170,2
1767628333667,2,200,true,170,170,2
1767628333668,2,200,true,170,170,2
1767628333668,2,200,true,170,170,2
1767628333669,2,200,true,170,170,2
1767628333645,26,200,true,170,170,26
1767628333301,372,200,true,170,170,372
1767628333513,160,200,true,170,170,160
1767628333404,270,200,true,170,170,270
1767628333514,161,200,true,170,170,161
1767628333673,3,200,true,170,170,3
1767628333488,188,200,true,170,170,188
1767628333629,48,200,true,170,170,47
1767628333515,163,200,true,170,170,163
1767628333516,163,200,true,170,170,163
1767628333671,9,200,true,170,170,9
1767628333520,163,200,true,170,170,163
1767628333520,163,200,true,170,170,163
1767628333520,163,200,true,170,170,163
1767628333518,165,200,true,170,170,165
1767628333519,164,200,true,170,170,163
1767628333403,281,200,true,170,170,279
1767628333520,164,200,true,170,170,163
1767628333405,279,200,true,170,170,279
1767628333401,283,200,true,170,170,283
1767628333521,166,200,true,170,170,166
1767628333683,5,200,true,170,170,5
1767628333521,167,200,true,170,170,167
1767628333680,8,200,true,170,170,8
1767628333521,171,200,true,170,170,169
1767628333524,168,200,true,170,170,168
1767628333524,169,200,true,170,170,168
1767628333522,171,200,true,170,170,171
1767628333522,171,200,true,170,170,170
1767628333525,168,200,true,170,170,167
1767628333518,177,200,true,170,170,177
1767628333518,177,200,true,170,170,177
1767628333530,165,200,true,170,170,165
1767628333518,178,200,true,170,170,178
1767628333519,177,200,true,170,170,177
1767628333695,1,200,true,170,170,1
1767628333695,2,200,true,170,170,2
1767628333695,2,200,true,170,170,2
1767628333696,1,200,true,170,170,1
1767628333696,2,200,true,170,170,2
1767628333696,2,200,true,170,170,2
1767628333697,2,200,true,170,170,2
1767628333519,180,200,true,170,170,180
1767628333697,3,200,true,170,170,3
1767628333698,2,200,true,170,170,2
1767628333698,2,200,true,170,170,2
1767628333698,3,200,true,170,170,3
1767628333699,2,200,true,170,170,2
1767628333700,2,200,true,170,170,2
1767628333700,2,200,true,170,170,2
1767628333700,3,200,true,170,170,3
1767628333526,177,200,true,170,170,177
1767628333525,179,200,true,170,170,179
1767628333523,182,200,true,170,170,182
1767628333524,181,200,true,170,170,181
1767628333701,4,200,true,170,170,4
1767628333519,187,200,true,170,170,187
1767628333531,175,200,true,170,170,175
1767628333532,174,200,true,170,170,174
1767628333532,174,200,true,170,170,174
1767628333526,181,200,true,170,170,180
1767628333532,175,200,true,170,170,175
1767628333705,3,200,true,170,170,3
1767628333704,4,200,true,170,170,4
1767628333705,4,200,true,170,170,4
1767628333705,4,200,true,170,170,4
1767628333706,4,200,true,170,170,4
1767628333706,4,200,true,170,170,4
1767628333706,4,200,true,170,170,4
1767628333707,4,200,true,170,170,4
1767628333532,179,200,true,170,170,179
1767628333707,5,200,true,170,170,4
1767628333708,4,200,true,170,170,4
1767628333708,4,200,true,170,170,4
1767628333709,4,200,true,170,170,4
1767628333709,4,200,true,170,170,4
1767628333710,4,200,true,170,170,4
1767628333710,4,200,true,170,170,4
1767628333710,5,200,true,170,170,5
1767628333711,4,200,true,170,170,4
1767628333712,4,200,true,170,170,4
1767628333712,4,200,true,170,170,4
1767628333712,5,200,true,170,170,5
1767628333713,4,200,true,170,170,4
1767628333713,4,200,true,170,170,4
1767628333714,4,200,true,170,170,4
1767628333714,4,200,true,170,170,4
1767628333715,4,200,true,170,170,4
1767628333716,3,200,true,170,170,3
1767628333716,4,200,true,170,170,4
1767628333717,3,200,true,170,170,3
1767628333717,4,200,true,170,170,4
1767628333718,3,200,true,170,170,3
1767628333718,3,200,true,170,170,3
1767628333718,4,200,true,170,170,4
1767628333719,3,200,true,170,170,3
1767628333719,4,200,true,170,170,4
1767628333720,3,200,true,170,170,3
1767628333721,3,200,true,170,170,3
1767628333722,3,200,true,170,170,3
1767628333721,5,200,true,170,170,5
1767628333524,202,200,true,170,170,202
1767628333707,19,200,true,170,170,19
1767628333711,16,200,true,170,170,16
1767628333537,190,200,true,170,170,190
1767628333538,189,200,true,170,170,189
1767628333388,339,200,true,170,170,339
1767628333536,198,200,true,170,170,198
1767628333726,10,200,true,170,170,10
1767628333725,11,200,true,170,170,11
1767628333539,197,200,true,170,170,197
1767628333538,199,200,true,170,170,199
1767628333540,197,200,true,170,170,197
1767628333540,197,200,true,170,170,197
1767628333539,198,200,true,170,170,198
1767628333540,198,200,true,170,170,198
1767628333541,197,200,true,170,170,197
1767628333542,199,200,true,170,170,199
1767628333542,199,200,true,170,170,199
1767628333543,199,200,true,170,170,199
1767628333741,1,200,true,170,170,1
1767628333741,2,200,true,170,170,2
1767628333542,201,200,true,170,170,199
1767628333742,2,200,true,170,170,2
1767628333547,197,200,true,170,170,197
1767628333744,1,200,true,170,170,1
1767628333433,315,200,true,170,170,315
1767628333546,202,200,true,170,170,202
1767628333553,195,200,true,170,170,195
1767628333554,195,200,true,170,170,195
1767628333550,199,200,true,170,170,199
1767628333550,199,200,true,170,170,199
1767628333549,200,200,true,170,170,200
1767628333553,196,200,true,170,170,196
1767628333556,194,200,true,170,170,194
1767628333569,181,200,true,170,170,181
1767628333559,191,200,true,170,170,191
1767628333555,195,200,true,170,170,195
1767628333563,187,200,true,170,170,187
1767628333560,191,200,true,170,170,191
1767628333555,196,200,true,170,170,196
1767628333461,290,200,true,170,170,290
1767628333465,287,200,true,170,170,287
1767628333465,287,200,true,170,170,287
1767628333571,181,200,true,170,170,181
1767628333571,181,200,true,170,170,181
1767628333574,178,200,true,170,170,178
1767628333564,189,200,true,170,170,189
1767628333573,180,200,true,170,170,180
1767628333551,202,200,true,170,170,202
1767628333548,205,200,true,170,170,205
1767628333545,208,200,true,170,170,208
1767628333549,204,200,true,170,170,204
1767628333564,190,200,true,170,170,189
1767628333551,203,200,true,170,170,196
1767628333548,206,200,true,170,170,199
1767628333548,206,200,true,170,170,206
1767628333749,6,200,true,170,170,6
1767628333465,290,200,true,170,170,290
1767628333749,7,200,true,170,170,7
1767628333749,7,200,true,170,170,7
1767628333749,7,200,true,170,170,7
1767628333751,6,200,true,170,170,6
1767628333750,7,200,true,170,170,7
1767628333751,7,200,true,170,170,7
1767628333753,5,200,true,170,170,5
1767628333753,6,200,true,170,170,6
1767628333573,186,200,true,170,170,186
1767628333754,5,200,true,170,170,5
1767628333753,7,200,true,170,170,7
1767628333753,7,200,true,170,170,7
1767628333750,11,200,true,170,170,11
1767628333753,8,200,true,170,170,8
1767628333754,7,200,true,170,170,7
1767628333753,9,200,true,170,170,9
1767628333754,8,200,true,170,170,8
1767628333751,12,200,true,170,170,12
1767628333582,181,200,true,170,170,181
1767628333751,14,200,true,170,170,14
1767628333752,14,200,true,170,170,14
1767628333585,183,200,true,170,170,183
1767628333758,10,200,true,170,170,10
1767628333758,11,200,true,170,170,11
1767628333759,10,200,true,170,170,10
1767628333759,10,200,true,170,170,10
1767628333760,10,200,true,170,170,10
1767628333760,10,200,true,170,170,10
1767628333761,10,200,true,170,170,10
1767628333584,188,200,true,170,170,188
1767628333585,188,200,true,170,170,187
1767628333756,17,200,true,170,170,17
1767628333757,16,200,true,170,170,16
1767628333755,19,200,true,170,170,19
1767628333586,188,200,true,170,170,188
1767628333586,188,200,true,170,170,188
1767628333587,187,200,true,170,170,187
1767628333587,188,200,true,170,170,188
1767628333588,187,200,true,170,170,187
1767628333588,187,200,true,170,170,187
1767628333589,190,200,true,170,170,190
1767628333590,189,200,true,170,170,189
1767628333591,188,200,true,170,170,188
1767628333583,197,200,true,170,170,197
1767628333592,188,200,true,170,170,188
1767628333594,186,200,true,170,170,186
1767628333593,187,200,true,170,170,187
1767628333593,187,200,true,170,170,187
1767628333479,302,200,true,170,170,302
1767628333479,302,200,true,170,170,302
1767628333597,184,200,true,170,170,184
1767628333595,186,200,true,170,170,186
1767628333601,181,200,true,170,170,181
1767628333599,183,200,true,170,170,183
1767628333599,183,200,true,170,170,183
1767628333599,183,200,true,170,170,183
1767628333599,183,200,true,170,170,183
1767628333601,182,200,true,170,170,182
1767628333601,182,200,true,170,170,182
1767628333602,181,200,true,170,170,181
1767628333602,181,200,true,170,170,181
1767628333603,180,200,true,170,170,180
1767628333606,178,200,true,170,170,178
1767628333606,178,200,true,170,170,178
1767628333608,176,200,true,170,170,176
1767628333608,176,200,true,170,170,176
1767628333609,180,200,true,170,170,180
1767628333611,180,200,true,170,170,180
1767628333782,10,200,true,170,170,10
1767628333612,185,200,true,170,170,185
1767628333612,186,200,true,170,170,186
1767628333609,189,200,true,170,170,182
1767628333612,187,200,true,170,170,186
1767628333617,183,200,true,170,170,183
1767628333619,183,200,true,170,170,183
1767628333799,4,200,true,170,170,4
1767628333616,188,200,true,170,170,188
1767628333622,182,200,true,170,170,182
1767628333804,1,200,true,170,170,1
1767628333624,182,200,true,170,170,182
1767628333622,184,200,true,170,170,184
1767628333622,184,200,true,170,170,183
1767628333805,3,200,true,170,170,3
1767628333649,159,200,true,170,170,159
1767628333655,153,200,true,170,170,153
1767628333657,151,200,true,170,170,151
1767628333669,139,200,true,170,170,139
1767628333665,144,200,true,170,170,144
1767628333670,139,200,true,170,170,139
1767628333670,139,200,true,170,170,139
1767628333676,133,200,true,170,170,133
1767628333633,177,200,true,170,170,177
1767628333639,171,200,true,170,170,171
1767628333515,295,200,true,170,170,295
1767628333673,137,200,true,170,170,137
1767628333674,137,200,true,170,170,137
1767628333675,136,200,true,170,170,136
1767628333671,140,200,true,170,170,140
1767628333677,134,200,true,170,170,134
1767628333679,133,200,true,170,170,133
1767628333641,171,200,true,170,170,171
1767628333669,143,200,true,170,170,143
1767628333676,139,200,true,170,170,139
1767628333392,425,200,true,170,170,425
1767628333806,12,200,true,170,170,12
1767628333683,135,200,true,170,170,135
1767628333684,134,200,true,170,170,134
1767628333683,135,200,true,170,170,135
1767628333684,135,200,true,170,170,135
1767628333684,135,200,true,170,170,135
1767628333684,135,200,true,170,170,135
1767628333683,136,200,true,170,170,136
1767628333679,140,200,true,170,170,140
1767628333688,132,200,true,170,170,132
1767628333684,136,200,true,170,170,136
1767628333688,132,200,true,170,170,132
1767628333687,133,200,true,170,170,133
1767628333688,133,200,true,170,170,133
1767628333522,299,200,true,170,170,299
1767628333522,299,200,true,170,170,299
1767628333523,298,200,true,170,170,298
1767628333525,296,200,true,170,170,296
1767628333692,129,200,true,170,170,129
1767628333692,130,200,true,170,170,130
1767628333693,129,200,true,170,170,129
1767628333693,129,200,true,170,170,129
1767628333693,129,200,true,170,170,129
1767628333693,129,200,true,170,170,129
1767628333701,122,200,true,170,170,122
1767628333702,121,200,true,170,170,121
1767628333702,121,200,true,170,170,121
1767628333699,124,200,true,170,170,124
1767628333703,121,200,true,170,170,121
1767628333703,121,200,true,170,170,121
1767628333722,102,200,true,170,170,102
1767628333722,102,200,true,170,170,102
1767628333720,105,200,true,170,170,105
1767628333727,98,200,true,170,170,98
1767628333723,102,200,true,170,170,102
1767628333727,98,200,true,170,170,98
1767628333723,103,200,true,170,170,102
1767628333726,100,200,true,170,170,100
1767628333727,99,200,true,170,170,99
1767628333735,91,200,true,170,170,91
1767628333726,100,200,true,170,170,100
1767628333724,102,200,true,170,170,102
1767628333727,100,200,true,170,170,100
1767628333444,383,200,true,170,170,383
1767628333537,290,200,true,170,170,290
1767628333736,91,200,true,170,170,91
1767628333737,91,200,true,170,170,91
1767628333738,90,200,true,170,170,90
1767628333738,90,200,true,170,170,90
1767628333736,92,200,true,170,170,92
1767628333737,91,200,true,170,170,91
1767628333737,92,200,true,170,170,92
1767628333737,92,200,true,170,170,92
1767628333742,87,200,true,170,170,87
1767628333743,86,200,true,170,170,86
1767628333743,86,200,true,170,170,86
1767628333744,86,200,true,170,170,86
1767628333547,283,200,true,170,170,283
1767628333745,85,200,true,170,170,85
1767628333546,284,200,true,170,170,284
1767628333750,81,200,true,170,170,81
1767628333748,83,200,true,170,170,83
1767628333748,83,200,true,170,170,83
1767628333748,83,200,true,170,170,83
1767628333750,81,200,true,170,170,81
1767628333749,83,200,true,170,170,83
1767628333753,79,200,true,170,170,79
1767628333754,78,200,true,170,170,78
1767628333752,80,200,true,170,170,80
1767628333752,81,200,true,170,170,81
1767628333757,76,200,true,170,170,76
1767628333757,76,200,true,170,170,76
1767628333752,81,200,true,170,170,81
1767628333736,97,200,true,170,170,97
1767628333715,119,200,true,170,170,119
1767628333762,72,200,true,170,170,72
1767628333762,72,200,true,170,170,72
1767628333762,72,200,true,170,170,72
1767628333763,72,200,true,170,170,71
1767628333756,79,200,true,170,170,79
1767628333759,76,200,true,170,170,76
1767628333755,80,200,true,170,170,80
1767628333768,67,200,true,170,170,67
1767628333768,68,200,true,170,170,68
1767628333769,67,200,true,170,170,67
1767628333772,64,200,true,170,170,64
1767628333769,67,200,true,170,170,67
1767628333589,247,200,true,170,170,247
1767628333773,64,200,true,170,170,64
1767628333766,71,200,true,170,170,71
1767628333769,68,200,true,170,170,68
1767628333770,67,200,true,170,170,67
1767628333770,67,200,true,170,170,67
1767628333771,67,200,true,170,170,67
1767628333774,64,200,true,170,170,64
1767628333774,64,200,true,170,170,64
1767628333774,64,200,true,170,170,64
1767628333765,73,200,true,170,170,73
1767628333775,64,200,true,170,170,64
1767628333775,64,200,true,170,170,64
1767628333761,78,200,true,170,170,78
1767628333773,66,200,true,170,170,66
1767628333773,67,200,true,170,170,67
1767628333774,66,200,true,170,170,66
1767628333784,56,200,true,170,170,56
1767628333784,56,200,true,170,170,56
1767628333784,57,200,true,170,170,57
1767628333783,58,200,true,170,170,58
1767628333782,60,200,true,170,170,60
1767628333782,61,200,true,170,170,61
1767628333782,61,200,true,170,170,61
1767628333783,61,200,true,170,170,61
1767628333783,61,200,true,170,170,61
1767628333781,63,200,true,170,170,61
1767628333782,62,200,true,170,170,62
1767628333781,63,200,true,170,170,61
1767628333780,64,200,true,170,170,64
1767628333781,63,200,true,170,170,63
1767628333784,60,200,true,170,170,57
1767628333782,63,200,true,170,170,61
1767628333779,67,200,true,170,170,67
1767628333613,234,200,true,170,170,234
1767628333791,56,200,true,170,170,56
1767628333792,56,200,true,170,170,55
1767628333780,68,200,true,170,170,68
1767628333789,59,200,true,170,170,58
1767628333780,68,200,true,170,170,68
1767628333780,68,200,true,170,170,66
1767628333779,69,200,true,170,170,67
1767628333610,238,200,true,170,170,238
1767628333843,5,200,true,170,170,2
1767628333847,1,200,true,170,170,1
1767628333780,69,200,true,170,170,61
1767628333614,236,200,true,170,170,236
1767628333617,233,200,true,170,170,233
1767628333798,52,200,true,170,170,51
1767628333615,235,200,true,170,170,234
1767628333798,52,200,true,170,170,52
1767628333803,48,200,true,170,170,47
1767628333801,50,200,true,170,170,49
1767628333805,46,200,true,170,170,46
1767628333811,41,200,true,170,170,41
1767628333809,43,200,true,170,170,43
1767628333809,43,200,true,170,170,43
1767628333809,44,200,true,170,170,42
1767628333809,45,200,true,170,170,43
1767628333809,45,200,true,170,170,45
1767628333806,49,200,true,170,170,49
1767628333811,44,200,true,170,170,42
1767628333810,45,200,true,170,170,43
1767628333812,43,200,true,170,170,41
1767628333811,44,200,true,170,170,44
1767628333811,44,200,true,170,170,44
1767628333808,47,200,true,170,170,47
1767628333817,38,200,true,170,170,38
1767628333810,46,200,true,170,170,46
1767628333808,48,200,true,170,170,46
1767628333808,48,200,true,170,170,46
1767628333855,1,200,true,170,170,1
1767628333781,76,200,true,170,170,76
1767628333783,74,200,true,170,170,74
1767628333842,15,200,true,170,170,15
1767628333852,5,200,true,170,170,5
1767628333802,55,200,true,170,170,55
1767628333856,2,200,true,170,170,2
1767628333798,60,200,true,170,170,51
1767628333783,75,200,true,170,170,75
1767628333775,83,200,true,170,170,83
1767628333763,96,200,true,170,170,96
1767628333812,47,200,true,170,170,47
1767628333810,50,200,true,170,170,50
1767628333806,55,200,true,170,170,55
1767628333852,9,200,true,170,170,9
1767628333840,21,200,true,170,170,21
1767628333808,57,200,true,170,170,57
1767628333850,15,200,true,170,170,15
1767628333820,46,200,true,170,170,46
1767628333858,8,200,true,170,170,8
1767628333811,59,200,true,170,170,59
1767628333822,48,200,true,170,170,48
1767628333821,49,200,true,170,170,49
1767628333828,46,200,true,170,170,46
1767628333836,38,200,true,170,170,38
1767628333822,52,200,true,170,170,52
1767628333854,24,200,true,170,170,24
1767628333820,58,200,true,170,170,58
1767628333837,42,200,true,170,170,42
1767628333852,30,200,true,170,170,30
1767628333837,45,200,true,170,170,45
1767628333844,42,200,true,170,170,42
1767628333828,58,200,true,170,170,58
1767628333848,38,200,true,170,170,38
1767628333845,45,200,true,170,170,45
1767628333835,55,200,true,170,170,55
1767628333855,35,200,true,170,170,35
1767628333823,71,200,true,170,170,71
1767628333858,36,200,true,170,170,36
1767628333850,44,200,true,170,170,44
1767628333840,57,200,true,170,170,57
1767628333858,47,200,true,170,170,44
1767628333819,90,200,true,170,170,90
1767628333848,62,200,true,170,170,57
1767628333818,93,200,true,170,170,93
1767628333826,87,200,true,170,170,87
1767628333833,89,200,true,170,170,89
1767628333833,90,200,true,170,170,90
1767628333818,105,200,true,170,170,105
1767628333848,76,200,true,170,170,76
1767628333820,105,200,true,170,170,105
1767628333886,39,200,true,170,170,39
1767628333820,105,200,true,170,170,105
1767628333818,109,200,true,170,170,109
1767628333923,6,200,true,170,170,6
1767628333925,6,200,true,170,170,6
1767628333924,7,200,true,170,170,7
1767628333853,79,200,true,170,170,79
1767628333850,82,200,true,170,170,82
1767628333831,102,200,true,170,170,101
1767628333830,103,200,true,170,170,103
1767628333859,74,200,true,170,170,74
1767628333829,104,200,true,170,170,104
1767628333821,113,200,true,170,170,113
1767628333821,113,200,true,170,170,113
1767628333822,112,200,true,170,170,112
1767628333823,111,200,true,170,170,111
1767628333841,94,200,true,170,170,94
1767628333835,100,200,true,170,170,100
1767628333827,108,200,true,170,170,108
1767628333849,86,200,true,170,170,86
1767628333845,90,200,true,170,170,90
1767628333832,104,200,true,170,170,104
1767628333836,100,200,true,170,170,100
1767628333836,100,200,true,170,170,100
1767628333841,95,200,true,170,170,95
1767628333828,109,200,true,170,170,109
1767628333844,93,200,true,170,170,93
1767628333857,80,200,true,170,170,80
1767628333845,92,200,true,170,170,92
1767628333829,108,200,true,170,170,108
1767628333822,116,200,true,170,170,116
1767628333848,90,200,true,170,170,90
1767628333837,101,200,true,170,170,101
1767628333822,117,200,true,170,170,117
1767628333931,10,200,true,170,170,10
1767628333931,10,200,true,170,170,9
1767628333934,8,200,true,170,170,8
1767628333934,11,200,true,170,170,10
1767628333936,10,200,true,170,170,10
1767628333937,9,200,true,170,170,9
1767628333937,10,200,true,170,170,10
1767628333937,10,200,true,170,170,10
1767628333937,11,200,true,170,170,11
1767628333938,10,200,true,170,170,10
1767628333938,10,200,true,170,170,10
1767628333938,11,200,true,170,170,11
1767628333938,11,200,true,170,170,11
1767628333940,10,200,true,170,170,10
1767628333935,15,200,true,170,170,11
1767628333934,16,200,true,170,170,9
1767628333934,16,200,true,170,170,16
1767628333832,119,200,true,170,170,119
1767628333831,120,200,true,170,170,120
1767628333830,123,200,true,170,170,123
1767628333837,116,200,true,170,170,116
1767628333857,96,200,true,170,170,95
1767628333857,97,200,true,170,170,95
1767628333825,129,200,true,170,170,127
1767628333837,117,200,true,170,170,116
1767628333828,127,200,true,170,170,124
1767628333828,127,200,true,170,170,124
1767628333942,13,200,true,170,170,13
1767628333827,131,200,true,170,170,131
1767628333831,127,200,true,170,170,127
1767628333851,108,200,true,170,170,106
1767628333829,130,200,true,170,170,128
1767628333838,121,200,true,170,170,121
1767628333824,135,200,true,170,170,133
1767628333825,134,200,true,170,170,134
1767628333948,12,200,true,170,170,12
1767628333947,14,200,true,170,170,14
1767628333844,119,200,true,170,170,119
1767628333843,121,200,true,170,170,121
1767628333955,9,200,true,170,170,9
1767628333958,6,200,true,170,170,6
1767628333857,108,200,true,170,170,108
1767628333854,111,200,true,170,170,111
1767628333851,114,200,true,170,170,114
1767628333839,126,200,true,170,170,126
1767628333834,131,200,true,170,170,131
1767628333834,132,200,true,170,170,132
1767628333834,132,200,true,170,170,132
1767628333819,147,200,true,170,170,147
1767628333855,111,200,true,170,170,111
1767628333844,123,200,true,170,170,123
1767628333820,147,200,true,170,170,147
1767628333844,123,200,true,170,170,123
1767628333855,112,200,true,170,170,112
1767628333954,14,200,true,170,170,14
1767628333954,14,200,true,170,170,14
1767628333954,14,200,true,170,170,14
1767628333953,16,200,true,170,170,16
1767628333825,144,200,true,170,170,144
1767628333823,146,200,true,170,170,146
1767628333850,120,200,true,170,170,120
1767628333823,147,200,true,170,170,147
1767628333844,126,200,true,170,170,126
1767628333824,146,200,true,170,170,146
1767628333826,145,200,true,170,170,145
1767628333968,5,200,true,170,170,5
1767628333835,140,200,true,170,170,140
1767628333965,11,200,true,170,170,11
1767628333833,144,200,true,170,170,144
1767628333965,12,200,true,170,170,12
1767628333967,12,200,true,170,170,12
1767628333970,11,200,true,170,170,11
1767628333975,6,200,true,170,170,6
1767628333970,11,200,true,170,170,11
1767628333970,15,200,true,170,170,15
1767628333851,135,200,true,170,170,135
1767628333826,160,200,true,170,170,160
1767628333819,167,200,true,170,170,167
1767628333831,155,200,true,170,170,155
1767628333835,152,200,true,170,170,152
1767628333827,160,200,true,170,170,160
1767628333848,140,200,true,170,170,140
1767628333856,132,200,true,170,170,132
1767628333838,150,200,true,170,170,150
1767628333833,156,200,true,170,170,156
1767628333856,133,200,true,170,170,133
1767628333856,133,200,true,170,170,133
1767628333848,141,200,true,170,170,141
1767628333851,139,200,true,170,170,139
1767628333989,1,200,true,170,170,1
1767628333838,152,200,true,170,170,152
1767628333812,179,200,true,170,170,179
1767628333838,154,200,true,170,170,154
1767628333839,153,200,true,170,170,153
1767628333835,157,200,true,170,170,156
1767628333839,153,200,true,170,170,153
1767628333855,137,200,true,170,170,137
1767628333830,163,200,true,170,170,163
1767628333832,161,200,true,170,170,161
1767628333826,167,200,true,170,170,167
1767628333823,173,200,true,170,170,172
1767628333839,158,200,true,170,170,158
1767628333848,151,200,true,170,170,151
1767628333993,7,200,true,170,170,7
1767628333824,179,200,true,170,170,179
1767628333855,148,200,true,170,170,148
1767628333836,168,200,true,170,170,168
1767628333824,180,200,true,170,170,179
1767628333832,172,200,true,170,170,172
1767628333827,179,200,true,170,170,179
1767628333848,159,200,true,170,170,158
1767628333832,175,200,true,170,170,175
1767628333827,180,200,true,170,170,180
1767628333840,167,200,true,170,170,167
1767628333833,174,200,true,170,170,174
1767628333855,152,200,true,170,170,152
1767628333909,100,200,true,170,170,100
1767628333848,162,200,true,170,170,162
1767628333858,152,200,true,170,170,151
1767628333821,189,200,true,170,170,189
1767628333840,171,200,true,170,170,171
1767628333825,186,200,true,170,170,186
1767628333815,196,200,true,170,170,196
1767628333834,178,200,true,170,170,178
1767628334006,6,200,true,170,170,6
1767628334007,6,200,true,170,170,6
1767628334007,6,200,true,170,170,6
1767628334007,7,200,true,170,170,7
1767628334010,4,200,true,170,170,4
1767628334010,5,200,true,170,170,5
1767628333859,157,200,true,170,170,157
1767628334013,3,200,true,170,170,3
1767628334012,5,200,true,170,170,5
1767628334013,4,200,true,170,170,4
1767628333895,123,200,true,170,170,123
1767628333849,170,200,true,170,170,170
1767628334014,5,200,true,170,170,5
1767628333870,151,200,true,170,170,151
1767628333870,151,200,true,170,170,151
1767628333861,161,200,true,170,170,161
1767628333894,128,200,true,170,170,128
1767628333886,137,200,true,170,170,137
1767628333886,137,200,true,170,170,137
1767628333866,157,200,true,170,170,157
1767628333890,133,200,true,170,170,133
1767628333894,130,200,true,170,170,130
1767628333897,127,200,true,170,170,127
1767628333860,164,200,true,170,170,164
1767628333891,133,200,true,170,170,133
1767628333865,159,200,true,170,170,159
1767628333874,151,200,true,170,170,151
1767628333875,150,200,true,170,170,150
1767628333882,143,200,true,170,170,140
1767628333878,148,200,true,170,170,148
1767628333882,145,200,true,170,170,145
1767628334019,8,200,true,170,170,8
1767628334016,12,200,true,170,170,12
1767628334017,11,200,true,170,170,11
1767628334025,4,200,true,170,170,4
1767628334024,5,200,true,170,170,5
1767628334023,7,200,true,170,170,7
1767628334021,9,200,true,170,170,9
1767628334025,5,200,true,170,170,5
1767628333890,142,200,true,170,170,142
1767628333866,166,200,true,170,170,166
1767628333865,168,200,true,170,170,168
1767628333879,154,200,true,170,170,154
1767628333870,163,200,true,170,170,163
1767628334023,11,200,true,170,170,11
1767628334023,11,200,true,170,170,11
1767628334029,8,200,true,170,170,8
1767628334024,14,200,true,170,170,14
1767628334025,13,200,true,170,170,13
1767628333840,199,200,true,170,170,199
1767628334033,7,200,true,170,170,6
1767628333861,181,200,true,170,170,181
1767628333910,133,200,true,170,170,133
1767628334042,1,200,true,170,170,1
1767628333925,119,200,true,170,170,119
1767628333923,121,200,true,170,170,121
1767628333913,131,200,true,170,170,131
1767628333925,119,200,true,170,170,119
1767628333923,121,200,true,170,170,121
1767628333911,134,200,true,170,170,134
1767628333855,190,200,true,170,170,190
1767628333830,215,200,true,170,170,215
1767628333932,113,200,true,170,170,113
1767628333929,116,200,true,170,170,116
1767628333821,225,200,true,170,170,225
1767628333933,113,200,true,170,170,113
1767628333932,114,200,true,170,170,114
1767628333927,119,200,true,170,170,119
1767628333933,114,200,true,170,170,113
1767628333933,114,200,true,170,170,114
1767628333935,112,200,true,170,170,112
1767628333933,114,200,true,170,170,114
1767628333935,118,200,true,170,170,118
1767628334045,9,200,true,170,170,9
1767628333936,118,200,true,170,170,118
1767628334044,11,200,true,170,170,11
1767628333941,115,200,true,170,170,114
1767628333942,114,200,true,170,170,113
1767628334044,13,200,true,170,170,12
1767628333936,121,200,true,170,170,118
1767628333945,113,200,true,170,170,113
1767628333947,112,200,true,170,170,112
1767628334056,4,200,true,170,170,4
1767628333950,110,200,true,170,170,110
1767628333826,235,200,true,170,170,235
1767628333950,112,200,true,170,170,112
1767628333949,114,200,true,170,170,113
1767628333949,114,200,true,170,170,114
1767628334057,6,200,true,170,170,6
1767628333949,115,200,true,170,170,113
1767628333951,113,200,true,170,170,113
1767628334055,9,200,true,170,170,9
1767628333947,118,200,true,170,170,118
1767628333948,117,200,true,170,170,117
1767628333950,116,200,true,170,170,116
1767628334060,6,200,true,170,170,6
1767628334063,4,200,true,170,170,4
1767628334063,4,200,true,170,170,4
1767628334065,3,200,true,170,170,3
1767628334065,4,200,true,170,170,4
1767628334066,3,200,true,170,170,3
1767628334066,4,200,true,170,170,4
1767628334067,3,200,true,170,170,3
1767628334067,4,200,true,170,170,4
1767628334071,1,200,true,170,170,1
1767628333953,119,200,true,170,170,119
1767628333951,121,200,true,170,170,121
1767628333955,118,200,true,170,170,118
1767628333955,118,200,true,170,170,118
1767628333954,119,200,true,170,170,119
1767628333958,115,200,true,170,170,115
1767628333819,254,200,true,170,170,254
1767628333959,115,200,true,170,170,115
1767628333961,113,200,true,170,170,113
1767628333960,114,200,true,170,170,114
1767628333964,110,200,true,170,170,110
1767628333968,107,200,true,170,170,107
1767628333969,106,200,true,170,170,106
1767628333960,115,200,true,170,170,115
1767628334068,8,200,true,170,170,8
1767628334070,6,200,true,170,170,6
1767628333966,115,200,true,170,170,115
1767628333966,115,200,true,170,170,114
1767628333966,115,200,true,170,170,115
1767628333963,118,200,true,170,170,118
1767628333966,119,200,true,170,170,119
1767628333971,114,200,true,170,170,114
1767628333967,118,200,true,170,170,118
1767628333967,119,200,true,170,170,119
1767628334072,14,200,true,170,170,14
1767628334073,14,200,true,170,170,14
1767628333971,116,200,true,170,170,116
1767628334074,13,200,true,170,170,13
1767628334073,15,200,true,170,170,15
1767628334074,14,200,true,170,170,14
1767628334076,13,200,true,170,170,13
1767628334081,8,200,true,170,170,8
1767628334081,9,200,true,170,170,9
1767628334085,5,200,true,170,170,5
1767628334086,5,200,true,170,170,5
1767628333966,125,200,true,170,170,125
1767628333969,122,200,true,170,170,122
1767628333970,122,200,true,170,170,122
1767628333967,125,200,true,170,170,117
1767628334075,18,200,true,170,170,18
1767628334073,22,200,true,170,170,22
1767628334075,20,200,true,170,170,20
1767628333981,116,200,true,170,170,116
1767628333979,118,200,true,170,170,118
1767628333981,116,200,true,170,170,116
1767628333981,116,200,true,170,170,116
1767628333977,121,200,true,170,170,121
1767628333830,268,200,true,170,170,268
1767628333829,269,200,true,170,170,269
1767628333977,121,200,true,170,170,119
1767628333973,125,200,true,170,170,125
1767628333976,122,200,true,170,170,122
1767628333969,129,200,true,170,170,129
1767628333993,106,200,true,170,170,106
1767628333986,113,200,true,170,170,113
1767628333986,113,200,true,170,170,113
1767628333985,114,200,true,170,170,114
1767628333986,114,200,true,170,170,114
1767628333986,114,200,true,170,170,114
1767628333987,113,200,true,170,170,113
1767628333988,112,200,true,170,170,112
1767628333987,113,200,true,170,170,113
1767628333988,112,200,true,170,170,112
1767628333990,111,200,true,170,170,111
1767628333988,113,200,true,170,170,113
1767628333989,112,200,true,170,170,112
1767628333990,111,200,true,170,170,111
1767628333989,113,200,true,170,170,112
1767628333989,113,200,true,170,170,113
1767628333992,110,200,true,170,170,110
1767628333992,110,200,true,170,170,110
1767628333991,111,200,true,170,170,111
1767628333992,111,200,true,170,170,111
1767628333991,112,200,true,170,170,112
1767628333993,110,200,true,170,170,110
1767628333997,106,200,true,170,170,106
1767628333996,107,200,true,170,170,107
1767628334086,17,200,true,170,170,9
1767628333992,115,200,true,170,170,115
1767628334103,5,200,true,170,170,5
1767628334000,112,200,true,170,170,111
1767628334099,16,200,true,170,170,16
1767628333858,258,200,true,170,170,258
1767628333818,300,200,true,170,170,300
1767628334007,112,200,true,170,170,112
1767628334007,112,200,true,170,170,112
1767628334004,116,200,true,170,170,115
1767628334004,117,200,true,170,170,116
1767628334007,114,200,true,170,170,113
1767628334004,117,200,true,170,170,116
1767628334011,110,200,true,170,170,110
1767628334003,119,200,true,170,170,118
1767628334118,4,200,true,170,170,3
1767628334009,113,200,true,170,170,112
1767628334011,112,200,true,170,170,112
1767628334013,111,200,true,170,170,111
1767628334003,123,200,true,170,170,122
1767628334119,7,200,true,170,170,7
1767628334000,126,200,true,170,170,126
1767628334014,113,200,true,170,170,113
1767628334015,113,200,true,170,170,112
1767628334010,118,200,true,170,170,118
1767628334126,4,200,true,170,170,4
1767628333878,253,200,true,170,170,253
1767628334016,117,200,true,170,170,117
1767628333861,273,200,true,170,170,273
1767628334022,113,200,true,170,170,112
1767628334024,111,200,true,170,170,111
1767628334023,112,200,true,170,170,112
1767628334024,111,200,true,170,170,111
1767628333874,261,200,true,170,170,261
1767628334019,117,200,true,170,170,116
1767628334134,2,200,true,170,170,2
1767628334021,121,200,true,170,170,120
1767628334025,117,200,true,170,170,113
1767628334026,116,200,true,170,170,116
1767628334030,116,200,true,170,170,116
1767628334029,118,200,true,170,170,118
1767628334027,120,200,true,170,170,120
1767628334030,119,200,true,170,170,119
1767628334032,117,200,true,170,170,117
1767628334031,118,200,true,170,170,118
1767628334028,122,200,true,170,170,121
1767628334028,123,200,true,170,170,123
1767628334149,2,200,true,170,170,2
1767628334151,1,200,true,170,170,1
1767628334033,120,200,true,170,170,119
1767628334034,119,200,true,170,170,119
1767628334034,120,200,true,170,170,120
1767628334153,1,200,true,170,170,1
1767628334032,122,200,true,170,170,122
1767628334151,4,200,true,170,170,4
1767628334155,1,200,true,170,170,1
1767628334022,134,200,true,170,170,134
1767628334154,2,200,true,170,170,2
1767628334038,119,200,true,170,170,119
1767628334038,119,200,true,170,170,119
1767628334038,119,200,true,170,170,119
1767628333905,252,200,true,170,170,252
1767628334039,119,200,true,170,170,119
1767628334040,118,200,true,170,170,118
1767628334156,3,200,true,170,170,3
1767628334045,115,200,true,170,170,115
1767628334043,117,200,true,170,170,117
1767628334158,2,200,true,170,170,2
1767628334157,4,200,true,170,170,4
1767628334045,116,200,true,170,170,116
1767628334158,4,200,true,170,170,4
1767628334157,5,200,true,170,170,5
1767628334043,119,200,true,170,170,119
1767628334044,119,200,true,170,170,119
1767628334046,117,200,true,170,170,117
1767628334044,119,200,true,170,170,119
1767628334046,117,200,true,170,170,117
1767628334045,118,200,true,170,170,118
1767628334044,120,200,true,170,170,120
1767628333936,228,200,true,170,170,228
1767628333936,228,200,true,170,170,228
1767628333935,229,200,true,170,170,229
1767628334045,120,200,true,170,170,120
1767628334046,119,200,true,170,170,119
1767628334047,118,200,true,170,170,118
1767628334047,118,200,true,170,170,118
1767628334047,118,200,true,170,170,118
1767628334047,119,200,true,170,170,119
1767628333848,318,200,true,170,170,318
1767628334164,13,200,true,170,170,13
1767628334161,17,200,true,170,170,17
1767628333950,227,200,true,170,170,227
1767628334165,13,200,true,170,170,13
1767628334166,13,200,true,170,170,13
1767628334046,133,200,true,170,170,133
1767628333946,234,200,true,170,170,234
1767628334053,127,200,true,170,170,127
1767628334162,18,200,true,170,170,18
1767628334058,125,200,true,170,170,125
1767628334059,125,200,true,170,170,125
1767628334178,6,200,true,170,170,6
1767628334057,127,200,true,170,170,127
1767628334060,124,200,true,170,170,124
1767628334055,129,200,true,170,170,129
1767628334061,124,200,true,170,170,124
1767628334179,6,200,true,170,170,6
1767628334062,123,200,true,170,170,123
1767628334056,129,200,true,170,170,129
1767628334063,123,200,true,170,170,123
1767628334054,133,200,true,170,170,133
1767628334064,123,200,true,170,170,123
1767628334064,124,200,true,170,170,124
1767628334069,119,200,true,170,170,119
1767628334069,119,200,true,170,170,119
1767628334070,118,200,true,170,170,118
1767628334073,115,200,true,170,170,115
1767628334072,116,200,true,170,170,116
1767628334074,115,200,true,170,170,115
1767628333959,230,200,true,170,170,230
1767628334076,113,200,true,170,170,113
1767628334074,115,200,true,170,170,115
1767628333965,227,200,true,170,170,227
1767628334188,4,200,true,170,170,4
1767628333964,231,200,true,170,170,231
1767628333959,237,200,true,170,170,237
1767628334189,8,200,true,170,170,8
1767628334192,5,200,true,170,170,5
1767628334195,2,200,true,170,170,2
1767628334192,6,200,true,170,170,6
1767628334196,2,200,true,170,170,2
1767628334197,2,200,true,170,170,2
1767628334197,2,200,true,170,170,2
1767628334197,3,200,true,170,170,3
1767628334198,2,200,true,170,170,2
1767628334198,3,200,true,170,170,3
1767628334199,2,200,true,170,170,2
1767628334199,2,200,true,170,170,2
1767628334200,2,200,true,170,170,2
1767628334200,2,200,true,170,170,2
1767628334201,2,200,true,170,170,2
1767628333959,244,200,true,170,170,244
1767628334201,2,200,true,170,170,2
1767628334201,3,200,true,170,170,3
1767628334202,2,200,true,170,170,2
1767628334202,3,200,true,170,170,3
1767628334203,2,200,true,170,170,2
1767628334203,3,200,true,170,170,3
1767628334204,2,200,true,170,170,2
1767628334204,3,200,true,170,170,3
1767628334081,126,200,true,170,170,126
1767628334205,2,200,true,170,170,2
1767628334206,2,200,true,170,170,2
1767628334206,2,200,true,170,170,2
1767628334207,2,200,true,170,170,2
1767628334207,2,200,true,170,170,2
1767628334208,2,200,true,170,170,2
1767628334208,2,200,true,170,170,2
1767628334208,3,200,true,170,170,3
1767628334072,139,200,true,170,170,139
1767628333965,249,200,true,170,170,248
1767628333964,250,200,true,170,170,249
1767628334081,133,200,true,170,170,132
1767628334075,139,200,true,170,170,139
1767628334074,140,200,true,170,170,140
1767628334087,130,200,true,170,170,130
1767628334087,130,200,true,170,170,130
1767628334087,130,200,true,170,170,130
1767628334086,132,200,true,170,170,132
1767628334085,134,200,true,170,170,134
1767628334089,131,200,true,170,170,131
1767628334214,7,200,true,170,170,6
1767628334214,7,200,true,170,170,7
1767628334090,131,200,true,170,170,131
1767628334092,130,200,true,170,170,130
1767628334091,131,200,true,170,170,131
1767628334091,131,200,true,170,170,131
1767628334090,132,200,true,170,170,131
1767628334088,134,200,true,170,170,133
1767628334093,132,200,true,170,170,132
1767628333992,234,200,true,170,170,234
1767628334222,4,200,true,170,170,4
1767628333836,391,200,true,170,170,391
1767628334222,5,200,true,170,170,5
1767628334089,139,200,true,170,170,139
1767628334092,136,200,true,170,170,136
1767628334091,137,200,true,170,170,137
1767628334225,4,200,true,170,170,4
1767628334228,1,200,true,170,170,1
1767628334228,2,200,true,170,170,2
1767628334229,1,200,true,170,170,1
1767628334229,2,200,true,170,170,2
1767628334095,136,200,true,170,170,136
1767628334098,133,200,true,170,170,133
1767628334099,133,200,true,170,170,133
1767628334098,134,200,true,170,170,134
1767628334095,137,200,true,170,170,137
1767628334098,134,200,true,170,170,134
1767628334098,135,200,true,170,170,135
1767628334230,3,200,true,170,170,3
1767628334097,137,200,true,170,170,137
1767628334231,4,200,true,170,170,4
1767628334097,140,200,true,170,170,140
1767628334104,133,200,true,170,170,133
1767628334097,141,200,true,170,170,141
1767628334099,139,200,true,170,170,139
1767628334098,140,200,true,170,170,140
1767628334098,140,200,true,170,170,140
1767628334100,138,200,true,170,170,138
1767628334100,139,200,true,170,170,139
1767628334100,139,200,true,170,170,139
1767628334098,141,200,true,170,170,141
1767628334100,139,200,true,170,170,139
1767628334101,138,200,true,170,170,138
1767628334101,139,200,true,170,170,139
1767628334101,139,200,true,170,170,139
1767628334101,139,200,true,170,170,139
1767628334101,139,200,true,170,170,139
1767628334102,138,200,true,170,170,138
1767628334102,139,200,true,170,170,139
1767628334102,139,200,true,170,170,139
1767628334102,139,200,true,170,170,139
1767628334103,138,200,true,170,170,138
1767628334103,138,200,true,170,170,138
1767628334103,139,200,true,170,170,139
1767628334103,139,200,true,170,170,139
1767628334103,139,200,true,170,170,139
1767628334100,142,200,true,170,170,142
1767628334108,135,200,true,170,170,135
1767628334112,131,200,true,170,170,131
1767628334115,128,200,true,170,170,128
1767628334116,127,200,true,170,170,127
1767628334011,232,200,true,170,170,232
1767628334107,136,200,true,170,170,136
1767628334120,124,200,true,170,170,124
1767628334231,13,200,true,170,170,13
1767628334121,125,200,true,170,170,125
1767628334123,123,200,true,170,170,123
1767628334122,126,200,true,170,170,126
1767628334233,16,200,true,170,170,15
1767628334237,13,200,true,170,170,13
1767628334121,131,200,true,170,170,131
1767628334122,135,200,true,170,170,135
1767628334122,135,200,true,170,170,135
1767628334128,130,200,true,170,170,130
1767628334121,138,200,true,170,170,137
1767628334126,133,200,true,170,170,132
1767628334121,138,200,true,170,170,136
1767628334018,242,200,true,170,170,242
1767628334242,20,200,true,170,170,20
1767628334239,24,200,true,170,170,24
1767628334126,141,200,true,170,170,141
1767628334131,136,200,true,170,170,136
1767628334248,19,200,true,170,170,19
1767628334133,134,200,true,170,170,134
1767628334257,11,200,true,170,170,11
1767628334135,136,200,true,170,170,136
1767628334017,254,200,true,170,170,253
1767628334135,136,200,true,170,170,136
1767628334136,135,200,true,170,170,135
1767628334135,137,200,true,170,170,137
1767628334135,137,200,true,170,170,137
1767628334135,137,200,true,170,170,137
1767628334264,9,200,true,170,170,8
1767628334028,245,200,true,170,170,245
1767628334142,132,200,true,170,170,132
1767628334136,138,200,true,170,170,138
1767628334146,128,200,true,170,170,128
1767628334142,132,200,true,170,170,132
1767628334142,132,200,true,170,170,131
1767628334147,127,200,true,170,170,127
1767628334147,128,200,true,170,170,128
1767628334149,126,200,true,170,170,126
1767628334150,125,200,true,170,170,125
1767628334152,123,200,true,170,170,123
1767628334149,127,200,true,170,170,126
1767628334154,122,200,true,170,170,122
1767628334154,122,200,true,170,170,122
1767628334155,121,200,true,170,170,121
1767628334156,120,200,true,170,170,120
1767628334156,121,200,true,170,170,121
1767628334157,120,200,true,170,170,120
1767628334158,119,200,true,170,170,119
1767628334159,118,200,true,170,170,118
1767628334162,115,200,true,170,170,115
1767628334160,118,200,true,170,170,118
1767628334160,118,200,true,170,170,118
1767628334161,117,200,true,170,170,117
1767628334163,116,200,true,170,170,116
1767628334259,20,200,true,170,170,20
1767628334163,118,200,true,170,170,118
1767628334166,117,200,true,170,170,117
1767628334276,7,200,true,170,170,7
1767628334160,123,200,true,170,170,123
1767628334163,120,200,true,170,170,120
1767628334163,121,200,true,170,170,121
1767628334163,121,200,true,170,170,121
1767628334165,122,200,true,170,170,122
1767628334272,16,200,true,170,170,16
1767628334164,125,200,true,170,170,120
1767628334273,17,200,true,170,170,17
1767628334165,125,200,true,170,170,125
1767628334276,15,200,true,170,170,15
1767628334165,127,200,true,170,170,127
1767628334164,129,200,true,170,170,129
1767628334164,129,200,true,170,170,128
1767628334283,11,200,true,170,170,11
1767628334283,11,200,true,170,170,11
1767628334284,11,200,true,170,170,11
1767628334165,131,200,true,170,170,131
1767628334283,13,200,true,170,170,13
1767628334162,136,200,true,170,170,135
1767628334179,119,200,true,170,170,119
1767628334178,120,200,true,170,170,120
1767628334289,11,200,true,170,170,11
1767628334180,120,200,true,170,170,120
1767628334180,121,200,true,170,170,121
1767628334288,15,200,true,170,170,15
1767628334184,121,200,true,170,170,121
1767628334185,121,200,true,170,170,121
1767628334189,118,200,true,170,170,118
1767628334185,122,200,true,170,170,122
1767628334187,120,200,true,170,170,120
1767628334184,124,200,true,170,170,124
1767628334188,120,200,true,170,170,120
1767628334064,245,200,true,170,170,245
1767628334185,124,200,true,170,170,124
1767628334188,121,200,true,170,170,118
1767628334184,125,200,true,170,170,122
1767628334184,126,200,true,170,170,126
1767628334188,123,200,true,170,170,123
1767628334188,124,200,true,170,170,124
1767628334187,125,200,true,170,170,125
1767628334189,123,200,true,170,170,123
1767628334190,123,200,true,170,170,121
1767628334186,128,200,true,170,170,127
1767628334189,126,200,true,170,170,121
1767628334305,11,200,true,170,170,10
1767628334294,23,200,true,170,170,13
1767628334209,108,200,true,170,170,108
1767628334294,24,200,true,170,170,24
1767628334298,20,200,true,170,170,20
1767628334307,11,200,true,170,170,11
1767628334309,10,200,true,170,170,10
1767628334178,141,200,true,170,170,141
1767628334310,10,200,true,170,170,10
1767628334210,111,200,true,170,170,111
1767628334283,38,200,true,170,170,38
1767628334307,15,200,true,170,170,15
1767628334211,111,200,true,170,170,111
1767628334309,14,200,true,170,170,14
1767628334312,11,200,true,170,170,11
1767628334210,115,200,true,170,170,115
1767628334317,8,200,true,170,170,8
1767628334318,8,200,true,170,170,8
1767628334318,8,200,true,170,170,8
1767628334318,9,200,true,170,170,9
1767628334319,8,200,true,170,170,8
1767628334319,9,200,true,170,170,9
1767628334320,8,200,true,170,170,8
1767628334321,7,200,true,170,170,7
1767628334321,8,200,true,170,170,8
1767628334322,7,200,true,170,170,7
1767628334322,8,200,true,170,170,8
1767628334209,121,200,true,170,170,121
1767628334205,125,200,true,170,170,125
1767628334214,116,200,true,170,170,116
1767628334211,119,200,true,170,170,119
1767628334214,117,200,true,170,170,117
1767628334214,117,200,true,170,170,117
1767628334088,243,200,true,170,170,243
1767628334217,115,200,true,170,170,115
1767628334221,111,200,true,170,170,111
1767628334218,114,200,true,170,170,114
1767628334221,111,200,true,170,170,111
1767628334217,116,200,true,170,170,116
1767628334222,111,200,true,170,170,111
1767628334221,112,200,true,170,170,112
1767628334222,111,200,true,170,170,111
1767628334222,111,200,true,170,170,111
1767628334220,114,200,true,170,170,114
1767628334220,114,200,true,170,170,114
1767628334217,117,200,true,170,170,117
1767628334226,108,200,true,170,170,108
1767628334227,108,200,true,170,170,108
1767628334227,108,200,true,170,170,108
1767628334227,108,200,true,170,170,108
1767628334228,107,200,true,170,170,107
1767628334230,105,200,true,170,170,105
1767628334099,237,200,true,170,170,237
1767628334232,104,200,true,170,170,104
1767628334231,105,200,true,170,170,105
1767628334232,104,200,true,170,170,104
1767628334232,105,200,true,170,170,105
1767628334120,217,200,true,170,170,217
1767628334232,105,200,true,170,170,105
1767628334234,103,200,true,170,170,103
1767628334233,104,200,true,170,170,104
1767628334244,93,200,true,170,170,93
1767628334235,103,200,true,170,170,103
1767628334243,95,200,true,170,170,95
1767628334243,95,200,true,170,170,95
1767628334238,100,200,true,170,170,100
1767628334238,101,200,true,170,170,101
1767628334238,101,200,true,170,170,101
1767628334238,101,200,true,170,170,101
1767628334242,97,200,true,170,170,97
1767628334238,102,200,true,170,170,102
1767628334239,101,200,true,170,170,101
1767628334240,100,200,true,170,170,100
1767628334240,100,200,true,170,170,100
1767628334241,100,200,true,170,170,100
1767628334240,101,200,true,170,170,101
1767628334241,100,200,true,170,170,100
1767628334240,101,200,true,170,170,101
1767628334240,101,200,true,170,170,101
1767628334241,101,200,true,170,170,101
1767628334239,103,200,true,170,170,103
1767628334241,101,200,true,170,170,101
1767628334239,103,200,true,170,170,103
1767628334237,106,200,true,170,170,106
1767628334239,104,200,true,170,170,104
1767628334242,101,200,true,170,170,101
1767628334242,101,200,true,170,170,101
1767628334243,100,200,true,170,170,100
1767628334242,102,200,true,170,170,102
1767628334124,220,200,true,170,170,220
1767628334258,86,200,true,170,170,86
1767628334243,101,200,true,170,170,101
1767628334244,100,200,true,170,170,100
1767628334260,85,200,true,170,170,85
1767628334244,101,200,true,170,170,101
1767628334128,217,200,true,170,170,217
1767628334243,102,200,true,170,170,102
1767628334127,218,200,true,170,170,218
1767628334130,215,200,true,170,170,215
1767628334249,97,200,true,170,170,97
1767628334252,94,200,true,170,170,94
1767628334250,96,200,true,170,170,96
1767628334246,100,200,true,170,170,100
1767628334246,101,200,true,170,170,101
1767628334257,90,200,true,170,170,90
1767628334267,80,200,true,170,170,80
1767628334267,80,200,true,170,170,80
1767628334267,81,200,true,170,170,81
1767628334033,315,200,true,170,170,315
1767628334259,89,200,true,170,170,89
1767628334262,86,200,true,170,170,86
1767628334267,81,200,true,170,170,81
1767628334259,90,200,true,170,170,90
1767628334277,72,200,true,170,170,72
1767628334274,75,200,true,170,170,75
1767628334278,71,200,true,170,170,71
1767628334271,79,200,true,170,170,79
1767628334277,73,200,true,170,170,73
1767628334278,72,200,true,170,170,72
1767628334278,72,200,true,170,170,72
1767628334279,72,200,true,170,170,72
1767628334271,80,200,true,170,170,80
1767628334274,77,200,true,170,170,77
1767628334276,75,200,true,170,170,75
1767628334275,77,200,true,170,170,77
1767628334274,78,200,true,170,170,78
1767628334276,77,200,true,170,170,77
1767628334275,78,200,true,170,170,78
1767628334276,77,200,true,170,170,77
1767628334274,79,200,true,170,170,79
1767628334271,82,200,true,170,170,82
1767628334276,77,200,true,170,170,77
1767628334272,81,200,true,170,170,81
1767628334274,81,200,true,170,170,81
1767628334279,76,200,true,170,170,76
1767628334269,86,200,true,170,170,86
1767628334273,82,200,true,170,170,81
1767628334271,84,200,true,170,170,83
1767628334272,83,200,true,170,170,83
1767628334277,78,200,true,170,170,77
1767628334277,79,200,true,170,170,79
1767628334355,1,200,true,170,170,1
1767628334275,81,200,true,170,170,81
1767628334097,260,200,true,170,170,260
1767628334292,65,200,true,170,170,65
1767628334282,75,200,true,170,170,75
1767628334287,71,200,true,170,170,71
1767628334290,68,200,true,170,170,68
1767628334274,84,200,true,170,170,84
1767628334277,81,200,true,170,170,81
1767628334284,74,200,true,170,170,74
1767628334290,69,200,true,170,170,69
1767628334323,36,200,true,170,170,36
1767628334349,11,200,true,170,170,11
1767628334350,10,200,true,170,170,10
1767628334350,10,200,true,170,170,10
1767628334350,10,200,true,170,170,10
1767628334336,24,200,true,170,170,24
1767628334350,11,200,true,170,170,11
1767628334183,183,200,true,170,170,183
1767628334300,66,200,true,170,170,66
1767628334357,10,200,true,170,170,10
1767628334347,24,200,true,170,170,24
1767628334331,41,200,true,170,170,41
1767628334177,199,200,true,170,170,199
1767628334291,85,200,true,170,170,85
1767628334325,52,200,true,170,170,52
1767628334334,56,200,true,170,170,56
1767628334303,87,200,true,170,170,87
1767628334296,95,200,true,170,170,95
1767628334309,84,200,true,170,170,84
1767628334313,81,200,true,170,170,81
1767628334307,88,200,true,170,170,88
1767628334314,81,200,true,170,170,80
1767628334315,81,200,true,170,170,80
1767628334340,56,200,true,170,170,54
1767628334308,89,200,true,170,170,89
1767628334342,55,200,true,170,170,55
1767628334341,57,200,true,170,170,57
1767628334341,57,200,true,170,170,57
1767628334340,59,200,true,170,170,59
1767628334317,82,200,true,170,170,82
1767628334340,59,200,true,170,170,59
1767628334341,59,200,true,170,170,59
1767628334341,59,200,true,170,170,59
1767628334342,59,200,true,170,170,59
1767628334342,59,200,true,170,170,59
1767628334343,59,200,true,170,170,59
1767628334343,59,200,true,170,170,59
1767628334348,55,200,true,170,170,55
1767628334334,69,200,true,170,170,69
1767628334344,60,200,true,170,170,60
1767628334343,61,200,true,170,170,54
1767628334344,63,200,true,170,170,63
1767628334355,52,200,true,170,170,52
1767628334358,53,200,true,170,170,53
1767628334355,56,200,true,170,170,56
1767628334356,55,200,true,170,170,55
1767628334356,58,200,true,170,170,58
1767628334368,46,200,true,170,170,46
1767628334366,49,200,true,170,170,49
1767628334376,39,200,true,170,170,39
1767628334414,5,200,true,170,170,5
1767628334398,22,200,true,170,170,22
1767628334397,26,200,true,170,170,26
1767628334411,15,200,true,170,170,15
1767628334308,118,200,true,170,170,118
1767628334309,117,200,true,170,170,117
1767628334312,115,200,true,170,170,115
1767628334312,115,200,true,170,170,115
1767628334316,111,200,true,170,170,111
1767628334203,224,200,true,170,170,224
1767628334347,81,200,true,170,170,81
1767628334351,77,200,true,170,170,77
1767628334326,102,200,true,170,170,102
1767628334351,77,200,true,170,170,77
1767628334185,244,200,true,170,170,244
1767628334184,245,200,true,170,170,245
1767628334330,99,200,true,170,170,99
1767628334328,101,200,true,170,170,101
1767628334352,78,200,true,170,170,78
1767628334428,2,200,true,170,170,2
1767628334428,3,200,true,170,170,3
1767628334428,3,200,true,170,170,3
1767628334429,3,200,true,170,170,3
1767628334429,3,200,true,170,170,3
1767628334429,4,200,true,170,170,4
1767628334429,4,200,true,170,170,4
1767628334426,7,200,true,170,170,7
1767628334427,7,200,true,170,170,7
1767628334427,7,200,true,170,170,7
1767628334427,8,200,true,170,170,8
1767628334335,103,200,true,170,170,103
1767628334351,87,200,true,170,170,87
1767628334329,109,200,true,170,170,109
1767628334358,81,200,true,170,170,81
1767628334358,81,200,true,170,170,81
1767628334327,112,200,true,170,170,112
1767628334323,117,200,true,170,170,117
1767628334351,89,200,true,170,170,89
1767628334327,113,200,true,170,170,112
1767628334357,83,200,true,170,170,83
1767628334336,105,200,true,170,170,105
1767628334330,112,200,true,170,170,112
1767628334332,110,200,true,170,170,110
1767628334336,106,200,true,170,170,106
1767628334338,104,200,true,170,170,104
1767628334348,94,200,true,170,170,93
1767628334332,110,200,true,170,170,110
1767628334332,111,200,true,170,170,111
1767628334334,109,200,true,170,170,109
1767628334337,106,200,true,170,170,106
1767628334328,115,200,true,170,170,115
1767628334353,91,200,true,170,170,91
1767628334353,91,200,true,170,170,91
1767628334180,264,200,true,170,170,264
1767628334443,2,200,true,170,170,2
1767628334333,112,200,true,170,170,112
1767628334328,117,200,true,170,170,117
1767628334329,116,200,true,170,170,116
1767628334353,92,200,true,170,170,92
1767628334336,110,200,true,170,170,105
1767628334331,115,200,true,170,170,115
1767628334330,117,200,true,170,170,117
1767628334293,154,200,true,170,170,154
1767628334293,155,200,true,170,170,155
1767628334295,153,200,true,170,170,153
1767628334358,91,200,true,170,170,89
1767628334331,118,200,true,170,170,116
1767628334335,115,200,true,170,170,115
1767628334438,12,200,true,170,170,12
1767628334439,12,200,true,170,170,12
1767628334440,11,200,true,170,170,11
1767628334438,14,200,true,170,170,14
1767628334440,12,200,true,170,170,12
1767628334445,8,200,true,170,170,8
1767628334440,13,200,true,170,170,13
1767628334443,10,200,true,170,170,10
1767628334444,10,200,true,170,170,10
1767628334444,10,200,true,170,170,10
1767628334442,13,200,true,170,170,13
1767628334352,103,200,true,170,170,103
1767628334442,13,200,true,170,170,8
1767628334441,15,200,true,170,170,15
1767628334442,14,200,true,170,170,14
1767628334446,14,200,true,170,170,14
1767628334449,11,200,true,170,170,11
1767628334449,11,200,true,170,170,11
1767628334297,167,200,true,170,170,167
1767628334301,164,200,true,170,170,164
1767628334346,120,200,true,170,170,120
1767628334335,131,200,true,170,170,131
1767628334332,134,200,true,170,170,134
1767628334337,129,200,true,170,170,128
1767628334325,141,200,true,170,170,140
1767628334298,169,200,true,170,170,169
1767628334355,112,200,true,170,170,112
1767628334333,135,200,true,170,170,131
1767628334354,114,200,true,170,170,113
1767628334353,115,200,true,170,170,114
1767628334330,138,200,true,170,170,138
1767628334337,131,200,true,170,170,131
1767628334333,135,200,true,170,170,132
1767628334331,137,200,true,170,170,133
1767628334338,130,200,true,170,170,127
1767628334353,116,200,true,170,170,113
1767628334464,5,200,true,170,170,5
1767628334300,170,200,true,170,170,170
1767628334298,173,200,true,170,170,171
1767628334343,131,200,true,170,170,131
1767628334336,138,200,true,170,170,138
1767628334333,142,200,true,170,170,142
1767628334333,142,200,true,170,170,141
1767628334338,137,200,true,170,170,135
1767628334335,140,200,true,170,170,138
1767628334339,137,200,true,170,170,137
1767628334337,139,200,true,170,170,139
1767628334346,130,200,true,170,170,128
1767628334345,131,200,true,170,170,129
1767628334469,10,200,true,170,170,3
1767628334334,146,200,true,170,170,146
1767628334339,142,200,true,170,170,141
1767628334357,124,200,true,170,170,123
1767628334339,142,200,true,170,170,141
1767628334340,141,200,true,170,170,140
1767628334338,143,200,true,170,170,143
1767628334469,13,200,true,170,170,13
1767628334338,145,200,true,170,170,145
1767628334479,5,200,true,170,170,5
1767628334471,13,200,true,170,170,13
1767628334475,10,200,true,170,170,10
1767628334475,10,200,true,170,170,10
1767628334476,9,200,true,170,170,9
1767628334475,11,200,true,170,170,11
1767628334476,10,200,true,170,170,10
1767628334475,12,200,true,170,170,12
1767628334476,11,200,true,170,170,11
1767628334481,7,200,true,170,170,7
1767628334487,5,200,true,170,170,5
1767628334481,11,200,true,170,170,11
1767628334488,5,200,true,170,170,5
1767628334481,12,200,true,170,170,12
1767628334349,145,200,true,170,170,145
1767628334353,142,200,true,170,170,141
1767628334311,184,200,true,170,170,184
1767628334306,189,200,true,170,170,189
1767628334342,154,200,true,170,170,154
1767628334340,156,200,true,170,170,156
1767628334348,148,200,true,170,170,148
1767628334391,105,200,true,170,170,105
1767628334355,142,200,true,170,170,141
1767628334344,153,200,true,170,170,153
1767628334344,153,200,true,170,170,153
1767628334348,149,200,true,170,170,149
1767628334355,142,200,true,170,170,142
1767628334337,161,200,true,170,170,161
1767628334345,153,200,true,170,170,153
1767628334345,153,200,true,170,170,153
1767628334348,151,200,true,170,170,151
1767628334344,155,200,true,170,170,155
1767628334355,144,200,true,170,170,144
1767628334347,152,200,true,170,170,152
1767628334346,153,200,true,170,170,153
1767628334356,144,200,true,170,170,144
1767628334345,155,200,true,170,170,155
1767628334347,153,200,true,170,170,153
1767628334345,155,200,true,170,170,155
1767628334346,155,200,true,170,170,155
1767628334345,156,200,true,170,170,156
1767628334326,175,200,true,170,170,175
1767628334349,152,200,true,170,170,152
1767628334359,142,200,true,170,170,142
1767628334359,143,200,true,170,170,143
1767628334360,142,200,true,170,170,142
1767628334360,142,200,true,170,170,142
1767628334360,142,200,true,170,170,142
1767628334360,143,200,true,170,170,142
1767628334361,142,200,true,170,170,142
1767628334361,142,200,true,170,170,142
1767628334366,137,200,true,170,170,137
1767628334371,132,200,true,170,170,132
1767628334372,132,200,true,170,170,132
1767628334377,127,200,true,170,170,127
1767628334341,163,200,true,170,170,163
1767628334390,114,200,true,170,170,114
1767628334390,115,200,true,170,170,115
1767628334376,129,200,true,170,170,129
1767628334393,112,200,true,170,170,112
1767628334394,111,200,true,170,170,111
1767628334395,111,200,true,170,170,111
1767628334395,111,200,true,170,170,111
1767628334396,110,200,true,170,170,110
1767628334396,110,200,true,170,170,110
1767628334397,109,200,true,170,170,109
1767628334399,108,200,true,170,170,108
1767628334399,108,200,true,170,170,108
1767628334399,108,200,true,170,170,108
1767628334400,107,200,true,170,170,107
1767628334401,107,200,true,170,170,107
1767628334398,110,200,true,170,170,110
1767628334411,97,200,true,170,170,97
1767628334411,97,200,true,170,170,97
1767628334419,90,200,true,170,170,90
1767628334415,94,200,true,170,170,94
1767628334420,89,200,true,170,170,89
1767628334404,105,200,true,170,170,105
1767628334407,102,200,true,170,170,102
1767628334404,106,200,true,170,170,106
1767628334415,95,200,true,170,170,95
1767628334403,107,200,true,170,170,107
1767628334407,103,200,true,170,170,103
1767628334401,110,200,true,170,170,110
1767628334403,108,200,true,170,170,108
1767628334402,109,200,true,170,170,109
1767628334402,109,200,true,170,170,109
1767628334414,98,200,true,170,170,98
1767628334423,89,200,true,170,170,89
1767628334426,86,200,true,170,170,86
1767628334430,82,200,true,170,170,82
1767628334430,82,200,true,170,170,82
1767628334431,82,200,true,170,170,82
1767628334431,82,200,true,170,170,82
1767628334432,81,200,true,170,170,81
1767628334433,80,200,true,170,170,80
1767628334502,12,200,true,170,170,12
1767628334495,19,200,true,170,170,19
1767628334502,12,200,true,170,170,12
1767628334502,12,200,true,170,170,12
1767628334507,7,200,true,170,170,7
1767628334503,12,200,true,170,170,12
1767628334503,12,200,true,170,170,12
1767628334505,11,200,true,170,170,11
1767628334503,13,200,true,170,170,12
1767628334503,13,200,true,170,170,13
1767628334506,14,200,true,170,170,14
1767628334495,25,200,true,170,170,25
1767628334504,19,200,true,170,170,19
1767628334512,12,200,true,170,170,12
1767628334508,21,200,true,170,170,21
1767628334498,31,200,true,170,170,31
1767628334498,32,200,true,170,170,32
1767628334499,34,200,true,170,170,34
1767628334501,32,200,true,170,170,32
1767628334512,22,200,true,170,170,22
1767628334505,32,200,true,170,170,32
1767628334514,23,200,true,170,170,23
1767628334433,108,200,true,170,170,108
1767628334434,108,200,true,170,170,107
1767628334433,109,200,true,170,170,108
1767628334533,12,200,true,170,170,12
1767628334434,111,200,true,170,170,111
1767628334545,1,200,true,170,170,1
1767628334358,189,200,true,170,170,189
1767628334435,112,200,true,170,170,112
1767628334439,109,200,true,170,170,109
1767628334447,101,200,true,170,170,101
1767628334439,109,200,true,170,170,109
1767628334438,110,200,true,170,170,110
1767628334440,108,200,true,170,170,108
1767628334442,110,200,true,170,170,110
1767628334445,110,200,true,170,170,109
1767628334443,112,200,true,170,170,112
1767628334445,110,200,true,170,170,109
1767628334445,110,200,true,170,170,110
1767628334443,112,200,true,170,170,112
1767628334445,111,200,true,170,170,111
1767628334448,111,200,true,170,170,111
1767628334446,113,200,true,170,170,112
1767628334451,108,200,true,170,170,108
1767628334451,109,200,true,170,170,109
1767628334450,110,200,true,170,170,110
1767628334444,116,200,true,170,170,116
1767628334559,2,200,true,170,170,2
1767628334453,110,200,true,170,170,110
1767628334453,111,200,true,170,170,111
1767628334454,110,200,true,170,170,110
1767628334454,110,200,true,170,170,110
1767628334454,110,200,true,170,170,110
1767628334452,112,200,true,170,170,112
1767628334452,113,200,true,170,170,113
1767628334449,116,200,true,170,170,116
1767628334455,110,200,true,170,170,110
1767628334460,105,200,true,170,170,105
1767628334455,110,200,true,170,170,110
1767628334467,99,200,true,170,170,99
1767628334442,124,200,true,170,170,124
1767628334456,110,200,true,170,170,110
1767628334475,96,200,true,170,170,96
1767628334468,103,200,true,170,170,103
1767628334460,112,200,true,170,170,112
1767628334468,104,200,true,170,170,104
1767628334468,105,200,true,170,170,103
1767628334468,105,200,true,170,170,104
1767628334476,97,200,true,170,170,94
1767628334468,105,200,true,170,170,105
1767628334466,107,200,true,170,170,107
1767628334466,107,200,true,170,170,104
1767628334466,108,200,true,170,170,105
1767628334466,108,200,true,170,170,104
1767628334455,119,200,true,170,170,114
1767628334466,108,200,true,170,170,104
1767628334468,109,200,true,170,170,109
1767628334481,97,200,true,170,170,97
1767628334471,107,200,true,170,170,107
1767628334481,97,200,true,170,170,97
1767628334474,105,200,true,170,170,105
1767628334564,15,200,true,170,170,15
1767628334564,16,200,true,170,170,16
1767628334566,15,200,true,170,170,15
1767628334573,9,200,true,170,170,9
1767628334574,8,200,true,170,170,8
1767628334573,10,200,true,170,170,10
1767628334571,12,200,true,170,170,12
1767628334577,7,200,true,170,170,7
1767628334578,6,200,true,170,170,6
1767628334578,7,200,true,170,170,7
1767628334579,6,200,true,170,170,6
1767628334579,6,200,true,170,170,6
1767628334580,6,200,true,170,170,6
1767628334580,6,200,true,170,170,6
1767628334581,6,200,true,170,170,6
1767628334573,19,200,true,170,170,19
1767628334583,10,200,true,170,170,10
1767628334484,112,200,true,170,170,112
1767628334484,113,200,true,170,170,113
1767628334483,114,200,true,170,170,114
1767628334482,115,200,true,170,170,115
1767628334586,12,200,true,170,170,12
1767628334597,3,200,true,170,170,3
1767628334486,115,200,true,170,170,115
1767628334487,114,200,true,170,170,114
1767628334486,115,200,true,170,170,114
1767628334485,116,200,true,170,170,116
1767628334600,2,200,true,170,170,2
1767628334426,177,200,true,170,170,177
1767628334429,174,200,true,170,170,174
1767628334492,111,200,true,170,170,111
1767628334493,111,200,true,170,170,111
1767628334494,110,200,true,170,170,110
1767628334349,255,200,true,170,170,255
1767628334601,5,200,true,170,170,1
1767628334485,121,200,true,170,170,121
1767628334485,121,200,true,170,170,121
1767628334400,206,200,true,170,170,206
1767628334432,176,200,true,170,170,175
1767628334495,115,200,true,170,170,115
1767628334497,114,200,true,170,170,114
1767628334504,108,200,true,170,170,108
1767628334506,106,200,true,170,170,106
1767628334504,108,200,true,170,170,108
1767628334512,100,200,true,170,170,95
1767628334505,108,200,true,170,170,105
1767628334510,103,200,true,170,170,103
1767628334506,107,200,true,170,170,103
1767628334496,117,200,true,170,170,115
1767628334506,107,200,true,170,170,102
1767628334496,117,200,true,170,170,116
1767628334505,108,200,true,170,170,108
1767628334496,117,200,true,170,170,117
1767628334506,107,200,true,170,170,104
1767628334509,104,200,true,170,170,102
1767628334507,106,200,true,170,170,105
1767628334495,118,200,true,170,170,114
1767628334496,117,200,true,170,170,115
1767628334504,110,200,true,170,170,106
1767628334503,111,200,true,170,170,106
1767628334509,105,200,true,170,170,99
1767628334509,105,200,true,170,170,103
1767628334610,5,200,true,170,170,5
1767628334507,109,200,true,170,170,108
1767628334508,108,200,true,170,170,107
1767628334511,105,200,true,170,170,105
1767628334511,105,200,true,170,170,105
1767628334507,110,200,true,170,170,108
1767628334511,106,200,true,170,170,105
1767628334510,107,200,true,170,170,107
1767628334616,1,200,true,170,170,1
1767628334512,106,200,true,170,170,106
1767628334343,275,200,true,170,170,264
1767628334511,107,200,true,170,170,107
1767628334497,122,200,true,170,170,122
1767628334618,1,200,true,170,170,1
1767628334499,122,200,true,170,170,122
1767628334499,122,200,true,170,170,122
1767628334499,122,200,true,170,170,122
1767628334500,121,200,true,170,170,121
1767628334510,112,200,true,170,170,112
1767628334500,122,200,true,170,170,122
1767628334500,122,200,true,170,170,122
1767628334501,121,200,true,170,170,121
1767628334500,122,200,true,170,170,122
1767628334500,123,200,true,170,170,123
1767628334501,122,200,true,170,170,122
1767628334501,122,200,true,170,170,122
1767628334508,115,200,true,170,170,115
1767628334509,115,200,true,170,170,115
1767628334513,111,200,true,170,170,111
1767628334513,111,200,true,170,170,111
1767628334513,111,200,true,170,170,111
1767628334512,112,200,true,170,170,112
1767628334514,111,200,true,170,170,111
1767628334514,111,200,true,170,170,111
1767628334514,111,200,true,170,170,111
1767628334515,110,200,true,170,170,110
1767628334515,110,200,true,170,170,110
1767628334497,129,200,true,170,170,129
1767628334498,128,200,true,170,170,122
1767628334498,128,200,true,170,170,128
1767628334497,129,200,true,170,170,123
1767628334510,116,200,true,170,170,110
1767628334510,116,200,true,170,170,116
1767628334501,125,200,true,170,170,125
1767628334513,113,200,true,170,170,113
1767628334516,111,200,true,170,170,111
1767628334516,111,200,true,170,170,111
1767628334520,107,200,true,170,170,107
1767628334608,20,200,true,170,170,20
1767628334613,15,200,true,170,170,15
1767628334613,16,200,true,170,170,16
1767628334613,16,200,true,170,170,16
1767628334614,15,200,true,170,170,15
1767628334614,16,200,true,170,170,16
1767628334613,17,200,true,170,170,17
1767628334612,19,200,true,170,170,19
1767628334516,116,200,true,170,170,116
1767628334614,18,200,true,170,170,18
1767628334615,18,200,true,170,170,18
1767628334606,27,200,true,170,170,27
1767628334606,27,200,true,170,170,27
1767628334612,22,200,true,170,170,22
1767628334613,21,200,true,170,170,21
1767628334606,29,200,true,170,170,29
1767628334508,127,200,true,170,170,127
1767628334604,32,200,true,170,170,32
1767628334613,23,200,true,170,170,23
1767628334613,24,200,true,170,170,24
1767628334613,24,200,true,170,170,24
1767628334613,24,200,true,170,170,24
1767628334613,25,200,true,170,170,25
1767628334614,24,200,true,170,170,24
1767628334613,26,200,true,170,170,26
1767628334520,119,200,true,170,170,119
1767628334606,34,200,true,170,170,34
1767628334616,24,200,true,170,170,24
1767628334617,24,200,true,170,170,24
1767628334618,23,200,true,170,170,23
1767628334616,26,200,true,170,170,26
1767628334617,25,200,true,170,170,25
1767628334618,24,200,true,170,170,24
1767628334603,40,200,true,170,170,40
1767628334617,28,200,true,170,170,26
1767628334625,24,200,true,170,170,23
1767628334533,118,200,true,170,170,118
1767628334537,118,200,true,170,170,118
1767628334537,118,200,true,170,170,118
1767628334524,131,200,true,170,170,130
1767628334629,30,200,true,170,170,30
1767628334637,24,200,true,170,170,24
1767628334641,22,200,true,170,170,22
1767628334645,19,200,true,170,170,19
1767628334644,22,200,true,170,170,22
1767628334534,133,200,true,170,170,132
1767628334529,138,200,true,170,170,137
1767628334542,126,200,true,170,170,125
1767628334542,126,200,true,170,170,125
1767628334545,126,200,true,170,170,126
1767628334524,147,200,true,170,170,147
1767628334541,130,200,true,170,170,130
1767628334671,1,200,true,170,170,1
1767628334671,1,200,true,170,170,1
1767628334671,2,200,true,170,170,2
1767628334672,1,200,true,170,170,1
1767628334672,2,200,true,170,170,2
1767628334673,1,200,true,170,170,1
1767628334673,2,200,true,170,170,2
1767628334674,1,200,true,170,170,1
1767628334675,1,200,true,170,170,1
1767628334675,1,200,true,170,170,1
1767628334676,1,200,true,170,170,1
1767628334676,1,200,true,170,170,1
1767628334677,1,200,true,170,170,1
1767628334677,1,200,true,170,170,1
1767628334678,1,200,true,170,170,1
1767628334679,0,200,true,170,170,0
1767628334678,2,200,true,170,170,2
1767628334679,1,200,true,170,170,1
1767628334680,1,200,true,170,170,1
1767628334680,1,200,true,170,170,1
1767628334681,0,200,true,170,170,0
1767628334681,1,200,true,170,170,1
1767628334681,1,200,true,170,170,1
1767628334682,1,200,true,170,170,1
1767628334548,135,200,true,170,170,135
1767628334546,137,200,true,170,170,137
1767628334427,257,200,true,170,170,257
1767628334447,238,200,true,170,170,238
1767628334549,137,200,true,170,170,137
1767628334548,138,200,true,170,170,138
1767628334548,139,200,true,170,170,139
1767628334548,139,200,true,170,170,138
1767628334547,140,200,true,170,170,140
1767628334552,135,200,true,170,170,134
1767628334556,135,200,true,170,170,135
1767628334555,136,200,true,170,170,136
1767628334560,134,200,true,170,170,134
1767628334565,133,200,true,170,170,133
1767628334566,133,200,true,170,170,132
1767628334564,135,200,true,170,170,134
1767628334460,239,200,true,170,170,238
1767628334563,136,200,true,170,170,134
1767628334565,134,200,true,170,170,133
1767628334456,244,200,true,170,170,244
1767628334561,141,200,true,170,170,136
1767628334574,131,200,true,170,170,131
1767628334565,140,200,true,170,170,140
1767628334468,238,200,true,170,170,238
1767628334468,238,200,true,170,170,238
1767628334574,133,200,true,170,170,133
1767628334564,143,200,true,170,170,142
1767628334564,143,200,true,170,170,143
1767628334700,8,200,true,170,170,8
1767628334566,145,200,true,170,170,145
1767628334574,137,200,true,170,170,137
1767628334711,0,200,true,170,170,0
1767628334565,146,200,true,170,170,145
1767628334574,138,200,true,170,170,138
1767628334573,139,200,true,170,170,139
1767628334582,130,200,true,170,170,130
1767628334583,129,200,true,170,170,129
1767628334584,129,200,true,170,170,129
1767628334584,129,200,true,170,170,129
1767628334585,128,200,true,170,170,128
1767628334582,131,200,true,170,170,131
1767628334711,3,200,true,170,170,3
1767628334712,5,200,true,170,170,5
1767628334598,124,200,true,170,170,124
1767628334601,121,200,true,170,170,121
1767628334492,231,200,true,170,170,231
1767628334601,123,200,true,170,170,123
1767628334603,121,200,true,170,170,120
1767628334604,120,200,true,170,170,119
1767628334602,122,200,true,170,170,122
1767628334601,123,200,true,170,170,123
1767628334585,139,200,true,170,170,139
1767628334597,127,200,true,170,170,125
1767628334597,128,200,true,170,170,125
1767628334596,129,200,true,170,170,125
1767628334592,133,200,true,170,170,133
1767628334586,139,200,true,170,170,139
1767628334724,2,200,true,170,170,2
1767628334722,6,200,true,170,170,3
1767628334725,3,200,true,170,170,3
1767628334480,248,200,true,170,170,248
1767628334613,117,200,true,170,170,117
1767628334613,117,200,true,170,170,117
1767628334612,119,200,true,170,170,118
1767628334604,127,200,true,170,170,127
1767628334613,118,200,true,170,170,117
1767628334611,120,200,true,170,170,120
1767628334625,109,200,true,170,170,109
1767628334626,110,200,true,170,170,110
1767628334624,112,200,true,170,170,112
1767628334619,117,200,true,170,170,117
1767628334731,7,200,true,170,170,7
1767628334736,2,200,true,170,170,2
1767628334736,2,200,true,170,170,2
1767628334738,1,200,true,170,170,1
1767628334738,1,200,true,170,170,1
1767628334739,1,200,true,170,170,1
1767628334739,1,200,true,170,170,1
1767628334739,2,200,true,170,170,2
1767628334740,1,200,true,170,170,1
1767628334740,2,200,true,170,170,2
1767628334741,1,200,true,170,170,1
1767628334741,1,200,true,170,170,1
1767628334742,1,200,true,170,170,1
1767628334742,1,200,true,170,170,1
1767628334627,117,200,true,170,170,117
1767628334604,140,200,true,170,170,140
1767628334624,120,200,true,170,170,120
1767628334624,120,200,true,170,170,120
1767628334742,3,200,true,170,170,3
1767628334616,129,200,true,170,170,129
1767628334626,122,200,true,170,170,122
1767628334619,131,200,true,170,170,131
1767628334625,125,200,true,170,170,125
1767628334618,132,200,true,170,170,132
1767628334625,125,200,true,170,170,124
1767628334627,123,200,true,170,170,123
1767628334626,127,200,true,170,170,126
1767628334626,127,200,true,170,170,126
1767628334626,127,200,true,170,170,127
1767628334626,127,200,true,170,170,126
1767628334626,128,200,true,170,170,128
1767628334621,133,200,true,170,170,133
1767628334529,226,200,true,170,170,226
1767628334623,132,200,true,170,170,132
1767628334623,132,200,true,170,170,132
1767628334621,135,200,true,170,170,133
1767628334626,130,200,true,170,170,127
1767628334628,129,200,true,170,170,129
1767628334502,257,200,true,170,170,257
1767628334622,138,200,true,170,170,138
1767628334621,140,200,true,170,170,138
1767628334757,5,200,true,170,170,5
1767628334633,132,200,true,170,170,132
1767628334627,138,200,true,170,170,138
1767628334630,135,200,true,170,170,135
1767628334623,142,200,true,170,170,142
1767628334628,137,200,true,170,170,137
1767628334623,143,200,true,170,170,143
1767628334623,143,200,true,170,170,143
1767628334632,134,200,true,170,170,134
1767628334624,142,200,true,170,170,141
1767628334622,144,200,true,170,170,143
1767628334626,140,200,true,170,170,139
1767628334622,145,200,true,170,170,144
1767628334632,135,200,true,170,170,133
1767628334622,145,200,true,170,170,144
1767628334633,134,200,true,170,170,134
1767628334634,134,200,true,170,170,134
1767628334759,10,200,true,170,170,10
1767628334754,16,200,true,170,170,16
1767628334767,3,200,true,170,170,3
1767628334765,6,200,true,170,170,6
1767628334767,4,200,true,170,170,4
1767628334634,138,200,true,170,170,138
1767628334621,152,200,true,170,170,152
1767628334766,7,200,true,170,170,6
1767628334637,139,200,true,170,170,139
1767628334638,138,200,true,170,170,138
1767628334638,138,200,true,170,170,138
1767628334629,148,200,true,170,170,148
1767628334635,142,200,true,170,170,141
1767628334636,141,200,true,170,170,140
1767628334635,143,200,true,170,170,142
1767628334643,139,200,true,170,170,139
1767628334642,140,200,true,170,170,140
1767628334641,141,200,true,170,170,141
1767628334655,127,200,true,170,170,127
1767628334770,14,200,true,170,170,14
1767628334656,130,200,true,170,170,130
1767628334642,144,200,true,170,170,144
1767628334659,128,200,true,170,170,128
1767628334652,135,200,true,170,170,135
1767628334668,120,200,true,170,170,120
1767628334668,120,200,true,170,170,120
1767628334530,258,200,true,170,170,258
1767628334655,134,200,true,170,170,134
1767628334768,21,200,true,170,170,21
1767628334787,2,200,true,170,170,2
1767628334668,122,200,true,170,170,122
1767628334661,130,200,true,170,170,129
1767628334664,127,200,true,170,170,127
1767628334514,278,200,true,170,170,278
1767628334666,128,200,true,170,170,128
1767628334667,127,200,true,170,170,127
1767628334788,7,200,true,170,170,7
1767628334789,8,200,true,170,170,8
1767628334792,6,200,true,170,170,6
1767628334789,10,200,true,170,170,10
1767628334789,11,200,true,170,170,11
1767628334795,5,200,true,170,170,5
1767628334674,126,200,true,170,170,126
1767628334443,357,200,true,170,170,357
1767628334547,254,200,true,170,170,254
1767628334684,117,200,true,170,170,117
1767628334686,115,200,true,170,170,115
1767628334684,117,200,true,170,170,117
1767628334683,119,200,true,170,170,119
1767628334685,117,200,true,170,170,117
1767628334555,247,200,true,170,170,247
1767628334683,119,200,true,170,170,119
1767628334555,247,200,true,170,170,247
1767628334555,248,200,true,170,170,248
1767628334555,248,200,true,170,170,248
1767628334687,116,200,true,170,170,116
1767628334450,353,200,true,170,170,353
1767628334687,117,200,true,170,170,117
1767628334687,117,200,true,170,170,116
1767628334687,120,200,true,170,170,120
1767628334802,8,200,true,170,170,8
1767628334687,123,200,true,170,170,123
1767628334559,251,200,true,170,170,251
1767628334560,250,200,true,170,170,250
1767628334559,251,200,true,170,170,251
1767628334694,116,200,true,170,170,116
1767628334691,120,200,true,170,170,120
1767628334798,13,200,true,170,170,12
1767628334466,345,200,true,170,170,345
1767628334468,343,200,true,170,170,343
1767628334572,239,200,true,170,170,239
1767628334699,113,200,true,170,170,113
1767628334698,114,200,true,170,170,114
1767628334560,252,200,true,170,170,252
1767628334572,244,200,true,170,170,244
1767628334573,244,200,true,170,170,243
1767628334572,245,200,true,170,170,244
1767628334699,119,200,true,170,170,119
1767628334810,8,200,true,170,170,8
1767628334811,8,200,true,170,170,8
1767628334811,8,200,true,170,170,8
1767628334810,10,200,true,170,170,10
1767628334811,9,200,true,170,170,9
1767628334811,10,200,true,170,170,10
1767628334811,10,200,true,170,170,10
1767628334812,9,200,true,170,170,9
1767628334817,5,200,true,170,170,5
1767628334817,5,200,true,170,170,5
1767628334817,6,200,true,170,170,6
1767628334705,118,200,true,170,170,118
1767628334818,5,200,true,170,170,5
1767628334819,5,200,true,170,170,5
1767628334819,5,200,true,170,170,5
1767628334820,5,200,true,170,170,5
1767628334820,5,200,true,170,170,5
1767628334821,5,200,true,170,170,5
1767628334821,5,200,true,170,170,5
1767628334821,6,200,true,170,170,6
1767628334705,122,200,true,170,170,122
1767628334565,262,200,true,170,170,251
1767628334699,129,200,true,170,170,129
1767628334823,5,200,true,170,170,5
1767628334699,129,200,true,170,170,129
1767628334824,5,200,true,170,170,5
1767628334702,127,200,true,170,170,127
1767628334807,23,200,true,170,170,23
1767628334708,124,200,true,170,170,124
1767628334707,125,200,true,170,170,125
1767628334706,128,200,true,170,170,128
1767628334830,5,200,true,170,170,5
1767628334828,7,200,true,170,170,7
1767628334827,9,200,true,170,170,9
1767628334828,8,200,true,170,170,8
1767628334827,10,200,true,170,170,10
1767628334829,8,200,true,170,170,8
1767628334829,8,200,true,170,170,8
1767628334828,10,200,true,170,170,10
1767628334832,6,200,true,170,170,6
1767628334834,5,200,true,170,170,5
1767628334707,132,200,true,170,170,132
1767628334835,5,200,true,170,170,5
1767628334836,4,200,true,170,170,4
1767628334836,4,200,true,170,170,4
1767628334837,4,200,true,170,170,4
1767628334837,4,200,true,170,170,4
1767628334837,5,200,true,170,170,5
1767628334838,4,200,true,170,170,4
1767628334838,5,200,true,170,170,5
1767628334707,136,200,true,170,170,136
1767628334839,5,200,true,170,170,5
1767628334840,4,200,true,170,170,4
1767628334840,4,200,true,170,170,4
1767628334841,4,200,true,170,170,4
1767628334841,4,200,true,170,170,4
1767628334842,4,200,true,170,170,4
1767628334842,4,200,true,170,170,4
1767628334842,5,200,true,170,170,5
1767628334706,141,200,true,170,170,141
1767628334844,4,200,true,170,170,4
1767628334845,3,200,true,170,170,3
1767628334846,3,200,true,170,170,3
1767628334585,264,200,true,170,170,264
1767628334713,136,200,true,170,170,136
1767628334593,256,200,true,170,170,256
1767628334714,136,200,true,170,170,136
1767628334587,263,200,true,170,170,263
1767628334711,139,200,true,170,170,139
1767628334712,138,200,true,170,170,138
1767628334712,138,200,true,170,170,138
1767628334712,139,200,true,170,170,139
1767628334713,138,200,true,170,170,138
1767628334713,138,200,true,170,170,138
1767628334712,139,200,true,170,170,139
1767628334713,139,200,true,170,170,139
1767628334717,136,200,true,170,170,136
1767628334722,132,200,true,170,170,132
1767628334839,15,200,true,170,170,15
1767628334724,133,200,true,170,170,133
1767628334850,8,200,true,170,170,8
1767628334723,135,200,true,170,170,135
1767628334725,133,200,true,170,170,133
1767628334725,133,200,true,170,170,133
1767628334724,134,200,true,170,170,134
1767628334725,134,200,true,170,170,134
1767628334724,135,200,true,170,170,135
1767628334724,135,200,true,170,170,135
1767628334725,134,200,true,170,170,134
1767628334726,133,200,true,170,170,133
1767628334728,132,200,true,170,170,132
1767628334731,129,200,true,170,170,129
1767628334731,129,200,true,170,170,129
1767628334728,132,200,true,170,170,132
1767628334728,132,200,true,170,170,132
1767628334625,236,200,true,170,170,236
1767628334730,131,200,true,170,170,131
1767628334730,131,200,true,170,170,131
1767628334731,130,200,true,170,170,130
1767628334734,128,200,true,170,170,128
1767628334736,127,200,true,170,170,126
1767628334851,12,200,true,170,170,12
1767628334850,14,200,true,170,170,14
1767628334851,13,200,true,170,170,13
1767628334847,22,200,true,170,170,22
1767628334863,8,200,true,170,170,8
1767628334743,129,200,true,170,170,129
1767628334744,130,200,true,170,170,130
1767628334748,126,200,true,170,170,126
1767628334744,130,200,true,170,170,130
1767628334750,124,200,true,170,170,124
1767628334744,130,200,true,170,170,130
1767628334744,130,200,true,170,170,128
1767628334745,129,200,true,170,170,129
1767628334750,124,200,true,170,170,124
1767628334756,118,200,true,170,170,118
1767628334755,120,200,true,170,170,120
1767628334754,121,200,true,170,170,121
1767628334753,122,200,true,170,170,122
1767628334756,119,200,true,170,170,119
1767628334753,122,200,true,170,170,122
1767628334761,115,200,true,170,170,115
1767628334760,116,200,true,170,170,116
1767628334753,123,200,true,170,170,123
1767628334753,123,200,true,170,170,123
1767628334750,126,200,true,170,170,126
1767628334766,111,200,true,170,170,111
1767628334765,112,200,true,170,170,112
1767628334765,112,200,true,170,170,112
1767628334767,110,200,true,170,170,110
1767628334762,115,200,true,170,170,115
1767628334765,113,200,true,170,170,113
1767628334766,112,200,true,170,170,112
1767628334755,123,200,true,170,170,123
1767628334750,128,200,true,170,170,128
1767628334755,124,200,true,170,170,124
1767628334765,114,200,true,170,170,114
1767628334750,129,200,true,170,170,129
1767628334767,112,200,true,170,170,112
1767628334766,114,200,true,170,170,114
1767628334629,251,200,true,170,170,251
1767628334766,114,200,true,170,170,114
1767628334634,246,200,true,170,170,246
1767628334630,250,200,true,170,170,250
1767628334771,110,200,true,170,170,110
1767628334636,245,200,true,170,170,245
1767628334638,243,200,true,170,170,243
1767628334771,110,200,true,170,170,110
1767628334769,112,200,true,170,170,112
1767628334640,242,200,true,170,170,242
1767628334770,112,200,true,170,170,112
1767628334639,243,200,true,170,170,243
1767628334640,242,200,true,170,170,242
1767628334639,243,200,true,170,170,243
1767628334772,110,200,true,170,170,110
1767628334745,138,200,true,170,170,138
1767628334777,106,200,true,170,170,106
1767628334777,106,200,true,170,170,106
1767628334776,107,200,true,170,170,107
1767628334773,110,200,true,170,170,110
1767628334782,102,200,true,170,170,102
1767628334782,102,200,true,170,170,102
1767628334778,106,200,true,170,170,106
1767628334776,108,200,true,170,170,108
1767628334773,111,200,true,170,170,111
1767628334777,108,200,true,170,170,108
1767628334777,108,200,true,170,170,108
1767628334649,236,200,true,170,170,236
1767628334766,119,200,true,170,170,119
1767628334631,255,200,true,170,170,255
1767628334663,223,200,true,170,170,223
1767628334790,96,200,true,170,170,96
1767628334782,104,200,true,170,170,104
1767628334787,99,200,true,170,170,99
1767628334792,95,200,true,170,170,95
1767628334791,96,200,true,170,170,96
1767628334784,103,200,true,170,170,103
1767628334788,99,200,true,170,170,99
1767628334786,101,200,true,170,170,101
1767628334787,101,200,true,170,170,101
1767628334782,106,200,true,170,170,106
1767628334788,100,200,true,170,170,100
1767628334682,206,200,true,170,170,206
1767628334797,91,200,true,170,170,91
1767628334794,95,200,true,170,170,95
1767628334794,95,200,true,170,170,95
1767628334801,88,200,true,170,170,88
1767628334804,85,200,true,170,170,85
1767628334802,88,200,true,170,170,88
1767628334803,87,200,true,170,170,87
1767628334803,87,200,true,170,170,87
1767628334804,86,200,true,170,170,86
1767628334800,91,200,true,170,170,91
1767628334802,89,200,true,170,170,89
1767628334800,91,200,true,170,170,91
1767628334891,0,200,true,170,170,0
1767628334801,91,200,true,170,170,91
1767628334803,89,200,true,170,170,89
1767628334803,89,200,true,170,170,89
1767628334802,90,200,true,170,170,90
1767628334801,92,200,true,170,170,92
1767628334802,91,200,true,170,170,91
1767628334801,92,200,true,170,170,92
1767628334800,93,200,true,170,170,93
1767628334801,92,200,true,170,170,92
1767628334800,94,200,true,170,170,93
1767628334812,82,200,true,170,170,82
1767628334812,82,200,true,170,170,82
1767628334810,84,200,true,170,170,84
1767628334691,203,200,true,170,170,203
1767628334810,85,200,true,170,170,85
1767628334811,84,200,true,170,170,84
1767628334810,85,200,true,170,170,85
1767628334699,196,200,true,170,170,196
1767628334822,74,200,true,170,170,74
1767628334824,72,200,true,170,170,72
1767628334823,73,200,true,170,170,73
1767628334825,71,200,true,170,170,71
1767628334822,74,200,true,170,170,74
1767628334824,73,200,true,170,170,73
1767628334825,72,200,true,170,170,72
1767628334826,71,200,true,170,170,71
1767628334826,71,200,true,170,170,71
1767628334827,71,200,true,170,170,71
1767628334832,66,200,true,170,170,66
1767628334886,12,200,true,170,170,12
1767628334835,63,200,true,170,170,63
1767628334846,52,200,true,170,170,52
1767628334845,54,200,true,170,170,54
1767628334844,55,200,true,170,170,55
1767628334844,55,200,true,170,170,55
1767628334843,56,200,true,170,170,56
1767628334724,176,200,true,170,170,176
1767628334887,13,200,true,170,170,13
1767628334847,53,200,true,170,170,53
1767628334849,51,200,true,170,170,51
1767628334850,50,200,true,170,170,50
1767628334848,53,200,true,170,170,53
1767628334848,53,200,true,170,170,53
1767628334853,48,200,true,170,170,48
1767628334850,51,200,true,170,170,51
1767628334850,51,200,true,170,170,51
1767628334850,52,200,true,170,170,52
1767628334849,53,200,true,170,170,53
1767628334851,51,200,true,170,170,51
1767628334854,48,200,true,170,170,48
1767628334854,49,200,true,170,170,49
1767628334852,51,200,true,170,170,51
1767628334849,54,200,true,170,170,54
1767628334860,43,200,true,170,170,43
1767628334861,42,200,true,170,170,42
1767628334858,46,200,true,170,170,46
1767628334857,47,200,true,170,170,47
1767628334861,43,200,true,170,170,43
1767628334861,43,200,true,170,170,43
1767628334860,44,200,true,170,170,44
1767628334860,45,200,true,170,170,45
1767628334858,47,200,true,170,170,47
1767628334860,45,200,true,170,170,45
1767628334879,27,200,true,170,170,27
1767628334877,29,200,true,170,170,29
1767628334872,34,200,true,170,170,34
1767628334883,24,200,true,170,170,24
1767628334859,49,200,true,170,170,49
1767628334878,32,200,true,170,170,32
1767628334859,55,200,true,170,170,55
1767628334859,56,200,true,170,170,56
1767628334858,58,200,true,170,170,58
1767628334859,57,200,true,170,170,56
1767628334859,57,200,true,170,170,56
1767628334874,43,200,true,170,170,40
1767628334881,36,200,true,170,170,36
1767628334858,61,200,true,170,170,61
1767628334897,22,200,true,170,170,22
1767628334860,60,200,true,170,170,60
1767628334891,29,200,true,170,170,29
1767628334877,50,200,true,170,170,50
1767628334888,43,200,true,170,170,43
1767628334878,57,200,true,170,170,57
1767628334904,32,200,true,170,170,32
1767628334901,41,200,true,170,170,41
1767628334915,29,200,true,170,170,29
1767628334917,28,200,true,170,170,28
1767628334917,29,200,true,170,170,29
1767628334919,28,200,true,170,170,28
1767628334927,20,200,true,170,170,20
1767628334920,27,200,true,170,170,27
1767628334919,29,200,true,170,170,29
1767628334931,17,200,true,170,170,17
1767628334935,14,200,true,170,170,14
1767628334936,13,200,true,170,170,13
1767628334942,7,200,true,170,170,7
1767628334851,99,200,true,170,170,99
1767628334945,7,200,true,170,170,7
1767628334947,6,200,true,170,170,6
1767628334948,5,200,true,170,170,5
1767628334948,6,200,true,170,170,5
1767628334948,6,200,true,170,170,6
1767628334949,5,200,true,170,170,5
1767628334952,3,200,true,170,170,3
1767628334864,91,200,true,170,170,91
1767628334953,2,200,true,170,170,2
1767628334954,2,200,true,170,170,2
1767628334954,2,200,true,170,170,2
1767628334954,3,200,true,170,170,3
1767628334955,2,200,true,170,170,2
1767628334955,3,200,true,170,170,3
1767628334956,2,200,true,170,170,2
1767628334956,2,200,true,170,170,2
1767628334861,98,200,true,170,170,98
1767628334957,2,200,true,170,170,2
1767628334957,3,200,true,170,170,3
1767628334958,2,200,true,170,170,2
1767628334958,3,200,true,170,170,3
1767628334959,2,200,true,170,170,2
1767628334959,3,200,true,170,170,3
1767628334960,2,200,true,170,170,2
1767628334960,3,200,true,170,170,3
1767628334862,102,200,true,170,170,102
1767628334864,101,200,true,170,170,101
1767628334869,96,200,true,170,170,96
1767628334965,0,200,true,170,170,0
1767628334965,1,200,true,170,170,1
1767628334965,1,200,true,170,170,1
1767628334965,2,200,true,170,170,2
1767628334956,11,200,true,170,170,3
1767628334871,97,200,true,170,170,97
1767628334743,225,200,true,170,170,225
1767628334818,151,200,true,170,170,151
1767628334843,126,200,true,170,170,126
1767628334889,80,200,true,170,170,80
1767628334858,111,200,true,170,170,111
1767628334874,96,200,true,170,170,96
1767628334874,96,200,true,170,170,96
1767628334894,76,200,true,170,170,76
1767628334896,74,200,true,170,170,74
1767628334889,81,200,true,170,170,81
1767628334874,97,200,true,170,170,97
1767628334874,97,200,true,170,170,97
1767628334879,92,200,true,170,170,92
1767628334890,81,200,true,170,170,81
1767628334877,94,200,true,170,170,94
1767628334883,89,200,true,170,170,89
1767628334888,84,200,true,170,170,84
1767628334894,78,200,true,170,170,78
1767628334894,78,200,true,170,170,78
1767628334890,83,200,true,170,170,83
1767628334880,93,200,true,170,170,93
1767628334886,87,200,true,170,170,87
1767628334885,88,200,true,170,170,88
1767628334895,82,200,true,170,170,82
1767628334971,6,200,true,170,170,6
1767628334882,100,200,true,170,170,100
1767628334892,90,200,true,170,170,90
1767628334886,96,200,true,170,170,96
1767628334890,92,200,true,170,170,91
1767628334890,93,200,true,170,170,91
1767628334895,90,200,true,170,170,90
1767628334892,94,200,true,170,170,94
1767628334892,94,200,true,170,170,94
1767628334880,107,200,true,170,170,107
1767628334892,95,200,true,170,170,95
1767628334893,95,200,true,170,170,94
1767628334874,114,200,true,170,170,114
1767628334882,107,200,true,170,170,107
1767628334892,97,200,true,170,170,97
1767628334987,3,200,true,170,170,3
1767628334884,109,200,true,170,170,109
1767628334885,108,200,true,170,170,108
1767628334884,110,200,true,170,170,110
1767628334887,108,200,true,170,170,108
1767628334897,99,200,true,170,170,99
1767628334896,102,200,true,170,170,102
1767628334874,125,200,true,170,170,125
1767628334881,118,200,true,170,170,118
1767628334896,103,200,true,170,170,103
1767628334882,118,200,true,170,170,118
1767628334999,2,200,true,170,170,2
1767628334879,125,200,true,170,170,124
1767628334888,116,200,true,170,170,116
1767628334886,119,200,true,170,170,118
1767628334896,109,200,true,170,170,109
1767628334897,109,200,true,170,170,108
1767628334893,113,200,true,170,170,112
1767628334893,114,200,true,170,170,113
1767628334884,124,200,true,170,170,124
1767628335006,3,200,true,170,170,3
1767628334893,116,200,true,170,170,116
1767628334874,135,200,true,170,170,135
1767628334883,127,200,true,170,170,126
1767628334882,128,200,true,170,170,128
1767628334893,117,200,true,170,170,117
1767628334876,134,200,true,170,170,134
1767628334875,135,200,true,170,170,135
1767628334881,130,200,true,170,170,130
1767628334875,136,200,true,170,170,136
1767628334889,122,200,true,170,170,122
1767628334881,130,200,true,170,170,130
1767628334876,136,200,true,170,170,136
1767628334876,136,200,true,170,170,136
1767628334887,125,200,true,170,170,125
1767628334875,137,200,true,170,170,137
1767628334884,129,200,true,170,170,129
1767628334876,137,200,true,170,170,137
1767628334877,136,200,true,170,170,136
1767628334878,135,200,true,170,170,135
1767628334884,129,200,true,170,170,129
1767628334880,134,200,true,170,170,134
1767628334874,140,200,true,170,170,140
1767628334888,126,200,true,170,170,126
1767628334875,139,200,true,170,170,139
1767628334894,120,200,true,170,170,120
1767628334879,136,200,true,170,170,136
1767628334889,126,200,true,170,170,126
1767628334882,133,200,true,170,170,133
1767628334883,133,200,true,170,170,133
1767628334875,141,200,true,170,170,141
1767628334885,131,200,true,170,170,131
1767628334880,136,200,true,170,170,136
1767628334898,118,200,true,170,170,118
1767628334903,114,200,true,170,170,114
1767628334900,117,200,true,170,170,117
1767628334900,117,200,true,170,170,117
1767628334900,117,200,true,170,170,117
1767628334900,118,200,true,170,170,118
1767628334903,115,200,true,170,170,115
1767628334898,120,200,true,170,170,120
1767628334878,140,200,true,170,170,139
1767628334899,120,200,true,170,170,120
1767628334899,120,200,true,170,170,120
1767628334905,114,200,true,170,170,114
1767628334904,115,200,true,170,170,115
1767628334905,114,200,true,170,170,114
1767628334899,121,200,true,170,170,121
1767628334901,119,200,true,170,170,119
1767628334898,123,200,true,170,170,123
1767628334900,127,200,true,170,170,127
1767628334904,123,200,true,170,170,117
1767628334901,126,200,true,170,170,126
1767628334902,125,200,true,170,170,125
1767628334902,125,200,true,170,170,125
1767628334899,129,200,true,170,170,129
1767628334902,126,200,true,170,170,126
1767628334903,125,200,true,170,170,125
1767628334902,126,200,true,170,170,126
1767628334901,128,200,true,170,170,128
1767628334903,126,200,true,170,170,126
1767628334897,132,200,true,170,170,132
1767628334903,126,200,true,170,170,126
1767628334898,132,200,true,170,170,132
1767628334905,125,200,true,170,170,125
1767628334898,132,200,true,170,170,132
1767628334902,128,200,true,170,170,128
1767628334905,125,200,true,170,170,125
1767628334904,127,200,true,170,170,127
1767628334907,124,200,true,170,170,124
1767628334908,123,200,true,170,170,123
1767628334906,126,200,true,170,170,126
1767628334910,122,200,true,170,170,122
1767628334914,118,200,true,170,170,118
1767628334906,126,200,true,170,170,126
1767628334906,127,200,true,170,170,127
1767628334916,117,200,true,170,170,117
1767628334920,113,200,true,170,170,113
1767628334916,117,200,true,170,170,117
1767628334949,84,200,true,170,170,84
1767628334946,88,200,true,170,170,88
1767628334950,84,200,true,170,170,84
1767628334916,118,200,true,170,170,115
1767628335021,16,200,true,170,170,16
1767628335032,5,200,true,170,170,5
1767628334947,90,200,true,170,170,90
1767628334944,93,200,true,170,170,93
1767628334950,88,200,true,170,170,88
1767628334863,175,200,true,170,170,175
1767628334962,76,200,true,170,170,76
1767628334962,76,200,true,170,170,76
1767628334963,75,200,true,170,170,75
1767628334961,78,200,true,170,170,78
1767628334961,78,200,true,170,170,78
1767628334953,86,200,true,170,170,86
1767628334966,73,200,true,170,170,73
1767628334967,73,200,true,170,170,73
1767628334966,74,200,true,170,170,74
1767628334967,73,200,true,170,170,73
1767628334968,72,200,true,170,170,72
1767628334969,72,200,true,170,170,72
1767628334970,71,200,true,170,170,71
1767628334971,70,200,true,170,170,70
1767628334970,71,200,true,170,170,71
1767628334970,71,200,true,170,170,71
1767628334971,71,200,true,170,170,71
1767628334970,76,200,true,170,170,76
1767628335034,12,200,true,170,170,12
1767628335019,27,200,true,170,170,27
1767628335009,42,200,true,170,170,42
1767628335031,20,200,true,170,170,20
1767628335033,19,200,true,170,170,19
1767628335032,20,200,true,170,170,20
1767628335033,20,200,true,170,170,20
1767628335028,25,200,true,170,170,25
1767628335034,20,200,true,170,170,20
1767628335029,25,200,true,170,170,25
1767628335030,25,200,true,170,170,25
1767628335015,44,200,true,170,170,44
1767628335009,51,200,true,170,170,51
1767628335010,50,200,true,170,170,50
1767628335013,48,200,true,170,170,48
1767628335011,50,200,true,170,170,50
1767628335014,48,200,true,170,170,48
1767628335029,33,200,true,170,170,33
1767628335014,49,200,true,170,170,49
1767628335013,55,200,true,170,170,55
1767628335011,57,200,true,170,170,57
1767628335012,56,200,true,170,170,56
1767628335014,54,200,true,170,170,54
1767628335015,54,200,true,170,170,53
1767628335009,60,200,true,170,170,60
1767628335009,60,200,true,170,170,60
1767628335010,59,200,true,170,170,59
1767628335010,60,200,true,170,170,60
1767628335011,59,200,true,170,170,59
1767628335011,59,200,true,170,170,59
1767628335012,58,200,true,170,170,58
1767628335012,59,200,true,170,170,59
1767628335013,58,200,true,170,170,58
1767628335014,57,200,true,170,170,57
1767628335014,58,200,true,170,170,58
1767628335014,58,200,true,170,170,58
1767628335015,58,200,true,170,170,58
1767628335030,43,200,true,170,170,43
1767628335016,58,200,true,170,170,58
1767628335018,56,200,true,170,170,56
1767628335019,62,200,true,170,170,62
1767628334972,110,200,true,170,170,110
1767628334969,115,200,true,170,170,115
1767628334973,112,200,true,170,170,111
1767628334972,113,200,true,170,170,113
1767628334972,113,200,true,170,170,112
1767628334973,113,200,true,170,170,112
1767628334969,117,200,true,170,170,117
1767628334969,117,200,true,170,170,116
1767628334972,114,200,true,170,170,111
1767628335013,73,200,true,170,170,73
1767628334973,115,200,true,170,170,115
1767628334968,120,200,true,170,170,120
1767628335052,37,200,true,170,170,37
1767628334886,205,200,true,170,170,205
1767628334891,201,200,true,170,170,201
1767628334877,216,200,true,170,170,216
1767628334881,213,200,true,170,170,212
1767628334895,199,200,true,170,170,198
1767628335061,34,200,true,170,170,33
1767628334982,115,200,true,170,170,114
1767628335068,30,200,true,170,170,30
1767628334983,115,200,true,170,170,115
1767628334985,115,200,true,170,170,115
1767628334983,119,200,true,170,170,119
1767628335070,32,200,true,170,170,32
1767628334970,133,200,true,170,170,133
1767628335053,51,200,true,170,170,50
1767628334987,119,200,true,170,170,119
1767628334986,120,200,true,170,170,120
1767628334977,130,200,true,170,170,130
1767628334982,125,200,true,170,170,125
1767628334988,120,200,true,170,170,120
1767628334971,139,200,true,170,170,139
1767628335072,39,200,true,170,170,39
1767628334881,231,200,true,170,170,231
1767628334888,224,200,true,170,170,224
1767628335074,39,200,true,170,170,39
1767628335086,28,200,true,170,170,28
1767628335108,7,200,true,170,170,6
1767628335054,61,200,true,170,170,61
1767628335071,44,200,true,170,170,44
1767628335086,31,200,true,170,170,31
1767628334989,128,200,true,170,170,128
1767628334988,130,200,true,170,170,129
1767628334989,129,200,true,170,170,129
1767628334990,128,200,true,170,170,128
1767628334894,224,200,true,170,170,224
1767628334883,235,200,true,170,170,235
1767628334878,241,200,true,170,170,241
1767628334885,234,200,true,170,170,234
1767628334887,232,200,true,170,170,232
1767628334887,232,200,true,170,170,232
1767628334993,127,200,true,170,170,127
1767628334993,127,200,true,170,170,127
1767628334996,124,200,true,170,170,124
1767628334994,126,200,true,170,170,126
1767628334995,125,200,true,170,170,125
1767628334897,224,200,true,170,170,224
1767628334999,122,200,true,170,170,122
1767628334998,123,200,true,170,170,123
1767628334882,239,200,true,170,170,239
1767628334896,225,200,true,170,170,225
1767628334999,123,200,true,170,170,123
1767628335004,118,200,true,170,170,118
1767628335005,117,200,true,170,170,117
1767628335006,116,200,true,170,170,116
1767628335005,118,200,true,170,170,118
1767628335001,122,200,true,170,170,122
1767628335027,96,200,true,170,170,96
1767628335016,107,200,true,170,170,107
1767628335018,106,200,true,170,170,106
1767628335017,107,200,true,170,170,107
1767628335017,107,200,true,170,170,107
1767628335033,91,200,true,170,170,91
1767628335032,92,200,true,170,170,92
1767628334989,135,200,true,170,170,135
1767628334960,165,200,true,170,170,165
1767628335031,94,200,true,170,170,94
1767628335017,108,200,true,170,170,108
1767628335017,113,200,true,170,170,113
1767628335114,16,200,true,170,170,16
1767628335018,112,200,true,170,170,112
1767628335033,98,200,true,170,170,98
1767628335034,97,200,true,170,170,97
1767628335018,113,200,true,170,170,113
1767628335019,112,200,true,170,170,112
1767628335032,99,200,true,170,170,99
1767628335019,113,200,true,170,170,113
1767628335118,18,200,true,170,170,18
1767628335130,6,200,true,170,170,6
1767628335119,17,200,true,170,170,17
1767628335118,23,200,true,170,170,23
1767628335120,21,200,true,170,170,21
1767628335112,29,200,true,170,170,29
1767628335119,26,200,true,170,170,26
1767628335115,31,200,true,170,170,31
1767628335136,13,200,true,170,170,13
1767628335111,38,200,true,170,170,38
1767628335136,14,200,true,170,170,14
1767628335137,16,200,true,170,170,16
1767628335031,123,200,true,170,170,123
1767628335033,121,200,true,170,170,120
1767628335004,152,200,true,170,170,152
1767628335030,126,200,true,170,170,125
1767628335027,129,200,true,170,170,128
1767628335029,127,200,true,170,170,125
1767628335027,129,200,true,170,170,128
1767628335028,128,200,true,170,170,127
1767628335030,126,200,true,170,170,124
1767628335007,150,200,true,170,170,149
1767628335028,129,200,true,170,170,128
1767628335157,2,200,true,170,170,2
1767628335030,129,200,true,170,170,129
1767628335020,139,200,true,170,170,134
1767628335019,140,200,true,170,170,140
1767628335027,135,200,true,170,170,135
1767628335011,155,200,true,170,170,155
1767628335027,139,200,true,170,170,139
1767628335030,136,200,true,170,170,136
1767628335010,156,200,true,170,170,156
1767628335020,146,200,true,170,170,146
1767628335016,151,200,true,170,170,151
1767628335037,131,200,true,170,170,131
1767628335016,152,200,true,170,170,152
1767628335039,129,200,true,170,170,129
1767628335041,128,200,true,170,170,128
1767628335038,131,200,true,170,170,131
1767628335041,128,200,true,170,170,128
1767628335039,130,200,true,170,170,130
1767628335041,128,200,true,170,170,128
1767628335039,131,200,true,170,170,131
1767628335042,128,200,true,170,170,128
1767628335039,131,200,true,170,170,131
1767628335037,133,200,true,170,170,133
1767628335038,133,200,true,170,170,133
1767628335040,131,200,true,170,170,131
1767628335040,131,200,true,170,170,131
1767628335040,131,200,true,170,170,131
1767628335037,135,200,true,170,170,135
1767628335038,134,200,true,170,170,134
1767628335016,156,200,true,170,170,156
1767628335046,126,200,true,170,170,126
1767628335038,135,200,true,170,170,134
1767628335046,127,200,true,170,170,127
1767628335038,135,200,true,170,170,135
1767628335037,136,200,true,170,170,131
1767628335166,8,200,true,170,170,8
1767628335041,133,200,true,170,170,133
1767628335041,135,200,true,170,170,135
1767628335028,149,200,true,170,170,149
1767628335040,137,200,true,170,170,137
1767628335176,2,200,true,170,170,2
1767628335169,10,200,true,170,170,10
1767628335170,12,200,true,170,170,12
1767628335174,9,200,true,170,170,9
1767628335173,11,200,true,170,170,11
1767628335169,15,200,true,170,170,15
1767628335170,15,200,true,170,170,15
1767628335170,15,200,true,170,170,14
1767628335171,14,200,true,170,170,14
1767628335171,15,200,true,170,170,15
1767628335166,20,200,true,170,170,20
1767628335167,20,200,true,170,170,20
1767628334972,216,200,true,170,170,216
1767628335051,138,200,true,170,170,138
1767628335172,18,200,true,170,170,18
1767628335177,13,200,true,170,170,13
1767628335177,14,200,true,170,170,14
1767628335051,140,200,true,170,170,140
1767628335179,12,200,true,170,170,12
1767628335182,10,200,true,170,170,10
1767628335183,9,200,true,170,170,9
1767628335184,9,200,true,170,170,9
1767628335184,9,200,true,170,170,9
1767628335185,9,200,true,170,170,9
1767628335185,9,200,true,170,170,9
1767628335186,8,200,true,170,170,8
1767628335186,9,200,true,170,170,9
1767628335052,143,200,true,170,170,143
1767628335187,8,200,true,170,170,8
1767628335188,8,200,true,170,170,8
1767628335189,7,200,true,170,170,7
1767628335190,7,200,true,170,170,7
1767628335190,7,200,true,170,170,7
1767628335191,7,200,true,170,170,7
1767628335191,7,200,true,170,170,7
1767628335191,7,200,true,170,170,7
1767628335053,146,200,true,170,170,146
1767628335192,7,200,true,170,170,7
1767628335193,7,200,true,170,170,7
1767628335193,7,200,true,170,170,7
1767628335194,7,200,true,170,170,7
1767628335194,7,200,true,170,170,7
1767628335194,8,200,true,170,170,8
1767628335195,7,200,true,170,170,7
1767628335195,7,200,true,170,170,7
1767628335084,119,200,true,170,170,119
1767628335060,144,200,true,170,170,144
1767628335085,119,200,true,170,170,104
1767628335081,123,200,true,170,170,108
1767628334973,232,200,true,170,170,215
1767628335196,9,200,true,170,170,9
1767628335198,8,200,true,170,170,8
1767628335199,7,200,true,170,170,7
1767628335200,6,200,true,170,170,6
1767628335200,7,200,true,170,170,7
1767628335061,146,200,true,170,170,146
1767628335200,8,200,true,170,170,8
1767628335201,7,200,true,170,170,7
1767628335201,7,200,true,170,170,7
1767628335202,7,200,true,170,170,7
1767628335202,7,200,true,170,170,7
1767628335203,7,200,true,170,170,7
1767628335203,7,200,true,170,170,7
1767628335204,6,200,true,170,170,6
1767628335204,7,200,true,170,170,7
1767628335059,152,200,true,170,170,152
1767628335204,7,200,true,170,170,7
1767628335205,7,200,true,170,170,7
1767628335205,7,200,true,170,170,7
1767628335206,7,200,true,170,170,7
1767628335206,7,200,true,170,170,7
1767628335207,7,200,true,170,170,7
1767628335207,7,200,true,170,170,7
1767628335208,6,200,true,170,170,6
1767628335208,7,200,true,170,170,7
1767628335062,153,200,true,170,170,153
1767628335208,8,200,true,170,170,8
1767628335209,7,200,true,170,170,7
1767628335209,7,200,true,170,170,7
1767628335210,7,200,true,170,170,7
1767628335210,7,200,true,170,170,7
1767628335210,8,200,true,170,170,8
1767628335211,7,200,true,170,170,7
1767628335212,7,200,true,170,170,7
1767628335168,51,200,true,170,170,20
1767628335198,21,200,true,170,170,7
1767628335001,219,200,true,170,170,187
1767628335172,48,200,true,170,170,48
1767628335192,28,200,true,170,170,28
1767628335196,25,200,true,170,170,7
1767628335055,167,200,true,170,170,167
1767628335060,166,200,true,170,170,166
1767628335211,15,200,true,170,170,15
1767628335222,4,200,true,170,170,4
1767628335226,1,200,true,170,170,1
1767628335062,165,200,true,170,170,165
1767628335226,1,200,true,170,170,1
1767628335226,2,200,true,170,170,2
1767628335227,1,200,true,170,170,1
1767628335227,2,200,true,170,170,2
1767628335228,1,200,true,170,170,1
1767628335228,2,200,true,170,170,2
1767628335229,1,200,true,170,170,1
1767628335229,1,200,true,170,170,1
1767628335230,1,200,true,170,170,1
1767628335054,177,200,true,170,170,177
1767628335230,2,200,true,170,170,1
1767628335231,1,200,true,170,170,1
1767628335231,1,200,true,170,170,1
1767628335232,1,200,true,170,170,1
1767628335232,1,200,true,170,170,1
1767628335232,2,200,true,170,170,2
1767628335233,1,200,true,170,170,1
1767628335233,1,200,true,170,170,1
1767628335234,1,200,true,170,170,1
1767628335094,141,200,true,170,170,141
1767628335234,2,200,true,170,170,1
1767628335235,1,200,true,170,170,1
1767628335235,1,200,true,170,170,1
1767628335236,1,200,true,170,170,1
1767628335236,1,200,true,170,170,1
1767628335236,2,200,true,170,170,2
1767628335237,1,200,true,170,170,1
1767628335237,1,200,true,170,170,1
1767628335094,145,200,true,170,170,145
1767628335238,1,200,true,170,170,1
1767628335239,1,200,true,170,170,1
1767628335239,1,200,true,170,170,1
1767628335240,1,200,true,170,170,1
1767628335240,1,200,true,170,170,1
1767628335240,2,200,true,170,170,2
1767628335241,1,200,true,170,170,1
1767628335241,1,200,true,170,170,1
1767628335242,1,200,true,170,170,1
1767628335068,175,200,true,170,170,175
1767628335242,1,200,true,170,170,1
1767628335243,1,200,true,170,170,1
1767628335243,1,200,true,170,170,1
1767628335243,2,200,true,170,170,2
1767628335244,1,200,true,170,170,1
1767628335244,1,200,true,170,170,1
1767628335245,1,200,true,170,170,1
1767628335063,184,200,true,170,170,184
1767628335246,1,200,true,170,170,1
1767628335246,1,200,true,170,170,1
1767628335247,1,200,true,170,170,1
1767628335247,1,200,true,170,170,1
1767628335247,2,200,true,170,170,2
1767628335248,1,200,true,170,170,1
1767628335248,2,200,true,170,170,2
1767628335249,1,200,true,170,170,1
1767628335249,1,200,true,170,170,1
1767628334982,269,200,true,170,170,269
1767628335250,1,200,true,170,170,1
1767628335251,2,200,true,170,170,2
1767628335252,1,200,true,170,170,1
1767628335252,2,200,true,170,170,2
1767628335253,1,200,true,170,170,1
1767628335253,2,200,true,170,170,2
1767628335254,1,200,true,170,170,1
1767628335254,1,200,true,170,170,1
1767628335255,1,200,true,170,170,1
1767628335068,187,200,true,170,170,187
1767628335255,2,200,true,170,170,2
1767628335255,2,200,true,170,170,2
1767628335256,1,200,true,170,170,1
1767628335257,1,200,true,170,170,1
1767628335257,1,200,true,170,170,1
1767628335257,2,200,true,170,170,2
1767628335258,1,200,true,170,170,1
1767628335258,1,200,true,170,170,1
1767628335068,191,200,true,170,170,191
1767628335259,1,200,true,170,170,1
1767628335259,2,200,true,170,170,2
1767628335260,1,200,true,170,170,1
1767628335261,1,200,true,170,170,1
1767628335261,1,200,true,170,170,1
1767628335261,2,200,true,170,170,2
1767628335262,1,200,true,170,170,1
1767628335262,1,200,true,170,170,1
1767628335069,194,200,true,170,170,194
1767628335263,2,200,true,170,170,2
1767628335263,2,200,true,170,170,2
1767628335264,1,200,true,170,170,1
1767628335265,1,200,true,170,170,1
1767628335265,1,200,true,170,170,1
1767628335265,2,200,true,170,170,2
1767628335266,1,200,true,170,170,1
1767628335266,2,200,true,170,170,2
1767628335245,22,200,true,170,170,1
1767628335097,171,200,true,170,170,171
1767628335069,199,200,true,170,170,199
1767628334977,291,200,true,170,170,291
1767628335070,199,200,true,170,170,198
1767628335070,199,200,true,170,170,199
1767628335070,199,200,true,170,170,199
1767628335071,198,200,true,170,170,198
1767628335071,199,200,true,170,170,199
1767628335072,198,200,true,170,170,198
1767628335073,197,200,true,170,170,197
1767628335073,197,200,true,170,170,197
1767628335074,197,200,true,170,170,197
1767628335086,185,200,true,170,170,185
1767628335083,188,200,true,170,170,188
1767628335089,182,200,true,170,170,182
1767628335267,5,200,true,170,170,5
1767628335089,183,200,true,170,170,183
1767628335259,14,200,true,170,170,14
1767628335250,22,200,true,170,170,1
1767628335238,35,200,true,170,170,1
1767628335263,11,200,true,170,170,11
1767628335124,151,200,true,170,170,151
1767628335125,152,200,true,170,170,152
1767628335085,192,200,true,170,170,192
1767628335124,153,200,true,170,170,153
1767628335069,208,200,true,170,170,208
1767628335069,208,200,true,170,170,208
1767628335123,154,200,true,170,170,152
1767628335103,174,200,true,170,170,173
1767628335088,189,200,true,170,170,186
1767628335124,153,200,true,170,170,151
1767628335124,153,200,true,170,170,153
1767628335125,152,200,true,170,170,151
1767628335086,192,200,true,170,170,192
1767628335085,193,200,true,170,170,189
1767628335098,180,200,true,170,170,179
1767628335124,154,200,true,170,170,151
1767628335086,192,200,true,170,170,187
1767628335107,172,200,true,170,170,172
1767628335115,167,200,true,170,170,167
1767628335123,159,200,true,170,170,159
1767628335121,161,200,true,170,170,161
1767628335117,165,200,true,170,170,165
1767628335106,176,200,true,170,170,176
1767628335123,160,200,true,170,170,160
1767628335092,191,200,true,170,170,191
1767628335118,165,200,true,170,170,163
1767628335122,161,200,true,170,170,160
1767628335100,183,200,true,170,170,180
1767628335110,173,200,true,170,170,169
1767628335121,162,200,true,170,170,162
1767628335107,176,200,true,170,170,173
1767628335106,177,200,true,170,170,175
1767628335125,158,200,true,170,170,156
1767628335093,190,200,true,170,170,190
1767628335102,181,200,true,170,170,176
1767628335276,8,200,true,170,170,8
1767628335091,193,200,true,170,170,188
1767628335268,17,200,true,170,170,17
1767628335283,3,200,true,170,170,3
1767628335278,8,200,true,170,170,8
1767628335278,9,200,true,170,170,9
1767628335278,10,200,true,170,170,10
1767628335278,10,200,true,170,170,10
1767628335112,175,200,true,170,170,175
1767628335115,176,200,true,170,170,176
1767628335104,187,200,true,170,170,187
1767628335121,171,200,true,170,170,170
1767628335119,177,200,true,170,170,177
1767628335269,28,200,true,170,170,28
1767628335284,14,200,true,170,170,14
1767628335120,177,200,true,170,170,177
1767628335120,177,200,true,170,170,177
1767628335120,178,200,true,170,170,178
1767628335119,181,200,true,170,170,181
1767628335279,23,200,true,170,170,23
1767628335122,181,200,true,170,170,181
1767628335121,183,200,true,170,170,183
1767628335123,181,200,true,170,170,181
1767628335122,182,200,true,170,170,182
1767628335095,210,200,true,170,170,210
1767628335122,183,200,true,170,170,183
1767628335120,186,200,true,170,170,186
1767628335098,208,200,true,170,170,207
1767628335283,26,200,true,170,170,26
1767628335114,197,200,true,170,170,193
1767628335131,180,200,true,170,170,180
1767628335130,181,200,true,170,170,181
1767628335131,180,200,true,170,170,177
1767628335150,165,200,true,170,170,165
1767628335156,162,200,true,170,170,162
1767628335156,162,200,true,170,170,162
1767628335154,165,200,true,170,170,165
1767628335130,189,200,true,170,170,189
1767628335131,189,200,true,170,170,188
1767628335141,179,200,true,170,170,178
1767628335132,188,200,true,170,170,188
1767628335154,168,200,true,170,170,162
1767628335172,150,200,true,170,170,150
1767628335156,167,200,true,170,170,167
1767628335156,167,200,true,170,170,165
1767628335159,164,200,true,170,170,159
1767628335157,166,200,true,170,170,165
1767628335156,168,200,true,170,170,166
1767628335162,162,200,true,170,170,162
1767628335171,153,200,true,170,170,153
1767628335166,159,200,true,170,170,159
1767628335046,279,200,true,170,170,275
1767628335125,201,200,true,170,170,201
1767628335121,205,200,true,170,170,168
1767628335156,171,200,true,170,170,166
1767628335159,169,200,true,170,170,163
1767628335171,160,200,true,170,170,150
1767628335159,172,200,true,170,170,172
1767628335149,183,200,true,170,170,167
1767628335146,186,200,true,170,170,186
1767628335159,173,200,true,170,170,160
1767628335156,176,200,true,170,170,166
1767628335166,167,200,true,170,170,167
1767628335153,180,200,true,170,170,169
1767628335145,189,200,true,170,170,170
1767628335169,166,200,true,170,170,166
1767628335287,50,200,true,170,170,49
1767628335170,169,200,true,170,170,169
1767628335173,167,200,true,170,170,166
1767628335169,171,200,true,170,170,170
1767628335173,167,200,true,170,170,166
1767628335168,173,200,true,170,170,173
1767628335168,174,200,true,170,170,171
1767628335169,173,200,true,170,170,170
1767628335167,176,200,true,170,170,172
1767628335332,12,200,true,170,170,12
1767628335173,170,200,true,170,170,169
1767628335174,170,200,true,170,170,170
1767628335213,136,200,true,170,170,136
1767628335212,137,200,true,170,170,137
1767628335185,164,200,true,170,170,164
1767628335178,172,200,true,170,170,171
1767628335350,1,200,true,170,170,1
1767628335350,2,200,true,170,170,2
1767628335351,1,200,true,170,170,1
1767628335213,138,200,true,170,170,138
1767628335012,340,200,true,170,170,340
1767628335214,138,200,true,170,170,138
1767628335214,138,200,true,170,170,138
1767628335215,137,200,true,170,170,137
1767628335195,157,200,true,170,170,157
1767628335215,138,200,true,170,170,138
1767628335215,138,200,true,170,170,138
1767628335216,137,200,true,170,170,137
1767628335212,141,200,true,170,170,141
1767628335216,138,200,true,170,170,138
1767628335216,138,200,true,170,170,138
1767628335217,137,200,true,170,170,137
1767628335217,137,200,true,170,170,137
1767628335218,136,200,true,170,170,136
1767628335219,136,200,true,170,170,136
1767628335219,136,200,true,170,170,136
1767628335219,136,200,true,170,170,136
1767628335207,148,200,true,170,170,148
1767628335218,138,200,true,170,170,138
1767628335220,136,200,true,170,170,136
1767628335220,136,200,true,170,170,136
1767628335221,135,200,true,170,170,135
1767628335221,135,200,true,170,170,135
1767628335267,91,200,true,170,170,91
1767628335268,90,200,true,170,170,90
1767628335227,130,200,true,170,170,130
1767628335351,7,200,true,170,170,7
1767628335234,123,200,true,170,170,123
1767628335230,128,200,true,170,170,128
1767628335256,103,200,true,170,170,103
1767628335279,80,200,true,170,170,80
1767628335284,75,200,true,170,170,75
1767628335278,82,200,true,170,170,81
1767628335278,82,200,true,170,170,82
1767628335284,76,200,true,170,170,76
1767628335279,81,200,true,170,170,81
1767628335284,76,200,true,170,170,76
1767628335278,83,200,true,170,170,83
1767628335280,81,200,true,170,170,81
1767628335284,77,200,true,170,170,77
1767628335279,82,200,true,170,170,82
1767628335279,83,200,true,170,170,83
1767628335269,93,200,true,170,170,93
1767628335359,4,200,true,170,170,4
1767628335352,15,200,true,170,170,15
1767628335359,8,200,true,170,170,8
1767628335356,13,200,true,170,170,13
1767628335353,17,200,true,170,170,17
1767628335358,12,200,true,170,170,12
1767628335355,16,200,true,170,170,16
1767628335354,20,200,true,170,170,20
1767628335353,21,200,true,170,170,21
1767628335357,18,200,true,170,170,18
1767628335293,84,200,true,170,170,84
1767628335292,85,200,true,170,170,84
1767628335292,85,200,true,170,170,85
1767628335118,259,200,true,170,170,259
1767628335118,259,200,true,170,170,259
1767628335284,94,200,true,170,170,94
1767628335284,94,200,true,170,170,94
1767628335356,22,200,true,170,170,20
1767628335284,94,200,true,170,170,94
1767628335374,9,200,true,170,170,9
1767628335283,100,200,true,170,170,100
1767628335274,111,200,true,170,170,111
1767628335118,266,200,true,170,170,266
1767628335284,102,200,true,170,170,102
1767628335284,102,200,true,170,170,102
1767628335385,1,200,true,170,170,1
1767628335385,2,200,true,170,170,2
1767628335386,1,200,true,170,170,1
1767628335386,2,200,true,170,170,2
1767628335283,106,200,true,170,170,106
1767628335278,111,200,true,170,170,111
1767628335389,1,200,true,170,170,1
1767628335389,1,200,true,170,170,1
1767628335390,1,200,true,170,170,1
1767628335390,1,200,true,170,170,1
1767628335391,1,200,true,170,170,1
1767628335284,108,200,true,170,170,108
1767628335284,109,200,true,170,170,109
1767628335272,121,200,true,170,170,121
1767628335392,1,200,true,170,170,1
1767628335393,1,200,true,170,170,1
1767628335393,1,200,true,170,170,1
1767628335393,2,200,true,170,170,2
1767628335394,1,200,true,170,170,1
1767628335394,2,200,true,170,170,1
1767628335395,1,200,true,170,170,1
1767628335395,1,200,true,170,170,1
1767628335396,1,200,true,170,170,1
1767628335396,1,200,true,170,170,1
1767628335396,2,200,true,170,170,2
1767628335397,1,200,true,170,170,1
1767628335397,2,200,true,170,170,2
1767628335398,1,200,true,170,170,1
1767628335398,1,200,true,170,170,1
1767628335399,1,200,true,170,170,1
1767628335273,127,200,true,170,170,127
1767628335399,1,200,true,170,170,1
1767628335400,1,200,true,170,170,1
1767628335400,1,200,true,170,170,1
1767628335400,2,200,true,170,170,2
1767628335401,1,200,true,170,170,1
1767628335401,2,200,true,170,170,2
1767628335402,1,200,true,170,170,1
1767628335402,1,200,true,170,170,1
1767628335403,1,200,true,170,170,1
1767628335273,131,200,true,170,170,131
1767628335273,133,200,true,170,170,133
1767628335149,258,200,true,170,170,258
1767628335141,267,200,true,170,170,266
1767628335270,139,200,true,170,170,139
1767628335102,306,200,true,170,170,305
1767628335278,131,200,true,170,170,130
1767628335131,277,200,true,170,170,276
1767628335132,277,200,true,170,170,275
1767628335312,98,200,true,170,170,96
1767628335312,98,200,true,170,170,97
1767628335312,98,200,true,170,170,96
1767628335272,138,200,true,170,170,138
1767628335274,136,200,true,170,170,135
1767628335141,268,200,true,170,170,268
1767628335320,96,200,true,170,170,96
1767628335272,144,200,true,170,170,144
1767628335270,148,200,true,170,170,148
1767628335321,98,200,true,170,170,98
1767628335286,133,200,true,170,170,132
1767628335271,148,200,true,170,170,148
1767628335288,131,200,true,170,170,130
1767628335284,135,200,true,170,170,134
1767628335316,103,200,true,170,170,101
1767628335271,148,200,true,170,170,147
1767628335288,132,200,true,170,170,130
1767628335288,132,200,true,170,170,131
1767628335298,125,200,true,170,170,125
1767628335302,123,200,true,170,170,123
1767628335423,2,200,true,170,170,2
1767628335278,147,200,true,170,170,147
1767628335299,126,200,true,170,170,126
1767628335299,127,200,true,170,170,126
1767628335298,128,200,true,170,170,128
1767628335302,124,200,true,170,170,124
1767628335305,121,200,true,170,170,121
1767628335306,120,200,true,170,170,120
1767628335312,115,200,true,170,170,115
1767628335305,122,200,true,170,170,122
1767628335309,118,200,true,170,170,118
1767628335307,120,200,true,170,170,120
1767628335307,121,200,true,170,170,121
1767628335319,109,200,true,170,170,109
1767628335319,109,200,true,170,170,109
1767628335320,108,200,true,170,170,108
1767628335323,106,200,true,170,170,106
1767628335325,104,200,true,170,170,104
1767628335321,108,200,true,170,170,108
1767628335321,108,200,true,170,170,108
1767628335323,106,200,true,170,170,106
1767628335326,104,200,true,170,170,104
1767628335325,105,200,true,170,170,105
1767628335324,106,200,true,170,170,106
1767628335324,106,200,true,170,170,106
1767628335324,106,200,true,170,170,106
1767628335325,107,200,true,170,170,107
1767628335328,114,200,true,170,170,114
1767628335428,16,200,true,170,170,16
1767628335285,159,200,true,170,170,159
1767628335269,175,200,true,170,170,175
1767628335270,174,200,true,170,170,174
1767628335306,138,200,true,170,170,138
1767628335278,167,200,true,170,170,167
1767628335298,147,200,true,170,170,147
1767628335172,272,200,true,170,170,272
1767628335334,111,200,true,170,170,111
1767628335332,113,200,true,170,170,113
1767628335333,112,200,true,170,170,112
1767628335341,105,200,true,170,170,105
1767628335343,103,200,true,170,170,103
1767628335340,106,200,true,170,170,106
1767628335342,104,200,true,170,170,104
1767628335343,103,200,true,170,170,103
1767628335344,103,200,true,170,170,103
1767628335336,111,200,true,170,170,111
1767628335334,113,200,true,170,170,113
1767628335344,103,200,true,170,170,103
1767628335333,114,200,true,170,170,114
1767628335341,107,200,true,170,170,107
1767628335333,115,200,true,170,170,115
1767628335335,113,200,true,170,170,113
1767628335341,107,200,true,170,170,107
1767628335345,104,200,true,170,170,104
1767628335197,251,200,true,170,170,251
1767628335333,116,200,true,170,170,116
1767628335197,251,200,true,170,170,251
1767628335337,114,200,true,170,170,113
1767628335198,252,200,true,170,170,251
1767628335350,101,200,true,170,170,101
1767628335344,107,200,true,170,170,106
1767628335272,181,200,true,170,170,181
1767628335242,212,200,true,170,170,212
1767628335448,9,200,true,170,170,9
1767628335445,12,200,true,170,170,12
1767628335445,13,200,true,170,170,13
1767628335359,102,200,true,170,170,102
1767628335448,13,200,true,170,170,13
1767628335360,104,200,true,170,170,104
1767628335361,104,200,true,170,170,104
1767628335360,105,200,true,170,170,105
1767628335361,104,200,true,170,170,104
1767628335354,112,200,true,170,170,112
1767628335357,109,200,true,170,170,109
1767628335360,106,200,true,170,170,106
1767628335357,110,200,true,170,170,110
1767628335362,105,200,true,170,170,105
1767628335355,112,200,true,170,170,112
1767628335361,107,200,true,170,170,107
1767628335360,108,200,true,170,170,108
1767628335360,108,200,true,170,170,103
1767628335359,109,200,true,170,170,109
1767628335356,113,200,true,170,170,113
1767628335352,117,200,true,170,170,117
1767628335461,10,200,true,170,170,10
1767628335467,6,200,true,170,170,6
1767628335468,5,200,true,170,170,5
1767628335356,117,200,true,170,170,117
1767628335469,5,200,true,170,170,5
1767628335357,117,200,true,170,170,117
1767628335358,116,200,true,170,170,116
1767628335355,119,200,true,170,170,119
1767628335358,117,200,true,170,170,117
1767628335357,118,200,true,170,170,118
1767628335355,120,200,true,170,170,120
1767628335353,122,200,true,170,170,122
1767628335354,121,200,true,170,170,121
1767628335358,118,200,true,170,170,118
1767628335358,118,200,true,170,170,118
1767628335353,123,200,true,170,170,123
1767628335353,123,200,true,170,170,123
1767628335355,121,200,true,170,170,121
1767628335362,115,200,true,170,170,115
1767628335354,123,200,true,170,170,123
1767628335368,109,200,true,170,170,109
1767628335377,100,200,true,170,170,100
1767628335363,115,200,true,170,170,115
1767628335367,111,200,true,170,170,111
1767628335378,100,200,true,170,170,100
1767628335369,109,200,true,170,170,109
1767628335378,101,200,true,170,170,101
1767628335378,101,200,true,170,170,101
1767628335370,109,200,true,170,170,109
1767628335353,126,200,true,170,170,126
1767628335477,4,200,true,170,170,4
1767628335283,198,200,true,170,170,198
1767628335378,103,200,true,170,170,103
1767628335375,106,200,true,170,170,106
1767628335377,105,200,true,170,170,105
1767628335378,104,200,true,170,170,104
1767628335378,104,200,true,170,170,104
1767628335370,112,200,true,170,170,112
1767628335371,111,200,true,170,170,111
1767628335375,107,200,true,170,170,107
1767628335378,105,200,true,170,170,105
1767628335383,100,200,true,170,170,100
1767628335383,100,200,true,170,170,100
1767628335387,96,200,true,170,170,96
1767628335387,97,200,true,170,170,97
1767628335388,96,200,true,170,170,96
1767628335391,93,200,true,170,170,93
1767628335392,92,200,true,170,170,92
1767628335403,82,200,true,170,170,82
1767628335403,82,200,true,170,170,82
1767628335387,98,200,true,170,170,98
1767628335478,8,200,true,170,170,8
1767628335479,7,200,true,170,170,7
1767628335479,7,200,true,170,170,7
1767628335474,13,200,true,170,170,13
1767628335476,14,200,true,170,170,14
1767628335473,17,200,true,170,170,17
1767628335475,16,200,true,170,170,16
1767628335475,19,200,true,170,170,19
1767628335479,15,200,true,170,170,15
1767628335482,15,200,true,170,170,15
1767628335485,12,200,true,170,170,12
1767628335483,15,200,true,170,170,15
1767628335483,17,200,true,170,170,17
1767628335490,11,200,true,170,170,11
1767628335491,12,200,true,170,170,12
1767628335497,6,200,true,170,170,6
1767628335404,101,200,true,170,170,101
1767628335404,101,200,true,170,170,101
1767628335409,97,200,true,170,170,97
1767628335410,96,200,true,170,170,96
1767628335410,96,200,true,170,170,96
1767628335408,99,200,true,170,170,99
1767628335406,101,200,true,170,170,101
1767628335409,98,200,true,170,170,98
1767628335270,237,200,true,170,170,237
1767628335410,98,200,true,170,170,98
1767628335410,98,200,true,170,170,98
1767628335410,100,200,true,170,170,100
1767628335409,105,200,true,170,170,105
1767628335507,7,200,true,170,170,7
1767628335411,105,200,true,170,170,104
1767628335271,245,200,true,170,170,245
1767628335410,106,200,true,170,170,105
1767628335419,98,200,true,170,170,98
1767628335418,99,200,true,170,170,99
1767628335409,108,200,true,170,170,108
1767628335298,220,200,true,170,170,220
1767628335420,98,200,true,170,170,98
1767628335416,102,200,true,170,170,102
1767628335419,99,200,true,170,170,99
1767628335416,103,200,true,170,170,103
1767628335419,100,200,true,170,170,97
1767628335419,100,200,true,170,170,100
1767628335419,100,200,true,170,170,100
1767628335420,99,200,true,170,170,99
1767628335419,101,200,true,170,170,101
1767628335425,95,200,true,170,170,95
1767628335429,91,200,true,170,170,91
1767628335429,91,200,true,170,170,91
1767628335518,5,200,true,170,170,5
1767628335327,196,200,true,170,170,196
1767628335327,198,200,true,170,170,198
1767628335429,98,200,true,170,170,97
1767628335326,204,200,true,170,170,203
1767628335285,246,200,true,170,170,246
1767628335324,207,200,true,170,170,207
1767628335430,102,200,true,170,170,101
1767628335428,104,200,true,170,170,104
1767628335286,249,200,true,170,170,249
1767628335329,207,200,true,170,170,207
1767628335519,17,200,true,170,170,17
1767628335517,20,200,true,170,170,20
1767628335520,17,200,true,170,170,17
1767628335523,15,200,true,170,170,15
1767628335531,7,200,true,170,170,7
1767628335532,7,200,true,170,170,7
1767628335527,12,200,true,170,170,12
1767628335532,8,200,true,170,170,8
1767628335430,110,200,true,170,170,110
1767628335530,11,200,true,170,170,11
1767628335525,16,200,true,170,170,16
1767628335536,6,200,true,170,170,5
1767628335536,6,200,true,170,170,6
1767628335536,6,200,true,170,170,6
1767628335537,6,200,true,170,170,6
1767628335537,6,200,true,170,170,6
1767628335538,6,200,true,170,170,6
1767628335430,114,200,true,170,170,114
1767628335539,6,200,true,170,170,5
1767628335539,6,200,true,170,170,6
1767628335540,5,200,true,170,170,5
1767628335540,6,200,true,170,170,6
1767628335541,5,200,true,170,170,5
1767628335541,6,200,true,170,170,6
1767628335542,5,200,true,170,170,5
1767628335542,6,200,true,170,170,6
1767628335304,244,200,true,170,170,229
1767628335428,120,200,true,170,170,120
1767628335425,123,200,true,170,170,111
1767628335543,6,200,true,170,170,6
1767628335429,121,200,true,170,170,121
1767628335430,120,200,true,170,170,120
1767628335425,126,200,true,170,170,126
1767628335428,124,200,true,170,170,124
1767628335545,8,200,true,170,170,8
1767628335426,129,200,true,170,170,129
1767628335547,9,200,true,170,170,9
1767628335426,131,200,true,170,170,131
1767628335430,127,200,true,170,170,127
1767628335427,131,200,true,170,170,131
1767628335427,131,200,true,170,170,131
1767628335426,132,200,true,170,170,132
1767628335447,112,200,true,170,170,112
1767628335446,113,200,true,170,170,113
1767628335446,114,200,true,170,170,114
1767628335448,112,200,true,170,170,112
1767628335445,115,200,true,170,170,114
1767628335444,116,200,true,170,170,116
1767628335426,134,200,true,170,170,134
1767628335447,113,200,true,170,170,113
1767628335451,110,200,true,170,170,110
1767628335443,118,200,true,170,170,118
1767628335449,112,200,true,170,170,112
1767628335444,118,200,true,170,170,118
1767628335445,117,200,true,170,170,117
1767628335361,201,200,true,170,170,201
1767628335464,99,200,true,170,170,99
1767628335453,110,200,true,170,170,110
1767628335451,112,200,true,170,170,112
1767628335446,118,200,true,170,170,117
1767628335427,137,200,true,170,170,137
1767628335448,116,200,true,170,170,116
1767628335448,121,200,true,170,170,121
1767628335562,7,200,true,170,170,7
1767628335446,127,200,true,170,170,127
1767628335562,11,200,true,170,170,11
1767628335445,128,200,true,170,170,128
1767628335465,110,200,true,170,170,106
1767628335466,109,200,true,170,170,109
1767628335447,129,200,true,170,170,129
1767628335445,131,200,true,170,170,131
1767628335458,121,200,true,170,170,121
1767628335444,135,200,true,170,170,135
1767628335550,30,200,true,170,170,30
1767628335466,114,200,true,170,170,114
1767628335466,114,200,true,170,170,114
1767628335457,128,200,true,170,170,128
1767628335552,33,200,true,170,170,33
1767628335575,10,200,true,170,170,10
1767628335579,9,200,true,170,170,9
1767628335468,121,200,true,170,170,121
1767628335549,40,200,true,170,170,39
1767628335447,142,200,true,170,170,142
1767628335580,9,200,true,170,170,9
1767628335585,5,200,true,170,170,5
1767628335585,5,200,true,170,170,5
1767628335580,11,200,true,170,170,11
1767628335589,2,200,true,170,170,2
1767628335467,124,200,true,170,170,124
1767628335589,4,200,true,170,170,4
1767628335592,1,200,true,170,170,1
1767628335446,148,200,true,170,170,148
1767628335467,127,200,true,170,170,127
1767628335449,145,200,true,170,170,145
1767628335449,146,200,true,170,170,146
1767628335445,150,200,true,170,170,150
1767628335469,126,200,true,170,170,126
1767628335468,127,200,true,170,170,127
1767628335468,128,200,true,170,170,128
1767628335471,125,200,true,170,170,125
1767628335461,135,200,true,170,170,135
1767628335591,6,200,true,170,170,6
1767628335473,126,200,true,170,170,126
1767628335477,123,200,true,170,170,123
1767628335479,122,200,true,170,170,122
1767628335474,127,200,true,170,170,127
1767628335478,124,200,true,170,170,124
1767628335477,129,200,true,170,170,129
1767628335476,133,200,true,170,170,133
1767628335476,134,200,true,170,170,133
1767628335475,135,200,true,170,170,134
1767628335475,135,200,true,170,170,134
1767628335476,134,200,true,170,170,133
1767628335474,136,200,true,170,170,136
1767628335475,136,200,true,170,170,136
1767628335481,134,200,true,170,170,134
1767628335484,131,200,true,170,170,131
1767628335484,132,200,true,170,170,132
1767628335476,140,200,true,170,170,140
1767628335606,10,200,true,170,170,10
1767628335616,2,200,true,170,170,2
1767628335615,3,200,true,170,170,3
1767628335483,135,200,true,170,170,135
1767628335618,1,200,true,170,170,1
1767628335618,1,200,true,170,170,1
1767628335618,2,200,true,170,170,2
1767628335619,2,200,true,170,170,2
1767628335481,143,200,true,170,170,143
1767628335485,139,200,true,170,170,139
1767628335482,142,200,true,170,170,142
1767628335481,145,200,true,170,170,145
1767628335486,141,200,true,170,170,141
1767628335485,142,200,true,170,170,141
1767628335485,142,200,true,170,170,142
1767628335482,145,200,true,170,170,145
1767628335486,141,200,true,170,170,141
1767628335490,137,200,true,170,170,137
1767628335483,144,200,true,170,170,143
1767628335494,135,200,true,170,170,135
1767628335487,142,200,true,170,170,141
1767628335494,135,200,true,170,170,135
1767628335487,142,200,true,170,170,138
1767628335482,147,200,true,170,170,145
1767628335482,147,200,true,170,170,142
1767628335629,2,200,true,170,170,2
1767628335503,130,200,true,170,170,130
1767628335498,135,200,true,170,170,135
1767628335500,133,200,true,170,170,133
1767628335503,131,200,true,170,170,131
1767628335507,129,200,true,170,170,129
1767628335507,129,200,true,170,170,128
1767628335506,130,200,true,170,170,130
1767628335508,128,200,true,170,170,128
1767628335506,132,200,true,170,170,132
1767628335505,133,200,true,170,170,133
1767628335505,134,200,true,170,170,133
1767628335419,223,200,true,170,170,223
1767628335506,137,200,true,170,170,137
1767628335409,234,200,true,170,170,233
1767628335633,12,200,true,170,170,12
1767628335519,126,200,true,170,170,126
1767628335516,129,200,true,170,170,129
1767628335627,19,200,true,170,170,4
1767628335497,149,200,true,170,170,149
1767628335636,11,200,true,170,170,11
1767628335639,8,200,true,170,170,8
1767628335647,2,200,true,170,170,2
1767628335642,7,200,true,170,170,7
1767628335484,165,200,true,170,170,165
1767628335271,381,200,true,170,170,381
1767628335520,133,200,true,170,170,133
1767628335518,135,200,true,170,170,135
1767628335429,224,200,true,170,170,221
1767628335519,134,200,true,170,170,133
1767628335519,135,200,true,170,170,133
1767628335523,131,200,true,170,170,129
1767628335517,137,200,true,170,170,137
1767628335519,135,200,true,170,170,132
1767628335520,134,200,true,170,170,134
1767628335520,135,200,true,170,170,130
1767628335272,383,200,true,170,170,382
1767628335519,136,200,true,170,170,134
1767628335518,138,200,true,170,170,135
1767628335425,232,200,true,170,170,232
1767628335305,353,200,true,170,170,353
1767628335544,119,200,true,170,170,119
1767628335516,148,200,true,170,170,147
1767628335514,150,200,true,170,170,150
1767628335656,10,200,true,170,170,10
1767628335654,12,200,true,170,170,12
1767628335666,1,200,true,170,170,1
1767628335542,125,200,true,170,170,125
1767628335538,129,200,true,170,170,129
1767628335545,123,200,true,170,170,123
1767628335432,236,200,true,170,170,236
1767628335545,124,200,true,170,170,124
1767628335546,123,200,true,170,170,122
1767628335553,118,200,true,170,170,118
1767628335427,245,200,true,170,170,245
1767628335547,125,200,true,170,170,125
1767628335427,245,200,true,170,170,245
1767628335563,110,200,true,170,170,110
1767628335562,112,200,true,170,170,112
1767628335548,126,200,true,170,170,126
1767628335455,219,200,true,170,170,219
1767628335563,112,200,true,170,170,112
1767628335546,129,200,true,170,170,129
1767628335451,224,200,true,170,170,224
1767628335451,225,200,true,170,170,224
1767628335559,118,200,true,170,170,118
1767628335445,233,200,true,170,170,232
1767628335558,121,200,true,170,170,121
1767628335457,224,200,true,170,170,223
1767628335564,119,200,true,170,170,117
1767628335561,122,200,true,170,170,122
1767628335449,237,200,true,170,170,237
1767628335556,130,200,true,170,170,130
1767628335675,11,200,true,170,170,11
1767628335675,12,200,true,170,170,12
1767628335676,11,200,true,170,170,11
1767628335677,11,200,true,170,170,11
1767628335557,131,200,true,170,170,131
1767628335681,8,200,true,170,170,8
1767628335686,3,200,true,170,170,3
1767628335686,3,200,true,170,170,3
1767628335687,3,200,true,170,170,3
1767628335687,3,200,true,170,170,3
1767628335687,4,200,true,170,170,4
1767628335688,3,200,true,170,170,3
1767628335688,4,200,true,170,170,4
1767628335560,132,200,true,170,170,132
1767628335558,134,200,true,170,170,134
1767628335560,133,200,true,170,170,133
1767628335557,136,200,true,170,170,136
1767628335576,117,200,true,170,170,117
1767628335548,146,200,true,170,170,146
1767628335560,134,200,true,170,170,125
1767628335561,133,200,true,170,170,133
1767628335564,130,200,true,170,170,121
1767628335560,135,200,true,170,170,135
1767628335558,138,200,true,170,170,138
1767628335564,135,200,true,170,170,135
1767628335560,139,200,true,170,170,139
1767628335548,151,200,true,170,170,151
1767628335569,130,200,true,170,170,130
1767628335573,127,200,true,170,170,127
1767628335576,124,200,true,170,170,124
1767628335576,124,200,true,170,170,124
1767628335574,126,200,true,170,170,126
1767628335569,132,200,true,170,170,132
1767628335579,122,200,true,170,170,122
1767628335573,128,200,true,170,170,127
1767628335694,7,200,true,170,170,7
1767628335694,7,200,true,170,170,7
1767628335580,122,200,true,170,170,122
1767628335589,113,200,true,170,170,113
1767628335589,113,200,true,170,170,113
1767628335589,113,200,true,170,170,113
1767628335590,113,200,true,170,170,113
1767628335590,113,200,true,170,170,113
1767628335591,112,200,true,170,170,112
1767628335585,118,200,true,170,170,118
1767628335551,152,200,true,170,170,152
1767628335596,108,200,true,170,170,108
1767628335478,226,200,true,170,170,226
1767628335478,226,200,true,170,170,226
1767628335595,116,200,true,170,170,116
1767628335594,118,200,true,170,170,116
1767628335703,10,200,true,170,170,10
1767628335594,119,200,true,170,170,119
1767628335477,236,200,true,170,170,236
1767628335596,117,200,true,170,170,117
1767628335594,119,200,true,170,170,119
1767628335593,122,200,true,170,170,122
1767628335713,3,200,true,170,170,3
1767628335595,121,200,true,170,170,121
1767628335713,4,200,true,170,170,4
1767628335714,3,200,true,170,170,3
1767628335715,2,200,true,170,170,2
1767628335716,2,200,true,170,170,2
1767628335716,2,200,true,170,170,2
1767628335717,2,200,true,170,170,2
1767628335717,2,200,true,170,170,2
1767628335717,2,200,true,170,170,2
1767628335596,125,200,true,170,170,125
1767628335718,3,200,true,170,170,3
1767628335599,123,200,true,170,170,123
1767628335473,249,200,true,170,170,249
1767628335597,125,200,true,170,170,125
1767628335474,250,200,true,170,170,250
1767628335610,116,200,true,170,170,116
1767628335611,115,200,true,170,170,115
1767628335600,126,200,true,170,170,125
1767628335610,116,200,true,170,170,116
1767628335594,132,200,true,170,170,132
1767628335601,125,200,true,170,170,124
1767628335610,116,200,true,170,170,114
1767628335602,124,200,true,170,170,124
1767628335609,117,200,true,170,170,115
1767628335722,5,200,true,170,170,5
1767628335610,117,200,true,170,170,117
1767628335616,112,200,true,170,170,112
1767628335616,112,200,true,170,170,112
1767628335620,109,200,true,170,170,109
1767628335610,119,200,true,170,170,117
1767628335615,114,200,true,170,170,113
1767628335484,247,200,true,170,170,247
1767628335624,107,200,true,170,170,107
1767628335501,232,200,true,170,170,232
1767628335624,110,200,true,170,170,109
1767628335624,113,200,true,170,170,112
1767628335627,110,200,true,170,170,110
1767628335619,118,200,true,170,170,114
1767628335627,110,200,true,170,170,110
1767628335721,17,200,true,170,170,17
1767628335627,111,200,true,170,170,110
1767628335481,257,200,true,170,170,257
1767628335627,112,200,true,170,170,111
1767628335508,235,200,true,170,170,235
1767628335508,235,200,true,170,170,235
1767628335629,115,200,true,170,170,115
1767628335634,111,200,true,170,170,111
1767628335726,19,200,true,170,170,19
1767628335633,112,200,true,170,170,112
1767628335629,123,200,true,170,170,123
1767628335629,123,200,true,170,170,123
1767628335636,116,200,true,170,170,116
1767628335627,126,200,true,170,170,126
1767628335627,126,200,true,170,170,126
1767628335645,108,200,true,170,170,108
1767628335638,116,200,true,170,170,116
1767628335726,28,200,true,170,170,28
1767628335737,17,200,true,170,170,17
1767628335643,113,200,true,170,170,113
1767628335638,121,200,true,170,170,121
1767628335646,113,200,true,170,170,113
1767628335510,253,200,true,170,170,253
1767628335519,245,200,true,170,170,245
1767628335515,249,200,true,170,170,249
1767628335646,118,200,true,170,170,118
1767628335657,107,200,true,170,170,107
1767628335658,107,200,true,170,170,106
1767628335516,249,200,true,170,170,249
1767628335543,222,200,true,170,170,222
1767628335544,221,200,true,170,170,221
1767628335654,111,200,true,170,170,111
1767628335653,113,200,true,170,170,113
1767628335653,113,200,true,170,170,113
1767628335653,113,200,true,170,170,113
1767628335652,118,200,true,170,170,118
1767628335647,125,200,true,170,170,125
1767628335649,123,200,true,170,170,123
1767628335663,110,200,true,170,170,110
1767628335655,118,200,true,170,170,118
1767628335772,1,200,true,170,170,1
1767628335773,1,200,true,170,170,1
1767628335773,1,200,true,170,170,1
1767628335773,2,200,true,170,170,2
1767628335773,2,200,true,170,170,2
1767628335774,2,200,true,170,170,2
1767628335775,1,200,true,170,170,1
1767628335775,2,200,true,170,170,2
1767628335776,1,200,true,170,170,1
1767628335776,1,200,true,170,170,1
1767628335777,1,200,true,170,170,1
1767628335777,1,200,true,170,170,1
1767628335778,1,200,true,170,170,1
1767628335778,1,200,true,170,170,1
1767628335778,2,200,true,170,170,2
1767628335654,126,200,true,170,170,126
1767628335779,1,200,true,170,170,1
1767628335780,1,200,true,170,170,1
1767628335780,1,200,true,170,170,1
1767628335781,1,200,true,170,170,1
1767628335781,1,200,true,170,170,1
1767628335781,2,200,true,170,170,2
1767628335782,1,200,true,170,170,1
1767628335782,1,200,true,170,170,1
1767628335783,1,200,true,170,170,1
1767628335783,2,200,true,170,170,2
1767628335784,1,200,true,170,170,1
1767628335785,0,200,true,170,170,0
1767628335785,1,200,true,170,170,1
1767628335786,0,200,true,170,170,0
1767628335786,1,200,true,170,170,1
1767628335786,1,200,true,170,170,1
1767628335787,1,200,true,170,170,1
1767628335655,133,200,true,170,170,133
1767628335654,134,200,true,170,170,134
1767628335649,139,200,true,170,170,139
1767628335653,135,200,true,170,170,135
1767628335649,140,200,true,170,170,140
1767628335783,6,200,true,170,170,1
1767628335654,136,200,true,170,170,136
1767628335666,125,200,true,170,170,125
1767628335664,127,200,true,170,170,127
1767628335664,127,200,true,170,170,126
1767628335655,136,200,true,170,170,135
1767628335532,259,200,true,170,170,259
1767628335667,125,200,true,170,170,125
1767628335789,5,200,true,170,170,5
1767628335669,125,200,true,170,170,124
1767628335788,6,200,true,170,170,6
1767628335792,2,200,true,170,170,2
1767628335791,4,200,true,170,170,4
1767628335788,7,200,true,170,170,7
1767628335788,8,200,true,170,170,8
1767628335789,8,200,true,170,170,8
1767628335788,9,200,true,170,170,9
1767628335791,6,200,true,170,170,6
1767628335791,6,200,true,170,170,6
1767628335789,9,200,true,170,170,9
1767628335791,7,200,true,170,170,7
1767628335794,5,200,true,170,170,5
1767628335794,5,200,true,170,170,5
1767628335794,6,200,true,170,170,6
1767628335667,133,200,true,170,170,133
1767628335669,132,200,true,170,170,132
1767628335668,134,200,true,170,170,134
1767628335669,133,200,true,170,170,133
1767628335795,8,200,true,170,170,8
1767628335671,133,200,true,170,170,133
1767628335672,134,200,true,170,170,134
1767628335672,134,200,true,170,170,134
1767628335673,133,200,true,170,170,133
1767628335672,134,200,true,170,170,134
1767628335561,247,200,true,170,170,247
1767628335465,344,200,true,170,170,343
1767628335559,250,200,true,170,170,250
1767628335465,345,200,true,170,170,345
1767628335563,247,200,true,170,170,247
1767628335550,261,200,true,170,170,259
1767628335801,10,200,true,170,170,10
1767628335678,134,200,true,170,170,134
1767628335560,252,200,true,170,170,252
1767628335806,7,200,true,170,170,7
1767628335802,12,200,true,170,170,12
1767628335675,139,200,true,170,170,139
1767628335810,5,200,true,170,170,5
1767628335679,138,200,true,170,170,138
1767628335556,261,200,true,170,170,261
1767628335689,129,200,true,170,170,129
1767628335548,270,200,true,170,170,270
1767628335675,144,200,true,170,170,144
1767628335689,130,200,true,170,170,129
1767628335812,8,200,true,170,170,8
1767628335690,133,200,true,170,170,133
1767628335818,5,200,true,170,170,5
1767628335692,133,200,true,170,170,133
1767628335692,133,200,true,170,170,133
1767628335691,134,200,true,170,170,134
1767628335692,133,200,true,170,170,133
1767628335691,134,200,true,170,170,134
1767628335674,151,200,true,170,170,151
1767628335690,135,200,true,170,170,135
1767628335683,143,200,true,170,170,143
1767628335693,133,200,true,170,170,133
1767628335674,152,200,true,170,170,152
1767628335693,133,200,true,170,170,133
1767628335693,134,200,true,170,170,134
1767628335683,144,200,true,170,170,144
1767628335694,133,200,true,170,170,133
1767628335695,132,200,true,170,170,132
1767628335695,133,200,true,170,170,133
1767628335704,124,200,true,170,170,124
1767628335703,126,200,true,170,170,126
1767628335825,4,200,true,170,170,4
1767628335702,128,200,true,170,170,128
1767628335701,129,200,true,170,170,129
1767628335699,131,200,true,170,170,131
1767628335701,132,200,true,170,170,132
1767628335700,135,200,true,170,170,135
1767628335699,136,200,true,170,170,136
1767628335701,134,200,true,170,170,134
1767628335699,137,200,true,170,170,135
1767628335703,133,200,true,170,170,132
1767628335702,134,200,true,170,170,132
1767628335700,137,200,true,170,170,134
1767628335824,17,200,true,170,170,10
1767628335700,141,200,true,170,170,141
1767628335830,12,200,true,170,170,12
1767628335595,248,200,true,170,170,248
1767628335842,2,200,true,170,170,2
1767628335837,7,200,true,170,170,7
1767628335833,11,200,true,170,170,11
1767628335836,9,200,true,170,170,9
1767628335836,9,200,true,170,170,9
1767628335841,5,200,true,170,170,5
1767628335835,11,200,true,170,170,11
1767628335841,6,200,true,170,170,6
1767628335836,11,200,true,170,170,11
1767628335843,4,200,true,170,170,4
1767628335702,146,200,true,170,170,146
1767628335844,5,200,true,170,170,5
1767628335845,4,200,true,170,170,4
1767628335704,146,200,true,170,170,146
1767628335702,149,200,true,170,170,149
1767628335845,7,200,true,170,170,5
1767628335713,141,200,true,170,170,141
1767628335848,8,200,true,170,170,8
1767628335844,13,200,true,170,170,4
1767628335854,3,200,true,170,170,3
1767628335712,145,200,true,170,170,145
1767628335713,144,200,true,170,170,144
1767628335719,139,200,true,170,170,139
1767628335595,263,200,true,170,170,263
1767628335720,138,200,true,170,170,138
1767628335601,258,200,true,170,170,258
1767628335719,140,200,true,170,170,140
1767628335621,238,200,true,170,170,238
1767628335723,136,200,true,170,170,136
1767628335727,133,200,true,170,170,133
1767628335726,134,200,true,170,170,134
1767628335734,126,200,true,170,170,126
1767628335726,134,200,true,170,170,134
1767628335729,132,200,true,170,170,132
1767628335722,139,200,true,170,170,139
1767628335726,135,200,true,170,170,135
1767628335721,140,200,true,170,170,140
1767628335728,133,200,true,170,170,133
1767628335724,138,200,true,170,170,138
1767628335729,133,200,true,170,170,133
1767628335629,233,200,true,170,170,233
1767628335726,136,200,true,170,170,136
1767628335859,4,200,true,170,170,4
1767628335860,5,200,true,170,170,5
1767628335627,238,200,true,170,170,238
1767628335862,4,200,true,170,170,4
1767628335859,9,200,true,170,170,9
1767628335862,6,200,true,170,170,6
1767628335859,10,200,true,170,170,10
1767628335858,11,200,true,170,170,11
1767628335858,12,200,true,170,170,12
1767628335863,7,200,true,170,170,7
1767628335745,125,200,true,170,170,125
1767628335729,143,200,true,170,170,143
1767628335726,147,200,true,170,170,147
1767628335866,8,200,true,170,170,8
1767628335868,6,200,true,170,170,6
1767628335870,5,200,true,170,170,5
1767628335868,7,200,true,170,170,7
1767628335870,6,200,true,170,170,6
1767628335636,240,200,true,170,170,240
1767628335869,7,200,true,170,170,7
1767628335870,7,200,true,170,170,7
1767628335872,5,200,true,170,170,5
1767628335873,5,200,true,170,170,5
1767628335874,4,200,true,170,170,4
1767628335874,4,200,true,170,170,4
1767628335875,4,200,true,170,170,4
1767628335875,4,200,true,170,170,4
1767628335876,4,200,true,170,170,4
1767628335726,154,200,true,170,170,154
1767628335876,5,200,true,170,170,5
1767628335876,5,200,true,170,170,5
1767628335877,4,200,true,170,170,4
1767628335877,5,200,true,170,170,5
1767628335878,4,200,true,170,170,4
1767628335878,5,200,true,170,170,5
1767628335879,4,200,true,170,170,4
1767628335879,4,200,true,170,170,4
1767628335880,4,200,true,170,170,4
1767628335728,156,200,true,170,170,156
1767628335880,5,200,true,170,170,4
1767628335881,4,200,true,170,170,4
1767628335881,4,200,true,170,170,4
1767628335881,5,200,true,170,170,5
1767628335882,4,200,true,170,170,4
1767628335882,5,200,true,170,170,5
1767628335883,4,200,true,170,170,4
1767628335883,4,200,true,170,170,4
1767628335883,5,200,true,170,170,5
1767628335633,255,200,true,170,170,255
1767628335885,4,200,true,170,170,4
1767628335885,4,200,true,170,170,4
1767628335885,4,200,true,170,170,4
1767628335886,4,200,true,170,170,4
1767628335886,4,200,true,170,170,4
1767628335887,4,200,true,170,170,4
1767628335887,4,200,true,170,170,4
1767628335887,4,200,true,170,170,4
1767628335629,263,200,true,170,170,244
1767628335888,4,200,true,170,170,4
1767628335889,4,200,true,170,170,4
1767628335889,4,200,true,170,170,4
1767628335889,5,200,true,170,170,5
1767628335890,4,200,true,170,170,4
1767628335890,4,200,true,170,170,4
1767628335891,4,200,true,170,170,4
1767628335891,4,200,true,170,170,4
1767628335891,5,200,true,170,170,5
1767628335636,260,200,true,170,170,260
1767628335892,4,200,true,170,170,4
1767628335893,4,200,true,170,170,4
1767628335893,4,200,true,170,170,4
1767628335894,4,200,true,170,170,4
1767628335894,4,200,true,170,170,4
1767628335894,5,200,true,170,170,5
1767628335895,4,200,true,170,170,4
1767628335895,4,200,true,170,170,4
1767628335896,4,200,true,170,170,4
1767628335865,35,200,true,170,170,35
1767628335737,164,200,true,170,170,164
1767628335743,166,200,true,170,170,166
1767628335738,171,200,true,170,170,171
1767628335731,178,200,true,170,170,178
1767628335898,11,200,true,170,170,11
1767628335909,1,200,true,170,170,1
1767628335909,1,200,true,170,170,1
1767628335909,2,200,true,170,170,2
1767628335909,2,200,true,170,170,2
1767628335910,2,200,true,170,170,2
1767628335910,3,200,true,170,170,3
1767628335732,181,200,true,170,170,181
1767628335738,176,200,true,170,170,176
1767628335737,177,200,true,170,170,177
1767628335738,176,200,true,170,170,176
1767628335913,1,200,true,170,170,1
1767628335745,170,200,true,170,170,170
1767628335745,170,200,true,170,170,170
1767628335733,182,200,true,170,170,182
1767628335739,176,200,true,170,170,176
1767628335745,170,200,true,170,170,170
1767628335737,179,200,true,170,170,179
1767628335752,164,200,true,170,170,164
1767628335754,162,200,true,170,170,162
1767628335753,163,200,true,170,170,163
1767628335645,271,200,true,170,170,271
1767628335753,164,200,true,170,170,164
1767628335753,164,200,true,170,170,164
1767628335752,165,200,true,170,170,165
1767628335752,165,200,true,170,170,165
1767628335643,274,200,true,170,170,274
1767628335645,273,200,true,170,170,273
1767628335754,164,200,true,170,170,164
1767628335754,164,200,true,170,170,164
1767628335756,162,200,true,170,170,162
1767628335759,159,200,true,170,170,159
1767628335765,154,200,true,170,170,154
1767628335764,155,200,true,170,170,155
1767628335888,32,200,true,170,170,32
1767628335765,157,200,true,170,170,157
1767628335759,163,200,true,170,170,162
1767628335766,156,200,true,170,170,155
1767628335771,153,200,true,170,170,153
1767628335764,160,200,true,170,170,160
1767628335766,158,200,true,170,170,158
1767628335764,160,200,true,170,170,160
1767628335765,159,200,true,170,170,159
1767628335765,159,200,true,170,170,158
1767628335764,160,200,true,170,170,160
1767628335765,159,200,true,170,170,159
1767628335764,160,200,true,170,170,158
1767628335766,158,200,true,170,170,158
1767628335787,141,200,true,170,170,141
1767628335916,13,200,true,170,170,13
1767628335774,160,200,true,170,170,160
1767628335791,144,200,true,170,170,144
1767628335399,537,200,true,170,170,537
1767628335795,141,200,true,170,170,141
1767628335790,146,200,true,170,170,146
1767628335796,140,200,true,170,170,140
1767628335797,139,200,true,170,170,139
1767628335797,140,200,true,170,170,140
1767628335667,270,200,true,170,170,270
1767628335797,140,200,true,170,170,140
1767628335798,139,200,true,170,170,139
1767628335797,141,200,true,170,170,141
1767628335803,135,200,true,170,170,135
1767628335794,144,200,true,170,170,144
1767628335799,139,200,true,170,170,139
1767628335937,5,200,true,170,170,5
1767628335804,140,200,true,170,170,140
1767628335806,138,200,true,170,170,138
1767628335802,143,200,true,170,170,142
1767628335800,145,200,true,170,170,145
1767628335806,139,200,true,170,170,139
1767628335806,139,200,true,170,170,139
1767628335798,149,200,true,170,170,149
1767628335799,148,200,true,170,170,143
1767628335944,3,200,true,170,170,3
1767628335809,139,200,true,170,170,139
1767628335808,140,200,true,170,170,139
1767628335800,148,200,true,170,170,147
1767628335810,139,200,true,170,170,139
1767628335810,140,200,true,170,170,140
1767628335947,4,200,true,170,170,4
1767628335814,138,200,true,170,170,138
1767628335814,138,200,true,170,170,138
1767628335811,141,200,true,170,170,140
1767628335811,141,200,true,170,170,141
1767628335948,4,200,true,170,170,4
1767628335951,2,200,true,170,170,2
1767628335812,142,200,true,170,170,142
1767628335952,3,200,true,170,170,3
1767628335813,143,200,true,170,170,143
1767628335819,138,200,true,170,170,138
1767628335815,143,200,true,170,170,143
1767628335820,138,200,true,170,170,137
1767628335819,140,200,true,170,170,138
1767628335818,141,200,true,170,170,139
1767628335817,142,200,true,170,170,140
1767628335817,143,200,true,170,170,139
1767628335955,6,200,true,170,170,3
1767628335953,8,200,true,170,170,8
1767628335825,137,200,true,170,170,137
1767628335961,1,200,true,170,170,1
1767628335961,2,200,true,170,170,2
1767628335962,1,200,true,170,170,1
1767628335825,140,200,true,170,170,140
1767628335703,262,200,true,170,170,261
1767628335825,140,200,true,170,170,140
1767628335829,139,200,true,170,170,139
1767628335699,269,200,true,170,170,269
1767628335830,138,200,true,170,170,138
1767628335968,1,200,true,170,170,1
1767628335968,1,200,true,170,170,1
1767628335968,2,200,true,170,170,2
1767628335969,1,200,true,170,170,1
1767628335969,1,200,true,170,170,1
1767628335970,1,200,true,170,170,1
1767628335970,1,200,true,170,170,1
1767628335971,1,200,true,170,170,1
1767628335827,145,200,true,170,170,145
1767628335971,1,200,true,170,170,1
1767628335972,1,200,true,170,170,1
1767628335972,1,200,true,170,170,1
1767628335973,1,200,true,170,170,1
1767628335973,1,200,true,170,170,1
1767628335973,2,200,true,170,170,2
1767628335974,1,200,true,170,170,1
1767628335974,1,200,true,170,170,1
1767628335701,275,200,true,170,170,275
1767628335975,1,200,true,170,170,1
1767628335975,2,200,true,170,170,2
1767628335976,1,200,true,170,170,1
1767628335976,2,200,true,170,170,2
1767628335977,1,200,true,170,170,1
1767628335827,152,200,true,170,170,152
1767628335978,1,200,true,170,170,1
1767628335978,1,200,true,170,170,1
1767628335979,1,200,true,170,170,1
1767628335979,1,200,true,170,170,1
1767628335980,1,200,true,170,170,1
1767628335980,1,200,true,170,170,1
1767628335980,2,200,true,170,170,2
1767628335981,1,200,true,170,170,1
1767628335981,2,200,true,170,170,2
1767628335982,1,200,true,170,170,1
1767628335982,1,200,true,170,170,1
1767628335983,1,200,true,170,170,1
1767628335826,158,200,true,170,170,158
1767628335983,2,200,true,170,170,2
1767628335984,1,200,true,170,170,1
1767628335984,1,200,true,170,170,1
1767628335985,1,200,true,170,170,1
1767628335985,1,200,true,170,170,1
1767628335986,1,200,true,170,170,1
1767628335986,1,200,true,170,170,1
1767628335986,2,200,true,170,170,2
1767628335827,161,200,true,170,170,161
1767628335826,162,200,true,170,170,138
1767628335825,163,200,true,170,170,163
1767628335830,159,200,true,170,170,159
1767628335835,154,200,true,170,170,154
1767628335836,153,200,true,170,170,153
1767628335701,288,200,true,170,170,266
1767628335697,292,200,true,170,170,269
1767628335823,166,200,true,170,170,141
1767628335702,287,200,true,170,170,264
1767628335703,286,200,true,170,170,258
1767628335829,160,200,true,170,170,137
1767628335828,161,200,true,170,170,161
1767628335826,163,200,true,170,170,163
1767628335826,163,200,true,170,170,135
1767628335975,15,200,true,170,170,1
1767628335825,165,200,true,170,170,141
1767628335828,163,200,true,170,170,163
1767628335827,165,200,true,170,170,165
1767628335689,303,200,true,170,170,303
1767628335845,148,200,true,170,170,148
1767628335846,148,200,true,170,170,148
1767628335712,283,200,true,170,170,283
1767628335704,292,200,true,170,170,292
1767628335847,149,200,true,170,170,149
1767628335850,147,200,true,170,170,146
1767628335846,153,200,true,170,170,151
1767628335851,149,200,true,170,170,148
1767628335852,148,200,true,170,170,148
1767628335849,151,200,true,170,170,151
1767628335997,4,200,true,170,170,4
1767628335857,145,200,true,170,170,145
1767628335860,142,200,true,170,170,142
1767628335857,146,200,true,170,170,145
1767628335718,287,200,true,170,170,283
1767628335847,158,200,true,170,170,158
1767628335861,146,200,true,170,170,146
1767628335988,20,200,true,170,170,20
1767628335989,19,200,true,170,170,19
1767628336001,7,200,true,170,170,7
1767628335989,20,200,true,170,170,20
1767628335989,20,200,true,170,170,20
1767628335989,21,200,true,170,170,21
1767628335989,21,200,true,170,170,21
1767628335996,15,200,true,170,170,15
1767628335990,21,200,true,170,170,21
1767628335995,16,200,true,170,170,16
1767628335858,154,200,true,170,170,154
1767628335856,156,200,true,170,170,151
1767628335861,152,200,true,170,170,152
1767628335860,153,200,true,170,170,153
1767628335861,153,200,true,170,170,153
1767628335993,22,200,true,170,170,22
1767628335860,157,200,true,170,170,157
1767628335858,161,200,true,170,170,161
1767628335861,160,200,true,170,170,160
1767628335990,31,200,true,170,170,31
1767628336010,12,200,true,170,170,12
1767628336011,11,200,true,170,170,11
1767628336012,10,200,true,170,170,10
1767628336012,11,200,true,170,170,11
1767628336012,11,200,true,170,170,11
1767628336013,11,200,true,170,170,11
1767628336013,11,200,true,170,170,11
1767628336015,10,200,true,170,170,10
1767628336017,8,200,true,170,170,8
1767628336015,11,200,true,170,170,11
1767628336021,5,200,true,170,170,5
1767628336019,7,200,true,170,170,7
1767628336021,6,200,true,170,170,6
1767628336022,5,200,true,170,170,5
1767628336022,6,200,true,170,170,6
1767628336023,5,200,true,170,170,5
1767628336024,8,200,true,170,170,8
1767628336028,4,200,true,170,170,4
1767628336032,1,200,true,170,170,1
1767628336032,1,200,true,170,170,1
1767628336033,1,200,true,170,170,1
1767628336033,1,200,true,170,170,1
1767628336034,0,200,true,170,170,0
1767628336034,1,200,true,170,170,1
1767628336034,1,200,true,170,170,1
1767628336035,1,200,true,170,170,1
1767628335859,177,200,true,170,170,177
1767628335727,309,200,true,170,170,309
1767628335863,173,200,true,170,170,173
1767628335631,406,200,true,170,170,406
1767628335726,311,200,true,170,170,311
1767628335899,138,200,true,170,170,138
1767628335900,137,200,true,170,170,137
1767628335899,138,200,true,170,170,138
1767628335899,139,200,true,170,170,139
1767628335896,142,200,true,170,170,142
1767628335901,137,200,true,170,170,137
1767628335900,138,200,true,170,170,138
1767628335865,173,200,true,170,170,173
1767628335897,142,200,true,170,170,142
1767628335911,128,200,true,170,170,128
1767628335912,127,200,true,170,170,127
1767628335911,128,200,true,170,170,128
1767628335897,143,200,true,170,170,143
1767628335898,142,200,true,170,170,142
1767628335869,171,200,true,170,170,171
1767628335884,156,200,true,170,170,156
1767628335884,156,200,true,170,170,156
1767628335880,161,200,true,170,170,161
1767628335896,145,200,true,170,170,145
1767628335892,149,200,true,170,170,149
1767628335914,127,200,true,170,170,127
1767628335913,129,200,true,170,170,129
1767628335914,128,200,true,170,170,128
1767628335916,126,200,true,170,170,126
1767628335919,123,200,true,170,170,123
1767628335919,124,200,true,170,170,123
1767628335917,126,200,true,170,170,126
1767628335922,121,200,true,170,170,121
1767628335914,129,200,true,170,170,129
1767628335916,127,200,true,170,170,127
1767628335914,129,200,true,170,170,129
1767628335922,122,200,true,170,170,122
1767628335924,120,200,true,170,170,120
1767628335917,127,200,true,170,170,127
1767628335917,128,200,true,170,170,128
1767628335916,129,200,true,170,170,129
1767628335920,125,200,true,170,170,125
1767628335924,121,200,true,170,170,121
1767628335922,123,200,true,170,170,122
1767628335924,121,200,true,170,170,121
1767628335917,130,200,true,170,170,130
1767628335915,133,200,true,170,170,133
1767628336042,7,200,true,170,170,7
1767628335918,132,200,true,170,170,132
1767628335915,137,200,true,170,170,137
1767628336043,9,200,true,170,170,9
1767628335924,130,200,true,170,170,130
1767628335924,134,200,true,170,170,133
1767628335918,140,200,true,170,170,139
1767628335916,142,200,true,170,170,142
1767628335915,143,200,true,170,170,142
1767628335924,134,200,true,170,170,134
1767628335924,134,200,true,170,170,134
1767628335918,141,200,true,170,170,139
1767628335924,135,200,true,170,170,135
1767628335928,131,200,true,170,170,131
1767628335929,132,200,true,170,170,132
1767628335918,144,200,true,170,170,144
1767628335915,148,200,true,170,170,147
1767628335924,139,200,true,170,170,138
1767628336058,5,200,true,170,170,5
1767628335934,130,200,true,170,170,130
1767628336043,22,200,true,170,170,22
1767628335938,129,200,true,170,170,129
1767628335937,130,200,true,170,170,130
1767628335935,133,200,true,170,170,133
1767628335938,130,200,true,170,170,129
1767628335939,129,200,true,170,170,129
1767628335937,131,200,true,170,170,130
1767628335936,133,200,true,170,170,130
1767628335937,132,200,true,170,170,130
1767628335936,133,200,true,170,170,131
1767628335936,133,200,true,170,170,131
1767628335936,133,200,true,170,170,132
1767628335938,131,200,true,170,170,130
1767628335938,134,200,true,170,170,132
1767628335954,119,200,true,170,170,119
1767628335958,116,200,true,170,170,116
1767628335958,116,200,true,170,170,116
1767628335959,115,200,true,170,170,115
1767628335959,115,200,true,170,170,115
1767628335959,115,200,true,170,170,115
1767628335952,123,200,true,170,170,122
1767628335825,250,200,true,170,170,250
1767628335963,112,200,true,170,170,112
1767628335963,112,200,true,170,170,112
1767628335987,88,200,true,170,170,88
1767628335965,110,200,true,170,170,110
1767628335945,130,200,true,170,170,130
1767628335947,129,200,true,170,170,129
1767628335947,129,200,true,170,170,129
1767628335948,128,200,true,170,170,128
1767628335942,134,200,true,170,170,134
1767628335945,131,200,true,170,170,131
1767628335952,124,200,true,170,170,124
1767628335956,120,200,true,170,170,120
1767628335952,124,200,true,170,170,124
1767628335957,119,200,true,170,170,116
1767628335952,124,200,true,170,170,124
1767628335950,126,200,true,170,170,122
1767628335949,127,200,true,170,170,127
1767628335946,131,200,true,170,170,131
1767628335948,129,200,true,170,170,124
1767628335945,132,200,true,170,170,126
1767628335944,133,200,true,170,170,133
1767628336068,9,200,true,170,170,9
1767628336067,11,200,true,170,170,11
1767628336069,9,200,true,170,170,9
1767628336068,10,200,true,170,170,10
1767628336069,10,200,true,170,170,10
1767628336068,11,200,true,170,170,11
1767628335977,102,200,true,170,170,102
1767628335971,108,200,true,170,170,108
1767628335987,93,200,true,170,170,93
1767628335779,301,200,true,170,170,301
1767628335965,115,200,true,170,170,115
1767628335965,115,200,true,170,170,115
1767628335962,118,200,true,170,170,118
1767628335849,232,200,true,170,170,231
1767628335847,234,200,true,170,170,234
1767628335996,85,200,true,170,170,85
1767628335999,82,200,true,170,170,82
1767628336002,80,200,true,170,170,80
1767628336002,80,200,true,170,170,80
1767628335983,99,200,true,170,170,99
1767628336003,79,200,true,170,170,79
1767628336038,44,200,true,170,170,44
1767628335992,93,200,true,170,170,93
1767628336037,48,200,true,170,170,48
1767628336038,51,200,true,170,170,51
1767628336045,44,200,true,170,170,44
1767628336040,50,200,true,170,170,50
1767628336039,54,200,true,170,170,54
1767628336076,17,200,true,170,170,17
1767628336075,18,200,true,170,170,18
1767628335744,355,200,true,170,170,354
1767628335988,111,200,true,170,170,111
1767628335862,237,200,true,170,170,237
1767628335989,111,200,true,170,170,111
1767628335989,111,200,true,170,170,111
1767628335861,240,200,true,170,170,236
1767628335989,112,200,true,170,170,112
1767628336005,97,200,true,170,170,97
1767628335988,114,200,true,170,170,114
1767628335991,111,200,true,170,170,107
1767628335989,114,200,true,170,170,114
1767628336000,103,200,true,170,170,99
1767628336000,104,200,true,170,170,98
1767628335989,115,200,true,170,170,112
1767628336074,32,200,true,170,170,32
1767628336082,24,200,true,170,170,24
1767628336076,31,200,true,170,170,31
1767628336047,60,200,true,170,170,60
1767628336075,33,200,true,170,170,33
1767628336075,35,200,true,170,170,35
1767628336052,61,200,true,170,170,61
1767628336050,63,200,true,170,170,63
1767628336081,33,200,true,170,170,29
1767628336063,52,200,true,170,170,52
1767628336076,40,200,true,170,170,40
1767628336077,40,200,true,170,170,40
1767628336106,14,200,true,170,170,14
1767628336101,19,200,true,170,170,19
1767628336085,36,200,true,170,170,36
1767628336104,17,200,true,170,170,17
1767628336103,18,200,true,170,170,18
1767628336085,37,200,true,170,170,37
1767628336089,33,200,true,170,170,33
1767628336103,20,200,true,170,170,20
1767628336101,22,200,true,170,170,22
1767628336104,20,200,true,170,170,20
1767628336121,7,200,true,170,170,7
1767628336121,7,200,true,170,170,7
1767628336122,7,200,true,170,170,7
1767628336124,5,200,true,170,170,5
1767628335989,140,200,true,170,170,140
1767628335994,136,200,true,170,170,136
1767628336000,130,200,true,170,170,130
1767628336008,122,200,true,170,170,122
1767628335989,141,200,true,170,170,141
1767628336005,125,200,true,170,170,125
1767628336009,122,200,true,170,170,122
1767628336008,123,200,true,170,170,123
1767628336011,120,200,true,170,170,120
1767628336023,109,200,true,170,170,109
1767628336025,108,200,true,170,170,108
1767628336010,123,200,true,170,170,123
1767628336009,124,200,true,170,170,124
1767628336009,124,200,true,170,170,123
1767628336123,10,200,true,170,170,10
1767628336122,11,200,true,170,170,11
1767628336123,11,200,true,170,170,11
1767628336025,109,200,true,170,170,109
1767628336024,110,200,true,170,170,110
1767628336026,108,200,true,170,170,108
1767628336027,108,200,true,170,170,108
1767628336026,109,200,true,170,170,109
1767628336027,108,200,true,170,170,108
1767628336027,108,200,true,170,170,108
1767628336007,128,200,true,170,170,128
1767628336023,113,200,true,170,170,113
1767628336131,8,200,true,170,170,8
1767628336036,103,200,true,170,170,103
1767628336042,97,200,true,170,170,97
1767628335915,224,200,true,170,170,224
1767628336035,104,200,true,170,170,104
1767628336043,97,200,true,170,170,97
1767628336041,99,200,true,170,170,99
1767628336040,100,200,true,170,170,100
1767628336036,104,200,true,170,170,104
1767628336038,103,200,true,170,170,103
1767628336043,98,200,true,170,170,98
1767628335918,223,200,true,170,170,223
1767628335924,217,200,true,170,170,217
1767628335917,227,200,true,170,170,227
1767628336139,6,200,true,170,170,6
1767628336135,10,200,true,170,170,10
1767628336058,87,200,true,170,170,87
1767628336058,88,200,true,170,170,88
1767628336058,88,200,true,170,170,88
1767628336059,87,200,true,170,170,87
1767628336039,107,200,true,170,170,107
1767628336039,108,200,true,170,170,108
1767628335960,187,200,true,170,170,187
1767628336043,104,200,true,170,170,104
1767628336038,109,200,true,170,170,109
1767628336044,104,200,true,170,170,104
1767628336044,104,200,true,170,170,104
1767628336045,103,200,true,170,170,103
1767628336039,109,200,true,170,170,109
1767628336037,112,200,true,170,170,112
1767628336044,105,200,true,170,170,105
1767628336036,113,200,true,170,170,113
1767628336041,108,200,true,170,170,108
1767628336042,107,200,true,170,170,107
1767628336045,105,200,true,170,170,105
1767628336044,106,200,true,170,170,106
1767628336045,105,200,true,170,170,105
1767628336042,108,200,true,170,170,108
1767628336045,106,200,true,170,170,106
1767628336040,111,200,true,170,170,111
1767628336046,105,200,true,170,170,105
1767628336036,115,200,true,170,170,115
1767628336037,115,200,true,170,170,115
1767628336041,111,200,true,170,170,111
1767628336037,115,200,true,170,170,115
1767628336039,113,200,true,170,170,113
1767628336134,18,200,true,170,170,18
1767628336040,113,200,true,170,170,113
1767628336133,20,200,true,170,170,20
1767628336041,112,200,true,170,170,112
1767628336038,115,200,true,170,170,115
1767628336076,77,200,true,170,170,77
1767628336135,18,200,true,170,170,18
1767628336059,95,200,true,170,170,95
1767628336080,74,200,true,170,170,74
1767628336080,74,200,true,170,170,74
1767628336082,72,200,true,170,170,72
1767628336077,77,200,true,170,170,77
1767628336082,73,200,true,170,170,73
1767628336079,76,200,true,170,170,76
1767628336076,79,200,true,170,170,79
1767628336080,76,200,true,170,170,75
1767628336069,87,200,true,170,170,87
1767628336049,107,200,true,170,170,107
1767628336134,25,200,true,170,170,25
1767628336052,110,200,true,170,170,110
1767628336156,7,200,true,170,170,7
1767628336140,23,200,true,170,170,23
1767628336156,7,200,true,170,170,7
1767628336154,10,200,true,170,170,10
1767628336141,24,200,true,170,170,24
1767628336141,24,200,true,170,170,24
1767628336146,19,200,true,170,170,19
1767628336147,19,200,true,170,170,19
1767628336147,19,200,true,170,170,19
1767628336147,20,200,true,170,170,20
1767628336148,19,200,true,170,170,19
1767628336149,19,200,true,170,170,19
1767628336074,94,200,true,170,170,94
1767628336148,20,200,true,170,170,20
1767628336150,19,200,true,170,170,19
1767628336148,21,200,true,170,170,21
1767628336149,21,200,true,170,170,21
1767628336145,25,200,true,170,170,25
1767628336149,21,200,true,170,170,21
1767628336149,22,200,true,170,170,22
1767628336145,26,200,true,170,170,26
1767628336149,23,200,true,170,170,23
1767628336081,91,200,true,170,170,91
1767628336076,97,200,true,170,170,86
1767628336140,33,200,true,170,170,24
1767628336139,35,200,true,170,170,35
1767628336139,39,200,true,170,170,39
1767628336153,25,200,true,170,170,25
1767628336082,96,200,true,170,170,96
1767628336042,137,200,true,170,170,137
1767628336076,103,200,true,170,170,103
1767628336152,28,200,true,170,170,28
1767628335992,189,200,true,170,170,189
1767628336063,119,200,true,170,170,119
1767628336178,4,200,true,170,170,4
1767628336174,8,200,true,170,170,8
1767628336163,20,200,true,170,170,20
1767628336163,20,200,true,170,170,20
1767628336163,21,200,true,170,170,21
1767628336069,115,200,true,170,170,115
1767628336173,12,200,true,170,170,12
1767628336166,29,200,true,170,170,29
1767628335857,342,200,true,170,170,342
1767628336076,125,200,true,170,170,125
1767628336184,17,200,true,170,170,17
1767628336185,17,200,true,170,170,17
1767628336195,7,200,true,170,170,7
1767628336184,18,200,true,170,170,18
1767628336199,4,200,true,170,170,4
1767628336201,2,200,true,170,170,2
1767628336201,3,200,true,170,170,3
1767628336076,128,200,true,170,170,128
1767628336080,124,200,true,170,170,120
1767628336202,3,200,true,170,170,3
1767628336203,2,200,true,170,170,2
1767628336073,132,200,true,170,170,132
1767628336076,129,200,true,170,170,129
1767628336102,104,200,true,170,170,104
1767628336069,137,200,true,170,170,137
1767628336076,130,200,true,170,170,124
1767628336081,125,200,true,170,170,125
1767628336099,107,200,true,170,170,101
1767628336069,137,200,true,170,170,137
1767628336078,128,200,true,170,170,128
1767628336075,132,200,true,170,170,119
1767628336202,5,200,true,170,170,5
1767628336203,4,200,true,170,170,4
1767628336076,132,200,true,170,170,132
1767628336058,151,200,true,170,170,151
1767628336054,155,200,true,170,170,155
1767628336079,131,200,true,170,170,131
1767628336062,151,200,true,170,170,151
1767628336093,121,200,true,170,170,121
1767628336063,152,200,true,170,170,150
1767628336099,119,200,true,170,170,119
1767628336102,117,200,true,170,170,117
1767628336102,118,200,true,170,170,118
1767628336100,120,200,true,170,170,120
1767628336106,115,200,true,170,170,115
1767628336206,16,200,true,170,170,15
1767628336114,108,200,true,170,170,107
1767628336058,164,200,true,170,170,164
1767628336100,123,200,true,170,170,123
1767628336077,146,200,true,170,170,146
1767628336076,149,200,true,170,170,149
1767628336048,177,200,true,170,170,177
1767628336078,147,200,true,170,170,147
1767628336225,2,200,true,170,170,2
1767628336081,146,200,true,170,170,146
1767628336059,168,200,true,170,170,168
1767628336077,150,200,true,170,170,150
1767628336223,4,200,true,170,170,4
1767628336227,2,200,true,170,170,2
1767628336225,4,200,true,170,170,3
1767628336222,7,200,true,170,170,7
1767628336115,116,200,true,170,170,116
1767628336113,118,200,true,170,170,118
1767628336099,132,200,true,170,170,132
1767628336108,123,200,true,170,170,123
1767628336110,121,200,true,170,170,121
1767628336117,114,200,true,170,170,114
1767628336107,124,200,true,170,170,124
1767628336113,119,200,true,170,170,119
1767628336107,125,200,true,170,170,125
1767628336206,26,200,true,170,170,26
1767628336061,171,200,true,170,170,169
1767628336093,140,200,true,170,170,140
1767628336116,117,200,true,170,170,117
1767628336120,113,200,true,170,170,112
1767628336121,112,200,true,170,170,111
1767628335988,245,200,true,170,170,245
1767628336128,105,200,true,170,170,105
1767628336131,103,200,true,170,170,103
1767628336133,101,200,true,170,170,101
1767628336133,101,200,true,170,170,101
1767628336131,104,200,true,170,170,103
1767628336133,108,200,true,170,170,108
1767628336231,11,200,true,170,170,11
1767628336231,11,200,true,170,170,11
1767628336232,10,200,true,170,170,10
1767628336231,12,200,true,170,170,12
1767628336229,14,200,true,170,170,14
1767628336227,17,200,true,170,170,17
1767628336132,112,200,true,170,170,112
1767628336227,17,200,true,170,170,17
1767628336228,17,200,true,170,170,17
1767628336231,14,200,true,170,170,14
1767628336229,17,200,true,170,170,17
1767628336232,14,200,true,170,170,14
1767628336231,16,200,true,170,170,16
1767628336233,14,200,true,170,170,14
1767628336227,21,200,true,170,170,21
1767628336136,112,200,true,170,170,112
1767628336231,17,200,true,170,170,17
1767628336233,16,200,true,170,170,16
1767628336241,8,200,true,170,170,8
1767628336242,8,200,true,170,170,8
1767628336242,8,200,true,170,170,8
1767628336243,8,200,true,170,170,8
1767628336243,8,200,true,170,170,8
1767628336243,8,200,true,170,170,8
1767628336134,118,200,true,170,170,118
1767628336129,123,200,true,170,170,123
1767628336140,113,200,true,170,170,113
1767628336135,120,200,true,170,170,120
1767628336250,5,200,true,170,170,5
1767628336135,123,200,true,170,170,123
1767628336130,128,200,true,170,170,128
1767628336150,111,200,true,170,170,111
1767628336131,130,200,true,170,170,130
1767628336155,106,200,true,170,170,106
1767628336156,106,200,true,170,170,106
1767628336139,123,200,true,170,170,122
1767628336130,133,200,true,170,170,131
1767628336130,133,200,true,170,170,128
1767628336155,108,200,true,170,170,104
1767628336153,110,200,true,170,170,107
1767628336147,116,200,true,170,170,113
1767628336155,108,200,true,170,170,107
1767628336140,124,200,true,170,170,122
1767628336154,110,200,true,170,170,108
1767628336154,111,200,true,170,170,111
1767628336150,116,200,true,170,170,116
1767628336155,111,200,true,170,170,104
1767628336151,118,200,true,170,170,118
1767628336141,132,200,true,170,170,131
1767628336146,127,200,true,170,170,126
1767628336152,121,200,true,170,170,120
1767628336139,134,200,true,170,170,133
1767628336152,121,200,true,170,170,120
1767628336146,127,200,true,170,170,127
1767628336152,121,200,true,170,170,121
1767628336273,3,200,true,170,170,2
1767628336250,26,200,true,170,170,26
1767628336153,123,200,true,170,170,122
1767628336263,13,200,true,170,170,13
1767628336152,125,200,true,170,170,124
1767628336146,136,200,true,170,170,136
1767628336144,139,200,true,170,170,139
1767628336282,2,200,true,170,170,1
1767628336142,142,200,true,170,170,142
1767628336065,219,200,true,170,170,219
1767628336077,207,200,true,170,170,207
1767628336068,216,200,true,170,170,216
1767628336164,121,200,true,170,170,121
1767628336078,207,200,true,170,170,207
1767628336068,217,200,true,170,170,217
1767628336162,123,200,true,170,170,123
1767628336130,156,200,true,170,170,156
1767628336172,114,200,true,170,170,114
1767628336153,133,200,true,170,170,133
1767628336284,2,200,true,170,170,2
1767628336075,213,200,true,170,170,213
1767628336075,215,200,true,170,170,215
1767628336079,211,200,true,170,170,211
1767628336080,210,200,true,170,170,210
1767628336079,212,200,true,170,170,212
1767628336074,218,200,true,170,170,217
1767628336082,210,200,true,170,170,209
1767628336159,137,200,true,170,170,137
1767628336291,5,200,true,170,170,5
1767628336292,5,200,true,170,170,5
1767628336290,7,200,true,170,170,7
1767628336296,2,200,true,170,170,2
1767628336297,1,200,true,170,170,1
1767628336297,2,200,true,170,170,2
1767628336297,2,200,true,170,170,2
1767628336298,2,200,true,170,170,2
1767628336168,132,200,true,170,170,132
1767628336166,134,200,true,170,170,134
1767628336168,133,200,true,170,170,133
1767628336074,227,200,true,170,170,222
1767628336165,136,200,true,170,170,136
1767628336171,131,200,true,170,170,131
1767628336169,133,200,true,170,170,133
1767628336179,124,200,true,170,170,124
1767628336165,139,200,true,170,170,139
1767628336300,4,200,true,170,170,4
1767628336300,5,200,true,170,170,5
1767628336302,3,200,true,170,170,3
1767628336301,5,200,true,170,170,5
1767628336302,4,200,true,170,170,4
1767628336304,3,200,true,170,170,3
1767628336304,3,200,true,170,170,3
1767628336305,3,200,true,170,170,3
1767628336170,138,200,true,170,170,138
1767628336301,8,200,true,170,170,8
1767628336183,129,200,true,170,170,129
1767628336180,132,200,true,170,170,132
1767628336182,131,200,true,170,170,131
1767628336169,144,200,true,170,170,144
1767628336183,130,200,true,170,170,130
1767628336171,142,200,true,170,170,141
1767628336305,8,200,true,170,170,8
1767628336173,140,200,true,170,170,140
1767628336204,113,200,true,170,170,113
1767628336065,252,200,true,170,170,252
1767628336074,243,200,true,170,170,243
1767628336072,246,200,true,170,170,246
1767628336313,5,200,true,170,170,5
1767628336207,112,200,true,170,170,112
1767628336205,114,200,true,170,170,114
1767628336209,110,200,true,170,170,110
1767628336205,114,200,true,170,170,114
1767628336204,115,200,true,170,170,115
1767628336205,117,200,true,170,170,117
1767628336319,3,200,true,170,170,3
1767628336207,115,200,true,170,170,115
1767628336204,119,200,true,170,170,119
1767628336206,117,200,true,170,170,117
1767628336206,117,200,true,170,170,117
1767628336206,117,200,true,170,170,117
1767628336208,115,200,true,170,170,115
1767628336206,118,200,true,170,170,118
1767628336209,115,200,true,170,170,115
1767628336215,109,200,true,170,170,109
1767628336210,114,200,true,170,170,114
1767628336213,111,200,true,170,170,111
1767628336215,110,200,true,170,170,110
1767628336207,118,200,true,170,170,118
1767628336206,119,200,true,170,170,119
1767628336205,120,200,true,170,170,120
1767628336218,107,200,true,170,170,107
1767628336219,107,200,true,170,170,107
1767628336220,106,200,true,170,170,106
1767628336093,233,200,true,170,170,233
1767628336223,103,200,true,170,170,103
1767628336220,106,200,true,170,170,106
1767628336221,106,200,true,170,170,106
1767628336222,105,200,true,170,170,105
1767628336222,105,200,true,170,170,105
1767628336225,102,200,true,170,170,102
1767628336090,238,200,true,170,170,238
1767628336135,193,200,true,170,170,193
1767628336120,208,200,true,170,170,208
1767628336133,195,200,true,170,170,195
1767628336234,95,200,true,170,170,95
1767628336234,95,200,true,170,170,95
1767628336234,95,200,true,170,170,95
1767628336233,96,200,true,170,170,96
1767628336028,301,200,true,170,170,301
1767628336089,241,200,true,170,170,241
1767628336233,97,200,true,170,170,97
1767628336318,12,200,true,170,170,12
1767628336232,106,200,true,170,170,105
1767628336232,106,200,true,170,170,106
1767628336235,106,200,true,170,170,105
1767628336233,108,200,true,170,170,108
1767628336329,13,200,true,170,170,13
1767628336323,20,200,true,170,170,20
1767628336323,20,200,true,170,170,20
1767628336323,20,200,true,170,170,20
1767628336323,21,200,true,170,170,21
1767628336327,17,200,true,170,170,17
1767628336324,21,200,true,170,170,21
1767628336327,18,200,true,170,170,18
1767628336324,21,200,true,170,170,21
1767628336328,18,200,true,170,170,18
1767628336330,16,200,true,170,170,16
1767628336322,25,200,true,170,170,25
1767628336327,20,200,true,170,170,20
1767628336327,20,200,true,170,170,20
1767628336324,24,200,true,170,170,24
1767628336328,20,200,true,170,170,20
1767628336325,24,200,true,170,170,23
1767628336325,24,200,true,170,170,24
1767628336134,215,200,true,170,170,208
1767628336229,120,200,true,170,170,120
1767628336130,219,200,true,170,170,219
1767628336325,25,200,true,170,170,25
1767628336233,117,200,true,170,170,117
1767628336133,217,200,true,170,170,217
1767628336244,106,200,true,170,170,106
1767628336245,105,200,true,170,170,105
1767628336128,223,200,true,170,170,223
1767628336245,107,200,true,170,170,107
1767628336341,12,200,true,170,170,12
1767628336349,4,200,true,170,170,4
1767628336338,16,200,true,170,170,16
1767628336338,16,200,true,170,170,16
1767628336246,109,200,true,170,170,109
1767628336247,109,200,true,170,170,109
1767628336350,6,200,true,170,170,6
1767628336350,7,200,true,170,170,7
1767628336344,13,200,true,170,170,13
1767628336348,10,200,true,170,170,10
1767628336248,110,200,true,170,170,110
1767628336249,110,200,true,170,170,110
1767628336248,112,200,true,170,170,112
1767628336248,112,200,true,170,170,112
1767628336350,11,200,true,170,170,11
1767628336351,10,200,true,170,170,10
1767628336349,13,200,true,170,170,12
1767628336344,18,200,true,170,170,18
1767628336247,116,200,true,170,170,116
1767628336345,18,200,true,170,170,18
1767628336342,21,200,true,170,170,21
1767628336345,19,200,true,170,170,19
1767628336345,20,200,true,170,170,20
1767628336346,19,200,true,170,170,19
1767628336349,17,200,true,170,170,17
1767628336346,20,200,true,170,170,20
1767628336352,19,200,true,170,170,19
1767628336362,11,200,true,170,170,11
1767628336363,12,200,true,170,170,12
1767628336249,127,200,true,170,170,127
1767628336251,125,200,true,170,170,125
1767628336252,124,200,true,170,170,124
1767628336252,125,200,true,170,170,125
1767628336253,124,200,true,170,170,124
1767628336251,126,200,true,170,170,126
1767628336376,4,200,true,170,170,4
1767628336376,4,200,true,170,170,4
1767628336377,4,200,true,170,170,4
1767628336129,252,200,true,170,170,252
1767628336153,228,200,true,170,170,228
1767628336263,121,200,true,170,170,121
1767628336262,122,200,true,170,170,122
1767628336263,122,200,true,170,170,122
1767628336264,121,200,true,170,170,121
1767628336261,124,200,true,170,170,124
1767628336262,123,200,true,170,170,123
1767628336263,123,200,true,170,170,120
1767628336263,123,200,true,170,170,121
1767628336261,126,200,true,170,170,123
1767628336150,238,200,true,170,170,238
1767628336151,237,200,true,170,170,237
1767628336151,237,200,true,170,170,237
1767628336388,1,200,true,170,170,1
1767628336154,235,200,true,170,170,235
1767628336381,9,200,true,170,170,9
1767628336151,239,200,true,170,170,239
1767628336388,2,200,true,170,170,2
1767628336389,1,200,true,170,170,1
1767628336153,240,200,true,170,170,239
1767628336273,120,200,true,170,170,120
1767628336273,120,200,true,170,170,119
1767628336276,117,200,true,170,170,117
1767628336276,117,200,true,170,170,117
1767628336393,1,200,true,170,170,1
1767628336265,130,200,true,170,170,130
1767628336146,249,200,true,170,170,249
1767628336264,131,200,true,170,170,131
1767628336263,132,200,true,170,170,132
1767628336262,133,200,true,170,170,133
1767628336266,130,200,true,170,170,130
1767628336273,123,200,true,170,170,123
1767628336276,120,200,true,170,170,120
1767628336255,141,200,true,170,170,141
1767628336276,120,200,true,170,170,120
1767628336395,4,200,true,170,170,4
1767628336266,133,200,true,170,170,133
1767628336259,140,200,true,170,170,140
1767628336274,126,200,true,170,170,126
1767628336258,142,200,true,170,170,142
1767628336273,127,200,true,170,170,127
1767628336273,127,200,true,170,170,127
1767628336283,118,200,true,170,170,118
1767628336277,124,200,true,170,170,124
1767628336285,116,200,true,170,170,116
1767628336286,115,200,true,170,170,115
1767628336285,116,200,true,170,170,116
1767628336284,118,200,true,170,170,118
1767628336286,116,200,true,170,170,116
1767628336284,118,200,true,170,170,118
1767628336284,118,200,true,170,170,118
1767628336286,117,200,true,170,170,117
1767628336286,117,200,true,170,170,117
1767628336285,118,200,true,170,170,118
1767628336285,118,200,true,170,170,118
1767628336167,236,200,true,170,170,236
1767628336290,114,200,true,170,170,114
1767628336290,114,200,true,170,170,114
1767628336165,239,200,true,170,170,239
1767628336288,116,200,true,170,170,116
1767628336284,121,200,true,170,170,120
1767628336292,113,200,true,170,170,113
1767628336299,106,200,true,170,170,106
1767628336299,106,200,true,170,170,106
1767628336300,105,200,true,170,170,105
1767628336178,228,200,true,170,170,228
1767628336255,151,200,true,170,170,144
1767628336172,234,200,true,170,170,234
1767628336179,227,200,true,170,170,227
1767628336167,239,200,true,170,170,239
1767628336301,105,200,true,170,170,105
1767628336306,101,200,true,170,170,101
1767628336298,109,200,true,170,170,109
1767628336306,104,200,true,170,170,104
1767628336406,4,200,true,170,170,4
1767628336406,7,200,true,170,170,7
1767628336405,8,200,true,170,170,8
1767628336405,12,200,true,170,170,11
1767628336405,12,200,true,170,170,12
1767628336406,11,200,true,170,170,11
1767628336399,21,200,true,170,170,21
1767628336307,113,200,true,170,170,113
1767628336403,18,200,true,170,170,17
1767628336420,3,200,true,170,170,3
1767628336417,6,200,true,170,170,6
1767628336307,117,200,true,170,170,117
1767628336308,116,200,true,170,170,116
1767628336168,256,200,true,170,170,256
1767628336170,254,200,true,170,170,254
1767628336170,255,200,true,170,170,255
1767628336178,247,200,true,170,170,247
1767628336182,243,200,true,170,170,243
1767628336181,244,200,true,170,170,244
1767628336182,243,200,true,170,170,243
1767628336423,5,200,true,170,170,5
1767628336309,121,200,true,170,170,121
1767628336313,117,200,true,170,170,117
1767628336312,119,200,true,170,170,119
1767628336202,229,200,true,170,170,229
1767628336313,119,200,true,170,170,119
1767628336319,113,200,true,170,170,113
1767628336314,119,200,true,170,170,118
1767628336317,116,200,true,170,170,115
1767628336308,125,200,true,170,170,124
1767628336318,117,200,true,170,170,117
1767628336329,106,200,true,170,170,106
1767628336317,118,200,true,170,170,118
1767628336431,4,200,true,170,170,4
1767628336319,117,200,true,170,170,117
1767628336326,111,200,true,170,170,111
1767628336329,108,200,true,170,170,108
1767628336329,109,200,true,170,170,109
1767628336327,111,200,true,170,170,111
1767628336328,110,200,true,170,170,110
1767628336328,110,200,true,170,170,110
1767628336430,8,200,true,170,170,8
1767628336326,115,200,true,170,170,115
1767628336326,115,200,true,170,170,115
1767628336433,9,200,true,170,170,9
1767628336436,7,200,true,170,170,7
1767628336435,8,200,true,170,170,8
1767628336433,10,200,true,170,170,10
1767628336432,12,200,true,170,170,12
1767628336431,13,200,true,170,170,13
1767628336435,9,200,true,170,170,9
1767628336438,7,200,true,170,170,7
1767628336441,4,200,true,170,170,4
1767628336441,5,200,true,170,170,5
1767628336442,4,200,true,170,170,4
1767628336443,4,200,true,170,170,4
1767628336443,4,200,true,170,170,4
1767628336443,5,200,true,170,170,5
1767628336319,131,200,true,170,170,131
1767628336326,124,200,true,170,170,124
1767628336322,128,200,true,170,170,128
1767628336326,124,200,true,170,170,124
1767628336322,129,200,true,170,170,129
1767628336325,126,200,true,170,170,126
1767628336325,126,200,true,170,170,126
1767628336323,128,200,true,170,170,128
1767628336330,121,200,true,170,170,121
1767628336341,111,200,true,170,170,111
1767628336343,109,200,true,170,170,109
1767628336343,109,200,true,170,170,109
1767628336343,109,200,true,170,170,109
1767628336350,103,200,true,170,170,103
1767628336244,209,200,true,170,170,209
1767628336444,9,200,true,170,170,9
1767628336350,103,200,true,170,170,103
1767628336450,4,200,true,170,170,4
1767628336347,107,200,true,170,170,107
1767628336347,109,200,true,170,170,109
1767628336451,6,200,true,170,170,6
1767628336354,103,200,true,170,170,103
1767628336349,110,200,true,170,170,110
1767628336349,111,200,true,170,170,111
1767628336358,103,200,true,170,170,103
1767628336357,104,200,true,170,170,104
1767628336355,106,200,true,170,170,106
1767628336353,108,200,true,170,170,108
1767628336356,105,200,true,170,170,105
1767628336354,107,200,true,170,170,107
1767628336358,104,200,true,170,170,104
1767628336356,106,200,true,170,170,104
1767628336452,10,200,true,170,170,10
1767628336359,103,200,true,170,170,103
1767628336361,101,200,true,170,170,101
1767628336360,102,200,true,170,170,102
1767628336357,106,200,true,170,170,106
1767628336361,102,200,true,170,170,102
1767628336363,100,200,true,170,170,100
1767628336361,103,200,true,170,170,103
1767628336363,101,200,true,170,170,100
1767628336362,103,200,true,170,170,103
1767628336365,100,200,true,170,170,100
1767628336364,101,200,true,170,170,100
1767628336371,94,200,true,170,170,94
1767628336365,101,200,true,170,170,101
1767628336366,100,200,true,170,170,100
1767628336251,215,200,true,170,170,215
1767628336366,100,200,true,170,170,100
1767628336373,94,200,true,170,170,94
1767628336377,90,200,true,170,170,90
1767628336246,221,200,true,170,170,221
1767628336353,114,200,true,170,170,114
1767628336375,93,200,true,170,170,93
1767628336377,91,200,true,170,170,91
1767628336376,92,200,true,170,170,92
1767628336380,88,200,true,170,170,88
1767628336380,88,200,true,170,170,88
1767628336381,88,200,true,170,170,88
1767628336381,88,200,true,170,170,88
1767628336385,84,200,true,170,170,84
1767628336385,84,200,true,170,170,84
1767628336385,84,200,true,170,170,84
1767628336385,85,200,true,170,170,85
1767628336385,85,200,true,170,170,85
1767628336386,84,200,true,170,170,84
1767628336386,84,200,true,170,170,84
1767628336385,86,200,true,170,170,86
1767628336387,84,200,true,170,170,84
1767628336388,83,200,true,170,170,83
1767628336269,202,200,true,170,170,202
1767628336389,83,200,true,170,170,83
1767628336390,82,200,true,170,170,82
1767628336390,82,200,true,170,170,82
1767628336390,82,200,true,170,170,82
1767628336393,79,200,true,170,170,79
1767628336390,83,200,true,170,170,83
1767628336393,80,200,true,170,170,80
1767628336393,80,200,true,170,170,80
1767628336393,80,200,true,170,170,80
1767628336395,79,200,true,170,170,78
1767628336395,79,200,true,170,170,79
1767628336396,78,200,true,170,170,78
1767628336395,79,200,true,170,170,79
1767628336394,80,200,true,170,170,80
1767628336396,79,200,true,170,170,79
1767628336395,80,200,true,170,170,80
1767628336396,79,200,true,170,170,79
1767628336396,79,200,true,170,170,79
1767628336401,75,200,true,170,170,75
1767628336401,75,200,true,170,170,75
1767628336401,75,200,true,170,170,75
1767628336399,77,200,true,170,170,77
1767628336396,81,200,true,170,170,81
1767628336404,73,200,true,170,170,73
1767628336403,74,200,true,170,170,74
1767628336403,75,200,true,170,170,75
1767628336402,76,200,true,170,170,76
1767628336404,74,200,true,170,170,72
1767628336404,74,200,true,170,170,74
1767628336406,72,200,true,170,170,72
1767628336407,71,200,true,170,170,71
1767628336402,77,200,true,170,170,77
1767628336404,75,200,true,170,170,75
1767628336405,74,200,true,170,170,74
1767628336405,74,200,true,170,170,74
1767628336404,76,200,true,170,170,75
1767628336407,73,200,true,170,170,73
1767628336406,74,200,true,170,170,74
1767628336406,74,200,true,170,170,74
1767628336400,81,200,true,170,170,81
1767628336400,81,200,true,170,170,81
1767628336148,333,200,true,170,170,333
1767628336402,79,200,true,170,170,79
1767628336244,237,200,true,170,170,237
1767628336400,81,200,true,170,170,81
1767628336451,31,200,true,170,170,31
1767628336454,28,200,true,170,170,28
1767628336450,32,200,true,170,170,32
1767628336452,31,200,true,170,170,31
1767628336452,31,200,true,170,170,31
1767628336452,31,200,true,170,170,31
1767628336453,31,200,true,170,170,31
1767628336401,86,200,true,170,170,86
1767628336400,87,200,true,170,170,87
1767628336403,85,200,true,170,170,85
1767628336402,86,200,true,170,170,85
1767628336474,14,200,true,170,170,14
1767628336399,90,200,true,170,170,89
1767628336420,71,200,true,170,170,71
1767628336417,75,200,true,170,170,75
1767628336417,75,200,true,170,170,75
1767628336413,80,200,true,170,170,78
1767628336410,83,200,true,170,170,81
1767628336413,80,200,true,170,170,77
1767628336401,92,200,true,170,170,92
1767628336410,84,200,true,170,170,84
1767628336469,26,200,true,170,170,26
1767628336474,21,200,true,170,170,21
1767628336477,20,200,true,170,170,19
1767628336457,41,200,true,170,170,41
1767628336463,36,200,true,170,170,36
1767628336421,80,200,true,170,170,80
1767628336481,23,200,true,170,170,21
1767628336425,80,200,true,170,170,80
1767628336425,81,200,true,170,170,81
1767628336424,82,200,true,170,170,82
1767628336424,83,200,true,170,170,83
1767628336424,84,200,true,170,170,84
1767628336423,86,200,true,170,170,86
1767628336425,85,200,true,170,170,84
1767628336430,84,200,true,170,170,84
1767628336313,202,200,true,170,170,202
1767628336438,77,200,true,170,170,77
1767628336317,199,200,true,170,170,199
1767628336435,81,200,true,170,170,81
1767628336433,83,200,true,170,170,83
1767628336330,187,200,true,170,170,187
1767628336312,205,200,true,170,170,202
1767628336438,79,200,true,170,170,79
1767628336428,90,200,true,170,170,89
1767628336329,191,200,true,170,170,191
1767628336438,82,200,true,170,170,82
1767628336510,11,200,true,170,170,11
1767628336469,55,200,true,170,170,53
1767628336446,78,200,true,170,170,78
1767628336444,80,200,true,170,170,80
1767628336472,52,200,true,170,170,52
1767628336447,78,200,true,170,170,78
1767628336448,77,200,true,170,170,77
1767628336445,80,200,true,170,170,79
1767628336436,91,200,true,170,170,91
1767628336469,58,200,true,170,170,58
1767628336466,62,200,true,170,170,62
1767628336473,56,200,true,170,170,56
1767628336473,57,200,true,170,170,57
1767628336468,63,200,true,170,170,63
1767628336471,60,200,true,170,170,60
1767628336462,70,200,true,170,170,70
1767628336465,67,200,true,170,170,67
1767628336461,71,200,true,170,170,71
1767628336466,69,200,true,170,170,69
1767628336482,53,200,true,170,170,53
1767628336482,56,200,true,170,170,56
1767628336489,49,200,true,170,170,49
1767628336491,48,200,true,170,170,48
1767628336444,99,200,true,170,170,99
1767628336515,28,200,true,170,170,28
1767628336481,63,200,true,170,170,63
1767628336517,30,200,true,170,170,30
1767628336521,26,200,true,170,170,26
1767628336529,21,200,true,170,170,21
1767628336510,40,200,true,170,170,40
1767628336451,99,200,true,170,170,99
1767628336347,204,200,true,170,170,203
1767628336451,100,200,true,170,170,100
1767628336348,203,200,true,170,170,203
1767628336450,101,200,true,170,170,101
1767628336464,88,200,true,170,170,88
1767628336231,321,200,true,170,170,321
1767628336453,99,200,true,170,170,99
1767628336453,100,200,true,170,170,100
1767628336454,99,200,true,170,170,99
1767628336452,104,200,true,170,170,104
1767628336470,86,200,true,170,170,86
1767628336470,86,200,true,170,170,86
1767628336550,7,200,true,170,170,7
1767628336470,88,200,true,170,170,87
1767628336476,82,200,true,170,170,82
1767628336467,91,200,true,170,170,90
1767628336475,83,200,true,170,170,83
1767628336476,82,200,true,170,170,82
1767628336476,85,200,true,170,170,85
1767628336551,11,200,true,170,170,11
1767628336551,11,200,true,170,170,11
1767628336547,16,200,true,170,170,16
1767628336535,28,200,true,170,170,28
1767628336538,25,200,true,170,170,25
1767628336489,75,200,true,170,170,72
1767628336550,14,200,true,170,170,14
1767628336552,13,200,true,170,170,13
1767628336553,12,200,true,170,170,12
1767628336550,16,200,true,170,170,16
1767628336532,34,200,true,170,170,34
1767628336535,32,200,true,170,170,32
1767628336544,23,200,true,170,170,23
1767628336553,14,200,true,170,170,14
1767628336470,98,200,true,170,170,91
1767628336531,37,200,true,170,170,37
1767628336531,38,200,true,170,170,38
1767628336532,37,200,true,170,170,37
1767628336552,18,200,true,170,170,18
1767628336551,19,200,true,170,170,19
1767628336532,39,200,true,170,170,39
1767628336552,19,200,true,170,170,19
1767628336551,20,200,true,170,170,20
1767628336538,34,200,true,170,170,34
1767628336478,94,200,true,170,170,94
1767628336556,16,200,true,170,170,16
1767628336558,15,200,true,170,170,15
1767628336558,15,200,true,170,170,15
1767628336557,17,200,true,170,170,17
1767628336556,18,200,true,170,170,18
1767628336561,14,200,true,170,170,14
1767628336562,13,200,true,170,170,13
1767628336562,13,200,true,170,170,13
1767628336461,115,200,true,170,170,115
1767628336563,13,200,true,170,170,13
1767628336564,13,200,true,170,170,13
1767628336564,13,200,true,170,170,13
1767628336565,13,200,true,170,170,13
1767628336565,13,200,true,170,170,13
1767628336565,14,200,true,170,170,14
1767628336566,13,200,true,170,170,13
1767628336566,13,200,true,170,170,13
1767628336558,22,200,true,170,170,22
1767628336567,14,200,true,170,170,14
1767628336567,14,200,true,170,170,14
1767628336568,13,200,true,170,170,13
1767628336568,14,200,true,170,170,14
1767628336569,13,200,true,170,170,13
1767628336569,14,200,true,170,170,14
1767628336570,13,200,true,170,170,13
1767628336570,14,200,true,170,170,14
1767628336474,110,200,true,170,170,110
1767628336571,13,200,true,170,170,13
1767628336571,14,200,true,170,170,14
1767628336572,13,200,true,170,170,13
1767628336572,14,200,true,170,170,14
1767628336572,14,200,true,170,170,14
1767628336573,13,200,true,170,170,13
1767628336573,14,200,true,170,170,14
1767628336574,13,200,true,170,170,13
1767628336474,114,200,true,170,170,83
1767628336574,14,200,true,170,170,14
1767628336558,30,200,true,170,170,30
1767628336576,13,200,true,170,170,13
1767628336567,22,200,true,170,170,22
1767628336543,47,200,true,170,170,47
1767628336530,60,200,true,170,170,38
1767628336563,28,200,true,170,170,28
1767628336461,136,200,true,170,170,136
1767628336589,12,200,true,170,170,12
1767628336461,140,200,true,170,170,140
1767628336457,145,200,true,170,170,145
1767628336466,137,200,true,170,170,136
1767628336461,142,200,true,170,170,142
1767628336478,125,200,true,170,170,125
1767628336462,142,200,true,170,170,142
1767628336479,125,200,true,170,170,125
1767628336478,127,200,true,170,170,127
1767628336603,2,200,true,170,170,2
1767628336467,139,200,true,170,170,139
1767628336480,126,200,true,170,170,126
1767628336468,139,200,true,170,170,139
1767628336479,128,200,true,170,170,128
1767628336479,128,200,true,170,170,128
1767628336462,145,200,true,170,170,143
1767628336463,144,200,true,170,170,144
1767628336480,127,200,true,170,170,126
1767628336425,187,200,true,170,170,187
1767628336424,188,200,true,170,170,188
1767628336468,145,200,true,170,170,144
1767628336506,108,200,true,170,170,107
1767628336425,189,200,true,170,170,189
1767628336481,133,200,true,170,170,133
1767628336313,302,200,true,170,170,302
1767628336506,109,200,true,170,170,109
1767628336614,3,200,true,170,170,3
1767628336324,293,200,true,170,170,293
1767628336438,179,200,true,170,170,179
1767628336468,150,200,true,170,170,150
1767628336463,156,200,true,170,170,156
1767628336617,4,200,true,170,170,3
1767628336480,141,200,true,170,170,141
1767628336470,151,200,true,170,170,151
1767628336465,156,200,true,170,170,155
1767628336475,149,200,true,170,170,149
1767628336471,153,200,true,170,170,153
1767628336472,153,200,true,170,170,153
1767628336472,154,200,true,170,170,154
1767628336615,12,200,true,170,170,12
1767628336477,150,200,true,170,170,150
1767628336626,1,200,true,170,170,1
1767628336627,1,200,true,170,170,1
1767628336627,1,200,true,170,170,1
1767628336627,2,200,true,170,170,2
1767628336628,1,200,true,170,170,1
1767628336628,2,200,true,170,170,2
1767628336629,1,200,true,170,170,1
1767628336463,168,200,true,170,170,168
1767628336437,194,200,true,170,170,194
1767628336468,164,200,true,170,170,164
1767628336517,115,200,true,170,170,115
1767628336473,159,200,true,170,170,159
1767628336472,161,200,true,170,170,161
1767628336518,115,200,true,170,170,115
1767628336464,169,200,true,170,170,169
1767628336504,129,200,true,170,170,129
1767628336466,168,200,true,170,170,168
1767628336631,4,200,true,170,170,4
1767628336479,156,200,true,170,170,156
1767628336446,191,200,true,170,170,191
1767628336633,5,200,true,170,170,5
1767628336635,3,200,true,170,170,3
1767628336471,168,200,true,170,170,168
1767628336465,174,200,true,170,170,174
1767628336447,192,200,true,170,170,192
1767628336632,7,200,true,170,170,7
1767628336633,7,200,true,170,170,7
1767628336634,6,200,true,170,170,6
1767628336467,173,200,true,170,170,173
1767628336524,117,200,true,170,170,117
1767628336525,116,200,true,170,170,116
1767628336639,3,200,true,170,170,3
1767628336638,5,200,true,170,170,5
1767628336527,117,200,true,170,170,117
1767628336473,172,200,true,170,170,172
1767628336640,5,200,true,170,170,5
1767628336640,6,200,true,170,170,5
1767628336475,172,200,true,170,170,172
1767628336466,181,200,true,170,170,181
1767628336461,186,200,true,170,170,185
1767628336462,185,200,true,170,170,184
1767628336481,166,200,true,170,170,166
1767628336462,185,200,true,170,170,185
1767628336459,189,200,true,170,170,189
1767628336475,173,200,true,170,170,173
1767628336482,169,200,true,170,170,169
1767628336481,171,200,true,170,170,171
1767628336647,5,200,true,170,170,5
1767628336483,170,200,true,170,170,170
1767628336484,170,200,true,170,170,169
1767628336483,171,200,true,170,170,170
1767628336493,163,200,true,170,170,163
1767628336495,161,200,true,170,170,161
1767628336489,167,200,true,170,170,167
1767628336492,165,200,true,170,170,164
1767628336493,164,200,true,170,170,164
1767628336493,164,200,true,170,170,162
1767628336493,164,200,true,170,170,164
1767628336492,165,200,true,170,170,163
1767628336487,170,200,true,170,170,169
1767628336487,170,200,true,170,170,169
1767628336488,172,200,true,170,170,170
1767628336505,155,200,true,170,170,155
1767628336495,166,200,true,170,170,165
1767628336524,139,200,true,170,170,139
1767628336524,140,200,true,170,170,140
1767628336528,136,200,true,170,170,136
1767628336527,138,200,true,170,170,138
1767628336520,145,200,true,170,170,145
1767628336508,157,200,true,170,170,157
1767628336525,141,200,true,170,170,141
1767628336498,168,200,true,170,170,168
1767628336516,150,200,true,170,170,143
1767628336516,151,200,true,170,170,151
1767628336507,160,200,true,170,170,153
1767628336516,151,200,true,170,170,151
1767628336515,152,200,true,170,170,152
1767628336520,148,200,true,170,170,139
1767628336525,143,200,true,170,170,137
1767628336524,145,200,true,170,170,145
1767628336501,168,200,true,170,170,161
1767628336494,175,200,true,170,170,175
1767628336515,154,200,true,170,170,147
1767628336499,170,200,true,170,170,164
1767628336517,152,200,true,170,170,144
1767628336497,172,200,true,170,170,163
1767628336453,220,200,true,170,170,219
1767628336576,97,200,true,170,170,97
1767628336543,130,200,true,170,170,130
1767628336467,206,200,true,170,170,206
1767628336539,134,200,true,170,170,133
1767628336558,115,200,true,170,170,114
1767628336547,126,200,true,170,170,125
1767628336460,213,200,true,170,170,213
1767628336472,202,200,true,170,170,201
1767628336451,223,200,true,170,170,219
1767628336657,17,200,true,170,170,17
1767628336660,14,200,true,170,170,10
1767628336656,18,200,true,170,170,18
1767628336651,24,200,true,170,170,24
1767628336575,100,200,true,170,170,100
1767628336575,101,200,true,170,170,101
1767628336571,105,200,true,170,170,105
1767628336577,99,200,true,170,170,99
1767628336577,99,200,true,170,170,99
1767628336580,97,200,true,170,170,97
1767628336581,97,200,true,170,170,97
1767628336579,99,200,true,170,170,99
1767628336579,99,200,true,170,170,98
1767628336577,101,200,true,170,170,101
1767628336556,123,200,true,170,170,121
1767628336578,102,200,true,170,170,102
1767628336581,100,200,true,170,170,100
1767628336582,99,200,true,170,170,99
1767628336674,7,200,true,170,170,7
1767628336579,103,200,true,170,170,103
1767628336676,12,200,true,170,170,12
1767628336477,212,200,true,170,170,212
1767628336673,16,200,true,170,170,16
1767628336477,213,200,true,170,170,213
1767628336589,102,200,true,170,170,102
1767628336585,106,200,true,170,170,106
1767628336681,10,200,true,170,170,10
1767628336588,107,200,true,170,170,107
1767628336597,98,200,true,170,170,98
1767628336586,109,200,true,170,170,109
1767628336584,111,200,true,170,170,111
1767628336591,105,200,true,170,170,105
1767628336590,108,200,true,170,170,108
1767628336587,111,200,true,170,170,111
1767628336584,114,200,true,170,170,114
1767628336586,112,200,true,170,170,112
1767628336601,98,200,true,170,170,98
1767628336479,220,200,true,170,170,220
1767628336601,99,200,true,170,170,98
1767628336586,115,200,true,170,170,115
1767628336588,114,200,true,170,170,111
1767628336588,114,200,true,170,170,113
1767628336587,115,200,true,170,170,114
1767628336585,120,200,true,170,170,119
1767628336607,102,200,true,170,170,102
1767628336602,107,200,true,170,170,107
1767628336305,405,200,true,170,170,405
1767628336605,105,200,true,170,170,105
1767628336607,104,200,true,170,170,104
1767628336606,105,200,true,170,170,104
1767628336607,104,200,true,170,170,104
1767628336607,104,200,true,170,170,104
1767628336607,105,200,true,170,170,104
1767628336607,105,200,true,170,170,105
1767628336711,1,200,true,170,170,1
1767628336700,13,200,true,170,170,13
1767628336606,108,200,true,170,170,105
1767628336612,102,200,true,170,170,102
1767628336612,103,200,true,170,170,100
1767628336432,284,200,true,170,170,284
1767628336319,397,200,true,170,170,397
1767628336437,279,200,true,170,170,279
1767628336702,15,200,true,170,170,13
1767628336614,104,200,true,170,170,103
1767628336701,17,200,true,170,170,17
1767628336709,10,200,true,170,170,10
1767628336613,108,200,true,170,170,108
1767628336621,100,200,true,170,170,100
1767628336469,252,200,true,170,170,252
1767628336480,242,200,true,170,170,242
1767628336615,107,200,true,170,170,107
1767628336474,248,200,true,170,170,248
1767628336617,106,200,true,170,170,104
1767628336621,105,200,true,170,170,104
1767628336621,105,200,true,170,170,105
1767628336624,102,200,true,170,170,102
1767628336621,105,200,true,170,170,105
1767628336619,108,200,true,170,170,107
1767628336624,103,200,true,170,170,103
1767628336625,103,200,true,170,170,103
1767628336723,5,200,true,170,170,5
1767628336722,7,200,true,170,170,7
1767628336717,12,200,true,170,170,12
1767628336718,12,200,true,170,170,12
1767628336716,14,200,true,170,170,14
1767628336719,12,200,true,170,170,12
1767628336727,4,200,true,170,170,4
1767628336726,6,200,true,170,170,6
1767628336630,102,200,true,170,170,102
1767628336726,6,200,true,170,170,6
1767628336722,11,200,true,170,170,11
1767628336726,8,200,true,170,170,8
1767628336727,7,200,true,170,170,7
1767628336728,6,200,true,170,170,6
1767628336729,6,200,true,170,170,6
1767628336729,6,200,true,170,170,6
1767628336729,7,200,true,170,170,7
1767628336630,106,200,true,170,170,106
1767628336732,5,200,true,170,170,5
1767628336733,4,200,true,170,170,4
1767628336734,4,200,true,170,170,4
1767628336735,3,200,true,170,170,3
1767628336717,22,200,true,170,170,22
1767628336631,109,200,true,170,170,109
1767628336632,109,200,true,170,170,109
1767628336633,109,200,true,170,170,109
1767628336445,298,200,true,170,170,298
1767628336635,109,200,true,170,170,109
1767628336633,112,200,true,170,170,112
1767628336632,114,200,true,170,170,114
1767628336637,110,200,true,170,170,110
1767628336638,110,200,true,170,170,110
1767628336639,109,200,true,170,170,109
1767628336640,109,200,true,170,170,109
1767628336641,108,200,true,170,170,108
1767628336639,110,200,true,170,170,110
1767628336641,108,200,true,170,170,107
1767628336739,11,200,true,170,170,11
1767628336456,294,200,true,170,170,294
1767628336639,112,200,true,170,170,111
1767628336471,280,200,true,170,170,280
1767628336642,109,200,true,170,170,109
1767628336647,105,200,true,170,170,105
1767628336646,106,200,true,170,170,106
1767628336645,107,200,true,170,170,107
1767628336644,108,200,true,170,170,108
1767628336645,108,200,true,170,170,107
1767628336647,107,200,true,170,170,107
1767628336483,272,200,true,170,170,272
1767628336647,108,200,true,170,170,108
1767628336654,101,200,true,170,170,101
1767628336741,14,200,true,170,170,14
1767628336657,105,200,true,170,170,105
1767628336665,98,200,true,170,170,96
1767628336664,99,200,true,170,170,99
1767628336666,98,200,true,170,170,97
1767628336664,100,200,true,170,170,100
1767628336666,98,200,true,170,170,98
1767628336657,108,200,true,170,170,107
1767628336665,100,200,true,170,170,97
1767628336666,99,200,true,170,170,96
1767628336667,98,200,true,170,170,98
1767628336667,99,200,true,170,170,98
1767628336665,102,200,true,170,170,102
1767628336755,12,200,true,170,170,12
1767628336668,100,200,true,170,170,100
1767628336656,117,200,true,170,170,112
1767628336653,120,200,true,170,170,115
1767628336667,107,200,true,170,170,107
1767628336657,119,200,true,170,170,118
1767628336653,123,200,true,170,170,123
1767628336652,126,200,true,170,170,126
1767628336648,131,200,true,170,170,131
1767628336657,122,200,true,170,170,122
1767628336657,123,200,true,170,170,123
1767628336752,28,200,true,170,170,27
1767628336661,120,200,true,170,170,120
1767628336656,126,200,true,170,170,126
1767628336648,134,200,true,170,170,133
1767628336654,128,200,true,170,170,128
1767628336657,125,200,true,170,170,125
1767628336647,135,200,true,170,170,135
1767628336673,110,200,true,170,170,110
1767628336751,33,200,true,170,170,33
1767628336663,121,200,true,170,170,112
1767628336767,18,200,true,170,170,18
1767628336763,22,200,true,170,170,22
1767628336669,118,200,true,170,170,118
1767628336673,114,200,true,170,170,114
1767628336679,108,200,true,170,170,108
1767628336674,113,200,true,170,170,113
1767628336677,112,200,true,170,170,112
1767628336673,116,200,true,170,170,116
1767628336669,121,200,true,170,170,121
1767628336669,121,200,true,170,170,121
1767628336676,115,200,true,170,170,113
1767628336676,116,200,true,170,170,115
1767628336668,124,200,true,170,170,124
1767628336673,119,200,true,170,170,118
1767628336673,119,200,true,170,170,115
1767628336678,115,200,true,170,170,115
1767628336669,126,200,true,170,170,126
1767628336678,118,200,true,170,170,117
1767628336678,119,200,true,170,170,119
1767628336779,19,200,true,170,170,19
1767628336764,34,200,true,170,170,34
1767628336780,19,200,true,170,170,19
1767628336784,15,200,true,170,170,15
1767628336784,15,200,true,170,170,15
1767628336785,15,200,true,170,170,15
1767628336675,125,200,true,170,170,125
1767628336780,20,200,true,170,170,20
1767628336773,28,200,true,170,170,28
1767628336782,19,200,true,170,170,19
1767628336782,20,200,true,170,170,20
1767628336776,26,200,true,170,170,26
1767628336779,24,200,true,170,170,24
1767628336787,16,200,true,170,170,16
1767628336787,17,200,true,170,170,17
1767628336669,135,200,true,170,170,135
1767628336798,10,200,true,170,170,10
1767628336582,226,200,true,170,170,226
1767628336582,226,200,true,170,170,226
1767628336798,11,200,true,170,170,11
1767628336799,13,200,true,170,170,13
1767628336681,134,200,true,170,170,134
1767628336478,337,200,true,170,170,337
1767628336681,134,200,true,170,170,134
1767628336478,338,200,true,170,170,338
1767628336674,142,200,true,170,170,142
1767628336583,234,200,true,170,170,234
1767628336678,139,200,true,170,170,139
1767628336584,233,200,true,170,170,233
1767628336583,235,200,true,170,170,235
1767628336680,138,200,true,170,170,138
1767628336682,136,200,true,170,170,136
1767628336674,144,200,true,170,170,144
1767628336669,149,200,true,170,170,149
1767628336691,128,200,true,170,170,128
1767628336689,130,200,true,170,170,130
1767628336690,129,200,true,170,170,129
1767628336689,130,200,true,170,170,130
1767628336669,151,200,true,170,170,151
1767628336674,146,200,true,170,170,146
1767628336691,130,200,true,170,170,130
1767628336688,133,200,true,170,170,133
1767628336691,131,200,true,170,170,131
1767628336591,232,200,true,170,170,231
1767628336695,128,200,true,170,170,128
1767628336819,6,200,true,170,170,6
1767628336696,130,200,true,170,170,130
1767628336821,5,200,true,170,170,5
1767628336603,226,200,true,170,170,226
1767628336603,226,200,true,170,170,226
1767628336699,131,200,true,170,170,131
1767628336605,225,200,true,170,170,225
1767628336699,131,200,true,170,170,131
1767628336695,138,200,true,170,170,137
1767628336695,138,200,true,170,170,137
1767628336604,230,200,true,170,170,230
1767628336712,126,200,true,170,170,126
1767628336711,127,200,true,170,170,127
1767628336718,121,200,true,170,170,121
1767628336714,125,200,true,170,170,125
1767628336712,127,200,true,170,170,127
1767628336614,225,200,true,170,170,225
1767628336712,127,200,true,170,170,127
1767628336710,129,200,true,170,170,129
1767628336710,129,200,true,170,170,129
1767628336713,127,200,true,170,170,127
1767628336711,129,200,true,170,170,129
1767628336702,138,200,true,170,170,138
1767628336709,132,200,true,170,170,127
1767628336711,130,200,true,170,170,127
1767628336705,136,200,true,170,170,136
1767628336716,125,200,true,170,170,122
1767628336698,143,200,true,170,170,138
1767628336702,139,200,true,170,170,134
1767628336721,122,200,true,170,170,121
1767628336723,120,200,true,170,170,120
1767628336721,122,200,true,170,170,122
1767628336617,227,200,true,170,170,227
1767628336714,131,200,true,170,170,131
1767628336618,229,200,true,170,170,228
1767628336721,126,200,true,170,170,126
1767628336735,112,200,true,170,170,112
1767628336715,133,200,true,170,170,133
1767628336732,116,200,true,170,170,115
1767628336838,10,200,true,170,170,10
1767628336838,13,200,true,170,170,13
1767628336726,125,200,true,170,170,125
1767628336730,122,200,true,170,170,122
1767628336731,124,200,true,170,170,124
1767628336731,125,200,true,170,170,125
1767628336736,120,200,true,170,170,119
1767628336733,123,200,true,170,170,122
1767628336740,116,200,true,170,170,115
1767628336734,122,200,true,170,170,120
1767628336852,6,200,true,170,170,6
1767628336734,124,200,true,170,170,124
1767628336856,2,200,true,170,170,2
1767628336856,2,200,true,170,170,2
1767628336856,3,200,true,170,170,3
1767628336858,3,200,true,170,170,3
1767628336647,215,200,true,170,170,215
1767628336859,3,200,true,170,170,3
1767628336861,2,200,true,170,170,2
1767628336643,220,200,true,170,170,218
1767628336660,206,200,true,170,170,206
1767628336737,129,200,true,170,170,129
1767628336738,128,200,true,170,170,128
1767628336737,129,200,true,170,170,129
1767628336742,124,200,true,170,170,123
1767628336738,128,200,true,170,170,127
1767628336481,385,200,true,170,170,383
1767628336629,237,200,true,170,170,237
1767628336736,131,200,true,170,170,131
1767628336866,1,200,true,170,170,1
1767628336750,118,200,true,170,170,118
1767628336749,121,200,true,170,170,121
1767628336765,105,200,true,170,170,105
1767628336867,3,200,true,170,170,3
1767628336744,127,200,true,170,170,127
1767628336751,120,200,true,170,170,120
1767628336768,103,200,true,170,170,103
1767628336748,124,200,true,170,170,124
1767628336749,123,200,true,170,170,123
1767628336755,117,200,true,170,170,117
1767628336746,126,200,true,170,170,126
1767628336748,125,200,true,170,170,125
1767628336749,124,200,true,170,170,124
1767628336755,118,200,true,170,170,118
1767628336767,106,200,true,170,170,106
1767628336749,124,200,true,170,170,124
1767628336752,122,200,true,170,170,122
1767628336781,93,200,true,170,170,93
1767628336745,129,200,true,170,170,126
1767628336754,123,200,true,170,170,123
1767628336868,9,200,true,170,170,9
1767628336871,9,200,true,170,170,9
1767628336874,6,200,true,170,170,6
1767628336751,132,200,true,170,170,132
1767628336755,128,200,true,170,170,128
1767628336883,1,200,true,170,170,1
1767628336752,132,200,true,170,170,132
1767628336753,132,200,true,170,170,132
1767628336751,134,200,true,170,170,134
1767628336764,123,200,true,170,170,123
1767628336668,220,200,true,170,170,220
1767628336763,126,200,true,170,170,125
1767628336763,126,200,true,170,170,124
1767628336782,108,200,true,170,170,108
1767628336785,105,200,true,170,170,105
1767628336764,126,200,true,170,170,126
1767628336774,117,200,true,170,170,116
1767628336787,104,200,true,170,170,104
1767628336790,102,200,true,170,170,101
1767628336891,1,200,true,170,170,1
1767628336888,5,200,true,170,170,5
1767628336890,3,200,true,170,170,3
1767628336675,219,200,true,170,170,219
1767628336783,112,200,true,170,170,112
1767628336765,131,200,true,170,170,131
1767628336765,132,200,true,170,170,132
1767628336673,224,200,true,170,170,223
1767628336676,222,200,true,170,170,221
1767628336776,122,200,true,170,170,122
1767628336765,133,200,true,170,170,133
1767628336674,225,200,true,170,170,222
1767628336773,126,200,true,170,170,124
1767628336766,133,200,true,170,170,130
1767628336782,118,200,true,170,170,118
1767628336789,111,200,true,170,170,111
1767628336891,10,200,true,170,170,9
1767628336889,12,200,true,170,170,6
1767628336896,6,200,true,170,170,6
1767628336897,5,200,true,170,170,5
1767628336899,3,200,true,170,170,3
1767628336787,116,200,true,170,170,116
1767628336793,111,200,true,170,170,111
1767628336791,113,200,true,170,170,113
1767628336899,6,200,true,170,170,6
1767628336899,7,200,true,170,170,7
1767628336901,5,200,true,170,170,5
1767628336901,5,200,true,170,170,5
1767628336789,118,200,true,170,170,118
1767628336901,6,200,true,170,170,6
1767628336797,111,200,true,170,170,111
1767628336796,113,200,true,170,170,113
1767628336792,117,200,true,170,170,117
1767628336792,118,200,true,170,170,118
1767628336793,117,200,true,170,170,117
1767628336796,114,200,true,170,170,114
1767628336903,8,200,true,170,170,8
1767628336904,7,200,true,170,170,7
1767628336906,6,200,true,170,170,6
1767628336907,5,200,true,170,170,5
1767628336799,114,200,true,170,170,114
1767628336907,6,200,true,170,170,6
1767628336899,14,200,true,170,170,4
1767628336790,124,200,true,170,170,124
1767628336902,13,200,true,170,170,12
1767628336890,25,200,true,170,170,4
1767628336800,116,200,true,170,170,116
1767628336799,117,200,true,170,170,117
1767628336912,5,200,true,170,170,5
1767628336800,117,200,true,170,170,117
1767628336800,117,200,true,170,170,117
1767628336801,117,200,true,170,170,117
1767628336912,7,200,true,170,170,7
1767628336801,120,200,true,170,170,120
1767628336803,119,200,true,170,170,119
1767628336914,11,200,true,170,170,11
1767628336918,7,200,true,170,170,7
1767628336913,13,200,true,170,170,13
1767628336804,122,200,true,170,170,122
1767628336778,148,200,true,170,170,148
1767628336792,135,200,true,170,170,135
1767628336804,126,200,true,170,170,126
1767628336808,123,200,true,170,170,123
1767628336808,124,200,true,170,170,124
1767628336815,117,200,true,170,170,117
1767628336820,113,200,true,170,170,113
1767628336818,115,200,true,170,170,115
1767628336823,110,200,true,170,170,110
1767628336819,115,200,true,170,170,115
1767628336809,125,200,true,170,170,125
1767628336815,119,200,true,170,170,117
1767628336817,118,200,true,170,170,118
1767628336819,116,200,true,170,170,115
1767628336819,116,200,true,170,170,116
1767628336933,2,200,true,170,170,1
1767628336698,241,200,true,170,170,241
1767628336698,241,200,true,170,170,241
1767628336818,122,200,true,170,170,122
1767628336829,111,200,true,170,170,111
1767628336818,122,200,true,170,170,122
1767628336816,125,200,true,170,170,124
1767628336818,123,200,true,170,170,120
1767628336935,6,200,true,170,170,3
1767628336822,119,200,true,170,170,117
1767628336830,111,200,true,170,170,111
1767628336823,118,200,true,170,170,118
1767628336816,126,200,true,170,170,126
1767628336604,338,200,true,170,170,338
1767628336825,117,200,true,170,170,117
1767628336829,113,200,true,170,170,113
1767628336830,113,200,true,170,170,113
1767628336826,117,200,true,170,170,117
1767628336826,118,200,true,170,170,118
1767628336840,105,200,true,170,170,105
1767628336830,115,200,true,170,170,113
1767628336833,112,200,true,170,170,112
1767628336833,112,200,true,170,170,111
1767628336698,248,200,true,170,170,245
1767628336695,251,200,true,170,170,247
1767628336944,2,200,true,170,170,1
1767628336943,3,200,true,170,170,3
1767628336840,107,200,true,170,170,107
1767628336843,104,200,true,170,170,104
1767628336841,107,200,true,170,170,107
1767628336840,108,200,true,170,170,108
1767628336841,107,200,true,170,170,106
1767628336839,109,200,true,170,170,109
1767628336843,105,200,true,170,170,104
1767628336841,107,200,true,170,170,107
1767628336834,114,200,true,170,170,114
1767628336821,127,200,true,170,170,127
1767628336839,109,200,true,170,170,109
1767628336840,110,200,true,170,170,109
1767628336934,17,200,true,170,170,16
1767628336841,111,200,true,170,170,111
1767628336839,113,200,true,170,170,113
1767628336839,113,200,true,170,170,113
1767628336841,111,200,true,170,170,111
1767628336839,114,200,true,170,170,114
1767628336847,107,200,true,170,170,107
1767628336839,115,200,true,170,170,115
1767628336848,108,200,true,170,170,108
1767628336848,108,200,true,170,170,108
1767628336845,112,200,true,170,170,112
1767628336847,110,200,true,170,170,109
1767628336844,114,200,true,170,170,111
1767628336855,104,200,true,170,170,103
1767628336843,116,200,true,170,170,116
1767628336852,107,200,true,170,170,107
1767628336847,113,200,true,170,170,113
1767628336851,109,200,true,170,170,107
1767628336848,112,200,true,170,170,109
1767628336945,15,200,true,170,170,6
1767628336942,19,200,true,170,170,12
1767628336841,120,200,true,170,170,114
1767628336858,104,200,true,170,170,104
1767628336862,102,200,true,170,170,102
1767628336863,101,200,true,170,170,100
1767628336863,101,200,true,170,170,101
1767628336858,107,200,true,170,170,104
1767628336856,109,200,true,170,170,106
1767628336858,107,200,true,170,170,104
1767628336862,103,200,true,170,170,101
1767628336856,110,200,true,170,170,105
1767628336947,20,200,true,170,170,20
1767628336945,24,200,true,170,170,16
1767628336946,23,200,true,170,170,18
1767628336940,29,200,true,170,170,15
1767628336945,25,200,true,170,170,25
1767628336752,220,200,true,170,170,220
1767628336867,106,200,true,170,170,106
1767628336866,107,200,true,170,170,107
1767628336866,108,200,true,170,170,108
1767628336743,231,200,true,170,170,231
1767628336866,108,200,true,170,170,106
1767628336871,104,200,true,170,170,104
1767628336866,109,200,true,170,170,105
1767628336867,109,200,true,170,170,109
1767628336866,110,200,true,170,170,108
1767628336747,229,200,true,170,170,224
1767628336870,106,200,true,170,170,106
1767628336873,104,200,true,170,170,101
1767628336957,28,200,true,170,170,28
1767628336873,112,200,true,170,170,112
1767628336874,111,200,true,170,170,111
1767628336872,113,200,true,170,170,113
1767628336872,113,200,true,170,170,113
1767628336873,112,200,true,170,170,112
1767628336874,112,200,true,170,170,112
1767628336872,114,200,true,170,170,114
1767628336873,113,200,true,170,170,113
1767628336870,116,200,true,170,170,116
1767628336870,116,200,true,170,170,116
1767628336877,110,200,true,170,170,110
1767628336880,107,200,true,170,170,107
1767628336881,107,200,true,170,170,105
1767628336974,14,200,true,170,170,13
1767628336884,105,200,true,170,170,105
1767628336976,14,200,true,170,170,14
1767628336976,14,200,true,170,170,14
1767628336977,14,200,true,170,170,14
1767628336976,15,200,true,170,170,15
1767628336976,15,200,true,170,170,15
1767628336782,210,200,true,170,170,210
1767628336986,6,200,true,170,170,6
1767628336986,7,200,true,170,170,7
1767628336985,8,200,true,170,170,8
1767628336986,8,200,true,170,170,8
1767628336986,8,200,true,170,170,8
1767628336985,10,200,true,170,170,10
1767628336986,9,200,true,170,170,9
1767628336986,10,200,true,170,170,10
1767628336884,112,200,true,170,170,112
1767628336874,123,200,true,170,170,123
1767628336883,114,200,true,170,170,106
1767628336970,27,200,true,170,170,27
1767628336975,23,200,true,170,170,14
1767628336872,126,200,true,170,170,126
1767628336989,10,200,true,170,170,10
1767628336965,34,200,true,170,170,34
1767628336887,113,200,true,170,170,113
1767628336890,110,200,true,170,170,110
1767628336986,15,200,true,170,170,6
1767628336994,9,200,true,170,170,9
1767628336998,7,200,true,170,170,7
1767628336892,114,200,true,170,170,114
1767628336892,115,200,true,170,170,115
1767628337003,4,200,true,170,170,4
1767628336893,114,200,true,170,170,114
1767628336893,114,200,true,170,170,114
1767628336895,112,200,true,170,170,112
1767628336895,113,200,true,170,170,113
1767628336898,110,200,true,170,170,110
1767628336898,110,200,true,170,170,110
1767628336900,108,200,true,170,170,108
1767628336902,107,200,true,170,170,107
1767628336902,107,200,true,170,170,107
1767628336904,105,200,true,170,170,105
1767628336905,104,200,true,170,170,104
1767628336906,104,200,true,170,170,104
1767628336906,104,200,true,170,170,104
1767628336908,102,200,true,170,170,102
1767628336909,101,200,true,170,170,101
1767628336897,114,200,true,170,170,114
1767628337007,7,200,true,170,170,7
1767628336909,107,200,true,170,170,107
1767628336910,110,200,true,170,170,109
1767628336578,442,200,true,170,170,442
1767628336911,109,200,true,170,170,109
1767628336802,221,200,true,170,170,221
1767628336915,108,200,true,170,170,108
1767628336803,220,200,true,170,170,220
1767628336919,105,200,true,170,170,104
1767628337020,5,200,true,170,170,4
1767628336917,108,200,true,170,170,107
1767628336913,112,200,true,170,170,112
1767628336917,108,200,true,170,170,107
1767628336802,223,200,true,170,170,221
1767628337021,5,200,true,170,170,5
1767628336911,116,200,true,170,170,116
1767628337025,3,200,true,170,170,3
1767628336915,114,200,true,170,170,114
1767628336913,116,200,true,170,170,115
1767628337027,3,200,true,170,170,3
1767628336916,116,200,true,170,170,116
1767628336917,115,200,true,170,170,115
1767628336926,106,200,true,170,170,106
1767628336925,107,200,true,170,170,107
1767628336923,110,200,true,170,170,109
1767628336930,106,200,true,170,170,106
1767628336927,109,200,true,170,170,109
1767628336926,111,200,true,170,170,111
1767628336813,224,200,true,170,170,224
1767628337032,7,200,true,170,170,7
1767628336933,111,200,true,170,170,111
1767628336946,98,200,true,170,170,98
1767628336817,227,200,true,170,170,225
1767628336932,112,200,true,170,170,112
1767628336948,96,200,true,170,170,96
1767628336952,92,200,true,170,170,92
1767628336932,112,200,true,170,170,112
1767628336935,109,200,true,170,170,109
1767628336941,103,200,true,170,170,103
1767628336935,109,200,true,170,170,109
1767628336944,101,200,true,170,170,100
1767628336942,103,200,true,170,170,102
1767628336820,225,200,true,170,170,225
1767628336815,230,200,true,170,170,230
1767628336946,99,200,true,170,170,99
1767628336939,106,200,true,170,170,104
1767628336941,104,200,true,170,170,104
1767628336948,98,200,true,170,170,97
1767628336947,99,200,true,170,170,99
1767628336948,99,200,true,170,170,99
1767628336942,106,200,true,170,170,106
1767628336941,107,200,true,170,170,107
1767628336948,100,200,true,170,170,100
1767628336956,93,200,true,170,170,91
1767628336948,101,200,true,170,170,100
1767628336935,114,200,true,170,170,113
1767628336948,101,200,true,170,170,99
1767628336939,112,200,true,170,170,112
1767628336965,89,200,true,170,170,89
1767628336940,116,200,true,170,170,116
1767628336934,122,200,true,170,170,120
1767628337047,10,200,true,170,170,10
1767628336965,93,200,true,170,170,93
1767628337045,13,200,true,170,170,13
1767628336941,118,200,true,170,170,118
1767628336948,111,200,true,170,170,111
1767628337045,15,200,true,170,170,15
1767628337055,8,200,true,170,170,8
1767628337049,14,200,true,170,170,14
1767628337045,18,200,true,170,170,18
1767628337058,6,200,true,170,170,5
1767628337060,4,200,true,170,170,4
1767628336948,119,200,true,170,170,119
1767628336952,117,200,true,170,170,117
1767628336952,117,200,true,170,170,117
1767628336951,118,200,true,170,170,118
1767628336941,128,200,true,170,170,128
1767628336941,128,200,true,170,170,128
1767628336866,204,200,true,170,170,204
1767628336957,114,200,true,170,170,114
1767628336958,113,200,true,170,170,113
1767628336959,112,200,true,170,170,112
1767628336959,112,200,true,170,170,112
1767628336960,111,200,true,170,170,111
1767628336959,113,200,true,170,170,113
1767628336974,98,200,true,170,170,98
1767628336954,118,200,true,170,170,118
1767628336955,117,200,true,170,170,117
1767628336960,112,200,true,170,170,112
1767628336957,115,200,true,170,170,115
1767628336953,120,200,true,170,170,120
1767628336967,106,200,true,170,170,106
1767628336961,112,200,true,170,170,112
1767628336964,109,200,true,170,170,109
1767628336952,122,200,true,170,170,122
1767628336960,114,200,true,170,170,114
1767628336967,107,200,true,170,170,107
1767628336964,110,200,true,170,170,110
1767628336962,112,200,true,170,170,112
1767628336960,115,200,true,170,170,115
1767628336961,114,200,true,170,170,114
1767628336969,106,200,true,170,170,106
1767628336964,111,200,true,170,170,111
1767628336969,106,200,true,170,170,106
1767628336969,107,200,true,170,170,107
1767628336972,104,200,true,170,170,104
1767628336877,199,200,true,170,170,199
1767628336871,205,200,true,170,170,205
1767628336975,102,200,true,170,170,102
1767628336973,104,200,true,170,170,104
1767628336973,104,200,true,170,170,104
1767628336975,102,200,true,170,170,102
1767628336986,92,200,true,170,170,92
1767628336885,193,200,true,170,170,193
1767628336987,91,200,true,170,170,91
1767628336987,91,200,true,170,170,91
1767628336988,90,200,true,170,170,90
1767628336988,91,200,true,170,170,91
1767628336990,89,200,true,170,170,89
1767628336990,89,200,true,170,170,89
1767628336991,88,200,true,170,170,88
1767628336992,88,200,true,170,170,88
1767628336992,88,200,true,170,170,88
1767628336991,89,200,true,170,170,89
1767628336993,87,200,true,170,170,87
1767628336993,87,200,true,170,170,87
1767628336994,87,200,true,170,170,87
1767628336995,86,200,true,170,170,86
1767628336995,86,200,true,170,170,86
1767628336986,95,200,true,170,170,95
1767628336996,86,200,true,170,170,86
1767628336885,197,200,true,170,170,197
1767628336889,193,200,true,170,170,193
1767628337000,82,200,true,170,170,82
1767628337001,82,200,true,170,170,82
1767628337000,83,200,true,170,170,83
1767628336998,85,200,true,170,170,85
1767628336999,84,200,true,170,170,84
1767628336997,86,200,true,170,170,86
1767628336996,88,200,true,170,170,88
1767628336999,85,200,true,170,170,85
1767628336997,87,200,true,170,170,87
1767628336997,87,200,true,170,170,87
1767628337006,79,200,true,170,170,79
1767628337010,75,200,true,170,170,75
1767628337006,79,200,true,170,170,79
1767628336910,175,200,true,170,170,175
1767628337007,78,200,true,170,170,78
1767628337008,78,200,true,170,170,78
1767628337009,77,200,true,170,170,77
1767628337010,76,200,true,170,170,76
1767628337009,77,200,true,170,170,77
1767628337009,78,200,true,170,170,78
1767628337007,80,200,true,170,170,80
1767628336910,177,200,true,170,170,177
1767628337008,79,200,true,170,170,79
1767628337007,80,200,true,170,170,80
1767628337007,81,200,true,170,170,81
1767628337008,80,200,true,170,170,80
1767628337008,80,200,true,170,170,80
1767628337010,78,200,true,170,170,78
1767628337010,79,200,true,170,170,79
1767628337011,78,200,true,170,170,78
1767628337010,79,200,true,170,170,79
1767628337014,75,200,true,170,170,75
1767628337016,74,200,true,170,170,73
1767628337020,70,200,true,170,170,70
1767628337025,65,200,true,170,170,65
1767628337023,67,200,true,170,170,67
1767628337025,65,200,true,170,170,65
1767628337024,66,200,true,170,170,66
1767628337025,66,200,true,170,170,66
1767628337023,68,200,true,170,170,68
1767628337023,68,200,true,170,170,68
1767628337025,66,200,true,170,170,66
1767628337027,65,200,true,170,170,65
1767628337028,64,200,true,170,170,64
1767628337030,62,200,true,170,170,62
1767628337029,63,200,true,170,170,63
1767628336921,172,200,true,170,170,172
1767628336925,168,200,true,170,170,168
1767628337032,61,200,true,170,170,61
1767628336926,167,200,true,170,170,167
1767628337032,61,200,true,170,170,61
1767628337032,62,200,true,170,170,62
1767628336916,178,200,true,170,170,178
1767628337029,65,200,true,170,170,65
1767628336808,286,200,true,170,170,286
1767628337033,62,200,true,170,170,61
1767628337037,58,200,true,170,170,58
1767628337036,59,200,true,170,170,59
1767628336932,163,200,true,170,170,163
1767628337037,58,200,true,170,170,58
1767628337037,59,200,true,170,170,59
1767628337039,57,200,true,170,170,57
1767628336817,279,200,true,170,170,279
1767628336934,162,200,true,170,170,162
1767628336818,278,200,true,170,170,278
1767628337044,53,200,true,170,170,53
1767628337045,52,200,true,170,170,52
1767628336933,164,200,true,170,170,164
1767628336946,151,200,true,170,170,151
1767628336942,155,200,true,170,170,155
1767628336948,149,200,true,170,170,149
1767628337048,50,200,true,170,170,50
1767628337049,49,200,true,170,170,49
1767628337048,50,200,true,170,170,50
1767628337044,54,200,true,170,170,54
1767628337044,54,200,true,170,170,54
1767628337044,55,200,true,170,170,55
1767628337044,55,200,true,170,170,55
1767628337044,55,200,true,170,170,55
1767628337045,54,200,true,170,170,54
1767628337045,54,200,true,170,170,54
1767628337045,55,200,true,170,170,55
1767628337046,54,200,true,170,170,54
1767628337046,54,200,true,170,170,54
1767628336940,160,200,true,170,170,160
1767628337049,52,200,true,170,170,52
1767628337049,52,200,true,170,170,52
1767628337048,53,200,true,170,170,53
1767628337044,57,200,true,170,170,57
1767628337044,58,200,true,170,170,58
1767628337045,57,200,true,170,170,57
1767628337051,51,200,true,170,170,51
1767628337044,58,200,true,170,170,58
1767628336730,373,200,true,170,170,359
1767628337056,47,200,true,170,170,47
1767628337057,46,200,true,170,170,46
1767628337056,47,200,true,170,170,47
1767628337059,44,200,true,170,170,44
1767628337059,45,200,true,170,170,45
1767628336950,154,200,true,170,170,154
1767628337064,40,200,true,170,170,40
1767628337064,41,200,true,170,170,41
1767628336965,140,200,true,170,170,140
1767628336945,160,200,true,170,170,160
1767628337063,42,200,true,170,170,42
1767628337060,45,200,true,170,170,45
1767628337063,43,200,true,170,170,43
1767628337067,39,200,true,170,170,39
1767628336993,113,200,true,170,170,113
1767628337079,28,200,true,170,170,28
1767628337085,22,200,true,170,170,22
1767628337090,17,200,true,170,170,17
1767628337095,13,200,true,170,170,13
1767628337093,15,200,true,170,170,15
1767628337095,14,200,true,170,170,14
1767628337089,34,200,true,170,170,34
1767628337085,40,200,true,170,170,40
1767628337096,34,200,true,170,170,34
1767628337072,58,200,true,170,170,58
1767628337072,58,200,true,170,170,58
1767628337074,56,200,true,170,170,56
1767628337097,34,200,true,170,170,28
1767628337078,55,200,true,170,170,55
1767628337095,39,200,true,170,170,39
1767628337082,52,200,true,170,170,52
1767628337080,55,200,true,170,170,55
1767628337099,37,200,true,170,170,37
1767628337072,64,200,true,170,170,64
1767628337078,58,200,true,170,170,57
1767628337099,38,200,true,170,170,38
1767628337090,47,200,true,170,170,47
1767628337078,60,200,true,170,170,60
1767628337084,54,200,true,170,170,54
1767628337089,49,200,true,170,170,49
1767628337081,58,200,true,170,170,58
1767628337081,58,200,true,170,170,58
1767628337069,71,200,true,170,170,71
1767628337077,63,200,true,170,170,63
1767628337095,45,200,true,170,170,45
1767628337094,47,200,true,170,170,47
1767628337089,52,200,true,170,170,52
1767628337096,46,200,true,170,170,46
1767628337081,61,200,true,170,170,61
1767628337090,53,200,true,170,170,53
1767628337094,49,200,true,170,170,49
1767628337078,65,200,true,170,170,65
1767628337082,62,200,true,170,170,62
1767628337085,59,200,true,170,170,59
1767628337082,63,200,true,170,170,63
1767628337080,65,200,true,170,170,65
1767628337075,70,200,true,170,170,70
1767628337089,57,200,true,170,170,57
1767628337076,70,200,true,170,170,70
1767628337098,49,200,true,170,170,49
1767628337076,71,200,true,170,170,71
1767628337093,54,200,true,170,170,54
1767628337101,47,200,true,170,170,47
1767628337077,71,200,true,170,170,71
1767628337097,52,200,true,170,170,37
1767628337092,57,200,true,170,170,44
1767628337079,70,200,true,170,170,70
1767628337090,64,200,true,170,170,64
1767628337107,53,200,true,170,170,53
1767628337086,75,200,true,170,170,74
1767628337085,76,200,true,170,170,69
1767628337091,71,200,true,170,170,71
1767628337092,70,200,true,170,170,70
1767628337103,59,200,true,170,170,59
1767628337072,91,200,true,170,170,91
1767628337086,77,200,true,170,170,77
1767628337079,84,200,true,170,170,84
1767628337098,66,200,true,170,170,66
1767628337100,64,200,true,170,170,64
1767628337092,72,200,true,170,170,72
1767628337083,81,200,true,170,170,81
1767628337099,65,200,true,170,170,63
1767628337087,78,200,true,170,170,78
1767628337086,79,200,true,170,170,79
1767628337075,91,200,true,170,170,91
1767628337100,66,200,true,170,170,66
1767628337097,69,200,true,170,170,69
1767628337077,89,200,true,170,170,89
1767628337094,73,200,true,170,170,73
1767628337097,70,200,true,170,170,70
1767628337072,95,200,true,170,170,95
1767628337076,91,200,true,170,170,91
1767628337099,69,200,true,170,170,69
1767628337087,81,200,true,170,170,81
1767628337095,73,200,true,170,170,73
1767628337097,71,200,true,170,170,71
1767628337076,93,200,true,170,170,93
1767628337086,83,200,true,170,170,83
1767628337098,71,200,true,170,170,71
1767628337073,96,200,true,170,170,96
1767628337073,96,200,true,170,170,96
1767628337092,78,200,true,170,170,78
1767628337071,99,200,true,170,170,99
1767628337100,70,200,true,170,170,70
1767628337100,70,200,true,170,170,70
1767628337081,90,200,true,170,170,90
1767628337098,73,200,true,170,170,73
1767628337088,83,200,true,170,170,83
1767628337074,97,200,true,170,170,97
1767628337080,92,200,true,170,170,92
1767628337069,103,200,true,170,170,103
1767628337101,71,200,true,170,170,71
1767628337101,71,200,true,170,170,71
1767628337101,71,200,true,170,170,71
1767628337077,96,200,true,170,170,96
1767628337087,86,200,true,170,170,86
1767628337072,101,200,true,170,170,101
1767628337071,102,200,true,170,170,102
1767628337083,91,200,true,170,170,91
1767628337088,86,200,true,170,170,86
1767628337069,105,200,true,170,170,105
1767628337088,86,200,true,170,170,86
1767628337098,76,200,true,170,170,76
1767628337076,99,200,true,170,170,99
1767628337094,81,200,true,170,170,81
1767628337090,85,200,true,170,170,85
1767628337073,102,200,true,170,170,102
1767628337087,89,200,true,170,170,89
1767628337074,102,200,true,170,170,102
1767628337088,92,200,true,170,170,92
1767628337135,45,200,true,170,170,45
1767628337137,44,200,true,170,170,44
1767628337136,48,200,true,170,170,48
1767628337163,22,200,true,170,170,22
1767628337163,22,200,true,170,170,22
1767628337091,99,200,true,170,170,99
1767628337165,26,200,true,170,170,26
1767628337166,25,200,true,170,170,25
1767628337171,23,200,true,170,170,23
1767628337166,29,200,true,170,170,29
1767628337175,20,200,true,170,170,20
1767628337173,25,200,true,170,170,25
1767628337172,26,200,true,170,170,26
1767628337174,34,200,true,170,170,34
1767628337149,59,200,true,170,170,59
1767628337147,62,200,true,170,170,62
1767628337147,64,200,true,170,170,64
1767628337143,69,200,true,170,170,69
1767628337180,35,200,true,170,170,35
1767628337154,61,200,true,170,170,60
1767628337074,141,200,true,170,170,141
1767628337071,144,200,true,170,170,144
1767628337083,132,200,true,170,170,132
1767628337102,113,200,true,170,170,113
1767628337071,145,200,true,170,170,145
1767628337087,129,200,true,170,170,129
1767628337070,146,200,true,170,170,146
1767628337097,119,200,true,170,170,119
1767628337094,123,200,true,170,170,123
1767628337079,138,200,true,170,170,138
1767628337083,134,200,true,170,170,134
1767628337075,142,200,true,170,170,142
1767628337096,122,200,true,170,170,122
1767628337102,116,200,true,170,170,116
1767628337096,122,200,true,170,170,122
1767628337074,144,200,true,170,170,144
1767628337096,123,200,true,170,170,123
1767628337102,117,200,true,170,170,117
1767628337080,139,200,true,170,170,139
1767628337102,117,200,true,170,170,117
1767628337064,155,200,true,170,170,155
1767628337084,136,200,true,170,170,136
1767628337075,145,200,true,170,170,145
1767628337084,136,200,true,170,170,136
1767628337069,151,200,true,170,170,151
1767628337073,150,200,true,170,170,150
1767628337191,32,200,true,170,170,32
1767628337091,132,200,true,170,170,132
1767628337093,131,200,true,170,170,131
1767628337093,131,200,true,170,170,131
1767628337069,155,200,true,170,170,155
1767628337078,146,200,true,170,170,146
1767628337084,140,200,true,170,170,140
1767628337073,152,200,true,170,170,152
1767628337091,134,200,true,170,170,134
1767628337101,124,200,true,170,170,124
1767628337105,120,200,true,170,170,120
1767628337103,123,200,true,170,170,122
1767628337103,123,200,true,170,170,123
1767628337105,121,200,true,170,170,121
1767628337106,120,200,true,170,170,120
1767628337104,122,200,true,170,170,122
1767628337106,121,200,true,170,170,121
1767628337106,121,200,true,170,170,121
1767628337105,122,200,true,170,170,122
1767628337103,124,200,true,170,170,124
1767628337091,137,200,true,170,170,137
1767628337103,125,200,true,170,170,125
1767628337105,123,200,true,170,170,123
1767628337104,124,200,true,170,170,124
1767628337105,124,200,true,170,170,124
1767628337104,125,200,true,170,170,125
1767628337107,122,200,true,170,170,122
1767628337107,122,200,true,170,170,122
1767628337108,122,200,true,170,170,122
1767628337108,122,200,true,170,170,122
1767628337109,121,200,true,170,170,121
1767628337161,69,200,true,170,170,69
1767628337086,145,200,true,170,170,145
1767628337082,149,200,true,170,170,149
1767628337148,83,200,true,170,170,83
1767628337160,71,200,true,170,170,71
1767628337164,68,200,true,170,170,67
1767628337131,101,200,true,170,170,101
1767628337130,102,200,true,170,170,102
1767628337081,151,200,true,170,170,151
1767628337130,102,200,true,170,170,102
1767628337131,102,200,true,170,170,102
1767628337134,99,200,true,170,170,99
1767628337130,103,200,true,170,170,103
1767628337133,100,200,true,170,170,100
1767628337208,28,200,true,170,170,28
1767628337149,87,200,true,170,170,87
1767628337134,102,200,true,170,170,102
1767628337136,100,200,true,170,170,100
1767628337124,112,200,true,170,170,112
1767628337140,97,200,true,170,170,97
1767628337144,93,200,true,170,170,93
1767628337148,89,200,true,170,170,89
1767628337161,76,200,true,170,170,76
1767628337164,74,200,true,170,170,74
1767628337162,76,200,true,170,170,76
1767628337162,76,200,true,170,170,76
1767628337163,75,200,true,170,170,75
1767628337165,74,200,true,170,170,74
1767628337136,103,200,true,170,170,103
1767628337169,70,200,true,170,170,70
1767628337167,73,200,true,170,170,73
1767628337166,74,200,true,170,170,74
1767628337168,72,200,true,170,170,72
1767628337168,72,200,true,170,170,72
1767628337236,8,200,true,170,170,8
1767628337164,80,200,true,170,170,80
1767628337169,75,200,true,170,170,75
1767628337169,75,200,true,170,170,75
1767628337166,79,200,true,170,170,79
1767628337170,75,200,true,170,170,75
1767628337230,15,200,true,170,170,14
1767628337163,82,200,true,170,170,82
1767628337170,76,200,true,170,170,76
1767628337164,82,200,true,170,170,82
1767628337167,79,200,true,170,170,79
1767628337164,82,200,true,170,170,82
1767628337167,80,200,true,170,170,80
1767628337167,80,200,true,170,170,80
1767628337168,79,200,true,170,170,79
1767628337169,78,200,true,170,170,78
1767628337170,78,200,true,170,170,78
1767628337170,78,200,true,170,170,78
1767628337172,76,200,true,170,170,76
1767628337172,76,200,true,170,170,76
1767628337173,76,200,true,170,170,76
1767628337175,74,200,true,170,170,74
1767628337174,75,200,true,170,170,75
1767628337171,78,200,true,170,170,78
1767628337174,75,200,true,170,170,75
1767628337125,125,200,true,170,170,125
1767628337172,78,200,true,170,170,78
1767628337175,75,200,true,170,170,75
1767628337171,79,200,true,170,170,79
1767628337176,75,200,true,170,170,75
1767628337173,78,200,true,170,170,78
1767628337175,76,200,true,170,170,76
1767628337168,83,200,true,170,170,83
1767628337170,81,200,true,170,170,81
1767628337173,79,200,true,170,170,79
1767628337174,78,200,true,170,170,78
1767628337171,81,200,true,170,170,81
1767628337172,81,200,true,170,170,81
1767628337176,77,200,true,170,170,77
1767628337149,104,200,true,170,170,104
1767628337138,115,200,true,170,170,115
1767628337138,116,200,true,170,170,116
1767628337138,116,200,true,170,170,116
1767628337139,115,200,true,170,170,115
1767628337139,115,200,true,170,170,115
1767628337140,115,200,true,170,170,115
1767628337174,81,200,true,170,170,81
1767628337147,108,200,true,170,170,108
1767628337137,118,200,true,170,170,118
1767628337140,115,200,true,170,170,115
1767628337141,115,200,true,170,170,115
1767628337141,115,200,true,170,170,115
1767628337142,114,200,true,170,170,114
1767628337142,115,200,true,170,170,115
1767628337143,114,200,true,170,170,114
1767628337143,114,200,true,170,170,114
1767628337144,113,200,true,170,170,113
1767628337145,113,200,true,170,170,113
1767628337145,113,200,true,170,170,113
1767628337145,113,200,true,170,170,113
1767628337146,112,200,true,170,170,112
1767628337146,113,200,true,170,170,113
1767628337190,69,200,true,170,170,69
1767628337215,44,200,true,170,170,44
1767628337184,75,200,true,170,170,75
1767628337181,78,200,true,170,170,78
1767628337185,75,200,true,170,170,75
1767628337185,75,200,true,170,170,75
1767628337191,69,200,true,170,170,69
1767628337195,65,200,true,170,170,65
1767628337194,67,200,true,170,170,67
1767628337195,66,200,true,170,170,66
1767628337198,63,200,true,170,170,63
1767628337198,63,200,true,170,170,63
1767628337208,54,200,true,170,170,54
1767628337180,82,200,true,170,170,82
1767628337212,50,200,true,170,170,50
1767628337209,53,200,true,170,170,53
1767628337211,51,200,true,170,170,51
1767628337229,34,200,true,170,170,34
1767628337231,32,200,true,170,170,32
1767628337229,34,200,true,170,170,34
1767628337230,33,200,true,170,170,33
1767628337230,34,200,true,170,170,34
1767628337084,180,200,true,170,170,180
1767628337232,32,200,true,170,170,32
1767628337232,33,200,true,170,170,33
1767628337232,33,200,true,170,170,33
1767628337232,33,200,true,170,170,33
1767628337225,40,200,true,170,170,40
1767628337233,33,200,true,170,170,33
1767628337233,33,200,true,170,170,33
1767628337233,33,200,true,170,170,33
1767628337233,33,200,true,170,170,33
1767628337236,31,200,true,170,170,31
1767628337239,28,200,true,170,170,28
1767628337215,52,200,true,170,170,52
1767628337236,32,200,true,170,170,32
1767628337237,31,200,true,170,170,31
1767628337219,50,200,true,170,170,50
1767628337237,32,200,true,170,170,32
1767628337223,47,200,true,170,170,47
1767628337238,32,200,true,170,170,32
1767628337228,43,200,true,170,170,43
1767628337230,41,200,true,170,170,41
1767628337238,33,200,true,170,170,33
1767628337238,34,200,true,170,170,34
1767628337237,39,200,true,170,170,39
1767628337227,49,200,true,170,170,49
1767628337227,53,200,true,170,170,53
1767628337217,63,200,true,170,170,63
1767628337217,66,200,true,170,170,66
1767628337218,66,200,true,170,170,66
1767628337226,58,200,true,170,170,50
1767628337218,69,200,true,170,170,69
1767628337224,63,200,true,170,170,63
1767628337239,52,200,true,170,170,52
1767628337239,52,200,true,170,170,52
1767628337240,51,200,true,170,170,51
1767628337240,51,200,true,170,170,51
1767628337240,52,200,true,170,170,52
1767628337240,52,200,true,170,170,52
1767628337226,66,200,true,170,170,66
1767628337223,70,200,true,170,170,70
1767628337226,67,200,true,170,170,67
1767628337226,67,200,true,170,170,67
1767628337231,62,200,true,170,170,61
1767628337226,67,200,true,170,170,67
1767628337215,79,200,true,170,170,79
1767628337232,62,200,true,170,170,62
1767628337215,79,200,true,170,170,79
1767628337215,79,200,true,170,170,79
1767628337216,79,200,true,170,170,79
1767628337216,79,200,true,170,170,79
1767628337216,79,200,true,170,170,79
1767628337216,79,200,true,170,170,79
1767628337227,68,200,true,170,170,68
1767628337216,80,200,true,170,170,80
1767628337218,78,200,true,170,170,78
1767628337236,60,200,true,170,170,60
1767628337217,80,200,true,170,170,79
1767628337217,80,200,true,170,170,80
1767628337231,66,200,true,170,170,66
1767628337227,70,200,true,170,170,70
1767628337228,69,200,true,170,170,69
1767628337228,70,200,true,170,170,70
1767628337229,69,200,true,170,170,69
1767628337231,67,200,true,170,170,67
1767628337218,80,200,true,170,170,80
1767628337219,80,200,true,170,170,79
1767628337219,80,200,true,170,170,80
1767628337219,80,200,true,170,170,80
1767628337220,79,200,true,170,170,79
1767628337220,79,200,true,170,170,79
1767628337229,71,200,true,170,170,71
1767628337220,80,200,true,170,170,80
1767628337220,80,200,true,170,170,80
1767628337220,80,200,true,170,170,80
1767628337223,77,200,true,170,170,77
1767628337224,77,200,true,170,170,77
1767628337224,77,200,true,170,170,77
1767628337224,77,200,true,170,170,77
1767628337225,76,200,true,170,170,76
1767628337229,72,200,true,170,170,72
1767628337225,77,200,true,170,170,77
1767628337225,77,200,true,170,170,77
1767628337236,66,200,true,170,170,66
1767628337237,65,200,true,170,170,65
1767628337238,65,200,true,170,170,65
1767628337224,79,200,true,170,170,79
1767628337263,40,200,true,170,170,40
1767628337263,41,200,true,170,170,41
1767628337263,41,200,true,170,170,41
1767628337244,64,200,true,170,170,64
1767628337263,45,200,true,170,170,45
1767628337244,64,200,true,170,170,64
1767628337247,65,200,true,170,170,65
1767628337251,61,200,true,170,170,61
1767628337249,67,200,true,170,170,67
1767628337247,69,200,true,170,170,68
1767628337249,67,200,true,170,170,67
1767628337249,70,200,true,170,170,70
1767628337252,68,200,true,170,170,68
1767628337252,71,200,true,170,170,71
1767628337255,69,200,true,170,170,69
1767628337256,71,200,true,170,170,71
1767628337258,69,200,true,170,170,69
1767628337259,69,200,true,170,170,69
1767628337258,73,200,true,170,170,73
1767628337265,66,200,true,170,170,66
1767628337264,67,200,true,170,170,67
1767628337245,86,200,true,170,170,86
1767628337264,68,200,true,170,170,68
1767628337244,88,200,true,170,170,88
1767628337259,73,200,true,170,170,73
1767628337259,73,200,true,170,170,73
1767628337259,74,200,true,170,170,74
1767628337260,73,200,true,170,170,73
1767628337245,88,200,true,170,170,88
1767628337260,73,200,true,170,170,73
1767628337245,88,200,true,170,170,88
1767628337245,89,200,true,170,170,89
1767628337245,89,200,true,170,170,89
1767628337246,88,200,true,170,170,88
1767628337246,88,200,true,170,170,88
1767628337246,89,200,true,170,170,89
1767628337246,89,200,true,170,170,89
1767628337260,75,200,true,170,170,75
1767628337260,75,200,true,170,170,75
1767628337247,89,200,true,170,170,89
1767628337247,89,200,true,170,170,89
1767628337248,88,200,true,170,170,88
1767628337248,88,200,true,170,170,88
1767628337248,89,200,true,170,170,89
1767628337248,89,200,true,170,170,89
1767628337249,88,200,true,170,170,88
1767628337261,76,200,true,170,170,76
1767628337261,77,200,true,170,170,77
1767628337261,77,200,true,170,170,77
1767628337249,89,200,true,170,170,89
1767628337250,88,200,true,170,170,88
1767628337250,89,200,true,170,170,89
1767628337250,89,200,true,170,170,89
1767628337250,89,200,true,170,170,89
1767628337251,88,200,true,170,170,88
1767628337261,78,200,true,170,170,78
1767628337251,89,200,true,170,170,89
1767628337262,78,200,true,170,170,78
1767628337251,89,200,true,170,170,89
1767628337252,88,200,true,170,170,88
1767628337255,86,200,true,170,170,86
1767628337253,88,200,true,170,170,88
1767628337253,88,200,true,170,170,88
1767628337253,88,200,true,170,170,88
1767628337262,79,200,true,170,170,79
1767628337255,87,200,true,170,170,87
1767628337253,89,200,true,170,170,89
1767628337254,88,200,true,170,170,88
1767628337254,88,200,true,170,170,88
1767628337254,89,200,true,170,170,89
1767628337254,89,200,true,170,170,89
1767628337255,88,200,true,170,170,88
1767628337256,87,200,true,170,170,87
1767628337257,87,200,true,170,170,87
1767628337257,87,200,true,170,170,87
1767628337257,87,200,true,170,170,87
1767628337257,87,200,true,170,170,87
1767628337262,82,200,true,170,170,82
1767628337264,81,200,true,170,170,81
1767628337258,87,200,true,170,170,87
1767628337258,87,200,true,170,170,87
1767628337259,86,200,true,170,170,86
1767628337262,84,200,true,170,170,84
1767628337255,91,200,true,170,170,91
1767628337256,90,200,true,170,170,90
1767628337262,84,200,true,170,170,84
1767628337251,95,200,true,170,170,95
1767628337303,44,200,true,170,170,44
1767628337304,43,200,true,170,170,43
1767628337265,82,200,true,170,170,82
1767628337265,83,200,true,170,170,83
1767628337265,83,200,true,170,170,83
1767628337266,83,200,true,170,170,83
1767628337266,83,200,true,170,170,83
1767628337266,83,200,true,170,170,83
1767628337267,83,200,true,170,170,83
1767628337267,83,200,true,170,170,83
1767628337302,49,200,true,170,170,49
1767628337268,83,200,true,170,170,83
1767628337302,49,200,true,170,170,49
1767628337268,84,200,true,170,170,84
1767628337276,76,200,true,170,170,76
1767628337269,84,200,true,170,170,84
1767628337269,84,200,true,170,170,84
1767628337270,84,200,true,170,170,84
1767628337270,84,200,true,170,170,84
1767628337271,83,200,true,170,170,83
1767628337271,84,200,true,170,170,84
1767628337271,84,200,true,170,170,84
1767628337272,84,200,true,170,170,84
1767628337266,109,200,true,170,170,109
1767628337338,37,200,true,170,170,37
1767628337340,38,200,true,170,170,38
1767628337316,62,200,true,170,170,62
1767628337340,39,200,true,170,170,39
1767628337340,41,200,true,170,170,41
1767628337342,40,200,true,170,170,40
1767628337342,41,200,true,170,170,41
1767628337343,41,200,true,170,170,41
1767628337343,42,200,true,170,170,42
1767628337344,41,200,true,170,170,41
1767628337267,121,200,true,170,170,121
1767628337291,100,200,true,170,170,100
1767628337291,100,200,true,170,170,100
1767628337291,100,200,true,170,170,100
1767628337351,42,200,true,170,170,42
1767628337292,103,200,true,170,170,103
1767628337291,105,200,true,170,170,105
1767628337391,6,200,true,170,170,6
1767628337354,43,200,true,170,170,43
1767628337375,24,200,true,170,170,24
1767628337292,109,200,true,170,170,109
1767628337293,110,200,true,170,170,110
1767628337284,119,200,true,170,170,118
1767628337280,123,200,true,170,170,122
1767628337294,110,200,true,170,170,110
1767628337294,110,200,true,170,170,110
1767628337293,112,200,true,170,170,110
1767628337296,112,200,true,170,170,112
1767628337295,113,200,true,170,170,113
1767628337296,113,200,true,170,170,113
1767628337408,1,200,true,170,170,1
1767628337408,2,200,true,170,170,2
1767628337409,1,200,true,170,170,1
1767628337409,2,200,true,170,170,2
1767628337410,1,200,true,170,170,1
1767628337410,1,200,true,170,170,1
1767628337280,132,200,true,170,170,132
1767628337411,1,200,true,170,170,1
1767628337411,2,200,true,170,170,2
1767628337412,1,200,true,170,170,1
1767628337413,1,200,true,170,170,1
1767628337413,1,200,true,170,170,1
1767628337413,2,200,true,170,170,2
1767628337414,1,200,true,170,170,1
1767628337414,1,200,true,170,170,1
1767628337284,132,200,true,170,170,132
1767628337415,2,200,true,170,170,2
1767628337415,2,200,true,170,170,2
1767628337416,1,200,true,170,170,1
1767628337417,1,200,true,170,170,1
1767628337417,1,200,true,170,170,1
1767628337417,2,200,true,170,170,2
1767628337418,1,200,true,170,170,1
1767628337418,2,200,true,170,170,2
1767628337296,124,200,true,170,170,124
1767628337419,2,200,true,170,170,2
1767628337420,1,200,true,170,170,1
1767628337420,1,200,true,170,170,1
1767628337421,1,200,true,170,170,1
1767628337421,1,200,true,170,170,1
1767628337421,2,200,true,170,170,2
1767628337422,1,200,true,170,170,1
1767628337422,2,200,true,170,170,2
1767628337295,129,200,true,170,170,129
1767628337297,127,200,true,170,170,127
1767628337295,129,200,true,170,170,129
1767628337297,127,200,true,170,170,127
1767628337297,128,200,true,170,170,128
1767628337297,128,200,true,170,170,128
1767628337297,128,200,true,170,170,128
1767628337298,127,200,true,170,170,127
1767628337298,128,200,true,170,170,128
1767628337298,128,200,true,170,170,128
1767628337298,128,200,true,170,170,128
1767628337293,133,200,true,170,170,133
1767628337284,143,200,true,170,170,143
1767628337287,140,200,true,170,170,140
1767628337299,128,200,true,170,170,128
1767628337299,128,200,true,170,170,128
1767628337299,129,200,true,170,170,129
1767628337299,129,200,true,170,170,129
1767628337299,129,200,true,170,170,129
1767628337300,128,200,true,170,170,128
1767628337300,129,200,true,170,170,129
1767628337300,129,200,true,170,170,129
1767628337300,129,200,true,170,170,129
1767628337295,134,200,true,170,170,112
1767628337411,19,200,true,170,170,1
1767628337415,16,200,true,170,170,16
1767628337424,9,200,true,170,170,9
1767628337424,9,200,true,170,170,9
1767628337301,133,200,true,170,170,132
1767628337303,131,200,true,170,170,131
1767628337301,133,200,true,170,170,133
1767628337301,133,200,true,170,170,133
1767628337301,133,200,true,170,170,133
1767628337301,134,200,true,170,170,134
1767628337301,134,200,true,170,170,134
1767628337302,133,200,true,170,170,133
1767628337302,133,200,true,170,170,133
1767628337347,88,200,true,170,170,88
1767628337347,89,200,true,170,170,89
1767628337308,128,200,true,170,170,128
1767628337304,132,200,true,170,170,132
1767628337331,105,200,true,170,170,105
1767628337332,105,200,true,170,170,105
1767628337332,105,200,true,170,170,105
1767628337331,106,200,true,170,170,106
1767628337347,90,200,true,170,170,90
1767628337348,89,200,true,170,170,89
1767628337348,90,200,true,170,170,90
1767628337349,89,200,true,170,170,89
1767628337332,106,200,true,170,170,106
1767628337333,105,200,true,170,170,105
1767628337332,107,200,true,170,170,107
1767628337333,106,200,true,170,170,106
1767628337333,106,200,true,170,170,106
1767628337333,106,200,true,170,170,106
1767628337333,106,200,true,170,170,106
1767628337308,132,200,true,170,170,132
1767628337312,128,200,true,170,170,128
1767628337334,106,200,true,170,170,106
1767628337334,107,200,true,170,170,107
1767628337295,146,200,true,170,170,146
1767628337308,133,200,true,170,170,132
1767628337334,107,200,true,170,170,107
1767628337334,107,200,true,170,170,107
1767628337334,108,200,true,170,170,108
1767628337335,107,200,true,170,170,107
1767628337335,107,200,true,170,170,107
1767628337335,107,200,true,170,170,107
1767628337335,107,200,true,170,170,107
1767628337336,107,200,true,170,170,107
1767628337312,131,200,true,170,170,131
1767628337347,96,200,true,170,170,96
1767628337316,128,200,true,170,170,128
1767628337336,108,200,true,170,170,108
1767628337336,108,200,true,170,170,108
1767628337337,108,200,true,170,170,108
1767628337337,108,200,true,170,170,108
1767628337337,108,200,true,170,170,108
1767628337336,109,200,true,170,170,108
1767628337287,158,200,true,170,170,146
1767628337337,109,200,true,170,170,109
1767628337294,152,200,true,170,170,152
1767628337338,109,200,true,170,170,109
1767628337339,109,200,true,170,170,109
1767628337339,109,200,true,170,170,109
1767628337339,109,200,true,170,170,109
1767628337339,109,200,true,170,170,109
1767628337339,109,200,true,170,170,109
1767628337340,109,200,true,170,170,109
1767628337341,108,200,true,170,170,108
1767628337320,129,200,true,170,170,129
1767628337323,126,200,true,170,170,126
1767628337341,109,200,true,170,170,109
1767628337341,109,200,true,170,170,109
1767628337341,109,200,true,170,170,109
1767628337341,109,200,true,170,170,109
1767628337342,108,200,true,170,170,108
1767628337342,109,200,true,170,170,109
1767628337343,108,200,true,170,170,108
1767628337316,135,200,true,170,170,131
1767628337338,113,200,true,170,170,108
1767628337338,113,200,true,170,170,113
1767628337320,131,200,true,170,170,131
1767628337324,128,200,true,170,170,128
1767628337327,125,200,true,170,170,125
1767628337346,106,200,true,170,170,106
1767628337343,110,200,true,170,170,110
1767628337344,109,200,true,170,170,109
1767628337384,69,200,true,170,170,69
1767628337424,29,200,true,170,170,29
1767628337344,109,200,true,170,170,109
1767628337345,109,200,true,170,170,109
1767628337344,110,200,true,170,170,110
1767628337344,110,200,true,170,170,110
1767628337345,109,200,true,170,170,109
1767628337327,128,200,true,170,170,128
1767628337346,109,200,true,170,170,109
1767628337346,109,200,true,170,170,109
1767628337425,30,200,true,170,170,30
1767628337346,110,200,true,170,170,110
1767628337349,107,200,true,170,170,107
1767628337350,106,200,true,170,170,106
1767628337349,108,200,true,170,170,108
1767628337351,106,200,true,170,170,106
1767628337350,107,200,true,170,170,107
1767628337328,129,200,true,170,170,129
1767628337345,112,200,true,170,170,112
1767628337351,107,200,true,170,170,107
1767628337352,106,200,true,170,170,106
1767628337352,106,200,true,170,170,106
1767628337353,105,200,true,170,170,105
1767628337354,104,200,true,170,170,104
1767628337353,106,200,true,170,170,106
1767628337354,105,200,true,170,170,105
1767628337355,104,200,true,170,170,104
1767628337355,105,200,true,170,170,105
1767628337379,81,200,true,170,170,81
1767628337378,82,200,true,170,170,82
1767628337378,82,200,true,170,170,82
1767628337383,77,200,true,170,170,77
1767628337385,76,200,true,170,170,76
1767628337293,168,200,true,170,170,168
1767628337356,105,200,true,170,170,105
1767628337331,130,200,true,170,170,130
1767628337375,86,200,true,170,170,86
1767628337385,77,200,true,170,170,77
1767628337345,117,200,true,170,170,117
1767628337388,74,200,true,170,170,74
1767628337276,186,200,true,170,170,186
1767628337393,69,200,true,170,170,69
1767628337293,170,200,true,170,170,170
1767628337292,171,200,true,170,170,171
1767628337391,72,200,true,170,170,72
1767628337382,81,200,true,170,170,81
1767628337399,65,200,true,170,170,65
1767628337381,83,200,true,170,170,83
1767628337425,39,200,true,170,170,39
1767628337397,67,200,true,170,170,67
1767628337396,68,200,true,170,170,68
1767628337395,70,200,true,170,170,70
1767628337401,64,200,true,170,170,64
1767628337403,62,200,true,170,170,62
1767628337405,60,200,true,170,170,60
1767628337403,63,200,true,170,170,63
1767628337404,62,200,true,170,170,62
1767628337404,62,200,true,170,170,62
1767628337294,172,200,true,170,170,172
1767628337403,64,200,true,170,170,64
1767628337428,39,200,true,170,170,39
1767628337426,41,200,true,170,170,41
1767628337397,70,200,true,170,170,70
1767628337423,45,200,true,170,170,45
1767628337419,49,200,true,170,170,49
1767628337424,44,200,true,170,170,44
1767628337429,39,200,true,170,170,39
1767628337424,45,200,true,170,170,45
1767628337431,38,200,true,170,170,38
1767628337431,38,200,true,170,170,38
1767628337447,22,200,true,170,170,22
1767628337423,46,200,true,170,170,46
1767628337468,2,200,true,170,170,2
1767628337391,79,200,true,170,170,79
1767628337425,46,200,true,170,170,46
1767628337425,46,200,true,170,170,46
1767628337426,46,200,true,170,170,46
1767628337426,46,200,true,170,170,46
1767628337426,46,200,true,170,170,46
1767628337427,45,200,true,170,170,45
1767628337427,46,200,true,170,170,46
1767628337427,46,200,true,170,170,46
1767628337427,46,200,true,170,170,46
1767628337428,45,200,true,170,170,45
1767628337428,46,200,true,170,170,46
1767628337428,46,200,true,170,170,46
1767628337429,46,200,true,170,170,46
1767628337436,39,200,true,170,170,39
1767628337303,173,200,true,170,170,173
1767628337436,45,200,true,170,170,45
1767628337462,19,200,true,170,170,19
1767628337439,42,200,true,170,170,42
1767628337457,28,200,true,170,170,28
1767628337460,25,200,true,170,170,25
1767628337439,46,200,true,170,170,46
1767628337465,24,200,true,170,170,24
1767628337429,60,200,true,170,170,60
1767628337440,49,200,true,170,170,49
1767628337440,53,200,true,170,170,53
1767628337467,26,200,true,170,170,26
1767628337446,51,200,true,170,170,51
1767628337443,54,200,true,170,170,54
1767628337451,49,200,true,170,170,49
1767628337467,34,200,true,170,170,34
1767628337448,53,200,true,170,170,53
1767628337500,4,200,true,170,170,4
1767628337449,56,200,true,170,170,56
1767628337450,58,200,true,170,170,58
1767628337433,75,200,true,170,170,75
1767628337468,41,200,true,170,170,41
1767628337469,43,200,true,170,170,43
1767628337451,62,200,true,170,170,62
1767628337453,64,200,true,170,170,64
1767628337462,58,200,true,170,170,58
1767628337457,64,200,true,170,170,64
1767628337434,87,200,true,170,170,87
1767628337435,87,200,true,170,170,87
1767628337435,88,200,true,170,170,88
1767628337473,55,200,true,170,170,55
1767628337497,32,200,true,170,170,32
1767628337504,28,200,true,170,170,28
1767628337523,11,200,true,170,170,11
1767628337436,99,200,true,170,170,99
1767628337436,99,200,true,170,170,99
1767628337437,98,200,true,170,170,98
1767628337437,98,200,true,170,170,98
1767628337438,97,200,true,170,170,97
1767628337429,107,200,true,170,170,107
1767628337437,99,200,true,170,170,99
1767628337436,100,200,true,170,170,100
1767628337438,98,200,true,170,170,98
1767628337438,98,200,true,170,170,98
1767628337438,99,200,true,170,170,99
1767628337457,80,200,true,170,170,80
1767628337456,81,200,true,170,170,81
1767628337464,73,200,true,170,170,73
1767628337438,100,200,true,170,170,100
1767628337456,82,200,true,170,170,82
1767628337439,99,200,true,170,170,99
1767628337462,76,200,true,170,170,76
1767628337458,80,200,true,170,170,80
1767628337458,81,200,true,170,170,81
1767628337458,81,200,true,170,170,81
1767628337458,81,200,true,170,170,81
1767628337459,80,200,true,170,170,80
1767628337458,82,200,true,170,170,82
1767628337459,81,200,true,170,170,81
1767628337459,81,200,true,170,170,81
1767628337439,101,200,true,170,170,101
1767628337439,102,200,true,170,170,102
1767628337461,80,200,true,170,170,80
1767628337463,78,200,true,170,170,78
1767628337470,71,200,true,170,170,71
1767628337464,77,200,true,170,170,77
1767628337465,77,200,true,170,170,77
1767628337465,77,200,true,170,170,77
1767628337461,81,200,true,170,170,81
1767628337440,102,200,true,170,170,102
1767628337441,102,200,true,170,170,102
1767628337441,102,200,true,170,170,102
1767628337441,102,200,true,170,170,102
1767628337463,80,200,true,170,170,80
1767628337457,87,200,true,170,170,87
1767628337467,77,200,true,170,170,77
1767628337441,103,200,true,170,170,103
1767628337442,103,200,true,170,170,103
1767628337442,103,200,true,170,170,103
1767628337442,103,200,true,170,170,103
1767628337442,103,200,true,170,170,103
1767628337443,103,200,true,170,170,103
1767628337443,103,200,true,170,170,103
1767628337443,103,200,true,170,170,103
1767628337444,102,200,true,170,170,102
1767628337444,103,200,true,170,170,103
1767628337444,103,200,true,170,170,103
1767628337445,102,200,true,170,170,102
1767628337445,102,200,true,170,170,102
1767628337465,82,200,true,170,170,82
1767628337445,103,200,true,170,170,103
1767628337445,103,200,true,170,170,103
1767628337451,97,200,true,170,170,97
1767628337461,87,200,true,170,170,87
1767628337460,89,200,true,170,170,89
1767628337451,98,200,true,170,170,98
1767628337452,97,200,true,170,170,97
1767628337465,84,200,true,170,170,84
1767628337469,80,200,true,170,170,80
1767628337448,102,200,true,170,170,102
1767628337463,87,200,true,170,170,87
1767628337448,102,200,true,170,170,102
1767628337462,88,200,true,170,170,88
1767628337448,103,200,true,170,170,103
1767628337466,85,200,true,170,170,85
1767628337449,102,200,true,170,170,102
1767628337449,102,200,true,170,170,102
1767628337460,91,200,true,170,170,91
1767628337460,92,200,true,170,170,92
1767628337449,103,200,true,170,170,103
1767628337464,88,200,true,170,170,88
1767628337449,104,200,true,170,170,104
1767628337466,87,200,true,170,170,87
1767628337450,103,200,true,170,170,103
1767628337466,87,200,true,170,170,87
1767628337450,103,200,true,170,170,103
1767628337450,104,200,true,170,170,104
1767628337466,88,200,true,170,170,88
1767628337468,86,200,true,170,170,86
1767628337446,108,200,true,170,170,108
1767628337469,86,200,true,170,170,86
1767628337441,114,200,true,170,170,114
1767628337468,87,200,true,170,170,87
1767628337469,86,200,true,170,170,86
1767628337470,86,200,true,170,170,86
1767628337470,86,200,true,170,170,86
1767628337437,119,200,true,170,170,119
1767628337433,123,200,true,170,170,123
1767628337453,103,200,true,170,170,103
1767628337536,21,200,true,170,170,21
1767628337535,22,200,true,170,170,22
1767628337535,23,200,true,170,170,23
1767628337556,2,200,true,170,170,2
1767628337535,24,200,true,170,170,24
1767628337535,24,200,true,170,170,24
1767628337535,25,200,true,170,170,25
1767628337450,110,200,true,170,170,110
1767628337536,25,200,true,170,170,25
1767628337537,24,200,true,170,170,24
1767628337537,25,200,true,170,170,25
1767628337537,25,200,true,170,170,25
1767628337537,26,200,true,170,170,26
1767628337537,26,200,true,170,170,26
1767628337538,25,200,true,170,170,25
1767628337460,104,200,true,170,170,104
1767628337544,21,200,true,170,170,21
1767628337538,27,200,true,170,170,27
1767628337538,28,200,true,170,170,27
1767628337539,27,200,true,170,170,27
1767628337463,104,200,true,170,170,104
1767628337540,28,200,true,170,170,28
1767628337451,117,200,true,170,170,117
1767628337544,24,200,true,170,170,24
1767628337540,29,200,true,170,170,29
1767628337541,28,200,true,170,170,28
1767628337540,29,200,true,170,170,29
1767628337541,28,200,true,170,170,28
1767628337541,28,200,true,170,170,28
1767628337541,29,200,true,170,170,29
1767628337542,28,200,true,170,170,28
1767628337542,28,200,true,170,170,28
1767628337542,28,200,true,170,170,28
1767628337542,29,200,true,170,170,29
1767628337543,28,200,true,170,170,28
1767628337543,28,200,true,170,170,28
1767628337540,31,200,true,170,170,31
1767628337543,29,200,true,170,170,29
1767628337545,28,200,true,170,170,28
1767628337538,36,200,true,170,170,36
1767628337545,34,200,true,170,170,34
1767628337550,29,200,true,170,170,29
1767628337551,29,200,true,170,170,29
1767628337551,29,200,true,170,170,29
1767628337551,31,200,true,170,170,31
1767628337552,32,200,true,170,170,32
1767628337552,32,200,true,170,170,32
1767628337553,32,200,true,170,170,32
1767628337553,32,200,true,170,170,32
1767628337553,33,200,true,170,170,33
1767628337454,134,200,true,170,170,134
1767628337464,125,200,true,170,170,125
1767628337452,141,200,true,170,170,135
1767628337452,141,200,true,170,170,141
1767628337453,140,200,true,170,170,140
1767628337452,142,200,true,170,170,135
1767628337589,6,200,true,170,170,6
1767628337453,143,200,true,170,170,143
1767628337454,142,200,true,170,170,142
1767628337462,135,200,true,170,170,135
1767628337454,144,200,true,170,170,144
1767628337454,144,200,true,170,170,144
1767628337556,45,200,true,170,170,45
1767628337554,48,200,true,170,170,48
1767628337456,146,200,true,170,170,146
1767628337555,49,200,true,170,170,49
1767628337461,143,200,true,170,170,128
1767628337556,48,200,true,170,170,48
1767628337554,51,200,true,170,170,51
1767628337556,50,200,true,170,170,50
1767628337605,1,200,true,170,170,1
1767628337558,49,200,true,170,170,49
1767628337558,52,200,true,170,170,52
1767628337564,48,200,true,170,170,47
1767628337564,51,200,true,170,170,51
1767628337571,46,200,true,170,170,46
1767628337569,49,200,true,170,170,48
1767628337570,48,200,true,170,170,48
1767628337455,165,200,true,170,170,165
1767628337455,169,200,true,170,170,169
1767628337584,41,200,true,170,170,40
1767628337580,45,200,true,170,170,44
1767628337455,170,200,true,170,170,170
1767628337618,8,200,true,170,170,8
1767628337456,171,200,true,170,170,171
1767628337434,195,200,true,170,170,195
1767628337467,162,200,true,170,170,162
1767628337615,14,200,true,170,170,13
1767628337596,35,200,true,170,170,35
1767628337626,6,200,true,170,170,6
1767628337593,39,200,true,170,170,39
1767628337445,190,200,true,170,170,190
1767628337434,201,200,true,170,170,201
1767628337434,201,200,true,170,170,197
1767628337601,35,200,true,170,170,35
1767628337606,30,200,true,170,170,30
1767628337434,203,200,true,170,170,203
1767628337435,202,200,true,170,170,202
1767628337481,157,200,true,170,170,157
1767628337475,163,200,true,170,170,163
1767628337481,158,200,true,170,170,158
1767628337474,165,200,true,170,170,165
1767628337476,163,200,true,170,170,163
1767628337472,168,200,true,170,170,168
1767628337481,159,200,true,170,170,159
1767628337473,167,200,true,170,170,166
1767628337474,166,200,true,170,170,165
1767628337435,205,200,true,170,170,205
1767628337473,168,200,true,170,170,164
1767628337472,175,200,true,170,170,175
1767628337485,163,200,true,170,170,163
1767628337472,176,200,true,170,170,176
1767628337475,174,200,true,170,170,174
1767628337489,160,200,true,170,170,159
1767628337473,176,200,true,170,170,176
1767628337485,164,200,true,170,170,162
1767628337474,175,200,true,170,170,175
1767628337648,1,200,true,170,170,1
1767628337501,149,200,true,170,170,148
1767628337632,18,200,true,170,170,18
1767628337471,181,200,true,170,170,181
1767628337512,144,200,true,170,170,144
1767628337521,136,200,true,170,170,135
1767628337505,152,200,true,170,170,152
1767628337539,120,200,true,170,170,120
1767628337517,142,200,true,170,170,142
1767628337539,121,200,true,170,170,121
1767628337539,123,200,true,170,170,123
1767628337543,120,200,true,170,170,120
1767628337545,118,200,true,170,170,117
1767628337546,117,200,true,170,170,117
1767628337539,124,200,true,170,170,124
1767628337543,120,200,true,170,170,120
1767628337546,118,200,true,170,170,118
1767628337536,128,200,true,170,170,128
1767628337546,118,200,true,170,170,118
1767628337547,118,200,true,170,170,118
1767628337547,118,200,true,170,170,118
1767628337547,119,200,true,170,170,118
1767628337547,121,200,true,170,170,121
1767628337548,122,200,true,170,170,122
1767628337548,124,200,true,170,170,124
1767628337548,124,200,true,170,170,123
1767628337550,124,200,true,170,170,123
1767628337545,130,200,true,170,170,130
1767628337550,125,200,true,170,170,124
1767628337546,129,200,true,170,170,128
1767628337532,143,200,true,170,170,143
1767628337549,127,200,true,170,170,124
1767628337550,126,200,true,170,170,124
1767628337549,128,200,true,170,170,124
1767628337549,128,200,true,170,170,124
1767628337553,125,200,true,170,170,125
1767628337548,131,200,true,170,170,129
1767628337666,14,200,true,170,170,14
1767628337552,129,200,true,170,170,129
1767628337553,128,200,true,170,170,128
1767628337675,7,200,true,170,170,5
1767628337675,7,200,true,170,170,7
1767628337663,19,200,true,170,170,19
1767628337676,7,200,true,170,170,7
1767628337679,6,200,true,170,170,4
1767628337680,5,200,true,170,170,5
1767628337552,133,200,true,170,170,133
1767628337593,93,200,true,170,170,93
1767628337554,132,200,true,170,170,132
1767628337555,132,200,true,170,170,132
1767628337685,3,200,true,170,170,3
1767628337686,2,200,true,170,170,2
1767628337555,134,200,true,170,170,134
1767628337554,135,200,true,170,170,133
1767628337556,133,200,true,170,170,130
1767628337555,134,200,true,170,170,132
1767628337597,93,200,true,170,170,93
1767628337534,158,200,true,170,170,158
1767628337688,4,200,true,170,170,4
1767628337536,157,200,true,170,170,157
1767628337689,6,200,true,170,170,6
1767628337551,145,200,true,170,170,145
1767628337557,140,200,true,170,170,140
1767628337692,5,200,true,170,170,5
1767628337560,140,200,true,170,170,140
1767628337689,11,200,true,170,170,11
1767628337561,140,200,true,170,170,140
1767628337560,142,200,true,170,170,142
1767628337561,142,200,true,170,170,142
1767628337562,142,200,true,170,170,142
1767628337562,143,200,true,170,170,142
1767628337565,141,200,true,170,170,141
1767628337705,1,200,true,170,170,1
1767628337706,1,200,true,170,170,1
1767628337706,1,200,true,170,170,1
1767628337707,0,200,true,170,170,0
1767628337568,140,200,true,170,170,140
1767628337707,1,200,true,170,170,1
1767628337708,1,200,true,170,170,1
1767628337708,1,200,true,170,170,1
1767628337709,1,200,true,170,170,1
1767628337709,1,200,true,170,170,1
1767628337710,1,200,true,170,170,1
1767628337710,1,200,true,170,170,1
1767628337711,0,200,true,170,170,0
1767628337566,146,200,true,170,170,146
1767628337563,149,200,true,170,170,149
1767628337563,149,200,true,170,170,142
1767628337707,5,200,true,170,170,1
1767628337572,141,200,true,170,170,141
1767628337568,146,200,true,170,170,146
1767628337566,148,200,true,170,170,148
1767628337565,149,200,true,170,170,149
1767628337569,145,200,true,170,170,145
1767628337569,146,200,true,170,170,146
1767628337570,147,200,true,170,170,146
1767628337570,148,200,true,170,170,147
1767628337571,147,200,true,170,170,146
1767628337570,148,200,true,170,170,147
1767628337569,149,200,true,170,170,149
1767628337572,147,200,true,170,170,147
1767628337571,149,200,true,170,170,149
1767628337712,8,200,true,170,170,7
1767628337585,138,200,true,170,170,138
1767628337585,138,200,true,170,170,138
1767628337579,145,200,true,170,170,144
1767628337584,140,200,true,170,170,140
1767628337586,139,200,true,170,170,139
1767628337455,273,200,true,170,170,273
1767628337457,272,200,true,170,170,271
1767628337588,141,200,true,170,170,141
1767628337607,122,200,true,170,170,122
1767628337579,150,200,true,170,170,150
1767628337568,162,200,true,170,170,161
1767628337617,113,200,true,170,170,113
1767628337580,152,200,true,170,170,145
1767628337729,4,200,true,170,170,4
1767628337618,116,200,true,170,170,116
1767628337612,122,200,true,170,170,122
1767628337733,2,200,true,170,170,2
1767628337734,1,200,true,170,170,1
1767628337735,1,200,true,170,170,1
1767628337604,132,200,true,170,170,132
1767628337602,134,200,true,170,170,134
1767628337567,169,200,true,170,170,169
1767628337735,2,200,true,170,170,2
1767628337598,139,200,true,170,170,139
1767628337593,144,200,true,170,170,144
1767628337582,155,200,true,170,170,155
1767628337624,115,200,true,170,170,115
1767628337629,111,200,true,170,170,111
1767628337606,134,200,true,170,170,134
1767628337629,111,200,true,170,170,111
1767628337629,111,200,true,170,170,111
1767628337631,110,200,true,170,170,110
1767628337594,147,200,true,170,170,147
1767628337625,116,200,true,170,170,116
1767628337625,116,200,true,170,170,116
1767628337627,114,200,true,170,170,114
1767628337604,137,200,true,170,170,137
1767628337739,3,200,true,170,170,3
1767628337604,138,200,true,170,170,138
1767628337620,122,200,true,170,170,122
1767628337639,103,200,true,170,170,103
1767628337596,149,200,true,170,170,149
1767628337640,106,200,true,170,170,106
1767628337638,108,200,true,170,170,108
1767628337741,6,200,true,170,170,5
1767628337737,12,200,true,170,170,12
1767628337741,10,200,true,170,170,10
1767628337740,14,200,true,170,170,13
1767628337637,118,200,true,170,170,118
1767628337635,120,200,true,170,170,120
1767628337632,123,200,true,170,170,122
1767628337636,119,200,true,170,170,119
1767628337636,120,200,true,170,170,119
1767628337755,3,200,true,170,170,3
1767628337641,118,200,true,170,170,118
1767628337758,2,200,true,170,170,2
1767628337759,1,200,true,170,170,1
1767628337760,0,200,true,170,170,0
1767628337760,1,200,true,170,170,1
1767628337760,1,200,true,170,170,1
1767628337761,1,200,true,170,170,1
1767628337761,1,200,true,170,170,1
1767628337762,1,200,true,170,170,1
1767628337762,1,200,true,170,170,1
1767628337763,1,200,true,170,170,1
1767628337641,123,200,true,170,170,123
1767628337640,124,200,true,170,170,124
1767628337764,1,200,true,170,170,1
1767628337765,0,200,true,170,170,0
1767628337765,1,200,true,170,170,1
1767628337765,1,200,true,170,170,1
1767628337766,1,200,true,170,170,1
1767628337766,1,200,true,170,170,1
1767628337767,0,200,true,170,170,0
1767628337767,1,200,true,170,170,1
1767628337485,283,200,true,170,170,283
1767628337767,2,200,true,170,170,2
1767628337768,1,200,true,170,170,1
1767628337769,0,200,true,170,170,0
1767628337769,1,200,true,170,170,1
1767628337769,1,200,true,170,170,1
1767628337770,1,200,true,170,170,1
1767628337770,1,200,true,170,170,1
1767628337771,1,200,true,170,170,1
1767628337639,133,200,true,170,170,133
1767628337772,1,200,true,170,170,1
1767628337635,138,200,true,170,170,138
1767628337638,135,200,true,170,170,135
1767628337471,304,200,true,170,170,303
1767628337635,140,200,true,170,170,140
1767628337640,135,200,true,170,170,135
1767628337637,138,200,true,170,170,138
1767628337650,127,200,true,170,170,127
1767628337775,2,200,true,170,170,2
1767628337775,2,200,true,170,170,2
1767628337772,6,200,true,170,170,6
1767628337773,5,200,true,170,170,5
1767628337775,4,200,true,170,170,4
1767628337773,6,200,true,170,170,6
1767628337775,5,200,true,170,170,5
1767628337649,131,200,true,170,170,131
1767628337778,3,200,true,170,170,3
1767628337777,6,200,true,170,170,5
1767628337648,139,200,true,170,170,139
1767628337649,138,200,true,170,170,138
1767628337649,138,200,true,170,170,138
1767628337489,301,200,true,170,170,301
1767628337528,263,200,true,170,170,263
1767628337513,278,200,true,170,170,278
1767628337489,302,200,true,170,170,301
1767628337509,282,200,true,170,170,280
1767628337501,290,200,true,170,170,290
1767628337508,283,200,true,170,170,281
1767628337522,269,200,true,170,170,269
1767628337652,139,200,true,170,170,139
1767628337649,143,200,true,170,170,143
1767628337509,283,200,true,170,170,281
1767628337493,299,200,true,170,170,298
1767628337521,273,200,true,170,170,273
1767628337493,301,200,true,170,170,301
1767628337520,274,200,true,170,170,274
1767628337497,297,200,true,170,170,297
1767628337529,265,200,true,170,170,265
1767628337791,4,200,true,170,170,4
1767628337647,148,200,true,170,170,141
1767628337659,139,200,true,170,170,139
1767628337792,8,200,true,170,170,8
1767628337791,11,200,true,170,170,10
1767628337657,145,200,true,170,170,145
1767628337802,0,200,true,170,170,0
1767628337802,1,200,true,170,170,1
1767628337802,1,200,true,170,170,1
1767628337659,144,200,true,170,170,144
1767628337803,1,200,true,170,170,1
1767628337665,139,200,true,170,170,139
1767628337803,2,200,true,170,170,2
1767628337804,1,200,true,170,170,1
1767628337804,1,200,true,170,170,1
1767628337805,1,200,true,170,170,1
1767628337805,1,200,true,170,170,1
1767628337805,2,200,true,170,170,2
1767628337806,1,200,true,170,170,1
1767628337806,2,200,true,170,170,2
1767628337544,264,200,true,170,170,264
1767628337662,148,200,true,170,170,148
1767628337549,262,200,true,170,170,262
1767628337664,147,200,true,170,170,147
1767628337549,262,200,true,170,170,261
1767628337548,263,200,true,170,170,263
1767628337663,148,200,true,170,170,148
1767628337664,147,200,true,170,170,146
1767628337663,148,200,true,170,170,147
1767628337663,149,200,true,170,170,149
1767628337672,140,200,true,170,170,140
1767628337675,137,200,true,170,170,137
1767628337677,135,200,true,170,170,135
1767628337674,141,200,true,170,170,141
1767628337811,5,200,true,170,170,5
1767628337811,6,200,true,170,170,5
1767628337670,147,200,true,170,170,147
1767628337677,140,200,true,170,170,140
1767628337664,153,200,true,170,170,153
1767628337665,152,200,true,170,170,152
1767628337668,150,200,true,170,170,150
1767628337817,1,200,true,170,170,1
1767628337816,3,200,true,170,170,3
1767628337817,4,200,true,170,170,4
1767628337676,146,200,true,170,170,145
1767628337812,10,200,true,170,170,10
1767628337675,147,200,true,170,170,147
1767628337678,144,200,true,170,170,144
1767628337682,142,200,true,170,170,142
1767628337683,142,200,true,170,170,142
1767628337683,142,200,true,170,170,142
1767628337682,143,200,true,170,170,143
1767628337821,5,200,true,170,170,5
1767628337689,139,200,true,170,170,139
1767628337557,271,200,true,170,170,271
1767628337696,132,200,true,170,170,132
1767628337692,136,200,true,170,170,136
1767628337695,133,200,true,170,170,133
1767628337690,139,200,true,170,170,139
1767628337689,140,200,true,170,170,140
1767628337688,141,200,true,170,170,141
1767628337686,143,200,true,170,170,141
1767628337686,143,200,true,170,170,140
1767628337685,144,200,true,170,170,144
1767628337697,132,200,true,170,170,132
1767628337693,136,200,true,170,170,136
1767628337687,143,200,true,170,170,139
1767628337697,133,200,true,170,170,133
1767628337700,131,200,true,170,170,131
1767628337700,131,200,true,170,170,131
1767628337704,131,200,true,170,170,131
1767628337826,10,200,true,170,170,10
1767628337712,124,200,true,170,170,124
1767628337835,4,200,true,170,170,4
1767628337825,16,200,true,170,170,16
1767628337714,128,200,true,170,170,128
1767628337712,130,200,true,170,170,130
1767628337711,131,200,true,170,170,131
1767628337713,129,200,true,170,170,129
1767628337714,128,200,true,170,170,128
1767628337712,131,200,true,170,170,131
1767628337713,131,200,true,170,170,131
1767628337559,285,200,true,170,170,285
1767628337714,131,200,true,170,170,131
1767628337829,18,200,true,170,170,16
1767628337715,133,200,true,170,170,133
1767628337717,131,200,true,170,170,131
1767628337842,7,200,true,170,170,7
1767628337842,8,200,true,170,170,8
1767628337843,7,200,true,170,170,7
1767628337844,7,200,true,170,170,7
1767628337845,6,200,true,170,170,6
1767628337841,10,200,true,170,170,10
1767628337714,138,200,true,170,170,135
1767628337848,4,200,true,170,170,4
1767628337848,5,200,true,170,170,5
1767628337849,4,200,true,170,170,4
1767628337850,4,200,true,170,170,4
1767628337850,4,200,true,170,170,4
1767628337851,4,200,true,170,170,4
1767628337851,4,200,true,170,170,4
1767628337851,4,200,true,170,170,4
1767628337852,4,200,true,170,170,4
1767628337853,4,200,true,170,170,4
1767628337853,4,200,true,170,170,4
1767628337854,4,200,true,170,170,4
1767628337854,4,200,true,170,170,4
1767628337855,3,200,true,170,170,3
1767628337855,4,200,true,170,170,4
1767628337855,4,200,true,170,170,4
1767628337856,4,200,true,170,170,4
1767628337842,20,200,true,170,170,19
1767628337847,15,200,true,170,170,5
1767628337852,10,200,true,170,170,4
1767628337718,145,200,true,170,170,145
1767628337718,145,200,true,170,170,145
1767628337718,145,200,true,170,170,144
1767628337858,5,200,true,170,170,5
1767628337571,293,200,true,170,170,293
1767628337723,141,200,true,170,170,141
1767628337573,291,200,true,170,170,291
1767628337720,145,200,true,170,170,145
1767628337720,145,200,true,170,170,145
1767628337461,405,200,true,170,170,405
1767628337724,142,200,true,170,170,142
1767628337574,294,200,true,170,170,294
1767628337729,140,200,true,170,170,140
1767628337729,140,200,true,170,170,140
1767628337724,145,200,true,170,170,145
1767628337869,1,200,true,170,170,1
1767628337862,8,200,true,170,170,8
1767628337863,8,200,true,170,170,8
1767628337863,8,200,true,170,170,8
1767628337863,9,200,true,170,170,9
1767628337730,143,200,true,170,170,143
1767628337725,148,200,true,170,170,148
1767628337730,144,200,true,170,170,144
1767628337729,146,200,true,170,170,146
1767628337864,11,200,true,170,170,11
1767628337732,144,200,true,170,170,144
1767628337728,148,200,true,170,170,148
1767628337866,11,200,true,170,170,11
1767628337723,154,200,true,170,170,154
1767628337863,15,200,true,170,170,10
1767628337862,16,200,true,170,170,16
1767628337869,9,200,true,170,170,9
1767628337734,144,200,true,170,170,144
1767628337870,10,200,true,170,170,10
1767628337736,147,200,true,170,170,147
1767628337737,147,200,true,170,170,147
1767628337625,260,200,true,170,170,260
1767628337736,152,200,true,170,170,152
1767628337740,148,200,true,170,170,148
1767628337736,152,200,true,170,170,152
1767628337740,148,200,true,170,170,148
1767628337742,147,200,true,170,170,147
1767628337742,147,200,true,170,170,147
1767628337737,153,200,true,170,170,153
1767628337737,153,200,true,170,170,152
1767628337741,149,200,true,170,170,149
1767628337746,144,200,true,170,170,144
1767628337741,153,200,true,170,170,153
1767628337737,157,200,true,170,170,155
1767628337741,153,200,true,170,170,153
1767628337740,154,200,true,170,170,154
1767628337742,152,200,true,170,170,152
1767628337741,153,200,true,170,170,153
1767628337747,147,200,true,170,170,147
1767628337742,152,200,true,170,170,151
1767628337746,148,200,true,170,170,148
1767628337894,1,200,true,170,170,1
1767628337749,146,200,true,170,170,146
1767628337751,145,200,true,170,170,145
1767628337640,256,200,true,170,170,256
1767628337755,141,200,true,170,170,141
1767628337756,140,200,true,170,170,140
1767628337754,143,200,true,170,170,143
1767628337755,142,200,true,170,170,142
1767628337755,142,200,true,170,170,142
1767628337764,133,200,true,170,170,133
1767628337745,153,200,true,170,170,153
1767628337888,10,200,true,170,170,10
1767628337640,258,200,true,170,170,258
1767628337768,130,200,true,170,170,130
1767628337763,136,200,true,170,170,136
1767628337773,126,200,true,170,170,126
1767628337778,121,200,true,170,170,121
1767628337779,120,200,true,170,170,120
1767628337779,120,200,true,170,170,120
1767628337780,120,200,true,170,170,120
1767628337771,129,200,true,170,170,129
1767628337777,123,200,true,170,170,123
1767628337780,120,200,true,170,170,120
1767628337649,252,200,true,170,170,252
1767628337783,118,200,true,170,170,118
1767628337781,120,200,true,170,170,120
1767628337650,251,200,true,170,170,251
1767628337649,253,200,true,170,170,253
1767628337787,115,200,true,170,170,115
1767628337787,115,200,true,170,170,115
1767628337787,115,200,true,170,170,115
1767628337791,112,200,true,170,170,112
1767628337792,111,200,true,170,170,111
1767628337790,113,200,true,170,170,113
1767628337794,109,200,true,170,170,109
1767628337794,110,200,true,170,170,110
1767628337792,112,200,true,170,170,112
1767628337657,247,200,true,170,170,247
1767628337657,247,200,true,170,170,247
1767628337791,113,200,true,170,170,113
1767628337888,17,200,true,170,170,17
1767628337791,114,200,true,170,170,114
1767628337794,111,200,true,170,170,111
1767628337791,114,200,true,170,170,114
1767628337794,112,200,true,170,170,112
1767628337799,107,200,true,170,170,107
1767628337795,111,200,true,170,170,111
1767628337800,106,200,true,170,170,106
1767628337794,112,200,true,170,170,112
1767628337791,116,200,true,170,170,116
1767628337795,112,200,true,170,170,112
1767628337807,100,200,true,170,170,100
1767628337803,104,200,true,170,170,104
1767628337660,247,200,true,170,170,247
1767628337663,245,200,true,170,170,245
1767628337808,100,200,true,170,170,100
1767628337811,97,200,true,170,170,97
1767628337810,98,200,true,170,170,98
1767628337811,98,200,true,170,170,97
1767628337811,98,200,true,170,170,98
1767628337808,101,200,true,170,170,101
1767628337812,97,200,true,170,170,97
1767628337811,98,200,true,170,170,98
1767628337812,98,200,true,170,170,98
1767628337811,99,200,true,170,170,99
1767628337812,98,200,true,170,170,98
1767628337672,238,200,true,170,170,238
1767628337817,93,200,true,170,170,93
1767628337817,94,200,true,170,170,94
1767628337815,96,200,true,170,170,96
1767628337817,94,200,true,170,170,94
1767628337818,93,200,true,170,170,93
1767628337818,93,200,true,170,170,93
1767628337819,93,200,true,170,170,93
1767628337681,231,200,true,170,170,231
1767628337681,231,200,true,170,170,231
1767628337912,1,200,true,170,170,1
1767628337703,210,200,true,170,170,210
1767628337701,212,200,true,170,170,212
1767628337831,82,200,true,170,170,82
1767628337559,354,200,true,170,170,354
1767628337703,211,200,true,170,170,211
1767628337828,86,200,true,170,170,86
1767628337825,89,200,true,170,170,89
1767628337825,89,200,true,170,170,89
1767628337829,86,200,true,170,170,86
1767628337830,85,200,true,170,170,85
1767628337829,86,200,true,170,170,86
1767628337829,86,200,true,170,170,86
1767628337830,85,200,true,170,170,85
1767628337828,88,200,true,170,170,88
1767628337828,88,200,true,170,170,88
1767628337822,94,200,true,170,170,94
1767628337828,88,200,true,170,170,88
1767628337831,85,200,true,170,170,85
1767628337822,95,200,true,170,170,95
1767628337825,92,200,true,170,170,92
1767628337829,88,200,true,170,170,88
1767628337829,88,200,true,170,170,88
1767628337829,88,200,true,170,170,88
1767628337830,88,200,true,170,170,88
1767628337822,96,200,true,170,170,96
1767628337828,90,200,true,170,170,90
1767628337822,96,200,true,170,170,96
1767628337836,83,200,true,170,170,83
1767628337836,83,200,true,170,170,83
1767628337844,75,200,true,170,170,75
1767628337839,80,200,true,170,170,80
1767628337842,78,200,true,170,170,78
1767628337791,129,200,true,170,170,129
1767628337807,113,200,true,170,170,113
1767628337842,78,200,true,170,170,78
1767628337857,64,200,true,170,170,64
1767628337858,63,200,true,170,170,63
1767628337858,63,200,true,170,170,63
1767628337859,62,200,true,170,170,62
1767628337888,33,200,true,170,170,33
1767628337859,62,200,true,170,170,62
1767628337719,203,200,true,170,170,203
1767628337611,311,200,true,170,170,311
1767628337860,62,200,true,170,170,62
1767628337862,60,200,true,170,170,60
1767628337719,204,200,true,170,170,204
1767628337869,54,200,true,170,170,54
1767628337865,58,200,true,170,170,58
1767628337864,59,200,true,170,170,59
1767628337866,57,200,true,170,170,57
1767628337868,56,200,true,170,170,56
1767628337888,36,200,true,170,170,36
1767628337870,54,200,true,170,170,54
1767628337871,53,200,true,170,170,53
1767628337871,53,200,true,170,170,53
1767628337890,34,200,true,170,170,34
1767628337872,52,200,true,170,170,52
1767628337873,52,200,true,170,170,52
1767628337875,50,200,true,170,170,50
1767628337873,52,200,true,170,170,52
1767628337874,51,200,true,170,170,51
1767628337879,46,200,true,170,170,46
1767628337875,50,200,true,170,170,50
1767628337901,29,200,true,170,170,29
1767628337907,26,200,true,170,170,26
1767628337923,11,200,true,170,170,11
1767628337877,59,200,true,170,170,59
1767628337915,22,200,true,170,170,22
1767628337898,43,200,true,170,170,43
1767628337910,32,200,true,170,170,32
1767628337917,27,200,true,170,170,27
1767628337904,44,200,true,170,170,44
1767628337915,34,200,true,170,170,34
1767628337905,44,200,true,170,170,44
1767628337906,43,200,true,170,170,43
1767628337908,42,200,true,170,170,42
1767628337904,46,200,true,170,170,46
1767628337916,35,200,true,170,170,35
1767628337916,35,200,true,170,170,35
1767628337897,55,200,true,170,170,55
1767628337921,31,200,true,170,170,31
1767628337895,58,200,true,170,170,58
1767628337924,29,200,true,170,170,29
1767628337901,53,200,true,170,170,53
1767628337917,37,200,true,170,170,37
1767628337894,61,200,true,170,170,61
1767628337894,61,200,true,170,170,61
1767628337877,81,200,true,170,170,81
1767628337896,64,200,true,170,170,64
1767628337898,65,200,true,170,170,65
1767628337878,87,200,true,170,170,87
1767628337899,69,200,true,170,170,69
1767628337937,32,200,true,170,170,32
1767628337878,95,200,true,170,170,95
1767628337602,371,200,true,170,170,371
1767628337595,379,200,true,170,170,379
1767628337598,376,200,true,170,170,376
1767628337949,25,200,true,170,170,25
1767628337864,111,200,true,170,170,111
1767628337876,100,200,true,170,170,100
1767628337883,94,200,true,170,170,94
1767628337885,93,200,true,170,170,93
1767628337880,99,200,true,170,170,99
1767628337949,31,200,true,170,170,31
1767628337952,28,200,true,170,170,28
1767628337965,16,200,true,170,170,16
1767628337975,6,200,true,170,170,6
1767628337969,13,200,true,170,170,13
1767628337973,9,200,true,170,170,9
1767628337978,5,200,true,170,170,5
1767628337958,25,200,true,170,170,25
1767628337974,10,200,true,170,170,10
1767628337890,95,200,true,170,170,95
1767628337890,95,200,true,170,170,94
1767628337890,96,200,true,170,170,95
1767628337889,97,200,true,170,170,97
1767628337884,103,200,true,170,170,103
1767628337973,14,200,true,170,170,13
1767628337954,33,200,true,170,170,33
1767628337974,14,200,true,170,170,14
1767628337974,14,200,true,170,170,14
1767628337955,34,200,true,170,170,34
1767628337976,14,200,true,170,170,14
1767628337955,35,200,true,170,170,35
1767628337960,31,200,true,170,170,31
1767628337889,105,200,true,170,170,105
1767628337980,15,200,true,170,170,14
1767628337987,10,200,true,170,170,10
1767628337865,132,200,true,170,170,132
1767628337919,79,200,true,170,170,79
1767628337913,85,200,true,170,170,85
1767628337922,76,200,true,170,170,76
1767628337857,142,200,true,170,170,142
1767628337914,86,200,true,170,170,86
1767628337919,81,200,true,170,170,81
1767628337919,82,200,true,170,170,81
1767628337909,92,200,true,170,170,90
1767628337913,88,200,true,170,170,86
1767628337920,81,200,true,170,170,81
1767628337924,77,200,true,170,170,77
1767628337921,80,200,true,170,170,80
1767628337914,87,200,true,170,170,87
1767628337921,81,200,true,170,170,81
1767628337922,80,200,true,170,170,80
1767628337908,94,200,true,170,170,94
1767628337899,103,200,true,170,170,103
1767628337908,95,200,true,170,170,95
1767628337906,97,200,true,170,170,97
1767628337921,82,200,true,170,170,82
1767628337921,82,200,true,170,170,82
1767628337901,102,200,true,170,170,102
1767628337924,80,200,true,170,170,80
1767628337896,108,200,true,170,170,108
1767628337922,82,200,true,170,170,82
1767628337902,102,200,true,170,170,102
1767628337921,84,200,true,170,170,84
1767628337922,83,200,true,170,170,83
1767628337920,85,200,true,170,170,85
1767628338004,1,200,true,170,170,1
1767628337876,129,200,true,170,170,129
1767628337910,96,200,true,170,170,96
1767628337896,111,200,true,170,170,111
1767628337998,9,200,true,170,170,9
1767628337998,10,200,true,170,170,10
1767628338001,7,200,true,170,170,7
1767628338001,7,200,true,170,170,7
1767628338000,9,200,true,170,170,9
1767628338001,8,200,true,170,170,8
1767628338001,9,200,true,170,170,9
1767628338000,10,200,true,170,170,10
1767628338001,9,200,true,170,170,9
1767628337997,14,200,true,170,170,14
1767628338001,10,200,true,170,170,10
1767628338002,10,200,true,170,170,10
1767628337909,103,200,true,170,170,103
1767628337909,104,200,true,170,170,104
1767628337903,111,200,true,170,170,111
1767628337909,106,200,true,170,170,104
1767628337914,101,200,true,170,170,100
1767628337902,113,200,true,170,170,112
1767628337919,96,200,true,170,170,95
1767628337910,106,200,true,170,170,103
1767628337914,107,200,true,170,170,107
1767628337903,118,200,true,170,170,118
1767628338016,11,200,true,170,170,11
1767628337910,118,200,true,170,170,118
1767628338011,17,200,true,170,170,17
1767628337913,115,200,true,170,170,115
1767628338011,18,200,true,170,170,18
1767628337918,114,200,true,170,170,114
1767628337910,123,200,true,170,170,122
1767628337908,125,200,true,170,170,125
1767628337906,128,200,true,170,170,128
1767628337911,124,200,true,170,170,124
1767628338028,7,200,true,170,170,7
1767628337905,131,200,true,170,170,131
1767628337912,124,200,true,170,170,124
1767628337896,140,200,true,170,170,140
1767628337917,119,200,true,170,170,119
1767628337915,122,200,true,170,170,122
1767628337898,139,200,true,170,170,139
1767628337915,122,200,true,170,170,122
1767628337915,122,200,true,170,170,122
1767628337918,120,200,true,170,170,120
1767628337912,126,200,true,170,170,126
1767628337916,122,200,true,170,170,122
1767628337916,122,200,true,170,170,122
1767628337923,115,200,true,170,170,115
1767628337911,128,200,true,170,170,128
1767628337905,134,200,true,170,170,134
1767628337894,145,200,true,170,170,145
1767628337923,116,200,true,170,170,116
1767628337921,119,200,true,170,170,119
1767628337894,146,200,true,170,170,146
1767628337900,140,200,true,170,170,140
1767628337911,129,200,true,170,170,129
1767628337907,133,200,true,170,170,133
1767628337894,147,200,true,170,170,147
1767628337916,125,200,true,170,170,125
1767628337924,117,200,true,170,170,117
1767628338035,7,200,true,170,170,7
1767628337918,124,200,true,170,170,124
1767628337905,138,200,true,170,170,138
1767628337894,149,200,true,170,170,149
1767628337917,126,200,true,170,170,126
1767628337920,123,200,true,170,170,123
1767628337895,148,200,true,170,170,148
1767628337923,121,200,true,170,170,121
1767628337902,142,200,true,170,170,142
1767628337903,141,200,true,170,170,141
1767628337898,147,200,true,170,170,147
1767628337906,139,200,true,170,170,139
1767628337897,148,200,true,170,170,148
1767628337903,142,200,true,170,170,142
1767628337901,144,200,true,170,170,144
1767628337907,139,200,true,170,170,139
1767628337899,147,200,true,170,170,147
1767628337918,128,200,true,170,170,128
1767628337902,144,200,true,170,170,144
1767628337900,147,200,true,170,170,147
1767628337894,153,200,true,170,170,153
1767628337901,146,200,true,170,170,146
1767628337899,148,200,true,170,170,148
1767628337913,134,200,true,170,170,134
1767628337925,123,200,true,170,170,123
1767628337918,130,200,true,170,170,130
1767628337897,151,200,true,170,170,151
1767628337924,124,200,true,170,170,124
1767628337897,151,200,true,170,170,151
1767628337925,124,200,true,170,170,124
1767628337899,150,200,true,170,170,150
1767628337925,124,200,true,170,170,124
1767628337900,149,200,true,170,170,149
1767628337904,145,200,true,170,170,145
1767628337907,142,200,true,170,170,142
1767628337907,143,200,true,170,170,143
1767628337925,125,200,true,170,170,125
1767628337925,125,200,true,170,170,125
1767628337925,125,200,true,170,170,125
1767628337950,101,200,true,170,170,101
1767628337948,103,200,true,170,170,103
1767628337950,101,200,true,170,170,101
1767628337936,115,200,true,170,170,115
1767628337933,118,200,true,170,170,118
1767628337951,101,200,true,170,170,101
1767628337951,105,200,true,170,170,105
1767628337950,106,200,true,170,170,106
1767628337906,150,200,true,170,170,150
1767628337941,116,200,true,170,170,116
1767628337934,123,200,true,170,170,123
1767628337942,115,200,true,170,170,115
1767628337930,127,200,true,170,170,127
1767628337944,113,200,true,170,170,113
1767628337953,105,200,true,170,170,105
1767628337953,105,200,true,170,170,105
1767628337954,104,200,true,170,170,104
1767628337977,81,200,true,170,170,81
1767628337989,70,200,true,170,170,70
1767628337878,181,200,true,170,170,181
1767628337981,78,200,true,170,170,78
1767628337982,77,200,true,170,170,77
1767628337981,79,200,true,170,170,79
1767628338035,27,200,true,170,170,27
1767628337983,83,200,true,170,170,83
1767628338039,27,200,true,170,170,27
1767628338038,30,200,true,170,170,30
1767628338036,33,200,true,170,170,33
1767628338036,36,200,true,170,170,36
1767628338057,17,200,true,170,170,17
1767628338057,20,200,true,170,170,20
1767628338059,19,200,true,170,170,18
1767628337991,96,200,true,170,170,96
1767628338047,41,200,true,170,170,41
1767628338050,39,200,true,170,170,39
1767628338043,47,200,true,170,170,47
1767628338047,44,200,true,170,170,44
1767628338045,46,200,true,170,170,46
1767628337777,315,200,true,170,170,315
1767628338047,49,200,true,170,170,49
1767628338068,29,200,true,170,170,29
1767628338089,10,200,true,170,170,10
1767628338092,8,200,true,170,170,7
1767628337988,112,200,true,170,170,112
1767628337894,206,200,true,170,170,206
1767628337952,148,200,true,170,170,148
1767628338001,99,200,true,170,170,99
1767628337998,103,200,true,170,170,103
1767628337909,193,200,true,170,170,192
1767628338102,2,200,true,170,170,2
1767628337924,182,200,true,170,170,181
1767628337911,196,200,true,170,170,196
1767628338015,92,200,true,170,170,92
1767628337911,196,200,true,170,170,196
1767628338101,7,200,true,170,170,7
1767628337997,112,200,true,170,170,112
1767628338003,106,200,true,170,170,106
1767628338003,106,200,true,170,170,106
1767628338003,108,200,true,170,170,108
1767628338014,100,200,true,170,170,100
1767628338015,99,200,true,170,170,99
1767628338013,101,200,true,170,170,101
1767628338004,110,200,true,170,170,110
1767628338003,112,200,true,170,170,112
1767628338005,112,200,true,170,170,112
1767628338004,114,200,true,170,170,114
1767628338004,114,200,true,170,170,114
1767628338005,113,200,true,170,170,113
1767628337999,119,200,true,170,170,119
1767628338005,113,200,true,170,170,113
1767628338006,113,200,true,170,170,113
1767628337995,124,200,true,170,170,124
1767628337994,125,200,true,170,170,125
1767628338007,112,200,true,170,170,112
1767628338007,113,200,true,170,170,113
1767628338008,112,200,true,170,170,112
1767628338008,112,200,true,170,170,112
1767628338008,112,200,true,170,170,112
1767628338009,111,200,true,170,170,111
1767628338009,112,200,true,170,170,112
1767628338010,111,200,true,170,170,111
1767628338114,7,200,true,170,170,7
1767628338120,1,200,true,170,170,1
1767628338010,112,200,true,170,170,112
1767628338006,116,200,true,170,170,116
1767628338002,120,200,true,170,170,120
1767628338002,120,200,true,170,170,120
1767628338028,95,200,true,170,170,95
1767628338011,112,200,true,170,170,112
1767628338015,108,200,true,170,170,108
1767628338012,111,200,true,170,170,111
1767628338021,103,200,true,170,170,103
1767628338021,103,200,true,170,170,103
1767628338015,109,200,true,170,170,109
1767628338027,97,200,true,170,170,97
1767628338028,97,200,true,170,170,97
1767628338029,96,200,true,170,170,96
1767628338032,93,200,true,170,170,93
1767628338012,113,200,true,170,170,113
1767628338034,92,200,true,170,170,92
1767628338041,85,200,true,170,170,85
1767628337924,202,200,true,170,170,202
1767628338048,78,200,true,170,170,78
1767628338036,91,200,true,170,170,91
1767628338033,94,200,true,170,170,94
1767628338033,94,200,true,170,170,94
1767628338040,87,200,true,170,170,87
1767628338040,87,200,true,170,170,87
1767628337982,146,200,true,170,170,146
1767628337979,149,200,true,170,170,149
1767628337980,148,200,true,170,170,148
1767628338128,1,200,true,170,170,0
1767628338037,92,200,true,170,170,92
1767628338039,90,200,true,170,170,90
1767628338038,91,200,true,170,170,91
1767628338039,90,200,true,170,170,90
1767628338038,92,200,true,170,170,92
1767628338038,92,200,true,170,170,92
1767628338038,92,200,true,170,170,92
1767628338039,91,200,true,170,170,91
1767628338036,95,200,true,170,170,95
1767628338037,94,200,true,170,170,94
1767628338037,94,200,true,170,170,94
1767628338037,94,200,true,170,170,94
1767628338041,91,200,true,170,170,91
1767628338041,91,200,true,170,170,91
1767628338040,92,200,true,170,170,92
1767628338040,93,200,true,170,170,93
1767628338057,76,200,true,170,170,76
1767628338059,74,200,true,170,170,74
1767628338051,82,200,true,170,170,82
1767628338048,86,200,true,170,170,86
1767628338059,75,200,true,170,170,75
1767628338048,86,200,true,170,170,86
1767628338049,85,200,true,170,170,85
1767628338049,86,200,true,170,170,86
1767628338040,95,200,true,170,170,92
1767628338050,85,200,true,170,170,85
1767628338057,78,200,true,170,170,78
1767628338057,78,200,true,170,170,78
1767628338051,85,200,true,170,170,85
1767628338042,94,200,true,170,170,94
1767628338002,134,200,true,170,170,134
1767628338051,85,200,true,170,170,85
1767628338050,86,200,true,170,170,86
1767628338114,23,200,true,170,170,23
1767628338133,4,200,true,170,170,4
1767628338133,5,200,true,170,170,5
1767628338120,18,200,true,170,170,18
1767628338122,17,200,true,170,170,17
1767628338120,19,200,true,170,170,19
1767628338120,20,200,true,170,170,20
1767628338120,23,200,true,170,170,23
1767628338117,26,200,true,170,170,26
1767628338118,26,200,true,170,170,26
1767628338134,10,200,true,170,170,10
1767628338126,19,200,true,170,170,19
1767628338119,26,200,true,170,170,26
1767628338118,28,200,true,170,170,28
1767628338134,13,200,true,170,170,13
1767628338123,24,200,true,170,170,24
1767628338135,12,200,true,170,170,12
1767628338135,13,200,true,170,170,13
1767628338124,24,200,true,170,170,24
1767628338135,15,200,true,170,170,15
1767628338124,27,200,true,170,170,27
1767628337990,170,200,true,170,170,169
1767628337983,177,200,true,170,170,175
1767628337990,171,200,true,170,170,171
1767628338044,121,200,true,170,170,121
1767628337968,199,200,true,170,170,199
1767628338043,126,200,true,170,170,126
1767628338058,111,200,true,170,170,111
1767628338059,111,200,true,170,170,110
1767628338052,118,200,true,170,170,117
1767628338043,127,200,true,170,170,126
1767628338058,112,200,true,170,170,109
1767628338135,36,200,true,170,170,36
1767628338047,124,200,true,170,170,124
1767628338056,116,200,true,170,170,115
1767628338058,114,200,true,170,170,114
1767628338119,54,200,true,170,170,47
1767628338136,37,200,true,170,170,16
1767628338043,131,200,true,170,170,130
1767628338137,38,200,true,170,170,38
1767628338043,133,200,true,170,170,133
1767628338046,131,200,true,170,170,131
1767628338046,131,200,true,170,170,131
1767628338056,124,200,true,170,170,124
1767628338058,122,200,true,170,170,122
1767628338045,137,200,true,170,170,137
1767628338045,138,200,true,170,170,138
1767628338132,51,200,true,170,170,51
1767628338044,139,200,true,170,170,139
1767628338148,36,200,true,170,170,36
1767628338147,38,200,true,170,170,38
1767628338046,139,200,true,170,170,139
1767628338049,136,200,true,170,170,136
1767628338046,140,200,true,170,170,140
1767628338045,141,200,true,170,170,141
1767628338048,138,200,true,170,170,138
1767628338049,137,200,true,170,170,137
1767628338056,131,200,true,170,170,131
1767628338045,142,200,true,170,170,142
1767628338049,138,200,true,170,170,138
1767628338050,137,200,true,170,170,137
1767628338048,140,200,true,170,170,140
1767628338060,128,200,true,170,170,128
1767628338062,126,200,true,170,170,126
1767628338066,122,200,true,170,170,122
1767628338066,122,200,true,170,170,122
1767628338069,120,200,true,170,170,120
1767628338072,117,200,true,170,170,117
1767628338075,114,200,true,170,170,114
1767628338077,112,200,true,170,170,112
1767628338087,103,200,true,170,170,103
1767628338090,100,200,true,170,170,100
1767628338091,99,200,true,170,170,99
1767628338088,102,200,true,170,170,102
1767628338097,94,200,true,170,170,94
1767628338096,95,200,true,170,170,95
1767628338091,100,200,true,170,170,100
1767628337923,268,200,true,170,170,268
1767628338099,93,200,true,170,170,93
1767628338078,114,200,true,170,170,114
1767628337913,279,200,true,170,170,279
1767628337904,288,200,true,170,170,288
1767628337904,289,200,true,170,170,289
1767628338188,6,200,true,170,170,5
1767628338100,94,200,true,170,170,94
1767628338100,94,200,true,170,170,94
1767628338003,191,200,true,170,170,191
1767628338005,189,200,true,170,170,189
1767628338107,88,200,true,170,170,88
1767628338107,88,200,true,170,170,88
1767628338100,95,200,true,170,170,95
1767628338100,95,200,true,170,170,95
1767628338100,96,200,true,170,170,96
1767628338108,88,200,true,170,170,88
1767628338109,87,200,true,170,170,87
1767628338109,87,200,true,170,170,87
1767628338106,90,200,true,170,170,90
1767628338107,90,200,true,170,170,90
1767628338104,93,200,true,170,170,93
1767628338115,82,200,true,170,170,82
1767628338111,86,200,true,170,170,86
1767628338114,84,200,true,170,170,84
1767628338114,84,200,true,170,170,84
1767628338109,89,200,true,170,170,89
1767628338121,77,200,true,170,170,77
1767628338122,76,200,true,170,170,76
1767628338125,74,200,true,170,170,74
1767628338123,76,200,true,170,170,76
1767628338125,74,200,true,170,170,74
1767628338125,74,200,true,170,170,74
1767628338136,64,200,true,170,170,64
1767628338122,78,200,true,170,170,78
1767628338134,66,200,true,170,170,66
1767628338133,67,200,true,170,170,67
1767628338122,79,200,true,170,170,78
1767628338118,83,200,true,170,170,83
1767628338121,80,200,true,170,170,80
1767628337963,238,200,true,170,170,238
1767628338122,79,200,true,170,170,79
1767628338124,78,200,true,170,170,78
1767628338134,68,200,true,170,170,68
1767628338123,79,200,true,170,170,79
1767628338148,54,200,true,170,170,54
1767628338124,78,200,true,170,170,78
1767628338119,84,200,true,170,170,84
1767628338122,82,200,true,170,170,82
1767628338189,17,200,true,170,170,17
1767628338191,15,200,true,170,170,15
1767628338189,20,200,true,170,170,20
1767628338169,40,200,true,170,170,40
1767628338183,27,200,true,170,170,27
1767628338182,31,200,true,170,170,31
1767628338169,44,200,true,170,170,44
1767628338184,32,200,true,170,170,32
1767628338191,25,200,true,170,170,25
1767628338126,90,200,true,170,170,90
1767628338186,33,200,true,170,170,33
1767628338194,25,200,true,170,170,25
1767628338127,92,200,true,170,170,92
1767628337985,235,200,true,170,170,235
1767628338127,93,200,true,170,170,93
1767628337987,233,200,true,170,170,233
1767628337988,232,200,true,170,170,232
1767628338127,93,200,true,170,170,93
1767628337984,237,200,true,170,170,237
1767628338130,91,200,true,170,170,91
1767628338125,96,200,true,170,170,96
1767628337985,236,200,true,170,170,236
1767628337986,235,200,true,170,170,235
1767628337986,236,200,true,170,170,236
1767628338131,91,200,true,170,170,91
1767628337987,235,200,true,170,170,235
1767628338131,91,200,true,170,170,91
1767628338201,22,200,true,170,170,22
1767628338128,103,200,true,170,170,103
1767628338160,71,200,true,170,170,70
1767628338119,112,200,true,170,170,111
1767628338136,95,200,true,170,170,95
1767628338130,102,200,true,170,170,102
1767628338131,101,200,true,170,170,99
1767628338193,41,200,true,170,170,41
1767628338197,38,200,true,170,170,37
1767628338202,33,200,true,170,170,33
1767628338192,43,200,true,170,170,43
1767628338202,34,200,true,170,170,34
1767628338129,107,200,true,170,170,107
1767628338203,34,200,true,170,170,34
1767628338195,42,200,true,170,170,42
1767628338195,42,200,true,170,170,42
1767628338195,43,200,true,170,170,43
1767628338195,43,200,true,170,170,43
1767628338202,37,200,true,170,170,37
1767628338196,43,200,true,170,170,43
1767628338201,38,200,true,170,170,38
1767628338127,113,200,true,170,170,113
1767628338222,24,200,true,170,170,24
1767628338129,120,200,true,170,170,120
1767628338129,120,200,true,170,170,120
1767628338130,120,200,true,170,170,112
1767628338131,119,200,true,170,170,118
1767628338129,121,200,true,170,170,117
1767628338132,119,200,true,170,170,119
1767628338050,202,200,true,170,170,202
1767628338123,130,200,true,170,170,129
1767628338127,126,200,true,170,170,126
1767628338235,19,200,true,170,170,19
1767628338235,21,200,true,170,170,21
1767628338132,127,200,true,170,170,127
1767628338170,91,200,true,170,170,91
1767628338119,143,200,true,170,170,143
1767628338138,125,200,true,170,170,125
1767628338176,88,200,true,170,170,88
1767628338177,88,200,true,170,170,88
1767628338043,223,200,true,170,170,223
1767628338170,96,200,true,170,170,96
1767628338144,126,200,true,170,170,126
1767628338146,124,200,true,170,170,124
1767628338143,127,200,true,170,170,127
1767628338044,226,200,true,170,170,226
1767628338170,100,200,true,170,170,100
1767628338145,126,200,true,170,170,125
1767628338143,128,200,true,170,170,128
1767628338133,138,200,true,170,170,138
1767628338144,127,200,true,170,170,127
1767628338271,1,200,true,170,170,1
1767628338271,1,200,true,170,170,1
1767628338271,2,200,true,170,170,2
1767628338271,2,200,true,170,170,2
1767628338272,1,200,true,170,170,1
1767628338145,128,200,true,170,170,128
1767628338147,127,200,true,170,170,127
1767628338139,135,200,true,170,170,135
1767628338180,94,200,true,170,170,94
1767628338148,126,200,true,170,170,126
1767628338051,224,200,true,170,170,223
1767628338047,228,200,true,170,170,228
1767628338175,100,200,true,170,170,100
1767628338192,83,200,true,170,170,83
1767628338051,225,200,true,170,170,225
1767628338266,10,200,true,170,170,10
1767628338191,85,200,true,170,170,85
1767628338185,92,200,true,170,170,92
1767628338184,93,200,true,170,170,93
1767628338150,127,200,true,170,170,127
1767628338151,126,200,true,170,170,126
1767628338189,89,200,true,170,170,89
1767628338188,90,200,true,170,170,90
1767628338188,90,200,true,170,170,90
1767628338173,105,200,true,170,170,105
1767628338188,90,200,true,170,170,90
1767628338160,119,200,true,170,170,119
1767628338189,90,200,true,170,170,90
1767628338180,99,200,true,170,170,99
1767628338170,109,200,true,170,170,109
1767628338172,107,200,true,170,170,107
1767628338171,109,200,true,170,170,109
1767628338172,108,200,true,170,170,108
1767628338174,106,200,true,170,170,106
1767628338173,107,200,true,170,170,107
1767628338161,120,200,true,170,170,120
1767628338192,89,200,true,170,170,89
1767628338190,91,200,true,170,170,91
1767628338190,91,200,true,170,170,91
1767628338165,116,200,true,170,170,116
1767628338190,92,200,true,170,170,92
1767628338177,105,200,true,170,170,105
1767628338190,92,200,true,170,170,92
1767628338183,99,200,true,170,170,99
1767628338191,92,200,true,170,170,92
1767628338186,97,200,true,170,170,97
1767628338187,96,200,true,170,170,96
1767628338186,97,200,true,170,170,97
1767628338185,98,200,true,170,170,98
1767628338185,99,200,true,170,170,99
1767628338186,98,200,true,170,170,98
1767628338187,97,200,true,170,170,97
1767628338187,97,200,true,170,170,97
1767628338187,98,200,true,170,170,98
1767628338167,118,200,true,170,170,118
1767628338188,97,200,true,170,170,97
1767628338194,91,200,true,170,170,91
1767628338196,89,200,true,170,170,89
1767628338198,87,200,true,170,170,87
1767628338199,87,200,true,170,170,87
1767628338199,87,200,true,170,170,87
1767628338198,88,200,true,170,170,88
1767628338199,87,200,true,170,170,87
1767628338200,87,200,true,170,170,87
1767628338200,87,200,true,170,170,87
1767628338196,91,200,true,170,170,91
1767628338199,88,200,true,170,170,88
1767628338200,87,200,true,170,170,87
1767628338201,87,200,true,170,170,87
1767628338198,90,200,true,170,170,90
1767628338194,94,200,true,170,170,94
1767628338201,88,200,true,170,170,87
1767628338194,95,200,true,170,170,95
1767628338196,93,200,true,170,170,93
1767628338198,91,200,true,170,170,91
1767628338197,92,200,true,170,170,92
1767628338201,89,200,true,170,170,89
1767628338197,93,200,true,170,170,93
1767628338194,96,200,true,170,170,96
1767628338198,92,200,true,170,170,92
1767628338202,89,200,true,170,170,89
1767628338231,60,200,true,170,170,60
1767628338202,89,200,true,170,170,89
1767628338197,94,200,true,170,170,94
1767628338131,161,200,true,170,170,161
1767628338136,156,200,true,170,170,156
1767628338232,60,200,true,170,170,60
1767628338202,90,200,true,170,170,90
1767628338232,60,200,true,170,170,60
1767628338219,74,200,true,170,170,74
1767628338220,73,200,true,170,170,73
1767628338222,71,200,true,170,170,71
1767628338206,87,200,true,170,170,87
1767628338216,77,200,true,170,170,77
1767628338219,75,200,true,170,170,75
1767628338220,74,200,true,170,170,74
1767628338220,74,200,true,170,170,74
1767628338221,73,200,true,170,170,73
1767628338221,74,200,true,170,170,74
1767628338221,74,200,true,170,170,74
1767628338206,89,200,true,170,170,89
1767628338209,86,200,true,170,170,86
1767628338222,74,200,true,170,170,74
1767628338221,75,200,true,170,170,75
1767628338222,74,200,true,170,170,74
1767628338209,87,200,true,170,170,87
1767628338296,1,200,true,170,170,1
1767628338210,87,200,true,170,170,87
1767628338220,77,200,true,170,170,77
1767628338221,76,200,true,170,170,76
1767628338220,78,200,true,170,170,78
1767628338213,85,200,true,170,170,85
1767628338213,85,200,true,170,170,85
1767628338216,82,200,true,170,170,82
1767628338216,82,200,true,170,170,82
1767628338219,80,200,true,170,170,80
1767628338223,76,200,true,170,170,76
1767628338250,49,200,true,170,170,49
1767628338234,65,200,true,170,170,65
1767628338235,64,200,true,170,170,64
1767628338236,64,200,true,170,170,64
1767628338237,63,200,true,170,170,63
1767628338240,60,200,true,170,170,60
1767628338237,63,200,true,170,170,63
1767628338237,64,200,true,170,170,64
1767628338238,63,200,true,170,170,63
1767628338254,47,200,true,170,170,47
1767628338236,65,200,true,170,170,65
1767628338231,70,200,true,170,170,70
1767628338246,56,200,true,170,170,56
1767628338239,63,200,true,170,170,63
1767628338239,63,200,true,170,170,63
1767628338238,64,200,true,170,170,64
1767628338239,64,200,true,170,170,64
1767628338231,72,200,true,170,170,72
1767628338231,72,200,true,170,170,72
1767628338204,99,200,true,170,170,99
1767628338192,111,200,true,170,170,111
1767628338118,185,200,true,170,170,185
1767628338259,45,200,true,170,170,45
1767628338136,168,200,true,170,170,168
1767628338135,169,200,true,170,170,169
1767628338126,178,200,true,170,170,178
1767628338257,48,200,true,170,170,48
1767628338128,177,200,true,170,170,177
1767628338253,52,200,true,170,170,52
1767628338253,52,200,true,170,170,52
1767628338249,57,200,true,170,170,56
1767628338249,57,200,true,170,170,57
1767628338250,56,200,true,170,170,56
1767628338250,56,200,true,170,170,56
1767628338129,178,200,true,170,170,178
1767628338140,167,200,true,170,170,167
1767628338139,168,200,true,170,170,168
1767628338252,55,200,true,170,170,55
1767628338253,54,200,true,170,170,54
1767628338138,169,200,true,170,170,169
1767628338263,45,200,true,170,170,45
1767628338264,44,200,true,170,170,44
1767628338261,47,200,true,170,170,47
1767628338137,171,200,true,170,170,171
1767628338196,113,200,true,170,170,112
1767628338126,183,200,true,170,170,183
1767628338171,138,200,true,170,170,138
1767628338262,47,200,true,170,170,47
1767628338266,44,200,true,170,170,44
1767628338265,45,200,true,170,170,45
1767628338293,18,200,true,170,170,18
1767628338285,26,200,true,170,170,26
1767628338308,4,200,true,170,170,4
1767628338286,29,200,true,170,170,29
1767628338307,8,200,true,170,170,8
1767628338287,28,200,true,170,170,28
1767628338286,31,200,true,170,170,31
1767628338287,30,200,true,170,170,30
1767628338287,30,200,true,170,170,30
1767628338288,30,200,true,170,170,30
1767628338288,30,200,true,170,170,30
1767628338288,31,200,true,170,170,31
1767628338289,30,200,true,170,170,30
1767628338289,31,200,true,170,170,31
1767628338285,35,200,true,170,170,35
1767628338289,32,200,true,170,170,31
1767628338289,32,200,true,170,170,32
1767628338290,31,200,true,170,170,31
1767628338290,32,200,true,170,170,32
1767628338273,49,200,true,170,170,49
1767628338304,19,200,true,170,170,18
1767628338270,53,200,true,170,170,53
1767628338271,52,200,true,170,170,52
1767628338273,51,200,true,170,170,51
1767628338275,49,200,true,170,170,49
1767628338273,52,200,true,170,170,52
1767628338307,26,200,true,170,170,26
1767628338286,47,200,true,170,170,47
1767628338305,30,200,true,170,170,30
1767628338280,56,200,true,170,170,56
1767628338303,36,200,true,170,170,35
1767628338294,45,200,true,170,170,45
1767628338304,35,200,true,170,170,35
1767628338305,35,200,true,170,170,35
1767628338278,62,200,true,170,170,62
1767628338294,47,200,true,170,170,47
1767628338294,47,200,true,170,170,47
1767628338300,42,200,true,170,170,42
1767628338305,37,200,true,170,170,37
1767628338295,48,200,true,170,170,48
1767628338301,42,200,true,170,170,42
1767628338278,66,200,true,170,170,66
1767628338278,67,200,true,170,170,67
1767628338278,67,200,true,170,170,67
1767628338287,60,200,true,170,170,60
1767628338293,55,200,true,170,170,55
1767628338293,55,200,true,170,170,55
1767628338295,54,200,true,170,170,54
1767628338308,42,200,true,170,170,42
1767628338301,50,200,true,170,170,50
1767628338270,81,200,true,170,170,81
1767628338292,61,200,true,170,170,61
1767628338287,66,200,true,170,170,66
1767628338292,61,200,true,170,170,61
1767628338304,49,200,true,170,170,49
1767628338306,48,200,true,170,170,48
1767628338297,58,200,true,170,170,58
1767628338275,80,200,true,170,170,80
1767628338279,90,200,true,170,170,90
1767628338319,55,200,true,170,170,55
1767628338340,34,200,true,170,170,34
1767628338340,35,200,true,170,170,35
1767628338341,37,200,true,170,170,37
1767628338351,30,200,true,170,170,30
1767628338374,7,200,true,170,170,7
1767628338378,4,200,true,170,170,4
1767628338381,3,200,true,170,170,3
1767628338309,75,200,true,170,170,75
1767628338274,110,200,true,170,170,110
1767628338291,94,200,true,170,170,94
1767628338290,95,200,true,170,170,95
1767628338276,110,200,true,170,170,110
1767628338384,2,200,true,170,170,2
1767628338277,111,200,true,170,170,111
1767628338299,89,200,true,170,170,89
1767628338293,96,200,true,170,170,96
1767628338291,98,200,true,170,170,98
1767628338290,99,200,true,170,170,97
1767628338308,82,200,true,170,170,82
1767628338299,92,200,true,170,170,92
1767628338270,121,200,true,170,170,121
1767628338385,7,200,true,170,170,7
1767628338274,118,200,true,170,170,118
1767628338382,10,200,true,170,170,10
1767628338384,9,200,true,170,170,3
1767628338301,92,200,true,170,170,92
1767628338299,95,200,true,170,170,95
1767628338286,109,200,true,170,170,106
1767628338286,109,200,true,170,170,109
1767628338388,7,200,true,170,170,4
1767628338388,7,200,true,170,170,7
1767628338393,3,200,true,170,170,3
1767628338300,98,200,true,170,170,98
1767628338392,6,200,true,170,170,6
1767628338292,109,200,true,170,170,109
1767628338303,99,200,true,170,170,99
1767628338277,125,200,true,170,170,125
1767628338398,5,200,true,170,170,5
1767628338277,127,200,true,170,170,127
1767628338300,105,200,true,170,170,105
1767628338293,113,200,true,170,170,113
1767628338402,4,200,true,170,170,2
1767628338301,106,200,true,170,170,106
1767628338300,107,200,true,170,170,103
1767628338404,3,200,true,170,170,3
1767628338401,6,200,true,170,170,6
1767628338295,113,200,true,170,170,113
1767628338299,110,200,true,170,170,110
1767628338407,2,200,true,170,170,2
1767628338408,2,200,true,170,170,2
1767628338405,5,200,true,170,170,5
1767628338305,106,200,true,170,170,106
1767628338306,105,200,true,170,170,105
1767628338410,2,200,true,170,170,2
1767628338295,117,200,true,170,170,117
1767628338279,134,200,true,170,170,134
1767628338301,113,200,true,170,170,113
1767628338412,2,200,true,170,170,2
1767628338413,2,200,true,170,170,2
1767628338292,123,200,true,170,170,123
1767628338411,5,200,true,170,170,2
1767628338413,3,200,true,170,170,2
1767628338279,138,200,true,170,170,138
1767628338415,3,200,true,170,170,2
1767628338409,9,200,true,170,170,9
1767628338415,3,200,true,170,170,3
1767628338278,140,200,true,170,170,140
1767628338296,123,200,true,170,170,123
1767628338418,2,200,true,170,170,2
1767628338292,129,200,true,170,170,129
1767628338418,3,200,true,170,170,3
1767628338419,2,200,true,170,170,2
1767628338296,126,200,true,170,170,126
1767628338416,6,200,true,170,170,3
1767628338421,2,200,true,170,170,2
1767628338421,2,200,true,170,170,2
1767628338422,2,200,true,170,170,2
1767628338423,1,200,true,170,170,1
1767628338423,2,200,true,170,170,2
1767628338424,1,200,true,170,170,1
1767628338424,2,200,true,170,170,2
1767628338425,1,200,true,170,170,1
1767628338425,2,200,true,170,170,2
1767628338426,1,200,true,170,170,1
1767628338426,2,200,true,170,170,2
1767628338306,122,200,true,170,170,122
1767628338427,1,200,true,170,170,1
1767628338428,1,200,true,170,170,1
1767628338428,1,200,true,170,170,1
1767628338428,2,200,true,170,170,2
1767628338429,1,200,true,170,170,1
1767628338429,2,200,true,170,170,2
1767628338430,1,200,true,170,170,1
1767628338430,2,200,true,170,170,2
1767628338431,2,200,true,170,170,2
1767628338279,155,200,true,170,170,155
1767628338303,132,200,true,170,170,131
1767628338280,155,200,true,170,170,154
1767628338276,159,200,true,170,170,159
1767628338307,128,200,true,170,170,128
1767628338302,135,200,true,170,170,135
1767628338309,128,200,true,170,170,128
1767628338280,157,200,true,170,170,157
1767628338303,135,200,true,170,170,135
1767628338280,158,200,true,170,170,157
1767628338309,129,200,true,170,170,129
1767628338435,4,200,true,170,170,4
1767628338297,144,200,true,170,170,144
1767628338296,146,200,true,170,170,146
1767628338302,140,200,true,170,170,140
1767628338308,135,200,true,170,170,135
1767628338280,163,200,true,170,170,163
1767628338307,136,200,true,170,170,136
1767628338309,135,200,true,170,170,135
1767628338439,5,200,true,170,170,5
1767628338442,3,200,true,170,170,3
1767628338442,3,200,true,170,170,3
1767628338442,4,200,true,170,170,4
1767628338443,4,200,true,170,170,4
1767628338297,152,200,true,170,170,152
1767628338271,178,200,true,170,170,178
1767628338274,176,200,true,170,170,176
1767628338276,175,200,true,170,170,175
1767628338443,8,200,true,170,170,8
1767628338446,6,200,true,170,170,6
1767628338298,155,200,true,170,170,155
1767628338298,157,200,true,170,170,157
1767628338308,147,200,true,170,170,147
1767628338281,175,200,true,170,170,175
1767628338281,175,200,true,170,170,175
1767628338307,149,200,true,170,170,149
1767628338297,159,200,true,170,170,159
1767628338302,154,200,true,170,170,154
1767628338303,154,200,true,170,170,151
1767628338272,185,200,true,170,170,185
1767628338273,184,200,true,170,170,180
1767628338281,176,200,true,170,170,176
1767628338291,167,200,true,170,170,167
1767628338282,177,200,true,170,170,177
1767628338281,179,200,true,170,170,179
1767628338294,167,200,true,170,170,167
1767628338299,165,200,true,170,170,165
1767628338275,189,200,true,170,170,189
1767628338284,180,200,true,170,170,180
1767628338298,166,200,true,170,170,166
1767628338304,161,200,true,170,170,161
1767628338281,184,200,true,170,170,184
1767628338298,167,200,true,170,170,167
1767628338282,183,200,true,170,170,177
1767628338285,181,200,true,170,170,181
1767628338298,168,200,true,170,170,161
1767628338284,182,200,true,170,170,182
1767628338302,164,200,true,170,170,158
1767628338282,184,200,true,170,170,184
1767628338283,183,200,true,170,170,179
1767628338284,182,200,true,170,170,182
1767628338283,183,200,true,170,170,183
1767628338285,182,200,true,170,170,178
1767628338285,182,200,true,170,170,182
1767628338285,182,200,true,170,170,182
1767628338283,184,200,true,170,170,184
1767628338320,148,200,true,170,170,148
1767628338311,157,200,true,170,170,157
1767628338311,157,200,true,170,170,157
1767628338312,157,200,true,170,170,157
1767628338315,154,200,true,170,170,154
1767628338324,145,200,true,170,170,145
1767628338315,154,200,true,170,170,154
1767628338315,154,200,true,170,170,154
1767628338320,150,200,true,170,170,150
1767628338321,149,200,true,170,170,149
1767628338321,149,200,true,170,170,149
1767628338321,149,200,true,170,170,149
1767628338322,149,200,true,170,170,149
1767628338322,149,200,true,170,170,149
1767628338323,148,200,true,170,170,148
1767628338323,148,200,true,170,170,148
1767628338323,148,200,true,170,170,148
1767628338324,148,200,true,170,170,148
1767628338325,147,200,true,170,170,147
1767628338310,162,200,true,170,170,162
1767628338310,162,200,true,170,170,162
1767628338336,139,200,true,170,170,139
1767628338318,158,200,true,170,170,158
1767628338342,135,200,true,170,170,135
1767628338317,161,200,true,170,170,161
1767628338342,136,200,true,170,170,136
1767628338343,135,200,true,170,170,135
1767628338343,137,200,true,170,170,137
1767628338283,197,200,true,170,170,197
1767628338333,147,200,true,170,170,147
1767628338339,141,200,true,170,170,141
1767628338318,163,200,true,170,170,156
1767628338318,163,200,true,170,170,162
1767628338317,164,200,true,170,170,163
1767628338333,149,200,true,170,170,140
1767628338353,131,200,true,170,170,127
1767628338355,134,200,true,170,170,134
1767628338351,139,200,true,170,170,139
1767628338353,137,200,true,170,170,137
1767628338349,141,200,true,170,170,141
1767628338346,145,200,true,170,170,145
1767628338319,172,200,true,170,170,172
1767628338353,138,200,true,170,170,138
1767628338384,109,200,true,170,170,109
1767628338381,112,200,true,170,170,112
1767628338369,124,200,true,170,170,124
1767628338355,139,200,true,170,170,134
1767628338374,120,200,true,170,170,120
1767628338348,147,200,true,170,170,146
1767628338345,150,200,true,170,170,137
1767628338348,147,200,true,170,170,147
1767628338344,152,200,true,170,170,152
1767628338335,162,200,true,170,170,161
1767628338354,143,200,true,170,170,142
1767628338353,144,200,true,170,170,143
1767628338347,151,200,true,170,170,147
1767628338375,124,200,true,170,170,123
1767628338386,116,200,true,170,170,116
1767628338391,111,200,true,170,170,111
1767628338389,114,200,true,170,170,111
1767628338391,112,200,true,170,170,112
1767628338395,108,200,true,170,170,108
1767628338392,112,200,true,170,170,112
1767628338390,114,200,true,170,170,112
1767628338275,236,200,true,170,170,236
1767628338291,221,200,true,170,170,221
1767628338466,46,200,true,170,170,45
1767628338465,48,200,true,170,170,47
1767628338464,50,200,true,170,170,50
1767628338467,47,200,true,170,170,47
1767628338274,242,200,true,170,170,242
1767628338277,240,200,true,170,170,240
1767628338398,119,200,true,170,170,118
1767628338402,115,200,true,170,170,115
1767628338290,230,200,true,170,170,229
1767628338407,114,200,true,170,170,114
1767628338403,118,200,true,170,170,118
1767628338407,114,200,true,170,170,114
1767628338418,105,200,true,170,170,105
1767628338420,103,200,true,170,170,103
1767628338478,46,200,true,170,170,46
1767628338406,118,200,true,170,170,118
1767628338479,45,200,true,170,170,45
1767628338417,107,200,true,170,170,107
1767628338408,117,200,true,170,170,117
1767628338415,110,200,true,170,170,110
1767628338406,119,200,true,170,170,113
1767628338418,107,200,true,170,170,104
1767628338416,109,200,true,170,170,107
1767628338411,114,200,true,170,170,109
1767628338409,116,200,true,170,170,112
1767628338414,111,200,true,170,170,108
1767628338478,47,200,true,170,170,47
1767628338421,105,200,true,170,170,105
1767628338422,105,200,true,170,170,105
1767628338392,135,200,true,170,170,135
1767628338432,96,200,true,170,170,96
1767628338431,98,200,true,170,170,98
1767628338466,64,200,true,170,170,64
1767628338433,98,200,true,170,170,98
1767628338480,52,200,true,170,170,52
1767628338434,98,200,true,170,170,98
1767628338503,30,200,true,170,170,30
1767628338504,29,200,true,170,170,29
1767628338525,9,200,true,170,170,8
1767628338495,39,200,true,170,170,39
1767628338517,18,200,true,170,170,18
1767628338494,41,200,true,170,170,41
1767628338504,32,200,true,170,170,31
1767628338490,46,200,true,170,170,46
1767628338520,17,200,true,170,170,17
1767628338504,33,200,true,170,170,33
1767628338525,13,200,true,170,170,13
1767628338512,26,200,true,170,170,26
1767628338525,14,200,true,170,170,14
1767628338521,18,200,true,170,170,18
1767628338511,29,200,true,170,170,29
1767628338435,105,200,true,170,170,105
1767628338521,20,200,true,170,170,19
1767628338525,18,200,true,170,170,18
1767628338528,16,200,true,170,170,16
1767628338490,57,200,true,170,170,57
1767628338526,21,200,true,170,170,21
1767628338514,36,200,true,170,170,36
1767628338529,21,200,true,170,170,21
1767628338515,35,200,true,170,170,35
1767628338535,18,200,true,170,170,18
1767628338530,23,200,true,170,170,23
1767628338536,18,200,true,170,170,18
1767628338435,122,200,true,170,170,122
1767628338525,32,200,true,170,170,32
1767628338444,115,200,true,170,170,115
1767628338438,121,200,true,170,170,121
1767628338437,122,200,true,170,170,122
1767628338438,121,200,true,170,170,121
1767628338445,114,200,true,170,170,114
1767628338444,115,200,true,170,170,115
1767628338438,121,200,true,170,170,120
1767628338436,124,200,true,170,170,123
1767628338437,123,200,true,170,170,123
1767628338443,117,200,true,170,170,117
1767628338445,115,200,true,170,170,115
1767628338449,111,200,true,170,170,111
1767628338306,254,200,true,170,170,254
1767628338447,114,200,true,170,170,114
1767628338451,110,200,true,170,170,110
1767628338449,112,200,true,170,170,112
1767628338450,111,200,true,170,170,111
1767628338452,110,200,true,170,170,110
1767628338451,111,200,true,170,170,111
1767628338455,107,200,true,170,170,107
1767628338455,107,200,true,170,170,107
1767628338456,107,200,true,170,170,106
1767628338453,110,200,true,170,170,110
1767628338304,259,200,true,170,170,259
1767628338456,107,200,true,170,170,107
1767628338282,281,200,true,170,170,281
1767628338456,108,200,true,170,170,108
1767628338456,108,200,true,170,170,108
1767628338283,281,200,true,170,170,281
1767628338457,107,200,true,170,170,107
1767628338457,107,200,true,170,170,107
1767628338457,108,200,true,170,170,108
1767628338457,108,200,true,170,170,108
1767628338456,109,200,true,170,170,109
1767628338458,107,200,true,170,170,107
1767628338459,107,200,true,170,170,107
1767628338460,106,200,true,170,170,106
1767628338461,105,200,true,170,170,105
1767628338339,227,200,true,170,170,227
1767628338464,102,200,true,170,170,102
1767628338468,99,200,true,170,170,99
1767628338339,228,200,true,170,170,228
1767628338341,226,200,true,170,170,226
1767628338468,99,200,true,170,170,99
1767628338468,100,200,true,170,170,100
1767628338469,99,200,true,170,170,99
1767628338469,99,200,true,170,170,99
1767628338350,218,200,true,170,170,218
1767628338469,100,200,true,170,170,100
1767628338469,100,200,true,170,170,100
1767628338471,99,200,true,170,170,99
1767628338471,99,200,true,170,170,99
1767628338481,89,200,true,170,170,89
1767628338470,100,200,true,170,170,99
1767628338470,101,200,true,170,170,101
1767628338389,183,200,true,170,170,183
1767628338386,186,200,true,170,170,186
1767628338385,187,200,true,170,170,187
1767628338390,182,200,true,170,170,182
1767628338472,100,200,true,170,170,99
1767628338481,91,200,true,170,170,91
1767628338480,92,200,true,170,170,92
1767628338482,91,200,true,170,170,91
1767628338464,110,200,true,170,170,110
1767628338466,108,200,true,170,170,108
1767628338469,105,200,true,170,170,105
1767628338471,105,200,true,170,170,105
1767628338395,181,200,true,170,170,181
1767628338395,182,200,true,170,170,182
1767628338497,80,200,true,170,170,80
1767628338497,81,200,true,170,170,81
1767628338495,83,200,true,170,170,83
1767628338396,183,200,true,170,170,182
1767628338466,114,200,true,170,170,114
1767628338394,186,200,true,170,170,182
1767628338498,82,200,true,170,170,81
1767628338466,114,200,true,170,170,114
1767628338395,185,200,true,170,170,184
1767628338467,113,200,true,170,170,110
1767628338472,108,200,true,170,170,103
1767628338472,108,200,true,170,170,105
1767628338472,108,200,true,170,170,103
1767628338484,96,200,true,170,170,94
1767628338495,85,200,true,170,170,84
1767628338393,187,200,true,170,170,187
1767628338465,115,200,true,170,170,113
1767628338471,109,200,true,170,170,104
1767628338466,115,200,true,170,170,110
1767628338481,100,200,true,170,170,100
1767628338502,79,200,true,170,170,72
1767628338503,78,200,true,170,170,78
1767628338568,13,200,true,170,170,13
1767628338578,3,200,true,170,170,3
1767628338473,108,200,true,170,170,106
1767628338578,4,200,true,170,170,4
1767628338521,61,200,true,170,170,61
1767628338464,118,200,true,170,170,118
1767628338536,46,200,true,170,170,46
1767628338427,155,200,true,170,170,155
1767628338465,117,200,true,170,170,117
1767628338466,116,200,true,170,170,116
1767628338502,80,200,true,170,170,80
1767628338465,118,200,true,170,170,118
1767628338567,16,200,true,170,170,16
1767628338410,173,200,true,170,170,173
1767628338467,117,200,true,170,170,117
1767628338475,109,200,true,170,170,109
1767628338517,69,200,true,170,170,69
1767628338517,69,200,true,170,170,69
1767628338517,69,200,true,170,170,69
1767628338467,119,200,true,170,170,119
1767628338524,62,200,true,170,170,61
1767628338476,110,200,true,170,170,110
1767628338477,109,200,true,170,170,109
1767628338567,19,200,true,170,170,19
1767628338527,60,200,true,170,170,60
1767628338466,121,200,true,170,170,121
1767628338491,96,200,true,170,170,96
1767628338481,106,200,true,170,170,106
1767628338493,95,200,true,170,170,95
1767628338500,88,200,true,170,170,88
1767628338524,64,200,true,170,170,64
1767628338524,64,200,true,170,170,64
1767628338497,91,200,true,170,170,91
1767628338497,92,200,true,170,170,92
1767628338491,98,200,true,170,170,98
1767628338523,66,200,true,170,170,66
1767628338525,64,200,true,170,170,64
1767628338525,65,200,true,170,170,65
1767628338493,97,200,true,170,170,97
1767628338581,9,200,true,170,170,9
1767628338568,23,200,true,170,170,23
1767628338568,23,200,true,170,170,23
1767628338569,22,200,true,170,170,22
1767628338573,19,200,true,170,170,19
1767628338494,100,200,true,170,170,100
1767628338491,103,200,true,170,170,103
1767628338527,67,200,true,170,170,66
1767628338523,71,200,true,170,170,69
1767628338525,70,200,true,170,170,68
1767628338524,71,200,true,170,170,69
1767628338490,106,200,true,170,170,104
1767628338525,77,200,true,170,170,70
1767628338513,91,200,true,170,170,87
1767628338533,74,200,true,170,170,74
1767628338532,76,200,true,170,170,72
1767628338480,129,200,true,170,170,128
1767628338580,29,200,true,170,170,24
1767628338569,41,200,true,170,170,41
1767628338574,36,200,true,170,170,36
1767628338572,40,200,true,170,170,40
1767628338538,76,200,true,170,170,75
1767628338470,145,200,true,170,170,145
1767628338470,146,200,true,170,170,145
1767628338537,79,200,true,170,170,75
1767628338538,80,200,true,170,170,75
1767628338539,79,200,true,170,170,79
1767628338568,51,200,true,170,170,51
1767628338539,81,200,true,170,170,74
1767628338571,49,200,true,170,170,49
1767628338540,80,200,true,170,170,80
1767628338438,182,200,true,170,170,178
1767628338489,133,200,true,170,170,132
1767628338512,110,200,true,170,170,110
1767628338493,129,200,true,170,170,129
1767628338572,52,200,true,170,170,52
1767628338559,65,200,true,170,170,62
1767628338533,97,200,true,170,170,97
1767628338532,99,200,true,170,170,95
1767628338534,97,200,true,170,170,96
1767628338582,51,200,true,170,170,51
1767628338537,97,200,true,170,170,75
1767628338572,62,200,true,170,170,40
1767628338535,101,200,true,170,170,101
1767628338565,71,200,true,170,170,71
1767628338581,55,200,true,170,170,55
1767628338572,65,200,true,170,170,65
1767628338534,104,200,true,170,170,104
1767628338553,86,200,true,170,170,86
1767628338580,59,200,true,170,170,59
1767628338581,59,200,true,170,170,59
1767628338570,70,200,true,170,170,70
1767628338571,69,200,true,170,170,69
1767628338570,71,200,true,170,170,71
1767628338563,78,200,true,170,170,78
1767628338570,71,200,true,170,170,69
1767628338581,60,200,true,170,170,60
1767628338604,38,200,true,170,170,38
1767628338576,68,200,true,170,170,68
1767628338580,64,200,true,170,170,64
1767628338580,65,200,true,170,170,65
1767628338580,66,200,true,170,170,65
1767628338595,51,200,true,170,170,51
1767628338581,67,200,true,170,170,67
1767628338582,66,200,true,170,170,66
1767628338594,55,200,true,170,170,55
1767628338594,55,200,true,170,170,55
1767628338561,89,200,true,170,170,89
1767628338572,78,200,true,170,170,78
1767628338566,85,200,true,170,170,85
1767628338579,73,200,true,170,170,73
1767628338553,100,200,true,170,170,100
1767628338586,71,200,true,170,170,71
1767628338612,56,200,true,170,170,56
1767628338650,19,200,true,170,170,19
1767628338651,19,200,true,170,170,19
1767628338653,17,200,true,170,170,17
1767628338668,2,200,true,170,170,2
1767628338657,14,200,true,170,170,14
1767628338669,2,200,true,170,170,2
1767628338670,2,200,true,170,170,2
1767628338572,102,200,true,170,170,102
1767628338577,97,200,true,170,170,97
1767628338581,94,200,true,170,170,94
1767628338572,103,200,true,170,170,101
1767628338577,99,200,true,170,170,99
1767628338567,110,200,true,170,170,110
1767628338582,96,200,true,170,170,96
1767628338541,137,200,true,170,170,137
1767628338678,1,200,true,170,170,1
1767628338674,6,200,true,170,170,6
1767628338544,136,200,true,170,170,134
1767628338675,5,200,true,170,170,5
1767628338675,6,200,true,170,170,6
1767628338567,114,200,true,170,170,114
1767628338580,101,200,true,170,170,101
1767628338674,8,200,true,170,170,8
1767628338680,2,200,true,170,170,2
1767628338680,2,200,true,170,170,2
1767628338681,2,200,true,170,170,2
1767628338681,2,200,true,170,170,2
1767628338681,3,200,true,170,170,3
1767628338547,137,200,true,170,170,137
1767628338544,141,200,true,170,170,141
1767628338580,108,200,true,170,170,108
1767628338581,107,200,true,170,170,107
1767628338550,139,200,true,170,170,139
1767628338685,4,200,true,170,170,4
1767628338580,109,200,true,170,170,109
1767628338540,149,200,true,170,170,149
1767628338560,129,200,true,170,170,129
1767628338565,125,200,true,170,170,125
1767628338557,133,200,true,170,170,133
1767628338560,130,200,true,170,170,130
1767628338547,144,200,true,170,170,144
1767628338614,77,200,true,170,170,77
1767628338560,131,200,true,170,170,131
1767628338580,111,200,true,170,170,111
1767628338557,135,200,true,170,170,135
1767628338559,133,200,true,170,170,133
1767628338566,126,200,true,170,170,126
1767628338622,71,200,true,170,170,71
1767628338582,111,200,true,170,170,111
1767628338691,3,200,true,170,170,3
1767628338559,135,200,true,170,170,135
1767628338688,7,200,true,170,170,7
1767628338689,6,200,true,170,170,6
1767628338691,5,200,true,170,170,5
1767628338688,8,200,true,170,170,8
1767628338689,7,200,true,170,170,7
1767628338690,7,200,true,170,170,7
1767628338689,8,200,true,170,170,8
1767628338690,8,200,true,170,170,8
1767628338690,8,200,true,170,170,8
1767628338690,9,200,true,170,170,9
1767628338691,8,200,true,170,170,8
1767628338691,9,200,true,170,170,9
1767628338531,170,200,true,170,170,170
1767628338562,139,200,true,170,170,139
1767628338561,141,200,true,170,170,141
1767628338561,142,200,true,170,170,142
1767628338559,144,200,true,170,170,144
1767628338560,144,200,true,170,170,144
1767628338560,144,200,true,170,170,142
1767628338560,144,200,true,170,170,144
1767628338694,11,200,true,170,170,11
1767628338697,8,200,true,170,170,8
1767628338697,9,200,true,170,170,9
1767628338697,9,200,true,170,170,9
1767628338698,8,200,true,170,170,8
1767628338698,9,200,true,170,170,9
1767628338699,8,200,true,170,170,8
1767628338699,9,200,true,170,170,9
1767628338693,15,200,true,170,170,15
1767628338559,149,200,true,170,170,149
1767628338562,146,200,true,170,170,146
1767628338692,16,200,true,170,170,8
1767628338563,149,200,true,170,170,149
1767628338562,150,200,true,170,170,150
1767628338576,136,200,true,170,170,135
1767628338565,148,200,true,170,170,148
1767628338565,148,200,true,170,170,148
1767628338580,134,200,true,170,170,134
1767628338564,150,200,true,170,170,150
1767628338630,84,200,true,170,170,84
1767628338564,151,200,true,170,170,149
1767628338631,84,200,true,170,170,80
1767628338564,153,200,true,170,170,153
1767628338562,155,200,true,170,170,155
1767628338564,154,200,true,170,170,154
1767628338563,155,200,true,170,170,153
1767628338554,164,200,true,170,170,164
1767628338581,138,200,true,170,170,138
1767628338704,15,200,true,170,170,15
1767628338708,12,200,true,170,170,12
1767628338708,12,200,true,170,170,12
1767628338566,162,200,true,170,170,155
1767628338574,154,200,true,170,170,154
1767628338566,163,200,true,170,170,163
1767628338559,171,200,true,170,170,170
1767628338582,148,200,true,170,170,147
1767628338564,166,200,true,170,170,166
1767628338580,150,200,true,170,170,150
1767628338644,86,200,true,170,170,86
1767628338586,144,200,true,170,170,144
1767628338587,144,200,true,170,170,144
1767628338582,149,200,true,170,170,149
1767628338649,82,200,true,170,170,82
1767628338650,81,200,true,170,170,81
1767628338586,146,200,true,170,170,146
1767628338583,149,200,true,170,170,149
1767628338586,147,200,true,170,170,146
1767628338586,151,200,true,170,170,149
1767628338589,149,200,true,170,170,149
1767628338731,8,200,true,170,170,8
1767628338588,152,200,true,170,170,152
1767628338582,172,200,true,170,170,167
1767628338587,168,200,true,170,170,168
1767628338589,166,200,true,170,170,165
1767628338588,167,200,true,170,170,166
1767628338590,165,200,true,170,170,164
1767628338583,172,200,true,170,170,171
1767628338586,169,200,true,170,170,168
1767628338582,173,200,true,170,170,169
1767628338584,172,200,true,170,170,172
1767628338616,140,200,true,170,170,140
1767628338620,141,200,true,170,170,141
1767628338609,152,200,true,170,170,152
1767628338584,177,200,true,170,170,177
1767628338590,172,200,true,170,170,172
1767628338594,168,200,true,170,170,168
1767628338622,140,200,true,170,170,140
1767628338608,154,200,true,170,170,154
1767628338618,144,200,true,170,170,144
1767628338586,176,200,true,170,170,176
1767628338620,142,200,true,170,170,142
1767628338620,142,200,true,170,170,142
1767628338602,160,200,true,170,170,160
1767628338634,129,200,true,170,170,129
1767628338591,172,200,true,170,170,172
1767628338619,144,200,true,170,170,144
1767628338624,139,200,true,170,170,139
1767628338618,145,200,true,170,170,145
1767628338620,143,200,true,170,170,140
1767628338633,130,200,true,170,170,130
1767628338631,132,200,true,170,170,132
1767628338595,168,200,true,170,170,168
1767628338624,139,200,true,170,170,137
1767628338634,129,200,true,170,170,127
1767628338592,172,200,true,170,170,168
1767628338595,170,200,true,170,170,170
1767628338636,129,200,true,170,170,129
1767628338755,11,200,true,170,170,11
1767628338636,130,200,true,170,170,130
1767628338637,130,200,true,170,170,130
1767628338638,129,200,true,170,170,129
1767628338637,130,200,true,170,170,129
1767628338639,128,200,true,170,170,128
1767628338639,128,200,true,170,170,128
1767628338590,178,200,true,170,170,178
1767628338644,124,200,true,170,170,124
1767628338591,177,200,true,170,170,177
1767628338646,122,200,true,170,170,122
1767628338641,127,200,true,170,170,127
1767628338640,129,200,true,170,170,129
1767628338641,128,200,true,170,170,128
1767628338608,161,200,true,170,170,161
1767628338640,130,200,true,170,170,130
1767628338648,122,200,true,170,170,122
1767628338645,125,200,true,170,170,125
1767628338610,160,200,true,170,170,160
1767628338646,124,200,true,170,170,124
1767628338640,131,200,true,170,170,130
1767628338641,130,200,true,170,170,130
1767628338641,130,200,true,170,170,130
1767628338610,161,200,true,170,170,161
1767628338642,129,200,true,170,170,129
1767628338609,163,200,true,170,170,163
1767628338648,124,200,true,170,170,124
1767628338755,17,200,true,170,170,17
1767628338615,157,200,true,170,170,157
1767628338616,157,200,true,170,170,157
1767628338587,186,200,true,170,170,186
1767628338653,120,200,true,170,170,120
1767628338740,34,200,true,170,170,34
1767628338589,185,200,true,170,170,185
1767628338719,55,200,true,170,170,55
1767628338671,103,200,true,170,170,103
1767628338670,104,200,true,170,170,104
1767628338671,104,200,true,170,170,104
1767628338672,103,200,true,170,170,103
1767628338676,99,200,true,170,170,99
1767628338677,98,200,true,170,170,98
1767628338678,98,200,true,170,170,98
1767628338679,97,200,true,170,170,97
1767628338680,96,200,true,170,170,96
1767628338682,94,200,true,170,170,94
1767628338670,106,200,true,170,170,106
1767628338682,95,200,true,170,170,95
1767628338683,94,200,true,170,170,94
1767628338684,93,200,true,170,170,93
1767628338682,95,200,true,170,170,95
1767628338683,94,200,true,170,170,94
1767628338689,89,200,true,170,170,89
1767628338692,86,200,true,170,170,86
1767628338559,219,200,true,170,170,219
1767628338692,86,200,true,170,170,86
1767628338693,86,200,true,170,170,86
1767628338694,85,200,true,170,170,85
1767628338561,218,200,true,170,170,218
1767628338695,84,200,true,170,170,84
1767628338695,84,200,true,170,170,84
1767628338696,83,200,true,170,170,83
1767628338696,84,200,true,170,170,84
1767628338684,96,200,true,170,170,96
1767628338700,80,200,true,170,170,80
1767628338701,79,200,true,170,170,79
1767628338705,75,200,true,170,170,75
1767628338706,75,200,true,170,170,75
1767628338706,75,200,true,170,170,75
1767628338708,73,200,true,170,170,73
1767628338706,75,200,true,170,170,75
1767628338707,74,200,true,170,170,74
1767628338707,74,200,true,170,170,74
1767628338563,219,200,true,170,170,219
1767628338704,78,200,true,170,170,78
1767628338780,2,200,true,170,170,2
1767628338703,85,200,true,170,170,85
1767628338762,29,200,true,170,170,29
1767628338763,28,200,true,170,170,28
1767628338777,18,200,true,170,170,18
1767628338779,16,200,true,170,170,16
1767628338738,60,200,true,170,170,60
1767628338780,18,200,true,170,170,18
1767628338776,23,200,true,170,170,23
1767628338780,22,200,true,170,170,22
1767628338771,34,200,true,170,170,34
1767628338771,34,200,true,170,170,34
1767628338766,39,200,true,170,170,39
1767628338780,28,200,true,170,170,28
1767628338805,3,200,true,170,170,3
1767628338781,28,200,true,170,170,28
1767628338737,74,200,true,170,170,55
1767628338701,111,200,true,170,170,111
1767628338781,32,200,true,170,170,32
1767628338712,102,200,true,170,170,102
1767628338708,107,200,true,170,170,106
1767628338704,111,200,true,170,170,110
1767628338705,111,200,true,170,170,111
1767628338712,104,200,true,170,170,104
1767628338708,109,200,true,170,170,109
1767628338702,115,200,true,170,170,115
1767628338703,115,200,true,170,170,112
1767628338712,106,200,true,170,170,106
1767628338713,106,200,true,170,170,106
1767628338802,17,200,true,170,170,16
1767628338580,241,200,true,170,170,241
1767628338713,108,200,true,170,170,107
1767628338714,107,200,true,170,170,107
1767628338566,256,200,true,170,170,256
1767628338719,103,200,true,170,170,103
1767628338718,104,200,true,170,170,104
1767628338717,106,200,true,170,170,105
1767628338715,109,200,true,170,170,109
1767628338818,7,200,true,170,170,2
1767628338717,109,200,true,170,170,109
1767628338574,252,200,true,170,170,251
1767628338718,108,200,true,170,170,108
1767628338826,2,200,true,170,170,2
1767628338581,248,200,true,170,170,248
1767628338563,268,200,true,170,170,268
1767628338825,7,200,true,170,170,4
1767628338732,102,200,true,170,170,102
1767628338730,105,200,true,170,170,105
1767628338816,19,200,true,170,170,14
1767628338732,103,200,true,170,170,103
1767628338586,251,200,true,170,170,251
1767628338550,287,200,true,170,170,287
1767628338731,106,200,true,170,170,106
1767628338720,121,200,true,170,170,121
1767628338731,111,200,true,170,170,109
1767628338731,111,200,true,170,170,108
1767628338589,256,200,true,170,170,256
1767628338588,257,200,true,170,170,257
1767628338587,259,200,true,170,170,259
1767628338835,11,200,true,170,170,11
1767628338837,10,200,true,170,170,10
1767628338824,23,200,true,170,170,23
1767628338835,13,200,true,170,170,13
1767628338583,265,200,true,170,170,265
1767628338589,259,200,true,170,170,259
1767628338842,7,200,true,170,170,7
1767628338832,18,200,true,170,170,18
1767628338720,130,200,true,170,170,130
1767628338828,22,200,true,170,170,22
1767628338730,124,200,true,170,170,124
1767628338842,12,200,true,170,170,12
1767628338728,128,200,true,170,170,128
1767628338850,7,200,true,170,170,7
1767628338591,268,200,true,170,170,268
1767628338596,263,200,true,170,170,263
1767628338622,237,200,true,170,170,237
1767628338728,131,200,true,170,170,131
1767628338729,130,200,true,170,170,129
1767628338730,130,200,true,170,170,129
1767628338730,130,200,true,170,170,129
1767628338730,131,200,true,170,170,130
1767628338850,12,200,true,170,170,12
1767628338768,99,200,true,170,170,99
1767628338650,218,200,true,170,170,218
1767628338768,100,200,true,170,170,100
1767628338768,100,200,true,170,170,100
1767628338765,103,200,true,170,170,103
1767628338771,97,200,true,170,170,97
1767628338772,97,200,true,170,170,97
1767628338763,106,200,true,170,170,106
1767628338770,100,200,true,170,170,99
1767628338730,140,200,true,170,170,140
1767628338764,107,200,true,170,170,107
1767628338773,101,200,true,170,170,101
1767628338770,104,200,true,170,170,104
1767628338763,111,200,true,170,170,111
1767628338769,106,200,true,170,170,106
1767628338767,108,200,true,170,170,108
1767628338874,2,200,true,170,170,1
1767628338874,2,200,true,170,170,2
1767628338763,113,200,true,170,170,113
1767628338874,3,200,true,170,170,3
1767628338762,115,200,true,170,170,110
1767628338875,2,200,true,170,170,2
1767628338767,110,200,true,170,170,110
1767628338770,108,200,true,170,170,107
1767628338774,104,200,true,170,170,104
1767628338770,108,200,true,170,170,108
1767628338772,106,200,true,170,170,106
1767628338773,105,200,true,170,170,105
1767628338775,104,200,true,170,170,104
1767628338772,107,200,true,170,170,107
1767628338769,110,200,true,170,170,104
1767628338777,102,200,true,170,170,102
1767628338778,101,200,true,170,170,101
1767628338778,102,200,true,170,170,102
1767628338776,104,200,true,170,170,104
1767628338875,5,200,true,170,170,5
1767628338779,102,200,true,170,170,102
1767628338877,5,200,true,170,170,5
1767628338877,5,200,true,170,170,5
1767628338876,7,200,true,170,170,7
1767628338879,4,200,true,170,170,4
1767628338879,5,200,true,170,170,5
1767628338762,122,200,true,170,170,122
1767628338777,107,200,true,170,170,104
1767628338763,121,200,true,170,170,121
1767628338877,8,200,true,170,170,8
1767628338878,7,200,true,170,170,7
1767628338878,8,200,true,170,170,8
1767628338775,111,200,true,170,170,111
1767628338779,108,200,true,170,170,102
1767628338778,111,200,true,170,170,111
1767628338775,114,200,true,170,170,114
1767628338779,111,200,true,170,170,111
1767628338778,112,200,true,170,170,112
1767628338777,114,200,true,170,170,113
1767628338776,115,200,true,170,170,113
1767628338755,136,200,true,170,170,136
1767628338879,14,200,true,170,170,14
1767628338884,10,200,true,170,170,10
1767628338763,136,200,true,170,170,136
1767628338889,11,200,true,170,170,11
1767628338774,127,200,true,170,170,127
1767628338775,127,200,true,170,170,127
1767628338765,138,200,true,170,170,138
1767628338780,123,200,true,170,170,123
1767628338772,132,200,true,170,170,132
1767628338762,142,200,true,170,170,142
1767628338762,143,200,true,170,170,143
1767628338762,143,200,true,170,170,143
1767628338763,143,200,true,170,170,143
1767628338770,136,200,true,170,170,136
1767628338779,129,200,true,170,170,129
1767628338771,137,200,true,170,170,137
1767628338771,138,200,true,170,170,138
1767628338762,147,200,true,170,170,147
1767628338768,141,200,true,170,170,141
1767628338775,135,200,true,170,170,135
1767628338774,136,200,true,170,170,136
1767628338778,133,200,true,170,170,133
1767628338767,144,200,true,170,170,144
1767628338762,149,200,true,170,170,149
1767628338904,8,200,true,170,170,8
1767628338905,7,200,true,170,170,2
1767628338909,3,200,true,170,170,3
1767628338902,11,200,true,170,170,2
1767628338909,4,200,true,170,170,3
1767628338766,147,200,true,170,170,147
1767628338912,2,200,true,170,170,2
1767628338773,142,200,true,170,170,142
1767628338776,140,200,true,170,170,140
1767628338761,155,200,true,170,170,155
1767628338755,162,200,true,170,170,162
1767628338780,137,200,true,170,170,137
1767628338756,161,200,true,170,170,161
1767628338762,156,200,true,170,170,153
1767628338914,4,200,true,170,170,4
1767628338754,164,200,true,170,170,160
1767628338781,139,200,true,170,170,139
1767628338781,139,200,true,170,170,138
1767628338763,158,200,true,170,170,157
1767628338781,140,200,true,170,170,139
1767628338782,140,200,true,170,170,140
1767628338782,140,200,true,170,170,140
1767628338782,141,200,true,170,170,141
1767628338921,2,200,true,170,170,2
1767628338919,4,200,true,170,170,2
1767628338781,143,200,true,170,170,138
1767628338923,1,200,true,170,170,1
1767628338923,2,200,true,170,170,2
1767628338912,13,200,true,170,170,13
1767628338918,7,200,true,170,170,1
1767628338923,3,200,true,170,170,3
1767628338924,2,200,true,170,170,2
1767628338926,0,200,true,170,170,0
1767628338926,1,200,true,170,170,1
1767628338768,160,200,true,170,170,160
1767628338792,138,200,true,170,170,138
1767628338927,3,200,true,170,170,3
1767628338928,2,200,true,170,170,2
1767628338930,1,200,true,170,170,1
1767628338930,1,200,true,170,170,1
1767628338931,1,200,true,170,170,1
1767628338931,1,200,true,170,170,1
1767628338932,1,200,true,170,170,1
1767628338932,1,200,true,170,170,1
1767628338932,2,200,true,170,170,2
1767628338933,1,200,true,170,170,1
1767628338933,2,200,true,170,170,2
1767628338934,1,200,true,170,170,1
1767628338934,2,200,true,170,170,1
1767628338791,146,200,true,170,170,146
1767628338795,142,200,true,170,170,142
1767628338811,126,200,true,170,170,126
1767628338795,142,200,true,170,170,142
1767628338937,1,200,true,170,170,1
1767628338937,1,200,true,170,170,1
1767628338937,2,200,true,170,170,2
1767628338937,2,200,true,170,170,2
1767628338938,2,200,true,170,170,2
1767628338798,148,200,true,170,170,148
1767628338799,147,200,true,170,170,147
1767628338808,138,200,true,170,170,138
1767628338798,148,200,true,170,170,148
1767628338714,236,200,true,170,170,236
1767628338788,163,200,true,170,170,162
1767628338814,137,200,true,170,170,137
1767628338815,136,200,true,170,170,136
1767628338813,138,200,true,170,170,138
1767628338946,6,200,true,170,170,6
1767628338812,140,200,true,170,170,140
1767628338714,241,200,true,170,170,241
1767628338816,139,200,true,170,170,139
1767628338821,135,200,true,170,170,135
1767628338817,139,200,true,170,170,138
1767628338550,406,200,true,170,170,406
1767628338718,238,200,true,170,170,236
1767628338818,138,200,true,170,170,138
1767628338829,127,200,true,170,170,126
1767628338815,141,200,true,170,170,141
1767628338826,131,200,true,170,170,130
1767628338715,242,200,true,170,170,240
1767628338817,141,200,true,170,170,141
1767628338821,139,200,true,170,170,139
1767628338822,138,200,true,170,170,138
1767628338733,227,200,true,170,170,227
1767628338588,372,200,true,170,170,372
1767628338819,141,200,true,170,170,141
1767628338821,140,200,true,170,170,140
1767628338950,12,200,true,170,170,12
1767628338960,2,200,true,170,170,2
1767628338822,140,200,true,170,170,140
1767628338835,128,200,true,170,170,128
1767628338834,129,200,true,170,170,129
1767628338842,121,200,true,170,170,121
1767628338826,137,200,true,170,170,137
1767628338837,126,200,true,170,170,126
1767628338845,119,200,true,170,170,119
1767628338846,123,200,true,170,170,123
1767628338963,6,200,true,170,170,6
1767628338831,139,200,true,170,170,139
1767628338847,123,200,true,170,170,123
1767628338847,123,200,true,170,170,123
1767628338849,124,200,true,170,170,124
1767628338848,125,200,true,170,170,125
1767628338848,125,200,true,170,170,125
1767628338848,125,200,true,170,170,125
1767628338854,120,200,true,170,170,120
1767628338850,124,200,true,170,170,124
1767628338856,120,200,true,170,170,120
1767628338859,117,200,true,170,170,117
1767628338761,215,200,true,170,170,214
1767628338860,116,200,true,170,170,116
1767628338859,118,200,true,170,170,118
1767628338859,118,200,true,170,170,117
1767628338860,117,200,true,170,170,116
1767628338854,124,200,true,170,170,124
1767628338861,120,200,true,170,170,120
1767628338756,225,200,true,170,170,224
1767628338857,124,200,true,170,170,124
1767628338767,214,200,true,170,170,212
1767628338767,214,200,true,170,170,214
1767628338859,122,200,true,170,170,122
1767628338763,219,200,true,170,170,216
1767628338867,115,200,true,170,170,113
1767628338769,213,200,true,170,170,210
1767628338869,113,200,true,170,170,112
1767628338859,123,200,true,170,170,122
1767628338763,220,200,true,170,170,220
1767628338755,229,200,true,170,170,228
1767628338862,124,200,true,170,170,123
1767628338871,115,200,true,170,170,115
1767628338876,111,200,true,170,170,111
1767628338868,119,200,true,170,170,119
1767628338868,119,200,true,170,170,119
1767628338870,117,200,true,170,170,117
1767628338868,119,200,true,170,170,118
1767628338871,117,200,true,170,170,115
1767628338869,119,200,true,170,170,118
1767628338868,120,200,true,170,170,117
1767628338868,121,200,true,170,170,120
1767628338974,16,200,true,170,170,16
1767628338977,13,200,true,170,170,13
1767628338987,4,200,true,170,170,4
1767628338988,3,200,true,170,170,3
1767628338987,5,200,true,170,170,5
1767628338976,18,200,true,170,170,18
1767628338973,23,200,true,170,170,23
1767628338991,6,200,true,170,170,6
1767628338973,24,200,true,170,170,24
1767628338878,119,200,true,170,170,119
1767628338877,121,200,true,170,170,121
1767628338878,120,200,true,170,170,120
1767628338878,120,200,true,170,170,120
1767628338876,122,200,true,170,170,122
1767628338776,223,200,true,170,170,223
1767628338756,243,200,true,170,170,243
1767628338879,120,200,true,170,170,120
1767628338879,120,200,true,170,170,120
1767628338890,109,200,true,170,170,109
1767628338880,120,200,true,170,170,120
1767628338891,109,200,true,170,170,109
1767628338893,107,200,true,170,170,107
1767628338880,121,200,true,170,170,121
1767628338880,121,200,true,170,170,120
1767628338881,120,200,true,170,170,120
1767628338882,119,200,true,170,170,119
1767628338883,118,200,true,170,170,118
1767628338883,118,200,true,170,170,118
1767628338884,118,200,true,170,170,118
1767628338882,120,200,true,170,170,120
1767628338885,118,200,true,170,170,118
1767628339001,4,200,true,170,170,4
1767628338885,121,200,true,170,170,121
1767628339001,5,200,true,170,170,5
1767628339000,7,200,true,170,170,7
1767628339001,6,200,true,170,170,6
1767628338999,9,200,true,170,170,9
1767628338894,115,200,true,170,170,115
1767628338886,128,200,true,170,170,128
1767628338891,123,200,true,170,170,121
1767628338887,128,200,true,170,170,128
1767628338997,19,200,true,170,170,19
1767628338886,131,200,true,170,170,131
1767628338889,128,200,true,170,170,128
1767628338884,134,200,true,170,170,133
1767628338891,127,200,true,170,170,126
1767628338884,135,200,true,170,170,134
1767628338901,122,200,true,170,170,122
1767628338906,117,200,true,170,170,117
1767628338909,116,200,true,170,170,115
1767628338908,117,200,true,170,170,116
1767628339018,8,200,true,170,170,5
1767628338900,131,200,true,170,170,131
1767628338913,118,200,true,170,170,118
1767628338912,119,200,true,170,170,119
1767628338910,121,200,true,170,170,121
1767628338911,120,200,true,170,170,120
1767628338913,119,200,true,170,170,119
1767628338917,116,200,true,170,170,116
1767628338917,116,200,true,170,170,116
1767628338916,117,200,true,170,170,117
1767628338917,116,200,true,170,170,116
1767628338916,118,200,true,170,170,118
1767628338916,118,200,true,170,170,118
1767628339031,4,200,true,170,170,4
1767628338922,118,200,true,170,170,118
1767628338925,118,200,true,170,170,118
1767628338925,118,200,true,170,170,118
1767628338926,117,200,true,170,170,117
1767628338935,109,200,true,170,170,109
1767628338936,108,200,true,170,170,108
1767628338938,106,200,true,170,170,106
1767628339043,1,200,true,170,170,1
1767628338939,106,200,true,170,170,106
1767628338940,105,200,true,170,170,105
1767628338939,107,200,true,170,170,107
1767628339045,3,200,true,170,170,3
1767628338763,285,200,true,170,170,285
1767628338819,230,200,true,170,170,230
1767628338808,241,200,true,170,170,241
1767628338809,240,200,true,170,170,239
1767628338946,105,200,true,170,170,105
1767628338946,105,200,true,170,170,105
1767628338946,106,200,true,170,170,106
1767628339051,1,200,true,170,170,1
1767628338805,247,200,true,170,170,245
1767628338805,248,200,true,170,170,245
1767628339049,4,200,true,170,170,4
1767628339048,6,200,true,170,170,6
1767628339049,5,200,true,170,170,5
1767628338960,95,200,true,170,170,95
1767628339054,1,200,true,170,170,1
1767628338955,101,200,true,170,170,101
1767628339055,1,200,true,170,170,1
1767628339056,1,200,true,170,170,1
1767628339056,1,200,true,170,170,1
1767628339057,1,200,true,170,170,1
1767628339057,1,200,true,170,170,1
1767628339057,2,200,true,170,170,2
1767628339058,1,200,true,170,170,1
1767628339058,2,200,true,170,170,2
1767628338957,103,200,true,170,170,103
1767628339059,1,200,true,170,170,1
1767628339060,1,200,true,170,170,1
1767628339060,1,200,true,170,170,1
1767628339060,2,200,true,170,170,2
1767628339061,1,200,true,170,170,1
1767628339061,2,200,true,170,170,2
1767628339062,1,200,true,170,170,1
1767628339062,1,200,true,170,170,1
1767628338823,241,200,true,170,170,232
1767628338822,242,200,true,170,170,242
1767628339052,13,200,true,170,170,2
1767628338956,109,200,true,170,170,109
1767628339054,12,200,true,170,170,2
1767628338956,110,200,true,170,170,110
1767628338956,110,200,true,170,170,110
1767628339066,1,200,true,170,170,1
1767628339066,1,200,true,170,170,1
1767628339066,1,200,true,170,170,1
1767628338956,112,200,true,170,170,112
1767628339067,1,200,true,170,170,1
1767628339067,2,200,true,170,170,2
1767628339068,1,200,true,170,170,1
1767628339068,2,200,true,170,170,2
1767628339069,1,200,true,170,170,1
1767628339069,2,200,true,170,170,2
1767628339070,1,200,true,170,170,1
1767628339070,2,200,true,170,170,2
1767628338957,115,200,true,170,170,115
1767628339067,5,200,true,170,170,5
1767628339063,10,200,true,170,170,10
1767628338951,123,200,true,170,170,123
1767628338952,122,200,true,170,170,121
1767628338955,119,200,true,170,170,119
1767628338952,123,200,true,170,170,123
1767628338951,124,200,true,170,170,124
1767628338951,125,200,true,170,170,123
1767628338963,115,200,true,170,170,115
1767628338963,116,200,true,170,170,116
1767628338962,118,200,true,170,170,118
1767628338960,121,200,true,170,170,121
1767628338963,120,200,true,170,170,119
1767628338958,125,200,true,170,170,125
1767628338963,121,200,true,170,170,121
1767628338846,239,200,true,170,170,238
1767628338951,134,200,true,170,170,134
1767628339083,2,200,true,170,170,2
1767628338961,128,200,true,170,170,128
1767628338956,133,200,true,170,170,133
1767628338962,127,200,true,170,170,127
1767628338956,133,200,true,170,170,133
1767628338845,245,200,true,170,170,245
1767628338962,129,200,true,170,170,129
1767628338970,121,200,true,170,170,121
1767628338970,123,200,true,170,170,123
1767628339089,4,200,true,170,170,3
1767628338970,123,200,true,170,170,123
1767628338969,124,200,true,170,170,124
1767628338739,354,200,true,170,170,354
1767628338970,124,200,true,170,170,124
1767628339093,1,200,true,170,170,1
1767628338974,126,200,true,170,170,126
1767628338977,123,200,true,170,170,123
1767628338983,118,200,true,170,170,118
1767628338987,115,200,true,170,170,115
1767628338982,121,200,true,170,170,121
1767628338981,123,200,true,170,170,123
1767628338982,123,200,true,170,170,123
1767628339102,4,200,true,170,170,4
1767628338988,120,200,true,170,170,120
1767628338987,123,200,true,170,170,122
1767628338982,128,200,true,170,170,127
1767628338978,132,200,true,170,170,132
1767628338976,134,200,true,170,170,134
1767628338974,137,200,true,170,170,137
1767628339106,7,200,true,170,170,6
1767628338973,141,200,true,170,170,141
1767628338981,133,200,true,170,170,133
1767628338977,137,200,true,170,170,137
1767628338984,130,200,true,170,170,130
1767628338989,126,200,true,170,170,126
1767628338981,134,200,true,170,170,134
1767628338986,130,200,true,170,170,130
1767628339114,3,200,true,170,170,3
1767628338981,138,200,true,170,170,138
1767628338774,347,200,true,170,170,346
1767628338982,139,200,true,170,170,139
1767628338998,124,200,true,170,170,123
1767628338988,134,200,true,170,170,134
1767628338999,124,200,true,170,170,124
1767628338999,126,200,true,170,170,126
1767628338994,132,200,true,170,170,132
1767628339014,114,200,true,170,170,114
1767628339005,124,200,true,170,170,122
1767628339007,122,200,true,170,170,121
1767628339001,129,200,true,170,170,122
1767628338999,131,200,true,170,170,123
1767628338981,149,200,true,170,170,148
1767628338996,134,200,true,170,170,131
1767628339000,131,200,true,170,170,127
1767628338997,134,200,true,170,170,131
1767628338992,139,200,true,170,170,136
1767628339006,125,200,true,170,170,120
1767628338998,133,200,true,170,170,133
1767628338899,232,200,true,170,170,232
1767628339002,130,200,true,170,170,128
1767628339003,129,200,true,170,170,123
1767628339014,118,200,true,170,170,114
1767628339007,126,200,true,170,170,122
1767628338990,143,200,true,170,170,139
1767628339001,132,200,true,170,170,122
1767628338990,144,200,true,170,170,132
1767628338991,143,200,true,170,170,132
1767628338999,135,200,true,170,170,128
1767628339002,133,200,true,170,170,128
1767628339001,134,200,true,170,170,119
1767628338981,155,200,true,170,170,141
1767628339000,136,200,true,170,170,136
1767628338998,139,200,true,170,170,131
1767628339006,131,200,true,170,170,123
1767628338903,234,200,true,170,170,234
1767628338998,139,200,true,170,170,130
1767628338998,139,200,true,170,170,130
1767628338986,152,200,true,170,170,136
1767628339017,121,200,true,170,170,119
1767628338891,247,200,true,170,170,247
1767628338903,237,200,true,170,170,237
1767628339019,121,200,true,170,170,117
1767628338908,232,200,true,170,170,232
1767628338906,235,200,true,170,170,235
1767628339035,111,200,true,170,170,111
1767628338918,228,200,true,170,170,227
1767628338914,233,200,true,170,170,230
1767628338911,236,200,true,170,170,232
1767628338910,238,200,true,170,170,232
1767628338906,243,200,true,170,170,243
1767628339034,115,200,true,170,170,115
1767628339023,126,200,true,170,170,126
1767628338922,227,200,true,170,170,224
1767628339033,116,200,true,170,170,116
1767628338925,225,200,true,170,170,224
1767628339025,126,200,true,170,170,126
1767628338982,169,200,true,170,170,169
1767628339016,135,200,true,170,170,130
1767628339033,118,200,true,170,170,118
1767628339026,125,200,true,170,170,125
1767628339051,104,200,true,170,170,104
1767628339063,93,200,true,170,170,93
1767628339046,110,200,true,170,170,110
1767628339017,139,200,true,170,170,138
1767628339049,107,200,true,170,170,107
1767628339064,93,200,true,170,170,91
1767628339053,104,200,true,170,170,104
1767628339052,105,200,true,170,170,105
1767628339043,116,200,true,170,170,115
1767628339138,21,200,true,170,170,20
1767628339044,115,200,true,170,170,114
1767628339032,128,200,true,170,170,125
1767628339065,95,200,true,170,170,95
1767628339065,96,200,true,170,170,96
1767628339151,11,200,true,170,170,11
1767628339149,14,200,true,170,170,14
1767628339151,12,200,true,170,170,12
1767628339151,13,200,true,170,170,13
1767628339147,17,200,true,170,170,17
1767628339156,9,200,true,170,170,9
1767628339156,9,200,true,170,170,9
1767628339155,10,200,true,170,170,10
1767628339159,7,200,true,170,170,7
1767628339156,10,200,true,170,170,10
1767628339156,11,200,true,170,170,11
1767628339159,8,200,true,170,170,8
1767628339159,9,200,true,170,170,9
1767628339161,10,200,true,170,170,10
1767628339166,5,200,true,170,170,5
1767628339071,102,200,true,170,170,102
1767628339059,114,200,true,170,170,114
1767628338935,238,200,true,170,170,238
1767628339075,99,200,true,170,170,99
1767628339072,102,200,true,170,170,102
1767628339071,103,200,true,170,170,103
1767628339171,4,200,true,170,170,4
1767628339173,2,200,true,170,170,2
1767628339171,4,200,true,170,170,4
1767628339173,3,200,true,170,170,3
1767628339174,2,200,true,170,170,2
1767628339173,4,200,true,170,170,4
1767628339174,3,200,true,170,170,3
1767628339174,4,200,true,170,170,4
1767628339175,3,200,true,170,170,3
1767628339175,3,200,true,170,170,3
1767628339175,4,200,true,170,170,4
1767628339176,3,200,true,170,170,3
1767628339176,4,200,true,170,170,4
1767628339074,106,200,true,170,170,106
1767628339177,4,200,true,170,170,4
1767628339178,3,200,true,170,170,3
1767628339178,3,200,true,170,170,3
1767628339178,4,200,true,170,170,4
1767628339179,3,200,true,170,170,3
1767628339179,4,200,true,170,170,4
1767628339180,3,200,true,170,170,3
1767628339180,4,200,true,170,170,4
1767628339074,110,200,true,170,170,110
1767628339181,3,200,true,170,170,3
1767628339072,115,200,true,170,170,115
1767628339072,115,200,true,170,170,115
1767628339076,111,200,true,170,170,111
1767628339073,114,200,true,170,170,114
1767628339074,113,200,true,170,170,113
1767628339075,113,200,true,170,170,113
1767628339078,110,200,true,170,170,110
1767628339079,109,200,true,170,170,109
1767628339080,108,200,true,170,170,108
1767628338960,229,200,true,170,170,229
1767628338964,225,200,true,170,170,225
1767628339081,108,200,true,170,170,108
1767628338956,233,200,true,170,170,233
1767628339188,2,200,true,170,170,2
1767628338960,230,200,true,170,170,230
1767628339083,107,200,true,170,170,107
1767628339084,106,200,true,170,170,106
1767628339085,105,200,true,170,170,105
1767628339085,106,200,true,170,170,105
1767628339085,106,200,true,170,170,106
1767628339089,102,200,true,170,170,102
1767628339090,101,200,true,170,170,101
1767628339091,100,200,true,170,170,100
1767628339089,103,200,true,170,170,103
1767628339089,103,200,true,170,170,103
1767628339091,101,200,true,170,170,101
1767628339093,99,200,true,170,170,99
1767628338755,437,200,true,170,170,437
1767628338761,432,200,true,170,170,432
1767628339093,100,200,true,170,170,100
1767628339093,100,200,true,170,170,100
1767628339093,100,200,true,170,170,100
1767628339181,12,200,true,170,170,12
1767628339094,101,200,true,170,170,101
1767628339190,5,200,true,170,170,5
1767628339188,8,200,true,170,170,8
1767628338976,220,200,true,170,170,220
1767628338987,210,200,true,170,170,210
1767628339188,10,200,true,170,170,9
1767628339100,99,200,true,170,170,98
1767628339192,8,200,true,170,170,8
1767628339103,100,200,true,170,170,98
1767628339110,99,200,true,170,170,93
1767628339113,96,200,true,170,170,96
1767628339191,22,200,true,170,170,12
1767628339115,99,200,true,170,170,99
1767628339111,103,200,true,170,170,103
1767628339114,101,200,true,170,170,100
1767628339192,23,200,true,170,170,23
1767628339114,103,200,true,170,170,103
1767628339213,5,200,true,170,170,4
1767628339108,111,200,true,170,170,111
1767628339100,121,200,true,170,170,121
1767628338837,385,200,true,170,170,385
1767628339115,107,200,true,170,170,107
1767628339117,106,200,true,170,170,106
1767628339115,110,200,true,170,170,110
1767628339008,219,200,true,170,170,219
1767628339009,218,200,true,170,170,218
1767628339122,105,200,true,170,170,105
1767628339130,98,200,true,170,170,98
1767628339130,98,200,true,170,170,98
1767628339131,98,200,true,170,170,98
1767628339131,98,200,true,170,170,97
1767628339130,100,200,true,170,170,100
1767628339122,108,200,true,170,170,108
1767628339131,99,200,true,170,170,99
1767628339130,101,200,true,170,170,101
1767628339132,99,200,true,170,170,99
1767628339132,100,200,true,170,170,100
1767628339018,214,200,true,170,170,214
1767628338904,328,200,true,170,170,328
1767628339135,97,200,true,170,170,97
1767628339134,98,200,true,170,170,98
1767628339131,102,200,true,170,170,102
1767628339130,103,200,true,170,170,103
1767628339135,98,200,true,170,170,98
1767628339128,105,200,true,170,170,105
1767628339135,98,200,true,170,170,98
1767628339023,210,200,true,170,170,210
1767628338911,323,200,true,170,170,323
1767628339025,209,200,true,170,170,209
1767628339034,200,200,true,170,170,200
1767628339031,203,200,true,170,170,203
1767628339031,203,200,true,170,170,203
1767628339031,204,200,true,170,170,204
1767628339031,204,200,true,170,170,204
1767628338920,315,200,true,170,170,315
1767628338920,315,200,true,170,170,315
1767628338921,314,200,true,170,170,314
1767628339033,203,200,true,170,170,203
1767628339131,105,200,true,170,170,105
1767628339137,99,200,true,170,170,99
1767628339137,99,200,true,170,170,99
1767628339126,111,200,true,170,170,111
1767628339138,99,200,true,170,170,99
1767628339137,100,200,true,170,170,100
1767628339138,99,200,true,170,170,99
1767628339133,104,200,true,170,170,104
1767628339136,102,200,true,170,170,102
1767628338924,314,200,true,170,170,314
1767628339033,205,200,true,170,170,205
1767628339129,109,200,true,170,170,109
1767628339136,102,200,true,170,170,102
1767628339132,107,200,true,170,170,107
1767628339040,199,200,true,170,170,199
1767628339044,195,200,true,170,170,195
1767628339045,194,200,true,170,170,194
1767628339044,196,200,true,170,170,196
1767628339233,7,200,true,170,170,7
1767628339043,200,200,true,170,170,200
1767628339044,199,200,true,170,170,199
1767628339230,13,200,true,170,170,13
1767628339119,124,200,true,170,170,124
1767628339137,106,200,true,170,170,106
1767628339134,110,200,true,170,170,110
1767628339125,119,200,true,170,170,119
1767628339015,229,200,true,170,170,229
1767628339151,93,200,true,170,170,93
1767628339151,93,200,true,170,170,93
1767628339131,114,200,true,170,170,114
1767628339048,197,200,true,170,170,197
1767628339052,193,200,true,170,170,193
1767628339064,181,200,true,170,170,181
1767628339064,181,200,true,170,170,181
1767628339053,193,200,true,170,170,193
1767628339123,123,200,true,170,170,123
1767628339133,113,200,true,170,170,113
1767628339121,125,200,true,170,170,125
1767628339149,97,200,true,170,170,97
1767628339147,100,200,true,170,170,100
1767628339133,114,200,true,170,170,114
1767628339149,98,200,true,170,170,98
1767628339140,107,200,true,170,170,107
1767628339141,106,200,true,170,170,106
1767628339157,91,200,true,170,170,91
1767628339140,108,200,true,170,170,108
1767628339157,91,200,true,170,170,91
1767628339137,111,200,true,170,170,111
1767628339140,109,200,true,170,170,109
1767628339157,92,200,true,170,170,92
1767628339149,100,200,true,170,170,100
1767628339149,100,200,true,170,170,100
1767628339149,100,200,true,170,170,100
1767628339146,104,200,true,170,170,104
1767628339146,104,200,true,170,170,104
1767628339160,90,200,true,170,170,90
1767628339162,88,200,true,170,170,88
1767628339163,87,200,true,170,170,87
1767628339163,88,200,true,170,170,88
1767628339164,87,200,true,170,170,87
1767628339164,87,200,true,170,170,87
1767628339165,86,200,true,170,170,86
1767628339165,87,200,true,170,170,87
1767628339165,87,200,true,170,170,87
1767628339167,85,200,true,170,170,85
1767628339167,86,200,true,170,170,86
1767628339168,85,200,true,170,170,85
1767628339152,101,200,true,170,170,101
1767628339166,87,200,true,170,170,87
1767628339182,71,200,true,170,170,71
1767628339182,72,200,true,170,170,72
1767628339183,71,200,true,170,170,71
1767628339183,71,200,true,170,170,71
1767628339181,73,200,true,170,170,73
1767628339160,95,200,true,170,170,95
1767628339094,161,200,true,170,170,161
1767628339184,71,200,true,170,170,71
1767628338976,279,200,true,170,170,279
1767628339192,64,200,true,170,170,64
1767628339191,65,200,true,170,170,65
1767628339101,155,200,true,170,170,155
1767628339193,63,200,true,170,170,63
1767628339193,64,200,true,170,170,64
1767628339193,64,200,true,170,170,64
1767628339190,67,200,true,170,170,67
1767628339106,151,200,true,170,170,151
1767628339187,71,200,true,170,170,71
1767628339189,69,200,true,170,170,69
1767628339190,68,200,true,170,170,68
1767628339110,148,200,true,170,170,148
1767628339110,148,200,true,170,170,148
1767628339104,155,200,true,170,170,154
1767628339110,149,200,true,170,170,149
1767628339191,68,200,true,170,170,68
1767628339193,66,200,true,170,170,66
1767628339193,66,200,true,170,170,66
1767628339195,65,200,true,170,170,65
1767628339203,57,200,true,170,170,57
1767628339193,67,200,true,170,170,67
1767628339191,69,200,true,170,170,69
1767628339185,76,200,true,170,170,76
1767628339196,65,200,true,170,170,65
1767628339195,66,200,true,170,170,66
1767628339190,71,200,true,170,170,71
1767628339192,69,200,true,170,170,69
1767628339189,73,200,true,170,170,73
1767628339200,62,200,true,170,170,62
1767628339196,66,200,true,170,170,66
1767628339197,65,200,true,170,170,65
1767628339209,54,200,true,170,170,54
1767628339198,65,200,true,170,170,65
1767628339209,54,200,true,170,170,54
1767628339199,64,200,true,170,170,64
1767628339187,77,200,true,170,170,77
1767628339187,77,200,true,170,170,77
1767628339229,35,200,true,170,170,35
1767628339192,72,200,true,170,170,72
1767628339190,74,200,true,170,170,74
1767628339189,76,200,true,170,170,76
1767628339188,77,200,true,170,170,77
1767628339236,29,200,true,170,170,29
1767628339187,78,200,true,170,170,78
1767628339187,78,200,true,170,170,78
1767628339189,77,200,true,170,170,77
1767628339116,150,200,true,170,170,150
1767628339214,52,200,true,170,170,52
1767628339215,51,200,true,170,170,51
1767628339214,52,200,true,170,170,52
1767628339217,50,200,true,170,170,50
1767628339215,52,200,true,170,170,52
1767628339219,48,200,true,170,170,48
1767628339218,49,200,true,170,170,49
1767628339222,46,200,true,170,170,46
1767628339221,47,200,true,170,170,47
1767628339222,46,200,true,170,170,46
1767628339225,43,200,true,170,170,43
1767628339223,46,200,true,170,170,46
1767628339227,42,200,true,170,170,42
1767628339227,42,200,true,170,170,42
1767628339227,42,200,true,170,170,42
1767628339121,148,200,true,170,170,148
1767628339228,42,200,true,170,170,42
1767628339229,41,200,true,170,170,41
1767628339231,39,200,true,170,170,39
1767628339231,39,200,true,170,170,39
1767628339238,33,200,true,170,170,32
1767628339237,34,200,true,170,170,34
1767628339233,38,200,true,170,170,38
1767628339233,38,200,true,170,170,38
1767628339232,39,200,true,170,170,39
1767628339184,88,200,true,170,170,88
1767628339236,36,200,true,170,170,36
1767628339177,95,200,true,170,170,95
1767628339238,35,200,true,170,170,35
1767628339236,37,200,true,170,170,37
1767628339229,44,200,true,170,170,44
1767628339232,42,200,true,170,170,42
1767628339239,35,200,true,170,170,35
1767628339234,41,200,true,170,170,41
1767628339233,42,200,true,170,170,42
1767628339232,43,200,true,170,170,43
1767628339230,46,200,true,170,170,46
1767628339230,52,200,true,170,170,52
1767628339232,59,200,true,170,170,59
1767628339262,30,200,true,170,170,30
1767628339244,48,200,true,170,170,48
1767628339252,41,200,true,170,170,41
1767628339233,61,200,true,170,170,61
1767628339250,48,200,true,170,170,48
1767628339244,59,200,true,170,170,59
1767628339261,45,200,true,170,170,45
1767628339253,53,200,true,170,170,53
1767628339250,56,200,true,170,170,56
1767628339249,58,200,true,170,170,58
1767628339260,47,200,true,170,170,47
1767628339261,47,200,true,170,170,47
1767628339261,47,200,true,170,170,47
1767628339267,41,200,true,170,170,41
1767628339255,54,200,true,170,170,54
1767628339252,57,200,true,170,170,57
1767628339259,51,200,true,170,170,51
1767628339255,55,200,true,170,170,55
1767628339249,62,200,true,170,170,62
1767628339269,42,200,true,170,170,42
1767628339267,44,200,true,170,170,44
1767628339255,57,200,true,170,170,57
1767628339243,72,200,true,170,170,72
1767628339251,64,200,true,170,170,64
1767628339260,55,200,true,170,170,55
1767628339259,58,200,true,170,170,58
1767628339251,66,200,true,170,170,66
1767628339273,45,200,true,170,170,45
1767628339273,45,200,true,170,170,45
1767628339273,46,200,true,170,170,46
1767628339274,45,200,true,170,170,45
1767628339274,46,200,true,170,170,46
1767628339233,87,200,true,170,170,87
1767628339275,46,200,true,170,170,46
1767628339275,46,200,true,170,170,46
1767628339276,45,200,true,170,170,45
1767628339282,40,200,true,170,170,40
1767628339291,31,200,true,170,170,31
1767628339292,31,200,true,170,170,31
1767628339293,30,200,true,170,170,30
1767628339298,26,200,true,170,170,26
1767628339234,90,200,true,170,170,90
1767628339304,20,200,true,170,170,20
1767628339306,19,200,true,170,170,19
1767628339306,19,200,true,170,170,19
1767628339306,20,200,true,170,170,20
1767628339307,19,200,true,170,170,19
1767628339307,20,200,true,170,170,20
1767628339308,19,200,true,170,170,19
1767628339308,20,200,true,170,170,19
1767628339237,91,200,true,170,170,91
1767628339234,94,200,true,170,170,94
1767628339309,20,200,true,170,170,20
1767628339310,19,200,true,170,170,19
1767628339310,20,200,true,170,170,20
1767628339311,19,200,true,170,170,19
1767628339311,20,200,true,170,170,20
1767628339311,20,200,true,170,170,20
1767628339312,19,200,true,170,170,19
1767628339249,88,200,true,170,170,88
1767628339237,102,200,true,170,170,102
1767628339236,103,200,true,170,170,103
1767628339235,105,200,true,170,170,105
1767628339235,105,200,true,170,170,105
1767628339234,106,200,true,170,170,106
1767628339235,105,200,true,170,170,105
1767628339235,106,200,true,170,170,106
1767628339339,2,200,true,170,170,2
1767628339339,3,200,true,170,170,3
1767628339340,2,200,true,170,170,2
1767628339340,3,200,true,170,170,2
1767628339340,3,200,true,170,170,3
1767628339340,3,200,true,170,170,3
1767628339341,3,200,true,170,170,3
1767628339235,109,200,true,170,170,109
1767628339238,107,200,true,170,170,107
1767628339341,4,200,true,170,170,4
1767628339342,4,200,true,170,170,4
1767628339343,3,200,true,170,170,3
1767628339343,4,200,true,170,170,4
1767628339343,4,200,true,170,170,4
1767628339345,3,200,true,170,170,3
1767628339239,110,200,true,170,170,110
1767628339235,115,200,true,170,170,114
1767628339237,113,200,true,170,170,113
1767628339238,112,200,true,170,170,112
1767628339234,116,200,true,170,170,116
1767628339238,113,200,true,170,170,113
1767628339271,80,200,true,170,170,80
1767628339345,6,200,true,170,170,6
1767628339315,37,200,true,170,170,37
1767628339308,44,200,true,170,170,44
1767628339244,115,200,true,170,170,115
1767628339257,103,200,true,170,170,103
1767628339268,92,200,true,170,170,92
1767628339256,105,200,true,170,170,105
1767628339268,93,200,true,170,170,93
1767628339268,93,200,true,170,170,93
1767628339261,100,200,true,170,170,100
1767628339246,115,200,true,170,170,115
1767628339265,97,200,true,170,170,97
1767628339240,122,200,true,170,170,122
1767628339271,91,200,true,170,170,91
1767628339267,95,200,true,170,170,95
1767628339264,98,200,true,170,170,98
1767628339239,123,200,true,170,170,123
1767628339272,90,200,true,170,170,90
1767628339263,99,200,true,170,170,96
1767628339240,122,200,true,170,170,114
1767628339270,92,200,true,170,170,92
1767628339271,91,200,true,170,170,88
1767628339270,92,200,true,170,170,84
1767628339245,117,200,true,170,170,113
1767628339245,117,200,true,170,170,117
1767628339248,114,200,true,170,170,109
1767628339246,117,200,true,170,170,117
1767628339269,94,200,true,170,170,86
1767628339259,104,200,true,170,170,98
1767628339248,115,200,true,170,170,105
1767628339270,93,200,true,170,170,83
1767628339260,103,200,true,170,170,99
1767628339359,4,200,true,170,170,4
1767628339361,3,200,true,170,170,3
1767628339246,118,200,true,170,170,113
1767628339259,105,200,true,170,170,101
1767628339263,101,200,true,170,170,98
1767628339270,94,200,true,170,170,89
1767628339244,120,200,true,170,170,116
1767628339257,107,200,true,170,170,103
1767628339243,121,200,true,170,170,117
1767628339271,93,200,true,170,170,89
1767628339247,117,200,true,170,170,114
1767628339243,121,200,true,170,170,121
1767628339349,16,200,true,170,170,16
1767628339269,96,200,true,170,170,96
1767628339255,110,200,true,170,170,110
1767628339266,99,200,true,170,170,99
1767628339249,117,200,true,170,170,103
1767628339262,104,200,true,170,170,103
1767628339246,120,200,true,170,170,120
1767628339246,120,200,true,170,170,120
1767628339257,109,200,true,170,170,109
1767628339250,117,200,true,170,170,117
1767628339292,75,200,true,170,170,75
1767628339266,101,200,true,170,170,101
1767628339251,116,200,true,170,170,116
1767628339266,101,200,true,170,170,101
1767628339253,115,200,true,170,170,115
1767628339258,110,200,true,170,170,110
1767628339257,111,200,true,170,170,111
1767628339247,121,200,true,170,170,121
1767628339256,113,200,true,170,170,113
1767628339265,104,200,true,170,170,104
1767628339267,102,200,true,170,170,102
1767628339258,111,200,true,170,170,111
1767628339265,105,200,true,170,170,105
1767628339266,104,200,true,170,170,104
1767628339361,9,200,true,170,170,9
1767628339258,113,200,true,170,170,113
1767628339264,108,200,true,170,170,108
1767628339254,120,200,true,170,170,117
1767628339248,127,200,true,170,170,126
1767628339265,110,200,true,170,170,107
1767628339245,130,200,true,170,170,130
1767628339264,111,200,true,170,170,110
1767628339264,111,200,true,170,170,110
1767628339245,130,200,true,170,170,129
1767628339272,103,200,true,170,170,102
1767628339243,133,200,true,170,170,132
1767628339244,132,200,true,170,170,132
1767628339265,111,200,true,170,170,109
1767628339250,129,200,true,170,170,129
1767628339272,110,200,true,170,170,109
1767628339247,137,200,true,170,170,137
1767628339266,119,200,true,170,170,117
1767628339261,124,200,true,170,170,121
1767628339262,123,200,true,170,170,122
1767628339239,146,200,true,170,170,144
1767628339248,137,200,true,170,170,136
1767628339362,24,200,true,170,170,24
1767628339268,121,200,true,170,170,121
1767628339260,130,200,true,170,170,130
1767628339364,27,200,true,170,170,27
1767628339364,27,200,true,170,170,27
1767628339362,29,200,true,170,170,29
1767628339254,138,200,true,170,170,138
1767628339254,138,200,true,170,170,138
1767628339254,139,200,true,170,170,139
1767628339250,143,200,true,170,170,143
1767628339247,146,200,true,170,170,142
1767628339269,125,200,true,170,170,125
1767628339351,43,200,true,170,170,43
1767628339362,33,200,true,170,170,33
1767628339363,32,200,true,170,170,32
1767628339362,33,200,true,170,170,33
1767628339362,34,200,true,170,170,34
1767628339363,33,200,true,170,170,33
1767628339362,35,200,true,170,170,34
1767628339363,34,200,true,170,170,34
1767628339361,36,200,true,170,170,36
1767628339363,35,200,true,170,170,35
1767628339363,35,200,true,170,170,35
1767628339362,36,200,true,170,170,36
1767628339362,37,200,true,170,170,37
1767628339364,35,200,true,170,170,35
1767628339364,36,200,true,170,170,36
1767628339362,38,200,true,170,170,30
1767628339365,42,200,true,170,170,42
1767628339370,38,200,true,170,170,38
1767628339365,44,200,true,170,170,44
1767628339367,42,200,true,170,170,42
1767628339366,43,200,true,170,170,43
1767628339369,41,200,true,170,170,41
1767628339368,42,200,true,170,170,42
1767628339370,41,200,true,170,170,41
1767628339366,45,200,true,170,170,45
1767628339368,44,200,true,170,170,44
1767628339262,150,200,true,170,170,150
1767628339366,47,200,true,170,170,47
1767628339366,47,200,true,170,170,47
1767628339367,46,200,true,170,170,46
1767628339367,47,200,true,170,170,47
1767628339367,47,200,true,170,170,47
1767628339367,48,200,true,170,170,48
1767628339368,47,200,true,170,170,47
1767628339368,47,200,true,170,170,47
1767628339258,158,200,true,170,170,158
1767628339370,46,200,true,170,170,46
1767628339376,41,200,true,170,170,41
1767628339369,48,200,true,170,170,48
1767628339369,49,200,true,170,170,49
1767628339379,39,200,true,170,170,39
1767628339370,49,200,true,170,170,49
1767628339371,48,200,true,170,170,48
1767628339375,44,200,true,170,170,44
1767628339372,48,200,true,170,170,48
1767628339252,168,200,true,170,170,168
1767628339396,24,200,true,170,170,24
1767628339391,30,200,true,170,170,30
1767628339394,27,200,true,170,170,27
1767628339395,27,200,true,170,170,27
1767628339395,27,200,true,170,170,27
1767628339395,28,200,true,170,170,28
1767628339396,27,200,true,170,170,27
1767628339397,26,200,true,170,170,26
1767628339397,27,200,true,170,170,27
1767628339258,166,200,true,170,170,166
1767628339398,26,200,true,170,170,26
1767628339398,27,200,true,170,170,27
1767628339391,34,200,true,170,170,34
1767628339399,27,200,true,170,170,27
1767628339399,27,200,true,170,170,27
1767628339399,27,200,true,170,170,27
1767628339400,27,200,true,170,170,27
1767628339393,34,200,true,170,170,34
1767628339384,44,200,true,170,170,44
1767628339263,166,200,true,170,170,166
1767628339394,36,200,true,170,170,36
1767628339393,37,200,true,170,170,37
1767628339407,24,200,true,170,170,24
1767628339410,21,200,true,170,170,21
1767628339410,22,200,true,170,170,22
1767628339259,175,200,true,170,170,175
1767628339253,181,200,true,170,170,181
1767628339253,181,200,true,170,170,180
1767628339251,183,200,true,170,170,181
1767628339385,50,200,true,170,170,50
1767628339376,59,200,true,170,170,40
1767628339269,167,200,true,170,170,167
1767628339315,126,200,true,170,170,126
1767628339318,130,200,true,170,170,130
1767628339317,131,200,true,170,170,131
1767628339317,131,200,true,170,170,131
1767628339321,130,200,true,170,170,130
1767628339324,128,200,true,170,170,128
1767628339323,129,200,true,170,170,129
1767628339320,133,200,true,170,170,133
1767628339322,131,200,true,170,170,131
1767628339315,139,200,true,170,170,139
1767628339325,130,200,true,170,170,130
1767628339322,133,200,true,170,170,130
1767628339318,137,200,true,170,170,137
1767628339321,135,200,true,170,170,134
1767628339325,131,200,true,170,170,129
1767628339319,138,200,true,170,170,130
1767628339326,131,200,true,170,170,131
1767628339320,138,200,true,170,170,128
1767628339434,25,200,true,170,170,25
1767628339327,133,200,true,170,170,133
1767628339319,141,200,true,170,170,136
1767628339323,137,200,true,170,170,132
1767628339325,136,200,true,170,170,136
1767628339328,133,200,true,170,170,133
1767628339330,132,200,true,170,170,132
1767628339330,132,200,true,170,170,132
1767628339329,134,200,true,170,170,134
1767628339331,132,200,true,170,170,132
1767628339329,134,200,true,170,170,134
1767628339331,132,200,true,170,170,131
1767628339332,132,200,true,170,170,132
1767628339337,127,200,true,170,170,127
1767628339327,138,200,true,170,170,132
1767628339328,137,200,true,170,170,136
1767628339416,52,200,true,170,170,52
1767628339419,49,200,true,170,170,49
1767628339328,140,200,true,170,170,140
1767628339342,126,200,true,170,170,126
1767628339347,123,200,true,170,170,123
1767628339347,123,200,true,170,170,123
1767628339348,122,200,true,170,170,122
1767628339346,124,200,true,170,170,123
1767628339346,124,200,true,170,170,123
1767628339345,125,200,true,170,170,125
1767628339275,196,200,true,170,170,196
1767628339344,127,200,true,170,170,127
1767628339294,177,200,true,170,170,177
1767628339263,208,200,true,170,170,208
1767628339257,216,200,true,170,170,216
1767628339471,2,200,true,170,170,2
1767628339256,217,200,true,170,170,217
1767628339237,237,200,true,170,170,236
1767628339245,229,200,true,170,170,229
1767628339264,210,200,true,170,170,210
1767628339375,99,200,true,170,170,99
1767628339375,100,200,true,170,170,100
1767628339374,101,200,true,170,170,101
1767628339375,100,200,true,170,170,100
1767628339375,100,200,true,170,170,100
1767628339375,100,200,true,170,170,100
1767628339376,100,200,true,170,170,100
1767628339362,114,200,true,170,170,114
1767628339362,114,200,true,170,170,114
1767628339363,113,200,true,170,170,113
1767628339251,226,200,true,170,170,226
1767628339364,113,200,true,170,170,113
1767628339364,116,200,true,170,170,116
1767628339468,12,200,true,170,170,12
1767628339361,119,200,true,170,170,119
1767628339385,95,200,true,170,170,95
1767628339364,117,200,true,170,170,117
1767628339363,118,200,true,170,170,118
1767628339385,96,200,true,170,170,96
1767628339361,120,200,true,170,170,120
1767628339364,118,200,true,170,170,118
1767628339385,97,200,true,170,170,97
1767628339248,234,200,true,170,170,234
1767628339362,120,200,true,170,170,120
1767628339364,118,200,true,170,170,118
1767628339361,122,200,true,170,170,122
1767628339362,121,200,true,170,170,121
1767628339364,119,200,true,170,170,119
1767628339362,121,200,true,170,170,121
1767628339365,119,200,true,170,170,118
1767628339351,133,200,true,170,170,133
1767628339365,119,200,true,170,170,119
1767628339352,132,200,true,170,170,132
1767628339350,135,200,true,170,170,135
1767628339350,135,200,true,170,170,135
1767628339350,135,200,true,170,170,135
1767628339351,134,200,true,170,170,134
1767628339352,134,200,true,170,170,134
1767628339350,136,200,true,170,170,136
1767628339400,86,200,true,170,170,86
1767628339360,126,200,true,170,170,126
1767628339375,111,200,true,170,170,111
1767628339366,121,200,true,170,170,121
1767628339382,105,200,true,170,170,105
1767628339363,124,200,true,170,170,124
1767628339385,102,200,true,170,170,102
1767628339389,99,200,true,170,170,99
1767628339408,80,200,true,170,170,80
1767628339409,79,200,true,170,170,79
1767628339392,96,200,true,170,170,96
1767628339411,77,200,true,170,170,77
1767628339393,96,200,true,170,170,96
1767628339411,78,200,true,170,170,78
1767628339393,96,200,true,170,170,96
1767628339390,99,200,true,170,170,99
1767628339410,80,200,true,170,170,80
1767628339409,81,200,true,170,170,81
1767628339421,69,200,true,170,170,69
1767628339422,68,200,true,170,170,68
1767628339421,70,200,true,170,170,70
1767628339421,70,200,true,170,170,70
1767628339422,69,200,true,170,170,69
1767628339391,100,200,true,170,170,99
1767628339271,220,200,true,170,170,220
1767628339309,182,200,true,170,170,182
1767628339243,249,200,true,170,170,249
1767628339470,22,200,true,170,170,22
1767628339432,60,200,true,170,170,60
1767628339417,80,200,true,170,170,79
1767628339431,72,200,true,170,170,69
1767628339413,90,200,true,170,170,90
1767628339426,78,200,true,170,170,78
1767628339425,89,200,true,170,170,89
1767628339427,87,200,true,170,170,87
1767628339427,89,200,true,170,170,89
1767628339416,101,200,true,170,170,101
1767628339412,106,200,true,170,170,106
1767628339426,92,200,true,170,170,92
1767628339413,106,200,true,170,170,106
1767628339428,92,200,true,170,170,92
1767628339423,97,200,true,170,170,97
1767628339426,94,200,true,170,170,94
1767628339475,46,200,true,170,170,45
1767628339431,90,200,true,170,170,90
1767628339425,97,200,true,170,170,97
1767628339424,98,200,true,170,170,98
1767628339417,105,200,true,170,170,105
1767628339475,48,200,true,170,170,44
1767628339481,42,200,true,170,170,40
1767628339480,44,200,true,170,170,44
1767628339475,50,200,true,170,170,50
1767628339475,52,200,true,170,170,52
1767628339477,57,200,true,170,170,51
1767628339489,46,200,true,170,170,46
1767628339418,117,200,true,170,170,117
1767628339321,215,200,true,170,170,215
1767628339420,117,200,true,170,170,116
1767628339419,118,200,true,170,170,118
1767628339430,107,200,true,170,170,107
1767628339430,108,200,true,170,170,108
1767628339424,115,200,true,170,170,115
1767628339324,215,200,true,170,170,215
1767628339420,119,200,true,170,170,119
1767628339435,105,200,true,170,170,105
1767628339419,121,200,true,170,170,120
1767628339535,6,200,true,170,170,6
1767628339436,106,200,true,170,170,106
1767628339326,217,200,true,170,170,216
1767628339434,110,200,true,170,170,110
1767628339455,90,200,true,170,170,90
1767628339434,111,200,true,170,170,108
1767628339455,90,200,true,170,170,89
1767628339463,82,200,true,170,170,81
1767628339463,82,200,true,170,170,81
1767628339456,89,200,true,170,170,87
1767628339412,134,200,true,170,170,131
1767628339458,90,200,true,170,170,90
1767628339462,86,200,true,170,170,85
1767628339463,85,200,true,170,170,85
1767628339455,93,200,true,170,170,92
1767628339461,87,200,true,170,170,87
1767628339434,114,200,true,170,170,113
1767628339545,5,200,true,170,170,5
1767628339423,127,200,true,170,170,127
1767628339254,296,200,true,170,170,296
1767628339456,95,200,true,170,170,95
1767628339451,102,200,true,170,170,102
1767628339453,100,200,true,170,170,100
1767628339461,92,200,true,170,170,90
1767628339471,83,200,true,170,170,81
1767628339454,100,200,true,170,170,100
1767628339452,102,200,true,170,170,99
1767628339460,95,200,true,170,170,92
1767628339457,98,200,true,170,170,98
1767628339466,91,200,true,170,170,91
1767628339545,13,200,true,170,170,13
1767628339548,11,200,true,170,170,11
1767628339545,14,200,true,170,170,14
1767628339548,12,200,true,170,170,12
1767628339545,17,200,true,170,170,17
1767628339554,9,200,true,170,170,9
1767628339423,140,200,true,170,170,140
1767628339470,95,200,true,170,170,95
1767628339448,118,200,true,170,170,118
1767628339470,96,200,true,170,170,96
1767628339470,96,200,true,170,170,95
1767628339470,96,200,true,170,170,94
1767628339459,107,200,true,170,170,106
1767628339465,101,200,true,170,170,101
1767628339457,109,200,true,170,170,109
1767628339470,96,200,true,170,170,94
1767628339468,98,200,true,170,170,98
1767628339461,106,200,true,170,170,103
1767628339566,1,200,true,170,170,1
1767628339435,133,200,true,170,170,133
1767628339463,105,200,true,170,170,105
1767628339413,156,200,true,170,170,156
1767628339414,155,200,true,170,170,155
1767628339424,145,200,true,170,170,145
1767628339415,155,200,true,170,170,154
1767628339569,1,200,true,170,170,1
1767628339460,110,200,true,170,170,108
1767628339468,102,200,true,170,170,102
1767628339397,174,200,true,170,170,173
1767628339386,185,200,true,170,170,185
1767628339364,207,200,true,170,170,207
1767628339454,117,200,true,170,170,117
1767628339468,104,200,true,170,170,104
1767628339462,110,200,true,170,170,110
1767628339464,108,200,true,170,170,108
1767628339490,90,200,true,170,170,90
1767628339476,105,200,true,170,170,105
1767628339566,16,200,true,170,170,16
1767628339566,16,200,true,170,170,16
1767628339476,107,200,true,170,170,107
1767628339481,106,200,true,170,170,106
1767628339481,107,200,true,170,170,107
1767628339587,1,200,true,170,170,1
1767628339477,112,200,true,170,170,112
1767628339480,109,200,true,170,170,109
1767628339491,98,200,true,170,170,98
1767628339482,107,200,true,170,170,107
1767628339486,106,200,true,170,170,106
1767628339481,112,200,true,170,170,112
1767628339491,102,200,true,170,170,102
1767628339486,108,200,true,170,170,108
1767628339490,104,200,true,170,170,104
1767628339483,111,200,true,170,170,111
1767628339473,121,200,true,170,170,121
1767628339483,112,200,true,170,170,112
1767628339472,123,200,true,170,170,123
1767628339415,182,200,true,170,170,182
1767628339415,182,200,true,170,170,182
1767628339491,106,200,true,170,170,106
1767628339487,110,200,true,170,170,110
1767628339473,124,200,true,170,170,123
1767628339414,183,200,true,170,170,182
1767628339487,111,200,true,170,170,111
1767628339486,112,200,true,170,170,112
1767628339490,108,200,true,170,170,106
1767628339482,116,200,true,170,170,113
1767628339482,116,200,true,170,170,116
1767628339488,111,200,true,170,170,111
1767628339595,4,200,true,170,170,4
1767628339595,4,200,true,170,170,3
1767628339474,126,200,true,170,170,126
1767628339488,112,200,true,170,170,112
1767628339490,111,200,true,170,170,110
1767628339484,117,200,true,170,170,117
1767628339482,119,200,true,170,170,119
1767628339480,122,200,true,170,170,121
1767628339480,122,200,true,170,170,122
1767628339594,8,200,true,170,170,8
1767628339492,111,200,true,170,170,111
1767628339503,100,200,true,170,170,99
1767628339491,112,200,true,170,170,112
1767628339487,117,200,true,170,170,117
1767628339487,117,200,true,170,170,117
1767628339488,117,200,true,170,170,117
1767628339484,121,200,true,170,170,121
1767628339475,130,200,true,170,170,130
1767628339474,131,200,true,170,170,131
1767628339488,118,200,true,170,170,117
1767628339523,83,200,true,170,170,83
1767628339476,131,200,true,170,170,131
1767628339474,133,200,true,170,170,133
1767628339524,83,200,true,170,170,83
1767628339603,4,200,true,170,170,3
1767628339489,118,200,true,170,170,118
1767628339482,126,200,true,170,170,126
1767628339483,125,200,true,170,170,125
1767628339489,119,200,true,170,170,119
1767628339607,1,200,true,170,170,1
1767628339484,125,200,true,170,170,125
1767628339492,117,200,true,170,170,117
1767628339491,118,200,true,170,170,118
1767628339594,15,200,true,170,170,15
1767628339485,124,200,true,170,170,124
1767628339486,123,200,true,170,170,123
1767628339486,124,200,true,170,170,124
1767628339598,12,200,true,170,170,12
1767628339491,119,200,true,170,170,119
1767628339485,125,200,true,170,170,125
1767628339520,91,200,true,170,170,91
1767628339485,126,200,true,170,170,126
1767628339492,119,200,true,170,170,119
1767628339522,89,200,true,170,170,89
1767628339522,90,200,true,170,170,90
1767628339520,93,200,true,170,170,93
1767628339518,95,200,true,170,170,94
1767628339488,125,200,true,170,170,125
1767628339516,97,200,true,170,170,97
1767628339514,99,200,true,170,170,98
1767628339521,93,200,true,170,170,93
1767628339484,130,200,true,170,170,130
1767628339505,109,200,true,170,170,107
1767628339611,4,200,true,170,170,4
1767628339518,97,200,true,170,170,97
1767628339514,102,200,true,170,170,102
1767628339520,96,200,true,170,170,96
1767628339523,93,200,true,170,170,93
1767628339523,96,200,true,170,170,96
1767628339517,102,200,true,170,170,100
1767628339418,201,200,true,170,170,201
1767628339537,82,200,true,170,170,82
1767628339429,190,200,true,170,170,190
1767628339528,92,200,true,170,170,90
1767628339535,86,200,true,170,170,83
1767628339521,100,200,true,170,170,96
1767628339525,96,200,true,170,170,92
1767628339497,124,200,true,170,170,120
1767628339452,170,200,true,170,170,170
1767628339519,109,200,true,170,170,97
1767628339536,93,200,true,170,170,83
1767628339537,93,200,true,170,170,84
1767628339503,127,200,true,170,170,112
1767628339548,82,200,true,170,170,82
1767628339475,155,200,true,170,170,140
1767628339545,85,200,true,170,170,78
1767628339539,93,200,true,170,170,93
1767628339542,90,200,true,170,170,90
1767628339550,82,200,true,170,170,82
1767628339548,86,200,true,170,170,84
1767628339613,24,200,true,170,170,24
1767628339540,104,200,true,170,170,104
1767628339610,35,200,true,170,170,35
1767628339630,16,200,true,170,170,16
1767628339546,103,200,true,170,170,103
1767628339539,110,200,true,170,170,110
1767628339548,101,200,true,170,170,101
1767628339471,179,200,true,170,170,179
1767628339637,14,200,true,170,170,14
1767628339559,93,200,true,170,170,93
1767628339544,108,200,true,170,170,108
1767628339644,9,200,true,170,170,9
1767628339554,100,200,true,170,170,100
1767628339554,101,200,true,170,170,101
1767628339649,6,200,true,170,170,5
1767628339649,7,200,true,170,170,6
1767628339553,103,200,true,170,170,102
1767628339650,6,200,true,170,170,6
1767628339555,102,200,true,170,170,102
1767628339652,6,200,true,170,170,5
1767628339553,105,200,true,170,170,101
1767628339550,108,200,true,170,170,108
1767628339653,5,200,true,170,170,5
1767628339555,103,200,true,170,170,103
1767628339645,13,200,true,170,170,13
1767628339465,195,200,true,170,170,195
1767628339566,95,200,true,170,170,95
1767628339566,95,200,true,170,170,95
1767628339567,95,200,true,170,170,95
1767628339473,189,200,true,170,170,189
1767628339566,96,200,true,170,170,96
1767628339566,96,200,true,170,170,96
1767628339441,222,200,true,170,170,222
1767628339448,215,200,true,170,170,215
1767628339448,215,200,true,170,170,215
1767628339566,97,200,true,170,170,97
1767628339569,94,200,true,170,170,94
1767628339565,98,200,true,170,170,98
1767628339571,93,200,true,170,170,89
1767628339571,93,200,true,170,170,92
1767628339569,95,200,true,170,170,95
1767628339570,94,200,true,170,170,94
1767628339570,94,200,true,170,170,94
1767628339567,97,200,true,170,170,97
1767628339566,98,200,true,170,170,98
1767628339570,95,200,true,170,170,95
1767628339568,97,200,true,170,170,97
1767628339557,108,200,true,170,170,102
1767628339558,107,200,true,170,170,107
1767628339572,94,200,true,170,170,94
1767628339561,105,200,true,170,170,105
1767628339559,111,200,true,170,170,111
1767628339664,6,200,true,170,170,6
1767628339665,6,200,true,170,170,6
1767628339665,9,200,true,170,170,9
1767628339664,10,200,true,170,170,10
1767628339666,9,200,true,170,170,9
1767628339572,106,200,true,170,170,106
1767628339674,4,200,true,170,170,4
1767628339571,108,200,true,170,170,108
1767628339572,107,200,true,170,170,107
1767628339581,98,200,true,170,170,98
1767628339581,98,200,true,170,170,98
1767628339562,117,200,true,170,170,117
1767628339476,204,200,true,170,170,204
1767628339582,98,200,true,170,170,98
1767628339582,98,200,true,170,170,98
1767628339583,97,200,true,170,170,97
1767628339588,93,200,true,170,170,93
1767628339589,92,200,true,170,170,92
1767628339589,92,200,true,170,170,92
1767628339588,93,200,true,170,170,93
1767628339589,92,200,true,170,170,92
1767628339589,93,200,true,170,170,93
1767628339483,199,200,true,170,170,199
1767628339593,89,200,true,170,170,89
1767628339594,88,200,true,170,170,88
1767628339489,194,200,true,170,170,194
1767628339599,84,200,true,170,170,84
1767628339592,91,200,true,170,170,91
1767628339485,198,200,true,170,170,198
1767628339593,90,200,true,170,170,90
1767628339598,86,200,true,170,170,86
1767628339594,90,200,true,170,170,90
1767628339535,149,200,true,170,170,149
1767628339539,147,200,true,170,170,147
1767628339538,150,200,true,170,170,150
1767628339599,89,200,true,170,170,89
1767628339620,68,200,true,170,170,68
1767628339597,92,200,true,170,170,91
1767628339598,91,200,true,170,170,89
1767628339597,92,200,true,170,170,92
1767628339545,144,200,true,170,170,142
1767628339621,68,200,true,170,170,67
1767628339598,91,200,true,170,170,91
1767628339688,2,200,true,170,170,2
1767628339671,19,200,true,170,170,16
1767628339670,21,200,true,170,170,21
1767628339537,158,200,true,170,170,158
1767628339682,13,200,true,170,170,13
1767628339688,8,200,true,170,170,8
1767628339598,98,200,true,170,170,98
1767628339689,9,200,true,170,170,9
1767628339600,102,200,true,170,170,102
1767628339597,105,200,true,170,170,105
1767628339601,101,200,true,170,170,101
1767628339601,102,200,true,170,170,102
1767628339597,106,200,true,170,170,106
1767628339620,84,200,true,170,170,84
1767628339597,107,200,true,170,170,107
1767628339597,107,200,true,170,170,107
1767628339619,85,200,true,170,170,85
1767628339607,98,200,true,170,170,98
1767628339602,103,200,true,170,170,103
1767628339609,96,200,true,170,170,96
1767628339616,89,200,true,170,170,89
1767628339621,85,200,true,170,170,84
1767628339610,96,200,true,170,170,96
1767628339615,91,200,true,170,170,91
1767628339611,95,200,true,170,170,95
1767628339612,94,200,true,170,170,94
1767628339613,94,200,true,170,170,94
1767628339621,86,200,true,170,170,86
1767628339550,157,200,true,170,170,157
1767628339614,94,200,true,170,170,94
1767628339616,92,200,true,170,170,92
1767628339613,95,200,true,170,170,95
1767628339613,95,200,true,170,170,95
1767628339603,106,200,true,170,170,106
1767628339614,95,200,true,170,170,95
1767628339609,100,200,true,170,170,100
1767628339705,5,200,true,170,170,5
1767628339705,5,200,true,170,170,5
1767628339705,5,200,true,170,170,5
1767628339706,5,200,true,170,170,5
1767628339706,5,200,true,170,170,5
1767628339706,6,200,true,170,170,6
1767628339706,7,200,true,170,170,7
1767628339707,6,200,true,170,170,6
1767628339707,7,200,true,170,170,7
1767628339708,6,200,true,170,170,6
1767628339702,13,200,true,170,170,13
1767628339702,13,200,true,170,170,13
1767628339703,12,200,true,170,170,12
1767628339707,12,200,true,170,170,5
1767628339622,97,200,true,170,170,97
1767628339606,118,200,true,170,170,118
1767628339602,123,200,true,170,170,123
1767628339616,109,200,true,170,170,109
1767628339607,118,200,true,170,170,117
1767628339613,112,200,true,170,170,110
1767628339606,119,200,true,170,170,118
1767628339603,122,200,true,170,170,121
1767628339602,123,200,true,170,170,123
1767628339615,111,200,true,170,170,110
1767628339713,13,200,true,170,170,13
1767628339604,122,200,true,170,170,122
1767628339621,105,200,true,170,170,105
1767628339619,108,200,true,170,170,108
1767628339605,122,200,true,170,170,122
1767628339606,121,200,true,170,170,121
1767628339607,121,200,true,170,170,121
1767628339619,109,200,true,170,170,108
1767628339607,121,200,true,170,170,121
1767628339619,109,200,true,170,170,109
1767628339726,3,200,true,170,170,3
1767628339724,5,200,true,170,170,1
1767628339727,2,200,true,170,170,2
1767628339541,189,200,true,170,170,189
1767628339614,116,200,true,170,170,116
1767628339608,122,200,true,170,170,122
1767628339608,123,200,true,170,170,123
1767628339543,189,200,true,170,170,189
1767628339548,184,200,true,170,170,184
1767628339609,123,200,true,170,170,123
1767628339611,122,200,true,170,170,122
1767628339629,104,200,true,170,170,104
1767628339608,125,200,true,170,170,125
1767628339609,124,200,true,170,170,123
1767628339609,124,200,true,170,170,123
1767628339609,124,200,true,170,170,122
1767628339610,123,200,true,170,170,123
1767628339611,123,200,true,170,170,122
1767628339630,106,200,true,170,170,106
1767628339630,106,200,true,170,170,106
1767628339630,106,200,true,170,170,105
1767628339631,105,200,true,170,170,105
1767628339553,183,200,true,170,170,183
1767628339733,3,200,true,170,170,1
1767628339628,108,200,true,170,170,108
1767628339732,4,200,true,170,170,3
1767628339601,135,200,true,170,170,135
1767628339608,129,200,true,170,170,123
1767628339551,186,200,true,170,170,186
1767628339540,197,200,true,170,170,197
1767628339632,105,200,true,170,170,105
1767628339632,106,200,true,170,170,106
1767628339610,128,200,true,170,170,128
1767628339646,93,200,true,170,170,93
1767628339605,134,200,true,170,170,134
1767628339634,107,200,true,170,170,107
1767628339738,3,200,true,170,170,3
1767628339632,110,200,true,170,170,110
1767628339651,91,200,true,170,170,91
1767628339571,172,200,true,170,170,172
1767628339568,175,200,true,170,170,175
1767628339563,180,200,true,170,170,180
1767628339563,180,200,true,170,170,180
1767628339649,94,200,true,170,170,94
1767628339653,91,200,true,170,170,91
1767628339656,88,200,true,170,170,88
1767628339662,82,200,true,170,170,82
1767628339657,87,200,true,170,170,87
1767628339658,87,200,true,170,170,87
1767628339664,82,200,true,170,170,81
1767628339654,92,200,true,170,170,91
1767628339658,88,200,true,170,170,88
1767628339663,85,200,true,170,170,85
1767628339664,85,200,true,170,170,84
1767628339655,94,200,true,170,170,94
1767628339657,92,200,true,170,170,92
1767628339733,16,200,true,170,170,16
1767628339663,87,200,true,170,170,87
1767628339661,89,200,true,170,170,89
1767628339661,89,200,true,170,170,89
1767628339663,87,200,true,170,170,87
1767628339662,88,200,true,170,170,88
1767628339663,88,200,true,170,170,88
1767628339662,89,200,true,170,170,89
1767628339655,96,200,true,170,170,96
1767628339664,87,200,true,170,170,87
1767628339665,87,200,true,170,170,87
1767628339665,87,200,true,170,170,87
1767628339665,87,200,true,170,170,87
1767628339666,87,200,true,170,170,87
1767628339658,95,200,true,170,170,95
1767628339656,97,200,true,170,170,97
1767628339663,90,200,true,170,170,90
1767628339660,94,200,true,170,170,94
1767628339658,96,200,true,170,170,96
1767628339663,91,200,true,170,170,91
1767628339663,91,200,true,170,170,91
1767628339658,96,200,true,170,170,96
1767628339670,85,200,true,170,170,85
1767628339681,74,200,true,170,170,74
1767628339680,75,200,true,170,170,75
1767628339681,74,200,true,170,170,74
1767628339681,75,200,true,170,170,75
1767628339674,82,200,true,170,170,82
1767628339681,75,200,true,170,170,75
1767628339689,67,200,true,170,170,67
1767628339682,74,200,true,170,170,74
1767628339683,73,200,true,170,170,73
1767628339682,75,200,true,170,170,75
1767628339683,74,200,true,170,170,74
1767628339675,82,200,true,170,170,82
1767628339683,74,200,true,170,170,74
1767628339736,22,200,true,170,170,22
1767628339682,76,200,true,170,170,76
1767628339682,76,200,true,170,170,76
1767628339684,74,200,true,170,170,74
1767628339678,81,200,true,170,170,81
1767628339680,79,200,true,170,170,79
1767628339684,75,200,true,170,170,75
1767628339679,80,200,true,170,170,80
1767628339680,79,200,true,170,170,79
1767628339679,81,200,true,170,170,81
1767628339678,82,200,true,170,170,82
1767628339679,81,200,true,170,170,81
1767628339680,81,200,true,170,170,80
1767628339680,81,200,true,170,170,81
1767628339683,78,200,true,170,170,78
1767628339679,82,200,true,170,170,82
1767628339689,72,200,true,170,170,72
1767628339684,78,200,true,170,170,78
1767628339689,73,200,true,170,170,73
1767628339683,79,200,true,170,170,79
1767628339689,73,200,true,170,170,73
1767628339689,74,200,true,170,170,74
1767628339690,73,200,true,170,170,73
1767628339686,77,200,true,170,170,77
1767628339691,72,200,true,170,170,72
1767628339690,73,200,true,170,170,73
1767628339688,76,200,true,170,170,76
1767628339698,66,200,true,170,170,66
1767628339695,69,200,true,170,170,69
1767628339696,68,200,true,170,170,68
1767628339695,69,200,true,170,170,69
1767628339764,1,200,true,170,170,1
1767628339708,57,200,true,170,170,57
1767628339705,61,200,true,170,170,61
1767628339707,59,200,true,170,170,59
1767628339703,63,200,true,170,170,63
1767628339703,63,200,true,170,170,63
1767628339704,63,200,true,170,170,63
1767628339704,63,200,true,170,170,63
1767628339704,63,200,true,170,170,63
1767628339708,59,200,true,170,170,59
1767628339708,60,200,true,170,170,60
1767628339709,59,200,true,170,170,59
1767628339709,59,200,true,170,170,59
1767628339709,59,200,true,170,170,59
1767628339710,59,200,true,170,170,59
1767628339710,59,200,true,170,170,59
1767628339711,58,200,true,170,170,58
1767628339599,170,200,true,170,170,170
1767628339696,73,200,true,170,170,73
1767628339712,58,200,true,170,170,58
1767628339711,59,200,true,170,170,59
1767628339704,66,200,true,170,170,66
1767628339713,57,200,true,170,170,57
1767628339714,57,200,true,170,170,57
1767628339711,60,200,true,170,170,60
1767628339714,57,200,true,170,170,57
1767628339715,56,200,true,170,170,56
1767628339715,57,200,true,170,170,57
1767628339715,57,200,true,170,170,57
1767628339605,167,200,true,170,170,167
1767628339604,168,200,true,170,170,168
1767628339731,41,200,true,170,170,41
1767628339738,34,200,true,170,170,34
1767628339737,36,200,true,170,170,36
1767628339737,36,200,true,170,170,36
1767628339570,203,200,true,170,170,203
1767628339719,54,200,true,170,170,54
1767628339745,29,200,true,170,170,29
1767628339746,28,200,true,170,170,28
1767628339726,48,200,true,170,170,48
1767628339664,110,200,true,170,170,110
1767628339600,174,200,true,170,170,174
1767628339658,117,200,true,170,170,117
1767628339719,56,200,true,170,170,56
1767628339726,49,200,true,170,170,49
1767628339736,40,200,true,170,170,40
1767628339726,50,200,true,170,170,50
1767628339737,40,200,true,170,170,40
1767628339736,41,200,true,170,170,41
1767628339725,52,200,true,170,170,52
1767628339725,52,200,true,170,170,52
1767628339725,53,200,true,170,170,53
1767628339725,53,200,true,170,170,53
1767628339725,54,200,true,170,170,54
1767628339725,54,200,true,170,170,54
1767628339729,51,200,true,170,170,51
1767628339725,55,200,true,170,170,55
1767628339727,54,200,true,170,170,54
1767628339728,53,200,true,170,170,53
1767628339729,55,200,true,170,170,55
1767628339727,59,200,true,170,170,59
1767628339736,51,200,true,170,170,51
1767628339729,58,200,true,170,170,58
1767628339728,60,200,true,170,170,60
1767628339736,53,200,true,170,170,53
1767628339749,43,200,true,170,170,43
1767628339728,65,200,true,170,170,65
1767628339728,66,200,true,170,170,66
1767628339730,65,200,true,170,170,64
1767628339730,65,200,true,170,170,65
1767628339757,38,200,true,170,170,38
1767628339762,35,200,true,170,170,35
1767628339730,67,200,true,170,170,67
1767628339737,61,200,true,170,170,61
1767628339736,63,200,true,170,170,62
1767628339736,63,200,true,170,170,63
1767628339761,38,200,true,170,170,32
1767628339732,68,200,true,170,170,68
1767628339733,67,200,true,170,170,67
1767628339732,69,200,true,170,170,69
1767628339733,71,200,true,170,170,71
1767628339795,9,200,true,170,170,9
1767628339736,68,200,true,170,170,67
1767628339770,37,200,true,170,170,37
1767628339733,74,200,true,170,170,74
1767628339734,74,200,true,170,170,74
1767628339734,75,200,true,170,170,75
1767628339736,73,200,true,170,170,72
1767628339749,60,200,true,170,170,60
1767628339755,55,200,true,170,170,55
1767628339755,56,200,true,170,170,55
1767628339764,48,200,true,170,170,47
1767628339756,56,200,true,170,170,56
1767628339773,40,200,true,170,170,40
1767628339744,70,200,true,170,170,70
1767628339755,59,200,true,170,170,59
1767628339769,46,200,true,170,170,46
1767628339769,47,200,true,170,170,47
1767628339772,44,200,true,170,170,44
1767628339756,60,200,true,170,170,60
1767628339760,57,200,true,170,170,57
1767628339770,48,200,true,170,170,48
1767628339756,63,200,true,170,170,63
1767628339764,55,200,true,170,170,55
1767628339770,50,200,true,170,170,50
1767628339771,50,200,true,170,170,50
1767628339757,65,200,true,170,170,64
1767628339743,80,200,true,170,170,79
1767628339757,67,200,true,170,170,66
1767628339761,64,200,true,170,170,64
1767628339762,64,200,true,170,170,64
1767628339760,66,200,true,170,170,66
1767628339744,83,200,true,170,170,83
1767628339733,95,200,true,170,170,95
1767628339769,59,200,true,170,170,59
1767628339762,66,200,true,170,170,66
1767628339748,81,200,true,170,170,81
1767628339777,52,200,true,170,170,52
1767628339758,73,200,true,170,170,73
1767628339800,31,200,true,170,170,31
1767628339759,73,200,true,170,170,73
1767628339773,59,200,true,170,170,59
1767628339762,73,200,true,170,170,68
1767628339758,77,200,true,170,170,77
1767628339797,40,200,true,170,170,40
1767628339777,61,200,true,170,170,61
1767628339772,67,200,true,170,170,67
1767628339800,41,200,true,170,170,41
1767628339750,91,200,true,170,170,91
1767628339763,79,200,true,170,170,79
1767628339764,79,200,true,170,170,78
1767628339764,87,200,true,170,170,87
1767628339774,77,200,true,170,170,77
1767628339743,109,200,true,170,170,109
1767628339753,100,200,true,170,170,99
1767628339745,108,200,true,170,170,108
1767628339761,93,200,true,170,170,92
1767628339771,84,200,true,170,170,84
1767628339742,114,200,true,170,170,114
1767628339784,72,200,true,170,170,71
1767628339789,68,200,true,170,170,68
1767628339788,69,200,true,170,170,69
1767628339774,85,200,true,170,170,85
1767628339767,92,200,true,170,170,87
1767628339753,106,200,true,170,170,106
1767628339765,95,200,true,170,170,95
1767628339743,117,200,true,170,170,117
1767628339799,62,200,true,170,170,62
1767628339795,66,200,true,170,170,66
1767628339767,95,200,true,170,170,95
1767628339755,109,200,true,170,170,75
1767628339756,112,200,true,170,170,112
1767628339772,97,200,true,170,170,97
1767628339828,43,200,true,170,170,43
1767628339838,35,200,true,170,170,35
1767628339767,109,200,true,170,170,109
1767628339864,16,200,true,170,170,16
1767628339853,29,200,true,170,170,29
1767628339766,119,200,true,170,170,119
1767628339768,118,200,true,170,170,118
1767628339771,115,200,true,170,170,115
1767628339771,115,200,true,170,170,115
1767628339769,117,200,true,170,170,117
1767628339749,137,200,true,170,170,137
1767628339768,119,200,true,170,170,119
1767628339773,114,200,true,170,170,114
1767628339768,119,200,true,170,170,119
1767628339774,113,200,true,170,170,113
1767628339775,113,200,true,170,170,113
1767628339816,72,200,true,170,170,72
1767628339743,145,200,true,170,170,145
1767628339814,74,200,true,170,170,74
1767628339775,114,200,true,170,170,114
1767628339758,131,200,true,170,170,131
1767628339774,115,200,true,170,170,115
1767628339823,66,200,true,170,170,66
1767628339758,131,200,true,170,170,131
1767628339739,151,200,true,170,170,151
1767628339776,114,200,true,170,170,114
1767628339741,149,200,true,170,170,149
1767628339776,114,200,true,170,170,114
1767628339749,142,200,true,170,170,142
1767628339772,119,200,true,170,170,119
1767628339777,114,200,true,170,170,114
1767628339770,121,200,true,170,170,121
1767628339746,145,200,true,170,170,145
1767628339778,113,200,true,170,170,113
1767628339779,113,200,true,170,170,113
1767628339777,115,200,true,170,170,115
1767628339779,113,200,true,170,170,113
1767628339769,123,200,true,170,170,123
1767628339780,114,200,true,170,170,114
1767628339891,3,200,true,170,170,3
1767628339889,6,200,true,170,170,6
1767628339887,8,200,true,170,170,8
1767628339886,12,200,true,170,170,12
1767628339891,8,200,true,170,170,8
1767628339891,8,200,true,170,170,8
1767628339892,7,200,true,170,170,7
1767628339778,122,200,true,170,170,122
1767628339835,68,200,true,170,170,68
1767628339898,5,200,true,170,170,5
1767628339780,123,200,true,170,170,123
1767628339743,161,200,true,170,170,161
1767628339739,165,200,true,170,170,165
1767628339891,13,200,true,170,170,9
1767628339750,156,200,true,170,170,156
1767628339900,8,200,true,170,170,8
1767628339766,144,200,true,170,170,144
1767628339904,7,200,true,170,170,7
1767628339906,7,200,true,170,170,7
1767628339750,164,200,true,170,170,158
1767628339781,134,200,true,170,170,134
1767628339910,5,200,true,170,170,5
1767628339768,147,200,true,170,170,147
1767628339766,151,200,true,170,170,151
1767628339781,136,200,true,170,170,136
1767628339751,166,200,true,170,170,166
1767628339773,145,200,true,170,170,145
1767628339752,166,200,true,170,170,166
1767628339752,166,200,true,170,170,166
1767628339759,159,200,true,170,170,159
1767628339752,166,200,true,170,170,166
1767628339752,167,200,true,170,170,167
1767628339773,146,200,true,170,170,146
1767628339751,168,200,true,170,170,168
1767628339915,4,200,true,170,170,2
1767628339759,163,200,true,170,170,163
1767628339763,161,200,true,170,170,161
1767628339753,171,200,true,170,170,171
1767628339742,183,200,true,170,170,183
1767628339924,1,200,true,170,170,1
1767628339924,2,200,true,170,170,2
1767628339925,1,200,true,170,170,1
1767628339925,2,200,true,170,170,2
1767628339926,1,200,true,170,170,1
1767628339926,1,200,true,170,170,1
1767628339754,175,200,true,170,170,175
1767628339741,188,200,true,170,170,188
1767628339793,136,200,true,170,170,136
1767628339763,166,200,true,170,170,166
1767628339798,131,200,true,170,170,131
1767628339775,155,200,true,170,170,155
1767628339807,123,200,true,170,170,123
1767628339804,126,200,true,170,170,126
1767628339801,130,200,true,170,170,129
1767628339805,126,200,true,170,170,126
1767628339804,127,200,true,170,170,127
1767628339807,124,200,true,170,170,124
1767628339808,124,200,true,170,170,123
1767628339927,5,200,true,170,170,5
1767628339929,4,200,true,170,170,4
1767628339809,124,200,true,170,170,124
1767628339809,124,200,true,170,170,124
1767628339809,125,200,true,170,170,125
1767628339810,124,200,true,170,170,124
1767628339811,123,200,true,170,170,123
1767628339812,122,200,true,170,170,122
1767628339812,122,200,true,170,170,122
1767628339756,179,200,true,170,170,179
1767628339817,118,200,true,170,170,118
1767628339756,179,200,true,170,170,179
1767628339818,117,200,true,170,170,117
1767628339759,176,200,true,170,170,176
1767628339819,117,200,true,170,170,117
1767628339819,117,200,true,170,170,117
1767628339820,116,200,true,170,170,116
1767628339763,173,200,true,170,170,173
1767628339774,163,200,true,170,170,163
1767628339825,112,200,true,170,170,112
1767628339746,191,200,true,170,170,191
1767628339822,115,200,true,170,170,115
1767628339765,173,200,true,170,170,173
1767628339816,122,200,true,170,170,122
1767628339821,117,200,true,170,170,117
1767628339813,125,200,true,170,170,125
1767628339815,123,200,true,170,170,123
1767628339937,7,200,true,170,170,7
1767628339797,148,200,true,170,170,148
1767628339799,147,200,true,170,170,147
1767628339934,12,200,true,170,170,12
1767628339935,14,200,true,170,170,14
1767628339946,6,200,true,170,170,6
1767628339761,192,200,true,170,170,188
1767628339786,167,200,true,170,170,167
1767628339761,192,200,true,170,170,192
1767628339792,161,200,true,170,170,161
1767628339787,167,200,true,170,170,167
1767628339766,188,200,true,170,170,188
1767628339754,200,200,true,170,170,200
1767628339757,197,200,true,170,170,197
1767628339744,210,200,true,170,170,210
1767628339799,156,200,true,170,170,156
1767628339759,196,200,true,170,170,196
1767628339796,159,200,true,170,170,159
1767628339751,208,200,true,170,170,208
1767628339794,166,200,true,170,170,166
1767628339816,144,200,true,170,170,144
1767628339814,146,200,true,170,170,146
1767628339760,200,200,true,170,170,200
1767628339787,173,200,true,170,170,173
1767628339763,197,200,true,170,170,196
1767628339753,208,200,true,170,170,206
1767628339767,196,200,true,170,170,196
1767628339754,209,200,true,170,170,209
1767628339754,210,200,true,170,170,210
1767628339751,214,200,true,170,170,214
1767628339824,141,200,true,170,170,141
1767628339826,139,200,true,170,170,139
1767628339826,139,200,true,170,170,139
1767628339827,138,200,true,170,170,138
1767628339828,138,200,true,170,170,138
1767628339828,138,200,true,170,170,138
1767628339829,137,200,true,170,170,137
1767628339965,4,200,true,170,170,4
1767628339829,140,200,true,170,170,140
1767628339862,107,200,true,170,170,107
1767628339969,1,200,true,170,170,1
1767628339969,1,200,true,170,170,1
1767628339969,2,200,true,170,170,2
1767628339970,1,200,true,170,170,1
1767628339971,0,200,true,170,170,0
1767628339860,113,200,true,170,170,113
1767628339856,117,200,true,170,170,117
1767628339855,118,200,true,170,170,118
1767628339841,132,200,true,170,170,132
1767628339831,143,200,true,170,170,143
1767628339840,134,200,true,170,170,134
1767628339973,1,200,true,170,170,1
1767628339973,2,200,true,170,170,2
1767628339973,2,200,true,170,170,2
1767628339973,3,200,true,170,170,3
1767628339974,2,200,true,170,170,2
1767628339974,3,200,true,170,170,3
1767628339974,3,200,true,170,170,3
1767628339975,3,200,true,170,170,3
1767628339975,3,200,true,170,170,3
1767628339976,3,200,true,170,170,3
1767628339976,3,200,true,170,170,3
1767628339977,2,200,true,170,170,2
1767628339856,125,200,true,170,170,125
1767628339860,121,200,true,170,170,121
1767628339977,4,200,true,170,170,4
1767628339832,150,200,true,170,170,150
1767628339854,128,200,true,170,170,128
1767628339858,124,200,true,170,170,124
1767628339861,121,200,true,170,170,121
1767628339835,148,200,true,170,170,148
1767628339851,132,200,true,170,170,132
1767628339861,125,200,true,170,170,125
1767628339852,134,200,true,170,170,134
1767628339841,145,200,true,170,170,145
1767628339831,155,200,true,170,170,155
1767628339832,155,200,true,170,170,155
1767628339843,144,200,true,170,170,144
1767628339859,128,200,true,170,170,128
1767628339837,150,200,true,170,170,150
1767628339857,131,200,true,170,170,131
1767628339859,129,200,true,170,170,129
1767628339859,129,200,true,170,170,129
1767628339842,146,200,true,170,170,146
1767628339868,120,200,true,170,170,120
1767628339854,135,200,true,170,170,135
1767628339869,120,200,true,170,170,120
1767628339873,116,200,true,170,170,116
1767628339871,118,200,true,170,170,118
1767628339880,110,200,true,170,170,110
1767628339876,114,200,true,170,170,114
1767628339888,102,200,true,170,170,102
1767628339889,101,200,true,170,170,101
1767628339886,105,200,true,170,170,105
1767628339885,106,200,true,170,170,106
1767628339886,105,200,true,170,170,105
1767628339889,102,200,true,170,170,102
1767628339886,106,200,true,170,170,106
1767628339988,5,200,true,170,170,5
1767628339889,104,200,true,170,170,104
1767628339888,105,200,true,170,170,105
1767628339888,106,200,true,170,170,106
1767628339887,107,200,true,170,170,107
1767628339887,107,200,true,170,170,107
1767628339889,105,200,true,170,170,105
1767628339887,108,200,true,170,170,108
1767628339890,105,200,true,170,170,105
1767628339890,105,200,true,170,170,105
1767628339890,105,200,true,170,170,105
1767628339891,104,200,true,170,170,104
1767628339890,106,200,true,170,170,106
1767628339891,105,200,true,170,170,105
1767628339892,104,200,true,170,170,104
1767628339892,104,200,true,170,170,104
1767628339886,110,200,true,170,170,110
1767628339883,114,200,true,170,170,114
1767628339892,105,200,true,170,170,105
1767628339894,103,200,true,170,170,103
1767628339894,103,200,true,170,170,103
1767628339895,103,200,true,170,170,102
1767628339895,103,200,true,170,170,103
1767628339772,226,200,true,170,170,226
1767628339903,95,200,true,170,170,95
1767628339903,95,200,true,170,170,95
1767628339899,100,200,true,170,170,100
1767628339899,100,200,true,170,170,100
1767628339900,99,200,true,170,170,99
1767628339903,96,200,true,170,170,96
1767628339904,95,200,true,170,170,95
1767628339904,96,200,true,170,170,96
1767628339908,92,200,true,170,170,92
1767628339911,89,200,true,170,170,89
1767628339913,87,200,true,170,170,87
1767628339914,87,200,true,170,170,87
1767628339750,251,200,true,170,170,251
1767628339917,84,200,true,170,170,84
1767628339915,86,200,true,170,170,86
1767628339915,86,200,true,170,170,86
1767628339917,85,200,true,170,170,85
1767628339917,85,200,true,170,170,85
1767628339918,84,200,true,170,170,84
1767628339918,84,200,true,170,170,84
1767628339918,85,200,true,170,170,85
1767628339918,85,200,true,170,170,85
1767628339918,85,200,true,170,170,85
1767628339919,84,200,true,170,170,84
1767628339919,84,200,true,170,170,84
1767628339919,84,200,true,170,170,84
1767628339922,82,200,true,170,170,82
1767628339919,85,200,true,170,170,85
1767628339927,77,200,true,170,170,77
1767628339930,74,200,true,170,170,74
1767628339929,76,200,true,170,170,76
1767628339930,75,200,true,170,170,75
1767628339930,75,200,true,170,170,75
1767628339931,74,200,true,170,170,74
1767628339927,78,200,true,170,170,78
1767628339931,75,200,true,170,170,75
1767628339931,75,200,true,170,170,75
1767628339931,75,200,true,170,170,75
1767628339930,76,200,true,170,170,76
1767628339929,78,200,true,170,170,78
1767628339929,78,200,true,170,170,78
1767628339935,72,200,true,170,170,72
1767628339937,70,200,true,170,170,70
1767628339934,74,200,true,170,170,74
1767628339934,74,200,true,170,170,74
1767628339934,74,200,true,170,170,74
1767628339938,70,200,true,170,170,70
1767628339939,69,200,true,170,170,69
1767628339935,74,200,true,170,170,74
1767628339936,73,200,true,170,170,73
1767628339938,71,200,true,170,170,71
1767628339936,73,200,true,170,170,73
1767628339937,73,200,true,170,170,73
1767628339937,73,200,true,170,170,73
1767628339934,76,200,true,170,170,76
1767628339938,72,200,true,170,170,72
1767628339936,74,200,true,170,170,74
1767628339936,75,200,true,170,170,75
1767628339754,257,200,true,170,170,257
1767628339935,76,200,true,170,170,76
1767628339938,73,200,true,170,170,73
1767628339935,76,200,true,170,170,76
1767628339932,80,200,true,170,170,80
1767628339933,79,200,true,170,170,79
1767628339933,79,200,true,170,170,79
1767628339933,79,200,true,170,170,79
1767628339932,80,200,true,170,170,80
1767628339944,69,200,true,170,170,69
1767628339945,68,200,true,170,170,68
1767628339949,64,200,true,170,170,64
1767628339952,61,200,true,170,170,61
1767628339953,61,200,true,170,170,61
1767628339953,61,200,true,170,170,61
1767628339953,61,200,true,170,170,61
1767628339954,60,200,true,170,170,60
1767628339954,60,200,true,170,170,60
1767628339954,61,200,true,170,170,61
1767628339955,60,200,true,170,170,60
1767628339955,60,200,true,170,170,60
1767628339954,61,200,true,170,170,61
1767628339954,61,200,true,170,170,61
1767628339953,63,200,true,170,170,63
1767628339955,61,200,true,170,170,61
1767628339959,57,200,true,170,170,57
1767628339960,57,200,true,170,170,56
1767628339960,57,200,true,170,170,57
1767628339960,57,200,true,170,170,57
1767628339961,56,200,true,170,170,56
1767628339960,57,200,true,170,170,57
1767628339960,58,200,true,170,170,58
1767628339960,58,200,true,170,170,58
1767628339963,55,200,true,170,170,55
1767628339963,55,200,true,170,170,55
1767628339965,53,200,true,170,170,53
1767628339964,55,200,true,170,170,55
1767628339965,54,200,true,170,170,54
1767628339965,54,200,true,170,170,54
1767628339965,54,200,true,170,170,54
1767628339966,53,200,true,170,170,53
1767628339966,54,200,true,170,170,54
1767628339966,54,200,true,170,170,54
1767628339971,49,200,true,170,170,49
1767628339972,49,200,true,170,170,49
1767628339851,170,200,true,170,170,170
1767628339978,43,200,true,170,170,43
1767628339979,42,200,true,170,170,42
1767628339978,43,200,true,170,170,43
1767628339979,43,200,true,170,170,43
1767628339981,41,200,true,170,170,41
1767628339983,39,200,true,170,170,39
1767628339970,52,200,true,170,170,52
1767628339946,76,200,true,170,170,76
1767628339981,42,200,true,170,170,42
1767628339982,41,200,true,170,170,41
1767628339981,42,200,true,170,170,42
1767628339982,41,200,true,170,170,41
1767628339982,41,200,true,170,170,41
1767628339983,41,200,true,170,170,41
1767628339988,36,200,true,170,170,36
1767628339986,38,200,true,170,170,38
1767628339990,34,200,true,170,170,34
1767628339888,136,200,true,170,170,136
1767628339980,45,200,true,170,170,45
1767628340024,1,200,true,170,170,1
1767628339983,42,200,true,170,170,42
1767628339990,36,200,true,170,170,36
1767628339986,40,200,true,170,170,40
1767628339987,40,200,true,170,170,40
1767628339991,36,200,true,170,170,36
1767628339988,40,200,true,170,170,40
1767628339990,38,200,true,170,170,38
1767628339991,37,200,true,170,170,37
1767628339992,37,200,true,170,170,37
1767628339991,38,200,true,170,170,38
1767628339991,38,200,true,170,170,38
1767628339990,39,200,true,170,170,39
1767628339989,40,200,true,170,170,40
1767628339987,43,200,true,170,170,43
1767628339989,41,200,true,170,170,41
1767628339988,42,200,true,170,170,42
1767628339987,44,200,true,170,170,44
1767628339988,47,200,true,170,170,47
1767628339988,47,200,true,170,170,47
1767628340013,22,200,true,170,170,22
1767628339987,49,200,true,170,170,49
1767628339993,44,200,true,170,170,44
1767628340008,31,200,true,170,170,31
1767628340023,19,200,true,170,170,19
1767628339999,46,200,true,170,170,46
1767628339989,60,200,true,170,170,60
1767628339989,64,200,true,170,170,64
1767628340007,48,200,true,170,170,48
1767628339986,70,200,true,170,170,70
1767628340002,54,200,true,170,170,54
1767628340021,38,200,true,170,170,38
1767628340018,49,200,true,170,170,49
1767628340011,56,200,true,170,170,56
1767628340012,55,200,true,170,170,55
1767628340022,52,200,true,170,170,52
1767628340021,54,200,true,170,170,54
1767628340022,53,200,true,170,170,53
1767628340008,67,200,true,170,170,67
1767628340014,61,200,true,170,170,61
1767628340008,67,200,true,170,170,67
1767628340008,67,200,true,170,170,67
1767628340020,56,200,true,170,170,56
1767628340007,69,200,true,170,170,69
1767628340007,69,200,true,170,170,69
1767628340008,69,200,true,170,170,69
1767628340026,51,200,true,170,170,51
1767628340009,69,200,true,170,170,69
1767628340017,61,200,true,170,170,61
1767628339997,82,200,true,170,170,82
1767628340017,62,200,true,170,170,62
1767628340025,54,200,true,170,170,54
1767628340031,48,200,true,170,170,48
1767628339998,85,200,true,170,170,85
1767628340002,81,200,true,170,170,81
1767628340000,83,200,true,170,170,83
1767628340015,69,200,true,170,170,69
1767628340023,61,200,true,170,170,61
1767628340005,79,200,true,170,170,79
1767628340001,83,200,true,170,170,83
1767628340006,78,200,true,170,170,78
1767628340016,68,200,true,170,170,68
1767628340023,61,200,true,170,170,61
1767628340015,69,200,true,170,170,69
1767628340005,79,200,true,170,170,79
1767628340012,73,200,true,170,170,73
1767628340001,84,200,true,170,170,84
1767628340010,75,200,true,170,170,75
1767628340010,75,200,true,170,170,75
1767628340006,79,200,true,170,170,79
1767628340002,83,200,true,170,170,83
1767628340015,70,200,true,170,170,70
1767628340022,63,200,true,170,170,63
1767628340018,68,200,true,170,170,67
1767628340007,79,200,true,170,170,78
1767628340018,68,200,true,170,170,68
1767628340000,86,200,true,170,170,86
1767628340012,74,200,true,170,170,73
1767628340014,72,200,true,170,170,72
1767628339996,90,200,true,170,170,90
1767628340000,86,200,true,170,170,85
1767628340001,85,200,true,170,170,84
1767628340011,75,200,true,170,170,74
1767628339998,89,200,true,170,170,87
1767628340016,75,200,true,170,170,73
1767628339996,96,200,true,170,170,96
1767628340076,16,200,true,170,170,16
1767628340025,68,200,true,170,170,68
1767628340024,69,200,true,170,170,69
1767628339994,99,200,true,170,170,94
1767628340011,83,200,true,170,170,83
1767628340078,16,200,true,170,170,16
1767628340011,83,200,true,170,170,73
1767628340022,73,200,true,170,170,73
1767628340014,81,200,true,170,170,81
1767628340009,87,200,true,170,170,87
1767628340009,87,200,true,170,170,87
1767628340028,69,200,true,170,170,68
1767628340085,12,200,true,170,170,12
1767628340010,89,200,true,170,170,89
1767628340067,32,200,true,170,170,32
1767628340045,54,200,true,170,170,54
1767628340059,44,200,true,170,170,44
1767628340029,74,200,true,170,170,74
1767628340085,18,200,true,170,170,18
1767628340030,76,200,true,170,170,76
1767628340086,20,200,true,170,170,20
1767628340079,30,200,true,170,170,30
1767628340086,23,200,true,170,170,23
1767628340084,26,200,true,170,170,26
1767628340086,27,200,true,170,170,27
1767628340094,19,200,true,170,170,19
1767628340094,22,200,true,170,170,22
1767628340099,17,200,true,170,170,17
1767628340110,9,200,true,170,170,9
1767628340103,16,200,true,170,170,16
1767628340113,6,200,true,170,170,6
1767628340026,94,200,true,170,170,94
1767628340006,114,200,true,170,170,114
1767628340027,93,200,true,170,170,93
1767628340005,118,200,true,170,170,118
1767628340013,110,200,true,170,170,110
1767628339993,130,200,true,170,170,130
1767628340123,1,200,true,170,170,1
1767628340024,100,200,true,170,170,100
1767628340123,2,200,true,170,170,2
1767628340124,1,200,true,170,170,1
1767628340124,1,200,true,170,170,1
1767628340125,1,200,true,170,170,1
1767628340125,1,200,true,170,170,1
1767628340125,2,200,true,170,170,2
1767628340126,1,200,true,170,170,1
1767628339998,130,200,true,170,170,130
1767628340127,2,200,true,170,170,2
1767628340127,2,200,true,170,170,2
1767628340128,1,200,true,170,170,1
1767628340129,1,200,true,170,170,1
1767628340129,1,200,true,170,170,1
1767628340129,2,200,true,170,170,2
1767628340130,1,200,true,170,170,1
1767628340130,2,200,true,170,170,2
1767628340020,112,200,true,170,170,112
1767628340126,7,200,true,170,170,7
1767628340113,20,200,true,170,170,20
1767628340007,129,200,true,170,170,129
1767628339993,143,200,true,170,170,143
1767628340005,132,200,true,170,170,132
1767628340024,113,200,true,170,170,112
1767628340003,134,200,true,170,170,134
1767628340004,133,200,true,170,170,133
1767628340123,15,200,true,170,170,15
1767628340136,2,200,true,170,170,2
1767628340137,4,200,true,170,170,4
1767628340004,139,200,true,170,170,139
1767628340011,133,200,true,170,170,133
1767628340020,124,200,true,170,170,124
1767628340023,122,200,true,170,170,122
1767628340019,126,200,true,170,170,125
1767628340014,131,200,true,170,170,131
1767628340000,146,200,true,170,170,143
1767628340003,143,200,true,170,170,143
1767628340017,132,200,true,170,170,132
1767628339997,153,200,true,170,170,153
1767628339995,155,200,true,170,170,155
1767628340004,146,200,true,170,170,146
1767628339999,151,200,true,170,170,151
1767628339995,155,200,true,170,170,155
1767628340022,129,200,true,170,170,129
1767628340027,124,200,true,170,170,120
1767628340003,148,200,true,170,170,144
1767628340017,135,200,true,170,170,135
1767628339995,158,200,true,170,170,158
1767628339996,157,200,true,170,170,157
1767628340012,141,200,true,170,170,140
1767628340004,149,200,true,170,170,142
1767628339994,160,200,true,170,170,160
1767628340150,4,200,true,170,170,4
1767628340021,135,200,true,170,170,135
1767628340003,154,200,true,170,170,152
1767628340150,7,200,true,170,170,7
1767628340019,140,200,true,170,170,140
1767628340012,148,200,true,170,170,148
1767628340019,141,200,true,170,170,140
1767628340024,136,200,true,170,170,135
1767628340018,142,200,true,170,170,141
1767628340005,159,200,true,170,170,159
1767628339994,170,200,true,170,170,170
1767628339994,170,200,true,170,170,170
1767628340016,148,200,true,170,170,148
1767628339998,167,200,true,170,170,167
1767628340028,137,200,true,170,170,137
1767628340019,146,200,true,170,170,146
1767628340021,144,200,true,170,170,144
1767628340015,150,200,true,170,170,150
1767628340013,152,200,true,170,170,152
1767628339999,166,200,true,170,170,166
1767628340017,148,200,true,170,170,148
1767628339995,170,200,true,170,170,170
1767628339996,169,200,true,170,170,169
1767628340016,150,200,true,170,170,150
1767628340021,145,200,true,170,170,145
1767628339997,169,200,true,170,170,169
1767628340001,165,200,true,170,170,165
1767628340013,153,200,true,170,170,153
1767628340018,148,200,true,170,170,143
1767628339996,170,200,true,170,170,166
1767628340001,166,200,true,170,170,155
1767628339999,168,200,true,170,170,157
1767628340025,143,200,true,170,170,141
1767628340003,165,200,true,170,170,153
1767628340003,166,200,true,170,170,164
1767628340010,159,200,true,170,170,159
1767628339998,172,200,true,170,170,171
1767628340023,148,200,true,170,170,145
1767628340151,27,200,true,170,170,27
1767628340165,14,200,true,170,170,13
1767628340086,94,200,true,170,170,94
1767628340166,14,200,true,170,170,14
1767628340084,96,200,true,170,170,96
1767628340164,17,200,true,170,170,17
1767628340165,16,200,true,170,170,16
1767628340165,17,200,true,170,170,17
1767628340166,16,200,true,170,170,16
1767628340154,29,200,true,170,170,29
1767628340166,17,200,true,170,170,17
1767628340167,17,200,true,170,170,17
1767628340164,20,200,true,170,170,20
1767628340166,19,200,true,170,170,19
1767628340164,21,200,true,170,170,21
1767628340156,30,200,true,170,170,30
1767628340165,21,200,true,170,170,21
1767628340165,21,200,true,170,170,21
1767628340164,23,200,true,170,170,23
1767628340169,18,200,true,170,170,18
1767628340166,22,200,true,170,170,22
1767628340035,153,200,true,170,170,153
1767628340168,20,200,true,170,170,20
1767628340160,29,200,true,170,170,29
1767628340165,24,200,true,170,170,24
1767628340166,24,200,true,170,170,24
1767628340165,25,200,true,170,170,25
1767628340179,12,200,true,170,170,12
1767628340178,13,200,true,170,170,13
1767628340180,12,200,true,170,170,12
1767628340076,116,200,true,170,170,116
1767628340181,12,200,true,170,170,12
1767628340181,12,200,true,170,170,12
1767628340182,11,200,true,170,170,11
1767628340182,12,200,true,170,170,12
1767628340183,11,200,true,170,170,11
1767628340183,12,200,true,170,170,12
1767628340184,11,200,true,170,170,11
1767628340184,12,200,true,170,170,12
1767628340076,120,200,true,170,170,120
1767628340185,11,200,true,170,170,11
1767628340186,11,200,true,170,170,11
1767628340186,12,200,true,169,169,12
1767628340186,12,200,true,169,169,12
1767628340187,11,200,true,169,169,11
1767628340187,12,200,true,169,169,12
1767628340188,11,200,true,169,169,11
1767628340188,12,200,true,169,169,12
1767628340075,125,200,true,169,169,125
1767628340189,12,200,true,169,169,12
1767628340189,12,200,true,169,169,12
1767628340190,12,200,true,169,169,12
1767628340190,12,200,true,169,169,12
1767628340191,11,200,true,169,169,11
1767628340191,12,200,true,169,169,12
1767628340192,11,200,true,169,169,11
1767628340192,12,200,true,169,169,12
1767628340076,128,200,true,169,169,128
1767628340193,11,200,true,169,169,11
1767628340193,12,200,true,169,169,12
1767628340194,11,200,true,168,168,11
1767628340194,12,200,true,168,168,12
1767628340195,11,200,true,168,168,11
1767628340195,12,200,true,168,168,12
1767628340196,11,200,true,168,168,11
1767628340197,11,200,true,168,168,11
1767628340075,133,200,true,168,168,133
1767628340198,11,200,true,168,168,11
1767628340198,11,200,true,168,168,11
1767628340198,12,200,true,168,168,12
1767628340199,11,200,true,168,168,11
1767628340199,12,200,true,168,168,12
1767628340200,11,200,true,168,168,11
1767628340200,11,200,true,168,168,11
1767628340075,137,200,true,168,168,137
1767628340201,11,200,true,167,167,11
1767628340202,11,200,true,167,167,11
1767628340202,11,200,true,167,167,11
1767628340202,12,200,true,167,167,12
1767628340203,11,200,true,167,167,11
1767628340203,12,200,true,167,167,12
1767628340204,11,200,true,167,167,11
1767628340204,12,200,true,167,167,11
1767628340201,15,200,true,167,167,11
1767628340075,141,200,true,167,167,141
1767628340206,11,200,true,166,166,11
1767628340207,10,200,true,166,166,10
1767628340207,11,200,true,166,166,11
1767628340208,10,200,true,166,166,10
1767628340205,14,200,true,166,166,14
1767628340208,11,200,true,166,166,11
1767628340209,11,200,true,165,165,11
1767628340039,182,200,true,165,165,182
1767628340077,144,200,true,165,165,144
1767628340077,144,200,true,164,164,144
1767628340210,12,200,true,164,164,12
1767628340211,11,200,true,164,164,11
1767628340211,12,200,true,163,163,12
1767628340211,12,200,true,163,163,12
1767628340213,11,200,true,162,162,11
1767628340086,138,200,true,162,162,138
1767628340213,11,200,true,162,162,11
1767628340214,11,200,true,162,162,11
1767628340214,11,200,true,162,162,11
1767628340215,11,200,true,162,162,11
1767628340215,11,200,true,162,162,11
1767628340216,11,200,true,162,162,11
1767628340216,11,200,true,162,162,11
1767628340217,11,200,true,162,162,11
1767628340210,18,200,true,162,162,11
1767628340085,149,200,true,162,162,149
1767628340221,13,200,true,162,162,13
1767628340223,11,200,true,162,162,11
1767628340224,11,200,true,162,162,11
1767628340225,10,200,true,162,162,10
1767628340213,24,200,true,162,162,11
1767628340209,28,200,true,162,162,11
1767628340087,151,200,true,162,162,151
1767628340042,196,200,true,162,162,196
1767628340085,153,200,true,162,162,153
1767628340079,160,200,true,162,162,160
1767628340028,216,200,true,160,160,216
1767628340029,216,200,true,160,160,216
1767628340235,11,200,true,160,160,11
1767628340029,218,200,true,160,160,218
1767628340029,218,200,true,160,160,218
1767628340084,165,200,true,158,158,165
1767628340083,166,200,true,158,158,166
1767628340086,163,200,true,158,158,163
1767628340083,166,200,true,156,156,165
1767628340055,194,200,true,156,156,193
1767628340086,163,200,true,156,156,161
1767628340084,167,200,true,154,154,167
1767628340030,221,200,true,154,154,221
1767628340084,167,200,true,153,153,167
1767628340067,184,200,true,153,153,184
1767628340074,182,200,true,152,152,182
1767628340078,178,200,true,152,152,178
1767628340079,177,200,true,152,152,177
1767628340083,173,200,true,152,152,173
1767628340031,225,200,true,152,152,225
1767628340035,221,200,true,152,152,221
1767628340085,171,200,true,152,152,171
1767628340084,172,200,true,152,152,172
1767628340053,206,200,true,150,150,206
1767628340084,175,200,true,150,150,175
1767628340086,173,200,true,150,150,173
1767628340259,1,200,true,148,148,1
1767628340079,181,200,true,148,148,181
1767628340260,0,200,true,148,148,0
1767628340260,1,200,true,148,148,1
1767628340260,1,200,true,148,148,1
1767628340261,1,200,true,148,148,1
1767628340261,1,200,true,148,148,1
1767628340262,1,200,true,148,148,1
1767628340262,1,200,true,148,148,1
1767628340263,1,200,true,148,148,1
1767628340264,0,200,true,148,148,0
1767628340264,1,200,true,148,148,1
1767628340035,230,200,true,148,148,230
1767628340067,198,200,true,148,148,198
1767628340036,230,200,true,148,148,230
1767628340085,181,200,true,148,148,181
1767628340049,217,200,true,147,147,217
1767628340091,175,200,true,146,146,175
1767628340092,174,200,true,146,146,174
1767628340084,183,200,true,146,146,183
1767628340092,175,200,true,145,145,175
1767628340093,175,200,true,144,144,175
1767628340093,175,200,true,144,144,175
1767628340093,176,200,true,143,143,175
1767628340256,13,200,true,143,143,13
1767628340094,175,200,true,143,143,175
1767628340095,175,200,true,142,142,175
1767628340095,175,200,true,142,142,175
1767628340097,176,200,true,140,140,175
1767628340265,8,200,true,139,139,8
1767628340266,7,200,true,139,139,7
1767628340266,8,200,true,139,139,8
1767628340266,8,200,true,139,139,8
1767628340273,2,200,true,139,139,2
1767628340273,2,200,true,139,139,2
1767628340274,2,200,true,139,139,2
1767628340099,177,200,true,139,139,177
1767628340275,1,200,true,138,138,1
1767628340275,2,200,true,138,138,2
1767628340276,1,200,true,138,138,1
1767628340276,2,200,true,138,138,2
1767628340277,1,200,true,138,138,1
1767628340277,2,200,true,138,138,2
1767628340278,1,200,true,138,138,1
1767628340278,1,200,true,138,138,1
1767628340279,1,200,true,138,138,1
1767628340099,181,200,true,138,138,181
1767628340279,1,200,true,137,137,1
1767628340279,2,200,true,137,137,2
1767628340280,1,200,true,137,137,1
1767628340281,1,200,true,137,137,1
1767628340281,1,200,true,137,137,1
1767628340282,1,200,true,137,137,1
1767628340282,1,200,true,137,137,1
1767628340283,0,200,true,137,137,0
1767628340103,181,200,true,137,137,181
1767628340284,0,200,true,136,136,0
1767628340103,182,200,true,136,136,182
1767628340106,179,200,true,136,136,179
1767628340106,179,200,true,135,135,179
1767628340109,176,200,true,133,133,176
1767628340284,2,200,true,132,132,2
1767628340109,177,200,true,132,132,177
1767628340116,171,200,true,131,131,171
1767628340116,171,200,true,131,131,171
1767628340286,1,200,true,130,130,1
1767628340287,1,200,true,130,130,1
1767628340120,168,200,true,130,130,168
1767628340119,169,200,true,129,129,169
1767628340288,1,200,true,128,128,1
1767628340120,169,200,true,128,128,169
1767628340119,170,200,true,127,127,170
1767628340289,1,200,true,126,126,1
1767628340119,171,200,true,126,126,171
1767628340120,171,200,true,126,126,170
1767628340290,1,200,true,125,125,1
1767628340290,1,200,true,125,125,1
1767628340131,161,200,true,125,125,161
1767628340291,2,200,true,124,124,2
1767628340097,196,200,true,124,124,196
1767628340293,0,200,true,123,123,0
1767628340287,7,200,true,123,123,7
1767628340293,1,200,true,123,123,1
1767628340294,1,200,true,123,123,1
1767628340295,0,200,true,123,123,0
1767628340294,2,200,true,123,123,2
1767628340291,5,200,true,123,123,1
1767628340056,241,200,true,123,123,241
1767628340133,165,200,true,123,123,164
1767628340132,166,200,true,123,123,165
1767628340132,166,200,true,123,123,166
1767628340133,165,200,true,120,120,165
1767628340137,161,200,true,120,120,161
1767628340138,161,200,true,119,119,161
1767628340145,155,200,true,119,119,155
1767628340143,157,200,true,119,119,157
1767628340138,162,200,true,119,119,162
1767628340141,159,200,true,119,119,159
1767628340137,164,200,true,116,116,162
1767628340137,164,200,true,116,116,162
1767628340136,165,200,true,116,116,165
1767628340146,155,200,true,115,115,155
1767628340146,155,200,true,113,113,155
1767628340144,158,200,true,112,112,158
1767628340131,171,200,true,112,112,171
1767628340274,28,200,true,111,111,28
1767628340149,153,200,true,111,111,153
1767628340014,289,200,true,111,111,289
1767628340019,284,200,true,111,111,284
1767628339995,309,200,true,111,111,309
1767628339997,307,200,true,111,111,307
1767628340157,148,200,true,110,110,148
1767628340159,146,200,true,110,110,145
1767628340002,303,200,true,110,110,302
1767628340160,145,200,true,107,107,145
1767628340152,153,200,true,107,107,153
1767628340011,295,200,true,106,106,295
1767628340160,147,200,true,106,106,147
1767628340153,154,200,true,106,106,154
1767628340167,140,200,true,106,106,140
1767628340145,162,200,true,106,106,161
1767628340153,154,200,true,106,106,153
1767628340144,163,200,true,105,105,162
1767628340086,221,200,true,104,104,220
1767628340000,308,200,true,103,103,308
1767628340154,154,200,true,103,103,154
1767628340283,25,200,true,102,102,25
1767628340168,140,200,true,101,101,140
1767628340170,139,200,true,101,101,139
1767628340171,138,200,true,100,100,138
1767628340296,13,200,true,100,100,13
1767628340169,140,200,true,100,100,140
1767628340157,152,200,true,99,99,152
1767628340009,300,200,true,99,99,300
1767628340151,158,200,true,98,98,158
1767628340153,157,200,true,97,97,157
1767628340150,160,200,true,96,96,160
1767628340153,157,200,true,95,95,157
1767628340166,144,200,true,94,94,144
1767628340165,146,200,true,93,93,146
1767628340160,151,200,true,93,93,151
1767628340151,160,200,true,93,93,160
1767628340150,161,200,true,92,92,161
1767628340180,132,200,true,91,91,132
1767628340166,146,200,true,90,90,146
1767628340150,162,200,true,90,90,153
1767628340056,256,200,true,89,89,256
1767628340180,133,200,true,88,88,133
1767628340185,128,200,true,87,87,128
1767628340193,120,200,true,87,87,120
1767628340296,18,200,true,86,86,18
1767628340037,279,200,true,86,86,279
1767628340218,104,200,true,86,86,104
1767628340189,134,200,true,85,85,134
1767628340206,118,200,true,84,84,118
1767628340313,12,200,true,84,84,12
1767628340302,23,200,true,84,84,23
1767628340218,107,200,true,84,84,107
1767628340299,27,200,true,83,83,26
1767628340307,19,200,true,83,83,19
1767628340308,18,200,true,83,83,18
1767628340311,15,200,true,83,83,15
1767628340312,15,200,true,83,83,15
1767628340314,13,200,true,83,83,13
1767628340307,20,200,true,83,83,20
1767628340302,25,200,true,83,83,25
1767628340303,25,200,true,83,83,25
1767628340316,12,200,true,83,83,12
1767628340311,17,200,true,83,83,17
1767628340303,26,200,true,83,83,26
1767628340226,103,200,true,83,83,103
1767628340226,103,200,true,83,83,103
1767628340227,102,200,true,83,83,102
1767628340225,104,200,true,83,83,104
1767628340222,108,200,true,81,81,108
1767628340227,103,200,true,80,80,103
1767628340205,125,200,true,80,80,125
1767628340307,23,200,true,79,79,23
1767628340224,107,200,true,79,79,107
1767628340220,111,200,true,79,79,111
1767628340224,107,200,true,78,78,107
1767628340221,110,200,true,77,77,110
1767628340219,114,200,true,76,76,114
1767628340327,8,200,true,76,76,8
1767628340329,9,200,true,76,76,9
1767628340075,264,200,true,76,76,264
1767628340228,111,200,true,76,76,111
1767628340096,244,200,true,75,75,244
1767628340029,311,200,true,75,75,310
1767628340238,105,200,true,73,73,105
1767628340228,115,200,true,73,73,115
1767628340237,106,200,true,72,72,106
1767628340244,99,200,true,71,71,99
1767628340245,99,200,true,70,70,98
1767628340237,107,200,true,70,70,107
1767628340246,98,200,true,70,70,98
1767628340085,259,200,true,69,69,259
1767628340239,105,200,true,68,68,105
1767628340235,109,200,true,68,68,109
1767628340086,259,200,true,67,67,259
1767628340249,96,200,true,67,67,96
1767628340085,260,200,true,67,67,260
1767628340249,96,200,true,65,65,96
1767628340251,94,200,true,64,64,94
1767628340251,95,200,true,63,63,95
1767628340084,262,200,true,63,63,262
1767628340256,90,200,true,62,62,90
1767628340256,90,200,true,62,62,90
1767628340256,90,200,true,61,61,90
1767628340256,91,200,true,60,60,91
1767628340256,91,200,true,60,60,91
1767628340234,113,200,true,60,60,113
1767628340269,78,200,true,60,60,78
1767628340268,79,200,true,60,60,79
1767628340267,81,200,true,60,60,81
1767628340269,79,200,true,59,59,79
1767628340096,252,200,true,58,58,252
1767628340265,83,200,true,57,57,83
1767628340295,53,200,true,57,57,53
1767628340306,43,200,true,56,56,43
1767628340145,204,200,true,56,56,204
1767628340302,47,200,true,55,55,47
1767628340304,45,200,true,55,55,45
1767628340309,40,200,true,54,54,40
1767628340309,41,200,true,53,53,41
1767628340301,49,200,true,53,53,49
1767628340310,40,200,true,53,53,40
1767628340309,41,200,true,53,53,41
1767628340308,43,200,true,53,53,43
1767628340301,50,200,true,53,53,50
1767628340306,45,200,true,53,53,45
1767628340197,154,200,true,52,52,154
1767628340298,53,200,true,52,52,53
1767628340297,54,200,true,50,50,54
1767628340328,24,200,true,50,50,24
1767628340217,135,200,true,50,50,135
1767628340280,72,200,true,50,50,72
1767628340327,25,200,true,48,48,25
1767628340349,4,200,true,48,48,4
1767628340347,6,200,true,48,48,6
1767628340352,1,200,true,48,48,1
1767628340344,10,200,true,48,48,10
1767628340349,5,200,true,47,47,5
1767628340344,11,200,true,47,47,11
1767628340347,8,200,true,47,47,8
1767628340343,12,200,true,47,47,12
1767628340326,32,200,true,46,46,32
1767628340350,8,200,true,45,45,8
1767628340325,38,200,true,44,44,38
1767628340325,38,200,true,44,44,38
1767628340328,35,200,true,44,44,35
1767628340324,40,200,true,43,43,40
1767628340329,35,200,true,43,43,35
1767628340364,1,200,true,43,43,1
1767628340364,1,200,true,43,43,1
1767628340365,0,200,true,43,43,0
1767628340365,1,200,true,43,43,1
1767628340365,1,200,true,43,43,1
1767628340366,1,200,true,43,43,1
1767628340366,1,200,true,43,43,1
1767628340367,1,200,true,43,43,1
1767628340330,38,200,true,43,43,38
1767628340368,1,200,true,42,42,1
1767628340328,41,200,true,42,42,41
1767628340369,0,200,true,42,42,0
1767628340369,1,200,true,42,42,1
1767628340369,1,200,true,42,42,1
1767628340370,1,200,true,42,42,1
1767628340370,1,200,true,42,42,1
1767628340371,1,200,true,42,42,1
1767628340331,41,200,true,42,42,41
1767628340372,1,200,true,42,42,1
1767628340330,43,200,true,42,42,43
1767628340326,47,200,true,42,42,47
1767628340326,47,200,true,42,42,47
1767628340344,30,200,true,41,41,12
1767628340350,24,200,true,41,41,24
1767628340333,42,200,true,41,41,42
1767628340326,49,200,true,41,41,49
1767628340350,25,200,true,41,41,25
1767628340335,43,200,true,40,40,43
1767628340327,51,200,true,40,40,51
1767628340327,51,200,true,40,40,51
1767628340378,1,200,true,40,40,1
1767628340378,1,200,true,40,40,1
1767628340378,2,200,true,40,40,2
1767628340339,42,200,true,40,40,42
1767628340338,43,200,true,40,40,43
1767628340235,147,200,true,40,40,147
1767628340234,148,200,true,40,40,148
1767628340350,33,200,true,39,39,33
1767628340329,54,200,true,39,39,53
1767628340351,32,200,true,38,38,32
1767628340263,120,200,true,38,38,119
1767628340346,39,200,true,38,38,39
1767628340346,39,200,true,38,38,39
1767628340347,39,200,true,37,37,39
1767628340385,1,200,true,37,37,1
1767628340348,39,200,true,36,36,39
1767628340347,41,200,true,36,36,40
1767628340354,35,200,true,36,36,35
1767628340355,34,200,true,36,36,34
1767628340353,36,200,true,36,36,36
1767628340353,37,200,true,36,36,36
1767628340353,37,200,true,36,36,35
1767628340355,36,200,true,36,36,36
1767628340363,28,200,true,35,35,28
1767628340363,28,200,true,35,35,28
1767628340352,40,200,true,35,35,40
1767628340389,3,200,true,35,35,2
1767628340348,44,200,true,35,35,38
1767628340351,41,200,true,35,35,33
1767628340351,41,200,true,35,35,41
1767628340371,21,200,true,34,34,21
1767628340367,25,200,true,34,34,25
1767628340345,48,200,true,34,34,48
1767628340373,20,200,true,33,33,20
1767628340374,19,200,true,33,33,19
1767628340373,21,200,true,32,32,21
1767628340375,20,200,true,32,32,20
1767628340372,23,200,true,32,32,23
1767628340375,20,200,true,32,32,20
1767628340394,1,200,true,32,32,1
1767628340380,16,200,true,30,30,16
1767628340379,17,200,true,30,30,17
1767628340391,5,200,true,30,30,3
1767628340373,23,200,true,30,30,22
1767628340379,17,200,true,29,29,17
1767628340382,15,200,true,29,29,15
1767628340383,15,200,true,29,29,15
1767628340383,15,200,true,28,28,15
1767628340381,17,200,true,28,28,17
1767628340383,15,200,true,27,27,15
1767628340387,12,200,true,27,27,11
1767628340388,11,200,true,27,27,11
1767628340390,10,200,true,26,26,10
1767628340390,10,200,true,26,26,10
1767628340389,11,200,true,26,26,11
1767628340386,14,200,true,26,26,14
1767628340389,11,200,true,26,26,10
1767628340381,19,200,true,26,26,16
1767628340374,27,200,true,23,23,27
1767628340165,236,200,true,22,22,236
1767628340397,8,200,true,21,21,8
1767628340398,8,200,true,20,20,7
1767628340400,8,200,true,20,20,8
1767628340396,13,200,true,19,19,13
1767628340396,14,200,true,19,19,14
1767628340399,11,200,true,19,19,11
1767628340392,18,200,true,19,19,16
1767628340398,14,200,true,18,18,13
1767628340392,20,200,true,18,18,20
1767628340396,16,200,true,18,18,15
1767628340400,12,200,true,18,18,11
1767628340392,20,200,true,17,17,20
1767628340392,20,200,true,16,16,19
1767628340392,20,200,true,12,12,18
1767628340397,15,200,true,12,12,15
1767628340393,19,200,true,12,12,19
1767628340395,18,200,true,9,9,18
1767628340400,13,200,true,8,8,13
1767628340395,18,200,true,8,8,18
1767628340391,22,200,true,7,7,22
1767628340392,21,200,true,5,5,21
1767628340406,8,200,true,4,4,8
1767628340410,5,200,true,3,3,5
1767628340410,7,200,true,3,3,7
1767628340409,8,200,true,2,2,8
1767628340415,3,200,true,1,1,3
