This is pdfTeX, Version 3.141592653-2.6-1.40.27 (MiKTeX 25.4) (preloaded format=pdflatex 2025.12.7)  9 DEC 2025 19:58
entering extended mode
 restricted \write18 enabled.
 file:line:error style messages enabled.
 %&-line parsing enabled.
**c:/Users/User/Desktop/magisterka/praca-latex/main.tex
(c:/Users/User/Desktop/magisterka/praca-latex/main.tex
LaTeX2e <2025-11-01>
L3 programming layer <2025-11-06>
(szablonPG.cls (C:\Users\User\AppData\Local\Programs\MiKTeX\tex/latex/base\report.cls
Document Class: report 2025/01/22 v1.4n Standard LaTeX document class
(C:\Users\User\AppData\Local\Programs\MiKTeX\tex/latex/base\size10.clo
File: size10.clo 2025/01/22 v1.4n Standard LaTeX file (size option)
)
\c@part=\count275
\c@chapter=\count276
\c@section=\count277
\c@subsection=\count278
\c@subsubsection=\count279
\c@paragraph=\count280
\c@subparagraph=\count281
\c@figure=\count282
\c@table=\count283
\abovecaptionskip=\skip49
\belowcaptionskip=\skip50
\bibindent=\dimen148
) (C:\Users\User\AppData\Local\Programs\MiKTeX\tex/latex/polski\polski.sty
Package: polski 2021/08/25 v1.3.6 Polish language package

   Switching to Polish text encoding and Polish maths fonts.
(C:\Users\User\AppData\Local\Programs\MiKTeX\tex/latex/base\ot4enc.def
File: ot4enc.def 2025/07/18 v2.1d Standard LaTeX file
Now handling font encoding OT4 ...
... no UTF-8 mapping file for font encoding OT4
)
LaTeX Font Info:    Trying to load font information for OT4+cmr on input line 362.
 (C:\Users\User\AppData\Local\Programs\MiKTeX\tex/latex/polski\ot4cmr.fd
File: ot4cmr.fd 2008/02/24 v1.2.1 Font defs for fonts PL (MW)
)
LaTeX Font Info:    Overwriting math alphabet `\mathbf' in version `normal'
(Font)                  OT1/cmr/bx/n --> OT4/cmr/bx/n on input line 362.
LaTeX Font Info:    Overwriting math alphabet `\mathsf' in version `normal'
(Font)                  OT1/cmss/m/n --> OT4/cmss/m/n on input line 362.
LaTeX Font Info:    Overwriting math alphabet `\mathit' in version `normal'
(Font)                  OT1/cmr/m/it --> OT4/cmr/m/it on input line 362.
LaTeX Font Info:    Overwriting math alphabet `\mathtt' in version `normal'
(Font)                  OT1/cmtt/m/n --> OT4/cmtt/m/n on input line 362.
LaTeX Font Info:    Overwriting math alphabet `\mathsf' in version `bold'
(Font)                  OT1/cmss/bx/n --> OT4/cmss/bx/n on input line 362.
LaTeX Font Info:    Overwriting math alphabet `\mathit' in version `bold'
(Font)                  OT1/cmr/bx/it --> OT4/cmr/bx/it on input line 362.
LaTeX Font Info:    Encoding `OT1' has changed to `OT4' for symbol font
(Font)              `operators' in the math version `normal' on input line 362.
LaTeX Font Info:    Overwriting symbol font `operators' in version `normal'
(Font)                  OT1/cmr/m/n --> OT4/cmr/m/n on input line 362.
LaTeX Font Info:    Overwriting symbol font `letters' in version `normal'
(Font)                  OML/cmm/m/it --> OML/plm/m/it on input line 362.
LaTeX Font Info:    Overwriting symbol font `symbols' in version `normal'
(Font)                  OMS/cmsy/m/n --> OMS/plsy/m/n on input line 362.
LaTeX Font Info:    Overwriting symbol font `largesymbols' in version `normal'
(Font)                  OMX/cmex/m/n --> OMX/plex/m/n on input line 362.
LaTeX Font Info:    Encoding `OT1' has changed to `OT4' for symbol font
(Font)              `operators' in the math version `bold' on input line 362.
LaTeX Font Info:    Overwriting symbol font `operators' in version `bold'
(Font)                  OT1/cmr/bx/n --> OT4/cmr/bx/n on input line 362.
LaTeX Font Info:    Overwriting symbol font `letters' in version `bold'
(Font)                  OML/cmm/b/it --> OML/plm/b/it on input line 362.
LaTeX Font Info:    Overwriting symbol font `symbols' in version `bold'
(Font)                  OMS/cmsy/b/n --> OMS/plsy/b/n on input line 362.
) (C:\Users\User\AppData\Local\Programs\MiKTeX\tex/latex/base\fontenc.sty
Package: fontenc 2025/07/18 v2.1d Standard LaTeX package
) (C:\Users\User\AppData\Local\Programs\MiKTeX\tex/latex/base\inputenc.sty
Package: inputenc 2024/02/08 v1.3d Input encoding file
\inpenc@prehook=\toks17
\inpenc@posthook=\toks18
) (C:\Users\User\AppData\Local\Programs\MiKTeX\tex/latex/psnfss\helvet.sty
Package: helvet 2020/03/25 PSNFSS-v9.3 (WaS) 
 (C:\Users\User\AppData\Local\Programs\MiKTeX\tex/latex/graphics\keyval.sty
Package: keyval 2022/05/29 v1.15 key=value parser (DPC)
\KV@toks@=\toks19
)) (C:\Users\User\AppData\Local\Programs\MiKTeX\tex/latex/geometry\geometry.sty
Package: geometry 2020/01/02 v5.9 Page Geometry
 (C:\Users\User\AppData\Local\Programs\MiKTeX\tex/generic/iftex\ifvtex.sty
Package: ifvtex 2019/10/25 v1.7 ifvtex legacy package. Use iftex instead.
 (C:\Users\User\AppData\Local\Programs\MiKTeX\tex/generic/iftex\iftex.sty
Package: iftex 2024/12/12 v1.0g TeX engine tests
))
\Gm@cnth=\count284
\Gm@cntv=\count285
\c@Gm@tempcnt=\count286
\Gm@bindingoffset=\dimen149
\Gm@wd@mp=\dimen150
\Gm@odd@mp=\dimen151
\Gm@even@mp=\dimen152
\Gm@layoutwidth=\dimen153
\Gm@layoutheight=\dimen154
\Gm@layouthoffset=\dimen155
\Gm@layoutvoffset=\dimen156
\Gm@dimlist=\toks20
 (C:\Users\User\AppData\Local\Programs\MiKTeX\tex/latex/geometry\geometry.cfg)) (C:\Users\User\AppData\Local\Programs\MiKTeX\tex/latex/tools\indentfirst.sty
Package: indentfirst 2023/07/02 v1.03 Indent first paragraph (DPC)
) (C:\Users\User\AppData\Local\Programs\MiKTeX\tex/latex/fancyhdr\fancyhdr.sty
Package: fancyhdr 2025/02/07 v5.2 Extensive control of page headers and footers
\f@nch@headwidth=\skip51
\f@nch@offset@elh=\skip52
\f@nch@offset@erh=\skip53
\f@nch@offset@olh=\skip54
\f@nch@offset@orh=\skip55
\f@nch@offset@elf=\skip56
\f@nch@offset@erf=\skip57
\f@nch@offset@olf=\skip58
\f@nch@offset@orf=\skip59
\f@nch@height=\skip60
\f@nch@footalignment=\skip61
\f@nch@widthL=\skip62
\f@nch@widthC=\skip63
\f@nch@widthR=\skip64
\@temptokenb=\toks21
) (C:\Users\User\AppData\Local\Programs\MiKTeX\tex/latex/titlesec\titlesec.sty
Package: titlesec 2025/01/04 v2.17 Sectioning titles
\ttl@box=\box53
\beforetitleunit=\skip65
\aftertitleunit=\skip66
\ttl@plus=\dimen157
\ttl@minus=\dimen158
\ttl@toksa=\toks22
\titlewidth=\dimen159
\titlewidthlast=\dimen160
\titlewidthfirst=\dimen161
) (C:\Users\User\AppData\Local\Programs\MiKTeX\tex/latex/titlesec\titletoc.sty
Package: titletoc 2025/01/04 v2.17 TOC entries
\ttl@leftsep=\dimen162
) (C:\Users\User\AppData\Local\Programs\MiKTeX\tex/latex/enumitem\enumitem.sty
Package: enumitem 2025/02/06 v3.11 Customized lists
\labelindent=\skip67
\enit@outerparindent=\dimen163
\enit@toks=\toks23
\enit@inbox=\box54
\enit@count@id=\count287
\enitdp@description=\count288
) (C:\Users\User\AppData\Local\Programs\MiKTeX\tex/latex/amsmath\amsmath.sty
Package: amsmath 2025/07/09 v2.17z AMS math features
\@mathmargin=\skip68

For additional information on amsmath, use the `?' option.
(C:\Users\User\AppData\Local\Programs\MiKTeX\tex/latex/amsmath\amstext.sty
Package: amstext 2024/11/17 v2.01 AMS text
 (C:\Users\User\AppData\Local\Programs\MiKTeX\tex/latex/amsmath\amsgen.sty
File: amsgen.sty 1999/11/30 v2.0 generic functions
\@emptytoks=\toks24
\ex@=\dimen164
)) (C:\Users\User\AppData\Local\Programs\MiKTeX\tex/latex/amsmath\amsbsy.sty
Package: amsbsy 1999/11/29 v1.2d Bold Symbols
\pmbraise@=\dimen165
) (C:\Users\User\AppData\Local\Programs\MiKTeX\tex/latex/amsmath\amsopn.sty
Package: amsopn 2022/04/08 v2.04 operator names
)
\inf@bad=\count289
LaTeX Info: Redefining \frac on input line 233.
\uproot@=\count290
\leftroot@=\count291
LaTeX Info: Redefining \overline on input line 398.
LaTeX Info: Redefining \colon on input line 409.
\classnum@=\count292
\DOTSCASE@=\count293
LaTeX Info: Redefining \ldots on input line 495.
LaTeX Info: Redefining \dots on input line 498.
LaTeX Info: Redefining \cdots on input line 619.
\Mathstrutbox@=\box55
\strutbox@=\box56
LaTeX Info: Redefining \big on input line 721.
LaTeX Info: Redefining \Big on input line 722.
LaTeX Info: Redefining \bigg on input line 723.
LaTeX Info: Redefining \Bigg on input line 724.
\big@size=\dimen166
LaTeX Font Info:    Redeclaring font encoding OML on input line 742.
LaTeX Font Info:    Redeclaring font encoding OMS on input line 743.
\macc@depth=\count294
LaTeX Info: Redefining \bmod on input line 904.
LaTeX Info: Redefining \pmod on input line 909.
LaTeX Info: Redefining \smash on input line 939.
LaTeX Info: Redefining \relbar on input line 969.
LaTeX Info: Redefining \Relbar on input line 970.
\c@MaxMatrixCols=\count295
\dotsspace@=\muskip17
\c@parentequation=\count296
\dspbrk@lvl=\count297
\tag@help=\toks25
\row@=\count298
\column@=\count299
\maxfields@=\count300
\andhelp@=\toks26
\eqnshift@=\dimen167
\alignsep@=\dimen168
\tagshift@=\dimen169
\tagwidth@=\dimen170
\totwidth@=\dimen171
\lineht@=\dimen172
\@envbody=\toks27
\multlinegap=\skip69
\multlinetaggap=\skip70
\mathdisplay@stack=\toks28
LaTeX Info: Redefining \[ on input line 2950.
LaTeX Info: Redefining \] on input line 2951.
) (C:\Users\User\AppData\Local\Programs\MiKTeX\tex/latex/amsfonts\amssymb.sty
Package: amssymb 2013/01/14 v3.01 AMS font symbols
 (C:\Users\User\AppData\Local\Programs\MiKTeX\tex/latex/amsfonts\amsfonts.sty
Package: amsfonts 2013/01/14 v3.01 Basic AMSFonts support
\symAMSa=\mathgroup4
\symAMSb=\mathgroup5
LaTeX Font Info:    Redeclaring math symbol \hbar on input line 98.
LaTeX Font Info:    Overwriting math alphabet `\mathfrak' in version `bold'
(Font)                  U/euf/m/n --> U/euf/b/n on input line 106.
)) (C:\Users\User\AppData\Local\Programs\MiKTeX\tex/latex/amscls\amsthm.sty
Package: amsthm 2020/05/29 v2.20.6
\thm@style=\toks29
\thm@bodyfont=\toks30
\thm@headfont=\toks31
\thm@notefont=\toks32
\thm@headpunct=\toks33
\thm@preskip=\skip71
\thm@postskip=\skip72
\thm@headsep=\skip73
\dth@everypar=\toks34
)
\c@definicja=\count301
 (C:\Users\User\AppData\Local\Programs\MiKTeX\tex/latex/subfig\subfig.sty
Package: subfig 2005/06/28 ver: 1.3 subfig package
 (C:\Users\User\AppData\Local\Programs\MiKTeX\tex/latex/caption\caption.sty
Package: caption 2023/08/05 v3.6o Customizing captions (AR)
 (C:\Users\User\AppData\Local\Programs\MiKTeX\tex/latex/caption\caption3.sty
Package: caption3 2023/07/31 v2.4d caption3 kernel (AR)
\caption@tempdima=\dimen173
\captionmargin=\dimen174
\caption@leftmargin=\dimen175
\caption@rightmargin=\dimen176
\caption@width=\dimen177
\caption@indent=\dimen178
\caption@parindent=\dimen179
\caption@hangindent=\dimen180
Package caption Info: Standard document class detected.
)
\c@caption@flags=\count302
\c@continuedfloat=\count303
)
\c@KVtest=\count304
\sf@farskip=\skip74
\sf@captopadj=\dimen181
\sf@capskip=\skip75
\sf@nearskip=\skip76
\c@subfigure=\count305
\c@subfigure@save=\count306
\c@lofdepth=\count307
\c@subtable=\count308
\c@subtable@save=\count309
\c@lotdepth=\count310
\sf@top=\skip77
\sf@bottom=\skip78
) (C:\Users\User\AppData\Local\Programs\MiKTeX\tex/latex/hyperref\hyperref.sty
Package: hyperref 2025-07-12 v7.01o Hypertext links for LaTeX
 (C:\Users\User\AppData\Local\Programs\MiKTeX\tex/latex/kvsetkeys\kvsetkeys.sty
Package: kvsetkeys 2022-10-05 v1.19 Key value parser (HO)
) (C:\Users\User\AppData\Local\Programs\MiKTeX\tex/generic/kvdefinekeys\kvdefinekeys.sty
Package: kvdefinekeys 2019-12-19 v1.6 Define keys (HO)
) (C:\Users\User\AppData\Local\Programs\MiKTeX\tex/generic/pdfescape\pdfescape.sty
Package: pdfescape 2019/12/09 v1.15 Implements pdfTeX's escape features (HO)
 (C:\Users\User\AppData\Local\Programs\MiKTeX\tex/generic/ltxcmds\ltxcmds.sty
Package: ltxcmds 2023-12-04 v1.26 LaTeX kernel commands for general use (HO)
) (C:\Users\User\AppData\Local\Programs\MiKTeX\tex/generic/pdftexcmds\pdftexcmds.sty
Package: pdftexcmds 2020-06-27 v0.33 Utility functions of pdfTeX for LuaTeX (HO)
 (C:\Users\User\AppData\Local\Programs\MiKTeX\tex/generic/infwarerr\infwarerr.sty
Package: infwarerr 2019/12/03 v1.5 Providing info/warning/error messages (HO)
)
Package pdftexcmds Info: \pdf@primitive is available.
Package pdftexcmds Info: \pdf@ifprimitive is available.
Package pdftexcmds Info: \pdfdraftmode found.
)) (C:\Users\User\AppData\Local\Programs\MiKTeX\tex/latex/hycolor\hycolor.sty
Package: hycolor 2020-01-27 v1.10 Color options for hyperref/bookmark (HO)
) (C:\Users\User\AppData\Local\Programs\MiKTeX\tex/latex/hyperref\nameref.sty
Package: nameref 2025-06-21 v2.57 Cross-referencing by name of section
 (C:\Users\User\AppData\Local\Programs\MiKTeX\tex/latex/refcount\refcount.sty
Package: refcount 2019/12/15 v3.6 Data extraction from label references (HO)
) (C:\Users\User\AppData\Local\Programs\MiKTeX\tex/generic/gettitlestring\gettitlestring.sty
Package: gettitlestring 2019/12/15 v1.6 Cleanup title references (HO)
 (C:\Users\User\AppData\Local\Programs\MiKTeX\tex/latex/kvoptions\kvoptions.sty
Package: kvoptions 2022-06-15 v3.15 Key value format for package options (HO)
))
\c@section@level=\count311
) (C:\Users\User\AppData\Local\Programs\MiKTeX\tex/latex/etoolbox\etoolbox.sty
Package: etoolbox 2025/10/02 v2.5m e-TeX tools for LaTeX (JAW)
\etb@tempcnta=\count312
) (C:\Users\User\AppData\Local\Programs\MiKTeX\tex/generic/stringenc\stringenc.sty
Package: stringenc 2019/11/29 v1.12 Convert strings between diff. encodings (HO)
)
\@linkdim=\dimen182
\Hy@linkcounter=\count313
\Hy@pagecounter=\count314
 (C:\Users\User\AppData\Local\Programs\MiKTeX\tex/latex/hyperref\pd1enc.def
File: pd1enc.def 2025-07-12 v7.01o Hyperref: PDFDocEncoding definition (HO)
Now handling font encoding PD1 ...
... no UTF-8 mapping file for font encoding PD1
) (C:\Users\User\AppData\Local\Programs\MiKTeX\tex/generic/intcalc\intcalc.sty
Package: intcalc 2019/12/15 v1.3 Expandable calculations with integers (HO)
)
\Hy@SavedSpaceFactor=\count315
 (C:\Users\User\AppData\Local\Programs\MiKTeX\tex/latex/hyperref\puenc.def
File: puenc.def 2025-07-12 v7.01o Hyperref: PDF Unicode definition (HO)
Now handling font encoding PU ...
... no UTF-8 mapping file for font encoding PU
)
Package hyperref Info: Option `unicode' set `true' on input line 4066.
Package hyperref Info: Hyper figures OFF on input line 4195.
Package hyperref Info: Link nesting OFF on input line 4200.
Package hyperref Info: Hyper index ON on input line 4203.
Package hyperref Info: Plain pages OFF on input line 4210.
Package hyperref Info: Backreferencing OFF on input line 4215.
Package hyperref Info: Implicit mode ON; LaTeX internals redefined.
Package hyperref Info: Bookmarks ON on input line 4462.
\c@Hy@tempcnt=\count316
 (C:\Users\User\AppData\Local\Programs\MiKTeX\tex/latex/url\url.sty
\Urlmuskip=\muskip18
Package: url 2013/09/16  ver 3.4  Verb mode for urls, etc.
)
LaTeX Info: Redefining \url on input line 4801.
\XeTeXLinkMargin=\dimen183
 (C:\Users\User\AppData\Local\Programs\MiKTeX\tex/generic/bitset\bitset.sty
Package: bitset 2019/12/09 v1.3 Handle bit-vector datatype (HO)
 (C:\Users\User\AppData\Local\Programs\MiKTeX\tex/generic/bigintcalc\bigintcalc.sty
Package: bigintcalc 2019/12/15 v1.5 Expandable calculations on big integers (HO)
))
\Fld@menulength=\count317
\Field@Width=\dimen184
\Fld@charsize=\dimen185
Package hyperref Info: Hyper figures OFF on input line 6078.
Package hyperref Info: Link nesting OFF on input line 6083.
Package hyperref Info: Hyper index ON on input line 6086.
Package hyperref Info: backreferencing OFF on input line 6093.
Package hyperref Info: Link coloring OFF on input line 6098.
Package hyperref Info: Link coloring with OCG OFF on input line 6103.
Package hyperref Info: PDF/A mode OFF on input line 6108.
\Hy@abspage=\count318
\c@Item=\count319
\c@Hfootnote=\count320
)
Package hyperref Info: Driver (autodetected): hpdftex.
 (C:\Users\User\AppData\Local\Programs\MiKTeX\tex/latex/hyperref\hpdftex.def
File: hpdftex.def 2025-07-12 v7.01o Hyperref driver for pdfTeX
\Fld@listcount=\count321
\c@bookmark@seq@number=\count322
 (C:\Users\User\AppData\Local\Programs\MiKTeX\tex/latex/rerunfilecheck\rerunfilecheck.sty
Package: rerunfilecheck 2025-06-21 v1.11 Rerun checks for auxiliary files (HO)
 (C:\Users\User\AppData\Local\Programs\MiKTeX\tex/generic/uniquecounter\uniquecounter.sty
Package: uniquecounter 2019/12/15 v1.4 Provide unlimited unique counter (HO)
)
Package uniquecounter Info: New unique counter `rerunfilecheck' on input line 284.
)
\Hy@SectionHShift=\skip79
) (C:\Users\User\AppData\Local\Programs\MiKTeX\tex/latex/setspace\setspace.sty
Package: setspace 2022/12/04 v6.7b set line spacing
) (C:\Users\User\AppData\Local\Programs\MiKTeX\tex/latex/pdfpages\pdfpages.sty
Package: pdfpages 2025/07/23 v0.6g Insert pages of external PDF documents (AM)
 (C:\Users\User\AppData\Local\Programs\MiKTeX\tex/latex/base\ifthen.sty
Package: ifthen 2024/03/16 v1.1e Standard LaTeX ifthen package (DPC)
) (C:\Users\User\AppData\Local\Programs\MiKTeX\tex/latex/tools\calc.sty
Package: calc 2025/03/01 v4.3b Infix arithmetic (KKT,FJ)
\calc@Acount=\count323
\calc@Bcount=\count324
\calc@Adimen=\dimen186
\calc@Bdimen=\dimen187
\calc@Askip=\skip80
\calc@Bskip=\skip81
LaTeX Info: Redefining \setlength on input line 86.
LaTeX Info: Redefining \addtolength on input line 87.
\calc@Ccount=\count325
\calc@Cskip=\skip82
) (C:\Users\User\AppData\Local\Programs\MiKTeX\tex/latex/eso-pic\eso-pic.sty
Package: eso-pic 2023/05/03 v3.0c eso-pic (RN)
\ESO@tempdima=\dimen188
\ESO@tempdimb=\dimen189
 (C:\Users\User\AppData\Local\Programs\MiKTeX\tex/latex/xcolor\xcolor.sty
Package: xcolor 2024/09/29 v3.02 LaTeX color extensions (UK)
 (C:\Users\User\AppData\Local\Programs\MiKTeX\tex/latex/graphics-cfg\color.cfg
File: color.cfg 2016/01/02 v1.6 sample color configuration
)
Package xcolor Info: Driver file: pdftex.def on input line 274.
 (C:\Users\User\AppData\Local\Programs\MiKTeX\tex/latex/graphics-def\pdftex.def
File: pdftex.def 2025/09/29 v1.2d Graphics/color driver for pdftex
) (C:\Users\User\AppData\Local\Programs\MiKTeX\tex/latex/graphics\mathcolor.ltx)
Package xcolor Info: Model `cmy' substituted by `cmy0' on input line 1349.
Package xcolor Info: Model `hsb' substituted by `rgb' on input line 1353.
Package xcolor Info: Model `RGB' extended on input line 1365.
Package xcolor Info: Model `HTML' substituted by `rgb' on input line 1367.
Package xcolor Info: Model `Hsb' substituted by `hsb' on input line 1368.
Package xcolor Info: Model `tHsb' substituted by `hsb' on input line 1369.
Package xcolor Info: Model `HSB' substituted by `hsb' on input line 1370.
Package xcolor Info: Model `Gray' substituted by `gray' on input line 1371.
Package xcolor Info: Model `wave' substituted by `hsb' on input line 1372.
)) (C:\Users\User\AppData\Local\Programs\MiKTeX\tex/latex/graphics\graphicx.sty
Package: graphicx 2024/12/31 v1.2e Enhanced LaTeX Graphics (DPC,SPQR)
 (C:\Users\User\AppData\Local\Programs\MiKTeX\tex/latex/graphics\graphics.sty
Package: graphics 2024/08/06 v1.4g Standard LaTeX Graphics (DPC,SPQR)
 (C:\Users\User\AppData\Local\Programs\MiKTeX\tex/latex/graphics\trig.sty
Package: trig 2023/12/02 v1.11 sin cos tan (DPC)
) (C:\Users\User\AppData\Local\Programs\MiKTeX\tex/latex/graphics-cfg\graphics.cfg
File: graphics.cfg 2016/06/04 v1.11 sample graphics configuration
)
Package graphics Info: Driver file: pdftex.def on input line 106.
)
\Gin@req@height=\dimen190
\Gin@req@width=\dimen191
)
\AM@pagewidth=\dimen192
\AM@pageheight=\dimen193
\AM@fboxrule=\dimen194
 (C:\Users\User\AppData\Local\Programs\MiKTeX\tex/latex/pdfpages\pppdftex.def
File: pppdftex.def 2025/07/23 v0.6g Pdfpages driver for pdfTeX (AM)
)
\pdfpages@includegraphics@status=\count326
\AM@pagebox=\box57
\AM@global@opts=\toks35
\AM@pagecnt=\count327
\AM@toc@title=\toks36
\AM@lof@heading=\toks37
\c@AM@survey=\count328
\AM@templatesizebox=\box58
) (C:\Users\User\AppData\Local\Programs\MiKTeX\tex/latex/tools\multicol.sty
Package: multicol 2025/10/21 v2.0b multicolumn formatting (FMi)
\c@tracingmulticols=\count329
\mult@box=\box59
\multicol@leftmargin=\dimen195
\c@unbalance=\count330
\c@collectmore=\count331
\doublecol@number=\count332
\multicoltolerance=\count333
\multicolpretolerance=\count334
\full@width=\dimen196
\page@free=\dimen197
\premulticols=\dimen198
\postmulticols=\dimen199
\multicolsep=\skip83
\multicolbaselineskip=\skip84
\partial@page=\box60
\last@line=\box61
\mc@boxedresult=\box62
\maxbalancingoverflow=\dimen256
\mult@rightbox=\box63
\mult@grightbox=\box64
\mult@firstbox=\box65
\mult@gfirstbox=\box66
\@tempa=\box67
\@tempa=\box68
\@tempa=\box69
\@tempa=\box70
\@tempa=\box71
\@tempa=\box72
\@tempa=\box73
\@tempa=\box74
\@tempa=\box75
\@tempa=\box76
\@tempa=\box77
\@tempa=\box78
\@tempa=\box79
\@tempa=\box80
\@tempa=\box81
\@tempa=\box82
\@tempa=\box83
\@tempa=\box84
\@tempa=\box85
\@tempa=\box86
\@tempa=\box87
\@tempa=\box88
\@tempa=\box89
\@tempa=\box90
\@tempa=\box91
\@tempa=\box92
\@tempa=\box93
\@tempa=\box94
\@tempa=\box95
\@tempa=\box96
\@tempa=\box97
\@tempa=\box98
\@tempa=\box99
\@tempa=\box100
\@tempa=\box101
\@tempa=\box102
\c@minrows=\count335
\c@columnbadness=\count336
\c@finalcolumnbadness=\count337
\last@try=\dimen257
\multicolovershoot=\dimen258
\multicolundershoot=\dimen259
\mult@nat@firstbox=\box103
\colbreak@box=\box104
\mc@col@check@num=\count338
\g__mc_curr_col_int=\count339
) (C:\Users\User\AppData\Local\Programs\MiKTeX\tex/latex/wrapfig\wrapfig.sty
\wrapoverhang=\dimen260
\WF@size=\dimen261
\c@WF@wrappedlines=\count340
\WF@box=\box105
\WF@everypar=\toks38
Package: wrapfig 2003/01/31  v 3.6
)) (C:\Users\User\AppData\Local\Programs\MiKTeX\tex/latex/base\fontenc.sty
Package: fontenc 2025/07/18 v2.1d Standard LaTeX package
LaTeX Font Info:    Trying to load font information for T1+phv on input line 116.
 (C:\Users\User\AppData\Local\Programs\MiKTeX\tex/latex/psnfss\t1phv.fd
File: t1phv.fd 2020/03/25 scalable font definitions for T1/phv.
)) (C:\Users\User\AppData\Local\Programs\MiKTeX\tex/latex/psnfss\mathptmx.sty
Package: mathptmx 2020/03/25 PSNFSS-v9.3 Times w/ Math, improved (SPQR, WaS) 
LaTeX Font Info:    Redeclaring symbol font `operators' on input line 28.
LaTeX Font Info:    Encoding `OT4' has changed to `OT1' for symbol font
(Font)              `operators' in the math version `normal' on input line 28.
LaTeX Font Info:    Overwriting symbol font `operators' in version `normal'
(Font)                  OT4/cmr/m/n --> OT1/ztmcm/m/n on input line 28.
LaTeX Font Info:    Encoding `OT4' has changed to `OT1' for symbol font
(Font)              `operators' in the math version `bold' on input line 28.
LaTeX Font Info:    Overwriting symbol font `operators' in version `bold'
(Font)                  OT4/cmr/bx/n --> OT1/ztmcm/m/n on input line 28.
LaTeX Font Info:    Redeclaring symbol font `letters' on input line 29.
LaTeX Font Info:    Overwriting symbol font `letters' in version `normal'
(Font)                  OML/plm/m/it --> OML/ztmcm/m/it on input line 29.
LaTeX Font Info:    Overwriting symbol font `letters' in version `bold'
(Font)                  OML/plm/b/it --> OML/ztmcm/m/it on input line 29.
LaTeX Font Info:    Redeclaring symbol font `symbols' on input line 30.
LaTeX Font Info:    Overwriting symbol font `symbols' in version `normal'
(Font)                  OMS/plsy/m/n --> OMS/ztmcm/m/n on input line 30.
LaTeX Font Info:    Overwriting symbol font `symbols' in version `bold'
(Font)                  OMS/plsy/b/n --> OMS/ztmcm/m/n on input line 30.
LaTeX Font Info:    Redeclaring symbol font `largesymbols' on input line 31.
LaTeX Font Info:    Overwriting symbol font `largesymbols' in version `normal'
(Font)                  OMX/plex/m/n --> OMX/ztmcm/m/n on input line 31.
LaTeX Font Info:    Overwriting symbol font `largesymbols' in version `bold'
(Font)                  OMX/cmex/m/n --> OMX/ztmcm/m/n on input line 31.
\symbold=\mathgroup6
\symitalic=\mathgroup7
LaTeX Font Info:    Redeclaring math alphabet \mathbf on input line 34.
LaTeX Font Info:    Overwriting math alphabet `\mathbf' in version `normal'
(Font)                  OT4/cmr/bx/n --> OT1/ptm/bx/n on input line 34.
LaTeX Font Info:    Overwriting math alphabet `\mathbf' in version `bold'
(Font)                  OT1/cmr/bx/n --> OT1/ptm/bx/n on input line 34.
LaTeX Font Info:    Redeclaring math alphabet \mathit on input line 35.
LaTeX Font Info:    Overwriting math alphabet `\mathit' in version `normal'
(Font)                  OT4/cmr/m/it --> OT1/ptm/m/it on input line 35.
LaTeX Font Info:    Overwriting math alphabet `\mathit' in version `bold'
(Font)                  OT4/cmr/bx/it --> OT1/ptm/m/it on input line 35.
LaTeX Info: Redefining \hbar on input line 50.
) (C:\Users\User\AppData\Local\Programs\MiKTeX\tex/latex/algorithms\algorithm.sty
Package: algorithm 2009/08/24 v0.1 Document Style `algorithm' - floating environment
 (C:\Users\User\AppData\Local\Programs\MiKTeX\tex/latex/float\float.sty
Package: float 2001/11/08 v1.3d Float enhancements (AL)
\c@float@type=\count341
\float@exts=\toks39
\float@box=\box106
\@float@everytoks=\toks40
\@floatcapt=\box107
)
\@float@every@algorithm=\toks41
\c@algorithm=\count342
) (C:\Users\User\AppData\Local\Programs\MiKTeX\tex/latex/algorithmicx\algpseudocode.sty
Package: algpseudocode 
 (C:\Users\User\AppData\Local\Programs\MiKTeX\tex/latex/algorithmicx\algorithmicx.sty
Package: algorithmicx 2005/04/27 v1.2 Algorithmicx

Document Style algorithmicx 1.2 - a greatly improved `algorithmic' style
\c@ALG@line=\count343
\c@ALG@rem=\count344
\c@ALG@nested=\count345
\ALG@tlm=\skip85
\ALG@thistlm=\skip86
\c@ALG@Lnr=\count346
\c@ALG@blocknr=\count347
\c@ALG@storecount=\count348
\c@ALG@tmpcounter=\count349
\ALG@tmplength=\skip87
)
Document Style - pseudocode environments for use with the `algorithmicx' style
) (C:\Users\User\AppData\Local\Programs\MiKTeX\tex/latex/eqnarray\eqnarray.sty
equationarray 1.3 <December 1, 2010>
Package: eqnarray 
(C:\Users\User\AppData\Local\Programs\MiKTeX\tex/latex/tools\array.sty
Package: array 2025/09/25 v2.6n Tabular extension package (FMi)
\col@sep=\dimen262
\ar@mcellbox=\box108
\extrarowheight=\dimen263
\NC@list=\toks42
\extratabsurround=\skip88
\backup@length=\skip89
\ar@cellbox=\box109
)
\@eqargcnt=\count350
) (C:\Users\User\AppData\Local\Programs\MiKTeX\tex/latex/minted\minted.sty
Package: minted 2025/05/14 v3.7.0 Yet another Pygments shim for LaTeX
 (C:\Users\User\AppData\Local\Programs\MiKTeX\tex/generic/catchfile\catchfile.sty
Package: catchfile 2019/12/09 v1.8 Catch the contents of a file (HO)
 (C:\Users\User\AppData\Local\Programs\MiKTeX\tex/generic/etexcmds\etexcmds.sty
Package: etexcmds 2019/12/15 v1.7 Avoid name clashes with e-TeX commands (HO)
)) (C:\Users\User\AppData\Local\Programs\MiKTeX\tex/latex/fvextra\fvextra.sty
Package: fvextra 2025/05/29 v1.13.2 fvextra - extensions and patches for fancyvrb
 (C:\Users\User\AppData\Local\Programs\MiKTeX\tex/latex/fancyvrb\fancyvrb.sty
Package: fancyvrb 2025/07/28 4.6 verbatim text (tvz,hv)
\FV@CodeLineNo=\count351
\FV@InFile=\read2
\FV@TabBox=\box110
\c@FancyVerbLine=\count352
\FV@StepNumber=\count353
\FV@OutFile=\write3
) (C:\Users\User\AppData\Local\Programs\MiKTeX\tex/latex/upquote\upquote.sty
Package: upquote 2012/04/19 v1.3 upright-quote and grave-accent glyphs in verbatim
 (C:\Users\User\AppData\Local\Programs\MiKTeX\tex/latex/base\textcomp.sty
Package: textcomp 2024/04/24 v2.1b Standard LaTeX package
)) (C:\Users\User\AppData\Local\Programs\MiKTeX\tex/latex/lineno\lineno.sty
Package: lineno 2025/05/13 line numbers on paragraphs v5.5
\linenopenalty=\count354
\output=\toks43
\linenoprevgraf=\count355
\linenumbersep=\dimen264
\linenumberwidth=\dimen265
\c@linenumber=\count356
\c@pagewiselinenumber=\count357
\c@LN@truepage=\count358
\c@internallinenumber=\count359
\c@internallinenumbers=\count360
\quotelinenumbersep=\dimen266
\bframerule=\dimen267
\bframesep=\dimen268
\bframebox=\box111
\@LN@amsmath@ams@eqpen=\count361
)
\c@FancyVerbWriteLine=\count362
\c@FancyVerbBufferLine=\count363
\c@FV@TrueTabGroupLevel=\count364
\c@FV@TrueTabCounter=\count365
\FV@TabBox@Group=\box112
\FV@bgcolorstructbox=\box113
\FV@TmpLength=\skip90
\c@FV@HighlightLinesStart=\count366
\c@FV@HighlightLinesStop=\count367
\FV@LoopCount=\count368
\FV@NCharsBox=\box114
\FV@BreakIndent=\dimen269
\FV@BreakIndentNChars=\count369
\FV@BreakSymbolSepLeft=\dimen270
\FV@BreakSymbolSepLeftNChars=\count370
\FV@BreakSymbolSepRight=\dimen271
\FV@BreakSymbolSepRightNChars=\count371
\FV@BreakSymbolIndentLeft=\dimen272
\FV@BreakSymbolIndentLeftNChars=\count372
\FV@BreakSymbolIndentRight=\dimen273
\FV@BreakSymbolIndentRightNChars=\count373
\c@FancyVerbLineBreakLast=\count374
\FV@LineBox=\box115
\FV@LineIndentBox=\box116
\c@FV@BreakBufferDepth=\count375
\FV@LineWidth=\dimen274
) (C:\Users\User\AppData\Local\Programs\MiKTeX\tex/latex/latex2pydata\latex2pydata.sty
Package: latex2pydata 2025/03/26 v0.6.0 latex2pydata - write data to file in Python literal format
) (C:\Users\User\AppData\Local\Programs\MiKTeX\tex/latex/pgf/utilities\pgfkeys.sty (C:\Users\User\AppData\Local\Programs\MiKTeX\tex/generic/pgf/utilities\pgfkeys.code.tex
\pgfkeys@pathtoks=\toks44
\pgfkeys@temptoks=\toks45
 (C:\Users\User\AppData\Local\Programs\MiKTeX\tex/generic/pgf/utilities\pgfkeyslibraryfiltered.code.tex
\pgfkeys@tmptoks=\toks46
))) (C:\Users\User\AppData\Local\Programs\MiKTeX\tex/latex/pgfopts\pgfopts.sty
Package: pgfopts 2014/07/10 v2.1a LaTeX package options with pgfkeys
\pgfopts@list@add@a@toks=\toks47
\pgfopts@list@add@b@toks=\toks48
) (C:\Users\User\AppData\Local\Programs\MiKTeX\tex/latex/tools\shellesc.sty
Package: shellesc 2023/07/08 v1.0d unified shell escape interface for LaTeX
Package shellesc Info: Restricted shell escape enabled on input line 77.
)
\c@minted@FancyVerbLineTemp=\count376
\@float@every@listing=\toks49
\c@listing=\count377
) (C:\Users\User\AppData\Local\Programs\MiKTeX\tex/latex/tools\longtable.sty
Package: longtable 2025-10-13 v4.24 Multi-page Table package (DPC)
\LTleft=\skip91
\LTright=\skip92
\LTpre=\skip93
\LTpost=\skip94
\LTchunksize=\count378
\LTcapwidth=\dimen275
\LT@head=\box117
\LT@firsthead=\box118
\LT@foot=\box119
\LT@lastfoot=\box120
\LT@gbox=\box121
\LT@cols=\count379
\LT@rows=\count380
\c@LT@tables=\count381
\c@LT@chunks=\count382
\LT@p@ftn=\toks50
) (C:\Users\User\AppData\Local\Programs\MiKTeX\tex/latex/colortbl\colortbl.sty
Package: colortbl 2024/10/29 v1.0k Color table columns (DPC)
\everycr=\toks51
\minrowclearance=\skip95
\rownum=\count383
) (C:\Users\User\AppData\Local\Programs\MiKTeX\tex/latex/hyphenat\hyphenat.sty
Package: hyphenat 2009/09/02 v2.3c hyphenation utilities
\langwohyphens=\language79
LaTeX Info: Redefining \_ on input line 43.
) (C:\Users\User\AppData\Local\Programs\MiKTeX\tex/latex/biblatex\biblatex.sty
Package: biblatex 2025/07/10 v3.21 programmable bibliographies (PK/MW)
 (C:\Users\User\AppData\Local\Programs\MiKTeX\tex/latex/logreq\logreq.sty
Package: logreq 2010/08/04 v1.0 xml request logger
\lrq@indent=\count384
 (C:\Users\User\AppData\Local\Programs\MiKTeX\tex/latex/logreq\logreq.def
File: logreq.def 2010/08/04 v1.0 logreq spec v1.0
))
\c@tabx@nest=\count385
\c@listtotal=\count386
\c@listcount=\count387
\c@liststart=\count388
\c@liststop=\count389
\c@citecount=\count390
\c@citetotal=\count391
\c@multicitecount=\count392
\c@multicitetotal=\count393
\c@instcount=\count394
\c@maxnames=\count395
\c@minnames=\count396
\c@maxitems=\count397
\c@minitems=\count398
\c@citecounter=\count399
\c@maxcitecounter=\count400
\c@savedcitecounter=\count401
\c@uniquelist=\count402
\c@uniquename=\count403
\c@refsection=\count404
\c@refsegment=\count405
\c@maxextratitle=\count406
\c@maxextratitleyear=\count407
\c@maxextraname=\count408
\c@maxextradate=\count409
\c@maxextraalpha=\count410
\c@abbrvpenalty=\count411
\c@highnamepenalty=\count412
\c@lownamepenalty=\count413
\c@maxparens=\count414
\c@parenlevel=\count415
\blx@tempcnta=\count416
\blx@tempcntb=\count417
\blx@tempcntc=\count418
\c@blx@maxsection=\count419
\blx@maxsegment@0=\count420
\blx@notetype=\count421
\blx@parenlevel@text=\count422
\blx@parenlevel@foot=\count423
\blx@sectionciteorder@0=\count424
\blx@sectionciteorderinternal@0=\count425
\blx@entrysetcounter=\count426
\blx@biblioinstance=\count427
\labelnumberwidth=\skip96
\labelalphawidth=\skip97
\biblabelsep=\skip98
\bibitemsep=\skip99
\bibnamesep=\skip100
\bibinitsep=\skip101
\bibparsep=\skip102
\bibhang=\skip103
\blx@bcfin=\read3
\blx@bcfout=\write4
\blx@langwohyphens=\language80
\c@mincomprange=\count428
\c@maxcomprange=\count429
\c@mincompwidth=\count430
Package biblatex Info: Trying to load biblatex default data model...
Package biblatex Info: ... file 'blx-dm.def' found.
 (C:\Users\User\AppData\Local\Programs\MiKTeX\tex/latex/biblatex\blx-dm.def
File: blx-dm.def 2025/07/10 v3.21 biblatex datamodel (PK/MW)
)
Package biblatex Info: Trying to load biblatex custom data model...
Package biblatex Info: ... file 'biblatex-dm.cfg' not found.
\c@afterword=\count431
\c@savedafterword=\count432
\c@annotator=\count433
\c@savedannotator=\count434
\c@author=\count435
\c@savedauthor=\count436
\c@bookauthor=\count437
\c@savedbookauthor=\count438
\c@commentator=\count439
\c@savedcommentator=\count440
\c@editor=\count441
\c@savededitor=\count442
\c@editora=\count443
\c@savededitora=\count444
\c@editorb=\count445
\c@savededitorb=\count446
\c@editorc=\count447
\c@savededitorc=\count448
\c@foreword=\count449
\c@savedforeword=\count450
\c@holder=\count451
\c@savedholder=\count452
\c@introduction=\count453
\c@savedintroduction=\count454
\c@namea=\count455
\c@savednamea=\count456
\c@nameb=\count457
\c@savednameb=\count458
\c@namec=\count459
\c@savednamec=\count460
\c@translator=\count461
\c@savedtranslator=\count462
\c@shortauthor=\count463
\c@savedshortauthor=\count464
\c@shorteditor=\count465
\c@savedshorteditor=\count466
\c@labelname=\count467
\c@savedlabelname=\count468
\c@institution=\count469
\c@savedinstitution=\count470
\c@lista=\count471
\c@savedlista=\count472
\c@listb=\count473
\c@savedlistb=\count474
\c@listc=\count475
\c@savedlistc=\count476
\c@listd=\count477
\c@savedlistd=\count478
\c@liste=\count479
\c@savedliste=\count480
\c@listf=\count481
\c@savedlistf=\count482
\c@location=\count483
\c@savedlocation=\count484
\c@organization=\count485
\c@savedorganization=\count486
\c@origlocation=\count487
\c@savedoriglocation=\count488
\c@origpublisher=\count489
\c@savedorigpublisher=\count490
\c@publisher=\count491
\c@savedpublisher=\count492
\c@language=\count493
\c@savedlanguage=\count494
\c@origlanguage=\count495
\c@savedoriglanguage=\count496
\c@pageref=\count497
\c@savedpageref=\count498
\shorthandwidth=\skip104
\shortjournalwidth=\skip105
\shortserieswidth=\skip106
\shorttitlewidth=\skip107
\shortauthorwidth=\skip108
\shorteditorwidth=\skip109
\locallabelnumberwidth=\skip110
\locallabelalphawidth=\skip111
\localshorthandwidth=\skip112
\localshortjournalwidth=\skip113
\localshortserieswidth=\skip114
\localshorttitlewidth=\skip115
\localshortauthorwidth=\skip116
\localshorteditorwidth=\skip117
Package biblatex Info: Trying to load compatibility code...
Package biblatex Info: ... file 'blx-compat.def' found.
 (C:\Users\User\AppData\Local\Programs\MiKTeX\tex/latex/biblatex\blx-compat.def
File: blx-compat.def 2025/07/10 v3.21 biblatex compatibility (PK/MW)
)
Package biblatex Info: Trying to load generic definitions...
Package biblatex Info: ... file 'biblatex.def' found.
 (C:\Users\User\AppData\Local\Programs\MiKTeX\tex/latex/biblatex\biblatex.def
File: biblatex.def 2025/07/10 v3.21 biblatex compatibility (PK/MW)
\c@textcitecount=\count499
\c@textcitetotal=\count500
\c@textcitemaxnames=\count501
\c@biburlbigbreakpenalty=\count502
\c@biburlbreakpenalty=\count503
\c@biburlnumpenalty=\count504
\c@biburlucpenalty=\count505
\c@biburllcpenalty=\count506
\biburlbigskip=\muskip19
\biburlnumskip=\muskip20
\biburlucskip=\muskip21
\biburllcskip=\muskip22
\c@smartand=\count507
)
Package biblatex Info: Trying to load bibliography style 'numeric'...
Package biblatex Info: ... file 'numeric.bbx' found.
 (C:\Users\User\AppData\Local\Programs\MiKTeX\tex/latex/biblatex/bbx\numeric.bbx
File: numeric.bbx 2025/07/10 v3.21 biblatex bibliography style (PK/MW)
Package biblatex Info: Trying to load bibliography style 'standard'...
Package biblatex Info: ... file 'standard.bbx' found.
 (C:\Users\User\AppData\Local\Programs\MiKTeX\tex/latex/biblatex/bbx\standard.bbx
File: standard.bbx 2025/07/10 v3.21 biblatex bibliography style (PK/MW)
\c@bbx:relatedcount=\count508
\c@bbx:relatedtotal=\count509
))
Package biblatex Info: Trying to load citation style 'numeric'...
Package biblatex Info: ... file 'numeric.cbx' found.
 (C:\Users\User\AppData\Local\Programs\MiKTeX\tex/latex/biblatex/cbx\numeric.cbx
File: numeric.cbx 2025/07/10 v3.21 biblatex citation style (PK/MW)
Package biblatex Info: Redefining '\cite'.
Package biblatex Info: Redefining '\parencite'.
Package biblatex Info: Redefining '\footcite'.
Package biblatex Info: Redefining '\footcitetext'.
Package biblatex Info: Redefining '\smartcite'.
Package biblatex Info: Redefining '\supercite'.
Package biblatex Info: Redefining '\textcite'.
Package biblatex Info: Redefining '\textcites'.
Package biblatex Info: Redefining '\cites'.
Package biblatex Info: Redefining '\parencites'.
Package biblatex Info: Redefining '\smartcites'.
)
Package biblatex Info: Trying to load configuration file...
Package biblatex Info: ... file 'biblatex.cfg' found.
 (C:\Users\User\AppData\Local\Programs\MiKTeX\tex/latex/biblatex\biblatex.cfg
File: biblatex.cfg 
)
Package biblatex Info: Input encoding 'utf8' detected.
Package biblatex Info: Document encoding is UTF8 ....
 (C:\Users\User\AppData\Local\Programs\MiKTeX\tex/latex/l3kernel\expl3.sty
Package: expl3 2025-11-06 L3 programming layer (loader) 
 (C:\Users\User\AppData\Local\Programs\MiKTeX\tex/latex/l3backend\l3backend-pdftex.def
File: l3backend-pdftex.def 2025-10-09 L3 backend support: PDF output (pdfTeX)
\l__color_backend_stack_int=\count510
))
Package biblatex Info: ... and expl3
(biblatex)             2025-11-06 L3 programming layer (loader) 
(biblatex)             is new enough (at least 2020/04/06),
(biblatex)             setting 'casechanger=expl3'.
 (C:\Users\User\AppData\Local\Programs\MiKTeX\tex/latex/biblatex\blx-case-expl3.sty (C:\Users\User\AppData\Local\Programs\MiKTeX\tex/latex/l3packages/xparse\xparse.sty
Package: xparse 2025-10-09 L3 Experimental document command parser
)
Package: blx-case-expl3 2025/07/10 v3.21 expl3 case changing code for biblatex
)) (C:\Users\User\AppData\Local\Programs\MiKTeX\tex/latex/import\import.sty
Package: import 2020/04/01  v 6.2
) (C:\Users\User\AppData\Local\Programs\MiKTeX\tex/latex/makecell\makecell.sty
Package: makecell 2009/08/03 V0.1e Managing of Tab Column Heads and Cells
\rotheadsize=\dimen276
\c@nlinenum=\count511
\TeXr@lab=\toks52
) (C:\Users\User\AppData\Local\Programs\MiKTeX\tex/latex/gensymb\gensymb.sty
Package: gensymb 2022/10/17 v1.0.2 (KJH)
) (C:\Users\User\AppData\Local\Programs\MiKTeX\tex/latex/changepage\changepage.sty
Package: changepage 2009/10/20 v1.0c check page and change page layout
\c@cp@cntr=\count512
\cp@tempcnt=\count513
) (C:\Users\User\AppData\Local\Programs\MiKTeX\tex/latex/easy\easytable.sty
Document Style `easytable' v1.0 <2001/06/13>.
(C:\Users\User\AppData\Local\Programs\MiKTeX\tex/latex/easy\easy.sty
Document Style `easy' v1.1 <2001/05/31>.
Package: easy 2001/05/31 v1.1
\@easy@level=\count514
\@easy@ncol=\count515
\@easy@nrow=\count516
\@easy@cnt=\count517
\@easy@boxviii=\box122
\@easy@minxviii=\dimen277
\@easy@minyviii=\dimen278
\@easy@maxxviii=\dimen279
\@easy@maxyviii=\dimen280
\@easy@boxvii=\box123
\@easy@minxvii=\dimen281
\@easy@minyvii=\dimen282
\@easy@maxxvii=\dimen283
\@easy@maxyvii=\dimen284
\@easy@boxvi=\box124
\@easy@minxvi=\dimen285
\@easy@minyvi=\dimen286
\@easy@maxxvi=\dimen287
\@easy@maxyvi=\dimen288
\@easy@boxv=\box125
\@easy@minxv=\dimen289
\@easy@minyv=\dimen290
\@easy@maxxv=\dimen291
\@easy@maxyv=\dimen292
\@easy@boxiv=\box126
\@easy@minxiv=\dimen293
\@easy@minyiv=\dimen294
\@easy@maxxiv=\dimen295
\@easy@maxyiv=\dimen296
\@easy@boxiii=\box127
\@easy@minxiii=\dimen297
\@easy@minyiii=\dimen298
\@easy@maxxiii=\dimen299
\@easy@maxyiii=\dimen300
\@easy@boxii=\box128
\@easy@minxii=\dimen301
\@easy@minyii=\dimen302
\@easy@maxxii=\dimen303
\@easy@maxyii=\dimen304
\@easy@boxi=\box129
\@easy@minxi=\dimen305
\@easy@minyi=\dimen306
\@easy@maxxi=\dimen307
\@easy@maxyi=\dimen308
\@easy@hsizexxx=\dimen309
\@easy@vsizexxx=\dimen310
\@easy@hsizexxix=\dimen311
\@easy@vsizexxix=\dimen312
\@easy@hsizexxviii=\dimen313
\@easy@vsizexxviii=\dimen314
\@easy@hsizexxvii=\dimen315
\@easy@vsizexxvii=\dimen316
\@easy@hsizexxvi=\dimen317
\@easy@vsizexxvi=\dimen318
\@easy@hsizexxv=\dimen319
\@easy@vsizexxv=\dimen320
\@easy@hsizexxiv=\dimen321
\@easy@vsizexxiv=\dimen322
\@easy@hsizexxiii=\dimen323
\@easy@vsizexxiii=\dimen324
\@easy@hsizexxii=\dimen325
\@easy@vsizexxii=\dimen326
\@easy@hsizexxi=\dimen327
\@easy@vsizexxi=\dimen328
\@easy@hsizexx=\dimen329
\@easy@vsizexx=\dimen330
\@easy@hsizexix=\dimen331
\@easy@vsizexix=\dimen332
\@easy@hsizexviii=\dimen333
\@easy@vsizexviii=\dimen334
\@easy@hsizexvii=\dimen335
\@easy@vsizexvii=\dimen336
\@easy@hsizexvi=\dimen337
\@easy@vsizexvi=\dimen338
\@easy@hsizexv=\dimen339
\@easy@vsizexv=\dimen340
\@easy@hsizexiv=\dimen341
\@easy@vsizexiv=\dimen342
\@easy@hsizexiii=\dimen343
\@easy@vsizexiii=\dimen344
\@easy@hsizexii=\dimen345
\@easy@vsizexii=\dimen346
\@easy@hsizexi=\dimen347
\@easy@vsizexi=\dimen348
\@easy@hsizex=\dimen349
\@easy@vsizex=\dimen350
\@easy@hsizeix=\dimen351
\@easy@vsizeix=\dimen352
\@easy@hsizeviii=\dimen353
\@easy@vsizeviii=\dimen354
\@easy@hsizevii=\dimen355
\@easy@vsizevii=\dimen356
\@easy@hsizevi=\dimen357
\@easy@vsizevi=\dimen358
\@easy@hsizev=\dimen359
\@easy@vsizev=\dimen360
\@easy@hsizeiv=\dimen361
\@easy@vsizeiv=\dimen362
\@easy@hsizeiii=\dimen363
\@easy@vsizeiii=\dimen364
\@easy@hsizeii=\dimen365
\@easy@vsizeii=\dimen366
\@easy@hsizei=\dimen367
\@easy@vsizei=\dimen368
\@easy@dash@len=\dimen369
\@easy@dash@sep=\dimen370
)
Package: easytable 2001/05/31v1.1
\@tab@size@rule=\dimen371
\@tab@size@dash=\dimen372
) (C:\Users\User\AppData\Local\Programs\MiKTeX\tex/latex/svg\svg.sty
Package: svg 2020/11/26 v2.02k (include SVG pictures)
 (C:\Users\User\AppData\Local\Programs\MiKTeX\tex/latex/koma-script\scrbase.sty
Package: scrbase 2025/09/09 v3.48 KOMA-Script package (KOMA-Script-independent basics and keyval usage)
 (C:\Users\User\AppData\Local\Programs\MiKTeX\tex/latex/koma-script\scrlfile.sty
Package: scrlfile 2025/09/09 v3.48 KOMA-Script package (file load hooks)
 (C:\Users\User\AppData\Local\Programs\MiKTeX\tex/latex/koma-script\scrlfile-hook.sty
Package: scrlfile-hook 2025/09/09 v3.48 KOMA-Script package (using LaTeX hooks)
 (C:\Users\User\AppData\Local\Programs\MiKTeX\tex/latex/koma-script\scrlogo.sty
Package: scrlogo 2025/09/09 v3.48 KOMA-Script package (logo)
)))
Applying: [2021/05/01] Usage of raw or classic option list on input line 254.
Already applied: [0000/00/00] Usage of raw or classic option list on input line 370.
) (C:\Users\User\AppData\Local\Programs\MiKTeX\tex/latex/trimspaces\trimspaces.sty
Package: trimspaces 2009/09/17 v1.1 Trim spaces around a token list
)
\c@svg@param@lastpage=\count518
\svg@box=\box130
\c@svg@param@currpage=\count519
) (C:\Users\User\AppData\Local\Programs\MiKTeX\tex/latex/transparent\transparent.sty
Package: transparent 2025-06-23 v1.6 Transparency with color stacks
 (C:\Users\User\AppData\Local\Programs\MiKTeX\tex/latex/transparent\transparent-nometadata.sty
Package: transparent-nometadata 2025-06-23 v1.6 Transparency via pdfTeX's color stack (HO)
 (C:\Users\User\AppData\Local\Programs\MiKTeX\tex/latex/auxhook\auxhook.sty
Package: auxhook 2019-12-17 v1.6 Hooks for auxiliary files (HO)
))) (C:\Users\User\AppData\Local\Programs\MiKTeX\tex/latex/pgf/systemlayer\pgfsys.sty (C:\Users\User\AppData\Local\Programs\MiKTeX\tex/latex/pgf/utilities\pgfrcs.sty (C:\Users\User\AppData\Local\Programs\MiKTeX\tex/generic/pgf/utilities\pgfutil-common.tex
\pgfutil@everybye=\toks53
\pgfutil@tempdima=\dimen373
\pgfutil@tempdimb=\dimen374
) (C:\Users\User\AppData\Local\Programs\MiKTeX\tex/generic/pgf/utilities\pgfutil-latex.def
\pgfutil@abb=\box131
) (C:\Users\User\AppData\Local\Programs\MiKTeX\tex/generic/pgf/utilities\pgfrcs.code.tex (C:\Users\User\AppData\Local\Programs\MiKTeX\tex/generic/pgf\pgf.revision.tex)
Package: pgfrcs 2025-08-29 v3.1.11a (3.1.11a)
)) (C:\Users\User\AppData\Local\Programs\MiKTeX\tex/generic/pgf/systemlayer\pgfsys.code.tex
Package: pgfsys 2025-08-29 v3.1.11a (3.1.11a)
\pgf@x=\dimen375
\pgf@y=\dimen376
\pgf@xa=\dimen377
\pgf@ya=\dimen378
\pgf@xb=\dimen379
\pgf@yb=\dimen380
\pgf@xc=\dimen381
\pgf@yc=\dimen382
\pgf@xd=\dimen383
\pgf@yd=\dimen384
\w@pgf@writea=\write5
\r@pgf@reada=\read4
\c@pgf@counta=\count520
\c@pgf@countb=\count521
\c@pgf@countc=\count522
\c@pgf@countd=\count523
\t@pgf@toka=\toks54
\t@pgf@tokb=\toks55
\t@pgf@tokc=\toks56
\pgf@sys@id@count=\count524
 (C:\Users\User\AppData\Local\Programs\MiKTeX\tex/generic/pgf/systemlayer\pgf.cfg
File: pgf.cfg 2025-08-29 v3.1.11a (3.1.11a)
)
Driver file for pgf: pgfsys-pdftex.def
 (C:\Users\User\AppData\Local\Programs\MiKTeX\tex/generic/pgf/systemlayer\pgfsys-pdftex.def
File: pgfsys-pdftex.def 2025-08-29 v3.1.11a (3.1.11a)
 (C:\Users\User\AppData\Local\Programs\MiKTeX\tex/generic/pgf/systemlayer\pgfsys-common-pdf.def
File: pgfsys-common-pdf.def 2025-08-29 v3.1.11a (3.1.11a)
))) (C:\Users\User\AppData\Local\Programs\MiKTeX\tex/generic/pgf/systemlayer\pgfsyssoftpath.code.tex
File: pgfsyssoftpath.code.tex 2025-08-29 v3.1.11a (3.1.11a)
\pgfsyssoftpath@smallbuffer@items=\count525
\pgfsyssoftpath@bigbuffer@items=\count526
) (C:\Users\User\AppData\Local\Programs\MiKTeX\tex/generic/pgf/systemlayer\pgfsysprotocol.code.tex
File: pgfsysprotocol.code.tex 2025-08-29 v3.1.11a (3.1.11a)
)) (C:\Users\User\AppData\Local\Programs\MiKTeX\tex/latex/todonotes\todonotes.sty
Package: todonotes 2024/01/05 v1.1.7 Todonotes source and documentation.
Package: todonotes 2024/01/05
 (C:\Users\User\AppData\Local\Programs\MiKTeX\tex/latex/xkeyval\xkeyval.sty
Package: xkeyval 2022/06/16 v2.9 package option processing (HA)
 (C:\Users\User\AppData\Local\Programs\MiKTeX\tex/generic/xkeyval\xkeyval.tex (C:\Users\User\AppData\Local\Programs\MiKTeX\tex/generic/xkeyval\xkvutils.tex
\XKV@toks=\toks57
\XKV@tempa@toks=\toks58
)
\XKV@depth=\count527
File: xkeyval.tex 2014/12/03 v2.7a key=value parser (HA)
)) (C:\Users\User\AppData\Local\Programs\MiKTeX\tex/latex/pgf/frontendlayer\tikz.sty (C:\Users\User\AppData\Local\Programs\MiKTeX\tex/latex/pgf/basiclayer\pgf.sty
Package: pgf 2025-08-29 v3.1.11a (3.1.11a)
 (C:\Users\User\AppData\Local\Programs\MiKTeX\tex/latex/pgf/basiclayer\pgfcore.sty (C:\Users\User\AppData\Local\Programs\MiKTeX\tex/generic/pgf/basiclayer\pgfcore.code.tex
Package: pgfcore 2025-08-29 v3.1.11a (3.1.11a)
 (C:\Users\User\AppData\Local\Programs\MiKTeX\tex/generic/pgf/math\pgfmath.code.tex (C:\Users\User\AppData\Local\Programs\MiKTeX\tex/generic/pgf/math\pgfmathutil.code.tex) (C:\Users\User\AppData\Local\Programs\MiKTeX\tex/generic/pgf/math\pgfmathparser.code.tex
\pgfmath@dimen=\dimen385
\pgfmath@count=\count528
\pgfmath@box=\box132
\pgfmath@toks=\toks59
\pgfmath@stack@operand=\toks60
\pgfmath@stack@operation=\toks61
) (C:\Users\User\AppData\Local\Programs\MiKTeX\tex/generic/pgf/math\pgfmathfunctions.code.tex) (C:\Users\User\AppData\Local\Programs\MiKTeX\tex/generic/pgf/math\pgfmathfunctions.basic.code.tex) (C:\Users\User\AppData\Local\Programs\MiKTeX\tex/generic/pgf/math\pgfmathfunctions.trigonometric.code.tex) (C:\Users\User\AppData\Local\Programs\MiKTeX\tex/generic/pgf/math\pgfmathfunctions.random.code.tex) (C:\Users\User\AppData\Local\Programs\MiKTeX\tex/generic/pgf/math\pgfmathfunctions.comparison.code.tex) (C:\Users\User\AppData\Local\Programs\MiKTeX\tex/generic/pgf/math\pgfmathfunctions.base.code.tex) (C:\Users\User\AppData\Local\Programs\MiKTeX\tex/generic/pgf/math\pgfmathfunctions.round.code.tex) (C:\Users\User\AppData\Local\Programs\MiKTeX\tex/generic/pgf/math\pgfmathfunctions.misc.code.tex) (C:\Users\User\AppData\Local\Programs\MiKTeX\tex/generic/pgf/math\pgfmathfunctions.integerarithmetics.code.tex) (C:\Users\User\AppData\Local\Programs\MiKTeX\tex/generic/pgf/math\pgfmathcalc.code.tex) (C:\Users\User\AppData\Local\Programs\MiKTeX\tex/generic/pgf/math\pgfmathfloat.code.tex
\c@pgfmathroundto@lastzeros=\count529
)) (C:\Users\User\AppData\Local\Programs\MiKTeX\tex/generic/pgf/math\pgfint.code.tex) (C:\Users\User\AppData\Local\Programs\MiKTeX\tex/generic/pgf/basiclayer\pgfcorepoints.code.tex
File: pgfcorepoints.code.tex 2025-08-29 v3.1.11a (3.1.11a)
\pgf@picminx=\dimen386
\pgf@picmaxx=\dimen387
\pgf@picminy=\dimen388
\pgf@picmaxy=\dimen389
\pgf@pathminx=\dimen390
\pgf@pathmaxx=\dimen391
\pgf@pathminy=\dimen392
\pgf@pathmaxy=\dimen393
\pgf@xx=\dimen394
\pgf@xy=\dimen395
\pgf@yx=\dimen396
\pgf@yy=\dimen397
\pgf@zx=\dimen398
\pgf@zy=\dimen399
) (C:\Users\User\AppData\Local\Programs\MiKTeX\tex/generic/pgf/basiclayer\pgfcorepathconstruct.code.tex
File: pgfcorepathconstruct.code.tex 2025-08-29 v3.1.11a (3.1.11a)
\pgf@path@lastx=\dimen400
\pgf@path@lasty=\dimen401
) (C:\Users\User\AppData\Local\Programs\MiKTeX\tex/generic/pgf/basiclayer\pgfcorepathusage.code.tex
File: pgfcorepathusage.code.tex 2025-08-29 v3.1.11a (3.1.11a)
\pgf@shorten@end@additional=\dimen402
\pgf@shorten@start@additional=\dimen403
) (C:\Users\User\AppData\Local\Programs\MiKTeX\tex/generic/pgf/basiclayer\pgfcorescopes.code.tex
File: pgfcorescopes.code.tex 2025-08-29 v3.1.11a (3.1.11a)
\pgfpic=\box133
\pgf@hbox=\box134
\pgf@layerbox@main=\box135
\pgf@picture@serial@count=\count530
) (C:\Users\User\AppData\Local\Programs\MiKTeX\tex/generic/pgf/basiclayer\pgfcoregraphicstate.code.tex
File: pgfcoregraphicstate.code.tex 2025-08-29 v3.1.11a (3.1.11a)
\pgflinewidth=\dimen404
) (C:\Users\User\AppData\Local\Programs\MiKTeX\tex/generic/pgf/basiclayer\pgfcoretransformations.code.tex
File: pgfcoretransformations.code.tex 2025-08-29 v3.1.11a (3.1.11a)
\pgf@pt@x=\dimen405
\pgf@pt@y=\dimen406
\pgf@pt@temp=\dimen407
) (C:\Users\User\AppData\Local\Programs\MiKTeX\tex/generic/pgf/basiclayer\pgfcorequick.code.tex
File: pgfcorequick.code.tex 2025-08-29 v3.1.11a (3.1.11a)
) (C:\Users\User\AppData\Local\Programs\MiKTeX\tex/generic/pgf/basiclayer\pgfcoreobjects.code.tex
File: pgfcoreobjects.code.tex 2025-08-29 v3.1.11a (3.1.11a)
) (C:\Users\User\AppData\Local\Programs\MiKTeX\tex/generic/pgf/basiclayer\pgfcorepathprocessing.code.tex
File: pgfcorepathprocessing.code.tex 2025-08-29 v3.1.11a (3.1.11a)
) (C:\Users\User\AppData\Local\Programs\MiKTeX\tex/generic/pgf/basiclayer\pgfcorearrows.code.tex
File: pgfcorearrows.code.tex 2025-08-29 v3.1.11a (3.1.11a)
\pgfarrowsep=\dimen408
) (C:\Users\User\AppData\Local\Programs\MiKTeX\tex/generic/pgf/basiclayer\pgfcoreshade.code.tex
File: pgfcoreshade.code.tex 2025-08-29 v3.1.11a (3.1.11a)
\pgf@max=\dimen409
\pgf@sys@shading@range@num=\count531
\pgf@shadingcount=\count532
) (C:\Users\User\AppData\Local\Programs\MiKTeX\tex/generic/pgf/basiclayer\pgfcoreimage.code.tex
File: pgfcoreimage.code.tex 2025-08-29 v3.1.11a (3.1.11a)
) (C:\Users\User\AppData\Local\Programs\MiKTeX\tex/generic/pgf/basiclayer\pgfcoreexternal.code.tex
File: pgfcoreexternal.code.tex 2025-08-29 v3.1.11a (3.1.11a)
\pgfexternal@startupbox=\box136
) (C:\Users\User\AppData\Local\Programs\MiKTeX\tex/generic/pgf/basiclayer\pgfcorelayers.code.tex
File: pgfcorelayers.code.tex 2025-08-29 v3.1.11a (3.1.11a)
) (C:\Users\User\AppData\Local\Programs\MiKTeX\tex/generic/pgf/basiclayer\pgfcoretransparency.code.tex
File: pgfcoretransparency.code.tex 2025-08-29 v3.1.11a (3.1.11a)
) (C:\Users\User\AppData\Local\Programs\MiKTeX\tex/generic/pgf/basiclayer\pgfcorepatterns.code.tex
File: pgfcorepatterns.code.tex 2025-08-29 v3.1.11a (3.1.11a)
) (C:\Users\User\AppData\Local\Programs\MiKTeX\tex/generic/pgf/basiclayer\pgfcorerdf.code.tex
File: pgfcorerdf.code.tex 2025-08-29 v3.1.11a (3.1.11a)
))) (C:\Users\User\AppData\Local\Programs\MiKTeX\tex/generic/pgf/modules\pgfmoduleshapes.code.tex
File: pgfmoduleshapes.code.tex 2025-08-29 v3.1.11a (3.1.11a)
\pgfnodeparttextbox=\box137
) (C:\Users\User\AppData\Local\Programs\MiKTeX\tex/generic/pgf/modules\pgfmoduleplot.code.tex
File: pgfmoduleplot.code.tex 2025-08-29 v3.1.11a (3.1.11a)
) (C:\Users\User\AppData\Local\Programs\MiKTeX\tex/latex/pgf/compatibility\pgfcomp-version-0-65.sty
Package: pgfcomp-version-0-65 2025-08-29 v3.1.11a (3.1.11a)
\pgf@nodesepstart=\dimen410
\pgf@nodesepend=\dimen411
) (C:\Users\User\AppData\Local\Programs\MiKTeX\tex/latex/pgf/compatibility\pgfcomp-version-1-18.sty
Package: pgfcomp-version-1-18 2025-08-29 v3.1.11a (3.1.11a)
)) (C:\Users\User\AppData\Local\Programs\MiKTeX\tex/latex/pgf/utilities\pgffor.sty (C:\Users\User\AppData\Local\Programs\MiKTeX\tex/latex/pgf/math\pgfmath.sty (C:\Users\User\AppData\Local\Programs\MiKTeX\tex/generic/pgf/math\pgfmath.code.tex)) (C:\Users\User\AppData\Local\Programs\MiKTeX\tex/generic/pgf/utilities\pgffor.code.tex
Package: pgffor 2025-08-29 v3.1.11a (3.1.11a)
\pgffor@iter=\dimen412
\pgffor@skip=\dimen413
\pgffor@stack=\toks62
\pgffor@toks=\toks63
)) (C:\Users\User\AppData\Local\Programs\MiKTeX\tex/generic/pgf/frontendlayer/tikz\tikz.code.tex
Package: tikz 2025-08-29 v3.1.11a (3.1.11a)
 (C:\Users\User\AppData\Local\Programs\MiKTeX\tex/generic/pgf/libraries\pgflibraryplothandlers.code.tex
File: pgflibraryplothandlers.code.tex 2025-08-29 v3.1.11a (3.1.11a)
\pgf@plot@mark@count=\count533
\pgfplotmarksize=\dimen414
)
\tikz@lastx=\dimen415
\tikz@lasty=\dimen416
\tikz@lastxsaved=\dimen417
\tikz@lastysaved=\dimen418
\tikz@lastmovetox=\dimen419
\tikz@lastmovetoy=\dimen420
\tikzleveldistance=\dimen421
\tikzsiblingdistance=\dimen422
\tikz@figbox=\box138
\tikz@figbox@bg=\box139
\tikz@tempbox=\box140
\tikz@tempbox@bg=\box141
\tikztreelevel=\count534
\tikznumberofchildren=\count535
\tikznumberofcurrentchild=\count536
\tikz@fig@count=\count537
 (C:\Users\User\AppData\Local\Programs\MiKTeX\tex/generic/pgf/modules\pgfmodulematrix.code.tex
File: pgfmodulematrix.code.tex 2025-08-29 v3.1.11a (3.1.11a)
\pgfmatrixcurrentrow=\count538
\pgfmatrixcurrentcolumn=\count539
\pgf@matrix@numberofcolumns=\count540
)
\tikz@expandcount=\count541
 (C:\Users\User\AppData\Local\Programs\MiKTeX\tex/generic/pgf/frontendlayer/tikz/libraries\tikzlibrarytopaths.code.tex
File: tikzlibrarytopaths.code.tex 2025-08-29 v3.1.11a (3.1.11a)
))) (C:\Users\User\AppData\Local\Programs\MiKTeX\tex/generic/pgf/frontendlayer/tikz/libraries\tikzlibrarypositioning.code.tex
File: tikzlibrarypositioning.code.tex 2025-08-29 v3.1.11a (3.1.11a)
)
\c@@todonotes@numberoftodonotes=\count542
) (C:\Users\User\AppData\Local\Programs\MiKTeX\tex/latex/xargs\xargs.sty
Package: xargs 2008/03/22 v1.1  extended macro definitions  (mpg)
\xargs@max=\count543
\xargs@toksa=\toks64
\xargs@toksb=\toks65
) (C:\Users\User\AppData\Local\Programs\MiKTeX\tex/latex/multirow\multirow.sty
Package: multirow 2024/11/12 v2.9 Span multiple rows of a table
\multirow@colwidth=\skip118
\multirow@cntb=\count544
\multirow@dima=\skip119
\bigstrutjot=\dimen423
) (C:\Users\User\AppData\Local\Programs\MiKTeX\tex/latex/pdflscape\pdflscape.sty
Package: pdflscape 2022-10-27 v0.13 Display of landscape pages in PDF
 (C:\Users\User\AppData\Local\Programs\MiKTeX\tex/latex/pdflscape\pdflscape-nometadata.sty
Package: pdflscape-nometadata 2022-10-28 v0.13 Display of landscape pages in PDF (HO)
 (C:\Users\User\AppData\Local\Programs\MiKTeX\tex/latex/graphics\lscape.sty
Package: lscape 2020/05/28 v3.02 Landscape Pages (DPC)
)
Package pdflscape Info: Auto-detected driver: pdftex on input line 81.
)) (C:\Users\User\AppData\Local\Programs\MiKTeX\tex/latex/incgraph\incgraph.sty
Package: incgraph 2024/03/14 v1.3.0 LaTeX special graphics inclusion
 (C:\Users\User\AppData\Local\Programs\MiKTeX\tex/latex/bookmark\bookmark.sty
Package: bookmark 2023-12-10 v1.31 PDF bookmarks (HO)
 (C:\Users\User\AppData\Local\Programs\MiKTeX\tex/latex/bookmark\bkm-pdftex.def
File: bkm-pdftex.def 2023-12-10 v1.31 bookmark driver for pdfTeX and luaTeX (HO)
\BKM@id=\count545
))
\igrbox=\box142
\c@igrtarget=\count546
\l__incgra_offx_left_dim=\dimen424
) (C:\Users\User\AppData\Local\Programs\MiKTeX\tex/latex/blindtext\blindtext.sty
Package: blindtext 2012/01/06 V2.0 blindtext-Package
 (C:\Users\User\AppData\Local\Programs\MiKTeX\tex/latex/tools\xspace.sty
Package: xspace 2014/10/28 v1.13 Space after command names (DPC,MH)
)
\c@blindtext=\count547
\c@Blindtext=\count548
\c@blind@countparstart=\count549
\blind@countxx=\count550
\blindtext@numBlindtext=\count551
\blind@countyy=\count552
\c@blindlist=\count553
\c@blindlistlevel=\count554
\c@blindlist@level=\count555
\blind@listitem=\count556
\c@blind@listcount=\count557
\c@blind@levelcount=\count558
\blind@mathformula=\count559
\blind@Mathformula=\count560
\c@blind@randomcount=\count561
\c@blind@randommax=\count562
\c@blind@pangramcount=\count563
\c@blind@pangrammax=\count564
) (C:\Users\User\AppData\Local\Programs\MiKTeX\tex/latex/csquotes\csquotes.sty
Package: csquotes 2024-04-04 v5.2o context-sensitive quotations (JAW)
\csq@reset=\count565
\csq@gtype=\count566
\csq@glevel=\count567
\csq@qlevel=\count568
\csq@maxlvl=\count569
\csq@tshold=\count570
\csq@ltx@everypar=\toks66
 (C:\Users\User\AppData\Local\Programs\MiKTeX\tex/latex/csquotes\csquotes.def
File: csquotes.def 2024-04-04 v5.2o csquotes generic definitions (JAW)
)
Package csquotes Info: Trying to load configuration file 'csquotes.cfg'...
Package csquotes Info: ... configuration file loaded successfully.
 (C:\Users\User\AppData\Local\Programs\MiKTeX\tex/latex/csquotes\csquotes.cfg
File: csquotes.cfg 
))
Package csquotes Info: Checking for multilingual support...
Package csquotes Info: ... none found.

No file main.aux.
\openout1 = `main.aux'.

LaTeX Font Info:    Checking defaults for OML/cmm/m/it on input line 115.
LaTeX Font Info:    ... okay on input line 115.
LaTeX Font Info:    Checking defaults for OMS/cmsy/m/n on input line 115.
LaTeX Font Info:    ... okay on input line 115.
LaTeX Font Info:    Checking defaults for OT1/cmr/m/n on input line 115.
LaTeX Font Info:    ... okay on input line 115.
LaTeX Font Info:    Checking defaults for T1/cmr/m/n on input line 115.
LaTeX Font Info:    ... okay on input line 115.
LaTeX Font Info:    Checking defaults for TS1/cmr/m/n on input line 115.
LaTeX Font Info:    ... okay on input line 115.
LaTeX Font Info:    Checking defaults for OMX/cmex/m/n on input line 115.
LaTeX Font Info:    ... okay on input line 115.
LaTeX Font Info:    Checking defaults for U/cmr/m/n on input line 115.
LaTeX Font Info:    ... okay on input line 115.
LaTeX Font Info:    Checking defaults for OT4/cmr/m/n on input line 115.
LaTeX Font Info:    ... okay on input line 115.
LaTeX Font Info:    Checking defaults for PD1/pdf/m/n on input line 115.
LaTeX Font Info:    ... okay on input line 115.
LaTeX Font Info:    Checking defaults for PU/pdf/m/n on input line 115.
LaTeX Font Info:    ... okay on input line 115.
*geometry* driver: auto-detecting
*geometry* detected driver: pdftex
*geometry* verbose mode - [ preamble ] result:
* driver: pdftex
* paper: a4paper
* layout: <same size as paper>
* layoutoffset:(h,v)=(0.0pt,0.0pt)
* bindingoffset: 28.45274pt
* modes: twoside 
* h-part:(L,W,R)=(71.13188pt, 426.79137pt, 71.13188pt)
* v-part:(T,H,B)=(71.13188pt, 702.78308pt, 71.13188pt)
* \paperwidth=597.50787pt
* \paperheight=845.04684pt
* \textwidth=426.79137pt
* \textheight=702.78308pt
* \oddsidemargin=27.31464pt
* \evensidemargin=-1.1381pt
* \topmargin=-38.1381pt
* \headheight=12.0pt
* \headsep=25.0pt
* \topskip=10.0pt
* \footskip=30.0pt
* \marginparwidth=57.0pt
* \marginparsep=11.0pt
* \columnsep=20.0pt
* \skip\footins=9.0pt plus 4.0pt minus 2.0pt
* \hoffset=0.0pt
* \voffset=0.0pt
* \mag=1000
* \@twocolumnfalse
* \@twosidetrue
* \@mparswitchtrue
* \@reversemarginfalse
* (1in=72.27pt=25.4mm, 1cm=28.453pt)

Package caption Info: Begin \AtBeginDocument code.
Package caption Info: subfig package v1.3 is loaded.
Package caption Info: changepage package is loaded.
\caption@adjustwidth@hsize=\dimen425
\caption@adjustwidth@linewidth=\dimen426
Package caption Info: float package is loaded.
Package caption Info: hyperref package is loaded.
Package caption Info: longtable package is loaded.
(C:\Users\User\AppData\Local\Programs\MiKTeX\tex/latex/caption\ltcaption.sty
Package: ltcaption 2021/01/08 v1.4c longtable captions (AR)
)
Package caption Info: wrapfig package is loaded.
Package caption Info: End \AtBeginDocument code.
Package hyperref Info: Link coloring OFF on input line 115.
 (C:\Users\User\AppData\Local\Programs\MiKTeX\tex/context/base/mkii\supp-pdf.mkii
[Loading MPS to PDF converter (version 2006.09.02).]
\scratchcounter=\count571
\scratchdimen=\dimen427
\scratchbox=\box143
\nofMPsegments=\count572
\nofMParguments=\count573
\everyMPshowfont=\toks67
\MPscratchCnt=\count574
\MPscratchDim=\dimen428
\MPnumerator=\count575
\makeMPintoPDFobject=\count576
\everyMPtoPDFconversion=\toks68
) (C:\Users\User\AppData\Local\Programs\MiKTeX\tex/latex/epstopdf-pkg\epstopdf-base.sty
Package: epstopdf-base 2020-01-24 v2.11 Base part for package epstopdf
Package epstopdf-base Info: Redefining graphics rule for `.eps' on input line 485.
 (C:\Users\User\AppData\Local\Programs\MiKTeX\tex/latex/00miktex\epstopdf-sys.cfg
File: epstopdf-sys.cfg 2021/03/18 v2.0 Configuration of epstopdf for MiKTeX
))
Package biblatex Info: Trying to load language 'english'...
Package biblatex Info: ... file 'english.lbx' found.
 (C:\Users\User\AppData\Local\Programs\MiKTeX\tex/latex/biblatex/lbx\english.lbx
File: english.lbx 2025/07/10 v3.21 biblatex localization (PK/MW)
)
Package biblatex Info: Input encoding 'utf8' detected.
Package biblatex Info: Automatic encoding selection.
(biblatex)             Assuming data encoding 'utf8'.
\openout4 = `main.bcf'.

Package biblatex Info: Trying to load bibliographic data...
Package biblatex Info: ... file 'main.bbl' found.
 (main.bbl)
Package biblatex Info: Reference section=0 on input line 115.
Package biblatex Info: Reference segment=0 on input line 115.
\symgns@font=\mathgroup8
LaTeX Font Info:    Overwriting symbol font `gns@font' in version `bold'
(Font)                  TS1/phv/m/n --> TS1/phv/b/n on input line 115.
Package gensymb Info: Math companion symbols declared on input line 115.
LaTeX Info: Redefining \degree on input line 115.
LaTeX Info: Redefining \celsius on input line 115.
Package gensymb Info: Using text companion symbols for \degree, \celsius and \perthousand on input line 115.
LaTeX Info: Redefining \ohm on input line 115.
Package gensymb Info: Using \textohm for \ohm on input line 115.
Package gensymb Info: Using \textmu for \micro on input line 115.
<meta/StronaTytulowa_188695.pdf, id=6, 597.51233pt x 845.0471pt>
File: meta/StronaTytulowa_188695.pdf Graphic file (type pdf)
<use meta/StronaTytulowa_188695.pdf>
Package pdftex.def Info: meta/StronaTytulowa_188695.pdf  used on input line 118.
(pdftex.def)             Requested size: 597.51086pt x 845.04504pt.
<meta/StronaTytulowa_188695.pdf, id=8, page=1, 597.51233pt x 845.0471pt>
File: meta/StronaTytulowa_188695.pdf Graphic file (type pdf)
<use meta/StronaTytulowa_188695.pdf, page 1>
Package pdftex.def Info: meta/StronaTytulowa_188695.pdf , page1 used on input line 118.
(pdftex.def)             Requested size: 597.51086pt x 845.04504pt.
File: meta/StronaTytulowa_188695.pdf Graphic file (type pdf)
<use meta/StronaTytulowa_188695.pdf, page 1>
Package pdftex.def Info: meta/StronaTytulowa_188695.pdf , page1 used on input line 118.
(pdftex.def)             Requested size: 597.53821pt x 845.08372pt.
File: meta/StronaTytulowa_188695.pdf Graphic file (type pdf)
<use meta/StronaTytulowa_188695.pdf, page 1>
Package pdftex.def Info: meta/StronaTytulowa_188695.pdf , page1 used on input line 118.
(pdftex.def)             Requested size: 597.53821pt x 845.08372pt.
File: meta/StronaTytulowa_188695.pdf Graphic file (type pdf)
<use meta/StronaTytulowa_188695.pdf, page 1>
Package pdftex.def Info: meta/StronaTytulowa_188695.pdf , page1 used on input line 118.
(pdftex.def)             Requested size: 597.53821pt x 845.08372pt.
File: meta/StronaTytulowa_188695.pdf Graphic file (type pdf)
<use meta/StronaTytulowa_188695.pdf, page 1>
Package pdftex.def Info: meta/StronaTytulowa_188695.pdf , page1 used on input line 118.
(pdftex.def)             Requested size: 597.53821pt x 845.08372pt.
 [1


 <./meta/StronaTytulowa_188695.pdf>] (chapters/chapter0_streszczenie.tex
LaTeX Font Info:    Font shape `T1/phv/b/it' in size <11> not available
(Font)              Font shape `T1/phv/b/sl' tried instead on input line 1.

Underfull \hbox (badness 8132) in paragraph at lines 3--12
\T1/phv/m/n/10 mi-kro-ser-wi-so-wej pod k¡-tem ich wy-daj-no-±ci, ska-lo-wal-no-±ci oraz kosz-tów utrzy-ma-nia
 []


Underfull \hbox (badness 3482) in paragraph at lines 3--12
\T1/phv/m/n/10 w ±ro-do-wi-skach chmu-ro-wych. W do-bie ro-sn¡-cej zªo-»o-no-±ci sys-te-mów in-for-ma-tycz-nych
 []


Underfull \hbox (badness 7291) in paragraph at lines 3--12
\T1/phv/m/n/10 oraz dy-na-micz-ne-go przy-ro-stu licz-by u»yt-kow-ni-ków co-raz wi¦k-sze zna-cze-nie zy-sku-j¡
 []


Underfull \hbox (badness 1748) in paragraph at lines 13--21
[]\T1/phv/m/n/10 Przeprowadzony prze-gl¡d li-te-ra-tu-ry po-zwo-liª zi-den-ty-fi-ko-wa¢ ak-tu-al-ne po-dej-±cia do
 []


Underfull \hbox (badness 3240) in paragraph at lines 13--21
\T1/phv/m/n/10 po-mia-ru wy-daj-no-±ci i ska-lo-wal-no-±ci sys-te-mów roz-pro-szo-nych oraz ist-nie-j¡-ce na-rz¦-dzia
 []


Underfull \hbox (badness 3312) in paragraph at lines 13--21
\T1/phv/m/n/10 ±ro-do-wi-sku, z za-sto-so-wa-niem jed-no-li-tych me-tod ob-ci¡-»e-nia i iden-tycz-nych sce-na-riu-szy
 []


Underfull \hbox (badness 2027) in paragraph at lines 31--39
[]\T1/phv/m/n/10 Wyniki ba-da« wska-zu-j¡, »e ar-chi-tek-tu-ra mo-no-li-tycz-na cha-rak-te-ry-zu-je si¦ wy»-sz¡
 []


Underfull \hbox (badness 2529) in paragraph at lines 31--39
\T1/phv/m/n/10 wy-daj-no-±ci¡ przy nie-wiel-kim ob-ci¡-»e-niu oraz ni»-szy-mi kosz-ta-mi utrzy-ma-nia w pro-stych
 []


Underfull \hbox (badness 1028) in paragraph at lines 31--39
\T1/phv/m/n/10 in-sta-la-cjach, na-to-miast ar-chi-tek-tu-ra mi-kro-ser-wi-so-wa ofe-ru-je zna-cz¡-co lep-sz¡ ska-lo-wal-no±¢
 []


Underfull \hbox (badness 1184) in paragraph at lines 31--39
\T1/phv/m/n/10 po-zio-m¡, nie-za-le»-no±¢ kom-po-nen-tów oraz wi¦k-sz¡ ela-stycz-no±¢ w za-kre-sie opty-ma-li-za-cji
 []


Underfull \hbox (badness 1796) in paragraph at lines 31--39
\T1/phv/m/n/10 wy-bra-nych ob-sza-rów sys-te-mu. Jed-no-cze-±nie mi-kro-ser-wi-sy wpro-wa-dza-j¡ kosz-ty zwi¡-za-ne
 []


Underfull \hbox (badness 1845) in paragraph at lines 31--39
\T1/phv/m/n/10 z ko-mu-ni-ka-cj¡ mi¦-dzy usªu-ga-mi, zªo-»o-no-±ci¡ in-fra-struk-tu-ry oraz wi¦k-szym na-kªa-dem na
 []


Underfull \hbox (badness 1675) in paragraph at lines 40--45
\T1/phv/m/n/10 opro-gra-mo-wa-nia oraz pro-po-zy-cj¡ kie-run-ków dal-szych ba-da«, obej-mu-j¡-cych m.in. ana-li-z¦
 []

) (chapters/chapter0_abstract.tex [2{C:/Users/User/AppData/Local/MiKTeX/fonts/map/pdftex/pdftex.map}{C:/Users/User/AppData/Local/Programs/MiKTeX/fonts/enc/dvips/base/8r.enc}]) [3]
No file main.toc.
\tf@toc=\write6
\openout6 = `main.toc'.

[4

] (chapters/list_of_abbreviations.tex
LaTeX Font Info:    Trying to load font information for TS1+phv on input line 2.
 (C:\Users\User\AppData\Local\Programs\MiKTeX\tex/latex/psnfss\ts1phv.fd
File: ts1phv.fd 2020/03/25 scalable font definitions for TS1/phv.
)) [5

]
Rozdzia\PlPrIeC {\l } 1.
(chapters/chapter1_intro.tex

LaTeX Warning: Citation 'warren2020epidemiology' on page 6 undefined on input line 6.


LaTeX Warning: Reference `fig:special_diets' on page 6 undefined on input line 6.


LaTeX Warning: Citation 'martin2020prescription' on page 6 undefined on input line 6.

<./images/special_diets_graph.png, id=49, 562.1pt x 341.275pt>
File: ./images/special_diets_graph.png Graphic file (type png)
<use ./images/special_diets_graph.png>
Package pdftex.def Info: ./images/special_diets_graph.png  used on input line 10.
(pdftex.def)             Requested size: 341.43439pt x 207.29738pt.

LaTeX Warning: Citation 'martin2020prescription' on page 6 undefined on input line 11.


LaTeX Warning: Citation 'martin2020prescription' on page 6 undefined on input line 11.


LaTeX Warning: Citation 'foodiversity2024' on page 6 undefined on input line 14.


LaTeX Warning: Citation 'foodiversity2024' on page 6 undefined on input line 14.

[6

 <./images/special_diets_graph.png>]

LaTeX Warning: Reference `section:existing_solutions' on page 7 undefined on input line 18.


LaTeX Warning: Reference `section:existing_solutions' on page 7 undefined on input line 18.


LaTeX Warning: Citation 'howweeat' on page 7 undefined on input line 18.


LaTeX Warning: Reference `chapter:requirements' on page 7 undefined on input line 27.


LaTeX Warning: Reference `chapter:methodology' on page 7 undefined on input line 27.


LaTeX Warning: Reference `chapter:data' on page 7 undefined on input line 29.


LaTeX Warning: Reference `chapter:system_design' on page 7 undefined on input line 29.


LaTeX Warning: Reference `chapter:testing' on page 7 undefined on input line 31.

) [7]
Rozdzia\PlPrIeC {\l } 2.
(chapters/chapter2_research.tex
LaTeX Font Info:    Font shape `T1/phv/m/it' in size <10> not available
(Font)              Font shape `T1/phv/m/sl' tried instead on input line 3.


LaTeX Warning: Citation 'martin2020prescription' on page 8 undefined on input line 4.


Underfull \hbox (badness 1412) in paragraph at lines 4--5
[]\T1/phv/m/n/10 In re-cent years, the-re has be-en a no-ta-ble in-cre-ase in pe-ople fol-lo-wing spe-ci-fic
 []


LaTeX Warning: Citation 'martin2020prescription' on page 8 undefined on input line 6.


LaTeX Warning: Citation 'haddon2024genz' on page 8 undefined on input line 6.


LaTeX Warning: Citation 'fortune2024gym' on page 8 undefined on input line 6.


LaTeX Warning: Citation 'whoAllergy' on page 8 undefined on input line 8.


LaTeX Warning: Citation 'foodallergy' on page 8 undefined on input line 8.


LaTeX Warning: Citation 'WhyVegan' on page 8 undefined on input line 10.


LaTeX Warning: Citation 'WhyVegan' on page 8 undefined on input line 10.


LaTeX Warning: Reference `fig:Why people become vegan and vegetarians' on page 8 undefined on input line 10.

[8

]
<images/vv.png, id=71, 498.663pt x 343.2825pt>
File: images/vv.png Graphic file (type png)
<use images/vv.png>
Package pdftex.def Info: images/vv.png  used on input line 14.
(pdftex.def)             Requested size: 341.43439pt x 235.04756pt.


LaTeX Warning: Citation '2021Vegan' on page 9 undefined on input line 15.


LaTeX Warning: Citation '2021Vegan' on page 9 undefined on input line 15.


LaTeX Warning: Reference `tab:all_diets_overview' on page 9 undefined on input line 22.

LaTeX Font Info:    Trying to load font information for OT1+ztmcm on input line 38.
(C:\Users\User\AppData\Local\Programs\MiKTeX\tex/latex/psnfss\ot1ztmcm.fd
File: ot1ztmcm.fd 2000/01/03 Fontinst v1.801 font definitions for OT1/ztmcm.
)
LaTeX Font Info:    Trying to load font information for OML+ztmcm on input line 38.
 (C:\Users\User\AppData\Local\Programs\MiKTeX\tex/latex/psnfss\omlztmcm.fd
File: omlztmcm.fd 2000/01/03 Fontinst v1.801 font definitions for OML/ztmcm.
)
LaTeX Font Info:    Trying to load font information for OMS+ztmcm on input line 38.
 (C:\Users\User\AppData\Local\Programs\MiKTeX\tex/latex/psnfss\omsztmcm.fd
File: omsztmcm.fd 2000/01/03 Fontinst v1.801 font definitions for OMS/ztmcm.
)
LaTeX Font Info:    Trying to load font information for OMX+ztmcm on input line 38.
 (C:\Users\User\AppData\Local\Programs\MiKTeX\tex/latex/psnfss\omxztmcm.fd
File: omxztmcm.fd 2000/01/03 Fontinst v1.801 font definitions for OMX/ztmcm.
)
LaTeX Font Info:    Trying to load font information for OT1+ptm on input line 38.
 (C:\Users\User\AppData\Local\Programs\MiKTeX\tex/latex/psnfss\ot1ptm.fd
File: ot1ptm.fd 2001/06/04 font definitions for OT1/ptm.
)
LaTeX Font Info:    Font shape `OT1/ptm/bx/n' in size <10> not available
(Font)              Font shape `OT1/ptm/b/n' tried instead on input line 38.
LaTeX Font Info:    Font shape `OT1/ptm/bx/n' in size <7.4> not available
(Font)              Font shape `OT1/ptm/b/n' tried instead on input line 38.
LaTeX Font Info:    Font shape `OT1/ptm/bx/n' in size <6> not available
(Font)              Font shape `OT1/ptm/b/n' tried instead on input line 38.
 [9 <./images/vv.png>]

LaTeX Warning: Citation 'lowcalories' on page 10 undefined on input line 47.


Underfull \hbox (badness 10000) in paragraph at lines 46--48

 []


LaTeX Warning: Citation 'keto1' on page 10 undefined on input line 49.


LaTeX Warning: Reference `tab:keto' on page 10 undefined on input line 56.


LaTeX Warning: Citation 'ketotable1' on page 10 undefined on input line 56.


LaTeX Warning: Citation 'ketotab2' on page 10 undefined on input line 56.

LaTeX Font Info:    Font shape `OT1/ptm/bx/n' in size <7> not available
(Font)              Font shape `OT1/ptm/b/n' tried instead on input line 61.
LaTeX Font Info:    Font shape `OT1/ptm/bx/n' in size <5> not available
(Font)              Font shape `OT1/ptm/b/n' tried instead on input line 61.
[10]

LaTeX Warning: Citation 'allergybig9' on page 11 undefined on input line 81.


LaTeX Warning: Citation 'WhatIsGluten' on page 11 undefined on input line 98.


LaTeX Warning: Reference `tab:gluten' on page 11 undefined on input line 102.


LaTeX Warning: Citation 'GlutenFreeDiet' on page 11 undefined on input line 102.


LaTeX Warning: Citation 'GlutenFreeSubstitutions' on page 11 undefined on input line 102.


LaTeX Warning: Citation 'ActivateGlutenFree' on page 11 undefined on input line 102.

[11]

LaTeX Warning: Citation 'ArizonaDigestive2024Lactose' on page 12 undefined on input line 142.


LaTeX Warning: Reference `tab:dairyfree' on page 12 undefined on input line 144.


LaTeX Warning: Citation 'BBCDairyFree' on page 12 undefined on input line 144.


LaTeX Warning: Citation 'HealthLactoseFreeDiet' on page 12 undefined on input line 144.

[12]

LaTeX Warning: Citation '2021Vegan' on page 13 undefined on input line 180.


LaTeX Warning: Reference `fig:vegansvsvegetarian' on page 13 undefined on input line 180.

<images/vvsv.png, id=98, 416.757pt x 213.79875pt>
File: images/vvsv.png Graphic file (type png)
<use images/vvsv.png>
Package pdftex.def Info: images/vvsv.png  used on input line 184.
(pdftex.def)             Requested size: 341.43439pt x 175.1595pt.

LaTeX Warning: Citation '2021Vegan' on page 13 undefined on input line 185.


LaTeX Warning: Citation '2021Vegan' on page 13 undefined on input line 185.


LaTeX Warning: Reference `tab:vegansub' on page 13 undefined on input line 189.

[13 <./images/vvsv.png>]

LaTeX Warning: Reference `tab:existing_solutions' on page 14 undefined on input line 245.


Underfull \hbox (badness 7116) in paragraph at lines 247--248
[]\T1/phv/m/n/10 Further de-ta-ils on the spe-ci-fic re-qu-ire-ments and func-tio-na-li-ties, de-sign and
 []

[14]
LaTeX Font Info:    Font shape `OT1/ptm/bx/n' in size <14.4> not available
(Font)              Font shape `OT1/ptm/b/n' tried instead on input line 293.
LaTeX Font Info:    Font shape `OT1/ptm/bx/n' in size <10.95> not available
(Font)              Font shape `OT1/ptm/b/n' tried instead on input line 293.
LaTeX Font Info:    Font shape `OT1/ptm/bx/n' in size <8> not available
(Font)              Font shape `OT1/ptm/b/n' tried instead on input line 293.
 [15

])
Rozdzia\PlPrIeC {\l } 3.
(chapters/chapter3_req.tex

LaTeX Warning: Citation 'RealEstatePlanning' on page 16 undefined on input line 4.


LaTeX Warning: Citation 'CriticalSuccessFactors' on page 16 undefined on input line 5.


LaTeX Warning: Citation 'ClarityInRequirements' on page 16 undefined on input line 7.


LaTeX Warning: Citation 'BestPractisesRE' on page 16 undefined on input line 9.


LaTeX Warning: Citation 'BestPractisesRE' on page 16 undefined on input line 9.


LaTeX Warning: Citation 'FailuresStatisticaResearch' on page 16 undefined on input line 11.


Underfull \hbox (badness 1205) in paragraph at lines 11--12
\T1/phv/m/n/10 of po-or-ly ga-the-red ones. Stu-dy from 2015 ^^PLe-ading re-asons for so-ftwa-re pro-ject fa-ilu-re
 []

[16


]
<images/statisticaresearch.png, id=125, 1768.6075pt x 1104.125pt>
File: images/statisticaresearch.png Graphic file (type png)
<use images/statisticaresearch.png>
Package pdftex.def Info: images/statisticaresearch.png  used on input line 15.
(pdftex.def)             Requested size: 490.80746pt x 306.40674pt.

Overfull \hbox (64.0161pt too wide) in paragraph at lines 15--16
 [][] 
 []


LaTeX Warning: Citation 'FailuresStatisticaResearch' on page 17 undefined on input line 16.


LaTeX Warning: Citation 'FailuresStatisticaResearch' on page 17 undefined on input line 16.


LaTeX Warning: Citation 'MediumRequirementsAnalysis' on page 17 undefined on input line 24.


LaTeX Warning: Citation 'CombineMethods' on page 17 undefined on input line 24.


Underfull \hbox (badness 1755) in paragraph at lines 24--25
[]\T1/phv/m/n/10 There are nu-me-ro-us tech-ni-qu-es that are used du-ring the pro-cess of ga-the-ring
 []

[17 <./images/statisticaresearch.png>]
<images/Personas/1.png, id=133, 1343.77031pt x 813.0375pt>
File: images/Personas/1.png Graphic file (type png)
<use images/Personas/1.png>
Package pdftex.def Info: images/Personas/1.png  used on input line 31.
(pdftex.def)             Requested size: 426.79137pt x 258.22958pt.
<images/Personas/2.png, id=134, 1293.33188pt x 813.0375pt>
File: images/Personas/2.png Graphic file (type png)
<use images/Personas/2.png>
Package pdftex.def Info: images/Personas/2.png  used on input line 41.
(pdftex.def)             Requested size: 426.79137pt x 268.2908pt.
 [18 <./images/Personas/1.png>]
<images/Personas/3.png, id=141, 1309.14093pt x 813.0375pt>
File: images/Personas/3.png Graphic file (type png)
<use images/Personas/3.png>
Package pdftex.def Info: images/Personas/3.png  used on input line 51.
(pdftex.def)             Requested size: 426.79137pt x 265.05284pt.


LaTeX Warning: Citation 'UserStories' on page 19 undefined on input line 59.


LaTeX Warning: Citation 'UserStories' on page 19 undefined on input line 59.


Underfull \hbox (badness 1466) in paragraph at lines 59--60
[]\T1/phv/m/n/10 'Most of the user sto-ry ad-op-ters (94 %) use them in com-bi-na-tion with Scrum'
 []

[19 <./images/Personas/2.png> <./images/Personas/3.png>]

LaTeX Warning: Citation 'Prototype' on page 20 undefined on input line 61.

) [20]
Rozdzia\PlPrIeC {\l } 4.
(chapters/chapter4_methodology.tex
Underfull \hbox (badness 10000) in paragraph at lines 18--18
[]|\T1/phv/b/n/10 Team
 []


Overfull \hbox (7.5438pt too wide) in paragraph at lines 18--19
[]|\T1/phv/b/n/10 Collaboration
 []


Underfull \hbox (badness 10000) in paragraph at lines 20--20
[]|\T1/phv/m/n/10 Software
 []


Underfull \hbox (badness 10000) in paragraph at lines 20--20
[]|\T1/phv/m/n/10 Python, PL/SQL,
 []


Underfull \hbox (badness 10000) in paragraph at lines 22--22
[]|\T1/phv/m/n/10 Wiktor
 []


Underfull \hbox (badness 10000) in paragraph at lines 22--22
[]|\T1/phv/m/n/10 Software
 []


Underfull \hbox (badness 10000) in paragraph at lines 22--22
[]|\T1/phv/m/n/10 Software En-gi-ne-er at
 []


Underfull \hbox (badness 10000) in paragraph at lines 22--22
[]|\T1/phv/m/n/10 JAVA, Ja-va-Script,
 []


Underfull \hbox (badness 10000) in paragraph at lines 22--22
\T1/phv/m/n/10 SQL, GCP,
 []


Underfull \hbox (badness 10000) in paragraph at lines 24--24
[]|\T1/phv/m/n/10 Agnieszka
 []


Underfull \hbox (badness 10000) in paragraph at lines 24--24
[]|\T1/phv/m/n/10 Scrum
 []


Underfull \hbox (badness 1448) in paragraph at lines 24--24
[]|\T1/phv/m/n/10 MS SQL, Py-thon,
 []


Overfull \hbox (5.49438pt too wide) in paragraph at lines 16--27
 [][] 
 []

[21

]

LaTeX Warning: Reference `chapter:requirements' on page 22 undefined on input line 57.


LaTeX Warning: Citation 'TechnicalTaskBacklog' on page 22 undefined on input line 57.


LaTeX Warning: Reference `chapter:appendixA' on page 22 undefined on input line 57.

[22] [23])
Rozdzia\PlPrIeC {\l } 5.
(chapters/chapter5_data.tex

LaTeX Warning: Citation 'mealdb' on page 24 undefined on input line 4.


LaTeX Warning: Citation 'mealdb-faq' on page 24 undefined on input line 4.


LaTeX Warning: Citation 'nutritionix' on page 24 undefined on input line 6.

[24

]

LaTeX Warning: Citation 'dbdiagram' on page 25 undefined on input line 15.



pdfTeX warning: pdflatex (file ./meta/pdf_attachments/schema_pdf.pdf): PDF inclusion: found PDF version <1.7>, but at most version <1.5> allowed
<meta/pdf_attachments/schema_pdf.pdf, id=187, 888.44275pt x 1221.23232pt>
File: meta/pdf_attachments/schema_pdf.pdf Graphic file (type pdf)
<use meta/pdf_attachments/schema_pdf.pdf>
Package pdftex.def Info: meta/pdf_attachments/schema_pdf.pdf  used on input line 20.
(pdftex.def)             Requested size: 426.79137pt x 586.65073pt.
[25]

LaTeX Warning: Reference `chapter:appendixB' on page 26 undefined on input line 24.


LaTeX Warning: Citation 'Requests' on page 26 undefined on input line 28.


LaTeX Warning: Citation 'nutritionix' on page 26 undefined on input line 28.

\pydata@fh@0=\write7
\openout7 = `_FAD58DE7366495DB4650CFEFAC2FCD61.data.minted'.

runsystem(latexminted config  --timestamp 20251209195842 FAD58DE7366495DB4650CFEFAC2FCD61)...disabled (restricted).


chapters/chapter5_data.tex:47: Package minted Error: minted v3+ executable is not installed, is not added to PATH, or is not permitted with restricted shell escape; or MiKTeX is being used with -aux-directory or -output-directory without setting a TEXMF_OUTPUT_DIRECTORY environment variable.

See the minted package documentation for explanation.
Type  H <return>  for immediate help.
 ...                                              
                                                  
l.47 \end{minted}
                 
This error message was generated by an \errmessage
command, so I can't give any explicit help.
Pretend that you're Hercule Poirot: Examine all clues,
and deduce the truth by order and method.


chapters/chapter5_data.tex:47: Package minted Error: Missing definition for highlighting style "default" (minted executable is unavailable or disabled); attempting to substitute fallback style.

See the minted package documentation for explanation.
Type  H <return>  for immediate help.
 ...                                              
                                                  
l.47 \end{minted}
                 
(That was another \errmessage.)


chapters/chapter5_data.tex:47: Package minted Error: Cannot highlight code (minted executable is unavailable or disabled); attempting to typeset without highlighting.

See the minted package documentation for explanation.
Type  H <return>  for immediate help.
 ...                                              
                                                  
l.47 \end{minted}
                 
(That was another \errmessage.)

[26 <./meta/pdf_attachments/schema_pdf.pdf>]
LaTeX Font Info:    Trying to load font information for T1+ptm on input line 47.
 (C:\Users\User\AppData\Local\Programs\MiKTeX\tex/latex/psnfss\t1ptm.fd
File: t1ptm.fd 2001/06/04 font definitions for T1/ptm.
)

Package caption Warning: The option `hypcap=true' will be ignored for this
(caption)                particular \caption on input line 48.
See the caption package documentation for explanation.


LaTeX Warning: Citation 'ETL-process' on page 27 undefined on input line 52.


LaTeX Warning: Reference `fig:python-requests' on page 27 undefined on input line 54.


Underfull \hbox (badness 1708) in paragraph at lines 54--55
[]\T1/phv/m/n/10 To start with, the co-de snip-pet in Fi-gu-re [] pre-sents a sim-ple extrac-tion and
 []

[27]

chapters/chapter5_data.tex:68: Package minted Error: Cannot highlight code (minted executable is unavailable or disabled); attempting to typeset without highlighting.

See the minted package documentation for explanation.
Type  H <return>  for immediate help.
 ...                                              
                                                  
l.68 \end{minted}
                 
(That was another \errmessage.)


Package caption Warning: The option `hypcap=true' will be ignored for this
(caption)                particular \caption on input line 69.
See the caption package documentation for explanation.


LaTeX Warning: Citation 'python-replace' on page 28 undefined on input line 72.


LaTeX Warning: Reference `fig:python-requests' on page 28 undefined on input line 72.


chapters/chapter5_data.tex:93: Package minted Error: Cannot highlight code (minted executable is unavailable or disabled); attempting to typeset without highlighting.

See the minted package documentation for explanation.
Type  H <return>  for immediate help.
 ...                                              
                                                  
l.93 \end{minted}
                 
(That was another \errmessage.)


Package caption Warning: The option `hypcap=true' will be ignored for this
(caption)                particular \caption on input line 94.
See the caption package documentation for explanation.


LaTeX Warning: Citation 'Postgres' on page 28 undefined on input line 97.


LaTeX Warning: Citation 'python-cursor' on page 28 undefined on input line 97.


chapters/chapter5_data.tex:126: Package minted Error: Cannot highlight code (minted executable is unavailable or disabled); attempting to typeset without highlighting.

See the minted package documentation for explanation.
Type  H <return>  for immediate help.
 ...                                              
                                                  
l.126 \end{minted}
                  
(That was another \errmessage.)

[28

]

Package caption Warning: The option `hypcap=true' will be ignored for this
(caption)                particular \caption on input line 127.
See the caption package documentation for explanation.


chapters/chapter5_data.tex:145: Package minted Error: Cannot highlight code (minted executable is unavailable or disabled); attempting to typeset without highlighting.

See the minted package documentation for explanation.
Type  H <return>  for immediate help.
 ...                                              
                                                  
l.145 \end{minted}
                  
(That was another \errmessage.)

[29]

Package caption Warning: The option `hypcap=true' will be ignored for this
(caption)                particular \caption on input line 146.
See the caption package documentation for explanation.


LaTeX Warning: Citation 'Postgres' on page 30 undefined on input line 150.

) [30]
Rozdzia\PlPrIeC {\l } 6.
(chapters/chapter6_sys_design.tex
<images/Prototype/screen1.png, id=225, 920.68968pt x 590.205pt>
File: images/Prototype/screen1.png Graphic file (type png)
<use images/Prototype/screen1.png>
Package pdftex.def Info: images/Prototype/screen1.png  used on input line 17.
(pdftex.def)             Requested size: 192.05481pt x 123.10916pt.
<images/Prototype/screen2.png, id=226, 925.20656pt x 602.25pt>
File: images/Prototype/screen2.png Graphic file (type png)
<use images/Prototype/screen2.png>
Package pdftex.def Info: images/Prototype/screen2.png  used on input line 19.
(pdftex.def)             Requested size: 192.05481pt x 125.01508pt.
<images/Prototype/screen3.png, id=227, 919.18407pt x 608.2725pt>
File: images/Prototype/screen3.png Graphic file (type png)
<use images/Prototype/screen3.png>
Package pdftex.def Info: images/Prototype/screen3.png  used on input line 23.
(pdftex.def)             Requested size: 192.05481pt x 127.0913pt.
<images/Prototype/screen4.png, id=228, 921.4425pt x 591.71063pt>
File: images/Prototype/screen4.png Graphic file (type png)
<use images/Prototype/screen4.png>
Package pdftex.def Info: images/Prototype/screen4.png  used on input line 25.
(pdftex.def)             Requested size: 192.05481pt x 123.3239pt.
 [31

 <./images/Prototype/screen1.png> <./images/Prototype/screen2.png> <./images/Prototype/screen3.png> <./images/Prototype/screen4.png>]

LaTeX Warning: Reference `fig:restController' on page 32 undefined on input line 41.


chapters/chapter6_sys_design.tex:61: Package minted Error: Cannot highlight code (minted executable is unavailable or disabled); attempting to typeset without highlighting.

See the minted package documentation for explanation.
Type  H <return>  for immediate help.
 ...                                              
                                                  
l.61 \end{minted}
                 
(That was another \errmessage.)


Package caption Warning: The option `hypcap=true' will be ignored for this
(caption)                particular \caption on input line 62.
See the caption package documentation for explanation.

[32]

LaTeX Warning: Reference `fig:mvc' on page 33 undefined on input line 69.

<images/mvc.pdf, id=249, 1267.85669pt x 732.81775pt>
File: images/mvc.pdf Graphic file (type pdf)
<use images/mvc.pdf>
Package pdftex.def Info: images/mvc.pdf  used on input line 72.
(pdftex.def)             Requested size: 341.43439pt x 197.34906pt.

LaTeX Warning: Reference `subsec:Frontend: Angular' on page 33 undefined on input line 80.


LaTeX Warning: Citation 'openapi-documentation' on page 33 undefined on input line 82.


LaTeX Warning: Reference `fig:swagger-ui' on page 33 undefined on input line 82.

<images/swagger-ui.png, id=250, 1448.41125pt x 730.73pt>
File: images/swagger-ui.png Graphic file (type png)
<use images/swagger-ui.png>
Package pdftex.def Info: images/swagger-ui.png  used on input line 85.
(pdftex.def)             Requested size: 426.79137pt x 215.31818pt.
[33 <./images/mvc.pdf>]

LaTeX Warning: Citation 'angular-documentation' on page 34 undefined on input line 91.


LaTeX Warning: Citation 'RxJS' on page 34 undefined on input line 93.


LaTeX Warning: Reference `fig:two-way-data-binding' on page 34 undefined on input line 95.

<images/2wouW.jpg, id=266, 642.4pt x 437.635pt>
File: images/2wouW.jpg Graphic file (type jpg)
<use images/2wouW.jpg>
Package pdftex.def Info: images/2wouW.jpg  used on input line 99.
(pdftex.def)             Requested size: 256.07742pt x 174.45657pt.
[34 <./images/swagger-ui.png>]

LaTeX Warning: Citation 'jpa-documentation' on page 35 undefined on input line 108.


LaTeX Warning: Reference `fig:jpa-table' on page 35 undefined on input line 112.

[35 <./images/2wouW.jpg>]

chapters/chapter6_sys_design.tex:130: Package minted Error: Cannot highlight code (minted executable is unavailable or disabled); attempting to typeset without highlighting.

See the minted package documentation for explanation.
Type  H <return>  for immediate help.
 ...                                              
                                                  
l.130 \end{minted}
                  
(That was another \errmessage.)


Package caption Warning: The option `hypcap=true' will be ignored for this
(caption)                particular \caption on input line 131.
See the caption package documentation for explanation.


LaTeX Warning: Reference `fig:jpa-mapping' on page 36 undefined on input line 135.


chapters/chapter6_sys_design.tex:140: Package minted Error: Cannot highlight code (minted executable is unavailable or disabled); attempting to typeset without highlighting.

See the minted package documentation for explanation.
Type  H <return>  for immediate help.
 ...                                              
                                                  
l.140 \end{minted}
                  
(That was another \errmessage.)


Package caption Warning: The option `hypcap=true' will be ignored for this
(caption)                particular \caption on input line 141.
See the caption package documentation for explanation.


LaTeX Warning: Reference `fig:jpa-repository' on page 36 undefined on input line 145.


chapters/chapter6_sys_design.tex:157: Package minted Error: Cannot highlight code (minted executable is unavailable or disabled); attempting to typeset without highlighting.

See the minted package documentation for explanation.
Type  H <return>  for immediate help.
 ...                                              
                                                  
l.157 \end{minted}
                  
(That was another \errmessage.)


Package caption Warning: The option `hypcap=true' will be ignored for this
(caption)                particular \caption on input line 158.
See the caption package documentation for explanation.


LaTeX Warning: Citation 'redis' on page 36 undefined on input line 163.


Underfull \hbox (badness 1152) in paragraph at lines 163--164
\T1/phv/m/n/10 or ses-sion ma-na-ge-ment. Ma-king it an excel-lent cho-ice for sto-ring user ses-sions in the
 []

[36

]

LaTeX Warning: Reference `fig:RedisConfig' on page 37 undefined on input line 165.


chapters/chapter6_sys_design.tex:191: Package minted Error: Cannot highlight code (minted executable is unavailable or disabled); attempting to typeset without highlighting.

See the minted package documentation for explanation.
Type  H <return>  for immediate help.
 ...                                              
                                                  
l.191 \end{minted}
                  
(That was another \errmessage.)


Package caption Warning: The option `hypcap=true' will be ignored for this
(caption)                particular \caption on input line 192.
See the caption package documentation for explanation.


LaTeX Warning: Reference `fig:app.props' on page 37 undefined on input line 197.


chapters/chapter6_sys_design.tex:215: Package minted Error: Cannot highlight code (minted executable is unavailable or disabled); attempting to typeset without highlighting.

See the minted package documentation for explanation.
Type  H <return>  for immediate help.
 ...                                              
                                                  
l.215 \end{minted}
                  
(That was another \errmessage.)

[37]

Package caption Warning: The option `hypcap=true' will be ignored for this
(caption)                particular \caption on input line 216.
See the caption package documentation for explanation.


LaTeX Warning: Reference `fig:redisServer' on page 38 undefined on input line 220.


chapters/chapter6_sys_design.tex:244: Package minted Error: Cannot highlight code (minted executable is unavailable or disabled); attempting to typeset without highlighting.

See the minted package documentation for explanation.
Type  H <return>  for immediate help.
 ...                                              
                                                  
l.244 \end{minted}
                  
(That was another \errmessage.)


Package caption Warning: The option `hypcap=true' will be ignored for this
(caption)                particular \caption on input line 245.
See the caption package documentation for explanation.


LaTeX Warning: Reference `fig:EnablingRedisRepositories' on page 38 undefined on input line 251.


chapters/chapter6_sys_design.tex:272: Package minted Error: Cannot highlight code (minted executable is unavailable or disabled); attempting to typeset without highlighting.

See the minted package documentation for explanation.
Type  H <return>  for immediate help.
 ...                                              
                                                  
l.272 \end{minted}
                  
(That was another \errmessage.)

[38]

Package caption Warning: The option `hypcap=true' will be ignored for this
(caption)                particular \caption on input line 273.
See the caption package documentation for explanation.


LaTeX Warning: Citation 'containers' on page 39 undefined on input line 278.


LaTeX Warning: Citation 'Docker' on page 39 undefined on input line 280.


LaTeX Warning: Reference `fig:docker-compose' on page 39 undefined on input line 284.


chapters/chapter6_sys_design.tex:307: Package minted Error: Cannot highlight code (minted executable is unavailable or disabled); attempting to typeset without highlighting.

See the minted package documentation for explanation.
Type  H <return>  for immediate help.
 ...                                              
                                                  
l.307 \end{minted}
                  
(That was another \errmessage.)

[39]

Package caption Warning: The option `hypcap=true' will be ignored for this
(caption)                particular \caption on input line 308.
See the caption package documentation for explanation.


LaTeX Warning: Reference `subsec:Google App Engine Flex' on page 40 undefined on input line 311.


LaTeX Warning: Reference `fig:Dockerfile' on page 40 undefined on input line 311.


chapters/chapter6_sys_design.tex:326: Package minted Error: Cannot highlight code (minted executable is unavailable or disabled); attempting to typeset without highlighting.

See the minted package documentation for explanation.
Type  H <return>  for immediate help.
 ...                                              
                                                  
l.326 \end{minted}
                  
(That was another \errmessage.)


Package caption Warning: The option `hypcap=true' will be ignored for this
(caption)                particular \caption on input line 327.
See the caption package documentation for explanation.

[40]

LaTeX Warning: Citation 'Nginx' on page 41 undefined on input line 333.


LaTeX Warning: Reference `subsec:Google App Engine Flex' on page 41 undefined on input line 333.


LaTeX Warning: Citation 'GAE' on page 41 undefined on input line 343.


LaTeX Warning: Reference `fig:app.yaml' on page 41 undefined on input line 345.

[41]

chapters/chapter6_sys_design.tex:361: Package minted Error: Cannot highlight code (minted executable is unavailable or disabled); attempting to typeset without highlighting.

See the minted package documentation for explanation.
Type  H <return>  for immediate help.
 ...                                              
                                                  
l.361 \end{minted}
                  
(That was another \errmessage.)


Package caption Warning: The option `hypcap=true' will be ignored for this
(caption)                particular \caption on input line 362.
See the caption package documentation for explanation.


LaTeX Warning: Reference `GAE_monitoring' on page 42 undefined on input line 366.

<images/GAE_monitoring.png, id=318, 1216.545pt x 495.8525pt>
File: images/GAE_monitoring.png Graphic file (type png)
<use images/GAE_monitoring.png>
Package pdftex.def Info: images/GAE_monitoring.png  used on input line 369.
(pdftex.def)             Requested size: 426.79137pt x 173.95197pt.

LaTeX Warning: Citation 'Memorystore' on page 42 undefined on input line 376.

[42 <./images/GAE_monitoring.png>]

LaTeX Warning: Citation 'Postgres' on page 43 undefined on input line 380.


LaTeX Warning: Reference `subsection:Memorystore: Redis' on page 43 undefined on input line 380.


LaTeX Warning: Reference `fig:postgres-connection' on page 43 undefined on input line 380.


chapters/chapter6_sys_design.tex:397: Package minted Error: Cannot highlight code (minted executable is unavailable or disabled); attempting to typeset without highlighting.

See the minted package documentation for explanation.
Type  H <return>  for immediate help.
 ...                                              
                                                  
l.397 \end{minted}
                  
(That was another \errmessage.)


Package caption Warning: The option `hypcap=true' will be ignored for this
(caption)                particular \caption on input line 398.
See the caption package documentation for explanation.


LaTeX Warning: Citation 'GAR' on page 43 undefined on input line 404.


LaTeX Warning: Reference `GAR_folders' on page 43 undefined on input line 404.

[43]
<images/gar-folders.png, id=334, 919.435pt x 182.6825pt>
File: images/gar-folders.png Graphic file (type png)
<use images/gar-folders.png>
Package pdftex.def Info: images/gar-folders.png  used on input line 408.
(pdftex.def)             Requested size: 426.79137pt x 84.80151pt.


LaTeX Warning: Reference `subsec:deployment-github-actions' on page 44 undefined on input line 419.

[44 <./images/gar-folders.png>]

LaTeX Warning: Reference `fig:ci_cd' on page 45 undefined on input line 432.

<meta/ci_cd_cropped.pdf, id=344, 244.67007pt x 301.28358pt>
File: meta/ci_cd_cropped.pdf Graphic file (type pdf)
<use meta/ci_cd_cropped.pdf>
Package pdftex.def Info: meta/ci_cd_cropped.pdf  used on input line 435.
(pdftex.def)             Requested size: 256.07742pt x 315.3457pt.
[45]

LaTeX Warning: Reference `fig:Current cloud infrastructure' on page 46 undefined on input line 441.


Underfull \hbox (badness 2088) in paragraph at lines 441--442
\T1/phv/m/n/10 culinary-user-service (bac-kend) com-mu-ni-ca-tes with Me-mo-ry-sto-re Re-dis for user ses-sion
 []

<meta/cloud_arch_cropped.pdf, id=350, 650.43pt x 789.91106pt>
File: meta/cloud_arch_cropped.pdf Graphic file (type pdf)
<use meta/cloud_arch_cropped.pdf>
Package pdftex.def Info: meta/cloud_arch_cropped.pdf  used on input line 445.
(pdftex.def)             Requested size: 256.07742pt x 310.99297pt.
[46 <./meta/ci_cd_cropped.pdf>]) [47 <./meta/cloud_arch_cropped.pdf>]
Rozdzia\PlPrIeC {\l } 7.
(chapters/chapter7_testing.tex

LaTeX Warning: Citation 'Junit' on page 48 undefined on input line 6.


LaTeX Warning: Citation 'Mockito' on page 48 undefined on input line 6.


LaTeX Warning: Reference `fig:unit-tests' on page 48 undefined on input line 6.


LaTeX Warning: Reference `fig:unit-tests' on page 48 undefined on input line 6.


LaTeX Warning: Reference `fig:unit-tests' on page 48 undefined on input line 8.


Underfull \hbox (badness 1102) in paragraph at lines 8--9
[]\T1/phv/m/n/10 A gre-at com-ple-ment to the JU-nit li-bra-ry is Moc-ki-to, a po-pu-lar li-bra-ry that helps
 []

[48

]

chapters/chapter7_testing.tex:43: Package minted Error: Cannot highlight code (minted executable is unavailable or disabled); attempting to typeset without highlighting.

See the minted package documentation for explanation.
Type  H <return>  for immediate help.
 ...                                              
                                                  
l.43 \end{minted}
                 
(That was another \errmessage.)


Package caption Warning: The option `hypcap=true' will be ignored for this
(caption)                particular \caption on input line 44.
See the caption package documentation for explanation.


LaTeX Warning: Citation 'JaCoCo' on page 49 undefined on input line 46.


LaTeX Warning: Hyper reference `subsec:deployment-github-actions' on page 49 undefined on input line 46.


LaTeX Warning: Reference `fig:jacoco-report' on page 49 undefined on input line 46.

<images/backend-test-converage.png, id=390, 487.8225pt x 297.11pt>
File: images/backend-test-converage.png Graphic file (type png)
<use images/backend-test-converage.png>
Package pdftex.def Info: images/backend-test-converage.png  used on input line 50.
(pdftex.def)             Requested size: 341.43439pt x 207.95291pt.
[49

]

LaTeX Warning: Citation 'TestScenario' on page 50 undefined on input line 58.

[50 <./images/backend-test-converage.png>]
Underfull \hbox (badness 10000) in paragraph at lines 76--77

 []


Underfull \hbox (badness 10000) in paragraph at lines 78--79

 []


Underfull \hbox (badness 10000) in paragraph at lines 80--81

 []

<meta/pdf_attachments/images/image1.png, id=406, 1864.9675pt x 812.03375pt>
File: meta/pdf_attachments/images/image1.png Graphic file (type png)
<use meta/pdf_attachments/images/image1.png>
Package pdftex.def Info: meta/pdf_attachments/images/image1.png  used on input line 84.
(pdftex.def)             Requested size: 426.79137pt x 185.82214pt.

Underfull \hbox (badness 10000) in paragraph at lines 88--89

 []


Underfull \hbox (badness 10000) in paragraph at lines 90--91

 []

<meta/pdf_attachments/images/image3.png, id=407, 1862.96pt x 869.2475pt>
File: meta/pdf_attachments/images/image3.png Graphic file (type png)
<use meta/pdf_attachments/images/image3.png>
Package pdftex.def Info: meta/pdf_attachments/images/image3.png  used on input line 94.
(pdftex.def)             Requested size: 426.79137pt x 199.14017pt.
[51 <./meta/pdf_attachments/images/image1.png>]
Underfull \hbox (badness 10000) in paragraph at lines 99--100

 []

<meta/pdf_attachments/images/image2.png, id=414, 1897.0875pt x 494.84875pt>
File: meta/pdf_attachments/images/image2.png Graphic file (type png)
<use meta/pdf_attachments/images/image2.png>
Package pdftex.def Info: meta/pdf_attachments/images/image2.png  used on input line 103.
(pdftex.def)             Requested size: 426.79137pt x 111.32106pt.
[52 <./meta/pdf_attachments/images/image3.png> <./meta/pdf_attachments/images/image2.png>]
Underfull \hbox (badness 10000) in paragraph at lines 128--134

 []

<meta/pdf_attachments/images/image5.png, id=424, 1347.0325pt x 786.94pt>
File: meta/pdf_attachments/images/image5.png Graphic file (type png)
<use meta/pdf_attachments/images/image5.png>
Package pdftex.def Info: meta/pdf_attachments/images/image5.png  used on input line 137.
(pdftex.def)             Requested size: 426.79137pt x 249.32834pt.

Underfull \hbox (badness 10000) in paragraph at lines 142--145

 []

<meta/pdf_attachments/images/image4.png, id=425, 882.29625pt x 753.81625pt>
File: meta/pdf_attachments/images/image4.png Graphic file (type png)
<use meta/pdf_attachments/images/image4.png>
Package pdftex.def Info: meta/pdf_attachments/images/image4.png  used on input line 148.
(pdftex.def)             Requested size: 426.79137pt x 364.64575pt.
[53 <./meta/pdf_attachments/images/image5.png>]
<meta/pdf_attachments/images/image7.png, id=432, 1755.55875pt x 806.01125pt>
File: meta/pdf_attachments/images/image7.png Graphic file (type png)
<use meta/pdf_attachments/images/image7.png>
Package pdftex.def Info: meta/pdf_attachments/images/image7.png  used on input line 157.
(pdftex.def)             Requested size: 426.79137pt x 195.94328pt.
 [54 <./meta/pdf_attachments/images/image4.png> <./meta/pdf_attachments/images/image7.png>]
Underfull \hbox (badness 10000) in paragraph at lines 182--187

 []

<meta/pdf_attachments/images/image8.png, id=441, 1815.78375pt x 460.72125pt>
File: meta/pdf_attachments/images/image8.png Graphic file (type png)
<use meta/pdf_attachments/images/image8.png>
Package pdftex.def Info: meta/pdf_attachments/images/image8.png  used on input line 190.
(pdftex.def)             Requested size: 426.79137pt x 108.29059pt.
<meta/pdf_attachments/images/image6.png, id=442, 1763.58875pt x 784.9325pt>
File: meta/pdf_attachments/images/image6.png Graphic file (type png)
<use meta/pdf_attachments/images/image6.png>
Package pdftex.def Info: meta/pdf_attachments/images/image6.png  used on input line 200.
(pdftex.def)             Requested size: 426.79137pt x 189.95663pt.
[55 <./meta/pdf_attachments/images/image8.png>]) [56 <./meta/pdf_attachments/images/image6.png>]
Rozdzia\PlPrIeC {\l } 8.
(chapters/summary.tex)

LaTeX Warning: Empty bibliography on input line 170.

[57

]
No file main.lof.
\tf@lof=\write8
\openout8 = `main.lof'.

[58

]
No file main.lot.
\tf@lot=\write9
\openout9 = `main.lot'.



pdfTeX warning: pdflatex (file ./meta/pdf_attachments/Jira.pdf): PDF inclusion: found PDF version <1.7>, but at most version <1.5> allowed
<meta/pdf_attachments/Jira.pdf, id=467, 597.4822pt x 845.1575pt>
File: meta/pdf_attachments/Jira.pdf Graphic file (type pdf)
<use meta/pdf_attachments/Jira.pdf>
Package pdftex.def Info: meta/pdf_attachments/Jira.pdf  used on input line 185.
(pdftex.def)             Requested size: 597.48073pt x 845.15544pt.


pdfTeX warning: pdflatex (file ./meta/pdf_attachments/Jira.pdf): PDF inclusion: found PDF version <1.7>, but at most version <1.5> allowed


pdfTeX warning: pdflatex (file ./meta/pdf_attachments/Jira.pdf): PDF inclusion: found PDF version <1.7>, but at most version <1.5> allowed
<meta/pdf_attachments/Jira.pdf, id=469, page=1, 597.4822pt x 845.1575pt>
File: meta/pdf_attachments/Jira.pdf Graphic file (type pdf)
<use meta/pdf_attachments/Jira.pdf, page 1>
Package pdftex.def Info: meta/pdf_attachments/Jira.pdf , page1 used on input line 185.
(pdftex.def)             Requested size: 597.48073pt x 845.15544pt.
File: meta/pdf_attachments/Jira.pdf Graphic file (type pdf)
<use meta/pdf_attachments/Jira.pdf, page 1>
Package pdftex.def Info: meta/pdf_attachments/Jira.pdf , page1 used on input line 185.
(pdftex.def)             Requested size: 477.9864pt x 676.12692pt.
[59

]
File: meta/pdf_attachments/Jira.pdf Graphic file (type pdf)
<use meta/pdf_attachments/Jira.pdf, page 1>
Package pdftex.def Info: meta/pdf_attachments/Jira.pdf , page1 used on input line 185.
(pdftex.def)             Requested size: 477.9864pt x 676.12692pt.
File: meta/pdf_attachments/Jira.pdf Graphic file (type pdf)
<use meta/pdf_attachments/Jira.pdf, page 1>
Package pdftex.def Info: meta/pdf_attachments/Jira.pdf , page1 used on input line 185.
(pdftex.def)             Requested size: 477.9864pt x 676.12692pt.
File: meta/pdf_attachments/Jira.pdf Graphic file (type pdf)
<use meta/pdf_attachments/Jira.pdf, page 1>
Package pdftex.def Info: meta/pdf_attachments/Jira.pdf , page1 used on input line 185.
(pdftex.def)             Requested size: 477.9864pt x 676.12692pt.
 [60

 <./meta/pdf_attachments/Jira.pdf>]
File: meta/pdf_attachments/Jira.pdf Graphic file (type pdf)
<use meta/pdf_attachments/Jira.pdf>
Package pdftex.def Info: meta/pdf_attachments/Jira.pdf  used on input line 186.
(pdftex.def)             Requested size: 597.48073pt x 845.15544pt.


pdfTeX warning: pdflatex (file ./meta/pdf_attachments/Jira.pdf): PDF inclusion: found PDF version <1.7>, but at most version <1.5> allowed


pdfTeX warning: pdflatex (file ./meta/pdf_attachments/Jira.pdf): PDF inclusion: found PDF version <1.7>, but at most version <1.5> allowed
<meta/pdf_attachments/Jira.pdf, id=499, page=2, 597.4822pt x 845.1575pt>
File: meta/pdf_attachments/Jira.pdf Graphic file (type pdf)
<use meta/pdf_attachments/Jira.pdf, page 2>
Package pdftex.def Info: meta/pdf_attachments/Jira.pdf , page2 used on input line 186.
(pdftex.def)             Requested size: 597.48073pt x 845.15544pt.
File: meta/pdf_attachments/Jira.pdf Graphic file (type pdf)
<use meta/pdf_attachments/Jira.pdf, page 2>
Package pdftex.def Info: meta/pdf_attachments/Jira.pdf , page2 used on input line 186.
(pdftex.def)             Requested size: 477.9864pt x 676.12692pt.
File: meta/pdf_attachments/Jira.pdf Graphic file (type pdf)
<use meta/pdf_attachments/Jira.pdf, page 2>
Package pdftex.def Info: meta/pdf_attachments/Jira.pdf , page2 used on input line 186.
(pdftex.def)             Requested size: 477.9864pt x 676.12692pt.
File: meta/pdf_attachments/Jira.pdf Graphic file (type pdf)
<use meta/pdf_attachments/Jira.pdf, page 2>
Package pdftex.def Info: meta/pdf_attachments/Jira.pdf , page2 used on input line 186.
(pdftex.def)             Requested size: 477.9864pt x 676.12692pt.
File: meta/pdf_attachments/Jira.pdf Graphic file (type pdf)
<use meta/pdf_attachments/Jira.pdf, page 2>
Package pdftex.def Info: meta/pdf_attachments/Jira.pdf , page2 used on input line 186.
(pdftex.def)             Requested size: 477.9864pt x 676.12692pt.
[61

 <./meta/pdf_attachments/Jira.pdf>]

pdfTeX warning: pdflatex (file ./meta/pdf_attachments/Jira.pdf): PDF inclusion: found PDF version <1.7>, but at most version <1.5> allowed
<meta/pdf_attachments/Jira.pdf, id=506, page=3, 597.4822pt x 845.1575pt>
File: meta/pdf_attachments/Jira.pdf Graphic file (type pdf)
<use meta/pdf_attachments/Jira.pdf, page 3>
Package pdftex.def Info: meta/pdf_attachments/Jira.pdf , page3 used on input line 186.
(pdftex.def)             Requested size: 477.9864pt x 676.12692pt.
File: meta/pdf_attachments/Jira.pdf Graphic file (type pdf)
<use meta/pdf_attachments/Jira.pdf, page 3>
Package pdftex.def Info: meta/pdf_attachments/Jira.pdf , page3 used on input line 186.
(pdftex.def)             Requested size: 477.9864pt x 676.12692pt.
File: meta/pdf_attachments/Jira.pdf Graphic file (type pdf)
<use meta/pdf_attachments/Jira.pdf, page 3>
Package pdftex.def Info: meta/pdf_attachments/Jira.pdf , page3 used on input line 186.
(pdftex.def)             Requested size: 477.9864pt x 676.12692pt.
[62

 <./meta/pdf_attachments/Jira.pdf>]

pdfTeX warning: pdflatex (file ./meta/pdf_attachments/Jira.pdf): PDF inclusion: found PDF version <1.7>, but at most version <1.5> allowed
<meta/pdf_attachments/Jira.pdf, id=512, page=4, 597.4822pt x 845.1575pt>
File: meta/pdf_attachments/Jira.pdf Graphic file (type pdf)
<use meta/pdf_attachments/Jira.pdf, page 4>
Package pdftex.def Info: meta/pdf_attachments/Jira.pdf , page4 used on input line 186.
(pdftex.def)             Requested size: 477.9864pt x 676.12692pt.
File: meta/pdf_attachments/Jira.pdf Graphic file (type pdf)
<use meta/pdf_attachments/Jira.pdf, page 4>
Package pdftex.def Info: meta/pdf_attachments/Jira.pdf , page4 used on input line 186.
(pdftex.def)             Requested size: 477.9864pt x 676.12692pt.
File: meta/pdf_attachments/Jira.pdf Graphic file (type pdf)
<use meta/pdf_attachments/Jira.pdf, page 4>
Package pdftex.def Info: meta/pdf_attachments/Jira.pdf , page4 used on input line 186.
(pdftex.def)             Requested size: 477.9864pt x 676.12692pt.
[63

 <./meta/pdf_attachments/Jira.pdf>]

pdfTeX warning: pdflatex (file ./meta/data_dictionary.pdf): PDF inclusion: found PDF version <1.7>, but at most version <1.5> allowed
<meta/data_dictionary.pdf, id=518, 597.55246pt x 845.07718pt>
File: meta/data_dictionary.pdf Graphic file (type pdf)
<use meta/data_dictionary.pdf>
Package pdftex.def Info: meta/data_dictionary.pdf  used on input line 191.
(pdftex.def)             Requested size: 597.551pt x 845.07512pt.


pdfTeX warning: pdflatex (file ./meta/data_dictionary.pdf): PDF inclusion: found PDF version <1.7>, but at most version <1.5> allowed


pdfTeX warning: pdflatex (file ./meta/data_dictionary.pdf): PDF inclusion: found PDF version <1.7>, but at most version <1.5> allowed
<meta/data_dictionary.pdf, id=520, page=1, 597.55246pt x 845.07718pt>
File: meta/data_dictionary.pdf Graphic file (type pdf)
<use meta/data_dictionary.pdf, page 1>
Package pdftex.def Info: meta/data_dictionary.pdf , page1 used on input line 191.
(pdftex.def)             Requested size: 597.551pt x 845.07512pt.
File: meta/data_dictionary.pdf Graphic file (type pdf)
<use meta/data_dictionary.pdf, page 1>
Package pdftex.def Info: meta/data_dictionary.pdf , page1 used on input line 191.
(pdftex.def)             Requested size: 478.04262pt x 676.06267pt.
File: meta/data_dictionary.pdf Graphic file (type pdf)
<use meta/data_dictionary.pdf, page 1>
Package pdftex.def Info: meta/data_dictionary.pdf , page1 used on input line 191.
(pdftex.def)             Requested size: 478.04262pt x 676.06267pt.
File: meta/data_dictionary.pdf Graphic file (type pdf)
<use meta/data_dictionary.pdf, page 1>
Package pdftex.def Info: meta/data_dictionary.pdf , page1 used on input line 191.
(pdftex.def)             Requested size: 478.04262pt x 676.06267pt.
File: meta/data_dictionary.pdf Graphic file (type pdf)
<use meta/data_dictionary.pdf, page 1>
Package pdftex.def Info: meta/data_dictionary.pdf , page1 used on input line 191.
(pdftex.def)             Requested size: 478.04262pt x 676.06267pt.
[64

 <./meta/data_dictionary.pdf>]
File: meta/data_dictionary.pdf Graphic file (type pdf)
<use meta/data_dictionary.pdf>
Package pdftex.def Info: meta/data_dictionary.pdf  used on input line 192.
(pdftex.def)             Requested size: 597.551pt x 845.07512pt.


pdfTeX warning: pdflatex (file ./meta/data_dictionary.pdf): PDF inclusion: found PDF version <1.7>, but at most version <1.5> allowed


pdfTeX warning: pdflatex (file ./meta/data_dictionary.pdf): PDF inclusion: found PDF version <1.7>, but at most version <1.5> allowed
<meta/data_dictionary.pdf, id=546, page=2, 597.55246pt x 845.07718pt>
File: meta/data_dictionary.pdf Graphic file (type pdf)
<use meta/data_dictionary.pdf, page 2>
Package pdftex.def Info: meta/data_dictionary.pdf , page2 used on input line 192.
(pdftex.def)             Requested size: 597.551pt x 845.07512pt.
File: meta/data_dictionary.pdf Graphic file (type pdf)
<use meta/data_dictionary.pdf, page 2>
Package pdftex.def Info: meta/data_dictionary.pdf , page2 used on input line 192.
(pdftex.def)             Requested size: 478.04262pt x 676.06267pt.
File: meta/data_dictionary.pdf Graphic file (type pdf)
<use meta/data_dictionary.pdf, page 2>
Package pdftex.def Info: meta/data_dictionary.pdf , page2 used on input line 192.
(pdftex.def)             Requested size: 478.04262pt x 676.06267pt.
File: meta/data_dictionary.pdf Graphic file (type pdf)
<use meta/data_dictionary.pdf, page 2>
Package pdftex.def Info: meta/data_dictionary.pdf , page2 used on input line 192.
(pdftex.def)             Requested size: 478.04262pt x 676.06267pt.
File: meta/data_dictionary.pdf Graphic file (type pdf)
<use meta/data_dictionary.pdf, page 2>
Package pdftex.def Info: meta/data_dictionary.pdf , page2 used on input line 192.
(pdftex.def)             Requested size: 478.04262pt x 676.06267pt.
[65

 <./meta/data_dictionary.pdf>]

pdfTeX warning: pdflatex (file ./meta/data_dictionary.pdf): PDF inclusion: found PDF version <1.7>, but at most version <1.5> allowed
<meta/data_dictionary.pdf, id=559, page=3, 597.55246pt x 845.07718pt>
File: meta/data_dictionary.pdf Graphic file (type pdf)
<use meta/data_dictionary.pdf, page 3>
Package pdftex.def Info: meta/data_dictionary.pdf , page3 used on input line 192.
(pdftex.def)             Requested size: 478.04262pt x 676.06267pt.
File: meta/data_dictionary.pdf Graphic file (type pdf)
<use meta/data_dictionary.pdf, page 3>
Package pdftex.def Info: meta/data_dictionary.pdf , page3 used on input line 192.
(pdftex.def)             Requested size: 478.04262pt x 676.06267pt.
File: meta/data_dictionary.pdf Graphic file (type pdf)
<use meta/data_dictionary.pdf, page 3>
Package pdftex.def Info: meta/data_dictionary.pdf , page3 used on input line 192.
(pdftex.def)             Requested size: 478.04262pt x 676.06267pt.
[66

 <./meta/data_dictionary.pdf>]

pdfTeX warning: pdflatex (file ./meta/data_dictionary.pdf): PDF inclusion: found PDF version <1.7>, but at most version <1.5> allowed
<meta/data_dictionary.pdf, id=565, page=4, 597.55246pt x 845.07718pt>
File: meta/data_dictionary.pdf Graphic file (type pdf)
<use meta/data_dictionary.pdf, page 4>
Package pdftex.def Info: meta/data_dictionary.pdf , page4 used on input line 192.
(pdftex.def)             Requested size: 478.04262pt x 676.06267pt.
File: meta/data_dictionary.pdf Graphic file (type pdf)
<use meta/data_dictionary.pdf, page 4>
Package pdftex.def Info: meta/data_dictionary.pdf , page4 used on input line 192.
(pdftex.def)             Requested size: 478.04262pt x 676.06267pt.
File: meta/data_dictionary.pdf Graphic file (type pdf)
<use meta/data_dictionary.pdf, page 4>
Package pdftex.def Info: meta/data_dictionary.pdf , page4 used on input line 192.
(pdftex.def)             Requested size: 478.04262pt x 676.06267pt.
[67

 <./meta/data_dictionary.pdf>]

pdfTeX warning: pdflatex (file ./meta/data_dictionary.pdf): PDF inclusion: found PDF version <1.7>, but at most version <1.5> allowed
<meta/data_dictionary.pdf, id=572, page=5, 597.55246pt x 845.07718pt>
File: meta/data_dictionary.pdf Graphic file (type pdf)
<use meta/data_dictionary.pdf, page 5>
Package pdftex.def Info: meta/data_dictionary.pdf , page5 used on input line 192.
(pdftex.def)             Requested size: 478.04262pt x 676.06267pt.
File: meta/data_dictionary.pdf Graphic file (type pdf)
<use meta/data_dictionary.pdf, page 5>
Package pdftex.def Info: meta/data_dictionary.pdf , page5 used on input line 192.
(pdftex.def)             Requested size: 478.04262pt x 676.06267pt.
File: meta/data_dictionary.pdf Graphic file (type pdf)
<use meta/data_dictionary.pdf, page 5>
Package pdftex.def Info: meta/data_dictionary.pdf , page5 used on input line 192.
(pdftex.def)             Requested size: 478.04262pt x 676.06267pt.
[68

 <./meta/data_dictionary.pdf>]

pdfTeX warning: pdflatex (file ./meta/data_dictionary.pdf): PDF inclusion: found PDF version <1.7>, but at most version <1.5> allowed
<meta/data_dictionary.pdf, id=585, page=6, 597.55246pt x 845.07718pt>
File: meta/data_dictionary.pdf Graphic file (type pdf)
<use meta/data_dictionary.pdf, page 6>
Package pdftex.def Info: meta/data_dictionary.pdf , page6 used on input line 192.
(pdftex.def)             Requested size: 478.04262pt x 676.06267pt.
File: meta/data_dictionary.pdf Graphic file (type pdf)
<use meta/data_dictionary.pdf, page 6>
Package pdftex.def Info: meta/data_dictionary.pdf , page6 used on input line 192.
(pdftex.def)             Requested size: 478.04262pt x 676.06267pt.
File: meta/data_dictionary.pdf Graphic file (type pdf)
<use meta/data_dictionary.pdf, page 6>
Package pdftex.def Info: meta/data_dictionary.pdf , page6 used on input line 192.
(pdftex.def)             Requested size: 478.04262pt x 676.06267pt.
[69

 <./meta/data_dictionary.pdf>]

pdfTeX warning: pdflatex (file ./meta/data_dictionary.pdf): PDF inclusion: found PDF version <1.7>, but at most version <1.5> allowed
<meta/data_dictionary.pdf, id=591, page=7, 597.55246pt x 845.07718pt>
File: meta/data_dictionary.pdf Graphic file (type pdf)
<use meta/data_dictionary.pdf, page 7>
Package pdftex.def Info: meta/data_dictionary.pdf , page7 used on input line 192.
(pdftex.def)             Requested size: 478.04262pt x 676.06267pt.
File: meta/data_dictionary.pdf Graphic file (type pdf)
<use meta/data_dictionary.pdf, page 7>
Package pdftex.def Info: meta/data_dictionary.pdf , page7 used on input line 192.
(pdftex.def)             Requested size: 478.04262pt x 676.06267pt.
File: meta/data_dictionary.pdf Graphic file (type pdf)
<use meta/data_dictionary.pdf, page 7>
Package pdftex.def Info: meta/data_dictionary.pdf , page7 used on input line 192.
(pdftex.def)             Requested size: 478.04262pt x 676.06267pt.
[70

 <./meta/data_dictionary.pdf>]

pdfTeX warning: pdflatex (file ./meta/data_dictionary.pdf): PDF inclusion: found PDF version <1.7>, but at most version <1.5> allowed
<meta/data_dictionary.pdf, id=601, page=8, 597.55246pt x 845.07718pt>
File: meta/data_dictionary.pdf Graphic file (type pdf)
<use meta/data_dictionary.pdf, page 8>
Package pdftex.def Info: meta/data_dictionary.pdf , page8 used on input line 192.
(pdftex.def)             Requested size: 478.04262pt x 676.06267pt.
File: meta/data_dictionary.pdf Graphic file (type pdf)
<use meta/data_dictionary.pdf, page 8>
Package pdftex.def Info: meta/data_dictionary.pdf , page8 used on input line 192.
(pdftex.def)             Requested size: 478.04262pt x 676.06267pt.
File: meta/data_dictionary.pdf Graphic file (type pdf)
<use meta/data_dictionary.pdf, page 8>
Package pdftex.def Info: meta/data_dictionary.pdf , page8 used on input line 192.
(pdftex.def)             Requested size: 478.04262pt x 676.06267pt.
[71

 <./meta/data_dictionary.pdf>]

pdfTeX warning: pdflatex (file ./meta/data_dictionary.pdf): PDF inclusion: found PDF version <1.7>, but at most version <1.5> allowed
<meta/data_dictionary.pdf, id=607, page=9, 597.55246pt x 845.07718pt>
File: meta/data_dictionary.pdf Graphic file (type pdf)
<use meta/data_dictionary.pdf, page 9>
Package pdftex.def Info: meta/data_dictionary.pdf , page9 used on input line 192.
(pdftex.def)             Requested size: 478.04262pt x 676.06267pt.
File: meta/data_dictionary.pdf Graphic file (type pdf)
<use meta/data_dictionary.pdf, page 9>
Package pdftex.def Info: meta/data_dictionary.pdf , page9 used on input line 192.
(pdftex.def)             Requested size: 478.04262pt x 676.06267pt.
File: meta/data_dictionary.pdf Graphic file (type pdf)
<use meta/data_dictionary.pdf, page 9>
Package pdftex.def Info: meta/data_dictionary.pdf , page9 used on input line 192.
(pdftex.def)             Requested size: 478.04262pt x 676.06267pt.
[72

 <./meta/data_dictionary.pdf>]

pdfTeX warning: pdflatex (file ./meta/data_dictionary.pdf): PDF inclusion: found PDF version <1.7>, but at most version <1.5> allowed
<meta/data_dictionary.pdf, id=624, page=10, 597.55246pt x 845.07718pt>
File: meta/data_dictionary.pdf Graphic file (type pdf)
<use meta/data_dictionary.pdf, page 10>
Package pdftex.def Info: meta/data_dictionary.pdf , page10 used on input line 192.
(pdftex.def)             Requested size: 478.04262pt x 676.06267pt.
File: meta/data_dictionary.pdf Graphic file (type pdf)
<use meta/data_dictionary.pdf, page 10>
Package pdftex.def Info: meta/data_dictionary.pdf , page10 used on input line 192.
(pdftex.def)             Requested size: 478.04262pt x 676.06267pt.
File: meta/data_dictionary.pdf Graphic file (type pdf)
<use meta/data_dictionary.pdf, page 10>
Package pdftex.def Info: meta/data_dictionary.pdf , page10 used on input line 192.
(pdftex.def)             Requested size: 478.04262pt x 676.06267pt.
[73

 <./meta/data_dictionary.pdf>] (main.aux)
 ***********
LaTeX2e <2025-11-01>
L3 programming layer <2025-11-06>
 ***********


LaTeX Warning: There were undefined references.


LaTeX Warning: Label(s) may have changed. Rerun to get cross-references right.


Package biblatex Warning: Please (re)run Biber on the file:
(biblatex)                main
(biblatex)                and rerun LaTeX afterwards.

Package logreq Info: Writing requests to 'main.run.xml'.
\openout1 = `main.run.xml'.

 ) 
Here is how much of TeX's memory you used:
 41886 strings out of 467871
 833533 string characters out of 5418860
 1764353 words of memory out of 5000000
 69792 multiletter control sequences out of 15000+600000
 703072 words of font info for 147 fonts, out of 8000000 for 9000
 1141 hyphenation exceptions out of 8191
 95i,18n,108p,2052b,1889s stack positions out of 10000i,1000n,20000p,200000b,200000s
 <C:\Users\User\AppData\Local\MiKTeX\fonts/pk/ljfour/jknappen/ec/dpi600\ectt1200.pk> <C:\Users\User\AppData\Local\MiKTeX\fonts/pk/ljfour/jknappen/ec/dpi600\tctt1000.pk> <C:\Users\User\AppData\Local\MiKTeX\fonts/pk/ljfour/jknappen/ec/dpi600\ectt1000.pk><C:/Users/User/AppData/Local/Programs/MiKTeX/fonts/type1/urw/helvetic/uhvb8a.pfb><C:/Users/User/AppData/Local/Programs/MiKTeX/fonts/type1/urw/helvetic/uhvbo8a.pfb><C:/Users/User/AppData/Local/Programs/MiKTeX/fonts/type1/urw/helvetic/uhvr8a.pfb><C:/Users/User/AppData/Local/Programs/MiKTeX/fonts/type1/urw/helvetic/uhvro8a.pfb><C:/Users/User/AppData/Local/Programs/MiKTeX/fonts/type1/urw/times/utmr8a.pfb>
Output written on main.pdf (73 pages, 7607700 bytes).
PDF statistics:
 968 PDF objects out of 1000 (max. 8388607)
 181 named destinations out of 1000 (max. 500000)
 700 words of extra memory for PDF output out of 10000 (max. 10000000)

