timeStamp,elapsed,responseCode,success,grpThreads,allThreads,Latency
1767628235190,41,200,true,110,110,36
1767628235189,42,200,true,110,110,38
1767628235190,41,200,true,110,110,36
1767628235188,43,200,true,110,110,41
1767628235191,41,200,true,110,110,39
1767628235181,50,200,true,110,110,50
1767628235192,39,200,true,110,110,35
1767628235184,48,200,true,110,110,42
1767628235186,45,200,true,110,110,40
1767628235192,39,200,true,110,110,37
1767628235187,45,200,true,110,110,45
1767628235187,49,200,true,110,110,49
1767628235192,45,200,true,110,110,45
1767628235191,49,200,true,110,110,49
1767628235192,50,200,true,110,110,50
1767628235189,54,200,true,110,110,54
1767628235190,55,200,true,110,110,55
1767628235188,58,200,true,110,110,58
1767628235198,48,200,true,110,110,48
1767628235184,65,200,true,110,110,65
1767628235190,60,200,true,110,110,60
1767628235182,68,200,true,110,110,68
1767628235183,68,200,true,110,110,68
1767628235234,18,200,true,110,110,18
1767628235234,18,200,true,110,110,18
1767628235236,17,200,true,110,110,17
1767628235238,16,200,true,110,110,16
1767628235242,12,200,true,110,110,12
1767628235195,60,200,true,110,110,60
1767628235181,74,200,true,110,110,74
1767628235243,16,200,true,110,110,16
1767628235182,78,200,true,110,110,78
1767628235183,79,200,true,110,110,79
1767628235250,15,200,true,110,110,15
1767628235187,78,200,true,110,110,78
1767628235183,83,200,true,110,110,83
1767628235184,84,200,true,110,110,84
1767628235190,78,200,true,110,110,78
1767628235183,86,200,true,110,110,86
1767628235187,83,200,true,110,110,83
1767628235268,3,200,true,110,110,3
1767628235186,86,200,true,110,110,86
1767628235186,86,200,true,110,110,86
1767628235186,87,200,true,110,110,87
1767628235184,90,200,true,110,110,90
1767628235183,91,200,true,110,110,91
1767628235182,93,200,true,110,110,93
1767628235199,77,200,true,110,110,77
1767628235186,90,200,true,110,110,90
1767628235183,95,200,true,110,110,95
1767628235186,92,200,true,110,110,92
1767628235186,92,200,true,110,110,92
1767628235275,3,200,true,110,110,3
1767628235187,92,200,true,110,110,92
1767628235188,92,200,true,110,110,92
1767628235187,93,200,true,110,110,93
1767628235187,95,200,true,110,110,94
1767628235192,90,200,true,110,110,90
1767628235184,99,200,true,110,110,98
1767628235278,5,200,true,110,110,5
1767628235279,5,200,true,110,110,5
1767628235186,101,200,true,110,110,101
1767628235184,103,200,true,110,110,103
1767628235191,96,200,true,110,110,96
1767628235191,96,200,true,110,110,96
1767628235282,6,200,true,110,110,3
1767628235283,6,200,true,110,110,6
1767628235288,3,200,true,110,110,3
1767628235191,102,200,true,110,110,102
1767628235196,98,200,true,110,110,95
1767628235183,111,200,true,110,110,111
1767628235191,105,200,true,110,110,105
1767628235294,2,200,true,110,110,2
1767628235191,106,200,true,110,110,106
1767628235190,109,200,true,110,110,109
1767628235184,115,200,true,110,110,115
1767628235195,104,200,true,110,110,104
1767628235181,119,200,true,110,110,119
1767628235299,1,200,true,110,110,1
1767628235197,104,200,true,110,110,104
1767628235196,105,200,true,110,110,105
1767628235182,120,200,true,110,110,120
1767628235181,121,200,true,110,110,121
1767628235193,110,200,true,110,110,110
1767628235184,120,200,true,110,110,119
1767628235299,5,200,true,110,110,5
1767628235190,114,200,true,110,110,114
1767628235183,121,200,true,110,110,121
1767628235182,123,200,true,110,110,122
1767628235182,123,200,true,110,110,123
1767628235183,124,200,true,110,110,124
1767628235183,125,200,true,110,110,125
1767628235193,115,200,true,110,110,115
1767628235304,5,200,true,110,110,5
1767628235193,117,200,true,110,110,117
1767628235302,8,200,true,110,110,8
1767628235300,11,200,true,110,110,6
1767628235186,126,200,true,110,110,126
1767628235197,115,200,true,110,110,115
1767628235184,129,200,true,110,110,129
1767628235197,117,200,true,110,110,117
1767628235193,121,200,true,110,110,121
1767628235235,80,200,true,110,110,80
1767628235305,10,200,true,110,110,10
1767628235308,7,200,true,110,110,7
1767628235235,84,200,true,110,110,84
1767628235234,86,200,true,110,110,86
1767628235312,8,200,true,110,110,8
1767628235235,87,200,true,110,110,87
1767628235303,20,200,true,110,110,19
1767628235312,11,200,true,110,110,11
1767628235315,9,200,true,110,110,9
1767628235184,140,200,true,110,110,140
1767628235189,136,200,true,110,110,136
1767628235181,145,200,true,110,110,145
1767628235182,144,200,true,110,110,144
1767628235184,143,200,true,110,110,143
1767628235322,5,200,true,110,110,5
1767628235182,147,200,true,110,110,147
1767628235246,85,200,true,110,110,85
1767628235246,87,200,true,110,110,87
1767628235183,151,200,true,110,110,150
1767628235183,151,200,true,110,110,150
1767628235182,152,200,true,110,110,152
1767628235184,150,200,true,110,110,150
1767628235190,144,200,true,110,110,143
1767628235182,153,200,true,110,110,152
1767628235197,141,200,true,110,110,140
1767628235198,140,200,true,110,110,140
1767628235236,103,200,true,110,110,102
1767628235241,98,200,true,110,110,96
1767628235250,89,200,true,110,110,89
1767628235235,104,200,true,110,110,103
1767628235182,157,200,true,110,110,157
1767628235255,84,200,true,110,110,83
1767628235197,142,200,true,110,110,141
1767628235254,85,200,true,110,110,84
1767628235331,8,200,true,110,110,8
1767628235252,88,200,true,110,110,88
1767628235251,89,200,true,110,110,89
1767628235334,8,200,true,110,110,8
1767628235252,92,200,true,110,110,92
1767628235255,92,200,true,110,110,92
1767628235256,93,200,true,110,110,93
1767628235269,84,200,true,110,110,84
1767628235266,88,200,true,110,110,87
1767628235265,89,200,true,110,110,89
1767628235263,91,200,true,110,110,91
1767628235274,81,200,true,110,110,81
1767628235199,156,200,true,110,110,156
1767628235273,82,200,true,110,110,82
1767628235270,85,200,true,110,110,85
1767628235272,83,200,true,110,110,83
1767628235271,84,200,true,110,110,84
1767628235269,87,200,true,110,110,87
1767628235254,102,200,true,110,110,88
1767628235260,96,200,true,110,110,93
1767628235266,90,200,true,110,110,90
1767628235278,83,200,true,110,110,83
1767628235272,90,200,true,110,110,90
1767628235278,84,200,true,110,110,84
1767628235281,81,200,true,110,110,81
1767628235274,90,200,true,110,110,85
1767628235192,172,200,true,110,110,172
1767628235191,173,200,true,110,110,173
1767628235183,181,200,true,110,110,181
1767628235283,81,200,true,110,110,81
1767628235287,77,200,true,110,110,77
1767628235287,78,200,true,110,110,78
1767628235191,174,200,true,110,110,174
1767628235188,177,200,true,110,110,177
1767628235280,85,200,true,110,110,82
1767628235190,175,200,true,110,110,175
1767628235277,88,200,true,110,110,85
1767628235186,179,200,true,110,110,179
1767628235282,83,200,true,110,110,83
1767628235278,87,200,true,110,110,87
1767628235284,82,200,true,110,110,81
1767628235287,79,200,true,110,110,79
1767628235288,78,200,true,110,110,78
1767628235291,75,200,true,110,110,75
1767628235289,77,200,true,110,110,77
1767628235293,74,200,true,110,110,74
1767628235294,73,200,true,110,110,73
1767628235296,71,200,true,110,110,71
1767628235300,68,200,true,110,110,68
1767628235296,72,200,true,110,110,72
1767628235297,72,200,true,110,110,72
1767628235301,70,200,true,110,110,70
1767628235303,69,200,true,110,110,69
1767628235303,69,200,true,110,110,69
1767628235304,71,200,true,110,110,71
1767628235305,71,200,true,110,110,71
1767628235181,196,200,true,110,110,196
1767628235309,69,200,true,110,110,68
1767628235235,143,200,true,110,110,143
1767628235307,71,200,true,110,110,70
1767628235308,70,200,true,110,110,70
1767628235300,78,200,true,110,110,78
1767628235362,16,200,true,110,110,14
1767628235304,75,200,true,110,110,72
1767628235310,69,200,true,110,110,69
1767628235366,13,200,true,110,110,13
1767628235310,69,200,true,110,110,69
1767628235236,146,200,true,110,110,146
1767628235313,69,200,true,110,110,69
1767628235236,146,200,true,110,110,146
1767628235369,14,200,true,110,110,12
1767628235314,70,200,true,110,110,69
1767628235314,70,200,true,110,110,70
1767628235377,7,200,true,110,110,7
1767628235311,74,200,true,110,110,74
1767628235315,71,200,true,110,110,71
1767628235378,9,200,true,110,110,9
1767628235305,82,200,true,110,110,82
1767628235378,9,200,true,110,110,9
1767628235315,76,200,true,110,110,74
1767628235379,12,200,true,110,110,10
1767628235320,71,200,true,110,110,71
1767628235382,12,200,true,110,110,10
1767628235385,9,200,true,110,110,9
1767628235320,75,200,true,110,110,75
1767628235323,73,200,true,110,110,72
1767628235249,149,200,true,110,110,148
1767628235246,152,200,true,110,110,152
1767628235193,205,200,true,110,110,205
1767628235326,72,200,true,110,110,72
1767628235324,74,200,true,110,110,74
1767628235189,209,200,true,110,110,208
1767628235325,73,200,true,110,110,73
1767628235327,71,200,true,110,110,71
1767628235323,75,200,true,110,110,73
1767628235327,71,200,true,110,110,71
1767628235324,74,200,true,110,110,72
1767628235329,70,200,true,110,110,70
1767628235396,3,200,true,110,110,3
1767628235335,69,200,true,110,110,69
1767628235339,65,200,true,110,110,65
1767628235340,64,200,true,110,110,64
1767628235339,65,200,true,110,110,65
1767628235260,145,200,true,110,110,145
1767628235339,66,200,true,110,110,66
1767628235339,66,200,true,110,110,66
1767628235344,61,200,true,110,110,61
1767628235339,69,200,true,110,110,69
1767628235339,69,200,true,110,110,69
1767628235339,70,200,true,110,110,70
1767628235340,69,200,true,110,110,68
1767628235342,67,200,true,110,110,67
1767628235339,70,200,true,110,110,70
1767628235339,70,200,true,110,110,70
1767628235339,70,200,true,110,110,70
1767628235340,69,200,true,110,110,69
1767628235354,57,200,true,110,110,57
1767628235347,64,200,true,110,110,63
1767628235349,62,200,true,110,110,61
1767628235354,57,200,true,110,110,57
1767628235354,57,200,true,110,110,57
1767628235356,55,200,true,110,110,55
1767628235355,58,200,true,110,110,58
1767628235356,57,200,true,110,110,57
1767628235355,59,200,true,110,110,59
1767628235276,138,200,true,110,110,137
1767628235355,59,200,true,110,110,58
1767628235356,58,200,true,110,110,58
1767628235356,58,200,true,110,110,58
1767628235354,60,200,true,110,110,60
1767628235356,58,200,true,110,110,56
1767628235365,50,200,true,110,110,50
1767628235367,48,200,true,110,110,48
1767628235366,49,200,true,110,110,49
1767628235362,53,200,true,110,110,53
1767628235365,50,200,true,110,110,50
1767628235362,54,200,true,110,110,54
1767628235399,17,200,true,110,110,17
1767628235398,18,200,true,110,110,18
1767628235398,19,200,true,110,110,19
1767628235395,22,200,true,110,110,22
1767628235365,54,200,true,110,110,54
1767628235398,21,200,true,110,110,21
1767628235364,56,200,true,110,110,55
1767628235414,7,200,true,110,110,7
1767628235366,55,200,true,110,110,55
1767628235364,58,200,true,110,110,58
1767628235364,59,200,true,110,110,58
1767628235363,60,200,true,110,110,60
1767628235414,12,200,true,110,110,12
1767628235364,62,200,true,110,110,62
1767628235366,62,200,true,110,110,62
1767628235365,64,200,true,110,110,64
1767628235364,65,200,true,110,110,65
1767628235365,64,200,true,110,110,64
1767628235365,64,200,true,110,110,64
1767628235365,64,200,true,110,110,64
1767628235365,64,200,true,110,110,64
1767628235365,65,200,true,110,110,65
1767628235414,16,200,true,110,110,16
1767628235365,65,200,true,110,110,65
1767628235426,5,200,true,110,110,5
1767628235366,65,200,true,110,110,65
1767628235367,65,200,true,110,110,65
1767628235368,64,200,true,110,110,64
1767628235371,61,200,true,110,110,61
1767628235378,54,200,true,110,110,54
1767628235372,61,200,true,110,110,60
1767628235376,57,200,true,110,110,57
1767628235372,61,200,true,110,110,61
1767628235378,55,200,true,110,110,55
1767628235378,55,200,true,110,110,55
1767628235369,65,200,true,110,110,65
1767628235378,56,200,true,110,110,56
1767628235377,57,200,true,110,110,57
1767628235379,55,200,true,110,110,55
1767628235320,115,200,true,110,110,114
1767628235383,52,200,true,110,110,52
1767628235383,52,200,true,110,110,52
1767628235379,56,200,true,110,110,56
1767628235379,57,200,true,110,110,56
1767628235386,50,200,true,110,110,50
1767628235382,54,200,true,110,110,54
1767628235387,49,200,true,110,110,49
1767628235384,52,200,true,110,110,52
1767628235384,53,200,true,110,110,53
1767628235384,53,200,true,110,110,53
1767628235387,50,200,true,110,110,50
1767628235387,50,200,true,110,110,50
1767628235391,46,200,true,110,110,46
1767628235392,46,200,true,110,110,46
1767628235430,8,200,true,110,110,8
1767628235420,21,200,true,110,110,21
1767628235420,21,200,true,110,110,21
1767628235429,16,200,true,110,110,16
1767628235436,10,200,true,110,110,10
1767628235433,13,200,true,110,110,13
1767628235432,15,200,true,110,110,15
1767628235436,12,200,true,110,110,12
1767628235441,11,200,true,110,110,11
1767628235435,17,200,true,110,110,17
1767628235441,11,200,true,110,110,11
1767628235446,9,200,true,110,110,9
1767628235327,128,200,true,110,110,128
1767628235335,120,200,true,110,110,120
1767628235455,1,200,true,110,110,1
1767628235395,61,200,true,110,110,61
1767628235455,2,200,true,110,110,2
1767628235456,1,200,true,110,110,1
1767628235456,2,200,true,110,110,2
1767628235456,2,200,true,110,110,2
1767628235457,1,200,true,110,110,1
1767628235457,2,200,true,110,110,2
1767628235395,64,200,true,110,110,64
1767628235398,61,200,true,110,110,61
1767628235399,61,200,true,110,110,61
1767628235334,126,200,true,110,110,126
1767628235334,126,200,true,110,110,126
1767628235334,126,200,true,110,110,126
1767628235333,127,200,true,110,110,127
1767628235398,63,200,true,110,110,63
1767628235399,62,200,true,110,110,62
1767628235399,62,200,true,110,110,62
1767628235398,63,200,true,110,110,63
1767628235356,106,200,true,110,110,106
1767628235356,106,200,true,110,110,106
1767628235398,65,200,true,110,110,65
1767628235458,5,200,true,110,110,5
1767628235404,59,200,true,110,110,59
1767628235411,53,200,true,110,110,53
1767628235409,55,200,true,110,110,55
1767628235414,51,200,true,110,110,51
1767628235411,54,200,true,110,110,54
1767628235408,58,200,true,110,110,58
1767628235411,55,200,true,110,110,55
1767628235414,52,200,true,110,110,52
1767628235409,58,200,true,110,110,58
1767628235408,59,200,true,110,110,59
1767628235404,64,200,true,110,110,61
1767628235414,54,200,true,110,110,53
1767628235415,53,200,true,110,110,53
1767628235409,59,200,true,110,110,59
1767628235415,54,200,true,110,110,54
1767628235409,60,200,true,110,110,60
1767628235405,64,200,true,110,110,63
1767628235414,56,200,true,110,110,55
1767628235405,65,200,true,110,110,63
1767628235405,65,200,true,110,110,64
1767628235405,65,200,true,110,110,65
1767628235406,65,200,true,110,110,64
1767628235415,56,200,true,110,110,56
1767628235415,56,200,true,110,110,56
1767628235195,277,200,true,110,110,277
1767628235411,62,200,true,110,110,62
1767628235417,56,200,true,110,110,56
1767628235411,63,200,true,110,110,63
1767628235417,57,200,true,110,110,57
1767628235411,63,200,true,110,110,63
1767628235409,65,200,true,110,110,65
1767628235421,54,200,true,110,110,54
1767628235416,59,200,true,110,110,59
1767628235416,59,200,true,110,110,59
1767628235416,59,200,true,110,110,59
1767628235459,17,200,true,110,110,17
1767628235392,85,200,true,110,110,85
1767628235367,110,200,true,110,110,109
1767628235430,54,200,true,110,110,54
1767628235423,61,200,true,110,110,61
1767628235429,56,200,true,110,110,56
1767628235464,21,200,true,110,110,21
1767628235472,14,200,true,110,110,14
1767628235465,21,200,true,110,110,21
1767628235461,31,200,true,110,110,31
1767628235430,66,200,true,110,110,65
1767628235436,66,200,true,110,110,65
1767628235432,70,200,true,110,110,69
1767628235432,70,200,true,110,110,69
1767628235430,72,200,true,110,110,72
1767628235433,70,200,true,110,110,70
1767628235432,73,200,true,110,110,73
1767628235484,21,200,true,110,110,21
1767628235429,76,200,true,110,110,76
1767628235467,39,200,true,110,110,38
1767628235426,80,200,true,110,110,80
1767628235432,75,200,true,110,110,75
1767628235435,72,200,true,110,110,72
1767628235436,71,200,true,110,110,71
1767628235433,74,200,true,110,110,74
1767628235437,70,200,true,110,110,70
1767628235436,72,200,true,110,110,72
1767628235433,75,200,true,110,110,73
1767628235434,74,200,true,110,110,74
1767628235502,8,200,true,110,110,7
1767628235503,7,200,true,110,110,7
1767628235486,25,200,true,110,110,25
1767628235486,28,200,true,110,110,27
1767628235431,83,200,true,110,110,83
1767628235438,78,200,true,110,110,78
1767628235437,79,200,true,110,110,79
1767628235438,78,200,true,110,110,78
1767628235434,82,200,true,110,110,82
1767628235435,82,200,true,110,110,81
1767628235435,82,200,true,110,110,82
1767628235434,83,200,true,110,110,83
1767628235438,79,200,true,110,110,79
1767628235437,80,200,true,110,110,80
1767628235447,70,200,true,110,110,70
1767628235447,70,200,true,110,110,70
1767628235435,82,200,true,110,110,82
1767628235448,70,200,true,110,110,70
1767628235445,73,200,true,110,110,73
1767628235452,66,200,true,110,110,66
1767628235452,66,200,true,110,110,66
1767628235453,66,200,true,110,110,66
1767628235434,85,200,true,110,110,80
1767628235432,87,200,true,110,110,87
1767628235437,82,200,true,110,110,82
1767628235398,121,200,true,110,110,121
1767628235409,110,200,true,110,110,110
1767628235414,106,200,true,110,110,106
1767628235409,111,200,true,110,110,111
1767628235414,106,200,true,110,110,106
1767628235406,114,200,true,110,110,114
1767628235459,62,200,true,110,110,62
1767628235415,106,200,true,110,110,106
1767628235474,47,200,true,110,110,47
1767628235470,51,200,true,110,110,51
1767628235398,124,200,true,110,110,123
1767628235470,52,200,true,110,110,52
1767628235464,58,200,true,110,110,58
1767628235471,51,200,true,110,110,51
1767628235423,99,200,true,110,110,99
1767628235421,102,200,true,110,110,102
1767628235470,53,200,true,110,110,53
1767628235419,104,200,true,110,110,104
1767628235460,63,200,true,110,110,63
1767628235458,65,200,true,110,110,65
1767628235460,64,200,true,110,110,64
1767628235522,2,200,true,110,110,2
1767628235423,101,200,true,110,110,101
1767628235463,62,200,true,110,110,62
1767628235475,50,200,true,110,110,50
1767628235429,96,200,true,110,110,96
1767628235474,51,200,true,110,110,51
1767628235474,51,200,true,110,110,51
1767628235461,65,200,true,110,110,65
1767628235522,4,200,true,110,110,4
1767628235469,58,200,true,110,110,58
1767628235429,99,200,true,110,110,99
1767628235521,16,200,true,110,110,16
1767628235464,73,200,true,110,110,73
1767628235526,12,200,true,110,110,12
1767628235526,13,200,true,110,110,11
1767628235525,15,200,true,110,110,15
1767628235537,4,200,true,110,110,4
1767628235462,80,200,true,110,110,80
1767628235468,74,200,true,110,110,74
1767628235470,73,200,true,110,110,71
1767628235539,4,200,true,110,110,4
1767628235475,69,200,true,110,110,69
1767628235462,83,200,true,110,110,83
1767628235471,74,200,true,110,110,74
1767628235475,71,200,true,110,110,70
1767628235470,76,200,true,110,110,76
1767628235461,86,200,true,110,110,86
1767628235542,5,200,true,110,110,5
1767628235539,8,200,true,110,110,4
1767628235476,72,200,true,110,110,72
1767628235471,77,200,true,110,110,76
1767628235473,75,200,true,110,110,75
1767628235543,5,200,true,110,110,3
1767628235469,79,200,true,110,110,79
1767628235544,4,200,true,110,110,4
1767628235538,11,200,true,110,110,10
1767628235460,89,200,true,110,110,89
1767628235460,91,200,true,110,110,91
1767628235468,83,200,true,110,110,81
1767628235549,3,200,true,110,110,3
1767628235475,79,200,true,110,110,79
1767628235460,94,200,true,110,110,94
1767628235469,85,200,true,110,110,85
1767628235465,91,200,true,110,110,91
1767628235466,91,200,true,110,110,91
1767628235467,91,200,true,110,110,91
1767628235466,92,200,true,110,110,91
1767628235554,4,200,true,110,110,4
1767628235555,3,200,true,110,110,1
1767628235468,90,200,true,110,110,90
1767628235459,100,200,true,110,110,100
1767628235474,85,200,true,110,110,84
1767628235463,97,200,true,110,110,96
1767628235474,86,200,true,110,110,86
1767628235556,4,200,true,110,110,4
1767628235477,85,200,true,110,110,85
1767628235468,94,200,true,110,110,94
1767628235477,86,200,true,110,110,85
1767628235484,79,200,true,110,110,79
1767628235560,4,200,true,110,110,4
1767628235507,61,200,true,110,110,61
1767628235505,63,200,true,110,110,63
1767628235502,66,200,true,110,110,66
1767628235506,64,200,true,110,110,64
1767628235507,64,200,true,110,110,63
1767628235562,9,200,true,110,110,9
1767628235507,65,200,true,110,110,65
1767628235506,66,200,true,110,110,66
1767628235506,68,200,true,110,110,68
1767628235496,78,200,true,110,110,78
1767628235508,67,200,true,110,110,67
1767628235508,68,200,true,110,110,68
1767628235522,54,200,true,110,110,54
1767628235510,66,200,true,110,110,66
1767628235523,53,200,true,110,110,53
1767628235510,67,200,true,110,110,67
1767628235511,66,200,true,110,110,66
1767628235514,63,200,true,110,110,63
1767628235520,57,200,true,110,110,57
1767628235520,57,200,true,110,110,57
1767628235518,60,200,true,110,110,59
1767628235516,62,200,true,110,110,62
1767628235518,60,200,true,110,110,60
1767628235518,60,200,true,110,110,60
1767628235517,61,200,true,110,110,61
1767628235520,59,200,true,110,110,59
1767628235519,60,200,true,110,110,60
1767628235521,58,200,true,110,110,58
1767628235518,62,200,true,110,110,62
1767628235519,61,200,true,110,110,61
1767628235519,61,200,true,110,110,61
1767628235517,63,200,true,110,110,63
1767628235517,64,200,true,110,110,64
1767628235522,59,200,true,110,110,59
1767628235517,64,200,true,110,110,64
1767628235517,64,200,true,110,110,64
1767628235517,65,200,true,110,110,64
1767628235514,68,200,true,110,110,68
1767628235518,64,200,true,110,110,64
1767628235524,58,200,true,110,110,58
1767628235523,59,200,true,110,110,59
1767628235526,57,200,true,110,110,57
1767628235523,60,200,true,110,110,60
1767628235523,60,200,true,110,110,60
1767628235518,65,200,true,110,110,65
1767628235524,60,200,true,110,110,60
1767628235517,67,200,true,110,110,67
1767628235524,60,200,true,110,110,60
1767628235517,67,200,true,110,110,67
1767628235525,59,200,true,110,110,59
1767628235519,66,200,true,110,110,66
1767628235525,60,200,true,110,110,60
1767628235522,63,200,true,110,110,63
1767628235519,66,200,true,110,110,66
1767628235525,61,200,true,110,110,60
1767628235461,125,200,true,110,110,125
1767628235462,124,200,true,110,110,124
1767628235519,67,200,true,110,110,67
1767628235520,66,200,true,110,110,66
1767628235519,67,200,true,110,110,60
1767628235521,66,200,true,110,110,66
1767628235527,60,200,true,110,110,60
1767628235524,63,200,true,110,110,63
1767628235521,66,200,true,110,110,66
1767628235528,60,200,true,110,110,60
1767628235540,48,200,true,110,110,48
1767628235541,47,200,true,110,110,47
1767628235542,46,200,true,110,110,46
1767628235543,45,200,true,110,110,45
1767628235546,43,200,true,110,110,43
1767628235546,43,200,true,110,110,43
1767628235545,44,200,true,110,110,44
1767628235545,44,200,true,110,110,44
1767628235548,41,200,true,110,110,41
1767628235548,42,200,true,110,110,42
1767628235549,41,200,true,110,110,41
1767628235548,42,200,true,110,110,42
1767628235547,43,200,true,110,110,43
1767628235549,42,200,true,110,110,42
1767628235548,43,200,true,110,110,43
1767628235548,43,200,true,110,110,43
1767628235548,43,200,true,110,110,43
1767628235547,44,200,true,110,110,44
1767628235552,40,200,true,110,110,40
1767628235551,41,200,true,110,110,41
1767628235552,40,200,true,110,110,40
1767628235555,37,200,true,110,110,37
1767628235558,35,200,true,110,110,35
1767628235486,107,200,true,110,110,107
1767628235558,35,200,true,110,110,35
1767628235559,34,200,true,110,110,34
1767628235570,23,200,true,110,110,23
1767628235560,34,200,true,110,110,33
1767628235560,34,200,true,110,110,34
1767628235559,35,200,true,110,110,35
1767628235558,36,200,true,110,110,36
1767628235557,37,200,true,110,110,37
1767628235486,109,200,true,110,110,108
1767628235492,103,200,true,110,110,103
1767628235502,93,200,true,110,110,93
1767628235558,37,200,true,110,110,37
1767628235582,13,200,true,110,110,13
1767628235564,32,200,true,110,110,32
1767628235559,37,200,true,110,110,37
1767628235563,33,200,true,110,110,33
1767628235563,33,200,true,110,110,33
1767628235563,33,200,true,110,110,33
1767628235507,90,200,true,110,110,90
1767628235505,92,200,true,110,110,92
1767628235568,29,200,true,110,110,29
1767628235568,29,200,true,110,110,29
1767628235568,29,200,true,110,110,29
1767628235503,95,200,true,110,110,95
1767628235508,90,200,true,110,110,90
1767628235571,27,200,true,110,110,27
1767628235507,91,200,true,110,110,91
1767628235583,16,200,true,110,110,16
1767628235576,23,200,true,110,110,23
1767628235576,24,200,true,110,110,24
1767628235576,24,200,true,110,110,24
1767628235587,14,200,true,110,110,14
1767628235588,13,200,true,110,110,13
1767628235577,25,200,true,110,110,25
1767628235583,19,200,true,110,110,19
1767628235584,18,200,true,110,110,18
1767628235584,19,200,true,110,110,19
1767628235585,19,200,true,110,110,19
1767628235587,21,200,true,110,110,21
1767628235578,32,200,true,110,110,32
1767628235572,39,200,true,110,110,39
1767628235577,34,200,true,110,110,34
1767628235589,24,200,true,110,110,24
1767628235592,21,200,true,110,110,20
1767628235589,25,200,true,110,110,25
1767628235579,38,200,true,110,110,38
1767628235590,28,200,true,110,110,28
1767628235580,38,200,true,110,110,38
1767628235581,38,200,true,110,110,38
1767628235594,25,200,true,110,110,25
1767628235581,39,200,true,110,110,39
1767628235593,30,200,true,110,110,30
1767628235585,39,200,true,110,110,39
1767628235593,37,200,true,110,110,37
1767628235596,35,200,true,110,110,35
1767628235600,32,200,true,110,110,32
1767628235582,50,200,true,110,110,50
1767628235610,26,200,true,110,110,26
1767628235630,7,200,true,110,110,7
1767628235590,48,200,true,110,110,48
1767628235571,68,200,true,110,110,68
1767628235589,50,200,true,110,110,50
1767628235575,65,200,true,110,110,65
1767628235587,53,200,true,110,110,53
1767628235586,54,200,true,110,110,54
1767628235577,63,200,true,110,110,63
1767628235588,53,200,true,110,110,53
1767628235577,64,200,true,110,110,64
1767628235586,55,200,true,110,110,55
1767628235590,51,200,true,110,110,51
1767628235592,49,200,true,110,110,49
1767628235589,53,200,true,110,110,53
1767628235636,6,200,true,110,110,6
1767628235578,64,200,true,110,110,64
1767628235640,3,200,true,110,110,3
1767628235577,71,200,true,110,110,71
1767628235586,62,200,true,110,110,60
1767628235591,57,200,true,110,110,57
1767628235578,71,200,true,110,110,70
1767628235589,61,200,true,110,110,61
1767628235587,63,200,true,110,110,63
1767628235591,59,200,true,110,110,59
1767628235648,3,200,true,110,110,3
1767628235579,72,200,true,110,110,72
1767628235582,69,200,true,110,110,69
1767628235579,72,200,true,110,110,72
1767628235650,4,200,true,110,110,4
1767628235591,65,200,true,110,110,65
1767628235591,65,200,true,110,110,65
1767628235592,64,200,true,110,110,64
1767628235576,81,200,true,110,110,81
1767628235591,66,200,true,110,110,66
1767628235580,77,200,true,110,110,76
1767628235580,78,200,true,110,110,74
1767628235592,66,200,true,110,110,66
1767628235580,79,200,true,110,110,78
1767628235593,66,200,true,110,110,66
1767628235581,78,200,true,110,110,78
1767628235581,78,200,true,110,110,78
1767628235583,77,200,true,110,110,77
1767628235584,76,200,true,110,110,76
1767628235593,67,200,true,110,110,67
1767628235583,77,200,true,110,110,77
1767628235585,76,200,true,110,110,76
1767628235587,74,200,true,110,110,74
1767628235584,77,200,true,110,110,77
1767628235587,74,200,true,110,110,74
1767628235588,73,200,true,110,110,73
1767628235594,68,200,true,110,110,68
1767628235585,77,200,true,110,110,77
1767628235586,76,200,true,110,110,76
1767628235594,68,200,true,110,110,68
1767628235584,78,200,true,110,110,78
1767628235582,81,200,true,110,110,81
1767628235573,90,200,true,110,110,90
1767628235593,70,200,true,110,110,70
1767628235588,75,200,true,110,110,75
1767628235574,89,200,true,110,110,89
1767628235574,90,200,true,110,110,90
1767628235595,69,200,true,110,110,69
1767628235599,65,200,true,110,110,65
1767628235599,65,200,true,110,110,65
1767628235597,68,200,true,110,110,68
1767628235595,70,200,true,110,110,70
1767628235597,68,200,true,110,110,68
1767628235596,69,200,true,110,110,69
1767628235595,71,200,true,110,110,71
1767628235595,71,200,true,110,110,71
1767628235598,68,200,true,110,110,68
1767628235598,68,200,true,110,110,68
1767628235597,70,200,true,110,110,70
1767628235599,68,200,true,110,110,68
1767628235594,73,200,true,110,110,73
1767628235598,70,200,true,110,110,70
1767628235596,73,200,true,110,110,73
1767628235665,5,200,true,110,110,5
1767628235666,6,200,true,110,110,6
1767628235594,79,200,true,110,110,79
1767628235596,79,200,true,110,110,79
1767628235597,78,200,true,110,110,78
1767628235656,20,200,true,110,110,18
1767628235659,20,200,true,110,110,20
1767628235673,10,200,true,110,110,10
1767628235596,88,200,true,110,110,87
1767628235594,90,200,true,110,110,90
1767628235683,1,200,true,110,110,1
1767628235598,87,200,true,110,110,87
1767628235601,85,200,true,110,110,85
1767628235600,86,200,true,110,110,86
1767628235601,86,200,true,110,110,86
1767628235595,92,200,true,110,110,92
1767628235602,87,200,true,110,110,87
1767628235602,87,200,true,110,110,87
1767628235687,3,200,true,110,110,3
1767628235689,1,200,true,110,110,1
1767628235602,88,200,true,110,110,88
1767628235690,1,200,true,110,110,1
1767628235603,88,200,true,110,110,88
1767628235613,79,200,true,110,110,79
1767628235611,81,200,true,110,110,81
1767628235613,79,200,true,110,110,79
1767628235618,74,200,true,110,110,74
1767628235618,75,200,true,110,110,75
1767628235612,81,200,true,110,110,81
1767628235619,74,200,true,110,110,74
1767628235608,85,200,true,110,110,85
1767628235619,75,200,true,110,110,75
1767628235604,90,200,true,110,110,90
1767628235632,62,200,true,110,110,62
1767628235624,70,200,true,110,110,70
1767628235620,74,200,true,110,110,74
1767628235632,63,200,true,110,110,63
1767628235623,72,200,true,110,110,72
1767628235620,75,200,true,110,110,75
1767628235631,64,200,true,110,110,64
1767628235590,106,200,true,110,110,106
1767628235614,82,200,true,110,110,82
1767628235640,56,200,true,110,110,56
1767628235641,55,200,true,110,110,55
1767628235578,118,200,true,110,110,118
1767628235640,57,200,true,110,110,57
1767628235641,56,200,true,110,110,56
1767628235638,59,200,true,110,110,59
1767628235639,58,200,true,110,110,58
1767628235640,58,200,true,110,110,58
1767628235640,58,200,true,110,110,58
1767628235641,57,200,true,110,110,57
1767628235641,57,200,true,110,110,57
1767628235641,58,200,true,110,110,58
1767628235642,57,200,true,110,110,57
1767628235637,62,200,true,110,110,62
1767628235643,56,200,true,110,110,56
1767628235642,57,200,true,110,110,57
1767628235642,58,200,true,110,110,58
1767628235579,121,200,true,110,110,121
1767628235648,52,200,true,110,110,52
1767628235648,52,200,true,110,110,52
1767628235651,50,200,true,110,110,50
1767628235649,52,200,true,110,110,52
1767628235651,50,200,true,110,110,50
1767628235650,51,200,true,110,110,51
1767628235650,52,200,true,110,110,52
1767628235652,50,200,true,110,110,50
1767628235652,50,200,true,110,110,50
1767628235654,48,200,true,110,110,48
1767628235656,47,200,true,110,110,47
1767628235656,47,200,true,110,110,47
1767628235664,39,200,true,110,110,39
1767628235664,39,200,true,110,110,39
1767628235585,118,200,true,110,110,118
1767628235665,38,200,true,110,110,38
1767628235666,38,200,true,110,110,38
1767628235666,38,200,true,110,110,38
1767628235667,37,200,true,110,110,37
1767628235666,38,200,true,110,110,38
1767628235665,39,200,true,110,110,39
1767628235666,39,200,true,110,110,39
1767628235667,38,200,true,110,110,38
1767628235703,2,200,true,110,110,2
1767628235657,48,200,true,110,110,48
1767628235657,48,200,true,110,110,48
1767628235657,49,200,true,110,110,49
1767628235658,48,200,true,110,110,48
1767628235658,48,200,true,110,110,48
1767628235665,41,200,true,110,110,41
1767628235667,39,200,true,110,110,39
1767628235660,47,200,true,110,110,47
1767628235660,47,200,true,110,110,47
1767628235660,47,200,true,110,110,47
1767628235661,46,200,true,110,110,46
1767628235661,47,200,true,110,110,47
1767628235659,49,200,true,110,110,49
1767628235662,46,200,true,110,110,46
1767628235660,48,200,true,110,110,48
1767628235662,47,200,true,110,110,47
1767628235659,50,200,true,110,110,50
1767628235659,50,200,true,110,110,50
1767628235663,46,200,true,110,110,46
1767628235664,45,200,true,110,110,45
1767628235670,40,200,true,110,110,40
1767628235664,46,200,true,110,110,46
1767628235676,34,200,true,110,110,34
1767628235675,35,200,true,110,110,35
1767628235675,36,200,true,110,110,36
1767628235679,32,200,true,110,110,32
1767628235663,48,200,true,110,110,48
1767628235673,38,200,true,110,110,38
1767628235663,49,200,true,110,110,49
1767628235663,49,200,true,110,110,49
1767628235662,50,200,true,110,110,50
1767628235669,43,200,true,110,110,43
1767628235662,50,200,true,110,110,50
1767628235668,45,200,true,110,110,45
1767628235662,51,200,true,110,110,51
1767628235661,52,200,true,110,110,52
1767628235662,51,200,true,110,110,51
1767628235661,52,200,true,110,110,52
1767628235684,30,200,true,110,110,30
1767628235684,30,200,true,110,110,30
1767628235684,30,200,true,110,110,30
1767628235686,28,200,true,110,110,28
1767628235686,28,200,true,110,110,28
1767628235687,28,200,true,110,110,28
1767628235686,29,200,true,110,110,29
1767628235703,12,200,true,110,110,12
1767628235694,22,200,true,110,110,22
1767628235691,25,200,true,110,110,25
1767628235690,26,200,true,110,110,26
1767628235692,25,200,true,110,110,25
1767628235703,14,200,true,110,110,14
1767628235694,23,200,true,110,110,23
1767628235696,21,200,true,110,110,21
1767628235696,22,200,true,110,110,22
1767628235699,19,200,true,110,110,19
1767628235693,25,200,true,110,110,25
1767628235693,25,200,true,110,110,25
1767628235697,22,200,true,110,110,22
1767628235697,22,200,true,110,110,22
1767628235690,31,200,true,110,110,31
1767628235699,22,200,true,110,110,22
1767628235697,25,200,true,110,110,25
1767628235700,22,200,true,110,110,22
1767628235698,26,200,true,110,110,26
1767628235697,28,200,true,110,110,27
1767628235696,29,200,true,110,110,29
1767628235700,26,200,true,110,110,26
1767628235703,23,200,true,110,110,23
1767628235699,28,200,true,110,110,28
1767628235700,27,200,true,110,110,26
1767628235693,35,200,true,110,110,35
1767628235727,2,200,true,110,110,2
1767628235703,27,200,true,110,110,25
1767628235700,32,200,true,110,110,32
1767628235706,28,200,true,110,110,28
1767628235705,33,200,true,110,110,33
1767628235710,33,200,true,110,110,33
1767628235711,33,200,true,110,110,33
1767628235714,31,200,true,110,110,31
1767628235713,33,200,true,110,110,33
1767628235721,25,200,true,110,110,24
1767628235716,31,200,true,110,110,31
1767628235716,33,200,true,110,110,33
1767628235717,32,200,true,110,110,32
1767628235717,33,200,true,110,110,33
1767628235725,26,200,true,110,110,26
1767628235725,27,200,true,110,110,27
1767628235698,56,200,true,110,110,56
1767628235701,56,200,true,110,110,56
1767628235700,60,200,true,110,110,60
1767628235692,68,200,true,110,110,68
1767628235729,32,200,true,110,110,27
1767628235693,68,200,true,110,110,68
1767628235701,60,200,true,110,110,60
1767628235692,70,200,true,110,110,70
1767628235701,61,200,true,110,110,61
1767628235702,61,200,true,110,110,61
1767628235702,62,200,true,110,110,62
1767628235702,62,200,true,110,110,61
1767628235763,1,200,true,110,110,1
1767628235692,72,200,true,110,110,72
1767628235701,63,200,true,110,110,63
1767628235728,37,200,true,110,110,37
1767628235694,71,200,true,110,110,71
1767628235693,72,200,true,110,110,72
1767628235695,71,200,true,110,110,71
1767628235703,63,200,true,110,110,63
1767628235696,70,200,true,110,110,66
1767628235699,69,200,true,110,110,69
1767628235695,73,200,true,110,110,73
1767628235694,75,200,true,110,110,75
1767628235749,20,200,true,110,110,20
1767628235751,19,200,true,110,110,19
1767628235696,75,200,true,110,110,75
1767628235760,11,200,true,110,110,11
1767628235754,18,200,true,110,110,16
1767628235690,84,200,true,110,110,80
1767628235761,13,200,true,110,110,13
1767628235705,70,200,true,110,110,70
1767628235703,73,200,true,110,110,72
1767628235768,8,200,true,110,110,7
1767628235715,62,200,true,110,110,62
1767628235715,63,200,true,110,110,63
1767628235766,12,200,true,110,110,12
1767628235710,68,200,true,110,110,68
1767628235715,64,200,true,110,110,63
1767628235705,74,200,true,110,110,74
1767628235706,75,200,true,110,110,74
1767628235705,76,200,true,110,110,76
1767628235706,76,200,true,110,110,75
1767628235706,76,200,true,110,110,76
1767628235709,73,200,true,110,110,73
1767628235704,79,200,true,110,110,79
1767628235712,71,200,true,110,110,71
1767628235705,78,200,true,110,110,78
1767628235708,75,200,true,110,110,75
1767628235704,80,200,true,110,110,80
1767628235705,79,200,true,110,110,79
1767628235709,75,200,true,110,110,75
1767628235704,80,200,true,110,110,80
1767628235711,74,200,true,110,110,74
1767628235710,75,200,true,110,110,75
1767628235713,72,200,true,110,110,72
1767628235711,74,200,true,110,110,74
1767628235704,81,200,true,110,110,77
1767628235714,71,200,true,110,110,71
1767628235708,78,200,true,110,110,78
1767628235711,75,200,true,110,110,75
1767628235709,77,200,true,110,110,77
1767628235707,79,200,true,110,110,79
1767628235713,73,200,true,110,110,73
1767628235709,78,200,true,110,110,78
1767628235707,80,200,true,110,110,80
1767628235712,75,200,true,110,110,75
1767628235707,81,200,true,110,110,81
1767628235714,74,200,true,110,110,74
1767628235707,81,200,true,110,110,81
1767628235714,74,200,true,110,110,74
1767628235707,82,200,true,110,110,82
1767628235712,77,200,true,110,110,75
1767628235784,7,200,true,110,110,7
1767628235712,80,200,true,110,110,79
1767628235713,79,200,true,110,110,79
1767628235709,83,200,true,110,110,83
1767628235708,84,200,true,110,110,84
1767628235714,78,200,true,110,110,78
1767628235712,80,200,true,110,110,80
1767628235716,77,200,true,110,110,77
1767628235710,83,200,true,110,110,83
1767628235710,83,200,true,110,110,83
1767628235717,76,200,true,110,110,76
1767628235717,76,200,true,110,110,76
1767628235718,76,200,true,110,110,76
1767628235718,76,200,true,110,110,76
1767628235718,76,200,true,110,110,76
1767628235719,75,200,true,110,110,75
1767628235718,76,200,true,110,110,76
1767628235719,76,200,true,110,110,76
1767628235722,73,200,true,110,110,73
1767628235722,73,200,true,110,110,73
1767628235726,69,200,true,110,110,69
1767628235698,98,200,true,110,110,98
1767628235727,69,200,true,110,110,69
1767628235723,73,200,true,110,110,73
1767628235727,69,200,true,110,110,69
1767628235698,99,200,true,110,110,99
1767628235732,65,200,true,110,110,65
1767628235730,67,200,true,110,110,67
1767628235725,72,200,true,110,110,72
1767628235734,63,200,true,110,110,63
1767628235738,60,200,true,110,110,60
1767628235743,55,200,true,110,110,55
1767628235744,54,200,true,110,110,54
1767628235746,52,200,true,110,110,52
1767628235746,53,200,true,110,110,53
1767628235747,52,200,true,110,110,52
1767628235783,16,200,true,110,110,16
1767628235749,50,200,true,110,110,50
1767628235784,20,200,true,110,110,20
1767628235695,110,200,true,110,110,108
1767628235695,110,200,true,110,110,110
1767628235788,17,200,true,110,110,17
1767628235750,60,200,true,110,110,60
1767628235752,60,200,true,110,110,60
1767628235765,47,200,true,110,110,47
1767628235794,18,200,true,110,110,18
1767628235760,52,200,true,110,110,52
1767628235762,50,200,true,110,110,50
1767628235761,52,200,true,110,110,52
1767628235762,51,200,true,110,110,51
1767628235764,49,200,true,110,110,49
1767628235796,20,200,true,110,110,20
1767628235764,53,200,true,110,110,53
1767628235764,53,200,true,110,110,53
1767628235757,60,200,true,110,110,60
1767628235764,53,200,true,110,110,53
1767628235764,54,200,true,110,110,54
1767628235766,52,200,true,110,110,52
1767628235761,57,200,true,110,110,55
1767628235766,52,200,true,110,110,52
1767628235768,55,200,true,110,110,55
1767628235765,58,200,true,110,110,58
1767628235792,32,200,true,110,110,32
1767628235793,31,200,true,110,110,31
1767628235792,35,200,true,110,110,35
1767628235817,10,200,true,110,110,10
1767628235813,17,200,true,110,110,17
1767628235818,12,200,true,110,110,12
1767628235769,61,200,true,110,110,61
1767628235798,33,200,true,110,110,32
1767628235824,9,200,true,110,110,9
1767628235771,62,200,true,110,110,62
1767628235772,63,200,true,110,110,63
1767628235818,18,200,true,110,110,15
1767628235776,61,200,true,110,110,61
1767628235774,64,200,true,110,110,64
1767628235745,93,200,true,110,110,93
1767628235776,62,200,true,110,110,62
1767628235777,61,200,true,110,110,61
1767628235778,60,200,true,110,110,60
1767628235775,63,200,true,110,110,63
1767628235766,72,200,true,110,110,72
1767628235778,60,200,true,110,110,60
1767628235778,61,200,true,110,110,61
1767628235779,60,200,true,110,110,58
1767628235771,68,200,true,110,110,68
1767628235774,66,200,true,110,110,66
1767628235838,2,200,true,110,110,2
1767628235785,55,200,true,110,110,55
1767628235785,56,200,true,110,110,56
1767628235783,58,200,true,110,110,58
1767628235784,57,200,true,110,110,57
1767628235784,57,200,true,110,110,57
1767628235779,63,200,true,110,110,63
1767628235785,57,200,true,110,110,57
1767628235781,61,200,true,110,110,61
1767628235785,57,200,true,110,110,57
1767628235781,61,200,true,110,110,61
1767628235782,61,200,true,110,110,61
1767628235782,61,200,true,110,110,61
1767628235782,61,200,true,110,110,61
1767628235783,60,200,true,110,110,60
1767628235783,60,200,true,110,110,60
1767628235785,59,200,true,110,110,59
1767628235789,55,200,true,110,110,55
1767628235787,57,200,true,110,110,57
1767628235786,58,200,true,110,110,58
1767628235843,2,200,true,110,110,2
1767628235788,57,200,true,110,110,57
1767628235787,58,200,true,110,110,58
1767628235785,61,200,true,110,110,61
1767628235786,60,200,true,110,110,60
1767628235786,60,200,true,110,110,60
1767628235787,59,200,true,110,110,59
1767628235789,57,200,true,110,110,57
1767628235787,60,200,true,110,110,60
1767628235788,59,200,true,110,110,59
1767628235788,59,200,true,110,110,59
1767628235786,61,200,true,110,110,61
1767628235797,51,200,true,110,110,51
1767628235793,55,200,true,110,110,55
1767628235792,56,200,true,110,110,56
1767628235799,49,200,true,110,110,49
1767628235799,50,200,true,110,110,49
1767628235799,50,200,true,110,110,50
1767628235799,50,200,true,110,110,50
1767628235793,56,200,true,110,110,56
1767628235794,55,200,true,110,110,55
1767628235794,56,200,true,110,110,56
1767628235794,56,200,true,110,110,56
1767628235794,56,200,true,110,110,56
1767628235794,56,200,true,110,110,56
1767628235795,55,200,true,110,110,55
1767628235796,55,200,true,110,110,55
1767628235797,54,200,true,110,110,54
1767628235795,56,200,true,110,110,56
1767628235796,55,200,true,110,110,55
1767628235795,57,200,true,110,110,57
1767628235798,54,200,true,110,110,54
1767628235797,55,200,true,110,110,55
1767628235795,57,200,true,110,110,57
1767628235796,56,200,true,110,110,56
1767628235797,55,200,true,110,110,55
1767628235797,56,200,true,110,110,56
1767628235804,49,200,true,110,110,49
1767628235805,48,200,true,110,110,48
1767628235792,61,200,true,110,110,61
1767628235806,48,200,true,110,110,48
1767628235792,62,200,true,110,110,62
1767628235798,56,200,true,110,110,56
1767628235805,49,200,true,110,110,49
1767628235792,62,200,true,110,110,62
1767628235715,140,200,true,110,110,140
1767628235798,57,200,true,110,110,57
1767628235793,62,200,true,110,110,62
1767628235793,62,200,true,110,110,62
1767628235810,45,200,true,110,110,45
1767628235812,44,200,true,110,110,44
1767628235812,44,200,true,110,110,44
1767628235817,39,200,true,110,110,39
1767628235812,44,200,true,110,110,44
1767628235813,44,200,true,110,110,44
1767628235818,39,200,true,110,110,39
1767628235813,44,200,true,110,110,44
1767628235813,44,200,true,110,110,44
1767628235817,41,200,true,110,110,41
1767628235812,46,200,true,110,110,46
1767628235817,41,200,true,110,110,41
1767628235817,41,200,true,110,110,41
1767628235818,40,200,true,110,110,40
1767628235827,32,200,true,110,110,32
1767628235830,29,200,true,110,110,29
1767628235830,29,200,true,110,110,29
1767628235823,36,200,true,110,110,36
1767628235823,37,200,true,110,110,37
1767628235824,36,200,true,110,110,36
1767628235827,33,200,true,110,110,33
1767628235830,30,200,true,110,110,30
1767628235831,29,200,true,110,110,29
1767628235833,28,200,true,110,110,28
1767628235834,27,200,true,110,110,27
1767628235769,92,200,true,110,110,92
1767628235838,23,200,true,110,110,23
1767628235837,24,200,true,110,110,24
1767628235770,92,200,true,110,110,92
1767628235697,165,200,true,110,110,165
1767628235838,24,200,true,110,110,24
1767628235848,15,200,true,110,110,15
1767628235848,15,200,true,110,110,15
1767628235839,24,200,true,110,110,24
1767628235855,8,200,true,110,110,8
1767628235838,26,200,true,110,110,26
1767628235839,25,200,true,110,110,25
1767628235848,16,200,true,110,110,16
1767628235848,16,200,true,110,110,16
1767628235849,16,200,true,110,110,16
1767628235849,16,200,true,110,110,16
1767628235860,6,200,true,110,110,6
1767628235856,10,200,true,110,110,10
1767628235849,18,200,true,110,110,18
1767628235838,38,200,true,110,110,38
1767628235843,34,200,true,110,110,34
1767628235836,46,200,true,110,110,46
1767628235860,22,200,true,110,110,22
1767628235853,31,200,true,110,110,31
1767628235844,41,200,true,110,110,41
1767628235845,40,200,true,110,110,40
1767628235846,41,200,true,110,110,41
1767628235847,43,200,true,110,110,43
1767628235846,44,200,true,110,110,44
1767628235847,46,200,true,110,110,46
1767628235861,34,200,true,110,110,34
1767628235862,33,200,true,110,110,32
1767628235876,20,200,true,110,110,20
1767628235863,34,200,true,110,110,34
1767628235864,34,200,true,110,110,34
1767628235864,35,200,true,110,110,35
1767628235895,4,200,true,110,110,4
1767628235840,61,200,true,110,110,60
1767628235865,36,200,true,110,110,36
1767628235865,39,200,true,110,110,39
1767628235896,9,200,true,110,110,9
1767628235895,13,200,true,110,110,13
1767628235849,60,200,true,110,110,60
1767628235901,9,200,true,110,110,9
1767628235850,60,200,true,110,110,60
1767628235850,60,200,true,110,110,60
1767628235850,60,200,true,110,110,60
1767628235850,61,200,true,110,110,61
1767628235840,71,200,true,110,110,71
1767628235851,60,200,true,110,110,60
1767628235839,72,200,true,110,110,72
1767628235841,71,200,true,110,110,71
1767628235862,50,200,true,110,110,50
1767628235856,56,200,true,110,110,56
1767628235841,71,200,true,110,110,71
1767628235851,62,200,true,110,110,62
1767628235841,72,200,true,110,110,72
1767628235841,72,200,true,110,110,72
1767628235835,78,200,true,110,110,78
1767628235851,63,200,true,110,110,63
1767628235839,75,200,true,110,110,75
1767628235856,58,200,true,110,110,58
1767628235856,58,200,true,110,110,58
1767628235857,58,200,true,110,110,58
1767628235851,64,200,true,110,110,64
1767628235852,63,200,true,110,110,63
1767628235852,63,200,true,110,110,63
1767628235852,64,200,true,110,110,64
1767628235859,57,200,true,110,110,57
1767628235859,57,200,true,110,110,57
1767628235838,78,200,true,110,110,78
1767628235857,59,200,true,110,110,59
1767628235852,65,200,true,110,110,65
1767628235852,65,200,true,110,110,65
1767628235857,60,200,true,110,110,60
1767628235853,64,200,true,110,110,64
1767628235842,76,200,true,110,110,76
1767628235842,76,200,true,110,110,76
1767628235857,61,200,true,110,110,61
1767628235858,60,200,true,110,110,60
1767628235858,61,200,true,110,110,61
1767628235853,66,200,true,110,110,66
1767628235853,66,200,true,110,110,66
1767628235858,61,200,true,110,110,61
1767628235858,62,200,true,110,110,62
1767628235840,80,200,true,110,110,80
1767628235859,61,200,true,110,110,61
1767628235842,78,200,true,110,110,78
1767628235859,61,200,true,110,110,61
1767628235842,79,200,true,110,110,79
1767628235843,78,200,true,110,110,78
1767628235845,76,200,true,110,110,76
1767628235849,72,200,true,110,110,72
1767628235843,78,200,true,110,110,78
1767628235843,79,200,true,110,110,79
1767628235844,78,200,true,110,110,78
1767628235853,69,200,true,110,110,69
1767628235844,78,200,true,110,110,78
1767628235853,70,200,true,110,110,70
1767628235839,84,200,true,110,110,84
1767628235859,64,200,true,110,110,64
1767628235844,79,200,true,110,110,79
1767628235854,70,200,true,110,110,70
1767628235854,70,200,true,110,110,70
1767628235854,70,200,true,110,110,70
1767628235854,70,200,true,110,110,70
1767628235846,78,200,true,110,110,78
1767628235846,78,200,true,110,110,78
1767628235860,65,200,true,110,110,65
1767628235854,71,200,true,110,110,71
1767628235845,80,200,true,110,110,80
1767628235845,80,200,true,110,110,80
1767628235846,79,200,true,110,110,79
1767628235861,65,200,true,110,110,65
1767628235861,65,200,true,110,110,65
1767628235847,79,200,true,110,110,79
1767628235847,79,200,true,110,110,79
1767628235860,67,200,true,110,110,67
1767628235861,66,200,true,110,110,66
1767628235855,72,200,true,110,110,72
1767628235855,74,200,true,110,110,74
1767628235861,71,200,true,110,110,71
1767628235863,70,200,true,110,110,70
1767628235863,70,200,true,110,110,70
1767628235911,23,200,true,110,110,21
1767628235912,23,200,true,110,110,23
1767628235912,24,200,true,110,110,24
1767628235913,25,200,true,110,110,25
1767628235916,24,200,true,110,110,24
1767628235914,28,200,true,110,110,27
1767628235915,27,200,true,110,110,26
1767628235864,79,200,true,110,110,79
1767628235918,28,200,true,110,110,28
1767628235908,43,200,true,110,110,43
1767628235863,90,200,true,110,110,90
1767628235934,24,200,true,110,110,24
1767628235943,15,200,true,110,110,15
1767628235863,95,200,true,110,110,95
1767628235958,1,200,true,110,110,1
1767628235958,1,200,true,110,110,1
1767628235958,2,200,true,110,110,2
1767628235959,1,200,true,110,110,1
1767628235959,1,200,true,110,110,1
1767628235960,1,200,true,110,110,1
1767628235960,1,200,true,110,110,1
1767628235961,1,200,true,110,110,1
1767628235961,1,200,true,110,110,1
1767628235961,2,200,true,110,110,2
1767628235865,99,200,true,110,110,99
1767628235866,98,200,true,110,110,98
1767628235866,98,200,true,110,110,98
1767628235882,83,200,true,110,110,83
1767628235882,84,200,true,110,110,84
1767628235965,1,200,true,110,110,1
1767628235884,82,200,true,110,110,82
1767628235966,1,200,true,110,110,1
1767628235966,1,200,true,110,110,1
1767628235966,2,200,true,110,110,2
1767628235967,1,200,true,110,110,1
1767628235967,2,200,true,110,110,2
1767628235968,1,200,true,110,110,1
1767628235968,2,200,true,110,110,2
1767628235969,1,200,true,110,110,1
1767628235969,1,200,true,110,110,1
1767628235970,1,200,true,110,110,1
1767628235971,1,200,true,110,110,1
1767628235971,1,200,true,110,110,1
1767628235972,1,200,true,110,110,1
1767628235972,1,200,true,110,110,1
1767628235973,1,200,true,110,110,1
1767628235973,1,200,true,110,110,1
1767628235885,89,200,true,110,110,89
1767628235974,1,200,true,110,110,1
1767628235974,1,200,true,110,110,1
1767628235974,2,200,true,110,110,2
1767628235975,1,200,true,110,110,1
1767628235975,2,200,true,110,110,2
1767628235976,1,200,true,110,110,1
1767628235976,2,200,true,110,110,2
1767628235977,1,200,true,110,110,1
1767628235977,1,200,true,110,110,1
1767628235978,1,200,true,110,110,1
1767628235877,103,200,true,110,110,103
1767628235885,95,200,true,110,110,95
1767628235898,82,200,true,110,110,82
1767628235970,11,200,true,110,110,1
1767628235978,3,200,true,110,110,1
1767628235899,84,200,true,110,110,84
1767628235899,84,200,true,110,110,84
1767628235901,82,200,true,110,110,82
1767628235904,79,200,true,110,110,79
1767628235890,94,200,true,110,110,92
1767628235894,90,200,true,110,110,89
1767628235890,94,200,true,110,110,92
1767628235980,4,200,true,110,110,4
1767628235887,97,200,true,110,110,97
1767628235856,128,200,true,110,110,128
1767628235905,79,200,true,110,110,79
1767628235916,68,200,true,110,110,68
1767628235921,64,200,true,110,110,64
1767628235909,76,200,true,110,110,76
1767628235910,75,200,true,110,110,75
1767628235910,75,200,true,110,110,75
1767628235910,76,200,true,110,110,76
1767628235911,75,200,true,110,110,75
1767628235911,75,200,true,110,110,75
1767628235911,76,200,true,110,110,76
1767628235855,132,200,true,110,110,132
1767628235860,127,200,true,110,110,127
1767628235912,75,200,true,110,110,75
1767628235912,77,200,true,110,110,77
1767628235913,77,200,true,110,110,77
1767628235914,77,200,true,110,110,76
1767628235985,7,200,true,110,110,7
1767628235983,9,200,true,110,110,9
1767628235985,9,200,true,110,110,9
1767628235983,12,200,true,110,110,12
1767628235984,14,200,true,110,110,14
1767628235984,15,200,true,110,110,15
1767628235916,83,200,true,110,110,83
1767628235914,87,200,true,110,110,86
1767628235915,86,200,true,110,110,86
1767628235914,87,200,true,110,110,87
1767628235915,86,200,true,110,110,85
1767628235916,85,200,true,110,110,85
1767628235915,86,200,true,110,110,86
1767628235920,82,200,true,110,110,82
1767628235919,84,200,true,110,110,84
1767628235917,87,200,true,110,110,87
1767628235918,86,200,true,110,110,86
1767628235918,86,200,true,110,110,86
1767628235917,87,200,true,110,110,87
1767628235919,85,200,true,110,110,85
1767628235918,86,200,true,110,110,85
1767628235917,87,200,true,110,110,86
1767628235999,8,200,true,110,110,8
1767628235919,90,200,true,110,110,90
1767628236004,6,200,true,110,110,5
1767628236004,6,200,true,110,110,6
1767628235921,89,200,true,110,110,89
1767628235917,93,200,true,110,110,93
1767628236004,6,200,true,110,110,6
1767628236004,7,200,true,110,110,7
1767628236004,7,200,true,110,110,7
1767628236004,7,200,true,110,110,7
1767628235920,91,200,true,110,110,91
1767628235917,95,200,true,110,110,95
1767628235924,88,200,true,110,110,88
1767628235922,90,200,true,110,110,90
1767628236004,8,200,true,110,110,5
1767628236004,8,200,true,110,110,7
1767628235914,98,200,true,110,110,98
1767628235923,90,200,true,110,110,90
1767628235922,91,200,true,110,110,91
1767628235923,90,200,true,110,110,90
1767628235920,93,200,true,110,110,93
1767628235923,91,200,true,110,110,91
1767628235921,93,200,true,110,110,93
1767628235922,92,200,true,110,110,92
1767628235921,97,200,true,110,110,97
1767628235910,108,200,true,110,110,108
1767628235920,99,200,true,110,110,99
1767628235924,95,200,true,110,110,95
1767628235922,97,200,true,110,110,96
1767628235920,99,200,true,110,110,98
1767628235920,99,200,true,110,110,99
1767628235922,98,200,true,110,110,96
1767628235924,96,200,true,110,110,94
1767628235925,95,200,true,110,110,93
1767628236011,10,200,true,110,110,10
1767628236020,3,200,true,110,110,3
1767628236012,12,200,true,110,110,12
1767628236010,15,200,true,110,110,15
1767628236014,11,200,true,110,110,11
1767628236007,18,200,true,110,110,18
1767628236012,14,200,true,110,110,14
1767628236014,12,200,true,110,110,12
1767628236013,14,200,true,110,110,14
1767628236013,14,200,true,110,110,14
1767628236013,15,200,true,110,110,15
1767628236014,14,200,true,110,110,14
1767628236012,17,200,true,110,110,17
1767628236021,8,200,true,110,110,8
1767628236019,10,200,true,110,110,10
1767628236018,12,200,true,110,110,12
1767628236020,10,200,true,110,110,10
1767628236024,7,200,true,110,110,7
1767628235924,107,200,true,110,110,107
1767628236020,12,200,true,110,110,12
1767628236024,8,200,true,110,110,8
1767628236025,7,200,true,110,110,7
1767628236025,8,200,true,110,110,8
1767628236025,8,200,true,110,110,8
1767628235925,112,200,true,110,110,112
1767628235933,105,200,true,110,110,105
1767628235935,103,200,true,110,110,103
1767628235926,112,200,true,110,110,112
1767628235940,102,200,true,110,110,102
1767628235924,119,200,true,110,110,119
1767628235925,118,200,true,110,110,118
1767628235929,114,200,true,110,110,114
1767628236043,1,200,true,110,110,1
1767628235925,119,200,true,110,110,119
1767628235933,111,200,true,110,110,111
1767628235926,118,200,true,110,110,118
1767628235942,102,200,true,110,110,102
1767628235942,103,200,true,110,110,103
1767628235953,92,200,true,110,110,92
1767628235946,99,200,true,110,110,99
1767628235925,120,200,true,110,110,120
1767628235938,107,200,true,110,110,107
1767628235926,119,200,true,110,110,116
1767628235927,119,200,true,110,110,119
1767628235962,86,200,true,110,110,86
1767628235964,89,200,true,110,110,86
1767628235980,73,200,true,110,110,73
1767628235897,156,200,true,110,110,156
1767628236045,9,200,true,110,110,9
1767628235913,144,200,true,110,110,144
1767628235980,84,200,true,110,110,84
1767628235987,86,200,true,110,110,85
1767628235987,88,200,true,110,110,87
1767628235984,91,200,true,110,110,91
1767628235984,91,200,true,110,110,88
1767628236043,32,200,true,110,110,32
1767628235992,85,200,true,110,110,85
1767628235986,92,200,true,110,110,92
1767628235984,94,200,true,110,110,78
1767628235984,94,200,true,110,110,94
1767628235986,92,200,true,110,110,92
1767628235985,93,200,true,110,110,80
1767628235987,91,200,true,110,110,88
1767628235985,93,200,true,110,110,93
1767628235983,95,200,true,110,110,89
1767628235992,88,200,true,110,110,88
1767628236053,28,200,true,110,110,27
1767628235989,93,200,true,110,110,92
1767628235995,93,200,true,110,110,93
1767628235981,107,200,true,110,110,107
1767628235991,97,200,true,110,110,97
1767628235991,97,200,true,110,110,97
1767628235994,95,200,true,110,110,91
1767628236001,88,200,true,110,110,88
1767628235999,90,200,true,110,110,90
1767628236012,79,200,true,110,110,79
1767628235999,92,200,true,110,110,92
1767628236012,79,200,true,110,110,79
1767628236001,90,200,true,110,110,89
1767628236001,90,200,true,110,110,90
1767628236001,91,200,true,110,110,90
1767628236002,90,200,true,110,110,89
1767628236001,91,200,true,110,110,89
1767628236010,83,200,true,110,110,83
1767628236001,92,200,true,110,110,92
1767628236011,84,200,true,110,110,84
1767628235923,174,200,true,110,110,174
1767628236019,78,200,true,110,110,78
1767628236019,78,200,true,110,110,78
1767628236013,84,200,true,110,110,84
1767628236019,78,200,true,110,110,78
1767628236010,88,200,true,110,110,88
1767628236010,88,200,true,110,110,85
1767628236009,89,200,true,110,110,89
1767628236012,86,200,true,110,110,83
1767628236018,80,200,true,110,110,78
1767628236011,87,200,true,110,110,87
1767628236027,71,200,true,110,110,71
1767628236028,71,200,true,110,110,71
1767628236027,73,200,true,110,110,73
1767628236033,69,200,true,110,110,69
1767628236032,70,200,true,110,110,70
1767628236031,71,200,true,110,110,71
1767628236032,70,200,true,110,110,70
1767628236033,69,200,true,110,110,69
1767628236030,72,200,true,110,110,72
1767628236032,70,200,true,110,110,70
1767628236029,74,200,true,110,110,74
1767628236030,73,200,true,110,110,71
1767628236029,74,200,true,110,110,74
1767628236030,73,200,true,110,110,73
1767628236026,77,200,true,110,110,77
1767628236026,78,200,true,110,110,78
1767628236037,67,200,true,110,110,67
1767628236081,23,200,true,110,110,23
1767628236038,67,200,true,110,110,67
1767628236038,68,200,true,110,110,68
1767628236038,69,200,true,110,110,69
1767628235927,181,200,true,110,110,181
1767628235926,185,200,true,110,110,185
1767628236043,71,200,true,110,110,71
1767628236045,69,200,true,110,110,69
1767628235951,164,200,true,110,110,164
1767628235963,152,200,true,110,110,152
1767628235936,179,200,true,110,110,179
1767628235932,183,200,true,110,110,183
1767628235927,188,200,true,110,110,188
1767628236088,28,200,true,110,110,28
1767628236093,23,200,true,110,110,23
1767628236078,38,200,true,110,110,38
1767628235964,153,200,true,110,110,153
1767628236044,75,200,true,110,110,75
1767628236107,12,200,true,110,110,12
1767628236111,11,200,true,110,110,11
1767628235978,145,200,true,110,110,145
1767628236117,7,200,true,110,110,7
1767628236123,1,200,true,110,110,1
1767628235980,145,200,true,110,110,145
1767628236045,81,200,true,110,110,81
1767628236044,83,200,true,110,110,83
1767628236045,82,200,true,110,110,82
1767628235983,145,200,true,110,110,145
1767628236125,3,200,true,110,110,3
1767628235985,143,200,true,110,110,143
1767628236126,2,200,true,110,110,2
1767628235962,167,200,true,110,110,163
1767628236044,86,200,true,110,110,86
1767628236043,87,200,true,110,110,87
1767628235986,144,200,true,110,110,144
1767628236045,85,200,true,110,110,85
1767628236046,84,200,true,110,110,84
1767628236045,85,200,true,110,110,84
1767628236044,87,200,true,110,110,87
1767628235984,147,200,true,110,110,147
1767628236046,86,200,true,110,110,86
1767628236073,60,200,true,110,110,60
1767628235981,152,200,true,110,110,151
1767628236048,86,200,true,110,110,86
1767628236133,5,200,true,110,110,5
1767628236134,4,200,true,110,110,4
1767628236128,11,200,true,110,110,11
1767628236138,2,200,true,110,110,1
1767628236075,66,200,true,110,110,66
1767628236075,66,200,true,110,110,66
1767628236075,66,200,true,110,110,66
1767628236130,11,200,true,110,110,10
1767628236075,69,200,true,110,110,68
1767628235925,219,200,true,110,110,219
1767628235867,277,200,true,110,110,277
1767628236054,91,200,true,110,110,91
1767628236078,68,200,true,110,110,68
1767628236078,68,200,true,110,110,68
1767628236080,66,200,true,110,110,66
1767628236077,69,200,true,110,110,69
1767628236012,135,200,true,110,110,135
1767628236098,50,200,true,110,110,50
1767628236019,129,200,true,110,110,129
1767628236078,70,200,true,110,110,70
1767628236092,56,200,true,110,110,56
1767628236078,70,200,true,110,110,70
1767628236091,58,200,true,110,110,58
1767628236028,121,200,true,110,110,121
1767628236010,139,200,true,110,110,139
1767628236078,71,200,true,110,110,71
1767628236089,61,200,true,110,110,61
1767628236144,7,200,true,110,110,7
1767628236146,6,200,true,110,110,6
1767628236149,3,200,true,110,110,3
1767628236149,4,200,true,110,110,4
1767628236148,5,200,true,110,110,5
1767628236149,5,200,true,110,110,5
1767628236150,4,200,true,110,110,4
1767628236089,66,200,true,110,110,66
1767628236088,68,200,true,110,110,68
1767628236082,74,200,true,110,110,74
1767628236144,12,200,true,110,110,12
1767628236147,10,200,true,110,110,9
1767628236149,8,200,true,110,110,8
1767628236146,11,200,true,110,110,11
1767628236148,9,200,true,110,110,9
1767628236148,10,200,true,110,110,10
1767628236147,11,200,true,110,110,11
1767628236149,9,200,true,110,110,9
1767628236089,69,200,true,110,110,69
1767628236148,11,200,true,110,110,11
1767628236091,68,200,true,110,110,68
1767628236089,70,200,true,110,110,70
1767628236103,56,200,true,110,110,56
1767628236098,62,200,true,110,110,62
1767628236088,72,200,true,110,110,72
1767628236098,62,200,true,110,110,62
1767628236092,68,200,true,110,110,68
1767628236098,62,200,true,110,110,62
1767628236095,66,200,true,110,110,66
1767628236097,64,200,true,110,110,64
1767628236092,69,200,true,110,110,69
1767628236098,63,200,true,110,110,63
1767628236093,68,200,true,110,110,68
1767628236091,71,200,true,110,110,71
1767628236102,60,200,true,110,110,60
1767628236092,70,200,true,110,110,70
1767628236097,65,200,true,110,110,65
1767628236091,71,200,true,110,110,71
1767628236102,61,200,true,110,110,61
1767628236102,61,200,true,110,110,61
1767628236103,60,200,true,110,110,60
1767628236102,61,200,true,110,110,61
1767628236097,66,200,true,110,110,66
1767628236103,61,200,true,110,110,61
1767628236099,65,200,true,110,110,65
1767628236102,62,200,true,110,110,62
1767628236103,61,200,true,110,110,61
1767628236100,64,200,true,110,110,64
1767628236097,68,200,true,110,110,68
1767628236104,61,200,true,110,110,61
1767628236099,66,200,true,110,110,66
1767628236115,50,200,true,110,110,50
1767628236102,63,200,true,110,110,63
1767628236098,68,200,true,110,110,68
1767628236115,51,200,true,110,110,51
1767628236163,3,200,true,110,110,3
1767628236159,8,200,true,110,110,8
1767628236103,64,200,true,110,110,64
1767628236105,62,200,true,110,110,62
1767628235964,203,200,true,110,110,203
1767628236031,137,200,true,110,110,137
1767628236097,74,200,true,110,110,74
1767628236156,20,200,true,110,110,20
1767628236161,15,200,true,110,110,15
1767628236162,15,200,true,110,110,15
1767628236158,19,200,true,110,110,19
1767628236153,25,200,true,110,110,25
1767628236115,65,200,true,110,110,65
1767628236114,68,200,true,110,110,67
1767628236163,19,200,true,110,110,19
1767628236104,78,200,true,110,110,78
1767628236164,20,200,true,110,110,20
1767628236104,82,200,true,110,110,82
1767628236116,70,200,true,110,110,70
1767628236108,78,200,true,110,110,78
1767628236165,22,200,true,110,110,22
1767628236166,22,200,true,110,110,22
1767628236167,21,200,true,110,110,21
1767628236154,35,200,true,110,110,35
1767628236166,23,200,true,110,110,23
1767628236168,21,200,true,110,110,21
1767628236176,14,200,true,110,110,14
1767628236176,14,200,true,110,110,14
1767628236177,14,200,true,110,110,14
1767628236178,13,200,true,110,110,13
1767628236171,21,200,true,110,110,21
1767628236181,11,200,true,110,110,11
1767628236182,11,200,true,110,110,11
1767628236182,11,200,true,110,110,11
1767628236184,9,200,true,110,110,9
1767628236182,12,200,true,110,110,12
1767628236186,8,200,true,110,110,8
1767628236186,9,200,true,110,110,9
1767628236187,8,200,true,110,110,8
1767628236188,8,200,true,110,110,8
1767628236188,8,200,true,110,110,8
1767628236189,8,200,true,110,110,8
1767628236189,8,200,true,110,110,8
1767628236189,8,200,true,110,110,8
1767628236190,8,200,true,110,110,8
1767628236190,8,200,true,110,110,8
1767628236191,8,200,true,110,110,8
1767628236192,8,200,true,110,110,8
1767628236192,8,200,true,110,110,8
1767628236193,8,200,true,110,110,8
1767628236193,8,200,true,110,110,8
1767628236193,8,200,true,110,110,8
1767628236194,8,200,true,110,110,8
1767628236194,8,200,true,110,110,8
1767628236195,8,200,true,110,110,8
1767628236196,7,200,true,110,110,7
1767628236196,8,200,true,110,110,8
1767628236197,7,200,true,110,110,7
1767628236197,8,200,true,110,110,8
1767628236198,8,200,true,110,110,8
1767628236198,8,200,true,110,110,8
1767628236201,8,200,true,110,110,8
1767628236204,6,200,true,110,110,6
1767628236206,5,200,true,110,110,4
1767628236207,4,200,true,110,110,4
1767628236210,3,200,true,110,110,3
1767628236211,3,200,true,110,110,3
1767628236213,1,200,true,110,110,1
1767628236119,96,200,true,110,110,96
1767628236122,94,200,true,110,110,94
1767628236124,92,200,true,110,110,92
1767628236119,98,200,true,110,110,98
1767628236125,92,200,true,110,110,92
1767628236127,90,200,true,110,110,90
1767628236127,91,200,true,110,110,91
1767628236214,4,200,true,110,110,4
1767628236106,113,200,true,110,110,113
1767628236191,28,200,true,110,110,8
1767628236053,168,200,true,110,110,168
1767628236064,157,200,true,110,110,157
1767628236130,93,200,true,110,110,93
1767628236139,84,200,true,110,110,84
1767628236142,82,200,true,110,110,82
1767628236140,84,200,true,110,110,84
1767628236141,84,200,true,110,110,84
1767628236131,94,200,true,110,110,94
1767628236132,93,200,true,110,110,91
1767628236131,95,200,true,110,110,93
1767628236130,96,200,true,110,110,92
1767628236133,93,200,true,110,110,90
1767628236141,85,200,true,110,110,85
1767628236078,149,200,true,110,110,149
1767628236155,74,200,true,110,110,74
1767628236157,72,200,true,110,110,72
1767628236078,151,200,true,110,110,151
1767628236145,84,200,true,110,110,84
1767628236102,128,200,true,110,110,126
1767628236167,63,200,true,110,110,63
1767628236146,84,200,true,110,110,84
1767628236144,86,200,true,110,110,86
1767628236165,65,200,true,110,110,65
1767628236157,73,200,true,110,110,73
1767628236057,173,200,true,110,110,170
1767628236152,78,200,true,110,110,78
1767628236053,177,200,true,110,110,173
1767628236156,74,200,true,110,110,74
1767628236167,63,200,true,110,110,62
1767628236141,90,200,true,110,110,83
1767628236139,92,200,true,110,110,86
1767628236130,102,200,true,110,110,95
1767628235987,245,200,true,110,110,240
1767628236166,67,200,true,110,110,67
1767628236161,73,200,true,110,110,73
1767628236160,74,200,true,110,110,74
1767628236167,67,200,true,110,110,67
1767628236152,82,200,true,110,110,82
1767628236158,77,200,true,110,110,77
1767628236160,75,200,true,110,110,73
1767628236159,76,200,true,110,110,74
1767628236162,73,200,true,110,110,73
1767628236159,76,200,true,110,110,76
1767628236130,106,200,true,110,110,106
1767628236162,77,200,true,110,110,77
1767628236158,81,200,true,110,110,81
1767628236161,78,200,true,110,110,78
1767628236160,81,200,true,110,110,81
1767628236159,82,200,true,110,110,82
1767628236161,81,200,true,110,110,80
1767628236154,88,200,true,110,110,88
1767628236159,83,200,true,110,110,83
1767628236158,84,200,true,110,110,81
1767628236160,82,200,true,110,110,80
1767628236153,89,200,true,110,110,86
1767628236156,86,200,true,110,110,85
1767628236160,84,200,true,110,110,82
1767628236128,117,200,true,110,110,110
1767628236162,83,200,true,110,110,83
1767628236163,83,200,true,110,110,82
1767628236164,89,200,true,110,110,89
1767628236165,88,200,true,110,110,88
1767628236223,32,200,true,110,110,32
1767628236163,92,200,true,110,110,92
1767628236234,23,200,true,110,110,23
1767628236242,16,200,true,110,110,16
1767628236241,18,200,true,110,110,18
1767628236244,16,200,true,110,110,16
1767628236223,40,200,true,110,110,40
1767628236230,33,200,true,110,110,33
1767628236178,86,200,true,110,110,86
1767628236164,100,200,true,110,110,100
1767628236115,149,200,true,110,110,149
1767628236115,149,200,true,110,110,149
1767628236116,149,200,true,110,110,148
1767628236157,108,200,true,110,110,108
1767628236151,114,200,true,110,110,114
1767628236164,101,200,true,110,110,101
1767628236166,99,200,true,110,110,99
1767628236115,151,200,true,110,110,151
1767628236164,102,200,true,110,110,102
1767628236199,67,200,true,110,110,67
1767628236200,66,200,true,110,110,66
1767628236201,65,200,true,110,110,65
1767628236201,66,200,true,110,110,66
1767628236200,67,200,true,110,110,67
1767628236198,69,200,true,110,110,69
1767628236204,63,200,true,110,110,63
1767628236205,65,200,true,110,110,65
1767628236265,5,200,true,110,110,5
1767628236267,4,200,true,110,110,4
1767628236263,9,200,true,110,110,9
1767628236263,9,200,true,110,110,9
1767628236266,7,200,true,110,110,7
1767628236264,9,200,true,110,110,9
1767628236264,9,200,true,110,110,9
1767628236267,7,200,true,110,110,7
1767628236203,71,200,true,110,110,71
1767628236202,72,200,true,110,110,72
1767628236203,72,200,true,110,110,72
1767628236209,66,200,true,110,110,66
1767628236211,64,200,true,110,110,64
1767628236214,61,200,true,110,110,61
1767628236215,61,200,true,110,110,61
1767628236217,59,200,true,110,110,59
1767628236217,59,200,true,110,110,59
1767628236216,60,200,true,110,110,60
1767628236216,61,200,true,110,110,61
1767628236202,75,200,true,110,110,75
1767628236195,82,200,true,110,110,82
1767628236266,11,200,true,110,110,11
1767628236187,91,200,true,110,110,91
1767628236276,5,200,true,110,110,5
1767628236277,5,200,true,110,110,5
1767628236162,120,200,true,110,110,120
1767628236128,154,200,true,110,110,154
1767628236130,153,200,true,110,110,153
1767628236225,64,200,true,110,110,64
1767628236241,48,200,true,110,110,48
1767628236229,60,200,true,110,110,60
1767628236224,66,200,true,110,110,66
1767628236232,58,200,true,110,110,58
1767628236242,48,200,true,110,110,48
1767628236234,57,200,true,110,110,54
1767628236226,65,200,true,110,110,62
1767628236232,59,200,true,110,110,55
1767628236239,52,200,true,110,110,52
1767628236231,61,200,true,110,110,57
1767628236231,61,200,true,110,110,61
1767628236224,69,200,true,110,110,69
1767628236226,67,200,true,110,110,67
1767628236217,78,200,true,110,110,78
1767628236230,66,200,true,110,110,66
1767628236245,51,200,true,110,110,51
1767628236229,67,200,true,110,110,67
1767628236230,68,200,true,110,110,68
1767628236221,77,200,true,110,110,77
1767628236230,69,200,true,110,110,67
1767628236298,1,200,true,110,110,1
1767628236227,73,200,true,110,110,73
1767628236230,71,200,true,110,110,71
1767628236230,72,200,true,110,110,71
1767628236221,81,200,true,110,110,81
1767628236230,72,200,true,110,110,72
1767628236299,3,200,true,110,110,3
1767628236300,3,200,true,110,110,3
1767628236242,62,200,true,110,110,62
1767628236229,76,200,true,110,110,76
1767628236234,71,200,true,110,110,70
1767628236302,3,200,true,110,110,3
1767628236219,89,200,true,110,110,89
1767628236233,75,200,true,110,110,75
1767628236230,79,200,true,110,110,79
1767628236235,76,200,true,110,110,76
1767628236236,75,200,true,110,110,75
1767628236234,78,200,true,110,110,78
1767628236230,82,200,true,110,110,82
1767628236230,83,200,true,110,110,83
1767628236116,197,200,true,110,110,197
1767628236161,152,200,true,110,110,152
1767628236163,151,200,true,110,110,151
1767628236235,79,200,true,110,110,79
1767628236242,72,200,true,110,110,72
1767628236218,97,200,true,110,110,97
1767628236312,4,200,true,110,110,4
1767628236311,5,200,true,110,110,5
1767628236312,6,200,true,110,110,6
1767628236239,80,200,true,110,110,80
1767628236235,84,200,true,110,110,84
1767628236313,7,200,true,110,110,5
1767628236242,78,200,true,110,110,78
1767628236317,3,200,true,110,110,3
1767628236242,79,200,true,110,110,79
1767628236246,83,200,true,110,110,83
1767628236230,99,200,true,110,110,99
1767628236226,103,200,true,110,110,103
1767628236219,111,200,true,110,110,110
1767628236245,85,200,true,110,110,85
1767628236255,75,200,true,110,110,75
1767628236257,74,200,true,110,110,74
1767628236227,104,200,true,110,110,104
1767628236218,113,200,true,110,110,113
1767628236225,106,200,true,110,110,106
1767628236255,77,200,true,110,110,77
1767628236253,79,200,true,110,110,79
1767628236253,80,200,true,110,110,80
1767628236225,109,200,true,110,110,109
1767628236258,77,200,true,110,110,77
1767628236332,3,200,true,110,110,3
1767628236259,76,200,true,110,110,76
1767628236332,4,200,true,110,110,4
1767628236330,6,200,true,110,110,6
1767628236329,8,200,true,110,110,8
1767628236266,75,200,true,110,110,75
1767628236265,76,200,true,110,110,76
1767628236266,75,200,true,110,110,75
1767628236165,176,200,true,110,110,176
1767628236267,76,200,true,110,110,76
1767628236265,79,200,true,110,110,79
1767628236264,80,200,true,110,110,79
1767628236265,80,200,true,110,110,79
1767628236267,78,200,true,110,110,77
1767628236266,80,200,true,110,110,79
1767628236275,74,200,true,110,110,74
1767628236275,74,200,true,110,110,74
1767628236265,85,200,true,110,110,85
1767628236275,78,200,true,110,110,78
1767628236128,225,200,true,110,110,225
1767628236274,80,200,true,110,110,79
1767628236276,78,200,true,110,110,78
1767628236277,77,200,true,110,110,77
1767628236274,80,200,true,110,110,79
1767628236274,80,200,true,110,110,80
1767628236272,85,200,true,110,110,85
1767628236277,80,200,true,110,110,80
1767628236272,87,200,true,110,110,87
1767628236273,87,200,true,110,110,87
1767628236282,79,200,true,110,110,78
1767628236273,88,200,true,110,110,87
1767628236281,80,200,true,110,110,80
1767628236270,92,200,true,110,110,91
1767628236360,3,200,true,110,110,3
1767628236282,83,200,true,110,110,83
1767628236231,134,200,true,110,110,134
1767628236278,87,200,true,110,110,87
1767628236282,84,200,true,110,110,83
1767628236283,83,200,true,110,110,83
1767628236289,78,200,true,110,110,78
1767628236292,78,200,true,110,110,78
1767628236291,79,200,true,110,110,79
1767628236290,80,200,true,110,110,78
1767628236290,80,200,true,110,110,78
1767628236291,79,200,true,110,110,78
1767628236290,81,200,true,110,110,81
1767628236292,79,200,true,110,110,78
1767628236290,81,200,true,110,110,80
1767628236291,80,200,true,110,110,79
1767628236291,81,200,true,110,110,79
1767628236293,80,200,true,110,110,79
1767628236293,81,200,true,110,110,81
1767628236299,75,200,true,110,110,75
1767628236302,72,200,true,110,110,72
1767628236296,78,200,true,110,110,78
1767628236242,132,200,true,110,110,132
1767628236296,79,200,true,110,110,78
1767628236296,79,200,true,110,110,77
1767628236301,74,200,true,110,110,74
1767628236302,73,200,true,110,110,73
1767628236302,73,200,true,110,110,73
1767628236303,72,200,true,110,110,72
1767628236304,72,200,true,110,110,72
1767628236296,80,200,true,110,110,77
1767628236374,2,200,true,110,110,2
1767628236305,71,200,true,110,110,71
1767628236305,72,200,true,110,110,72
1767628236305,72,200,true,110,110,72
1767628236236,141,200,true,110,110,141
1767628236308,69,200,true,110,110,69
1767628236308,69,200,true,110,110,69
1767628236299,79,200,true,110,110,75
1767628236309,69,200,true,110,110,69
1767628236235,143,200,true,110,110,143
1767628236313,65,200,true,110,110,65
1767628236371,7,200,true,110,110,7
1767628236370,9,200,true,110,110,9
1767628236370,9,200,true,110,110,9
1767628236370,9,200,true,110,110,9
1767628236370,9,200,true,110,110,9
1767628236366,13,200,true,110,110,13
1767628236311,69,200,true,110,110,69
1767628236314,66,200,true,110,110,66
1767628236314,66,200,true,110,110,66
1767628236316,64,200,true,110,110,64
1767628236315,66,200,true,110,110,66
1767628236314,67,200,true,110,110,67
1767628236313,68,200,true,110,110,68
1767628236320,61,200,true,110,110,61
1767628236318,63,200,true,110,110,63
1767628236319,63,200,true,110,110,63
1767628236366,16,200,true,110,110,16
1767628236320,62,200,true,110,110,62
1767628236320,62,200,true,110,110,62
1767628236321,61,200,true,110,110,61
1767628236320,63,200,true,110,110,63
1767628236329,54,200,true,110,110,54
1767628236331,52,200,true,110,110,52
1767628236331,52,200,true,110,110,52
1767628236329,55,200,true,110,110,55
1767628236330,54,200,true,110,110,54
1767628236331,53,200,true,110,110,53
1767628236331,53,200,true,110,110,53
1767628236334,50,200,true,110,110,50
1767628236331,54,200,true,110,110,54
1767628236333,52,200,true,110,110,52
1767628236335,50,200,true,110,110,50
1767628236335,50,200,true,110,110,50
1767628236336,49,200,true,110,110,49
1767628236335,51,200,true,110,110,51
1767628236336,50,200,true,110,110,50
1767628236261,125,200,true,110,110,125
1767628236264,122,200,true,110,110,122
1767628236341,45,200,true,110,110,45
1767628236337,50,200,true,110,110,50
1767628236341,46,200,true,110,110,46
1767628236341,46,200,true,110,110,46
1767628236341,46,200,true,110,110,46
1767628236276,112,200,true,110,110,111
1767628236276,112,200,true,110,110,112
1767628236345,43,200,true,110,110,43
1767628236345,43,200,true,110,110,43
1767628236345,43,200,true,110,110,43
1767628236375,14,200,true,110,110,14
1767628236376,13,200,true,110,110,13
1767628236376,13,200,true,110,110,13
1767628236383,7,200,true,110,110,7
1767628236378,12,200,true,110,110,12
1767628236388,3,200,true,110,110,3
1767628236374,18,200,true,110,110,18
1767628236275,118,200,true,110,110,118
1767628236346,48,200,true,110,110,48
1767628236349,46,200,true,110,110,46
1767628236349,46,200,true,110,110,46
1767628236376,20,200,true,110,110,18
1767628236377,19,200,true,110,110,19
1767628236343,54,200,true,110,110,50
1767628236375,22,200,true,110,110,18
1767628236378,20,200,true,110,110,20
1767628236377,21,200,true,110,110,14
1767628236377,25,200,true,110,110,25
1767628236376,27,200,true,110,110,27
1767628236382,23,200,true,110,110,23
1767628236387,20,200,true,110,110,20
1767628236381,28,200,true,110,110,28
1767628236385,25,200,true,110,110,25
1767628236379,32,200,true,110,110,32
1767628236403,8,200,true,110,110,8
1767628236388,28,200,true,110,110,27
1767628236389,29,200,true,110,110,29
1767628236409,10,200,true,110,110,10
1767628236344,75,200,true,110,110,75
1767628236271,149,200,true,110,110,149
1767628236419,1,200,true,110,110,1
1767628236270,151,200,true,110,110,151
1767628236129,292,200,true,110,110,291
1767628236353,68,200,true,110,110,68
1767628236353,68,200,true,110,110,68
1767628236354,67,200,true,110,110,67
1767628236354,68,200,true,110,110,68
1767628236354,68,200,true,110,110,68
1767628236354,68,200,true,110,110,68
1767628236354,68,200,true,110,110,68
1767628236357,65,200,true,110,110,65
1767628236358,65,200,true,110,110,65
1767628236274,149,200,true,110,110,149
1767628236278,145,200,true,110,110,145
1767628236361,62,200,true,110,110,62
1767628236361,63,200,true,110,110,63
1767628236362,62,200,true,110,110,62
1767628236360,64,200,true,110,110,64
1767628236363,61,200,true,110,110,61
1767628236362,62,200,true,110,110,62
1767628236365,60,200,true,110,110,60
1767628236365,60,200,true,110,110,60
1767628236290,135,200,true,110,110,135
1767628236240,185,200,true,110,110,185
1767628236379,46,200,true,110,110,46
1767628236388,38,200,true,110,110,38
1767628236375,53,200,true,110,110,53
1767628236421,8,200,true,110,110,8
1767628236376,53,200,true,110,110,53
1767628236380,49,200,true,110,110,49
1767628236377,52,200,true,110,110,52
1767628236386,44,200,true,110,110,44
1767628236374,56,200,true,110,110,56
1767628236378,52,200,true,110,110,52
1767628236379,51,200,true,110,110,51
1767628236377,53,200,true,110,110,53
1767628236378,53,200,true,110,110,53
1767628236380,51,200,true,110,110,51
1767628236380,51,200,true,110,110,51
1767628236381,50,200,true,110,110,50
1767628236380,51,200,true,110,110,51
1767628236378,54,200,true,110,110,54
1767628236374,58,200,true,110,110,58
1767628236381,51,200,true,110,110,51
1767628236375,57,200,true,110,110,57
1767628236383,49,200,true,110,110,49
1767628236383,50,200,true,110,110,50
1767628236380,53,200,true,110,110,53
1767628236375,58,200,true,110,110,58
1767628236371,62,200,true,110,110,62
1767628236385,48,200,true,110,110,48
1767628236382,52,200,true,110,110,52
1767628236382,52,200,true,110,110,52
1767628236382,52,200,true,110,110,52
1767628236370,64,200,true,110,110,64
1767628236385,49,200,true,110,110,49
1767628236371,64,200,true,110,110,64
1767628236386,49,200,true,110,110,49
1767628236381,54,200,true,110,110,54
1767628236386,49,200,true,110,110,49
1767628236421,15,200,true,110,110,15
1767628236386,50,200,true,110,110,50
1767628236380,56,200,true,110,110,56
1767628236387,49,200,true,110,110,49
1767628236382,55,200,true,110,110,55
1767628236386,51,200,true,110,110,51
1767628236383,54,200,true,110,110,54
1767628236385,52,200,true,110,110,52
1767628236374,64,200,true,110,110,64
1767628236387,51,200,true,110,110,51
1767628236384,54,200,true,110,110,54
1767628236384,54,200,true,110,110,54
1767628236372,66,200,true,110,110,66
1767628236366,73,200,true,110,110,73
1767628236387,52,200,true,110,110,52
1767628236374,65,200,true,110,110,65
1767628236371,68,200,true,110,110,68
1767628236384,55,200,true,110,110,55
1767628236367,73,200,true,110,110,73
1767628236384,56,200,true,110,110,56
1767628236384,56,200,true,110,110,56
1767628236385,55,200,true,110,110,55
1767628236388,52,200,true,110,110,52
1767628236397,44,200,true,110,110,44
1767628236420,21,200,true,110,110,21
1767628236398,43,200,true,110,110,43
1767628236392,49,200,true,110,110,49
1767628236396,46,200,true,110,110,46
1767628236424,18,200,true,110,110,18
1767628236396,46,200,true,110,110,46
1767628236390,52,200,true,110,110,52
1767628236390,53,200,true,110,110,53
1767628236395,48,200,true,110,110,48
1767628236389,54,200,true,110,110,54
1767628236398,45,200,true,110,110,45
1767628236393,50,200,true,110,110,50
1767628236390,53,200,true,110,110,53
1767628236395,49,200,true,110,110,49
1767628236388,56,200,true,110,110,56
1767628236397,47,200,true,110,110,47
1767628236394,50,200,true,110,110,50
1767628236402,42,200,true,110,110,42
1767628236391,54,200,true,110,110,54
1767628236407,38,200,true,110,110,38
1767628236422,26,200,true,110,110,26
1767628236412,36,200,true,110,110,35
1767628236405,43,200,true,110,110,43
1767628236411,37,200,true,110,110,37
1767628236410,38,200,true,110,110,38
1767628236416,32,200,true,110,110,32
1767628236418,30,200,true,110,110,30
1767628236425,24,200,true,110,110,24
1767628236421,28,200,true,110,110,28
1767628236425,24,200,true,110,110,24
1767628236425,24,200,true,110,110,24
1767628236421,29,200,true,110,110,29
1767628236425,25,200,true,110,110,25
1767628236421,29,200,true,110,110,29
1767628236421,29,200,true,110,110,29
1767628236420,30,200,true,110,110,30
1767628236422,29,200,true,110,110,29
1767628236422,29,200,true,110,110,29
1767628236423,28,200,true,110,110,28
1767628236422,29,200,true,110,110,29
1767628236422,30,200,true,110,110,30
1767628236448,6,200,true,110,110,6
1767628236423,31,200,true,110,110,31
1767628236381,74,200,true,110,110,74
1767628236424,31,200,true,110,110,31
1767628236423,32,200,true,110,110,32
1767628236424,31,200,true,110,110,31
1767628236423,33,200,true,110,110,33
1767628236424,32,200,true,110,110,32
1767628236425,31,200,true,110,110,31
1767628236425,31,200,true,110,110,31
1767628236350,106,200,true,110,110,106
1767628236449,11,200,true,110,110,11
1767628236443,17,200,true,110,110,17
1767628236426,34,200,true,110,110,34
1767628236428,33,200,true,110,110,33
1767628236449,12,200,true,110,110,12
1767628236430,31,200,true,110,110,31
1767628236432,30,200,true,110,110,30
1767628236441,21,200,true,110,110,21
1767628236432,31,200,true,110,110,31
1767628236449,17,200,true,110,110,17
1767628236429,37,200,true,110,110,37
1767628236431,38,200,true,110,110,38
1767628236431,38,200,true,110,110,38
1767628236435,35,200,true,110,110,35
1767628236432,38,200,true,110,110,38
1767628236433,38,200,true,110,110,38
1767628236450,21,200,true,110,110,21
1767628236432,43,200,true,110,110,43
1767628236435,41,200,true,110,110,40
1767628236436,42,200,true,110,110,42
1767628236435,43,200,true,110,110,43
1767628236445,34,200,true,110,110,34
1767628236450,32,200,true,110,110,32
1767628236436,46,200,true,110,110,46
1767628236438,44,200,true,110,110,44
1767628236438,47,200,true,110,110,47
1767628236451,34,200,true,110,110,34
1767628236439,47,200,true,110,110,47
1767628236439,50,200,true,110,110,50
1767628236455,34,200,true,110,110,34
1767628236440,52,200,true,110,110,52
1767628236439,53,200,true,110,110,53
1767628236456,36,200,true,110,110,36
1767628236462,34,200,true,110,110,34
1767628236455,41,200,true,110,110,41
1767628236466,33,200,true,110,110,33
1767628236476,23,200,true,110,110,23
1767628236443,57,200,true,110,110,57
1767628236444,56,200,true,110,110,56
1767628236442,58,200,true,110,110,58
1767628236445,55,200,true,110,110,55
1767628236441,59,200,true,110,110,59
1767628236449,52,200,true,110,110,52
1767628236429,72,200,true,110,110,72
1767628236432,69,200,true,110,110,69
1767628236442,60,200,true,110,110,60
1767628236454,48,200,true,110,110,48
1767628236442,60,200,true,110,110,60
1767628236442,60,200,true,110,110,60
1767628236445,57,200,true,110,110,57
1767628236430,72,200,true,110,110,72
1767628236430,73,200,true,110,110,73
1767628236430,73,200,true,110,110,73
1767628236443,60,200,true,110,110,60
1767628236431,72,200,true,110,110,72
1767628236443,60,200,true,110,110,60
1767628236431,73,200,true,110,110,73
1767628236430,74,200,true,110,110,74
1767628236450,54,200,true,110,110,54
1767628236455,49,200,true,110,110,49
1767628236431,73,200,true,110,110,73
1767628236433,72,200,true,110,110,72
1767628236433,72,200,true,110,110,72
1767628236433,72,200,true,110,110,72
1767628236434,71,200,true,110,110,71
1767628236434,71,200,true,110,110,71
1767628236434,72,200,true,110,110,72
1767628236434,72,200,true,110,110,72
1767628236443,64,200,true,110,110,64
1767628236434,73,200,true,110,110,73
1767628236435,72,200,true,110,110,72
1767628236448,60,200,true,110,110,60
1767628236435,73,200,true,110,110,73
1767628236444,64,200,true,110,110,64
1767628236429,79,200,true,110,110,79
1767628236448,61,200,true,110,110,60
1767628236438,71,200,true,110,110,71
1767628236437,72,200,true,110,110,72
1767628236437,72,200,true,110,110,72
1767628236437,72,200,true,110,110,72
1767628236436,74,200,true,110,110,74
1767628236448,62,200,true,110,110,62
1767628236450,60,200,true,110,110,60
1767628236444,66,200,true,110,110,66
1767628236444,66,200,true,110,110,66
1767628236441,70,200,true,110,110,70
1767628236429,82,200,true,110,110,82
1767628236436,75,200,true,110,110,75
1767628236438,73,200,true,110,110,73
1767628236442,69,200,true,110,110,69
1767628236448,64,200,true,110,110,64
1767628236441,71,200,true,110,110,71
1767628236451,61,200,true,110,110,61
1767628236438,74,200,true,110,110,74
1767628236451,61,200,true,110,110,61
1767628236439,74,200,true,110,110,74
1767628236437,76,200,true,110,110,76
1767628236471,42,200,true,110,110,42
1767628236444,69,200,true,110,110,69
1767628236451,63,200,true,110,110,63
1767628236451,63,200,true,110,110,63
1767628236439,75,200,true,110,110,75
1767628236452,62,200,true,110,110,62
1767628236448,66,200,true,110,110,66
1767628236440,75,200,true,110,110,75
1767628236455,60,200,true,110,110,60
1767628236440,75,200,true,110,110,75
1767628236440,75,200,true,110,110,75
1767628236455,61,200,true,110,110,60
1767628236456,60,200,true,110,110,60
1767628236456,60,200,true,110,110,60
1767628236456,60,200,true,110,110,60
1767628236456,60,200,true,110,110,60
1767628236460,57,200,true,110,110,57
1767628236466,51,200,true,110,110,51
1767628236460,57,200,true,110,110,57
1767628236460,57,200,true,110,110,57
1767628236461,56,200,true,110,110,56
1767628236461,57,200,true,110,110,57
1767628236462,56,200,true,110,110,56
1767628236462,56,200,true,110,110,56
1767628236463,55,200,true,110,110,55
1767628236469,49,200,true,110,110,49
1767628236469,50,200,true,110,110,50
1767628236471,48,200,true,110,110,48
1767628236470,49,200,true,110,110,49
1767628236496,23,200,true,110,110,23
1767628236471,49,200,true,110,110,49
1767628236475,45,200,true,110,110,45
1767628236478,42,200,true,110,110,42
1767628236478,42,200,true,110,110,42
1767628236479,41,200,true,110,110,41
1767628236450,71,200,true,110,110,71
1767628236482,39,200,true,110,110,39
1767628236482,40,200,true,110,110,40
1767628236485,37,200,true,110,110,37
1767628236485,37,200,true,110,110,37
1767628236489,34,200,true,110,110,34
1767628236482,41,200,true,110,110,41
1767628236489,34,200,true,110,110,34
1767628236492,32,200,true,110,110,32
1767628236492,32,200,true,110,110,32
1767628236492,32,200,true,110,110,32
1767628236496,28,200,true,110,110,28
1767628236486,39,200,true,110,110,39
1767628236517,9,200,true,110,110,9
1767628236517,9,200,true,110,110,9
1767628236500,26,200,true,110,110,26
1767628236500,27,200,true,110,110,27
1767628236500,28,200,true,110,110,28
1767628236502,27,200,true,110,110,27
1767628236501,29,200,true,110,110,29
1767628236521,10,200,true,110,110,10
1767628236500,31,200,true,110,110,31
1767628236502,35,200,true,110,110,35
1767628236505,34,200,true,110,110,34
1767628236508,34,200,true,110,110,34
1767628236509,34,200,true,110,110,34
1767628236509,35,200,true,110,110,35
1767628236517,30,200,true,110,110,30
1767628236501,49,200,true,110,110,47
1767628236512,39,200,true,110,110,39
1767628236514,45,200,true,110,110,45
1767628236518,41,200,true,110,110,41
1767628236518,41,200,true,110,110,41
1767628236518,42,200,true,110,110,42
1767628236518,44,200,true,110,110,43
1767628236517,45,200,true,110,110,45
1767628236559,4,200,true,110,110,4
1767628236559,4,200,true,110,110,4
1767628236503,60,200,true,110,110,60
1767628236502,62,200,true,110,110,62
1767628236502,62,200,true,110,110,62
1767628236518,46,200,true,110,110,46
1767628236503,61,200,true,110,110,61
1767628236499,65,200,true,110,110,65
1767628236518,47,200,true,110,110,47
1767628236502,63,200,true,110,110,63
1767628236503,62,200,true,110,110,62
1767628236519,46,200,true,110,110,46
1767628236503,62,200,true,110,110,62
1767628236504,63,200,true,110,110,63
1767628236504,64,200,true,110,110,62
1767628236560,11,200,true,110,110,11
1767628236565,7,200,true,110,110,7
1767628236565,7,200,true,110,110,7
1767628236568,4,200,true,110,110,4
1767628236568,5,200,true,110,110,5
1767628236571,2,200,true,110,110,2
1767628236572,2,200,true,110,110,2
1767628236572,2,200,true,110,110,2
1767628236573,2,200,true,110,110,2
1767628236508,68,200,true,110,110,68
1767628236503,73,200,true,110,110,72
1767628236519,58,200,true,110,110,57
1767628236504,73,200,true,110,110,73
1767628236504,74,200,true,110,110,74
1767628236501,77,200,true,110,110,77
1767628236505,73,200,true,110,110,73
1767628236574,4,200,true,110,110,4
1767628236505,76,200,true,110,110,76
1767628236519,64,200,true,110,110,63
1767628236505,78,200,true,110,110,78
1767628236505,78,200,true,110,110,77
1767628236520,63,200,true,110,110,63
1767628236505,78,200,true,110,110,78
1767628236513,70,200,true,110,110,70
1767628236520,63,200,true,110,110,62
1767628236506,77,200,true,110,110,77
1767628236507,79,200,true,110,110,79
1767628236508,78,200,true,110,110,78
1767628236499,88,200,true,110,110,88
1767628236519,69,200,true,110,110,68
1767628236508,80,200,true,110,110,79
1767628236507,82,200,true,110,110,80
1767628236506,83,200,true,110,110,80
1767628236586,3,200,true,110,110,3
1767628236520,69,200,true,110,110,69
1767628236583,6,200,true,110,110,2
1767628236513,77,200,true,110,110,77
1767628236509,82,200,true,110,110,81
1767628236509,82,200,true,110,110,81
1767628236521,71,200,true,110,110,71
1767628236589,3,200,true,110,110,3
1767628236589,4,200,true,110,110,4
1767628236509,84,200,true,110,110,80
1767628236591,3,200,true,110,110,3
1767628236581,15,200,true,110,110,14
1767628236593,4,200,true,110,110,4
1767628236510,88,200,true,110,110,88
1767628236520,78,200,true,110,110,78
1767628236510,88,200,true,110,110,88
1767628236510,88,200,true,110,110,88
1767628236508,90,200,true,110,110,89
1767628236510,91,200,true,110,110,91
1767628236512,89,200,true,110,110,89
1767628236514,89,200,true,110,110,88
1767628236515,88,200,true,110,110,88
1767628236515,89,200,true,110,110,89
1767628236516,88,200,true,110,110,88
1767628236515,89,200,true,110,110,89
1767628236514,91,200,true,110,110,91
1767628236515,90,200,true,110,110,90
1767628236515,90,200,true,110,110,90
1767628236511,94,200,true,110,110,91
1767628236513,92,200,true,110,110,89
1767628236516,89,200,true,110,110,88
1767628236512,94,200,true,110,110,93
1767628236511,95,200,true,110,110,94
1767628236511,95,200,true,110,110,94
1767628236501,105,200,true,110,110,100
1767628236511,96,200,true,110,110,90
1767628236513,94,200,true,110,110,93
1767628236516,92,200,true,110,110,92
1767628236601,7,200,true,110,110,6
1767628236516,92,200,true,110,110,92
1767628236516,92,200,true,110,110,92
1767628236606,3,200,true,110,110,3
1767628236608,1,200,true,110,110,1
1767628236605,5,200,true,110,110,5
1767628236606,4,200,true,110,110,4
1767628236605,6,200,true,110,110,6
1767628236514,97,200,true,110,110,97
1767628236603,9,200,true,110,110,9
1767628236601,11,200,true,110,110,11
1767628236609,6,200,true,110,110,6
1767628236605,10,200,true,110,110,10
1767628236610,6,200,true,110,110,6
1767628236523,93,200,true,110,110,93
1767628236521,95,200,true,110,110,95
1767628236522,95,200,true,110,110,95
1767628236522,95,200,true,110,110,95
1767628236512,105,200,true,110,110,105
1767628236522,95,200,true,110,110,95
1767628236523,95,200,true,110,110,95
1767628236523,95,200,true,110,110,95
1767628236525,95,200,true,110,110,95
1767628236611,10,200,true,110,110,10
1767628236616,5,200,true,110,110,5
1767628236616,6,200,true,110,110,6
1767628236616,6,200,true,110,110,6
1767628236616,7,200,true,110,110,7
1767628236612,11,200,true,110,110,11
1767628236617,7,200,true,110,110,7
1767628236622,5,200,true,110,110,5
1767628236617,10,200,true,110,110,10
1767628236512,117,200,true,110,110,117
1767628236524,106,200,true,110,110,106
1767628236514,117,200,true,110,110,117
1767628236627,4,200,true,110,110,4
1767628236524,108,200,true,110,110,108
1767628236526,106,200,true,110,110,106
1767628236526,107,200,true,110,110,107
1767628236532,102,200,true,110,110,102
1767628236527,107,200,true,110,110,107
1767628236526,108,200,true,110,110,108
1767628236528,106,200,true,110,110,106
1767628236529,105,200,true,110,110,105
1767628236530,104,200,true,110,110,104
1767628236531,104,200,true,110,110,104
1767628236537,98,200,true,110,110,98
1767628236539,96,200,true,110,110,96
1767628236542,93,200,true,110,110,93
1767628236543,93,200,true,110,110,93
1767628236547,89,200,true,110,110,89
1767628236544,92,200,true,110,110,92
1767628236550,86,200,true,110,110,86
1767628236551,85,200,true,110,110,85
1767628236524,113,200,true,110,110,113
1767628236524,113,200,true,110,110,113
1767628236559,78,200,true,110,110,78
1767628236503,134,200,true,110,110,134
1767628236563,78,200,true,110,110,78
1767628236635,8,200,true,110,110,8
1767628236637,8,200,true,110,110,8
1767628236637,9,200,true,110,110,9
1767628236563,84,200,true,110,110,83
1767628236564,83,200,true,110,110,83
1767628236562,85,200,true,110,110,85
1767628236564,84,200,true,110,110,84
1767628236564,84,200,true,110,110,84
1767628236565,83,200,true,110,110,83
1767628236565,84,200,true,110,110,84
1767628236565,84,200,true,110,110,84
1767628236565,84,200,true,110,110,84
1767628236563,86,200,true,110,110,86
1767628236564,85,200,true,110,110,85
1767628236563,87,200,true,110,110,87
1767628236574,76,200,true,110,110,76
1767628236573,77,200,true,110,110,77
1767628236576,74,200,true,110,110,74
1767628236578,73,200,true,110,110,73
1767628236575,76,200,true,110,110,76
1767628236578,74,200,true,110,110,74
1767628236577,75,200,true,110,110,74
1767628236576,76,200,true,110,110,76
1767628236577,75,200,true,110,110,74
1767628236578,74,200,true,110,110,74
1767628236578,74,200,true,110,110,74
1767628236583,70,200,true,110,110,70
1767628236583,70,200,true,110,110,70
1767628236583,70,200,true,110,110,70
1767628236583,70,200,true,110,110,70
1767628236583,71,200,true,110,110,70
1767628236584,70,200,true,110,110,70
1767628236583,71,200,true,110,110,71
1767628236586,68,200,true,110,110,68
1767628236587,67,200,true,110,110,67
1767628236588,67,200,true,110,110,67
1767628236588,67,200,true,110,110,67
1767628236589,66,200,true,110,110,66
1767628236589,66,200,true,110,110,66
1767628236589,67,200,true,110,110,67
1767628236591,65,200,true,110,110,65
1767628236591,65,200,true,110,110,65
1767628236592,65,200,true,110,110,65
1767628236650,10,200,true,110,110,10
1767628236593,67,200,true,110,110,65
1767628236651,13,200,true,110,110,13
1767628236652,12,200,true,110,110,12
1767628236652,12,200,true,110,110,12
1767628236652,15,200,true,110,110,15
1767628236655,13,200,true,110,110,13
1767628236657,14,200,true,110,110,14
1767628236596,75,200,true,110,110,75
1767628236660,13,200,true,110,110,13
1767628236660,14,200,true,110,110,14
1767628236598,77,200,true,110,110,77
1767628236598,77,200,true,110,110,77
1767628236671,4,200,true,110,110,4
1767628236605,71,200,true,110,110,71
1767628236606,70,200,true,110,110,70
1767628236607,70,200,true,110,110,70
1767628236604,73,200,true,110,110,73
1767628236605,72,200,true,110,110,72
1767628236675,3,200,true,110,110,3
1767628236605,73,200,true,110,110,73
1767628236675,6,200,true,110,110,6
1767628236679,2,200,true,110,110,2
1767628236607,74,200,true,110,110,74
1767628236606,76,200,true,110,110,76
1767628236604,78,200,true,110,110,78
1767628236608,74,200,true,110,110,74
1767628236608,74,200,true,110,110,74
1767628236608,74,200,true,110,110,74
1767628236598,85,200,true,110,110,85
1767628236598,85,200,true,110,110,85
1767628236609,74,200,true,110,110,74
1767628236605,82,200,true,110,110,82
1767628236610,77,200,true,110,110,77
1767628236598,89,200,true,110,110,89
1767628236617,71,200,true,110,110,71
1767628236611,80,200,true,110,110,80
1767628236612,80,200,true,110,110,80
1767628236622,71,200,true,110,110,71
1767628236623,70,200,true,110,110,70
1767628236691,3,200,true,110,110,3
1767628236624,70,200,true,110,110,70
1767628236623,71,200,true,110,110,71
1767628236510,185,200,true,110,110,185
1767628236632,63,200,true,110,110,63
1767628236634,61,200,true,110,110,61
1767628236633,63,200,true,110,110,62
1767628236634,62,200,true,110,110,62
1767628236634,62,200,true,110,110,62
1767628236634,62,200,true,110,110,62
1767628236634,62,200,true,110,110,62
1767628236627,69,200,true,110,110,69
1767628236693,6,200,true,110,110,6
1767628236636,66,200,true,110,110,66
1767628236634,68,200,true,110,110,68
1767628236635,68,200,true,110,110,68
1767628236631,73,200,true,110,110,73
1767628236636,69,200,true,110,110,69
1767628236635,71,200,true,110,110,71
1767628236629,78,200,true,110,110,78
1767628236635,73,200,true,110,110,73
1767628236636,73,200,true,110,110,73
1767628236631,79,200,true,110,110,79
1767628236630,81,200,true,110,110,81
1767628236637,75,200,true,110,110,75
1767628236637,76,200,true,110,110,76
1767628236637,77,200,true,110,110,77
1767628236632,83,200,true,110,110,83
1767628236643,73,200,true,110,110,73
1767628236641,76,200,true,110,110,76
1767628236592,125,200,true,110,110,125
1767628236656,61,200,true,110,110,61
1767628236647,70,200,true,110,110,70
1767628236650,68,200,true,110,110,68
1767628236647,71,200,true,110,110,71
1767628236653,65,200,true,110,110,65
1767628236647,71,200,true,110,110,71
1767628236649,69,200,true,110,110,69
1767628236648,71,200,true,110,110,71
1767628236648,71,200,true,110,110,71
1767628236649,70,200,true,110,110,70
1767628236648,71,200,true,110,110,71
1767628236649,71,200,true,110,110,71
1767628236649,71,200,true,110,110,71
1767628236650,70,200,true,110,110,70
1767628236652,68,200,true,110,110,68
1767628236650,74,200,true,110,110,74
1767628236719,5,200,true,110,110,5
1767628236717,10,200,true,110,110,10
1767628236651,76,200,true,110,110,76
1767628236719,12,200,true,110,110,11
1767628236652,79,200,true,110,110,78
1767628236656,75,200,true,110,110,75
1767628236653,79,200,true,110,110,79
1767628236654,78,200,true,110,110,77
1767628236654,78,200,true,110,110,78
1767628236653,79,200,true,110,110,79
1767628236654,78,200,true,110,110,78
1767628236655,79,200,true,110,110,79
1767628236654,80,200,true,110,110,80
1767628236655,79,200,true,110,110,78
1767628236655,79,200,true,110,110,78
1767628236655,79,200,true,110,110,76
1767628236653,81,200,true,110,110,81
1767628236645,90,200,true,110,110,90
1767628236656,80,200,true,110,110,80
1767628236731,6,200,true,110,110,6
1767628236646,92,200,true,110,110,92
1767628236732,6,200,true,110,110,6
1767628236732,7,200,true,110,110,7
1767628236731,9,200,true,110,110,9
1767628236597,143,200,true,110,110,143
1767628236732,9,200,true,110,110,9
1767628236735,7,200,true,110,110,7
1767628236664,79,200,true,110,110,79
1767628236668,76,200,true,110,110,76
1767628236664,80,200,true,110,110,80
1767628236664,80,200,true,110,110,80
1767628236672,74,200,true,110,110,74
1767628236744,2,200,true,110,110,2
1767628236744,3,200,true,110,110,3
1767628236674,75,200,true,110,110,74
1767628236673,76,200,true,110,110,76
1767628236677,72,200,true,110,110,72
1767628236681,70,200,true,110,110,70
1767628236677,74,200,true,110,110,73
1767628236677,74,200,true,110,110,74
1767628236676,75,200,true,110,110,74
1767628236678,73,200,true,110,110,73
1767628236676,78,200,true,110,110,74
1767628236682,73,200,true,110,110,73
1767628236675,81,200,true,110,110,74
1767628236594,162,200,true,110,110,162
1767628236751,6,200,true,110,110,6
1767628236749,9,200,true,110,110,9
1767628236683,76,200,true,110,110,76
1767628236682,77,200,true,110,110,77
1767628236682,77,200,true,110,110,77
1767628236682,77,200,true,110,110,76
1767628236681,78,200,true,110,110,78
1767628236683,76,200,true,110,110,75
1767628236687,74,200,true,110,110,73
1767628236687,74,200,true,110,110,74
1767628236683,78,200,true,110,110,77
1767628236683,78,200,true,110,110,77
1767628236687,74,200,true,110,110,73
1767628236682,79,200,true,110,110,79
1767628236620,144,200,true,110,110,144
1767628236616,149,200,true,110,110,149
1767628236756,9,200,true,110,110,9
1767628236749,17,200,true,110,110,17
1767628236754,12,200,true,110,110,12
1767628236756,11,200,true,110,110,11
1767628236751,16,200,true,110,110,16
1767628236751,17,200,true,110,110,17
1767628236751,17,200,true,110,110,17
1767628236761,7,200,true,110,110,7
1767628236758,11,200,true,110,110,11
1767628236761,8,200,true,110,110,8
1767628236757,13,200,true,110,110,13
1767628236761,9,200,true,110,110,9
1767628236759,12,200,true,110,110,12
1767628236619,152,200,true,110,110,152
1767628236759,13,200,true,110,110,13
1767628236759,16,200,true,110,110,16
1767628236769,6,200,true,110,110,6
1767628236769,8,200,true,110,110,8
1767628236618,159,200,true,110,110,159
1767628236696,83,200,true,110,110,83
1767628236696,83,200,true,110,110,83
1767628236695,84,200,true,110,110,83
1767628236696,83,200,true,110,110,83
1767628236695,84,200,true,110,110,83
1767628236695,84,200,true,110,110,84
1767628236694,86,200,true,110,110,86
1767628236695,85,200,true,110,110,85
1767628236692,88,200,true,110,110,88
1767628236694,87,200,true,110,110,87
1767628236702,80,200,true,110,110,80
1767628236706,76,200,true,110,110,76
1767628236636,147,200,true,110,110,147
1767628236699,84,200,true,110,110,84
1767628236696,87,200,true,110,110,87
1767628236703,80,200,true,110,110,79
1767628236702,81,200,true,110,110,79
1767628236709,74,200,true,110,110,73
1767628236708,75,200,true,110,110,75
1767628236696,88,200,true,110,110,88
1767628236783,1,200,true,110,110,1
1767628236782,2,200,true,110,110,2
1767628236693,91,200,true,110,110,91
1767628236719,66,200,true,110,110,66
1767628236617,168,200,true,110,110,168
1767628236704,82,200,true,110,110,82
1767628236705,81,200,true,110,110,81
1767628236717,69,200,true,110,110,69
1767628236707,79,200,true,110,110,79
1767628236759,29,200,true,110,110,26
1767628236719,71,200,true,110,110,71
1767628236716,75,200,true,110,110,75
1767628236718,73,200,true,110,110,73
1767628236718,73,200,true,110,110,71
1767628236779,14,200,true,110,110,14
1767628236720,76,200,true,110,110,76
1767628236711,85,200,true,110,110,85
1767628236720,77,200,true,110,110,77
1767628236713,84,200,true,110,110,84
1767628236720,77,200,true,110,110,77
1767628236715,83,200,true,110,110,82
1767628236720,78,200,true,110,110,78
1767628236712,86,200,true,110,110,86
1767628236710,88,200,true,110,110,88
1767628236717,82,200,true,110,110,78
1767628236727,72,200,true,110,110,72
1767628236714,86,200,true,110,110,80
1767628236719,81,200,true,110,110,81
1767628236779,23,200,true,110,110,23
1767628236791,12,200,true,110,110,12
1767628236790,16,200,true,110,110,16
1767628236798,8,200,true,110,110,8
1767628236724,83,200,true,110,110,83
1767628236724,83,200,true,110,110,83
1767628236799,9,200,true,110,110,9
1767628236806,2,200,true,110,110,2
1767628236806,3,200,true,110,110,3
1767628236807,2,200,true,110,110,2
1767628236807,2,200,true,110,110,2
1767628236808,2,200,true,110,110,2
1767628236808,2,200,true,110,110,2
1767628236809,2,200,true,110,110,2
1767628236727,84,200,true,110,110,84
1767628236810,2,200,true,110,110,2
1767628236810,2,200,true,110,110,2
1767628236810,2,200,true,110,110,2
1767628236811,2,200,true,110,110,2
1767628236811,2,200,true,110,110,2
1767628236812,2,200,true,110,110,2
1767628236812,2,200,true,110,110,2
1767628236812,3,200,true,110,110,3
1767628236653,162,200,true,110,110,162
1767628236813,3,200,true,110,110,2
1767628236814,3,200,true,110,110,3
1767628236734,84,200,true,110,110,84
1767628236731,87,200,true,110,110,87
1767628236649,169,200,true,110,110,169
1767628236734,87,200,true,110,110,87
1767628236734,87,200,true,110,110,87
1767628236732,89,200,true,110,110,89
1767628236733,89,200,true,110,110,89
1767628236734,89,200,true,110,110,89
1767628236738,86,200,true,110,110,86
1767628236736,89,200,true,110,110,89
1767628236738,88,200,true,110,110,88
1767628236737,90,200,true,110,110,90
1767628236740,87,200,true,110,110,87
1767628236739,89,200,true,110,110,89
1767628236741,87,200,true,110,110,87
1767628236741,88,200,true,110,110,88
1767628236743,88,200,true,110,110,88
1767628236744,88,200,true,110,110,88
1767628236746,88,200,true,110,110,88
1767628236742,92,200,true,110,110,92
1767628236825,9,200,true,110,110,9
1767628236746,90,200,true,110,110,90
1767628236688,149,200,true,110,110,149
1767628236761,76,200,true,110,110,76
1767628236604,234,200,true,110,110,234
1767628236621,218,200,true,110,110,217
1767628236749,90,200,true,110,110,90
1767628236751,88,200,true,110,110,88
1767628236837,4,200,true,110,110,4
1767628236756,85,200,true,110,110,85
1767628236621,220,200,true,110,110,220
1767628236839,3,200,true,110,110,3
1767628236838,4,200,true,110,110,4
1767628236764,80,200,true,110,110,80
1767628236827,17,200,true,110,110,17
1767628236762,82,200,true,110,110,82
1767628236759,87,200,true,110,110,87
1767628236841,6,200,true,110,110,6
1767628236765,83,200,true,110,110,83
1767628236765,83,200,true,110,110,83
1767628236766,82,200,true,110,110,82
1767628236848,1,200,true,110,110,1
1767628236848,1,200,true,110,110,1
1767628236848,1,200,true,110,110,1
1767628236849,1,200,true,110,110,1
1767628236849,1,200,true,110,110,1
1767628236850,1,200,true,110,110,1
1767628236850,1,200,true,110,110,1
1767628236850,2,200,true,110,110,2
1767628236851,1,200,true,110,110,1
1767628236852,1,200,true,110,110,1
1767628236852,1,200,true,110,110,1
1767628236853,1,200,true,110,110,1
1767628236853,1,200,true,110,110,1
1767628236854,1,200,true,110,110,1
1767628236854,2,200,true,110,110,2
1767628236766,91,200,true,110,110,91
1767628236767,90,200,true,110,110,90
1767628236767,90,200,true,110,110,90
1767628236768,89,200,true,110,110,89
1767628236769,88,200,true,110,110,88
1767628236770,88,200,true,110,110,88
1767628236770,88,200,true,110,110,88
1767628236768,90,200,true,110,110,90
1767628236761,97,200,true,110,110,97
1767628236696,166,200,true,110,110,166
1767628236786,77,200,true,110,110,77
1767628236573,290,200,true,110,110,290
1767628236863,1,200,true,110,110,1
1767628236864,0,200,true,110,110,0
1767628236771,94,200,true,110,110,94
1767628236864,1,200,true,110,110,1
1767628236864,2,200,true,110,110,1
1767628236865,1,200,true,110,110,1
1767628236865,1,200,true,110,110,1
1767628236866,1,200,true,110,110,1
1767628236866,1,200,true,110,110,1
1767628236867,1,200,true,110,110,1
1767628236867,1,200,true,110,110,1
1767628236867,2,200,true,110,110,2
1767628236868,1,200,true,110,110,1
1767628236868,2,200,true,110,110,2
1767628236869,1,200,true,110,110,1
1767628236869,2,200,true,110,110,2
1767628236779,92,200,true,110,110,92
1767628236779,92,200,true,110,110,92
1767628236718,154,200,true,110,110,154
1767628236717,155,200,true,110,110,155
1767628236783,89,200,true,110,110,89
1767628236777,95,200,true,110,110,95
1767628236784,89,200,true,110,110,89
1767628236783,90,200,true,110,110,90
1767628236783,90,200,true,110,110,90
1767628236786,88,200,true,110,110,88
1767628236779,95,200,true,110,110,93
1767628236718,157,200,true,110,110,157
1767628236784,91,200,true,110,110,91
1767628236783,92,200,true,110,110,92
1767628236786,90,200,true,110,110,90
1767628236779,97,200,true,110,110,97
1767628236783,93,200,true,110,110,93
1767628236784,92,200,true,110,110,92
1767628236785,91,200,true,110,110,91
1767628236780,97,200,true,110,110,97
1767628236786,91,200,true,110,110,91
1767628236784,93,200,true,110,110,93
1767628236783,94,200,true,110,110,94
1767628236778,99,200,true,110,110,99
1767628236780,98,200,true,110,110,98
1767628236781,97,200,true,110,110,97
1767628236781,97,200,true,110,110,97
1767628236771,107,200,true,110,110,107
1767628236772,107,200,true,110,110,107
1767628236775,104,200,true,110,110,104
1767628236788,91,200,true,110,110,91
1767628236793,86,200,true,110,110,86
1767628236791,89,200,true,110,110,89
1767628236791,89,200,true,110,110,89
1767628236796,84,200,true,110,110,84
1767628236796,84,200,true,110,110,84
1767628236797,83,200,true,110,110,83
1767628236797,84,200,true,110,110,84
1767628236797,84,200,true,110,110,84
1767628236798,83,200,true,110,110,83
1767628236799,82,200,true,110,110,82
1767628236799,83,200,true,110,110,83
1767628236803,79,200,true,110,110,79
1767628236800,82,200,true,110,110,82
1767628236798,84,200,true,110,110,84
1767628236814,68,200,true,110,110,68
1767628236785,98,200,true,110,110,98
1767628236783,100,200,true,110,110,100
1767628236775,108,200,true,110,110,100
1767628236870,13,200,true,110,110,13
1767628236879,4,200,true,110,110,4
1767628236871,13,200,true,110,110,13
1767628236871,13,200,true,110,110,13
1767628236871,14,200,true,110,110,14
1767628236874,11,200,true,110,110,11
1767628236879,6,200,true,110,110,6
1767628236882,4,200,true,110,110,4
1767628236883,3,200,true,110,110,3
1767628236872,15,200,true,110,110,15
1767628236877,11,200,true,110,110,11
1767628236874,14,200,true,110,110,14
1767628236873,16,200,true,110,110,16
1767628236873,16,200,true,110,110,16
1767628236872,18,200,true,110,110,18
1767628236872,18,200,true,110,110,18
1767628236880,10,200,true,110,110,10
1767628236873,18,200,true,110,110,18
1767628236880,12,200,true,110,110,12
1767628236883,9,200,true,110,110,9
1767628236880,13,200,true,110,110,13
1767628236882,11,200,true,110,110,11
1767628236881,13,200,true,110,110,13
1767628236881,13,200,true,110,110,13
1767628236882,12,200,true,110,110,12
1767628236883,12,200,true,110,110,12
1767628236875,20,200,true,110,110,20
1767628236875,21,200,true,110,110,21
1767628236882,14,200,true,110,110,14
1767628236876,21,200,true,110,110,21
1767628236876,21,200,true,110,110,21
1767628236876,22,200,true,110,110,22
1767628236876,22,200,true,110,110,22
1767628236877,21,200,true,110,110,21
1767628236875,25,200,true,110,110,16
1767628236877,23,200,true,110,110,23
1767628236873,28,200,true,110,110,14
1767628236888,17,200,true,110,110,17
1767628236890,20,200,true,110,110,20
1767628236803,108,200,true,110,110,108
1767628236800,112,200,true,110,110,111
1767628236818,95,200,true,110,110,95
1767628236818,95,200,true,110,110,95
1767628236815,98,200,true,110,110,98
1767628236818,96,200,true,110,110,96
1767628236821,93,200,true,110,110,93
1767628236821,93,200,true,110,110,93
1767628236734,180,200,true,110,110,180
1767628236815,99,200,true,110,110,97
1767628236818,96,200,true,110,110,94
1767628236816,98,200,true,110,110,97
1767628236813,102,200,true,110,110,99
1767628236734,186,200,true,110,110,183
1767628236827,94,200,true,110,110,93
1767628236667,254,200,true,110,110,254
1767628236822,104,200,true,110,110,102
1767628236921,5,200,true,110,110,5
1767628236833,94,200,true,110,110,94
1767628236828,100,200,true,110,110,100
1767628236747,182,200,true,110,110,182
1767628236837,92,200,true,110,110,92
1767628236839,90,200,true,110,110,90
1767628236841,88,200,true,110,110,88
1767628236841,89,200,true,110,110,89
1767628236835,95,200,true,110,110,95
1767628236834,96,200,true,110,110,96
1767628236834,96,200,true,110,110,96
1767628236928,2,200,true,110,110,2
1767628236826,104,200,true,110,110,104
1767628236829,102,200,true,110,110,102
1767628236831,100,200,true,110,110,100
1767628236828,103,200,true,110,110,98
1767628236824,107,200,true,110,110,98
1767628236823,109,200,true,110,110,103
1767628236844,88,200,true,110,110,88
1767628236842,91,200,true,110,110,91
1767628236839,94,200,true,110,110,94
1767628236843,90,200,true,110,110,90
1767628236844,89,200,true,110,110,89
1767628236847,87,200,true,110,110,87
1767628236855,80,200,true,110,110,80
1767628236847,88,200,true,110,110,88
1767628236759,176,200,true,110,110,175
1767628236844,91,200,true,110,110,91
1767628236858,79,200,true,110,110,79
1767628236858,80,200,true,110,110,80
1767628236933,5,200,true,110,110,5
1767628236857,83,200,true,110,110,83
1767628236858,83,200,true,110,110,83
1767628236858,83,200,true,110,110,83
1767628236856,85,200,true,110,110,85
1767628236857,84,200,true,110,110,83
1767628236857,84,200,true,110,110,84
1767628236862,79,200,true,110,110,78
1767628236857,84,200,true,110,110,84
1767628236929,12,200,true,110,110,12
1767628236870,72,200,true,110,110,72
1767628236877,68,200,true,110,110,68
1767628236878,69,200,true,110,110,69
1767628236935,14,200,true,110,110,14
1767628236941,11,200,true,110,110,11
1767628236878,75,200,true,110,110,75
1767628236881,74,200,true,110,110,74
1767628236878,78,200,true,110,110,78
1767628236954,2,200,true,110,110,2
1767628236955,2,200,true,110,110,2
1767628236956,1,200,true,110,110,1
1767628236956,2,200,true,110,110,2
1767628236957,1,200,true,110,110,1
1767628236957,2,200,true,110,110,2
1767628236958,1,200,true,110,110,1
1767628236959,1,200,true,110,110,1
1767628236959,1,200,true,110,110,1
1767628236960,1,200,true,110,110,1
1767628236960,1,200,true,110,110,1
1767628236961,1,200,true,110,110,1
1767628236961,1,200,true,110,110,1
1767628236962,0,200,true,110,110,0
1767628236962,1,200,true,110,110,1
1767628236958,6,200,true,110,110,6
1767628236963,1,200,true,110,110,1
1767628236964,1,200,true,110,110,1
1767628236964,1,200,true,110,110,1
1767628236962,3,200,true,110,110,1
1767628236965,1,200,true,110,110,1
1767628236965,1,200,true,110,110,1
1767628236965,2,200,true,110,110,2
1767628236966,1,200,true,110,110,1
1767628236879,89,200,true,110,110,89
1767628236881,87,200,true,110,110,87
1767628236877,92,200,true,110,110,92
1767628236881,88,200,true,110,110,88
1767628236967,2,200,true,110,110,2
1767628236884,86,200,true,110,110,86
1767628236883,87,200,true,110,110,87
1767628236883,88,200,true,110,110,88
1767628236884,88,200,true,110,110,88
1767628236885,88,200,true,110,110,88
1767628236885,88,200,true,110,110,88
1767628236885,88,200,true,110,110,87
1767628236882,92,200,true,110,110,92
1767628236888,86,200,true,110,110,86
1767628236887,87,200,true,110,110,87
1767628236886,88,200,true,110,110,88
1767628236887,87,200,true,110,110,87
1767628236889,85,200,true,110,110,85
1767628236891,84,200,true,110,110,84
1767628236890,85,200,true,110,110,85
1767628236893,82,200,true,110,110,82
1767628236892,84,200,true,110,110,83
1767628236891,85,200,true,110,110,85
1767628236895,83,200,true,110,110,83
1767628236896,83,200,true,110,110,83
1767628236896,84,200,true,110,110,84
1767628236897,83,200,true,110,110,83
1767628236897,83,200,true,110,110,83
1767628236892,88,200,true,110,110,88
1767628236894,86,200,true,110,110,86
1767628236894,87,200,true,110,110,87
1767628236901,81,200,true,110,110,81
1767628236900,82,200,true,110,110,82
1767628236895,87,200,true,110,110,87
1767628236899,83,200,true,110,110,83
1767628236898,85,200,true,110,110,85
1767628236900,83,200,true,110,110,83
1767628236898,85,200,true,110,110,82
1767628236914,71,200,true,110,110,71
1767628236913,72,200,true,110,110,72
1767628236912,74,200,true,110,110,74
1767628236836,151,200,true,110,110,151
1767628236914,73,200,true,110,110,73
1767628236821,166,200,true,110,110,166
1767628236914,73,200,true,110,110,73
1767628236920,67,200,true,110,110,67
1767628236914,73,200,true,110,110,73
1767628236912,76,200,true,110,110,76
1767628236915,73,200,true,110,110,73
1767628236910,78,200,true,110,110,78
1767628236915,73,200,true,110,110,73
1767628236913,75,200,true,110,110,75
1767628236914,74,200,true,110,110,74
1767628236915,73,200,true,110,110,73
1767628236913,75,200,true,110,110,75
1767628236905,83,200,true,110,110,83
1767628236934,55,200,true,110,110,55
1767628236921,68,200,true,110,110,68
1767628236931,58,200,true,110,110,58
1767628236926,63,200,true,110,110,63
1767628236858,132,200,true,110,110,132
1767628236931,60,200,true,110,110,60
1767628236931,60,200,true,110,110,60
1767628236926,65,200,true,110,110,65
1767628236930,61,200,true,110,110,61
1767628236931,60,200,true,110,110,60
1767628236973,18,200,true,110,110,18
1767628236930,62,200,true,110,110,62
1767628236851,141,200,true,110,110,141
1767628236877,115,200,true,110,110,115
1767628236935,57,200,true,110,110,57
1767628236809,183,200,true,110,110,183
1767628236933,60,200,true,110,110,60
1767628236929,64,200,true,110,110,63
1767628236974,19,200,true,110,110,19
1767628236927,67,200,true,110,110,67
1767628236929,65,200,true,110,110,65
1767628236935,60,200,true,110,110,59
1767628236933,62,200,true,110,110,62
1767628236935,60,200,true,110,110,60
1767628236935,64,200,true,110,110,64
1767628236930,69,200,true,110,110,63
1767628236930,71,200,true,110,110,71
1767628236930,72,200,true,110,110,72
1767628236941,62,200,true,110,110,62
1767628236933,70,200,true,110,110,68
1767628236932,71,200,true,110,110,69
1767628236938,65,200,true,110,110,63
1767628236937,68,200,true,110,110,68
1767628236974,31,200,true,110,110,31
1767628236941,68,200,true,110,110,68
1767628236974,39,200,true,110,110,39
1767628236945,70,200,true,110,110,70
1767628236941,75,200,true,110,110,75
1767628236941,75,200,true,110,110,75
1767628236942,74,200,true,110,110,74
1767628236929,88,200,true,110,110,88
1767628236949,68,200,true,110,110,68
1767628236947,70,200,true,110,110,70
1767628236941,77,200,true,110,110,77
1767628236938,80,200,true,110,110,80
1767628236941,77,200,true,110,110,77
1767628236941,78,200,true,110,110,78
1767628236941,78,200,true,110,110,78
1767628236930,89,200,true,110,110,89
1767628236981,39,200,true,110,110,39
1767628236992,28,200,true,110,110,28
1767628237002,19,200,true,110,110,19
1767628236999,22,200,true,110,110,22
1767628237009,13,200,true,110,110,13
1767628237013,9,200,true,110,110,9
1767628237015,8,200,true,110,110,8
1767628237016,8,200,true,110,110,7
1767628237016,8,200,true,110,110,8
1767628237017,8,200,true,110,110,8
1767628237020,8,200,true,110,110,8
1767628236952,76,200,true,110,110,76
1767628236895,134,200,true,110,110,134
1767628236878,151,200,true,110,110,151
1767628236889,141,200,true,110,110,140
1767628236893,137,200,true,110,110,137
1767628236972,58,200,true,110,110,58
1767628236973,57,200,true,110,110,57
1767628236974,56,200,true,110,110,56
1767628236974,56,200,true,110,110,56
1767628236975,56,200,true,110,110,56
1767628236975,56,200,true,110,110,56
1767628236971,60,200,true,110,110,60
1767628236974,57,200,true,110,110,57
1767628236969,63,200,true,110,110,63
1767628236969,63,200,true,110,110,63
1767628236967,65,200,true,110,110,65
1767628236968,64,200,true,110,110,64
1767628236970,63,200,true,110,110,63
1767628236969,64,200,true,110,110,64
1767628236968,65,200,true,110,110,65
1767628236975,58,200,true,110,110,58
1767628236992,41,200,true,110,110,41
1767628236993,41,200,true,110,110,41
1767628236976,58,200,true,110,110,58
1767628236988,46,200,true,110,110,46
1767628236970,64,200,true,110,110,64
1767628236982,52,200,true,110,110,52
1767628236982,53,200,true,110,110,53
1767628236986,49,200,true,110,110,49
1767628236988,47,200,true,110,110,47
1767628236987,48,200,true,110,110,48
1767628236991,44,200,true,110,110,44
1767628236988,48,200,true,110,110,48
1767628236988,48,200,true,110,110,48
1767628236986,50,200,true,110,110,50
1767628236976,60,200,true,110,110,60
1767628236985,51,200,true,110,110,51
1767628236980,57,200,true,110,110,57
1767628236991,46,200,true,110,110,46
1767628237031,8,200,true,110,110,8
1767628237030,10,200,true,110,110,10
1767628237031,9,200,true,110,110,9
1767628237034,7,200,true,110,110,7
1767628237033,8,200,true,110,110,8
1767628237037,5,200,true,110,110,5
1767628237036,6,200,true,110,110,6
1767628237036,6,200,true,110,110,6
1767628237030,13,200,true,110,110,13
1767628237031,12,200,true,110,110,12
1767628236988,61,200,true,110,110,61
1767628237024,25,200,true,110,110,25
1767628237035,14,200,true,110,110,14
1767628237033,17,200,true,110,110,17
1767628237032,22,200,true,110,110,22
1767628237049,5,200,true,110,110,5
1767628236988,67,200,true,110,110,67
1767628236991,64,200,true,110,110,64
1767628236989,66,200,true,110,110,66
1767628236980,75,200,true,110,110,75
1767628236991,64,200,true,110,110,64
1767628236988,67,200,true,110,110,67
1767628236988,68,200,true,110,110,68
1767628237003,53,200,true,110,110,53
1767628236992,64,200,true,110,110,64
1767628236990,68,200,true,110,110,68
1767628237056,3,200,true,110,110,3
1767628237055,4,200,true,110,110,4
1767628237003,56,200,true,110,110,56
1767628237055,6,200,true,110,110,3
1767628236994,67,200,true,110,110,67
1767628236978,84,200,true,110,110,84
1767628236987,75,200,true,110,110,75
1767628236987,75,200,true,110,110,75
1767628236987,76,200,true,110,110,76
1767628236979,84,200,true,110,110,84
1767628236980,84,200,true,110,110,84
1767628236990,74,200,true,110,110,74
1767628236980,84,200,true,110,110,84
1767628236988,76,200,true,110,110,76
1767628237003,61,200,true,110,110,59
1767628237064,6,200,true,110,110,6
1767628236980,91,200,true,110,110,91
1767628236983,89,200,true,110,110,89
1767628236987,86,200,true,110,110,86
1767628236982,92,200,true,110,110,91
1767628236988,87,200,true,110,110,87
1767628237003,72,200,true,110,110,72
1767628236991,84,200,true,110,110,84
1767628236993,84,200,true,110,110,84
1767628236995,83,200,true,110,110,83
1767628236982,97,200,true,110,110,95
1767628236995,84,200,true,110,110,84
1767628237005,75,200,true,110,110,75
1767628236999,82,200,true,110,110,81
1767628236993,88,200,true,110,110,84
1767628237005,76,200,true,110,110,76
1767628236989,92,200,true,110,110,90
1767628236995,87,200,true,110,110,86
1767628237078,4,200,true,110,110,4
1767628237079,3,200,true,110,110,3
1767628236983,100,200,true,110,110,93
1767628236992,91,200,true,110,110,91
1767628236989,95,200,true,110,110,92
1767628236983,101,200,true,110,110,101
1767628237077,7,200,true,110,110,1
1767628237001,84,200,true,110,110,83
1767628237082,3,200,true,110,110,2
1767628237081,5,200,true,110,110,5
1767628237018,69,200,true,110,110,69
1767628237082,5,200,true,110,110,5
1767628237016,73,200,true,110,110,72
1767628237085,4,200,true,110,110,4
1767628237084,6,200,true,110,110,6
1767628237083,10,200,true,110,110,10
1767628237018,75,200,true,110,110,75
1767628237084,10,200,true,110,110,10
1767628237022,73,200,true,110,110,73
1767628237019,77,200,true,110,110,77
1767628237017,80,200,true,110,110,80
1767628237023,75,200,true,110,110,75
1767628237089,10,200,true,110,110,10
1767628236973,126,200,true,110,110,126
1767628236880,219,200,true,110,110,219
1767628236966,133,200,true,110,110,133
1767628237030,70,200,true,110,110,70
1767628237030,70,200,true,110,110,70
1767628237034,66,200,true,110,110,66
1767628237033,67,200,true,110,110,67
1767628237034,66,200,true,110,110,66
1767628237030,71,200,true,110,110,71
1767628237034,67,200,true,110,110,67
1767628236992,109,200,true,110,110,109
1767628236879,222,200,true,110,110,222
1767628237035,66,200,true,110,110,66
1767628237094,10,200,true,110,110,10
1767628237035,69,200,true,110,110,68
1767628237035,69,200,true,110,110,69
1767628237035,69,200,true,110,110,69
1767628237036,68,200,true,110,110,68
1767628237036,69,200,true,110,110,68
1767628237037,68,200,true,110,110,68
1767628237029,76,200,true,110,110,76
1767628237031,74,200,true,110,110,74
1767628237025,81,200,true,110,110,81
1767628237034,72,200,true,110,110,72
1767628237028,78,200,true,110,110,78
1767628237031,75,200,true,110,110,75
1767628237032,74,200,true,110,110,74
1767628237032,75,200,true,110,110,75
1767628237029,78,200,true,110,110,78
1767628237032,75,200,true,110,110,75
1767628237024,83,200,true,110,110,83
1767628237033,74,200,true,110,110,74
1767628237037,71,200,true,110,110,71
1767628237033,75,200,true,110,110,75
1767628237039,69,200,true,110,110,69
1767628237040,68,200,true,110,110,68
1767628237040,68,200,true,110,110,68
1767628237041,68,200,true,110,110,68
1767628237041,68,200,true,110,110,68
1767628237042,67,200,true,110,110,67
1767628237042,67,200,true,110,110,67
1767628237042,67,200,true,110,110,67
1767628237043,67,200,true,110,110,67
1767628237043,67,200,true,110,110,67
1767628237028,82,200,true,110,110,82
1767628237055,55,200,true,110,110,55
1767628237049,62,200,true,110,110,62
1767628237050,61,200,true,110,110,61
1767628237054,57,200,true,110,110,57
1767628237056,55,200,true,110,110,55
1767628237050,61,200,true,110,110,61
1767628237055,57,200,true,110,110,57
1767628237056,56,200,true,110,110,56
1767628237056,56,200,true,110,110,56
1767628237054,58,200,true,110,110,58
1767628237058,54,200,true,110,110,54
1767628236994,119,200,true,110,110,119
1767628237055,58,200,true,110,110,58
1767628237059,54,200,true,110,110,54
1767628237061,52,200,true,110,110,52
1767628237059,54,200,true,110,110,54
1767628237063,51,200,true,110,110,51
1767628237061,53,200,true,110,110,53
1767628237062,52,200,true,110,110,52
1767628237063,51,200,true,110,110,51
1767628237063,52,200,true,110,110,52
1767628237064,51,200,true,110,110,51
1767628237064,51,200,true,110,110,51
1767628237064,51,200,true,110,110,51
1767628237064,51,200,true,110,110,51
1767628237059,56,200,true,110,110,56
1767628237070,46,200,true,110,110,46
1767628237071,45,200,true,110,110,45
1767628237073,43,200,true,110,110,43
1767628237074,42,200,true,110,110,42
1767628237072,44,200,true,110,110,44
1767628236992,125,200,true,110,110,125
1767628237075,42,200,true,110,110,42
1767628237075,42,200,true,110,110,42
1767628237081,36,200,true,110,110,36
1767628237075,42,200,true,110,110,42
1767628237081,37,200,true,110,110,37
1767628237080,38,200,true,110,110,38
1767628237019,100,200,true,110,110,100
1767628237083,36,200,true,110,110,35
1767628237082,37,200,true,110,110,36
1767628237080,39,200,true,110,110,38
1767628237084,35,200,true,110,110,35
1767628237082,37,200,true,110,110,37
1767628237100,23,200,true,110,110,23
1767628237021,105,200,true,110,110,105
1767628237022,106,200,true,110,110,106
1767628237100,29,200,true,110,110,29
1767628237110,19,200,true,110,110,14
1767628237021,115,200,true,110,110,115
1767628237106,31,200,true,110,110,31
1767628237114,24,200,true,110,110,24
1767628237020,120,200,true,110,110,120
1767628237090,51,200,true,110,110,51
1767628237089,52,200,true,110,110,52
1767628237087,55,200,true,110,110,54
1767628237096,46,200,true,110,110,46
1767628237087,59,200,true,110,110,59
1767628237119,28,200,true,110,110,28
1767628237116,32,200,true,110,110,32
1767628237126,24,200,true,110,110,24
1767628237141,11,200,true,110,110,11
1767628237099,53,200,true,110,110,53
1767628237100,52,200,true,110,110,52
1767628237100,52,200,true,110,110,52
1767628237101,52,200,true,110,110,52
1767628237101,52,200,true,110,110,52
1767628237101,52,200,true,110,110,52
1767628237108,45,200,true,110,110,45
1767628237108,46,200,true,110,110,46
1767628237108,46,200,true,110,110,46
1767628237109,45,200,true,110,110,45
1767628237116,38,200,true,110,110,38
1767628237109,45,200,true,110,110,45
1767628237111,44,200,true,110,110,44
1767628237109,46,200,true,110,110,46
1767628237109,46,200,true,110,110,46
1767628237101,54,200,true,110,110,54
1767628237111,44,200,true,110,110,44
1767628237110,46,200,true,110,110,46
1767628237113,43,200,true,110,110,43
1767628237110,46,200,true,110,110,46
1767628237109,47,200,true,110,110,47
1767628237104,52,200,true,110,110,52
1767628237111,46,200,true,110,110,46
1767628237099,58,200,true,110,110,58
1767628237101,56,200,true,110,110,56
1767628237113,44,200,true,110,110,44
1767628237104,53,200,true,110,110,53
1767628237114,44,200,true,110,110,44
1767628237104,54,200,true,110,110,54
1767628237104,54,200,true,110,110,54
1767628237105,53,200,true,110,110,53
1767628237105,54,200,true,110,110,54
1767628237108,51,200,true,110,110,51
1767628237105,54,200,true,110,110,54
1767628237113,46,200,true,110,110,46
1767628237112,48,200,true,110,110,48
1767628237112,48,200,true,110,110,48
1767628237112,48,200,true,110,110,48
1767628237113,47,200,true,110,110,47
1767628237113,47,200,true,110,110,47
1767628237115,45,200,true,110,110,45
1767628237114,46,200,true,110,110,46
1767628237114,47,200,true,110,110,47
1767628237114,47,200,true,110,110,47
1767628237115,46,200,true,110,110,46
1767628237115,46,200,true,110,110,46
1767628237018,143,200,true,110,110,143
1767628237017,145,200,true,110,110,145
1767628237095,67,200,true,110,110,67
1767628237110,52,200,true,110,110,52
1767628237106,56,200,true,110,110,56
1767628237104,59,200,true,110,110,59
1767628237093,70,200,true,110,110,70
1767628237086,77,200,true,110,110,77
1767628237106,57,200,true,110,110,57
1767628237085,78,200,true,110,110,78
1767628237106,58,200,true,110,110,58
1767628237115,49,200,true,110,110,49
1767628237115,49,200,true,110,110,49
1767628237106,58,200,true,110,110,58
1767628237098,67,200,true,110,110,67
1767628237097,68,200,true,110,110,68
1767628237105,60,200,true,110,110,58
1767628237062,103,200,true,110,110,103
1767628237107,58,200,true,110,110,58
1767628237107,58,200,true,110,110,58
1767628237099,67,200,true,110,110,67
1767628237107,59,200,true,110,110,59
1767628237107,59,200,true,110,110,59
1767628237019,147,200,true,110,110,147
1767628237108,58,200,true,110,110,58
1767628237108,59,200,true,110,110,59
1767628237119,48,200,true,110,110,48
1767628237118,49,200,true,110,110,49
1767628237093,74,200,true,110,110,74
1767628237111,56,200,true,110,110,56
1767628237117,51,200,true,110,110,51
1767628237143,25,200,true,110,110,25
1767628237117,51,200,true,110,110,51
1767628237112,56,200,true,110,110,56
1767628237116,53,200,true,110,110,52
1767628237118,51,200,true,110,110,51
1767628237142,27,200,true,110,110,27
1767628237101,68,200,true,110,110,68
1767628237116,53,200,true,110,110,53
1767628237099,71,200,true,110,110,71
1767628237116,54,200,true,110,110,54
1767628237117,53,200,true,110,110,53
1767628237118,52,200,true,110,110,52
1767628237119,52,200,true,110,110,51
1767628237119,52,200,true,110,110,52
1767628237119,52,200,true,110,110,52
1767628237119,52,200,true,110,110,52
1767628237123,48,200,true,110,110,48
1767628237117,55,200,true,110,110,55
1767628237140,32,200,true,110,110,32
1767628237129,43,200,true,110,110,43
1767628237129,43,200,true,110,110,43
1767628237138,35,200,true,110,110,34
1767628237141,32,200,true,110,110,32
1767628237136,37,200,true,110,110,37
1767628237129,44,200,true,110,110,44
1767628237115,58,200,true,110,110,58
1767628237146,27,200,true,110,110,27
1767628237147,27,200,true,110,110,27
1767628237148,26,200,true,110,110,26
1767628237137,37,200,true,110,110,37
1767628237111,63,200,true,110,110,63
1767628237173,2,200,true,110,110,2
1767628237171,4,200,true,110,110,4
1767628237172,4,200,true,110,110,4
1767628237152,27,200,true,110,110,27
1767628237154,26,200,true,110,110,26
1767628237156,28,200,true,110,110,28
1767628237167,17,200,true,110,110,17
1767628237172,12,200,true,110,110,12
1767628237157,31,200,true,110,110,31
1767628237159,29,200,true,110,110,29
1767628237159,29,200,true,110,110,29
1767628237164,33,200,true,110,110,33
1767628237174,28,200,true,110,110,28
1767628237162,40,200,true,110,110,40
1767628237162,40,200,true,110,110,40
1767628237152,55,200,true,110,110,55
1767628237166,42,200,true,110,110,42
1767628237171,37,200,true,110,110,37
1767628237168,41,200,true,110,110,41
1767628237168,41,200,true,110,110,41
1767628237174,35,200,true,110,110,35
1767628237164,46,200,true,110,110,46
1767628237163,47,200,true,110,110,47
1767628237174,37,200,true,110,110,37
1767628237184,30,200,true,110,110,30
1767628237152,62,200,true,110,110,61
1767628237184,30,200,true,110,110,30
1767628237154,63,200,true,110,110,63
1767628237167,50,200,true,110,110,50
1767628237154,63,200,true,110,110,63
1767628237153,65,200,true,110,110,65
1767628237154,64,200,true,110,110,64
1767628237162,56,200,true,110,110,56
1767628237153,65,200,true,110,110,65
1767628237153,65,200,true,110,110,65
1767628237169,49,200,true,110,110,49
1767628237154,64,200,true,110,110,64
1767628237168,51,200,true,110,110,51
1767628237155,64,200,true,110,110,64
1767628237155,64,200,true,110,110,64
1767628237155,64,200,true,110,110,64
1767628237155,65,200,true,110,110,65
1767628237156,64,200,true,110,110,64
1767628237156,64,200,true,110,110,64
1767628237156,64,200,true,110,110,64
1767628237156,64,200,true,110,110,64
1767628237157,64,200,true,110,110,64
1767628237157,64,200,true,110,110,64
1767628237157,64,200,true,110,110,64
1767628237157,64,200,true,110,110,64
1767628237158,64,200,true,110,110,64
1767628237158,64,200,true,110,110,64
1767628237158,64,200,true,110,110,64
1767628237158,64,200,true,110,110,64
1767628237158,65,200,true,110,110,65
1767628237159,64,200,true,110,110,64
1767628237159,64,200,true,110,110,64
1767628237160,63,200,true,110,110,63
1767628237160,63,200,true,110,110,63
1767628237160,64,200,true,110,110,64
1767628237172,52,200,true,110,110,52
1767628237160,64,200,true,110,110,64
1767628237160,64,200,true,110,110,64
1767628237173,51,200,true,110,110,51
1767628237161,64,200,true,110,110,64
1767628237173,52,200,true,110,110,52
1767628237165,60,200,true,110,110,60
1767628237160,65,200,true,110,110,65
1767628237168,58,200,true,110,110,58
1767628237168,58,200,true,110,110,58
1767628237161,65,200,true,110,110,65
1767628237173,53,200,true,110,110,53
1767628237161,66,200,true,110,110,66
1767628237170,57,200,true,110,110,57
1767628237164,63,200,true,110,110,63
1767628237170,57,200,true,110,110,57
1767628237169,58,200,true,110,110,58
1767628237170,58,200,true,110,110,58
1767628237161,67,200,true,110,110,67
1767628237162,66,200,true,110,110,66
1767628237173,55,200,true,110,110,55
1767628237188,40,200,true,110,110,40
1767628237165,63,200,true,110,110,63
1767628237160,68,200,true,110,110,68
1767628237172,57,200,true,110,110,57
1767628237152,77,200,true,110,110,77
1767628237174,55,200,true,110,110,55
1767628237208,21,200,true,110,110,21
1767628237214,16,200,true,110,110,16
1767628237218,12,200,true,110,110,12
1767628237218,13,200,true,110,110,13
1767628237169,69,200,true,110,110,69
1767628237164,74,200,true,110,110,73
1767628237170,69,200,true,110,110,68
1767628237224,15,200,true,110,110,15
1767628237223,17,200,true,110,110,15
1767628237224,16,200,true,110,110,16
1767628237224,17,200,true,110,110,16
1767628237171,71,200,true,110,110,71
1767628237225,17,200,true,110,110,16
1767628237225,17,200,true,110,110,17
1767628237225,18,200,true,110,110,18
1767628237163,80,200,true,110,110,80
1767628237167,77,200,true,110,110,76
1767628237218,27,200,true,110,110,27
1767628237164,82,200,true,110,110,81
1767628237227,19,200,true,110,110,19
1767628237165,82,200,true,110,110,80
1767628237226,22,200,true,110,110,22
1767628237198,51,200,true,110,110,51
1767628237227,22,200,true,110,110,22
1767628237228,22,200,true,110,110,22
1767628237163,89,200,true,110,110,89
1767628237170,83,200,true,110,110,83
1767628237165,90,200,true,110,110,88
1767628237150,105,200,true,110,110,103
1767628237165,90,200,true,110,110,90
1767628237166,91,200,true,110,110,91
1767628237202,55,200,true,110,110,55
1767628237208,50,200,true,110,110,50
1767628237229,31,200,true,110,110,31
1767628237211,50,200,true,110,110,50
1767628237229,34,200,true,110,110,34
1767628237230,37,200,true,110,110,37
1767628237260,10,200,true,110,110,10
1767628237267,4,200,true,110,110,4
1767628237270,1,200,true,110,110,1
1767628237271,1,200,true,110,110,1
1767628237271,1,200,true,110,110,1
1767628237272,1,200,true,110,110,1
1767628237272,1,200,true,110,110,1
1767628237165,109,200,true,110,110,109
1767628237163,112,200,true,110,110,112
1767628237273,2,200,true,110,110,2
1767628237174,102,200,true,110,110,102
1767628237166,111,200,true,110,110,111
1767628237161,117,200,true,110,110,117
1767628237167,112,200,true,110,110,112
1767628237184,96,200,true,110,110,96
1767628237180,100,200,true,110,110,100
1767628237171,109,200,true,110,110,109
1767628237175,105,200,true,110,110,105
1767628237176,104,200,true,110,110,104
1767628237175,106,200,true,110,110,106
1767628237279,2,200,true,110,110,2
1767628237166,115,200,true,110,110,115
1767628237189,93,200,true,110,110,93
1767628237188,94,200,true,110,110,94
1767628237180,102,200,true,110,110,102
1767628237171,112,200,true,110,110,104
1767628237273,10,200,true,110,110,2
1767628237274,9,200,true,110,110,9
1767628237153,130,200,true,110,110,130
1767628237218,66,200,true,110,110,66
1767628237218,66,200,true,110,110,66
1767628237218,66,200,true,110,110,66
1767628237217,68,200,true,110,110,67
1767628237219,66,200,true,110,110,66
1767628237219,66,200,true,110,110,66
1767628237219,67,200,true,110,110,66
1767628237220,66,200,true,110,110,66
1767628237219,67,200,true,110,110,67
1767628237217,69,200,true,110,110,67
1767628237218,68,200,true,110,110,67
1767628237286,1,200,true,110,110,1
1767628237220,67,200,true,110,110,67
1767628237224,63,200,true,110,110,63
1767628237287,1,200,true,110,110,1
1767628237220,68,200,true,110,110,68
1767628237220,68,200,true,110,110,68
1767628237221,68,200,true,110,110,68
1767628237214,75,200,true,110,110,75
1767628237214,75,200,true,110,110,75
1767628237228,61,200,true,110,110,61
1767628237221,68,200,true,110,110,68
1767628237218,71,200,true,110,110,66
1767628237166,124,200,true,110,110,124
1767628237221,76,200,true,110,110,76
1767628237221,77,200,true,110,110,76
1767628237222,77,200,true,110,110,77
1767628237222,78,200,true,110,110,78
1767628237222,79,200,true,110,110,79
1767628237223,78,200,true,110,110,78
1767628237222,80,200,true,110,110,80
1767628237229,74,200,true,110,110,74
1767628237223,82,200,true,110,110,82
1767628237297,8,200,true,110,110,3
1767628237223,82,200,true,110,110,82
1767628237224,82,200,true,110,110,82
1767628237300,6,200,true,110,110,6
1767628237226,81,200,true,110,110,81
1767628237227,80,200,true,110,110,80
1767628237225,82,200,true,110,110,82
1767628237227,80,200,true,110,110,80
1767628237227,81,200,true,110,110,81
1767628237226,82,200,true,110,110,82
1767628237202,110,200,true,110,110,110
1767628237249,64,200,true,110,110,64
1767628237228,85,200,true,110,110,85
1767628237169,144,200,true,110,110,144
1767628237202,113,200,true,110,110,112
1767628237312,3,200,true,110,110,3
1767628237228,87,200,true,110,110,87
1767628237208,108,200,true,110,110,108
1767628237228,88,200,true,110,110,88
1767628237226,90,200,true,110,110,90
1767628237210,107,200,true,110,110,107
1767628237229,88,200,true,110,110,88
1767628237210,107,200,true,110,110,107
1767628237210,108,200,true,110,110,108
1767628237317,1,200,true,110,110,1
1767628237209,109,200,true,110,110,109
1767628237238,81,200,true,110,110,81
1767628237230,89,200,true,110,110,89
1767628237230,90,200,true,110,110,90
1767628237231,89,200,true,110,110,88
1767628237241,80,200,true,110,110,80
1767628237241,80,200,true,110,110,80
1767628237239,82,200,true,110,110,82
1767628237240,82,200,true,110,110,81
1767628237319,3,200,true,110,110,3
1767628237242,80,200,true,110,110,80
1767628237242,86,200,true,110,110,86
1767628237245,84,200,true,110,110,84
1767628237243,86,200,true,110,110,85
1767628237251,79,200,true,110,110,79
1767628237249,81,200,true,110,110,81
1767628237247,83,200,true,110,110,82
1767628237248,82,200,true,110,110,82
1767628237209,121,200,true,110,110,121
1767628237258,74,200,true,110,110,74
1767628237244,88,200,true,110,110,88
1767628237244,89,200,true,110,110,89
1767628237247,87,200,true,110,110,86
1767628237246,90,200,true,110,110,89
1767628237258,78,200,true,110,110,78
1767628237252,84,200,true,110,110,84
1767628237336,1,200,true,110,110,1
1767628237253,85,200,true,110,110,85
1767628237258,80,200,true,110,110,80
1767628237255,84,200,true,110,110,84
1767628237338,2,200,true,110,110,1
1767628237261,79,200,true,110,110,79
1767628237263,78,200,true,110,110,78
1767628237275,66,200,true,110,110,66
1767628237275,66,200,true,110,110,66
1767628237278,63,200,true,110,110,63
1767628237277,65,200,true,110,110,65
1767628237280,63,200,true,110,110,63
1767628237280,63,200,true,110,110,63
1767628237341,3,200,true,110,110,3
1767628237341,3,200,true,110,110,3
1767628237341,4,200,true,110,110,4
1767628237340,5,200,true,110,110,5
1767628237342,4,200,true,110,110,4
1767628237343,3,200,true,110,110,3
1767628237343,4,200,true,110,110,4
1767628237280,67,200,true,110,110,67
1767628237344,5,200,true,110,110,5
1767628237284,66,200,true,110,110,66
1767628237349,2,200,true,110,110,2
1767628237286,66,200,true,110,110,66
1767628237283,69,200,true,110,110,69
1767628237284,70,200,true,110,110,70
1767628237286,68,200,true,110,110,68
1767628237289,65,200,true,110,110,65
1767628237289,66,200,true,110,110,66
1767628237282,73,200,true,110,110,73
1767628237282,74,200,true,110,110,74
1767628237288,68,200,true,110,110,68
1767628237282,75,200,true,110,110,75
1767628237289,68,200,true,110,110,68
1767628237283,75,200,true,110,110,75
1767628237283,76,200,true,110,110,76
1767628237289,70,200,true,110,110,70
1767628237288,72,200,true,110,110,72
1767628237287,73,200,true,110,110,73
1767628237354,6,200,true,110,110,6
1767628237283,78,200,true,110,110,78
1767628237280,82,200,true,110,110,82
1767628237285,77,200,true,110,110,77
1767628237289,74,200,true,110,110,74
1767628237281,83,200,true,110,110,83
1767628237282,82,200,true,110,110,82
1767628237360,5,200,true,110,110,5
1767628237356,9,200,true,110,110,9
1767628237357,8,200,true,110,110,8
1767628237355,11,200,true,110,110,11
1767628237290,77,200,true,110,110,77
1767628237286,82,200,true,110,110,82
1767628237281,87,200,true,110,110,87
1767628237286,83,200,true,110,110,82
1767628237360,9,200,true,110,110,8
1767628237361,8,200,true,110,110,8
1767628237361,10,200,true,110,110,9
1767628237360,11,200,true,110,110,11
1767628237364,7,200,true,110,110,7
1767628237298,74,200,true,110,110,74
1767628237221,151,200,true,110,110,151
1767628237365,7,200,true,110,110,7
1767628237366,7,200,true,110,110,6
1767628237301,73,200,true,110,110,73
1767628237299,75,200,true,110,110,75
1767628237223,152,200,true,110,110,151
1767628237369,8,200,true,110,110,8
1767628237374,4,200,true,110,110,4
1767628237373,6,200,true,110,110,6
1767628237302,78,200,true,110,110,78
1767628237301,79,200,true,110,110,79
1767628237306,75,200,true,110,110,75
1767628237305,76,200,true,110,110,76
1767628237305,77,200,true,110,110,77
1767628237303,80,200,true,110,110,80
1767628237307,77,200,true,110,110,77
1767628237308,78,200,true,110,110,78
1767628237307,79,200,true,110,110,79
1767628237239,148,200,true,110,110,148
1767628237308,79,200,true,110,110,79
1767628237317,70,200,true,110,110,70
1767628237307,80,200,true,110,110,80
1767628237387,2,200,true,110,110,2
1767628237306,83,200,true,110,110,83
1767628237322,67,200,true,110,110,67
1767628237320,69,200,true,110,110,69
1767628237321,70,200,true,110,110,69
1767628237321,70,200,true,110,110,70
1767628237322,69,200,true,110,110,68
1767628237389,3,200,true,110,110,3
1767628237316,77,200,true,110,110,76
1767628237392,3,200,true,110,110,3
1767628237315,80,200,true,110,110,80
1767628237316,79,200,true,110,110,79
1767628237313,87,200,true,110,110,87
1767628237317,84,200,true,110,110,84
1767628237322,80,200,true,110,110,80
1767628237242,160,200,true,110,110,160
1767628237329,73,200,true,110,110,73
1767628237318,85,200,true,110,110,85
1767628237316,87,200,true,110,110,87
1767628237329,74,200,true,110,110,74
1767628237318,85,200,true,110,110,85
1767628237329,76,200,true,110,110,75
1767628237330,75,200,true,110,110,75
1767628237330,75,200,true,110,110,74
1767628237330,75,200,true,110,110,73
1767628237333,74,200,true,110,110,74
1767628237403,5,200,true,110,110,5
1767628237405,4,200,true,110,110,4
1767628237405,4,200,true,110,110,4
1767628237405,5,200,true,110,110,5
1767628237336,76,200,true,110,110,76
1767628237255,158,200,true,110,110,157
1767628237332,81,200,true,110,110,81
1767628237330,83,200,true,110,110,83
1767628237332,82,200,true,110,110,82
1767628237336,78,200,true,110,110,77
1767628237334,80,200,true,110,110,79
1767628237255,160,200,true,110,110,160
1767628237338,78,200,true,110,110,78
1767628237340,76,200,true,110,110,76
1767628237341,78,200,true,110,110,78
1767628237276,143,200,true,110,110,143
1767628237345,74,200,true,110,110,74
1767628237340,80,200,true,110,110,80
1767628237345,75,200,true,110,110,73
1767628237413,7,200,true,110,110,7
1767628237416,5,200,true,110,110,5
1767628237416,5,200,true,110,110,5
1767628237419,3,200,true,110,110,3
1767628237419,3,200,true,110,110,3
1767628237419,4,200,true,110,110,4
1767628237414,9,200,true,110,110,4
1767628237422,3,200,true,110,110,3
1767628237346,79,200,true,110,110,79
1767628237346,79,200,true,110,110,79
1767628237347,78,200,true,110,110,78
1767628237229,197,200,true,110,110,197
1767628237347,79,200,true,110,110,79
1767628237350,76,200,true,110,110,76
1767628237284,142,200,true,110,110,142
1767628237405,21,200,true,110,110,21
1767628237287,140,200,true,110,110,140
1767628237351,76,200,true,110,110,76
1767628237285,142,200,true,110,110,142
1767628237288,139,200,true,110,110,139
1767628237280,147,200,true,110,110,147
1767628237352,76,200,true,110,110,76
1767628237352,76,200,true,110,110,76
1767628237354,74,200,true,110,110,74
1767628237355,73,200,true,110,110,73
1767628237355,74,200,true,110,110,74
1767628237356,73,200,true,110,110,73
1767628237357,72,200,true,110,110,72
1767628237358,72,200,true,110,110,72
1767628237359,71,200,true,110,110,71
1767628237285,145,200,true,110,110,145
1767628237362,70,200,true,110,110,69
1767628237363,69,200,true,110,110,69
1767628237366,66,200,true,110,110,66
1767628237365,67,200,true,110,110,67
1767628237362,70,200,true,110,110,69
1767628237289,143,200,true,110,110,143
1767628237368,64,200,true,110,110,64
1767628237368,65,200,true,110,110,65
1767628237371,63,200,true,110,110,63
1767628237372,62,200,true,110,110,62
1767628237371,63,200,true,110,110,63
1767628237369,65,200,true,110,110,64
1767628237372,62,200,true,110,110,62
1767628237367,68,200,true,110,110,68
1767628237369,66,200,true,110,110,66
1767628237372,63,200,true,110,110,61
1767628237371,64,200,true,110,110,64
1767628237430,9,200,true,110,110,9
1767628237374,68,200,true,110,110,68
1767628237375,68,200,true,110,110,68
1767628237435,8,200,true,110,110,8
1767628237364,80,200,true,110,110,75
1767628237379,69,200,true,110,110,69
1767628237378,70,200,true,110,110,69
1767628237377,72,200,true,110,110,72
1767628237432,18,200,true,110,110,18
1767628237381,72,200,true,110,110,72
1767628237306,147,200,true,110,110,147
1767628237429,25,200,true,110,110,25
1767628237380,74,200,true,110,110,74
1767628237307,151,200,true,110,110,150
1767628237383,76,200,true,110,110,75
1767628237432,28,200,true,110,110,28
1767628237382,81,200,true,110,110,81
1767628237449,14,200,true,110,110,14
1767628237439,25,200,true,110,110,25
1767628237443,21,200,true,110,110,21
1767628237450,14,200,true,110,110,14
1767628237448,17,200,true,110,110,17
1767628237448,17,200,true,110,110,17
1767628237442,24,200,true,110,110,24
1767628237454,12,200,true,110,110,12
1767628237459,8,200,true,110,110,8
1767628237386,81,200,true,110,110,81
1767628237443,25,200,true,110,110,25
1767628237453,15,200,true,110,110,15
1767628237458,10,200,true,110,110,10
1767628237460,9,200,true,110,110,9
1767628237385,84,200,true,110,110,84
1767628237386,84,200,true,110,110,84
1767628237464,6,200,true,110,110,6
1767628237464,7,200,true,110,110,7
1767628237464,7,200,true,110,110,7
1767628237465,7,200,true,110,110,7
1767628237465,7,200,true,110,110,7
1767628237466,7,200,true,110,110,7
1767628237466,7,200,true,110,110,7
1767628237467,6,200,true,110,110,6
1767628237467,7,200,true,110,110,7
1767628237468,6,200,true,110,110,6
1767628237468,7,200,true,110,110,7
1767628237387,88,200,true,110,110,88
1767628237381,95,200,true,110,110,95
1767628237472,6,200,true,110,110,6
1767628237387,91,200,true,110,110,91
1767628237473,5,200,true,110,110,5
1767628237474,9,200,true,110,110,8
1767628237320,163,200,true,110,110,163
1767628237387,96,200,true,110,110,96
1767628237389,94,200,true,110,110,94
1767628237318,167,200,true,110,110,167
1767628237313,172,200,true,110,110,172
1767628237313,172,200,true,110,110,172
1767628237322,163,200,true,110,110,162
1767628237389,96,200,true,110,110,96
1767628237391,96,200,true,110,110,95
1767628237391,96,200,true,110,110,96
1767628237315,172,200,true,110,110,172
1767628237485,3,200,true,110,110,3
1767628237319,170,200,true,110,110,170
1767628237315,174,200,true,110,110,174
1767628237391,98,200,true,110,110,98
1767628237393,96,200,true,110,110,96
1767628237395,97,200,true,110,110,97
1767628237395,98,200,true,110,110,98
1767628237395,98,200,true,110,110,98
1767628237400,93,200,true,110,110,93
1767628237493,1,200,true,110,110,1
1767628237493,1,200,true,110,110,1
1767628237493,2,200,true,110,110,2
1767628237494,1,200,true,110,110,1
1767628237494,2,200,true,110,110,2
1767628237495,1,200,true,110,110,1
1767628237495,2,200,true,110,110,1
1767628237496,1,200,true,110,110,1
1767628237496,1,200,true,110,110,1
1767628237497,1,200,true,110,110,1
1767628237497,1,200,true,110,110,1
1767628237497,2,200,true,110,110,2
1767628237401,99,200,true,110,110,99
1767628237402,98,200,true,110,110,98
1767628237239,262,200,true,110,110,262
1767628237403,100,200,true,110,110,100
1767628237330,173,200,true,110,110,173
1767628237403,100,200,true,110,110,100
1767628237403,103,200,true,110,110,103
1767628237337,169,200,true,110,110,169
1767628237403,103,200,true,110,110,101
1767628237409,99,200,true,110,110,99
1767628237407,101,200,true,110,110,101
1767628237408,100,200,true,110,110,100
1767628237412,96,200,true,110,110,95
1767628237410,98,200,true,110,110,98
1767628237409,99,200,true,110,110,99
1767628237503,5,200,true,110,110,5
1767628237415,94,200,true,110,110,94
1767628237414,95,200,true,110,110,94
1767628237413,96,200,true,110,110,96
1767628237414,95,200,true,110,110,94
1767628237414,95,200,true,110,110,95
1767628237421,89,200,true,110,110,89
1767628237422,88,200,true,110,110,88
1767628237421,89,200,true,110,110,89
1767628237420,91,200,true,110,110,91
1767628237420,91,200,true,110,110,91
1767628237344,167,200,true,110,110,167
1767628237426,85,200,true,110,110,85
1767628237423,89,200,true,110,110,89
1767628237425,87,200,true,110,110,87
1767628237432,80,200,true,110,110,80
1767628237425,87,200,true,110,110,87
1767628237428,84,200,true,110,110,84
1767628237512,2,200,true,110,110,2
1767628237432,82,200,true,110,110,82
1767628237426,88,200,true,110,110,88
1767628237426,89,200,true,110,110,89
1767628237427,88,200,true,110,110,88
1767628237428,87,200,true,110,110,87
1767628237432,83,200,true,110,110,83
1767628237427,89,200,true,110,110,89
1767628237433,83,200,true,110,110,83
1767628237428,88,200,true,110,110,88
1767628237434,82,200,true,110,110,82
1767628237427,89,200,true,110,110,89
1767628237435,82,200,true,110,110,82
1767628237429,88,200,true,110,110,88
1767628237432,85,200,true,110,110,85
1767628237432,85,200,true,110,110,85
1767628237511,6,200,true,110,110,6
1767628237427,91,200,true,110,110,91
1767628237434,84,200,true,110,110,84
1767628237434,84,200,true,110,110,84
1767628237444,74,200,true,110,110,74
1767628237434,84,200,true,110,110,84
1767628237512,7,200,true,110,110,7
1767628237423,96,200,true,110,110,96
1767628237430,89,200,true,110,110,89
1767628237427,92,200,true,110,110,92
1767628237425,95,200,true,110,110,95
1767628237430,90,200,true,110,110,90
1767628237426,94,200,true,110,110,94
1767628237434,86,200,true,110,110,86
1767628237425,96,200,true,110,110,96
1767628237435,86,200,true,110,110,86
1767628237429,92,200,true,110,110,92
1767628237429,92,200,true,110,110,92
1767628237463,59,200,true,110,110,59
1767628237469,53,200,true,110,110,53
1767628237463,59,200,true,110,110,59
1767628237435,87,200,true,110,110,87
1767628237508,14,200,true,110,110,14
1767628237508,17,200,true,110,110,17
1767628237453,72,200,true,110,110,72
1767628237509,18,200,true,110,110,18
1767628237510,18,200,true,110,110,18
1767628237510,18,200,true,110,110,18
1767628237470,59,200,true,110,110,59
1767628237508,21,200,true,110,110,21
1767628237471,59,200,true,110,110,59
1767628237472,59,200,true,110,110,59
1767628237470,61,200,true,110,110,61
1767628237512,19,200,true,110,110,19
1767628237509,23,200,true,110,110,23
1767628237515,17,200,true,110,110,17
1767628237473,64,200,true,110,110,64
1767628237521,17,200,true,110,110,17
1767628237474,66,200,true,110,110,66
1767628237520,20,200,true,110,110,20
1767628237520,22,200,true,110,110,22
1767628237522,22,200,true,110,110,22
1767628237471,77,200,true,110,110,77
1767628237380,170,200,true,110,110,170
1767628237454,98,200,true,110,110,98
1767628237473,79,200,true,110,110,79
1767628237478,74,200,true,110,110,74
1767628237475,79,200,true,110,110,78
1767628237478,76,200,true,110,110,76
1767628237478,76,200,true,110,110,76
1767628237476,79,200,true,110,110,78
1767628237552,3,200,true,110,110,3
1767628237483,72,200,true,110,110,72
1767628237483,72,200,true,110,110,72
1767628237483,75,200,true,110,110,75
1767628237485,74,200,true,110,110,74
1767628237485,74,200,true,110,110,74
1767628237485,75,200,true,110,110,75
1767628237485,75,200,true,110,110,75
1767628237483,77,200,true,110,110,76
1767628237487,73,200,true,110,110,73
1767628237389,171,200,true,110,110,171
1767628237487,73,200,true,110,110,73
1767628237487,74,200,true,110,110,74
1767628237488,73,200,true,110,110,73
1767628237489,72,200,true,110,110,72
1767628237489,72,200,true,110,110,72
1767628237489,73,200,true,110,110,73
1767628237490,72,200,true,110,110,72
1767628237492,70,200,true,110,110,70
1767628237498,64,200,true,110,110,64
1767628237499,63,200,true,110,110,63
1767628237501,62,200,true,110,110,62
1767628237501,62,200,true,110,110,62
1767628237500,63,200,true,110,110,63
1767628237402,161,200,true,110,110,161
1767628237503,60,200,true,110,110,60
1767628237512,52,200,true,110,110,52
1767628237512,52,200,true,110,110,52
1767628237503,61,200,true,110,110,61
1767628237508,57,200,true,110,110,57
1767628237508,57,200,true,110,110,57
1767628237508,57,200,true,110,110,57
1767628237511,54,200,true,110,110,54
1767628237510,55,200,true,110,110,55
1767628237511,55,200,true,110,110,55
1767628237509,57,200,true,110,110,57
1767628237509,57,200,true,110,110,57
1767628237508,58,200,true,110,110,58
1767628237509,58,200,true,110,110,58
1767628237506,61,200,true,110,110,61
1767628237426,141,200,true,110,110,138
1767628237470,99,200,true,110,110,99
1767628237560,9,200,true,110,110,9
1767628237506,66,200,true,110,110,66
1767628237565,7,200,true,110,110,7
1767628237565,10,200,true,110,110,10
1767628237559,16,200,true,110,110,16
1767628237563,13,200,true,110,110,13
1767628237575,3,200,true,110,110,3
1767628237562,17,200,true,110,110,17
1767628237572,10,200,true,110,110,10
1767628237567,15,200,true,110,110,15
1767628237575,7,200,true,110,110,7
1767628237511,72,200,true,110,110,72
1767628237569,14,200,true,110,110,14
1767628237506,77,200,true,110,110,77
1767628237514,70,200,true,110,110,70
1767628237517,67,200,true,110,110,67
1767628237519,65,200,true,110,110,65
1767628237522,62,200,true,110,110,62
1767628237515,70,200,true,110,110,70
1767628237515,70,200,true,110,110,70
1767628237517,68,200,true,110,110,68
1767628237522,63,200,true,110,110,63
1767628237515,70,200,true,110,110,70
1767628237516,70,200,true,110,110,70
1767628237516,70,200,true,110,110,70
1767628237516,70,200,true,110,110,70
1767628237518,68,200,true,110,110,68
1767628237515,72,200,true,110,110,72
1767628237518,69,200,true,110,110,69
1767628237521,66,200,true,110,110,66
1767628237517,70,200,true,110,110,70
1767628237516,72,200,true,110,110,72
1767628237517,71,200,true,110,110,71
1767628237516,72,200,true,110,110,72
1767628237517,71,200,true,110,110,71
1767628237519,69,200,true,110,110,69
1767628237518,71,200,true,110,110,71
1767628237520,69,200,true,110,110,69
1767628237519,70,200,true,110,110,70
1767628237520,69,200,true,110,110,69
1767628237519,71,200,true,110,110,71
1767628237525,65,200,true,110,110,65
1767628237522,68,200,true,110,110,68
1767628237521,69,200,true,110,110,69
1767628237518,72,200,true,110,110,72
1767628237522,69,200,true,110,110,69
1767628237521,70,200,true,110,110,70
1767628237525,66,200,true,110,110,66
1767628237528,63,200,true,110,110,63
1767628237529,62,200,true,110,110,62
1767628237529,63,200,true,110,110,63
1767628237530,62,200,true,110,110,62
1767628237528,64,200,true,110,110,64
1767628237531,61,200,true,110,110,61
1767628237527,66,200,true,110,110,66
1767628237532,61,200,true,110,110,61
1767628237520,73,200,true,110,110,73
1767628237531,62,200,true,110,110,62
1767628237532,61,200,true,110,110,61
1767628237531,63,200,true,110,110,63
1767628237538,56,200,true,110,110,56
1767628237538,56,200,true,110,110,56
1767628237540,54,200,true,110,110,54
1767628237544,50,200,true,110,110,50
1767628237540,55,200,true,110,110,55
1767628237542,53,200,true,110,110,53
1767628237549,46,200,true,110,110,46
1767628237550,45,200,true,110,110,45
1767628237584,12,200,true,110,110,12
1767628237593,3,200,true,110,110,3
1767628237584,13,200,true,110,110,13
1767628237584,13,200,true,110,110,13
1767628237585,12,200,true,110,110,12
1767628237585,13,200,true,110,110,13
1767628237584,14,200,true,110,110,14
1767628237593,5,200,true,110,110,5
1767628237585,14,200,true,110,110,14
1767628237586,15,200,true,110,110,15
1767628237585,17,200,true,110,110,15
1767628237475,128,200,true,110,110,127
1767628237586,18,200,true,110,110,18
1767628237603,1,200,true,110,110,1
1767628237587,19,200,true,110,110,19
1767628237552,56,200,true,110,110,56
1767628237555,53,200,true,110,110,53
1767628237555,54,200,true,110,110,54
1767628237552,58,200,true,110,110,58
1767628237554,57,200,true,110,110,57
1767628237555,56,200,true,110,110,56
1767628237594,18,200,true,110,110,18
1767628237554,58,200,true,110,110,58
1767628237555,57,200,true,110,110,56
1767628237594,18,200,true,110,110,18
1767628237554,58,200,true,110,110,58
1767628237583,30,200,true,110,110,30
1767628237589,25,200,true,110,110,25
1767628237420,195,200,true,110,110,195
1767628237593,23,200,true,110,110,23
1767628237591,27,200,true,110,110,27
1767628237583,40,200,true,110,110,40
1767628237589,35,200,true,110,110,35
1767628237593,32,200,true,110,110,31
1767628237582,43,200,true,110,110,43
1767628237560,66,200,true,110,110,66
1767628237564,63,200,true,110,110,63
1767628237564,69,200,true,110,110,69
1767628237560,73,200,true,110,110,73
1767628237560,73,200,true,110,110,73
1767628237563,70,200,true,110,110,70
1767628237564,70,200,true,110,110,70
1767628237613,21,200,true,110,110,21
1767628237604,30,200,true,110,110,30
1767628237561,74,200,true,110,110,74
1767628237565,75,200,true,110,110,75
1767628237562,78,200,true,110,110,78
1767628237562,78,200,true,110,110,78
1767628237559,82,200,true,110,110,82
1767628237564,77,200,true,110,110,77
1767628237560,81,200,true,110,110,81
1767628237566,75,200,true,110,110,75
1767628237562,79,200,true,110,110,79
1767628237561,81,200,true,110,110,81
1767628237561,81,200,true,110,110,81
1767628237561,81,200,true,110,110,81
1767628237562,80,200,true,110,110,80
1767628237563,80,200,true,110,110,80
1767628237566,77,200,true,110,110,77
1767628237566,77,200,true,110,110,77
1767628237566,77,200,true,110,110,77
1767628237567,77,200,true,110,110,76
1767628237566,78,200,true,110,110,78
1767628237567,77,200,true,110,110,77
1767628237563,81,200,true,110,110,81
1767628237569,75,200,true,110,110,75
1767628237572,73,200,true,110,110,73
1767628237576,69,200,true,110,110,69
1767628237579,66,200,true,110,110,66
1767628237578,67,200,true,110,110,67
1767628237586,59,200,true,110,110,59
1767628237588,58,200,true,110,110,58
1767628237586,60,200,true,110,110,60
1767628237586,60,200,true,110,110,60
1767628237588,62,200,true,110,110,62
1767628237645,5,200,true,110,110,5
1767628237587,63,200,true,110,110,63
1767628237601,49,200,true,110,110,49
1767628237587,64,200,true,110,110,64
1767628237592,59,200,true,110,110,59
1767628237588,63,200,true,110,110,63
1767628237645,6,200,true,110,110,6
1767628237589,62,200,true,110,110,62
1767628237589,63,200,true,110,110,63
1767628237592,60,200,true,110,110,60
1767628237594,58,200,true,110,110,58
1767628237588,64,200,true,110,110,64
1767628237590,63,200,true,110,110,63
1767628237590,63,200,true,110,110,63
1767628237589,64,200,true,110,110,64
1767628237595,58,200,true,110,110,58
1767628237582,72,200,true,110,110,72
1767628237592,62,200,true,110,110,62
1767628237595,59,200,true,110,110,59
1767628237590,64,200,true,110,110,64
1767628237591,63,200,true,110,110,63
1767628237592,63,200,true,110,110,63
1767628237582,73,200,true,110,110,73
1767628237595,60,200,true,110,110,60
1767628237591,65,200,true,110,110,64
1767628237592,64,200,true,110,110,64
1767628237583,73,200,true,110,110,73
1767628237593,63,200,true,110,110,63
1767628237590,66,200,true,110,110,66
1767628237591,66,200,true,110,110,66
1767628237596,61,200,true,110,110,61
1767628237596,61,200,true,110,110,61
1767628237596,61,200,true,110,110,61
1767628237597,60,200,true,110,110,60
1767628237597,60,200,true,110,110,60
1767628237597,61,200,true,110,110,61
1767628237595,63,200,true,110,110,63
1767628237469,189,200,true,110,110,189
1767628237598,60,200,true,110,110,60
1767628237598,60,200,true,110,110,60
1767628237599,60,200,true,110,110,59
1767628237599,60,200,true,110,110,60
1767628237602,57,200,true,110,110,57
1767628237604,55,200,true,110,110,55
1767628237606,53,200,true,110,110,53
1767628237591,68,200,true,110,110,68
1767628237609,51,200,true,110,110,51
1767628237612,48,200,true,110,110,48
1767628237617,43,200,true,110,110,43
1767628237560,100,200,true,110,110,100
1767628237611,49,200,true,110,110,49
1767628237618,43,200,true,110,110,43
1767628237609,52,200,true,110,110,52
1767628237614,47,200,true,110,110,47
1767628237612,49,200,true,110,110,49
1767628237611,51,200,true,110,110,51
1767628237610,52,200,true,110,110,52
1767628237615,47,200,true,110,110,45
1767628237612,50,200,true,110,110,50
1767628237613,49,200,true,110,110,49
1767628237634,29,200,true,110,110,29
1767628237627,36,200,true,110,110,36
1767628237658,5,200,true,110,110,5
1767628237633,30,200,true,110,110,30
1767628237641,23,200,true,110,110,23
1767628237641,23,200,true,110,110,23
1767628237641,24,200,true,110,110,24
1767628237641,24,200,true,110,110,24
1767628237642,23,200,true,110,110,23
1767628237642,24,200,true,110,110,24
1767628237642,24,200,true,110,110,24
1767628237642,25,200,true,110,110,25
1767628237642,26,200,true,110,110,26
1767628237643,25,200,true,110,110,25
1767628237643,26,200,true,110,110,26
1767628237643,26,200,true,110,110,26
1767628237643,27,200,true,110,110,27
1767628237644,26,200,true,110,110,26
1767628237644,27,200,true,110,110,27
1767628237633,40,200,true,110,110,40
1767628237645,28,200,true,110,110,22
1767628237657,20,200,true,110,110,20
1767628237659,18,200,true,110,110,18
1767628237651,29,200,true,110,110,29
1767628237653,34,200,true,110,110,34
1767628237664,28,200,true,110,110,28
1767628237633,59,200,true,110,110,59
1767628237625,68,200,true,110,110,68
1767628237558,135,200,true,110,110,135
1767628237634,59,200,true,110,110,59
1767628237565,128,200,true,110,110,128
1767628237623,71,200,true,110,110,71
1767628237625,69,200,true,110,110,69
1767628237634,60,200,true,110,110,59
1767628237694,0,200,true,110,110,0
1767628237633,61,200,true,110,110,61
1767628237624,71,200,true,110,110,71
1767628237644,51,200,true,110,110,51
1767628237514,181,200,true,110,110,181
1767628237646,49,200,true,110,110,49
1767628237646,50,200,true,110,110,50
1767628237644,52,200,true,110,110,52
1767628237636,60,200,true,110,110,60
1767628237640,56,200,true,110,110,56
1767628237587,109,200,true,110,110,109
1767628237641,56,200,true,110,110,56
1767628237640,57,200,true,110,110,57
1767628237594,103,200,true,110,110,103
1767628237608,89,200,true,110,110,89
1767628237612,85,200,true,110,110,85
1767628237644,53,200,true,110,110,53
1767628237663,35,200,true,110,110,35
1767628237663,35,200,true,110,110,35
1767628237657,41,200,true,110,110,41
1767628237660,38,200,true,110,110,38
1767628237657,41,200,true,110,110,41
1767628237660,39,200,true,110,110,39
1767628237657,42,200,true,110,110,42
1767628237658,41,200,true,110,110,41
1767628237645,54,200,true,110,110,54
1767628237659,41,200,true,110,110,41
1767628237658,42,200,true,110,110,42
1767628237659,41,200,true,110,110,41
1767628237659,41,200,true,110,110,41
1767628237650,50,200,true,110,110,50
1767628237658,43,200,true,110,110,43
1767628237650,51,200,true,110,110,51
1767628237650,51,200,true,110,110,51
1767628237651,50,200,true,110,110,50
1767628237659,43,200,true,110,110,42
1767628237646,56,200,true,110,110,56
1767628237651,51,200,true,110,110,51
1767628237652,50,200,true,110,110,50
1767628237652,50,200,true,110,110,50
1767628237662,41,200,true,110,110,41
1767628237657,46,200,true,110,110,46
1767628237698,5,200,true,110,110,5
1767628237698,6,200,true,110,110,6
1767628237698,6,200,true,110,110,6
1767628237698,6,200,true,110,110,6
1767628237699,6,200,true,110,110,6
1767628237699,6,200,true,110,110,6
1767628237699,7,200,true,110,110,7
1767628237699,7,200,true,110,110,7
1767628237695,12,200,true,110,110,12
1767628237700,8,200,true,110,110,8
1767628237700,9,200,true,110,110,9
1767628237700,9,200,true,110,110,9
1767628237700,10,200,true,110,110,10
1767628237700,10,200,true,110,110,10
1767628237699,12,200,true,110,110,12
1767628237662,49,200,true,110,110,49
1767628237695,17,200,true,110,110,16
1767628237696,16,200,true,110,110,16
1767628237696,16,200,true,110,110,16
1767628237702,11,200,true,110,110,11
1767628237701,12,200,true,110,110,12
1767628237701,13,200,true,110,110,13
1767628237701,13,200,true,110,110,13
1767628237702,13,200,true,110,110,13
1767628237652,63,200,true,110,110,63
1767628237702,17,200,true,110,110,17
1767628237697,22,200,true,110,110,22
1767628237694,26,200,true,110,110,26
1767628237661,62,200,true,110,110,62
1767628237661,63,200,true,110,110,63
1767628237694,31,200,true,110,110,31
1767628237697,28,200,true,110,110,28
1767628237697,28,200,true,110,110,28
1767628237703,23,200,true,110,110,23
1767628237703,23,200,true,110,110,23
1767628237703,24,200,true,110,110,24
1767628237660,67,200,true,110,110,67
1767628237709,21,200,true,110,110,21
1767628237704,26,200,true,110,110,26
1767628237710,21,200,true,110,110,21
1767628237710,24,200,true,110,110,24
1767628237719,15,200,true,110,110,15
1767628237719,16,200,true,110,110,16
1767628237720,15,200,true,110,110,15
1767628237723,13,200,true,110,110,13
1767628237724,12,200,true,110,110,12
1767628237725,12,200,true,110,110,12
1767628237725,12,200,true,110,110,12
1767628237725,13,200,true,110,110,13
1767628237726,12,200,true,110,110,12
1767628237726,13,200,true,110,110,13
1767628237730,9,200,true,110,110,9
1767628237730,10,200,true,110,110,10
1767628237731,9,200,true,110,110,9
1767628237734,7,200,true,110,110,7
1767628237734,7,200,true,110,110,7
1767628237727,14,200,true,110,110,14
1767628237735,7,200,true,110,110,7
1767628237735,7,200,true,110,110,7
1767628237653,90,200,true,110,110,90
1767628237736,7,200,true,110,110,7
1767628237737,7,200,true,110,110,7
1767628237737,7,200,true,110,110,7
1767628237738,7,200,true,110,110,7
1767628237738,7,200,true,110,110,7
1767628237739,7,200,true,110,110,7
1767628237739,7,200,true,110,110,7
1767628237740,7,200,true,110,110,7
1767628237661,86,200,true,110,110,86
1767628237662,88,200,true,110,110,88
1767628237704,46,200,true,110,110,46
1767628237744,6,200,true,110,110,6
1767628237736,14,200,true,110,110,7
1767628237651,102,200,true,110,110,102
1767628237650,103,200,true,110,110,103
1767628237653,100,200,true,110,110,100
1767628237654,99,200,true,110,110,99
1767628237661,93,200,true,110,110,93
1767628237653,101,200,true,110,110,101
1767628237654,100,200,true,110,110,100
1767628237654,100,200,true,110,110,100
1767628237655,100,200,true,110,110,100
1767628237660,95,200,true,110,110,95
1767628237662,93,200,true,110,110,93
1767628237655,100,200,true,110,110,100
1767628237655,100,200,true,110,110,100
1767628237661,95,200,true,110,110,95
1767628237656,100,200,true,110,110,100
1767628237655,101,200,true,110,110,101
1767628237660,96,200,true,110,110,96
1767628237656,101,200,true,110,110,101
1767628237656,101,200,true,110,110,101
1767628237656,101,200,true,110,110,101
1767628237656,101,200,true,110,110,101
1767628237654,103,200,true,110,110,103
1767628237657,101,200,true,110,110,101
1767628237663,95,200,true,110,110,95
1767628237663,95,200,true,110,110,95
1767628237664,94,200,true,110,110,94
1767628237663,95,200,true,110,110,95
1767628237665,94,200,true,110,110,94
1767628237727,32,200,true,110,110,32
1767628237750,10,200,true,110,110,10
1767628237670,90,200,true,110,110,90
1767628237668,92,200,true,110,110,92
1767628237670,90,200,true,110,110,90
1767628237665,96,200,true,110,110,96
1767628237671,90,200,true,110,110,90
1767628237666,95,200,true,110,110,95
1767628237677,84,200,true,110,110,84
1767628237667,94,200,true,110,110,94
1767628237677,85,200,true,110,110,85
1767628237667,95,200,true,110,110,95
1767628237668,94,200,true,110,110,94
1767628237669,93,200,true,110,110,93
1767628237666,97,200,true,110,110,97
1767628237680,83,200,true,110,110,83
1767628237673,90,200,true,110,110,90
1767628237673,90,200,true,110,110,90
1767628237652,111,200,true,110,110,111
1767628237652,112,200,true,110,110,112
1767628237658,106,200,true,110,110,106
1767628237626,138,200,true,110,110,138
1767628237498,266,200,true,110,110,266
1767628237747,18,200,true,110,110,18
1767628237645,120,200,true,110,110,120
1767628237702,63,200,true,110,110,63
1767628237697,68,200,true,110,110,68
1767628237687,78,200,true,110,110,78
1767628237692,74,200,true,110,110,74
1767628237696,70,200,true,110,110,70
1767628237696,70,200,true,110,110,70
1767628237695,71,200,true,110,110,71
1767628237694,72,200,true,110,110,72
1767628237696,71,200,true,110,110,71
1767628237693,74,200,true,110,110,74
1767628237697,70,200,true,110,110,70
1767628237693,75,200,true,110,110,75
1767628237695,73,200,true,110,110,73
1767628237693,75,200,true,110,110,75
1767628237701,67,200,true,110,110,67
1767628237692,77,200,true,110,110,77
1767628237694,75,200,true,110,110,75
1767628237698,71,200,true,110,110,71
1767628237705,64,200,true,110,110,64
1767628237705,64,200,true,110,110,64
1767628237705,65,200,true,110,110,65
1767628237706,64,200,true,110,110,64
1767628237706,64,200,true,110,110,64
1767628237707,63,200,true,110,110,63
1767628237708,63,200,true,110,110,63
1767628237709,62,200,true,110,110,62
1767628237711,60,200,true,110,110,60
1767628237711,60,200,true,110,110,60
1767628237712,59,200,true,110,110,59
1767628237712,60,200,true,110,110,60
1767628237713,59,200,true,110,110,59
1767628237713,59,200,true,110,110,59
1767628237713,59,200,true,110,110,59
1767628237714,58,200,true,110,110,58
1767628237714,58,200,true,110,110,58
1767628237715,58,200,true,110,110,58
1767628237758,15,200,true,110,110,15
1767628237715,58,200,true,110,110,58
1767628237741,33,200,true,110,110,33
1767628237750,24,200,true,110,110,24
1767628237741,34,200,true,110,110,34
1767628237742,33,200,true,110,110,33
1767628237742,33,200,true,110,110,33
1767628237743,33,200,true,110,110,33
1767628237744,32,200,true,110,110,32
1767628237741,35,200,true,110,110,35
1767628237745,31,200,true,110,110,31
1767628237740,39,200,true,110,110,39
1767628237755,24,200,true,110,110,24
1767628237746,34,200,true,110,110,34
1767628237747,33,200,true,110,110,33
1767628237744,36,200,true,110,110,36
1767628237746,34,200,true,110,110,34
1767628237750,30,200,true,110,110,30
1767628237669,113,200,true,110,110,113
1767628237695,87,200,true,110,110,87
1767628237756,28,200,true,110,110,28
1767628237757,31,200,true,110,110,31
1767628237780,10,200,true,110,110,10
1767628237770,26,200,true,110,110,26
1767628237766,34,200,true,110,110,34
1767628237761,44,200,true,110,110,44
1767628237800,6,200,true,110,110,6
1767628237758,50,200,true,110,110,50
1767628237754,59,200,true,110,110,59
1767628237754,59,200,true,110,110,59
1767628237758,55,200,true,110,110,55
1767628237754,59,200,true,110,110,59
1767628237754,59,200,true,110,110,59
1767628237754,59,200,true,110,110,59
1767628237759,54,200,true,110,110,54
1767628237753,60,200,true,110,110,59
1767628237805,9,200,true,110,110,9
1767628237755,59,200,true,110,110,59
1767628237755,59,200,true,110,110,59
1767628237755,59,200,true,110,110,59
1767628237756,59,200,true,110,110,59
1767628237750,65,200,true,110,110,65
1767628237756,59,200,true,110,110,59
1767628237757,58,200,true,110,110,58
1767628237756,60,200,true,110,110,60
1767628237759,57,200,true,110,110,57
1767628237780,36,200,true,110,110,36
1767628237780,36,200,true,110,110,36
1767628237769,47,200,true,110,110,47
1767628237770,47,200,true,110,110,47
1767628237770,47,200,true,110,110,47
1767628237770,47,200,true,110,110,47
1767628237761,56,200,true,110,110,56
1767628237764,54,200,true,110,110,54
1767628237757,61,200,true,110,110,61
1767628237745,73,200,true,110,110,73
1767628237757,63,200,true,110,110,63
1767628237817,4,200,true,110,110,4
1767628237806,15,200,true,110,110,15
1767628237818,7,200,true,110,110,6
1767628237814,11,200,true,110,110,11
1767628237771,57,200,true,110,110,57
1767628237770,59,200,true,110,110,59
1767628237764,66,200,true,110,110,65
1767628237771,60,200,true,110,110,60
1767628237779,52,200,true,110,110,52
1767628237816,16,200,true,110,110,16
1767628237821,12,200,true,110,110,12
1767628237768,66,200,true,110,110,66
1767628237772,62,200,true,110,110,62
1767628237772,63,200,true,110,110,63
1767628237772,63,200,true,110,110,63
1767628237772,64,200,true,110,110,63
1767628237829,8,200,true,110,110,8
1767628237773,64,200,true,110,110,64
1767628237762,76,200,true,110,110,76
1767628237772,66,200,true,110,110,66
1767628237773,66,200,true,110,110,66
1767628237771,68,200,true,110,110,68
1767628237830,10,200,true,110,110,10
1767628237763,77,200,true,110,110,77
1767628237763,78,200,true,110,110,77
1767628237764,77,200,true,110,110,77
1767628237776,66,200,true,110,110,66
1767628237765,78,200,true,110,110,78
1767628237776,67,200,true,110,110,67
1767628237765,78,200,true,110,110,77
1767628237765,79,200,true,110,110,78
1767628237780,65,200,true,110,110,65
1767628237831,15,200,true,110,110,14
1767628237773,74,200,true,110,110,74
1767628237766,82,200,true,110,110,82
1767628237845,3,200,true,110,110,3
1767628237774,75,200,true,110,110,75
1767628237767,82,200,true,110,110,82
1767628237774,76,200,true,110,110,76
1767628237846,4,200,true,110,110,4
1767628237775,77,200,true,110,110,77
1767628237776,76,200,true,110,110,76
1767628237766,87,200,true,110,110,87
1767628237766,87,200,true,110,110,87
1767628237768,86,200,true,110,110,86
1767628237764,90,200,true,110,110,90
1767628237767,87,200,true,110,110,87
1767628237776,78,200,true,110,110,78
1767628237769,87,200,true,110,110,87
1767628237838,19,200,true,110,110,19
1767628237767,90,200,true,110,110,90
1767628237761,96,200,true,110,110,96
1767628237760,97,200,true,110,110,97
1767628237761,97,200,true,110,110,96
1767628237763,95,200,true,110,110,95
1767628237763,95,200,true,110,110,95
1767628237765,93,200,true,110,110,93
1767628237762,96,200,true,110,110,96
1767628237775,83,200,true,110,110,83
1767628237773,86,200,true,110,110,86
1767628237765,94,200,true,110,110,94
1767628237768,91,200,true,110,110,91
1767628237769,90,200,true,110,110,90
1767628237769,90,200,true,110,110,90
1767628237780,80,200,true,110,110,80
1767628237768,92,200,true,110,110,92
1767628237776,84,200,true,110,110,84
1767628237762,98,200,true,110,110,98
1767628237762,99,200,true,110,110,99
1767628237782,79,200,true,110,110,79
1767628237762,99,200,true,110,110,99
1767628237784,77,200,true,110,110,77
1767628237760,101,200,true,110,110,101
1767628237788,74,200,true,110,110,74
1767628237760,102,200,true,110,110,102
1767628237779,83,200,true,110,110,83
1767628237790,72,200,true,110,110,72
1767628237761,101,200,true,110,110,101
1767628237796,67,200,true,110,110,67
1767628237782,81,200,true,110,110,81
1767628237759,104,200,true,110,110,104
1767628237753,111,200,true,110,110,110
1767628237753,111,200,true,110,110,111
1767628237758,106,200,true,110,110,106
1767628237763,101,200,true,110,110,101
1767628237808,57,200,true,110,110,57
1767628237758,107,200,true,110,110,107
1767628237816,49,200,true,110,110,49
1767628237816,49,200,true,110,110,49
1767628237816,49,200,true,110,110,49
1767628237817,49,200,true,110,110,49
1767628237817,49,200,true,110,110,49
1767628237817,49,200,true,110,110,49
1767628237813,53,200,true,110,110,53
1767628237813,54,200,true,110,110,54
1767628237813,54,200,true,110,110,54
1767628237813,54,200,true,110,110,54
1767628237813,54,200,true,110,110,54
1767628237813,55,200,true,110,110,55
1767628237813,55,200,true,110,110,55
1767628237814,54,200,true,110,110,54
1767628237815,53,200,true,110,110,53
1767628237815,53,200,true,110,110,53
1767628237815,54,200,true,110,110,54
1767628237815,54,200,true,110,110,54
1767628237814,55,200,true,110,110,55
1767628237813,56,200,true,110,110,56
1767628237818,52,200,true,110,110,52
1767628237814,56,200,true,110,110,56
1767628237756,114,200,true,110,110,114
1767628237818,52,200,true,110,110,52
1767628237702,168,200,true,110,110,168
1767628237816,55,200,true,110,110,55
1767628237771,100,200,true,110,110,100
1767628237821,50,200,true,110,110,50
1767628237825,46,200,true,110,110,46
1767628237837,34,200,true,110,110,34
1767628237825,46,200,true,110,110,46
1767628237835,36,200,true,110,110,36
1767628237820,52,200,true,110,110,52
1767628237839,33,200,true,110,110,33
1767628237840,32,200,true,110,110,32
1767628237832,40,200,true,110,110,40
1767628237771,101,200,true,110,110,101
1767628237843,30,200,true,110,110,30
1767628237844,29,200,true,110,110,29
1767628237843,30,200,true,110,110,30
1767628237766,107,200,true,110,110,107
1767628237828,46,200,true,110,110,46
1767628237838,36,200,true,110,110,36
1767628237832,42,200,true,110,110,42
1767628237837,37,200,true,110,110,37
1767628237849,25,200,true,110,110,25
1767628237850,25,200,true,110,110,25
1767628237834,41,200,true,110,110,41
1767628237839,36,200,true,110,110,36
1767628237836,39,200,true,110,110,39
1767628237834,42,200,true,110,110,42
1767628237835,41,200,true,110,110,41
1767628237840,38,200,true,110,110,38
1767628237841,38,200,true,110,110,38
1767628237848,31,200,true,110,110,31
1767628237842,38,200,true,110,110,38
1767628237848,33,200,true,110,110,33
1767628237843,38,200,true,110,110,38
1767628237865,17,200,true,110,110,17
1767628237847,36,200,true,110,110,36
1767628237871,12,200,true,110,110,12
1767628237866,17,200,true,110,110,17
1767628237866,18,200,true,110,110,18
1767628237866,18,200,true,110,110,18
1767628237871,14,200,true,110,110,14
1767628237872,13,200,true,110,110,13
1767628237863,23,200,true,110,110,23
1767628237874,12,200,true,110,110,12
1767628237861,26,200,true,110,110,26
1767628237842,45,200,true,110,110,45
1767628237850,38,200,true,110,110,38
1767628237850,41,200,true,110,110,41
1767628237873,21,200,true,110,110,21
1767628237853,42,200,true,110,110,42
1767628237873,25,200,true,110,110,25
1767628237866,36,200,true,110,110,36
1767628237864,42,200,true,110,110,42
1767628237859,48,200,true,110,110,48
1767628237862,45,200,true,110,110,45
1767628237860,47,200,true,110,110,47
1767628237872,36,200,true,110,110,36
1767628237860,48,200,true,110,110,48
1767628237860,49,200,true,110,110,49
1767628237870,39,200,true,110,110,39
1767628237865,45,200,true,110,110,45
1767628237879,31,200,true,110,110,31
1767628237878,32,200,true,110,110,32
1767628237879,32,200,true,110,110,32
1767628237865,46,200,true,110,110,46
1767628237881,30,200,true,110,110,30
1767628237882,30,200,true,110,110,30
1767628237882,30,200,true,110,110,30
1767628237883,30,200,true,110,110,30
1767628237883,30,200,true,110,110,30
1767628237883,30,200,true,110,110,30
1767628237884,30,200,true,110,110,30
1767628237884,30,200,true,110,110,30
1767628237885,30,200,true,110,110,30
1767628237866,49,200,true,110,110,49
1767628237886,30,200,true,110,110,30
1767628237872,46,200,true,110,110,46
1767628237859,59,200,true,110,110,59
1767628237833,86,200,true,110,110,86
1767628237871,48,200,true,110,110,48
1767628237862,60,200,true,110,110,60
1767628237919,5,200,true,110,110,5
1767628237918,7,200,true,110,110,7
1767628237919,9,200,true,110,110,9
1767628237875,54,200,true,110,110,54
1767628237929,0,200,true,110,110,0
1767628237875,55,200,true,110,110,55
1767628237930,1,200,true,110,110,1
1767628237930,1,200,true,110,110,1
1767628237875,56,200,true,110,110,54
1767628237872,59,200,true,110,110,56
1767628237931,1,200,true,110,110,1
1767628237875,57,200,true,110,110,57
1767628237875,58,200,true,110,110,58
1767628237931,2,200,true,110,110,2
1767628237872,63,200,true,110,110,63
1767628237873,62,200,true,110,110,62
1767628237871,65,200,true,110,110,65
1767628237876,60,200,true,110,110,60
1767628237935,1,200,true,110,110,1
1767628237873,64,200,true,110,110,64
1767628237858,81,200,true,110,110,80
1767628237872,67,200,true,110,110,67
1767628237933,6,200,true,110,110,6
1767628237857,83,200,true,110,110,83
1767628237852,90,200,true,110,110,90
1767628237853,90,200,true,110,110,90
1767628237858,85,200,true,110,110,85
1767628237863,83,200,true,110,110,83
1767628237857,90,200,true,110,110,90
1767628237854,93,200,true,110,110,93
1767628237858,90,200,true,110,110,90
1767628237859,89,200,true,110,110,89
1767628237852,97,200,true,110,110,96
1767628237863,86,200,true,110,110,86
1767628237857,92,200,true,110,110,91
1767628237865,84,200,true,110,110,82
1767628237864,88,200,true,110,110,88
1767628237854,99,200,true,110,110,99
1767628237867,86,200,true,110,110,86
1767628237864,90,200,true,110,110,90
1767628237869,85,200,true,110,110,85
1767628237870,84,200,true,110,110,84
1767628237854,100,200,true,110,110,99
1767628237857,98,200,true,110,110,98
1767628237862,93,200,true,110,110,93
1767628237858,97,200,true,110,110,97
1767628237858,98,200,true,110,110,98
1767628237861,95,200,true,110,110,93
1767628237862,94,200,true,110,110,94
1767628237860,96,200,true,110,110,96
1767628237858,102,200,true,110,110,102
1767628237861,101,200,true,110,110,101
1767628237864,98,200,true,110,110,98
1767628237867,96,200,true,110,110,96
1767628237863,100,200,true,110,110,100
1767628237954,9,200,true,110,110,9
1767628237956,8,200,true,110,110,8
1767628237867,98,200,true,110,110,97
1767628237868,97,200,true,110,110,96
1767628237854,111,200,true,110,110,111
1767628237857,108,200,true,110,110,108
1767628237869,96,200,true,110,110,95
1767628237860,106,200,true,110,110,106
1767628237964,2,200,true,110,110,2
1767628237956,10,200,true,110,110,10
1767628237871,96,200,true,110,110,96
1767628237869,98,200,true,110,110,98
1767628237869,98,200,true,110,110,98
1767628237861,107,200,true,110,110,107
1767628237869,100,200,true,110,110,100
1767628237868,103,200,true,110,110,103
1767628237874,97,200,true,110,110,97
1767628237962,9,200,true,110,110,9
1767628237965,7,200,true,110,110,7
1767628237965,7,200,true,110,110,7
1767628237966,7,200,true,110,110,7
1767628237966,8,200,true,110,110,8
1767628237963,11,200,true,110,110,11
1767628237963,11,200,true,110,110,11
1767628237886,89,200,true,110,110,89
1767628237965,11,200,true,110,110,10
1767628237966,10,200,true,110,110,10
1767628237968,8,200,true,110,110,8
1767628237967,10,200,true,110,110,10
1767628237967,10,200,true,110,110,10
1767628237969,9,200,true,110,110,9
1767628237971,9,200,true,110,110,9
1767628237974,8,200,true,110,110,8
1767628237977,6,200,true,110,110,6
1767628237983,1,200,true,110,110,1
1767628237972,12,200,true,110,110,12
1767628237962,23,200,true,110,110,13
1767628237984,2,200,true,110,110,2
1767628237887,100,200,true,110,110,100
1767628237889,98,200,true,110,110,98
1767628237984,4,200,true,110,110,4
1767628237894,94,200,true,110,110,94
1767628237891,97,200,true,110,110,97
1767628237895,93,200,true,110,110,93
1767628237887,102,200,true,110,110,102
1767628237912,77,200,true,110,110,77
1767628237915,74,200,true,110,110,74
1767628237911,78,200,true,110,110,78
1767628237914,76,200,true,110,110,76
1767628237910,80,200,true,110,110,80
1767628237914,76,200,true,110,110,76
1767628237913,77,200,true,110,110,77
1767628237910,81,200,true,110,110,80
1767628237914,77,200,true,110,110,77
1767628237916,75,200,true,110,110,75
1767628237915,77,200,true,110,110,77
1767628237911,81,200,true,110,110,81
1767628237912,80,200,true,110,110,80
1767628237913,79,200,true,110,110,79
1767628237906,87,200,true,110,110,87
1767628237907,86,200,true,110,110,86
1767628237908,86,200,true,110,110,86
1767628237907,87,200,true,110,110,87
1767628237902,92,200,true,110,110,92
1767628237909,86,200,true,110,110,86
1767628237910,85,200,true,110,110,85
1767628237924,71,200,true,110,110,71
1767628237922,74,200,true,110,110,74
1767628237908,88,200,true,110,110,88
1767628237918,78,200,true,110,110,78
1767628237908,88,200,true,110,110,88
1767628237898,98,200,true,110,110,98
1767628237928,71,200,true,110,110,71
1767628237991,8,200,true,110,110,8
1767628237990,9,200,true,110,110,9
1767628237992,8,200,true,110,110,8
1767628237991,9,200,true,110,110,9
1767628237987,14,200,true,110,110,14
1767628237995,6,200,true,110,110,6
1767628237996,6,200,true,110,110,6
1767628237991,11,200,true,110,110,11
1767628237988,15,200,true,110,110,14
1767628237909,94,200,true,110,110,94
1767628237989,15,200,true,110,110,15
1767628237992,12,200,true,110,110,12
1767628237992,13,200,true,110,110,13
1767628237992,13,200,true,110,110,13
1767628237988,17,200,true,110,110,17
1767628237996,10,200,true,110,110,10
1767628237987,19,200,true,110,110,19
1767628237988,19,200,true,110,110,19
1767628237925,82,200,true,110,110,78
1767628237994,13,200,true,110,110,13
1767628237988,20,200,true,110,110,20
1767628237996,12,200,true,110,110,12
1767628237993,16,200,true,110,110,16
1767628237986,23,200,true,110,110,23
1767628237994,16,200,true,110,110,16
1767628237996,14,200,true,110,110,14
1767628237994,17,200,true,110,110,17
1767628237931,80,200,true,110,110,80
1767628237995,17,200,true,110,110,17
1767628238002,12,200,true,110,110,12
1767628237995,19,200,true,110,110,19
1767628238002,13,200,true,110,110,13
1767628237932,83,200,true,110,110,83
1767628238004,12,200,true,110,110,12
1767628237990,26,200,true,110,110,26
1767628238005,11,200,true,110,110,11
1767628238005,12,200,true,110,110,12
1767628237931,90,200,true,110,110,90
1767628237932,90,200,true,110,110,90
1767628237933,93,200,true,110,110,93
1767628237873,153,200,true,110,110,153
1767628237870,156,200,true,110,110,156
1767628238026,1,200,true,110,110,1
1767628237935,93,200,true,110,110,93
1767628237936,92,200,true,110,110,92
1767628237936,92,200,true,110,110,92
1767628237870,159,200,true,110,110,158
1767628237936,93,200,true,110,110,93
1767628237939,90,200,true,110,110,90
1767628237942,87,200,true,110,110,87
1767628237940,90,200,true,110,110,89
1767628237939,91,200,true,110,110,91
1767628237937,93,200,true,110,110,93
1767628237939,91,200,true,110,110,91
1767628237874,156,200,true,110,110,156
1767628237874,159,200,true,110,110,159
1767628237949,85,200,true,110,110,85
1767628237943,92,200,true,110,110,92
1767628237876,159,200,true,110,110,158
1767628237943,92,200,true,110,110,92
1767628237948,88,200,true,110,110,88
1767628237949,89,200,true,110,110,89
1767628237947,91,200,true,110,110,91
1767628237948,91,200,true,110,110,90
1767628237949,90,200,true,110,110,90
1767628237949,91,200,true,110,110,91
1767628237955,90,200,true,110,110,90
1767628238035,11,200,true,110,110,9
1767628237867,179,200,true,110,110,179
1767628237948,100,200,true,110,110,91
1767628237952,99,200,true,110,110,99
1767628237953,98,200,true,110,110,95
1767628238034,18,200,true,110,110,18
1767628237862,191,200,true,110,110,191
1767628238029,27,200,true,110,110,9
1767628237956,102,200,true,110,110,99
1767628237955,103,200,true,110,110,103
1767628237967,91,200,true,110,110,89
1767628237859,200,200,true,110,110,200
1767628238058,1,200,true,110,110,1
1767628238058,2,200,true,110,110,2
1767628238058,2,200,true,110,110,2
1767628238059,2,200,true,110,110,2
1767628238059,2,200,true,110,110,2
1767628238060,1,200,true,110,110,1
1767628238060,2,200,true,110,110,2
1767628238061,1,200,true,110,110,1
1767628238061,2,200,true,110,110,2
1767628238062,2,200,true,110,110,2
1767628237965,100,200,true,110,110,100
1767628237870,196,200,true,110,110,196
1767628237963,103,200,true,110,110,103
1767628237960,106,200,true,110,110,106
1767628237965,101,200,true,110,110,101
1767628237972,94,200,true,110,110,94
1767628237977,90,200,true,110,110,90
1767628237976,91,200,true,110,110,91
1767628237974,93,200,true,110,110,93
1767628237975,92,200,true,110,110,92
1767628237976,91,200,true,110,110,91
1767628237974,94,200,true,110,110,94
1767628237976,92,200,true,110,110,92
1767628237978,90,200,true,110,110,90
1767628237980,88,200,true,110,110,88
1767628237982,86,200,true,110,110,86
1767628237973,96,200,true,110,110,96
1767628237971,98,200,true,110,110,98
1767628237971,98,200,true,110,110,98
1767628237912,157,200,true,110,110,157
1767628237868,202,200,true,110,110,202
1767628237985,85,200,true,110,110,85
1767628237989,81,200,true,110,110,81
1767628237880,190,200,true,110,110,190
1767628237885,185,200,true,110,110,185
1767628237989,84,200,true,110,110,84
1767628238068,8,200,true,110,110,8
1767628237990,90,200,true,110,110,89
1767628237989,91,200,true,110,110,91
1767628238070,12,200,true,110,110,12
1767628238068,14,200,true,110,110,14
1767628238000,83,200,true,110,110,83
1767628237999,84,200,true,110,110,83
1767628238000,83,200,true,110,110,83
1767628237999,84,200,true,110,110,83
1767628238000,83,200,true,110,110,83
1767628238004,80,200,true,110,110,80
1767628238001,83,200,true,110,110,83
1767628238001,83,200,true,110,110,83
1767628238003,82,200,true,110,110,82
1767628238080,5,200,true,110,110,5
1767628238007,79,200,true,110,110,79
1767628238006,80,200,true,110,110,80
1767628238007,79,200,true,110,110,79
1767628238003,83,200,true,110,110,83
1767628237993,93,200,true,110,110,93
1767628238008,79,200,true,110,110,79
1767628238008,79,200,true,110,110,79
1767628238009,81,200,true,110,110,81
1767628238082,8,200,true,110,110,8
1767628238009,81,200,true,110,110,81
1767628238010,81,200,true,110,110,81
1767628238010,81,200,true,110,110,81
1767628238011,80,200,true,110,110,80
1767628238007,84,200,true,110,110,84
1767628238014,77,200,true,110,110,77
1767628238015,77,200,true,110,110,77
1767628238011,81,200,true,110,110,81
1767628238015,77,200,true,110,110,77
1767628238016,76,200,true,110,110,76
1767628238016,77,200,true,110,110,77
1767628238017,76,200,true,110,110,76
1767628238014,79,200,true,110,110,79
1767628238012,81,200,true,110,110,81
1767628238021,73,200,true,110,110,73
1767628238023,71,200,true,110,110,71
1767628238016,78,200,true,110,110,78
1767628238026,68,200,true,110,110,68
1767628238026,68,200,true,110,110,68
1767628238029,66,200,true,110,110,66
1767628238027,68,200,true,110,110,68
1767628238029,66,200,true,110,110,66
1767628238030,66,200,true,110,110,65
1767628238029,67,200,true,110,110,67
1767628238030,66,200,true,110,110,66
1767628238030,66,200,true,110,110,66
1767628238029,67,200,true,110,110,67
1767628238028,68,200,true,110,110,68
1767628238028,69,200,true,110,110,69
1767628238030,67,200,true,110,110,67
1767628238005,92,200,true,110,110,92
1767628238086,13,200,true,110,110,13
1767628238030,69,200,true,110,110,69
1767628238087,13,200,true,110,110,13
1767628238087,16,200,true,110,110,16
1767628238035,69,200,true,110,110,69
1767628238096,10,200,true,110,110,10
1767628238095,11,200,true,110,110,11
1767628238038,69,200,true,110,110,69
1767628237954,153,200,true,110,110,153
1767628238094,13,200,true,110,110,13
1767628238093,15,200,true,110,110,15
1767628238094,14,200,true,110,110,14
1767628237868,241,200,true,110,110,241
1767628237955,155,200,true,110,110,154
1767628237953,157,200,true,110,110,157
1767628237954,156,200,true,110,110,156
1767628237955,156,200,true,110,110,156
1767628238039,73,200,true,110,110,73
1767628238046,66,200,true,110,110,65
1767628238090,23,200,true,110,110,23
1767628238093,20,200,true,110,110,20
1767628238090,23,200,true,110,110,23
1767628238048,66,200,true,110,110,66
1767628238036,80,200,true,110,110,80
1767628238046,70,200,true,110,110,70
1767628238035,85,200,true,110,110,85
1767628238104,17,200,true,110,110,17
1767628237956,167,200,true,110,110,167
1767628238106,18,200,true,110,110,17
1767628238040,85,200,true,110,110,85
1767628238120,5,200,true,110,110,5
1767628238124,3,200,true,110,110,2
1767628238052,76,200,true,110,110,76
1767628238056,74,200,true,110,110,74
1767628238040,90,200,true,110,110,90
1767628238053,77,200,true,110,110,77
1767628238045,85,200,true,110,110,85
1767628238051,79,200,true,110,110,79
1767628238062,68,200,true,110,110,68
1767628238051,79,200,true,110,110,78
1767628238038,92,200,true,110,110,92
1767628238064,67,200,true,110,110,67
1767628238070,61,200,true,110,110,61
1767628238070,62,200,true,110,110,62
1767628238070,62,200,true,110,110,62
1767628238067,65,200,true,110,110,65
1767628238068,64,200,true,110,110,64
1767628238068,65,200,true,110,110,64
1767628237990,143,200,true,110,110,143
1767628238069,64,200,true,110,110,64
1767628238067,66,200,true,110,110,66
1767628238066,69,200,true,110,110,69
1767628238070,67,200,true,110,110,67
1767628238066,71,200,true,110,110,71
1767628238069,68,200,true,110,110,68
1767628238067,70,200,true,110,110,70
1767628238069,68,200,true,110,110,67
1767628238068,70,200,true,110,110,68
1767628238068,70,200,true,110,110,70
1767628238067,71,200,true,110,110,69
1767628238066,72,200,true,110,110,72
1767628238066,72,200,true,110,110,72
1767628238069,70,200,true,110,110,70
1767628238065,74,200,true,110,110,71
1767628238132,8,200,true,110,110,8
1767628238138,4,200,true,110,110,4
1767628238130,12,200,true,110,110,12
1767628238131,12,200,true,110,110,12
1767628237996,149,200,true,110,110,149
1767628238132,13,200,true,110,110,13
1767628238135,13,200,true,110,110,13
1767628238140,8,200,true,110,110,8
1767628238083,69,200,true,110,110,69
1767628238080,72,200,true,110,110,72
1767628238084,68,200,true,110,110,68
1767628238083,70,200,true,110,110,68
1767628238082,71,200,true,110,110,71
1767628238083,70,200,true,110,110,69
1767628238137,18,200,true,110,110,14
1767628238085,72,200,true,110,110,71
1767628238084,76,200,true,110,110,76
1767628238084,77,200,true,110,110,75
1767628238087,74,200,true,110,110,74
1767628238086,76,200,true,110,110,75
1767628238076,86,200,true,110,110,86
1767628238161,2,200,true,110,110,2
1767628238091,73,200,true,110,110,72
1767628238094,70,200,true,110,110,70
1767628238092,72,200,true,110,110,72
1767628238092,73,200,true,110,110,73
1767628238095,71,200,true,110,110,71
1767628238096,70,200,true,110,110,70
1767628238095,71,200,true,110,110,71
1767628238094,72,200,true,110,110,72
1767628238097,69,200,true,110,110,69
1767628238096,70,200,true,110,110,70
1767628238092,74,200,true,110,110,74
1767628238095,71,200,true,110,110,71
1767628238092,74,200,true,110,110,74
1767628238086,80,200,true,110,110,80
1767628238096,71,200,true,110,110,71
1767628238097,70,200,true,110,110,70
1767628238096,72,200,true,110,110,72
1767628238033,135,200,true,110,110,135
1767628238091,77,200,true,110,110,77
1767628238090,78,200,true,110,110,78
1767628238097,71,200,true,110,110,71
1767628238097,72,200,true,110,110,72
1767628238091,78,200,true,110,110,78
1767628238091,78,200,true,110,110,78
1767628238155,14,200,true,110,110,14
1767628238091,78,200,true,110,110,78
1767628238093,78,200,true,110,110,78
1767628238093,78,200,true,110,110,78
1767628238161,10,200,true,110,110,10
1767628238099,75,200,true,110,110,75
1767628237946,228,200,true,110,110,226
1767628238113,63,200,true,110,110,63
1767628238113,70,200,true,110,110,67
1767628238108,80,200,true,110,110,80
1767628238108,80,200,true,110,110,80
1767628238112,76,200,true,110,110,76
1767628238116,74,200,true,110,110,74
1767628238116,74,200,true,110,110,74
1767628238169,21,200,true,110,110,19
1767628238168,22,200,true,110,110,22
1767628238121,72,200,true,110,110,72
1767628238162,32,200,true,110,110,32
1767628238174,22,200,true,110,110,22
1767628238123,74,200,true,110,110,74
1767628238125,72,200,true,110,110,72
1767628238063,135,200,true,110,110,135
1767628238127,71,200,true,110,110,71
1767628238125,73,200,true,110,110,73
1767628238066,132,200,true,110,110,132
1767628238131,68,200,true,110,110,68
1767628238133,66,200,true,110,110,66
1767628238128,71,200,true,110,110,71
1767628238130,69,200,true,110,110,69
1767628238130,70,200,true,110,110,70
1767628238139,61,200,true,110,110,61
1767628238132,68,200,true,110,110,68
1767628238062,138,200,true,110,110,138
1767628238137,63,200,true,110,110,63
1767628238130,71,200,true,110,110,71
1767628238130,71,200,true,110,110,71
1767628238130,71,200,true,110,110,71
1767628238139,62,200,true,110,110,62
1767628238130,71,200,true,110,110,71
1767628238133,69,200,true,110,110,69
1767628238133,69,200,true,110,110,69
1767628238137,65,200,true,110,110,65
1767628238138,64,200,true,110,110,64
1767628238138,64,200,true,110,110,64
1767628238137,66,200,true,110,110,66
1767628238137,66,200,true,110,110,66
1767628238139,64,200,true,110,110,64
1767628238138,65,200,true,110,110,65
1767628238142,61,200,true,110,110,61
1767628238142,62,200,true,110,110,62
1767628238133,71,200,true,110,110,71
1767628238130,74,200,true,110,110,74
1767628238100,104,200,true,110,110,104
1767628238083,121,200,true,110,110,121
1767628238073,132,200,true,110,110,132
1767628238152,53,200,true,110,110,53
1767628238152,53,200,true,110,110,53
1767628238205,1,200,true,110,110,1
1767628238006,200,200,true,110,110,200
1767628238086,120,200,true,110,110,120
1767628238085,121,200,true,110,110,121
1767628238085,121,200,true,110,110,121
1767628238143,64,200,true,110,110,64
1767628238152,55,200,true,110,110,55
1767628238153,54,200,true,110,110,54
1767628238149,58,200,true,110,110,58
1767628238157,50,200,true,110,110,50
1767628238153,55,200,true,110,110,55
1767628238148,60,200,true,110,110,60
1767628238153,55,200,true,110,110,55
1767628238162,46,200,true,110,110,46
1767628238145,64,200,true,110,110,64
1767628238145,64,200,true,110,110,64
1767628238164,45,200,true,110,110,45
1767628238164,45,200,true,110,110,45
1767628238164,45,200,true,110,110,45
1767628238166,44,200,true,110,110,44
1767628238166,44,200,true,110,110,44
1767628238166,44,200,true,110,110,44
1767628238166,44,200,true,110,110,44
1767628238166,44,200,true,110,110,44
1767628238166,45,200,true,110,110,45
1767628238166,45,200,true,110,110,45
1767628238169,42,200,true,110,110,42
1767628238168,43,200,true,110,110,43
1767628238211,1,200,true,110,110,1
1767628238113,99,200,true,110,110,99
1767628238165,47,200,true,110,110,47
1767628238106,106,200,true,110,110,106
1767628238107,105,200,true,110,110,105
1767628238166,47,200,true,110,110,47
1767628238110,103,200,true,110,110,103
1767628238161,52,200,true,110,110,52
1767628238107,106,200,true,110,110,106
1767628238166,47,200,true,110,110,47
1767628238167,47,200,true,110,110,47
1767628238107,107,200,true,110,110,107
1767628238109,105,200,true,110,110,105
1767628238199,15,200,true,110,110,15
1767628238206,9,200,true,110,110,9
1767628238206,9,200,true,110,110,9
1767628238199,17,200,true,110,110,17
1767628238207,9,200,true,110,110,9
1767628238205,11,200,true,110,110,11
1767628238207,10,200,true,110,110,10
1767628238205,12,200,true,110,110,12
1767628238203,15,200,true,110,110,15
1767628238205,13,200,true,110,110,13
1767628238202,16,200,true,110,110,16
1767628238208,11,200,true,110,110,11
1767628238209,10,200,true,110,110,10
1767628238168,54,200,true,110,110,54
1767628238206,16,200,true,110,110,16
1767628238110,113,200,true,110,110,113
1767628238211,15,200,true,110,110,15
1767628238198,31,200,true,110,110,31
1767628238206,25,200,true,110,110,25
1767628238203,28,200,true,110,110,28
1767628238111,125,200,true,110,110,125
1767628238166,70,200,true,110,110,70
1767628238111,125,200,true,110,110,125
1767628238112,128,200,true,110,110,128
1767628238210,31,200,true,110,110,30
1767628238200,42,200,true,110,110,42
1767628238212,30,200,true,110,110,30
1767628238183,60,200,true,110,110,59
1767628238163,80,200,true,110,110,80
1767628238203,41,200,true,110,110,41
1767628238214,30,200,true,110,110,30
1767628238214,31,200,true,110,110,31
1767628238215,30,200,true,110,110,30
1767628238215,30,200,true,110,110,30
1767628238215,31,200,true,110,110,31
1767628238216,30,200,true,110,110,30
1767628238216,31,200,true,110,110,31
1767628238168,79,200,true,110,110,79
1767628238218,30,200,true,110,110,30
1767628238219,29,200,true,110,110,29
1767628238226,27,200,true,110,110,27
1767628238246,7,200,true,110,110,7
1767628238246,8,200,true,110,110,8
1767628238114,140,200,true,110,110,140
1767628238169,85,200,true,110,110,85
1767628238170,85,200,true,110,110,85
1767628238169,86,200,true,110,110,86
1767628238191,64,200,true,110,110,64
1767628238171,84,200,true,110,110,84
1767628238169,87,200,true,110,110,87
1767628238177,79,200,true,110,110,79
1767628238171,86,200,true,110,110,86
1767628238188,71,200,true,110,110,71
1767628238100,160,200,true,110,110,160
1767628238188,73,200,true,110,110,73
1767628238171,90,200,true,110,110,90
1767628238255,6,200,true,110,110,6
1767628238174,88,200,true,110,110,88
1767628238254,12,200,true,110,110,12
1767628238190,76,200,true,110,110,75
1767628238257,9,200,true,110,110,9
1767628238255,14,200,true,110,110,14
1767628238167,104,200,true,110,110,104
1767628238190,81,200,true,110,110,81
1767628238209,63,200,true,110,110,63
1767628238209,63,200,true,110,110,63
1767628238220,52,200,true,110,110,52
1767628238132,141,200,true,110,110,141
1767628238210,63,200,true,110,110,63
1767628238103,170,200,true,110,110,170
1767628238272,2,200,true,110,110,2
1767628238211,63,200,true,110,110,63
1767628238193,81,200,true,110,110,81
1767628238210,64,200,true,110,110,64
1767628238211,64,200,true,110,110,64
1767628238272,4,200,true,110,110,4
1767628238214,62,200,true,110,110,62
1767628238213,63,200,true,110,110,63
1767628238213,63,200,true,110,110,63
1767628238198,78,200,true,110,110,78
1767628238199,78,200,true,110,110,78
1767628238212,65,200,true,110,110,65
1767628238208,69,200,true,110,110,69
1767628238202,75,200,true,110,110,75
1767628238206,71,200,true,110,110,71
1767628238199,81,200,true,110,110,81
1767628238276,4,200,true,110,110,4
1767628238212,69,200,true,110,110,69
1767628238211,72,200,true,110,110,72
1767628238276,7,200,true,110,110,7
1767628238207,77,200,true,110,110,77
1767628238212,72,200,true,110,110,72
1767628238214,70,200,true,110,110,70
1767628238277,8,200,true,110,110,8
1767628238201,87,200,true,110,110,87
1767628238285,4,200,true,110,110,3
1767628238201,89,200,true,110,110,89
1767628238201,90,200,true,110,110,90
1767628238208,84,200,true,110,110,84
1767628238291,1,200,true,110,110,1
1767628238208,85,200,true,110,110,85
1767628238196,97,200,true,110,110,97
1767628238198,97,200,true,110,110,96
1767628238202,93,200,true,110,110,93
1767628238203,93,200,true,110,110,93
1767628238200,97,200,true,110,110,97
1767628238204,93,200,true,110,110,93
1767628238198,100,200,true,110,110,100
1767628238194,105,200,true,110,110,105
1767628238203,96,200,true,110,110,95
1767628238200,100,200,true,110,110,100
1767628238197,103,200,true,110,110,103
1767628238297,3,200,true,110,110,2
1767628238200,101,200,true,110,110,101
1767628238295,6,200,true,110,110,3
1767628238293,9,200,true,110,110,9
1767628238293,9,200,true,110,110,9
1767628238299,3,200,true,110,110,3
1767628238236,68,200,true,110,110,68
1767628238207,97,200,true,110,110,97
1767628238301,4,200,true,110,110,4
1767628238302,3,200,true,110,110,3
1767628238302,4,200,true,110,110,4
1767628238303,3,200,true,110,110,3
1767628238306,1,200,true,110,110,1
1767628238204,103,200,true,110,110,103
1767628238204,105,200,true,110,110,104
1767628238202,107,200,true,110,110,107
1767628238212,98,200,true,110,110,98
1767628238203,107,200,true,110,110,107
1767628238200,111,200,true,110,110,108
1767628238209,102,200,true,110,110,102
1767628238209,103,200,true,110,110,103
1767628238208,106,200,true,110,110,106
1767628238310,5,200,true,110,110,5
1767628238223,92,200,true,110,110,92
1767628238229,86,200,true,110,110,86
1767628238236,81,200,true,110,110,81
1767628238236,81,200,true,110,110,81
1767628238231,87,200,true,110,110,87
1767628238223,96,200,true,110,110,96
1767628238218,101,200,true,110,110,101
1767628238240,80,200,true,110,110,80
1767628238232,88,200,true,110,110,88
1767628238241,80,200,true,110,110,80
1767628238319,2,200,true,110,110,1
1767628238218,103,200,true,110,110,103
1767628238217,105,200,true,110,110,105
1767628238223,101,200,true,110,110,101
1767628238245,80,200,true,110,110,80
1767628238244,82,200,true,110,110,82
1767628238244,82,200,true,110,110,82
1767628238245,82,200,true,110,110,80
1767628238243,84,200,true,110,110,84
1767628238243,84,200,true,110,110,84
1767628238243,84,200,true,110,110,81
1767628238320,8,200,true,110,110,8
1767628238242,86,200,true,110,110,81
1767628238321,8,200,true,110,110,8
1767628238246,84,200,true,110,110,84
1767628238327,3,200,true,110,110,3
1767628238328,4,200,true,110,110,3
1767628238254,81,200,true,110,110,81
1767628238217,118,200,true,110,110,114
1767628238248,87,200,true,110,110,87
1767628238248,87,200,true,110,110,87
1767628238247,88,200,true,110,110,88
1767628238260,76,200,true,110,110,76
1767628238255,81,200,true,110,110,81
1767628238256,80,200,true,110,110,80
1767628238256,80,200,true,110,110,80
1767628238188,148,200,true,110,110,147
1767628238330,7,200,true,110,110,7
1767628238190,147,200,true,110,110,147
1767628238266,77,200,true,110,110,77
1767628238259,84,200,true,110,110,84
1767628238269,74,200,true,110,110,74
1767628238261,82,200,true,110,110,82
1767628238261,82,200,true,110,110,81
1767628238266,77,200,true,110,110,77
1767628238266,77,200,true,110,110,76
1767628238343,1,200,true,110,110,1
1767628238343,1,200,true,110,110,1
1767628238343,2,200,true,110,110,2
1767628238343,2,200,true,110,110,2
1767628238343,3,200,true,110,110,3
1767628238343,3,200,true,110,110,3
1767628238343,4,200,true,110,110,4
1767628238262,86,200,true,110,110,80
1767628238261,87,200,true,110,110,87
1767628238344,4,200,true,110,110,4
1767628238347,2,200,true,110,110,2
1767628238348,1,200,true,110,110,1
1767628238348,2,200,true,110,110,2
1767628238348,2,200,true,110,110,2
1767628238349,1,200,true,110,110,1
1767628238349,2,200,true,110,110,2
1767628238272,79,200,true,110,110,79
1767628238350,2,200,true,110,110,2
1767628238351,1,200,true,110,110,1
1767628238351,1,200,true,110,110,1
1767628238351,2,200,true,110,110,2
1767628238352,1,200,true,110,110,1
1767628238352,2,200,true,110,110,2
1767628238352,2,200,true,110,110,2
1767628238353,1,200,true,110,110,1
1767628238272,83,200,true,110,110,83
1767628238354,2,200,true,110,110,2
1767628238354,2,200,true,110,110,2
1767628238355,1,200,true,110,110,1
1767628238355,2,200,true,110,110,2
1767628238356,1,200,true,110,110,1
1767628238356,2,200,true,110,110,2
1767628238356,2,200,true,110,110,2
1767628238357,2,200,true,110,110,2
1767628238272,87,200,true,110,110,87
1767628238353,7,200,true,110,110,7
1767628238210,150,200,true,110,110,150
1767628238273,89,200,true,110,110,89
1767628238274,88,200,true,110,110,88
1767628238362,1,200,true,110,110,1
1767628238274,89,200,true,110,110,89
1767628238274,89,200,true,110,110,89
1767628238273,91,200,true,110,110,91
1767628238363,1,200,true,110,110,1
1767628238363,2,200,true,110,110,2
1767628238363,2,200,true,110,110,2
1767628238364,1,200,true,110,110,1
1767628238364,2,200,true,110,110,2
1767628238365,1,200,true,110,110,1
1767628238365,2,200,true,110,110,2
1767628238273,94,200,true,110,110,94
1767628238366,3,200,true,110,110,2
1767628238275,95,200,true,110,110,95
1767628238367,5,200,true,110,110,5
1767628238367,5,200,true,110,110,5
1767628238369,3,200,true,110,110,3
1767628238370,3,200,true,110,110,3
1767628238372,1,200,true,110,110,1
1767628238372,2,200,true,110,110,2
1767628238373,1,200,true,110,110,1
1767628238373,2,200,true,110,110,2
1767628238276,99,200,true,110,110,99
1767628238374,2,200,true,110,110,2
1767628238374,2,200,true,110,110,2
1767628238374,3,200,true,110,110,3
1767628238375,2,200,true,110,110,2
1767628238376,1,200,true,110,110,1
1767628238376,2,200,true,110,110,2
1767628238377,1,200,true,110,110,1
1767628238377,2,200,true,110,110,2
1767628238276,103,200,true,110,110,103
1767628238378,2,200,true,110,110,2
1767628238378,2,200,true,110,110,2
1767628238378,2,200,true,110,110,2
1767628238379,2,200,true,110,110,2
1767628238380,1,200,true,110,110,1
1767628238380,2,200,true,110,110,2
1767628238380,2,200,true,110,110,2
1767628238381,2,200,true,110,110,2
1767628238276,107,200,true,110,110,107
1767628238277,106,200,true,110,110,106
1767628238277,107,200,true,110,110,107
1767628238213,172,200,true,110,110,172
1767628238281,107,200,true,110,110,107
1767628238283,105,200,true,110,110,105
1767628238284,104,200,true,110,110,104
1767628238283,105,200,true,110,110,105
1767628238284,105,200,true,110,110,105
1767628238284,105,200,true,110,110,104
1767628238280,109,200,true,110,110,109
1767628238278,111,200,true,110,110,111
1767628238388,2,200,true,110,110,2
1767628238288,104,200,true,110,110,104
1767628238389,4,200,true,110,110,4
1767628238389,4,200,true,110,110,4
1767628238389,5,200,true,110,110,5
1767628238391,3,200,true,110,110,3
1767628238393,2,200,true,110,110,2
1767628238289,107,200,true,110,110,106
1767628238280,117,200,true,110,110,111
1767628238291,107,200,true,110,110,107
1767628238213,185,200,true,110,110,185
1767628238197,201,200,true,110,110,201
1767628238201,197,200,true,110,110,197
1767628238292,106,200,true,110,110,106
1767628238292,106,200,true,110,110,106
1767628238204,195,200,true,110,110,195
1767628238296,103,200,true,110,110,103
1767628238297,102,200,true,110,110,102
1767628238299,100,200,true,110,110,100
1767628238300,100,200,true,110,110,100
1767628238300,100,200,true,110,110,100
1767628238300,100,200,true,110,110,100
1767628238301,99,200,true,110,110,99
1767628238298,103,200,true,110,110,103
1767628238304,97,200,true,110,110,97
1767628238304,97,200,true,110,110,97
1767628238305,96,200,true,110,110,96
1767628238305,96,200,true,110,110,96
1767628238306,96,200,true,110,110,96
1767628238307,95,200,true,110,110,95
1767628238307,95,200,true,110,110,95
1767628238309,93,200,true,110,110,93
1767628238295,107,200,true,110,110,107
1767628238309,94,200,true,110,110,94
1767628238202,201,200,true,110,110,201
1767628238310,98,200,true,110,110,98
1767628238311,98,200,true,110,110,98
1767628238311,99,200,true,110,110,99
1767628238399,13,200,true,110,110,13
1767628238314,99,200,true,110,110,99
1767628238312,101,200,true,110,110,101
1767628238315,98,200,true,110,110,98
1767628238315,101,200,true,110,110,101
1767628238319,97,200,true,110,110,97
1767628238318,99,200,true,110,110,99
1767628238317,100,200,true,110,110,100
1767628238317,100,200,true,110,110,99
1767628238320,98,200,true,110,110,98
1767628238321,97,200,true,110,110,97
1767628238417,2,200,true,110,110,2
1767628238418,1,200,true,110,110,1
1767628238315,105,200,true,110,110,100
1767628238321,100,200,true,110,110,100
1767628238326,95,200,true,110,110,95
1767628238324,97,200,true,110,110,97
1767628238327,96,200,true,110,110,96
1767628238326,97,200,true,110,110,97
1767628238327,97,200,true,110,110,95
1767628238329,95,200,true,110,110,94
1767628238254,170,200,true,110,110,170
1767628238328,96,200,true,110,110,95
1767628238327,97,200,true,110,110,97
1767628238326,98,200,true,110,110,97
1767628238332,94,200,true,110,110,94
1767628238254,172,200,true,110,110,172
1767628238337,91,200,true,110,110,91
1767628238330,99,200,true,110,110,99
1767628238335,94,200,true,110,110,94
1767628238419,11,200,true,110,110,11
1767628238421,9,200,true,110,110,9
1767628238338,93,200,true,110,110,93
1767628238335,96,200,true,110,110,96
1767628238424,8,200,true,110,110,8
1767628238336,98,200,true,110,110,98
1767628238335,101,200,true,110,110,101
1767628238336,100,200,true,110,110,100
1767628238335,101,200,true,110,110,101
1767628238436,1,200,true,110,110,1
1767628238436,1,200,true,110,110,1
1767628238436,2,200,true,110,110,2
1767628238437,1,200,true,110,110,1
1767628238437,1,200,true,110,110,1
1767628238438,1,200,true,110,110,1
1767628238439,1,200,true,110,110,1
1767628238439,1,200,true,110,110,1
1767628238440,1,200,true,110,110,1
1767628238440,1,200,true,110,110,1
1767628238441,0,200,true,110,110,0
1767628238441,1,200,true,110,110,1
1767628238441,1,200,true,110,110,1
1767628238442,1,200,true,110,110,1
1767628238336,109,200,true,110,110,108
1767628238336,109,200,true,110,110,108
1767628238345,100,200,true,110,110,100
1767628238344,101,200,true,110,110,101
1767628238346,99,200,true,110,110,99
1767628238345,101,200,true,110,110,101
1767628238335,111,200,true,110,110,111
1767628238438,9,200,true,110,110,1
1767628238445,2,200,true,110,110,2
1767628238346,103,200,true,110,110,103
1767628238358,91,200,true,110,110,91
1767628238445,4,200,true,110,110,4
1767628238357,93,200,true,110,110,93
1767628238360,90,200,true,110,110,90
1767628238360,90,200,true,110,110,90
1767628238359,91,200,true,110,110,91
1767628238359,92,200,true,110,110,92
1767628238366,85,200,true,110,110,85
1767628238277,174,200,true,110,110,174
1767628238362,89,200,true,110,110,89
1767628238274,178,200,true,110,110,177
1767628238350,102,200,true,110,110,102
1767628238365,87,200,true,110,110,87
1767628238382,71,200,true,110,110,70
1767628238385,68,200,true,110,110,68
1767628238383,70,200,true,110,110,70
1767628238384,70,200,true,110,110,70
1767628238383,71,200,true,110,110,71
1767628238383,71,200,true,110,110,71
1767628238389,66,200,true,110,110,66
1767628238389,66,200,true,110,110,66
1767628238388,67,200,true,110,110,67
1767628238394,62,200,true,110,110,62
1767628238394,62,200,true,110,110,61
1767628238388,68,200,true,110,110,68
1767628238394,62,200,true,110,110,62
1767628238382,74,200,true,110,110,74
1767628238401,56,200,true,110,110,56
1767628238402,56,200,true,110,110,56
1767628238398,60,200,true,110,110,59
1767628238398,60,200,true,110,110,59
1767628238398,60,200,true,110,110,60
1767628238395,64,200,true,110,110,62
1767628238375,84,200,true,110,110,82
1767628238381,78,200,true,110,110,78
1767628238401,68,200,true,110,110,68
1767628238397,72,200,true,110,110,72
1767628238398,71,200,true,110,110,71
1767628238396,73,200,true,110,110,73
1767628238399,72,200,true,110,110,72
1767628238469,2,200,true,110,110,2
1767628238400,73,200,true,110,110,73
1767628238400,73,200,true,110,110,73
1767628238400,73,200,true,110,110,73
1767628238402,71,200,true,110,110,71
1767628238400,75,200,true,110,110,75
1767628238399,77,200,true,110,110,77
1767628238401,75,200,true,110,110,75
1767628238400,78,200,true,110,110,71
1767628238401,77,200,true,110,110,77
1767628238402,78,200,true,110,110,78
1767628238399,81,200,true,110,110,81
1767628238402,78,200,true,110,110,78
1767628238403,77,200,true,110,110,77
1767628238403,77,200,true,110,110,77
1767628238402,78,200,true,110,110,78
1767628238473,9,200,true,110,110,9
1767628238412,72,200,true,110,110,72
1767628238480,5,200,true,110,110,5
1767628238413,73,200,true,110,110,73
1767628238410,76,200,true,110,110,76
1767628238413,73,200,true,110,110,73
1767628238408,78,200,true,110,110,78
1767628238486,2,200,true,110,110,2
1767628238486,2,200,true,110,110,2
1767628238413,75,200,true,110,110,75
1767628238417,72,200,true,110,110,72
1767628238416,73,200,true,110,110,73
1767628238416,74,200,true,110,110,74
1767628238417,73,200,true,110,110,73
1767628238488,3,200,true,110,110,3
1767628238418,73,200,true,110,110,73
1767628238255,238,200,true,110,110,238
1767628238423,70,200,true,110,110,70
1767628238254,240,200,true,110,110,239
1767628238247,247,200,true,110,110,247
1767628238424,70,200,true,110,110,70
1767628238493,1,200,true,110,110,1
1767628238322,172,200,true,110,110,172
1767628238424,70,200,true,110,110,70
1767628238420,75,200,true,110,110,75
1767628238494,1,200,true,110,110,1
1767628238493,2,200,true,110,110,2
1767628238424,72,200,true,110,110,71
1767628238421,75,200,true,110,110,71
1767628238424,72,200,true,110,110,72
1767628238424,72,200,true,110,110,72
1767628238424,72,200,true,110,110,72
1767628238419,77,200,true,110,110,73
1767628238421,75,200,true,110,110,75
1767628238429,68,200,true,110,110,68
1767628238431,66,200,true,110,110,66
1767628238428,69,200,true,110,110,69
1767628238426,71,200,true,110,110,71
1767628238430,67,200,true,110,110,67
1767628238430,68,200,true,110,110,68
1767628238432,66,200,true,110,110,66
1767628238429,69,200,true,110,110,69
1767628238431,67,200,true,110,110,67
1767628238427,71,200,true,110,110,71
1767628238434,65,200,true,110,110,65
1767628238442,57,200,true,110,110,57
1767628238336,163,200,true,110,110,163
1767628238446,53,200,true,110,110,53
1767628238446,54,200,true,110,110,54
1767628238446,54,200,true,110,110,54
1767628238458,42,200,true,110,110,42
1767628238458,42,200,true,110,110,42
1767628238393,108,200,true,110,110,108
1767628238443,58,200,true,110,110,58
1767628238358,143,200,true,110,110,143
1767628238447,54,200,true,110,110,54
1767628238445,56,200,true,110,110,56
1767628238445,57,200,true,110,110,57
1767628238452,50,200,true,110,110,50
1767628238398,104,200,true,110,110,104
1767628238455,47,200,true,110,110,47
1767628238451,51,200,true,110,110,51
1767628238450,53,200,true,110,110,53
1767628238452,51,200,true,110,110,51
1767628238456,47,200,true,110,110,47
1767628238451,52,200,true,110,110,52
1767628238451,53,200,true,110,110,52
1767628238379,125,200,true,110,110,125
1767628238451,53,200,true,110,110,53
1767628238491,13,200,true,110,110,13
1767628238456,48,200,true,110,110,48
1767628238454,51,200,true,110,110,51
1767628238455,50,200,true,110,110,50
1767628238453,52,200,true,110,110,52
1767628238459,46,200,true,110,110,46
1767628238456,50,200,true,110,110,50
1767628238455,51,200,true,110,110,51
1767628238453,53,200,true,110,110,53
1767628238459,47,200,true,110,110,47
1767628238449,57,200,true,110,110,57
1767628238454,53,200,true,110,110,53
1767628238456,51,200,true,110,110,51
1767628238454,53,200,true,110,110,53
1767628238450,57,200,true,110,110,57
1767628238449,59,200,true,110,110,59
1767628238450,58,200,true,110,110,58
1767628238456,52,200,true,110,110,52
1767628238459,49,200,true,110,110,49
1767628238458,50,200,true,110,110,50
1767628238458,51,200,true,110,110,51
1767628238458,51,200,true,110,110,51
1767628238452,57,200,true,110,110,57
1767628238447,62,200,true,110,110,62
1767628238450,59,200,true,110,110,59
1767628238449,61,200,true,110,110,61
1767628238453,57,200,true,110,110,57
1767628238469,41,200,true,110,110,41
1767628238470,40,200,true,110,110,40
1767628238469,42,200,true,110,110,42
1767628238471,40,200,true,110,110,40
1767628238403,108,200,true,110,110,108
1767628238473,38,200,true,110,110,38
1767628238473,38,200,true,110,110,38
1767628238476,36,200,true,110,110,36
1767628238471,41,200,true,110,110,41
1767628238475,37,200,true,110,110,37
1767628238478,34,200,true,110,110,34
1767628238473,39,200,true,110,110,39
1767628238476,36,200,true,110,110,36
1767628238482,31,200,true,110,110,31
1767628238478,35,200,true,110,110,35
1767628238480,33,200,true,110,110,33
1767628238480,33,200,true,110,110,33
1767628238480,33,200,true,110,110,33
1767628238409,105,200,true,110,110,105
1767628238484,30,200,true,110,110,30
1767628238485,29,200,true,110,110,29
1767628238486,28,200,true,110,110,28
1767628238486,29,200,true,110,110,29
1767628238480,35,200,true,110,110,35
1767628238488,27,200,true,110,110,27
1767628238488,27,200,true,110,110,27
1767628238480,35,200,true,110,110,35
1767628238489,27,200,true,110,110,27
1767628238490,26,200,true,110,110,26
1767628238490,26,200,true,110,110,26
1767628238490,26,200,true,110,110,26
1767628238216,300,200,true,110,110,300
1767628238496,21,200,true,110,110,21
1767628238495,23,200,true,110,110,23
1767628238495,23,200,true,110,110,23
1767628238494,24,200,true,110,110,24
1767628238497,21,200,true,110,110,21
1767628238494,24,200,true,110,110,24
1767628238497,22,200,true,110,110,22
1767628238497,33,200,true,110,110,33
1767628238504,26,200,true,110,110,26
1767628238505,26,200,true,110,110,25
1767628238499,32,200,true,110,110,32
1767628238506,25,200,true,110,110,25
1767628238506,26,200,true,110,110,26
1767628238506,26,200,true,110,110,26
1767628238507,26,200,true,110,110,26
1767628238501,32,200,true,110,110,32
1767628238500,34,200,true,110,110,34
1767628238507,27,200,true,110,110,27
1767628238495,39,200,true,110,110,39
1767628238507,28,200,true,110,110,28
1767628238501,34,200,true,110,110,34
1767628238507,28,200,true,110,110,28
1767628238507,29,200,true,110,110,29
1767628238508,28,200,true,110,110,28
1767628238508,29,200,true,110,110,29
1767628238512,26,200,true,110,110,26
1767628238495,43,200,true,110,110,43
1767628238499,39,200,true,110,110,39
1767628238510,28,200,true,110,110,28
1767628238508,31,200,true,110,110,31
1767628238502,37,200,true,110,110,37
1767628238505,36,200,true,110,110,26
1767628238494,50,200,true,110,110,50
1767628238512,34,200,true,110,110,34
1767628238502,57,200,true,110,110,54
1767628238504,55,200,true,110,110,55
1767628238503,57,200,true,110,110,57
1767628238503,58,200,true,110,110,58
1767628238506,56,200,true,110,110,56
1767628238505,57,200,true,110,110,57
1767628238518,45,200,true,110,110,44
1767628238518,45,200,true,110,110,43
1767628238505,59,200,true,110,110,59
1767628238498,66,200,true,110,110,53
1767628238496,68,200,true,110,110,68
1767628238518,47,200,true,110,110,47
1767628238519,46,200,true,110,110,46
1767628238541,25,200,true,110,110,25
1767628238532,34,200,true,110,110,34
1767628238532,34,200,true,110,110,34
1767628238532,35,200,true,110,110,35
1767628238533,34,200,true,110,110,34
1767628238533,38,200,true,110,110,38
1767628238539,35,200,true,110,110,35
1767628238563,11,200,true,110,110,11
1767628238564,11,200,true,110,110,11
1767628238565,11,200,true,110,110,11
1767628238565,11,200,true,110,110,11
1767628238566,10,200,true,110,110,10
1767628238566,11,200,true,110,110,11
1767628238567,10,200,true,110,110,10
1767628238574,4,200,true,110,110,4
1767628238575,3,200,true,110,110,3
1767628238567,12,200,true,110,110,12
1767628238491,88,200,true,110,110,88
1767628238538,43,200,true,110,110,33
1767628238501,82,200,true,110,110,82
1767628238574,9,200,true,110,110,9
1767628238505,81,200,true,110,110,81
1767628238508,78,200,true,110,110,78
1767628238501,85,200,true,110,110,85
1767628238500,87,200,true,110,110,87
1767628238496,91,200,true,110,110,91
1767628238586,1,200,true,110,110,1
1767628238509,79,200,true,110,110,79
1767628238511,77,200,true,110,110,77
1767628238508,80,200,true,110,110,80
1767628238494,94,200,true,110,110,94
1767628238496,93,200,true,110,110,93
1767628238502,87,200,true,110,110,87
1767628238503,86,200,true,110,110,86
1767628238498,91,200,true,110,110,91
1767628238510,82,200,true,110,110,82
1767628238499,97,200,true,110,110,97
1767628238509,87,200,true,110,110,87
1767628238497,99,200,true,110,110,99
1767628238510,86,200,true,110,110,86
1767628238502,94,200,true,110,110,94
1767628238497,99,200,true,110,110,99
1767628238496,100,200,true,110,110,100
1767628238502,95,200,true,110,110,93
1767628238496,101,200,true,110,110,98
1767628238510,87,200,true,110,110,86
1767628238512,85,200,true,110,110,83
1767628238589,8,200,true,110,110,8
1767628238498,101,200,true,110,110,101
1767628238499,100,200,true,110,110,100
1767628238512,87,200,true,110,110,87
1767628238501,98,200,true,110,110,98
1767628238498,101,200,true,110,110,101
1767628238500,99,200,true,110,110,99
1767628238509,90,200,true,110,110,90
1767628238512,87,200,true,110,110,86
1767628238496,104,200,true,110,110,102
1767628238511,89,200,true,110,110,88
1767628238509,91,200,true,110,110,89
1767628238504,96,200,true,110,110,96
1767628238510,91,200,true,110,110,91
1767628238511,90,200,true,110,110,90
1767628238503,98,200,true,110,110,97
1767628238498,103,200,true,110,110,103
1767628238511,90,200,true,110,110,90
1767628238511,90,200,true,110,110,90
1767628238516,86,200,true,110,110,86
1767628238517,85,200,true,110,110,85
1767628238516,86,200,true,110,110,86
1767628238516,86,200,true,110,110,86
1767628238516,87,200,true,110,110,87
1767628238513,90,200,true,110,110,90
1767628238514,89,200,true,110,110,89
1767628238504,99,200,true,110,110,99
1767628238514,92,200,true,110,110,92
1767628238603,4,200,true,110,110,4
1767628238513,94,200,true,110,110,94
1767628238513,94,200,true,110,110,94
1767628238513,94,200,true,110,110,94
1767628238514,94,200,true,110,110,94
1767628238513,95,200,true,110,110,95
1767628238513,95,200,true,110,110,95
1767628238515,93,200,true,110,110,93
1767628238515,94,200,true,110,110,94
1767628238515,94,200,true,110,110,94
1767628238515,94,200,true,110,110,94
1767628238514,95,200,true,110,110,95
1767628238515,95,200,true,110,110,95
1767628238517,93,200,true,110,110,93
1767628238597,13,200,true,110,110,13
1767628238530,84,200,true,110,110,84
1767628238600,15,200,true,110,110,15
1767628238597,21,200,true,110,110,21
1767628238601,17,200,true,110,110,17
1767628238596,23,200,true,110,110,23
1767628238518,104,200,true,110,110,104
1767628238596,26,200,true,110,110,26
1767628238518,109,200,true,110,110,109
1767628238627,1,200,true,110,110,1
1767628238535,94,200,true,110,110,94
1767628238629,1,200,true,110,110,1
1767628238544,86,200,true,110,110,85
1767628238531,99,200,true,110,110,99
1767628238531,99,200,true,110,110,99
1767628238539,91,200,true,110,110,90
1767628238530,100,200,true,110,110,100
1767628238630,1,200,true,110,110,1
1767628238630,1,200,true,110,110,1
1767628238630,2,200,true,110,110,2
1767628238630,2,200,true,110,110,2
1767628238630,3,200,true,110,110,3
1767628238631,2,200,true,110,110,2
1767628238631,3,200,true,110,110,3
1767628238631,3,200,true,110,110,3
1767628238632,2,200,true,110,110,2
1767628238632,3,200,true,110,110,3
1767628238608,28,200,true,110,110,28
1767628238634,3,200,true,110,110,3
1767628238534,103,200,true,110,110,103
1767628238534,103,200,true,110,110,103
1767628238535,104,200,true,110,110,104
1767628238536,104,200,true,110,110,104
1767628238538,103,200,true,110,110,103
1767628238538,104,200,true,110,110,104
1767628238538,104,200,true,110,110,104
1767628238562,82,200,true,110,110,82
1767628238560,84,200,true,110,110,84
1767628238536,109,200,true,110,110,109
1767628238562,83,200,true,110,110,82
1767628238537,108,200,true,110,110,108
1767628238560,85,200,true,110,110,84
1767628238546,100,200,true,110,110,99
1767628238561,85,200,true,110,110,84
1767628238642,5,200,true,110,110,5
1767628238563,84,200,true,110,110,84
1767628238644,5,200,true,110,110,5
1767628238646,3,200,true,110,110,3
1767628238642,7,200,true,110,110,7
1767628238536,113,200,true,110,110,113
1767628238565,85,200,true,110,110,84
1767628238576,75,200,true,110,110,74
1767628238577,74,200,true,110,110,73
1767628238576,75,200,true,110,110,74
1767628238577,74,200,true,110,110,74
1767628238564,88,200,true,110,110,88
1767628238577,76,200,true,110,110,76
1767628238578,75,200,true,110,110,75
1767628238578,75,200,true,110,110,75
1767628238651,3,200,true,110,110,3
1767628238652,2,200,true,110,110,2
1767628238650,4,200,true,110,110,4
1767628238579,76,200,true,110,110,76
1767628238582,74,200,true,110,110,74
1767628238583,73,200,true,110,110,73
1767628238579,77,200,true,110,110,77
1767628238588,69,200,true,110,110,69
1767628238589,68,200,true,110,110,67
1767628238589,68,200,true,110,110,67
1767628238583,74,200,true,110,110,74
1767628238586,72,200,true,110,110,72
1767628238653,5,200,true,110,110,5
1767628238589,72,200,true,110,110,72
1767628238589,72,200,true,110,110,72
1767628238602,61,200,true,110,110,61
1767628238601,62,200,true,110,110,62
1767628238656,8,200,true,110,110,8
1767628238654,10,200,true,110,110,10
1767628238657,8,200,true,110,110,8
1767628238657,8,200,true,110,110,8
1767628238646,20,200,true,110,110,20
1767628238653,13,200,true,110,110,13
1767628238645,22,200,true,110,110,22
1767628238588,79,200,true,110,110,79
1767628238603,64,200,true,110,110,64
1767628238602,66,200,true,110,110,66
1767628238588,80,200,true,110,110,80
1767628238600,68,200,true,110,110,68
1767628238587,82,200,true,110,110,82
1767628238603,66,200,true,110,110,66
1767628238586,83,200,true,110,110,83
1767628238602,67,200,true,110,110,59
1767628238601,69,200,true,110,110,61
1767628238500,170,200,true,110,110,161
1767628238602,68,200,true,110,110,68
1767628238587,84,200,true,110,110,73
1767628238588,83,200,true,110,110,83
1767628238647,24,200,true,110,110,12
1767628238596,81,200,true,110,110,81
1767628238597,80,200,true,110,110,80
1767628238596,81,200,true,110,110,81
1767628238677,1,200,true,110,110,1
1767628238677,1,200,true,110,110,1
1767628238677,2,200,true,110,110,2
1767628238600,82,200,true,110,110,82
1767628238597,85,200,true,110,110,85
1767628238592,90,200,true,110,110,90
1767628238596,86,200,true,110,110,86
1767628238601,81,200,true,110,110,81
1767628238596,86,200,true,110,110,84
1767628238597,85,200,true,110,110,85
1767628238601,81,200,true,110,110,80
1767628238600,82,200,true,110,110,81
1767628238601,81,200,true,110,110,80
1767628238599,83,200,true,110,110,83
1767628238603,79,200,true,110,110,79
1767628238599,84,200,true,110,110,84
1767628238599,84,200,true,110,110,84
1767628238599,85,200,true,110,110,85
1767628238600,84,200,true,110,110,84
1767628238599,85,200,true,110,110,85
1767628238610,76,200,true,110,110,76
1767628238607,79,200,true,110,110,79
1767628238606,80,200,true,110,110,79
1767628238607,80,200,true,110,110,80
1767628238607,80,200,true,110,110,79
1767628238607,80,200,true,110,110,79
1767628238608,79,200,true,110,110,78
1767628238608,79,200,true,110,110,79
1767628238610,77,200,true,110,110,76
1767628238609,80,200,true,110,110,80
1767628238608,82,200,true,110,110,82
1767628238609,82,200,true,110,110,81
1767628238609,82,200,true,110,110,81
1767628238609,82,200,true,110,110,81
1767628238686,5,200,true,110,110,5
1767628238596,95,200,true,110,110,95
1767628238599,92,200,true,110,110,92
1767628238600,91,200,true,110,110,91
1767628238610,81,200,true,110,110,81
1767628238622,70,200,true,110,110,70
1767628238614,78,200,true,110,110,78
1767628238615,77,200,true,110,110,77
1767628238618,74,200,true,110,110,74
1767628238618,74,200,true,110,110,74
1767628238619,74,200,true,110,110,74
1767628238622,71,200,true,110,110,71
1767628238560,133,200,true,110,110,133
1767628238628,65,200,true,110,110,65
1767628238633,61,200,true,110,110,61
1767628238634,60,200,true,110,110,60
1767628238634,60,200,true,110,110,60
1767628238654,40,200,true,110,110,40
1767628238637,58,200,true,110,110,57
1767628238635,60,200,true,110,110,60
1767628238534,161,200,true,110,110,161
1767628238637,58,200,true,110,110,58
1767628238637,58,200,true,110,110,58
1767628238640,56,200,true,110,110,56
1767628238640,56,200,true,110,110,56
1767628238645,51,200,true,110,110,51
1767628238645,52,200,true,110,110,51
1767628238644,53,200,true,110,110,53
1767628238645,52,200,true,110,110,51
1767628238567,130,200,true,110,110,130
1767628238642,55,200,true,110,110,55
1767628238657,41,200,true,110,110,41
1767628238654,44,200,true,110,110,44
1767628238651,48,200,true,110,110,48
1767628238653,46,200,true,110,110,46
1767628238655,44,200,true,110,110,44
1767628238651,48,200,true,110,110,46
1767628238649,50,200,true,110,110,50
1767628238649,50,200,true,110,110,49
1767628238651,48,200,true,110,110,47
1767628238656,43,200,true,110,110,43
1767628238647,53,200,true,110,110,53
1767628238679,21,200,true,110,110,21
1767628238691,9,200,true,110,110,9
1767628238692,9,200,true,110,110,9
1767628238692,9,200,true,110,110,9
1767628238693,8,200,true,110,110,8
1767628238699,3,200,true,110,110,3
1767628238699,3,200,true,110,110,3
1767628238699,4,200,true,110,110,4
1767628238695,11,200,true,110,110,11
1767628238697,9,200,true,110,110,9
1767628238694,13,200,true,110,110,10
1767628238656,52,200,true,110,110,52
1767628238657,52,200,true,110,110,52
1767628238649,61,200,true,110,110,61
1767628238658,52,200,true,110,110,51
1767628238649,61,200,true,110,110,61
1767628238682,31,200,true,110,110,31
1767628238682,32,200,true,110,110,32
1767628238682,32,200,true,110,110,32
1767628238658,57,200,true,110,110,57
1767628238661,55,200,true,110,110,55
1767628238682,35,200,true,110,110,34
1767628238663,58,200,true,110,110,58
1767628238692,31,200,true,110,110,31
1767628238665,59,200,true,110,110,59
1767628238682,43,200,true,110,110,43
1767628238665,64,200,true,110,110,64
1767628238713,17,200,true,110,110,17
1767628238666,65,200,true,110,110,65
1767628238667,64,200,true,110,110,64
1767628238667,64,200,true,110,110,64
1767628238731,1,200,true,110,110,1
1767628238731,1,200,true,110,110,1
1767628238731,2,200,true,110,110,2
1767628238732,1,200,true,110,110,1
1767628238732,1,200,true,110,110,1
1767628238733,1,200,true,110,110,1
1767628238733,1,200,true,110,110,1
1767628238733,2,200,true,110,110,2
1767628238734,1,200,true,110,110,1
1767628238734,2,200,true,110,110,2
1767628238735,1,200,true,110,110,1
1767628238735,1,200,true,110,110,1
1767628238736,1,200,true,110,110,1
1767628238736,1,200,true,110,110,1
1767628238737,1,200,true,110,110,1
1767628238737,1,200,true,110,110,1
1767628238737,2,200,true,110,110,2
1767628238738,3,200,true,110,110,3
1767628238670,73,200,true,110,110,73
1767628238671,72,200,true,110,110,72
1767628238668,75,200,true,110,110,75
1767628238671,73,200,true,110,110,73
1767628238669,75,200,true,110,110,75
1767628238670,75,200,true,110,110,75
1767628238668,77,200,true,110,110,77
1767628238669,76,200,true,110,110,76
1767628238669,76,200,true,110,110,76
1767628238671,75,200,true,110,110,75
1767628238670,76,200,true,110,110,76
1767628238663,83,200,true,110,110,83
1767628238668,79,200,true,110,110,79
1767628238670,78,200,true,110,110,78
1767628238687,64,200,true,110,110,64
1767628238687,65,200,true,110,110,64
1767628238687,65,200,true,110,110,64
1767628238678,74,200,true,110,110,73
1767628238571,181,200,true,110,110,181
1767628238636,119,200,true,110,110,119
1767628238633,122,200,true,110,110,122
1767628238693,63,200,true,110,110,63
1767628238695,61,200,true,110,110,61
1767628238694,63,200,true,110,110,63
1767628238699,59,200,true,110,110,59
1767628238697,61,200,true,110,110,61
1767628238698,61,200,true,110,110,61
1767628238698,61,200,true,110,110,61
1767628238696,64,200,true,110,110,64
1767628238682,79,200,true,110,110,78
1767628238682,80,200,true,110,110,80
1767628238758,4,200,true,110,110,4
1767628238759,4,200,true,110,110,4
1767628238757,6,200,true,110,110,6
1767628238759,4,200,true,110,110,4
1767628238758,5,200,true,110,110,5
1767628238761,3,200,true,110,110,3
1767628238762,2,200,true,110,110,2
1767628238696,68,200,true,110,110,68
1767628238699,66,200,true,110,110,62
1767628238682,83,200,true,110,110,83
1767628238760,5,200,true,110,110,5
1767628238682,87,200,true,110,110,86
1767628238682,87,200,true,110,110,87
1767628238699,70,200,true,110,110,70
1767628238695,75,200,true,110,110,75
1767628238696,74,200,true,110,110,74
1767628238697,74,200,true,110,110,73
1767628238694,77,200,true,110,110,75
1767628238697,75,200,true,110,110,75
1767628238695,77,200,true,110,110,77
1767628238699,73,200,true,110,110,73
1767628238692,80,200,true,110,110,80
1767628238699,73,200,true,110,110,73
1767628238687,86,200,true,110,110,86
1767628238695,78,200,true,110,110,78
1767628238697,76,200,true,110,110,74
1767628238769,4,200,true,110,110,4
1767628238771,2,200,true,110,110,2
1767628238692,82,200,true,110,110,82
1767628238687,91,200,true,110,110,91
1767628238683,95,200,true,110,110,95
1767628238683,96,200,true,110,110,96
1767628238778,2,200,true,110,110,2
1767628238684,96,200,true,110,110,96
1767628238780,1,200,true,110,110,1
1767628238781,0,200,true,110,110,0
1767628238781,1,200,true,110,110,1
1767628238781,1,200,true,110,110,1
1767628238782,1,200,true,110,110,1
1767628238779,5,200,true,110,110,5
1767628238689,95,200,true,110,110,95
1767628238693,92,200,true,110,110,92
1767628238684,102,200,true,110,110,102
1767628238682,105,200,true,110,110,104
1767628238691,96,200,true,110,110,96
1767628238691,97,200,true,110,110,97
1767628238684,104,200,true,110,110,104
1767628238691,97,200,true,110,110,95
1767628238687,101,200,true,110,110,101
1767628238691,98,200,true,110,110,98
1767628238787,2,200,true,110,110,2
1767628238693,98,200,true,110,110,98
1767628238693,100,200,true,110,110,100
1767628238691,102,200,true,110,110,102
1767628238691,103,200,true,110,110,103
1767628238701,93,200,true,110,110,93
1767628238691,103,200,true,110,110,103
1767628238701,93,200,true,110,110,93
1767628238702,92,200,true,110,110,92
1767628238702,93,200,true,110,110,93
1767628238710,85,200,true,110,110,85
1767628238664,131,200,true,110,110,131
1767628238664,132,200,true,110,110,132
1767628238714,82,200,true,110,110,82
1767628238700,96,200,true,110,110,95
1767628238706,90,200,true,110,110,90
1767628238706,90,200,true,110,110,90
1767628238721,76,200,true,110,110,75
1767628238725,72,200,true,110,110,72
1767628238703,94,200,true,110,110,94
1767628238716,81,200,true,110,110,81
1767628238717,80,200,true,110,110,80
1767628238700,98,200,true,110,110,98
1767628238723,78,200,true,110,110,78
1767628238796,5,200,true,110,110,5
1767628238793,11,200,true,110,110,11
1767628238797,7,200,true,110,110,7
1767628238801,4,200,true,110,110,4
1767628238715,90,200,true,110,110,90
1767628238725,80,200,true,110,110,80
1767628238666,144,200,true,110,110,144
1767628238700,110,200,true,110,110,110
1767628238739,71,200,true,110,110,71
1767628238741,70,200,true,110,110,70
1767628238738,73,200,true,110,110,73
1767628238730,81,200,true,110,110,81
1767628238714,97,200,true,110,110,95
1767628238710,101,200,true,110,110,101
1767628238707,104,200,true,110,110,101
1767628238708,103,200,true,110,110,103
1767628238702,110,200,true,110,110,110
1767628238730,82,200,true,110,110,80
1767628238709,103,200,true,110,110,102
1767628238801,11,200,true,110,110,11
1767628238810,2,200,true,110,110,2
1767628238812,2,200,true,110,110,2
1767628238743,73,200,true,110,110,72
1767628238667,155,200,true,110,110,154
1767628238686,137,200,true,110,110,137
1767628238746,77,200,true,110,110,77
1767628238746,77,200,true,110,110,77
1767628238746,77,200,true,110,110,77
1767628238823,1,200,true,110,110,1
1767628238678,146,200,true,110,110,146
1767628238662,163,200,true,110,110,163
1767628238753,74,200,true,110,110,74
1767628238748,79,200,true,110,110,79
1767628238747,81,200,true,110,110,81
1767628238824,4,200,true,110,110,4
1767628238752,77,200,true,110,110,76
1767628238756,75,200,true,110,110,75
1767628238755,78,200,true,110,110,78
1767628238756,79,200,true,110,110,78
1767628238829,6,200,true,110,110,6
1767628238835,3,200,true,110,110,3
1767628238763,76,200,true,110,110,76
1767628238763,76,200,true,110,110,76
1767628238765,74,200,true,110,110,74
1767628238763,76,200,true,110,110,76
1767628238764,76,200,true,110,110,75
1767628238762,78,200,true,110,110,78
1767628238764,76,200,true,110,110,76
1767628238765,76,200,true,110,110,76
1767628238764,77,200,true,110,110,77
1767628238765,76,200,true,110,110,76
1767628238687,154,200,true,110,110,154
1767628238694,148,200,true,110,110,148
1767628238769,73,200,true,110,110,73
1767628238769,73,200,true,110,110,73
1767628238773,69,200,true,110,110,69
1767628238772,70,200,true,110,110,70
1767628238770,73,200,true,110,110,72
1767628238774,69,200,true,110,110,69
1767628238770,73,200,true,110,110,73
1767628238771,72,200,true,110,110,72
1767628238773,71,200,true,110,110,71
1767628238772,72,200,true,110,110,72
1767628238774,70,200,true,110,110,70
1767628238773,71,200,true,110,110,71
1767628238772,72,200,true,110,110,72
1767628238773,72,200,true,110,110,72
1767628238772,73,200,true,110,110,73
1767628238772,73,200,true,110,110,73
1767628238778,67,200,true,110,110,67
1767628238840,6,200,true,110,110,6
1767628238782,64,200,true,110,110,64
1767628238784,62,200,true,110,110,62
1767628238783,63,200,true,110,110,63
1767628238784,63,200,true,110,110,63
1767628238785,62,200,true,110,110,62
1767628238682,165,200,true,110,110,165
1767628238786,61,200,true,110,110,61
1767628238787,60,200,true,110,110,60
1767628238788,60,200,true,110,110,60
1767628238789,59,200,true,110,110,59
1767628238788,60,200,true,110,110,60
1767628238788,60,200,true,110,110,60
1767628238788,61,200,true,110,110,61
1767628238789,60,200,true,110,110,60
1767628238798,51,200,true,110,110,51
1767628238794,55,200,true,110,110,55
1767628238794,55,200,true,110,110,55
1767628238794,56,200,true,110,110,56
1767628238795,55,200,true,110,110,55
1767628238839,11,200,true,110,110,11
1767628238797,53,200,true,110,110,53
1767628238795,55,200,true,110,110,55
1767628238796,55,200,true,110,110,55
1767628238796,55,200,true,110,110,55
1767628238797,54,200,true,110,110,54
1767628238796,56,200,true,110,110,55
1767628238795,57,200,true,110,110,57
1767628238796,56,200,true,110,110,56
1767628238798,54,200,true,110,110,54
1767628238794,58,200,true,110,110,58
1767628238793,60,200,true,110,110,60
1767628238791,62,200,true,110,110,62
1767628238710,143,200,true,110,110,143
1767628238794,59,200,true,110,110,59
1767628238805,48,200,true,110,110,48
1767628238840,14,200,true,110,110,14
1767628238839,17,200,true,110,110,17
1767628238841,15,200,true,110,110,15
1767628238843,13,200,true,110,110,13
1767628238841,15,200,true,110,110,15
1767628238845,12,200,true,110,110,12
1767628238843,14,200,true,110,110,14
1767628238805,52,200,true,110,110,52
1767628238844,14,200,true,110,110,14
1767628238841,17,200,true,110,110,17
1767628238850,12,200,true,110,110,12
1767628238841,21,200,true,110,110,21
1767628238851,11,200,true,110,110,11
1767628238851,14,200,true,110,110,14
1767628238852,14,200,true,110,110,14
1767628238852,16,200,true,110,110,16
1767628238847,22,200,true,110,110,22
1767628238805,67,200,true,110,110,67
1767628238805,67,200,true,110,110,67
1767628238856,21,200,true,110,110,21
1767628238849,28,200,true,110,110,28
1767628238804,74,200,true,110,110,74
1767628238877,1,200,true,110,110,1
1767628238877,2,200,true,110,110,2
1767628238879,1,200,true,110,110,1
1767628238878,2,200,true,110,110,2
1767628238812,69,200,true,110,110,69
1767628238811,71,200,true,110,110,71
1767628238743,139,200,true,110,110,139
1767628238811,71,200,true,110,110,71
1767628238811,71,200,true,110,110,71
1767628238880,4,200,true,110,110,4
1767628238744,141,200,true,110,110,141
1767628238744,141,200,true,110,110,141
1767628238811,74,200,true,110,110,74
1767628238811,75,200,true,110,110,75
1767628238745,142,200,true,110,110,142
1767628238745,142,200,true,110,110,142
1767628238812,75,200,true,110,110,75
1767628238744,143,200,true,110,110,143
1767628238811,76,200,true,110,110,76
1767628238811,77,200,true,110,110,77
1767628238811,77,200,true,110,110,77
1767628238812,76,200,true,110,110,76
1767628238884,4,200,true,110,110,4
1767628238745,143,200,true,110,110,143
1767628238745,143,200,true,110,110,143
1767628238823,66,200,true,110,110,66
1767628238822,67,200,true,110,110,67
1767628238816,73,200,true,110,110,73
1767628238823,66,200,true,110,110,66
1767628238752,138,200,true,110,110,138
1767628238752,138,200,true,110,110,138
1767628238755,135,200,true,110,110,135
1767628238828,62,200,true,110,110,62
1767628238825,65,200,true,110,110,65
1767628238823,68,200,true,110,110,68
1767628238824,67,200,true,110,110,67
1767628238828,63,200,true,110,110,63
1767628238827,64,200,true,110,110,64
1767628238827,65,200,true,110,110,65
1767628238832,60,200,true,110,110,60
1767628238835,57,200,true,110,110,57
1767628238833,59,200,true,110,110,59
1767628238814,79,200,true,110,110,78
1767628238763,130,200,true,110,110,130
1767628238838,55,200,true,110,110,55
1767628238843,50,200,true,110,110,50
1767628238842,51,200,true,110,110,51
1767628238839,54,200,true,110,110,54
1767628238842,52,200,true,110,110,52
1767628238842,52,200,true,110,110,52
1767628238845,49,200,true,110,110,49
1767628238844,50,200,true,110,110,50
1767628238752,142,200,true,110,110,142
1767628238843,52,200,true,110,110,52
1767628238844,51,200,true,110,110,51
1767628238842,53,200,true,110,110,53
1767628238842,53,200,true,110,110,53
1767628238844,51,200,true,110,110,51
1767628238840,56,200,true,110,110,56
1767628238841,55,200,true,110,110,55
1767628238844,52,200,true,110,110,52
1767628238849,47,200,true,110,110,47
1767628238849,47,200,true,110,110,47
1767628238849,48,200,true,110,110,48
1767628238850,47,200,true,110,110,47
1767628238854,43,200,true,110,110,43
1767628238850,47,200,true,110,110,47
1767628238851,46,200,true,110,110,46
1767628238851,47,200,true,110,110,47
1767628238846,52,200,true,110,110,52
1767628238850,48,200,true,110,110,48
1767628238854,44,200,true,110,110,44
1767628238845,53,200,true,110,110,53
1767628238852,47,200,true,110,110,47
1767628238853,46,200,true,110,110,46
1767628238852,47,200,true,110,110,47
1767628238845,54,200,true,110,110,54
1767628238846,54,200,true,110,110,54
1767628238848,52,200,true,110,110,52
1767628238847,53,200,true,110,110,53
1767628238846,54,200,true,110,110,54
1767628238847,53,200,true,110,110,53
1767628238853,48,200,true,110,110,48
1767628238852,49,200,true,110,110,49
1767628238846,55,200,true,110,110,55
1767628238848,53,200,true,110,110,53
1767628238847,54,200,true,110,110,54
1767628238853,49,200,true,110,110,49
1767628238853,49,200,true,110,110,49
1767628238849,53,200,true,110,110,53
1767628238847,55,200,true,110,110,55
1767628238848,54,200,true,110,110,54
1767628238856,47,200,true,110,110,47
1767628238856,47,200,true,110,110,47
1767628238857,46,200,true,110,110,46
1767628238848,55,200,true,110,110,55
1767628238857,46,200,true,110,110,46
1767628238856,48,200,true,110,110,48
1767628238862,42,200,true,110,110,42
1767628238862,42,200,true,110,110,42
1767628238872,32,200,true,110,110,32
1767628238872,32,200,true,110,110,32
1767628238869,36,200,true,110,110,36
1767628238862,43,200,true,110,110,43
1767628238858,47,200,true,110,110,47
1767628238858,47,200,true,110,110,47
1767628238865,41,200,true,110,110,41
1767628238866,40,200,true,110,110,40
1767628238857,49,200,true,110,110,49
1767628238869,37,200,true,110,110,37
1767628238880,27,200,true,110,110,27
1767628238882,25,200,true,110,110,25
1767628238878,29,200,true,110,110,29
1767628238811,96,200,true,110,110,96
1767628238812,95,200,true,110,110,95
1767628238797,111,200,true,110,110,111
1767628238896,12,200,true,110,110,12
1767628238896,13,200,true,110,110,13
1767628238897,12,200,true,110,110,12
1767628238897,13,200,true,110,110,13
1767628238897,13,200,true,110,110,13
1767628238891,19,200,true,110,110,19
1767628238890,21,200,true,110,110,21
1767628238889,23,200,true,110,110,23
1767628238892,21,200,true,110,110,21
1767628238897,17,200,true,110,110,17
1767628238885,30,200,true,110,110,30
1767628238898,18,200,true,110,110,18
1767628238898,18,200,true,110,110,18
1767628238893,29,200,true,110,110,29
1767628238891,34,200,true,110,110,34
1767628238889,37,200,true,110,110,37
1767628238899,28,200,true,110,110,28
1767628238899,29,200,true,110,110,29
1767628238900,28,200,true,110,110,28
1767628238901,36,200,true,110,110,36
1767628238900,37,200,true,110,110,37
1767628238903,37,200,true,110,110,37
1767628238902,39,200,true,110,110,39
1767628238903,39,200,true,110,110,39
1767628238902,41,200,true,110,110,40
1767628238905,38,200,true,110,110,38
1767628238908,36,200,true,110,110,36
1767628238910,34,200,true,110,110,34
1767628238909,36,200,true,110,110,36
1767628238910,38,200,true,110,110,38
1767628238941,8,200,true,110,110,8
1767628238942,8,200,true,110,110,8
1767628238893,59,200,true,110,110,59
1767628238892,62,200,true,110,110,62
1767628238948,6,200,true,110,110,6
1767628238881,74,200,true,110,110,74
1767628238952,3,200,true,110,110,3
1767628238950,6,200,true,110,110,6
1767628238954,3,200,true,110,110,2
1767628238954,4,200,true,110,110,4
1767628238898,60,200,true,110,110,60
1767628238956,2,200,true,110,110,2
1767628238955,4,200,true,110,110,4
1767628238892,67,200,true,110,110,67
1767628238894,66,200,true,110,110,66
1767628238891,69,200,true,110,110,69
1767628238893,67,200,true,110,110,67
1767628238894,66,200,true,110,110,66
1767628238885,76,200,true,110,110,75
1767628238898,63,200,true,110,110,63
1767628238894,67,200,true,110,110,67
1767628238891,70,200,true,110,110,70
1767628238893,68,200,true,110,110,68
1767628238894,68,200,true,110,110,68
1767628238961,3,200,true,110,110,3
1767628238882,83,200,true,110,110,83
1767628238899,66,200,true,110,110,66
1767628238895,70,200,true,110,110,69
1767628238895,70,200,true,110,110,70
1767628238898,67,200,true,110,110,67
1767628238882,84,200,true,110,110,84
1767628238888,78,200,true,110,110,78
1767628238887,79,200,true,110,110,79
1767628238882,84,200,true,110,110,84
1767628238885,82,200,true,110,110,82
1767628238893,74,200,true,110,110,74
1767628238895,72,200,true,110,110,72
1767628238888,79,200,true,110,110,79
1767628238896,71,200,true,110,110,71
1767628238896,72,200,true,110,110,72
1767628238891,77,200,true,110,110,77
1767628238892,76,200,true,110,110,76
1767628238887,81,200,true,110,110,81
1767628238890,79,200,true,110,110,79
1767628238895,74,200,true,110,110,74
1767628238888,81,200,true,110,110,81
1767628238887,82,200,true,110,110,82
1767628238889,80,200,true,110,110,80
1767628238893,77,200,true,110,110,77
1767628238888,82,200,true,110,110,79
1767628238889,82,200,true,110,110,82
1767628238886,86,200,true,110,110,86
1767628238899,73,200,true,110,110,73
1767628238895,77,200,true,110,110,77
1767628238896,76,200,true,110,110,76
1767628238961,14,200,true,110,110,14
1767628238901,74,200,true,110,110,74
1767628238970,8,200,true,110,110,8
1767628238901,77,200,true,110,110,77
1767628238969,10,200,true,110,110,10
1767628238967,15,200,true,110,110,15
1767628238969,13,200,true,110,110,13
1767628238968,14,200,true,110,110,14
1767628238902,82,200,true,110,110,82
1767628238968,18,200,true,110,110,18
1767628238979,7,200,true,110,110,7
1767628238888,98,200,true,110,110,98
1767628238902,84,200,true,110,110,84
1767628238902,85,200,true,110,110,85
1767628238907,80,200,true,110,110,80
1767628238901,86,200,true,110,110,86
1767628238904,83,200,true,110,110,83
1767628238900,88,200,true,110,110,88
1767628238904,84,200,true,110,110,84
1767628238890,98,200,true,110,110,98
1767628238906,82,200,true,110,110,82
1767628238900,89,200,true,110,110,89
1767628238906,83,200,true,110,110,83
1767628238894,95,200,true,110,110,95
1767628238907,82,200,true,110,110,82
1767628238890,99,200,true,110,110,99
1767628238904,86,200,true,110,110,86
1767628238904,86,200,true,110,110,86
1767628238900,90,200,true,110,110,90
1767628238887,103,200,true,110,110,103
1767628238901,89,200,true,110,110,89
1767628238903,88,200,true,110,110,88
1767628238903,88,200,true,110,110,88
1767628238903,88,200,true,110,110,88
1767628238908,83,200,true,110,110,83
1767628238905,87,200,true,110,110,87
1767628238907,85,200,true,110,110,85
1767628238906,87,200,true,110,110,87
1767628238904,95,200,true,110,110,95
1767628238992,7,200,true,110,110,7
1767628238906,93,200,true,110,110,93
1767628238999,1,200,true,110,110,1
1767628238907,93,200,true,110,110,93
1767628238907,93,200,true,110,110,93
1767628238909,91,200,true,110,110,91
1767628238911,89,200,true,110,110,89
1767628238912,89,200,true,110,110,89
1767628238915,86,200,true,110,110,86
1767628238914,87,200,true,110,110,87
1767628238916,85,200,true,110,110,85
1767628238916,86,200,true,110,110,86
1767628238922,80,200,true,110,110,80
1767628238925,77,200,true,110,110,77
1767628238940,62,200,true,110,110,62
1767628238913,89,200,true,110,110,89
1767628238928,78,200,true,110,110,77
1767628238991,15,200,true,110,110,15
1767628238987,19,200,true,110,110,19
1767628239000,7,200,true,110,110,7
1767628239001,8,200,true,110,110,8
1767628238927,83,200,true,110,110,83
1767628238937,73,200,true,110,110,73
1767628238910,100,200,true,110,110,100
1767628238928,82,200,true,110,110,82
1767628238943,68,200,true,110,110,68
1767628238937,74,200,true,110,110,74
1767628238944,67,200,true,110,110,67
1767628238944,67,200,true,110,110,67
1767628238945,66,200,true,110,110,66
1767628238943,69,200,true,110,110,69
1767628238955,58,200,true,110,110,58
1767628239000,13,200,true,110,110,13
1767628239002,12,200,true,110,110,12
1767628239002,12,200,true,110,110,12
1767628239002,13,200,true,110,110,13
1767628239002,13,200,true,110,110,13
1767628238999,17,200,true,110,110,17
1767628239000,16,200,true,110,110,16
1767628238999,17,200,true,110,110,17
1767628239000,17,200,true,110,110,17
1767628238949,68,200,true,110,110,63
1767628239008,10,200,true,110,110,10
1767628238887,131,200,true,110,110,131
1767628239012,7,200,true,110,110,6
1767628239011,10,200,true,110,110,10
1767628239012,12,200,true,110,110,11
1767628239015,9,200,true,110,110,9
1767628239016,9,200,true,110,110,9
1767628239016,10,200,true,110,110,10
1767628239016,11,200,true,110,110,11
1767628239019,8,200,true,110,110,8
1767628239011,17,200,true,110,110,8
1767628239011,17,200,true,110,110,17
1767628238958,72,200,true,110,110,70
1767628238959,71,200,true,110,110,71
1767628238961,69,200,true,110,110,68
1767628238957,73,200,true,110,110,72
1767628238965,70,200,true,110,110,70
1767628238961,74,200,true,110,110,74
1767628238965,70,200,true,110,110,70
1767628238972,64,200,true,110,110,64
1767628238966,70,200,true,110,110,69
1767628238966,70,200,true,110,110,70
1767628238960,76,200,true,110,110,76
1767628238965,71,200,true,110,110,71
1767628238889,147,200,true,110,110,146
1767628238962,74,200,true,110,110,72
1767628238965,71,200,true,110,110,69
1767628238965,72,200,true,110,110,71
1767628238961,76,200,true,110,110,74
1767628238960,77,200,true,110,110,71
1767628238966,71,200,true,110,110,69
1767628238960,77,200,true,110,110,76
1767628238966,71,200,true,110,110,70
1767628238965,72,200,true,110,110,71
1767628238967,71,200,true,110,110,69
1767628238958,80,200,true,110,110,77
1767628238960,80,200,true,110,110,78
1767628238969,74,200,true,110,110,74
1767628238970,74,200,true,110,110,74
1767628238968,78,200,true,110,110,78
1767628238972,74,200,true,110,110,74
1767628238972,74,200,true,110,110,74
1767628238972,74,200,true,110,110,73
1767628238968,78,200,true,110,110,78
1767628238967,79,200,true,110,110,78
1767628238975,71,200,true,110,110,71
1767628238970,76,200,true,110,110,74
1767628238975,71,200,true,110,110,71
1767628238969,78,200,true,110,110,78
1767628239037,11,200,true,110,110,11
1767628238978,73,200,true,110,110,73
1767628238905,146,200,true,110,110,146
1767628238982,70,200,true,110,110,70
1767628239036,16,200,true,110,110,16
1767628238967,86,200,true,110,110,86
1767628239040,13,200,true,110,110,13
1767628239036,18,200,true,110,110,18
1767628239037,18,200,true,110,110,18
1767628238988,69,200,true,110,110,69
1767628238979,78,200,true,110,110,78
1767628238984,74,200,true,110,110,74
1767628238988,70,200,true,110,110,70
1767628238987,72,200,true,110,110,72
1767628238987,72,200,true,110,110,72
1767628239036,24,200,true,110,110,24
1767628239046,15,200,true,110,110,15
1767628238989,75,200,true,110,110,75
1767628238991,73,200,true,110,110,73
1767628238990,75,200,true,110,110,75
1767628238991,74,200,true,110,110,74
1767628238990,76,200,true,110,110,76
1767628238991,75,200,true,110,110,75
1767628238986,80,200,true,110,110,80
1767628238986,81,200,true,110,110,81
1767628238989,78,200,true,110,110,73
1767628238989,78,200,true,110,110,78
1767628239037,30,200,true,110,110,30
1767628238992,75,200,true,110,110,75
1767628238991,77,200,true,110,110,72
1767628239052,16,200,true,110,110,16
1767628239051,17,200,true,110,110,17
1767628239052,17,200,true,110,110,17
1767628238905,164,200,true,110,110,164
1767628239053,17,200,true,110,110,17
1767628239059,11,200,true,110,110,2
1767628239065,6,200,true,110,110,6
1767628239065,6,200,true,110,110,6
1767628238986,89,200,true,110,110,89
1767628239067,8,200,true,110,110,8
1767628239067,9,200,true,110,110,9
1767628239067,9,200,true,110,110,9
1767628239067,9,200,true,110,110,9
1767628239067,10,200,true,110,110,10
1767628239068,9,200,true,110,110,9
1767628239068,10,200,true,110,110,10
1767628239069,9,200,true,110,110,9
1767628239069,9,200,true,110,110,9
1767628239069,10,200,true,110,110,10
1767628238989,90,200,true,110,110,90
1767628239070,10,200,true,110,110,10
1767628239071,9,200,true,110,110,9
1767628239001,79,200,true,110,110,79
1767628239002,78,200,true,110,110,72
1767628238989,91,200,true,110,110,91
1767628239001,79,200,true,110,110,74
1767628239000,80,200,true,110,110,80
1767628238988,92,200,true,110,110,92
1767628238990,90,200,true,110,110,83
1767628238986,94,200,true,110,110,88
1767628238993,87,200,true,110,110,80
1767628238990,90,200,true,110,110,90
1767628238926,155,200,true,110,110,155
1767628238988,93,200,true,110,110,93
1767628239001,80,200,true,110,110,80
1767628239009,72,200,true,110,110,72
1767628239006,76,200,true,110,110,76
1767628238987,95,200,true,110,110,95
1767628239010,72,200,true,110,110,72
1767628239010,72,200,true,110,110,72
1767628239011,72,200,true,110,110,72
1767628239006,77,200,true,110,110,77
1767628239014,69,200,true,110,110,69
1767628239070,13,200,true,110,110,13
1767628239083,1,200,true,110,110,1
1767628239013,71,200,true,110,110,71
1767628239082,2,200,true,110,110,2
1767628239080,5,200,true,110,110,5
1767628239080,5,200,true,110,110,5
1767628239080,6,200,true,110,110,6
1767628239080,6,200,true,110,110,6
1767628239080,7,200,true,110,110,7
1767628239081,6,200,true,110,110,6
1767628239013,82,200,true,110,110,82
1767628239006,89,200,true,110,110,89
1767628239010,85,200,true,110,110,85
1767628239095,1,200,true,110,110,1
1767628239024,73,200,true,110,110,73
1767628239010,87,200,true,110,110,87
1767628239025,72,200,true,110,110,72
1767628239095,3,200,true,110,110,2
1767628239097,2,200,true,110,110,2
1767628239030,70,200,true,110,110,70
1767628238959,142,200,true,110,110,142
1767628239021,80,200,true,110,110,80
1767628239017,84,200,true,110,110,84
1767628239018,83,200,true,110,110,83
1767628239024,78,200,true,110,110,78
1767628239037,65,200,true,110,110,65
1767628239035,67,200,true,110,110,67
1767628239038,64,200,true,110,110,64
1767628239037,66,200,true,110,110,66
1767628239035,68,200,true,110,110,68
1767628239035,68,200,true,110,110,68
1767628238968,135,200,true,110,110,135
1767628239036,68,200,true,110,110,68
1767628239100,4,200,true,110,110,4
1767628239027,83,200,true,110,110,83
1767628239028,82,200,true,110,110,82
1767628239047,63,200,true,110,110,63
1767628239046,64,200,true,110,110,64
1767628238971,139,200,true,110,110,139
1767628239046,65,200,true,110,110,63
1767628239036,75,200,true,110,110,73
1767628239036,75,200,true,110,110,75
1767628239043,69,200,true,110,110,69
1767628239110,2,200,true,110,110,1
1767628239030,83,200,true,110,110,83
1767628239030,83,200,true,110,110,83
1767628239046,69,200,true,110,110,69
1767628239030,86,200,true,110,110,86
1767628239048,69,200,true,110,110,69
1767628239111,6,200,true,110,110,6
1767628239046,73,200,true,110,110,73
1767628239111,8,200,true,110,110,8
1767628239112,8,200,true,110,110,7
1767628239110,11,200,true,110,110,11
1767628239026,98,200,true,110,110,98
1767628239036,88,200,true,110,110,88
1767628239038,86,200,true,110,110,86
1767628239037,87,200,true,110,110,86
1767628239046,78,200,true,110,110,78
1767628239027,97,200,true,110,110,95
1767628238982,142,200,true,110,110,142
1767628239046,78,200,true,110,110,76
1767628239046,79,200,true,110,110,78
1767628239046,79,200,true,110,110,76
1767628239028,97,200,true,110,110,95
1767628239054,72,200,true,110,110,72
1767628239059,67,200,true,110,110,67
1767628239058,68,200,true,110,110,68
1767628239053,73,200,true,110,110,73
1767628239055,71,200,true,110,110,71
1767628239051,75,200,true,110,110,75
1767628238982,144,200,true,110,110,144
1767628239060,67,200,true,110,110,67
1767628239064,70,200,true,110,110,70
1767628239057,77,200,true,110,110,77
1767628239121,14,200,true,110,110,13
1767628239125,10,200,true,110,110,10
1767628239124,12,200,true,110,110,12
1767628239124,12,200,true,110,110,12
1767628239124,13,200,true,110,110,13
1767628239125,12,200,true,110,110,12
1767628239066,71,200,true,110,110,71
1767628239119,19,200,true,110,110,19
1767628239066,72,200,true,110,110,72
1767628239066,75,200,true,110,110,75
1767628239136,5,200,true,110,110,5
1767628239076,65,200,true,110,110,65
1767628239078,63,200,true,110,110,63
1767628239076,65,200,true,110,110,65
1767628239076,65,200,true,110,110,65
1767628239083,59,200,true,110,110,59
1767628239080,62,200,true,110,110,62
1767628239071,71,200,true,110,110,71
1767628239082,60,200,true,110,110,60
1767628239077,66,200,true,110,110,65
1767628239077,66,200,true,110,110,66
1767628239141,2,200,true,110,110,2
1767628239083,60,200,true,110,110,60
1767628239136,7,200,true,110,110,7
1767628239078,66,200,true,110,110,66
1767628239078,66,200,true,110,110,66
1767628239075,69,200,true,110,110,69
1767628239079,65,200,true,110,110,65
1767628239081,64,200,true,110,110,64
1767628239081,64,200,true,110,110,64
1767628239080,65,200,true,110,110,65
1767628239079,69,200,true,110,110,69
1767628239142,6,200,true,110,110,6
1767628239082,66,200,true,110,110,66
1767628239080,69,200,true,110,110,69
1767628239080,69,200,true,110,110,69
1767628239080,69,200,true,110,110,69
1767628239080,69,200,true,110,110,69
1767628239084,66,200,true,110,110,66
1767628239083,67,200,true,110,110,67
1767628239082,68,200,true,110,110,68
1767628239075,75,200,true,110,110,75
1767628239080,71,200,true,110,110,71
1767628239084,67,200,true,110,110,67
1767628239085,66,200,true,110,110,66
1767628239085,67,200,true,110,110,67
1767628239084,68,200,true,110,110,67
1767628239086,66,200,true,110,110,66
1767628239087,65,200,true,110,110,65
1767628239086,66,200,true,110,110,66
1767628239087,65,200,true,110,110,65
1767628239014,139,200,true,110,110,139
1767628239081,72,200,true,110,110,72
1767628239018,135,200,true,110,110,135
1767628239017,136,200,true,110,110,136
1767628239097,57,200,true,110,110,57
1767628238958,196,200,true,110,110,196
1767628239096,58,200,true,110,110,57
1767628239097,57,200,true,110,110,57
1767628239099,55,200,true,110,110,55
1767628239098,56,200,true,110,110,56
1767628239095,60,200,true,110,110,60
1767628239101,54,200,true,110,110,54
1767628239101,54,200,true,110,110,54
1767628239102,53,200,true,110,110,53
1767628239103,52,200,true,110,110,52
1767628239103,53,200,true,110,110,53
1767628239101,55,200,true,110,110,55
1767628239103,53,200,true,110,110,53
1767628239036,120,200,true,110,110,120
1767628239102,55,200,true,110,110,55
1767628239037,120,200,true,110,110,120
1767628239102,55,200,true,110,110,55
1767628239104,53,200,true,110,110,53
1767628239103,54,200,true,110,110,54
1767628239101,56,200,true,110,110,56
1767628239102,56,200,true,110,110,56
1767628239104,54,200,true,110,110,54
1767628239110,48,200,true,110,110,48
1767628239112,46,200,true,110,110,46
1767628239113,45,200,true,110,110,45
1767628239111,48,200,true,110,110,48
1767628239111,48,200,true,110,110,48
1767628239110,49,200,true,110,110,49
1767628239113,46,200,true,110,110,46
1767628239115,44,200,true,110,110,44
1767628239015,145,200,true,110,110,145
1767628238897,263,200,true,110,110,262
1767628239126,34,200,true,110,110,34
1767628239126,34,200,true,110,110,34
1767628239126,34,200,true,110,110,34
1767628239126,35,200,true,110,110,35
1767628239117,44,200,true,110,110,44
1767628239117,44,200,true,110,110,44
1767628239126,35,200,true,110,110,35
1767628239124,37,200,true,110,110,37
1767628239124,38,200,true,110,110,38
1767628239126,36,200,true,110,110,36
1767628239057,105,200,true,110,110,105
1767628239120,42,200,true,110,110,42
1767628239064,99,200,true,110,110,99
1767628239125,38,200,true,110,110,38
1767628239119,44,200,true,110,110,44
1767628239125,38,200,true,110,110,38
1767628239061,102,200,true,110,110,102
1767628239058,105,200,true,110,110,105
1767628239126,38,200,true,110,110,38
1767628239124,40,200,true,110,110,40
1767628239124,40,200,true,110,110,40
1767628239127,37,200,true,110,110,37
1767628239134,30,200,true,110,110,30
1767628239138,27,200,true,110,110,27
1767628239137,28,200,true,110,110,28
1767628239138,27,200,true,110,110,27
1767628239135,30,200,true,110,110,30
1767628239136,29,200,true,110,110,29
1767628239137,29,200,true,110,110,29
1767628239137,29,200,true,110,110,29
1767628239134,32,200,true,110,110,32
1767628239141,25,200,true,110,110,25
1767628239141,25,200,true,110,110,25
1767628239141,26,200,true,110,110,26
1767628239142,25,200,true,110,110,25
1767628239142,25,200,true,110,110,25
1767628239044,123,200,true,110,110,123
1767628239116,51,200,true,110,110,51
1767628239142,26,200,true,110,110,26
1767628239142,26,200,true,110,110,26
1767628239143,26,200,true,110,110,26
1767628239143,26,200,true,110,110,26
1767628239143,26,200,true,110,110,26
1767628239144,26,200,true,110,110,26
1767628239144,26,200,true,110,110,26
1767628239144,26,200,true,110,110,26
1767628239144,26,200,true,110,110,26
1767628239145,26,200,true,110,110,26
1767628239141,30,200,true,110,110,30
1767628239143,28,200,true,110,110,28
1767628239143,29,200,true,110,110,29
1767628239145,27,200,true,110,110,27
1767628239155,22,200,true,110,110,22
1767628239153,25,200,true,110,110,25
1767628239154,28,200,true,110,110,27
1767628239159,25,200,true,110,110,25
1767628239155,30,200,true,110,110,30
1767628239164,21,200,true,110,110,21
1767628239167,19,200,true,110,110,19
1767628239158,30,200,true,110,110,30
1767628239161,31,200,true,110,110,31
1767628239165,28,200,true,110,110,28
1767628239151,47,200,true,110,110,47
1767628239159,39,200,true,110,110,39
1767628239154,48,200,true,110,110,48
1767628239170,35,200,true,110,110,35
1767628239172,34,200,true,110,110,34
1767628239160,48,200,true,110,110,48
1767628239152,56,200,true,110,110,56
1767628239198,11,200,true,110,110,11
1767628239192,17,200,true,110,110,17
1767628239205,5,200,true,110,110,5
1767628239193,17,200,true,110,110,17
1767628239207,3,200,true,110,110,3
1767628239152,59,200,true,110,110,59
1767628239208,4,200,true,110,110,4
1767628239162,50,200,true,110,110,50
1767628239209,4,200,true,110,110,4
1767628239209,4,200,true,110,110,4
1767628239160,53,200,true,110,110,53
1767628239152,63,200,true,110,110,63
1767628239152,63,200,true,110,110,63
1767628239210,5,200,true,110,110,5
1767628239152,63,200,true,110,110,63
1767628239160,56,200,true,110,110,56
1767628239152,64,200,true,110,110,62
1767628239211,6,200,true,110,110,6
1767628239202,15,200,true,110,110,9
1767628239167,53,200,true,110,110,53
1767628239153,69,200,true,110,110,69
1767628239166,57,200,true,110,110,55
1767628239154,69,200,true,110,110,67
1767628239166,57,200,true,110,110,57
1767628239215,8,200,true,110,110,8
1767628239156,67,200,true,110,110,67
1767628239155,68,200,true,110,110,68
1767628239158,65,200,true,110,110,65
1767628239155,68,200,true,110,110,66
1767628239153,71,200,true,110,110,71
1767628239215,10,200,true,110,110,10
1767628239223,3,200,true,110,110,3
1767628239157,72,200,true,110,110,72
1767628239160,71,200,true,110,110,71
1767628239156,75,200,true,110,110,75
1767628239159,72,200,true,110,110,72
1767628239167,65,200,true,110,110,65
1767628239167,65,200,true,110,110,65
1767628239158,74,200,true,110,110,74
1767628239159,73,200,true,110,110,73
1767628239161,72,200,true,110,110,72
1767628239161,72,200,true,110,110,72
1767628239161,72,200,true,110,110,72
1767628239156,77,200,true,110,110,77
1767628239231,3,200,true,110,110,3
1767628239156,81,200,true,110,110,80
1767628239168,69,200,true,110,110,68
1767628239160,77,200,true,110,110,76
1767628239148,89,200,true,110,110,89
1767628239145,92,200,true,110,110,92
1767628239162,75,200,true,110,110,75
1767628239165,72,200,true,110,110,72
1767628239157,81,200,true,110,110,81
1767628239165,72,200,true,110,110,72
1767628239162,76,200,true,110,110,76
1767628239164,74,200,true,110,110,74
1767628239168,70,200,true,110,110,70
1767628239165,73,200,true,110,110,73
1767628239157,82,200,true,110,110,82
1767628239162,77,200,true,110,110,77
1767628239157,82,200,true,110,110,82
1767628239154,85,200,true,110,110,85
1767628239163,77,200,true,110,110,77
1767628239157,83,200,true,110,110,83
1767628239167,73,200,true,110,110,73
1767628239161,79,200,true,110,110,79
1767628239240,8,200,true,110,110,7
1767628239164,85,200,true,110,110,85
1767628239164,85,200,true,110,110,85
1767628239159,90,200,true,110,110,88
1767628239249,1,200,true,110,110,1
1767628239164,87,200,true,110,110,87
1767628239163,88,200,true,110,110,88
1767628239150,101,200,true,110,110,101
1767628239148,103,200,true,110,110,103
1767628239251,1,200,true,110,110,1
1767628239250,3,200,true,110,110,3
1767628239251,3,200,true,110,110,3
1767628239252,2,200,true,110,110,2
1767628239253,1,200,true,110,110,1
1767628239254,1,200,true,110,110,1
1767628239254,2,200,true,110,110,2
1767628239255,1,200,true,110,110,1
1767628239256,1,200,true,110,110,1
1767628239256,1,200,true,110,110,1
1767628239257,0,200,true,110,110,0
1767628239257,1,200,true,110,110,1
1767628239258,0,200,true,110,110,0
1767628239258,1,200,true,110,110,1
1767628239258,1,200,true,110,110,1
1767628239251,8,200,true,110,110,8
1767628239259,1,200,true,110,110,1
1767628239260,0,200,true,110,110,0
1767628239260,1,200,true,110,110,1
1767628239260,1,200,true,110,110,1
1767628239261,1,200,true,110,110,1
1767628239261,1,200,true,110,110,1
1767628239262,1,200,true,110,110,1
1767628239263,0,200,true,110,110,0
1767628239251,12,200,true,110,110,12
1767628239263,1,200,true,110,110,1
1767628239263,1,200,true,110,110,1
1767628239264,1,200,true,110,110,1
1767628239264,1,200,true,110,110,1
1767628239265,1,200,true,110,110,1
1767628239266,1,200,true,110,110,1
1767628239265,2,200,true,110,110,2
1767628239163,104,200,true,110,110,104
1767628239163,104,200,true,110,110,104
1767628239163,104,200,true,110,110,104
1767628239150,118,200,true,110,110,118
1767628239158,110,200,true,110,110,110
1767628239149,119,200,true,110,110,119
1767628239267,2,200,true,110,110,2
1767628239149,120,200,true,110,110,120
1767628239254,15,200,true,110,110,1
1767628239153,117,200,true,110,110,117
1767628239267,3,200,true,110,110,3
1767628239149,122,200,true,110,110,122
1767628239151,122,200,true,110,110,122
1767628239269,5,200,true,110,110,5
1767628239270,6,200,true,110,110,6
1767628239149,129,200,true,110,110,129
1767628239154,125,200,true,110,110,125
1767628239150,131,200,true,110,110,131
1767628239166,116,200,true,110,110,116
1767628239166,116,200,true,110,110,114
1767628239172,110,200,true,110,110,110
1767628239148,134,200,true,110,110,134
1767628239169,114,200,true,110,110,114
1767628239165,118,200,true,110,110,115
1767628239169,114,200,true,110,110,111
1767628239155,128,200,true,110,110,127
1767628239170,114,200,true,110,110,111
1767628239170,114,200,true,110,110,114
1767628239157,130,200,true,110,110,129
1767628239171,120,200,true,110,110,120
1767628239284,7,200,true,110,110,7
1767628239170,122,200,true,110,110,121
1767628239188,104,200,true,110,110,104
1767628239278,15,200,true,110,110,15
1767628239274,19,200,true,110,110,19
1767628239279,15,200,true,110,110,15
1767628239282,12,200,true,110,110,12
1767628239276,19,200,true,110,110,19
1767628239159,136,200,true,110,110,136
1767628239186,109,200,true,110,110,109
1767628239291,5,200,true,110,110,5
1767628239292,4,200,true,110,110,4
1767628239294,3,200,true,110,110,3
1767628239198,99,200,true,110,110,99
1767628239210,87,200,true,110,110,87
1767628239151,146,200,true,110,110,146
1767628239208,90,200,true,110,110,90
1767628239212,86,200,true,110,110,86
1767628239154,144,200,true,110,110,144
1767628239163,136,200,true,110,110,136
1767628239212,87,200,true,110,110,87
1767628239213,86,200,true,110,110,86
1767628239213,86,200,true,110,110,86
1767628239211,89,200,true,110,110,89
1767628239294,6,200,true,110,110,6
1767628239293,8,200,true,110,110,8
1767628239150,151,200,true,110,110,151
1767628239292,9,200,true,110,110,9
1767628239213,88,200,true,110,110,88
1767628239215,87,200,true,110,110,87
1767628239217,85,200,true,110,110,85
1767628239217,85,200,true,110,110,85
1767628239216,87,200,true,110,110,87
1767628239215,90,200,true,110,110,90
1767628239217,89,200,true,110,110,89
1767628239302,4,200,true,110,110,4
1767628239222,84,200,true,110,110,84
1767628239223,83,200,true,110,110,83
1767628239220,86,200,true,110,110,86
1767628239223,84,200,true,110,110,84
1767628239223,84,200,true,110,110,84
1767628239223,84,200,true,110,110,84
1767628239223,84,200,true,110,110,84
1767628239223,85,200,true,110,110,85
1767628239223,85,200,true,110,110,85
1767628239226,82,200,true,110,110,82
1767628239224,84,200,true,110,110,84
1767628239225,83,200,true,110,110,83
1767628239229,80,200,true,110,110,80
1767628239232,77,200,true,110,110,77
1767628239231,78,200,true,110,110,78
1767628239232,79,200,true,110,110,79
1767628239298,13,200,true,110,110,13
1767628239300,13,200,true,110,110,13
1767628239233,80,200,true,110,110,80
1767628239232,82,200,true,110,110,81
1767628239233,81,200,true,110,110,81
1767628239233,81,200,true,110,110,81
1767628239234,80,200,true,110,110,80
1767628239234,80,200,true,110,110,80
1767628239237,78,200,true,110,110,78
1767628239233,82,200,true,110,110,82
1767628239238,77,200,true,110,110,77
1767628239237,78,200,true,110,110,78
1767628239237,79,200,true,110,110,79
1767628239237,79,200,true,110,110,79
1767628239239,77,200,true,110,110,77
1767628239237,79,200,true,110,110,79
1767628239238,79,200,true,110,110,79
1767628239239,78,200,true,110,110,78
1767628239238,79,200,true,110,110,79
1767628239238,79,200,true,110,110,79
1767628239237,80,200,true,110,110,80
1767628239238,80,200,true,110,110,80
1767628239239,79,200,true,110,110,79
1767628239240,78,200,true,110,110,78
1767628239240,78,200,true,110,110,78
1767628239240,79,200,true,110,110,79
1767628239238,81,200,true,110,110,81
1767628239237,82,200,true,110,110,82
1767628239239,80,200,true,110,110,80
1767628239248,71,200,true,110,110,71
1767628239249,70,200,true,110,110,70
1767628239301,19,200,true,110,110,19
1767628239249,71,200,true,110,110,71
1767628239300,20,200,true,110,110,20
1767628239297,23,200,true,110,110,23
1767628239301,20,200,true,110,110,20
1767628239309,12,200,true,110,110,12
1767628239306,16,200,true,110,110,16
1767628239303,19,200,true,110,110,19
1767628239305,17,200,true,110,110,17
1767628239308,15,200,true,110,110,15
1767628239307,17,200,true,110,110,17
1767628239306,20,200,true,110,110,20
1767628239319,10,200,true,110,110,10
1767628239314,15,200,true,110,110,15
1767628239317,13,200,true,110,110,13
1767628239316,18,200,true,110,110,18
1767628239320,16,200,true,110,110,16
1767628239322,15,200,true,110,110,15
1767628239330,10,200,true,110,110,9
1767628239322,18,200,true,110,110,18
1767628239334,6,200,true,110,110,6
1767628239324,17,200,true,110,110,17
1767628239262,79,200,true,110,110,79
1767628239267,75,200,true,110,110,75
1767628239269,73,200,true,110,110,73
1767628239268,74,200,true,110,110,74
1767628239267,76,200,true,110,110,76
1767628239268,75,200,true,110,110,75
1767628239268,75,200,true,110,110,75
1767628239271,73,200,true,110,110,73
1767628239273,71,200,true,110,110,71
1767628239267,77,200,true,110,110,77
1767628239270,74,200,true,110,110,74
1767628239169,176,200,true,110,110,176
1767628239185,160,200,true,110,110,160
1767628239182,164,200,true,110,110,164
1767628239178,168,200,true,110,110,168
1767628239283,64,200,true,110,110,63
1767628239282,65,200,true,110,110,65
1767628239166,181,200,true,110,110,179
1767628239178,169,200,true,110,110,167
1767628239185,162,200,true,110,110,162
1767628239171,177,200,true,110,110,177
1767628239186,167,200,true,110,110,167
1767628239281,72,200,true,110,110,72
1767628239295,65,200,true,110,110,65
1767628239284,79,200,true,110,110,79
1767628239348,15,200,true,110,110,15
1767628239296,68,200,true,110,110,68
1767628239297,67,200,true,110,110,67
1767628239364,0,200,true,110,110,0
1767628239364,1,200,true,110,110,1
1767628239364,1,200,true,110,110,1
1767628239364,2,200,true,110,110,2
1767628239364,2,200,true,110,110,2
1767628239365,2,200,true,110,110,2
1767628239366,1,200,true,110,110,1
1767628239366,2,200,true,110,110,2
1767628239367,1,200,true,110,110,1
1767628239367,2,200,true,110,110,2
1767628239368,1,200,true,110,110,1
1767628239368,1,200,true,110,110,1
1767628239369,1,200,true,110,110,1
1767628239369,1,200,true,110,110,1
1767628239369,2,200,true,110,110,2
1767628239291,81,200,true,110,110,81
1767628239299,74,200,true,110,110,74
1767628239298,75,200,true,110,110,75
1767628239298,76,200,true,110,110,76
1767628239299,75,200,true,110,110,74
1767628239299,76,200,true,110,110,76
1767628239373,2,200,true,110,110,2
1767628239298,78,200,true,110,110,78
1767628239374,2,200,true,110,110,2
1767628239297,82,200,true,110,110,82
1767628239299,80,200,true,110,110,80
1767628239301,78,200,true,110,110,78
1767628239301,78,200,true,110,110,78
1767628239295,85,200,true,110,110,84
1767628239295,85,200,true,110,110,85
1767628239231,149,200,true,110,110,149
1767628239306,75,200,true,110,110,75
1767628239302,80,200,true,110,110,76
1767628239296,87,200,true,110,110,87
1767628239302,81,200,true,110,110,81
1767628239382,2,200,true,110,110,2
1767628239380,4,200,true,110,110,4
1767628239307,79,200,true,110,110,79
1767628239308,78,200,true,110,110,78
1767628239384,2,200,true,110,110,2
1767628239307,79,200,true,110,110,79
1767628239308,79,200,true,110,110,78
1767628239309,78,200,true,110,110,78
1767628239309,80,200,true,110,110,80
1767628239314,75,200,true,110,110,75
1767628239311,78,200,true,110,110,78
1767628239314,75,200,true,110,110,75
1767628239314,76,200,true,110,110,76
1767628239315,75,200,true,110,110,75
1767628239314,77,200,true,110,110,77
1767628239314,77,200,true,110,110,77
1767628239315,77,200,true,110,110,76
1767628239315,77,200,true,110,110,77
1767628239318,75,200,true,110,110,75
1767628239316,77,200,true,110,110,77
1767628239316,78,200,true,110,110,77
1767628239389,5,200,true,110,110,5
1767628239316,78,200,true,110,110,78
1767628239318,76,200,true,110,110,76
1767628239319,76,200,true,110,110,76
1767628239319,76,200,true,110,110,76
1767628239318,77,200,true,110,110,77
1767628239317,78,200,true,110,110,77
1767628239317,79,200,true,110,110,79
1767628239311,86,200,true,110,110,86
1767628239318,79,200,true,110,110,79
1767628239319,78,200,true,110,110,78
1767628239306,91,200,true,110,110,91
1767628239319,80,200,true,110,110,80
1767628239308,92,200,true,110,110,92
1767628239391,9,200,true,110,110,8
1767628239317,83,200,true,110,110,83
1767628239320,82,200,true,110,110,81
1767628239320,82,200,true,110,110,82
1767628239306,97,200,true,110,110,97
1767628239321,82,200,true,110,110,81
1767628239319,84,200,true,110,110,83
1767628239313,91,200,true,110,110,91
1767628239323,81,200,true,110,110,81
1767628239322,83,200,true,110,110,81
1767628239326,79,200,true,110,110,78
1767628239320,85,200,true,110,110,84
1767628239336,72,200,true,110,110,72
1767628239329,79,200,true,110,110,79
1767628239329,79,200,true,110,110,79
1767628239347,61,200,true,110,110,61
1767628239321,88,200,true,110,110,82
1767628239397,12,200,true,110,110,10
1767628239405,4,200,true,110,110,4
1767628239269,141,200,true,110,110,141
1767628239347,63,200,true,110,110,63
1767628239337,75,200,true,110,110,75
1767628239346,66,200,true,110,110,65
1767628239171,246,200,true,110,110,246
1767628239340,77,200,true,110,110,77
1767628239283,134,200,true,110,110,134
1767628239282,137,200,true,110,110,136
1767628239347,73,200,true,110,110,73
1767628239283,137,200,true,110,110,137
1767628239394,26,200,true,110,110,26
1767628239293,131,200,true,110,110,130
1767628239342,82,200,true,110,110,82
1767628239347,77,200,true,110,110,76
1767628239342,83,200,true,110,110,82
1767628239344,81,200,true,110,110,79
1767628239345,80,200,true,110,110,77
1767628239341,85,200,true,110,110,85
1767628239400,26,200,true,110,110,25
1767628239347,81,200,true,110,110,81
1767628239343,85,200,true,110,110,85
1767628239343,90,200,true,110,110,90
1767628239344,90,200,true,110,110,90
1767628239402,36,200,true,110,110,36
1767628239344,94,200,true,110,110,94
1767628239353,87,200,true,110,110,87
1767628239360,80,200,true,110,110,80
1767628239370,71,200,true,110,110,71
1767628239372,71,200,true,110,110,71
1767628239376,67,200,true,110,110,67
1767628239443,1,200,true,110,110,1
1767628239375,70,200,true,110,110,70
1767628239444,1,200,true,110,110,1
1767628239445,0,200,true,110,110,0
1767628239445,1,200,true,110,110,1
1767628239445,1,200,true,110,110,1
1767628239446,1,200,true,110,110,1
1767628239373,74,200,true,110,110,69
1767628239376,71,200,true,110,110,71
1767628239379,68,200,true,110,110,68
1767628239380,67,200,true,110,110,67
1767628239380,68,200,true,110,110,68
1767628239371,77,200,true,110,110,71
1767628239382,66,200,true,110,110,66
1767628239374,74,200,true,110,110,74
1767628239379,69,200,true,110,110,69
1767628239365,83,200,true,110,110,77
1767628239379,70,200,true,110,110,70
1767628239375,74,200,true,110,110,74
1767628239379,70,200,true,110,110,70
1767628239383,66,200,true,110,110,66
1767628239383,67,200,true,110,110,67
1767628239384,66,200,true,110,110,66
1767628239308,142,200,true,110,110,142
1767628239386,64,200,true,110,110,64
1767628239443,8,200,true,110,110,8
1767628239449,2,200,true,110,110,2
1767628239386,70,200,true,110,110,70
1767628239386,70,200,true,110,110,70
1767628239307,149,200,true,110,110,149
1767628239386,71,200,true,110,110,71
1767628239387,72,200,true,110,110,72
1767628239389,71,200,true,110,110,70
1767628239390,71,200,true,110,110,71
1767628239318,145,200,true,110,110,145
1767628239405,59,200,true,110,110,59
1767628239405,59,200,true,110,110,59
1767628239404,60,200,true,110,110,60
1767628239390,75,200,true,110,110,75
1767628239461,4,200,true,110,110,4
1767628239394,71,200,true,110,110,71
1767628239395,71,200,true,110,110,71
1767628239283,183,200,true,110,110,182
1767628239282,184,200,true,110,110,184
1767628239396,70,200,true,110,110,70
1767628239287,180,200,true,110,110,180
1767628239346,121,200,true,110,110,121
1767628239397,70,200,true,110,110,70
1767628239397,70,200,true,110,110,70
1767628239397,70,200,true,110,110,70
1767628239409,59,200,true,110,110,59
1767628239410,58,200,true,110,110,58
1767628239409,59,200,true,110,110,59
1767628239394,74,200,true,110,110,74
1767628239395,73,200,true,110,110,73
1767628239395,74,200,true,110,110,74
1767628239394,75,200,true,110,110,75
1767628239393,77,200,true,110,110,77
1767628239392,78,200,true,110,110,78
1767628239395,75,200,true,110,110,75
1767628239409,61,200,true,110,110,61
1767628239392,78,200,true,110,110,78
1767628239408,63,200,true,110,110,63
1767628239341,130,200,true,110,110,130
1767628239346,125,200,true,110,110,125
1767628239393,78,200,true,110,110,78
1767628239408,63,200,true,110,110,63
1767628239400,71,200,true,110,110,71
1767628239400,72,200,true,110,110,72
1767628239340,132,200,true,110,110,132
1767628239399,73,200,true,110,110,73
1767628239408,64,200,true,110,110,64
1767628239403,70,200,true,110,110,70
1767628239403,70,200,true,110,110,70
1767628239410,63,200,true,110,110,63
1767628239403,70,200,true,110,110,70
1767628239405,68,200,true,110,110,68
1767628239344,130,200,true,110,110,130
1767628239409,65,200,true,110,110,65
1767628239343,131,200,true,110,110,131
1767628239342,132,200,true,110,110,132
1767628239412,63,200,true,110,110,63
1767628239417,58,200,true,110,110,58
1767628239417,58,200,true,110,110,58
1767628239412,63,200,true,110,110,63
1767628239419,56,200,true,110,110,56
1767628239418,58,200,true,110,110,58
1767628239403,73,200,true,110,110,73
1767628239421,55,200,true,110,110,55
1767628239425,51,200,true,110,110,51
1767628239426,51,200,true,110,110,51
1767628239424,53,200,true,110,110,53
1767628239420,57,200,true,110,110,57
1767628239425,52,200,true,110,110,52
1767628239425,52,200,true,110,110,52
1767628239424,54,200,true,110,110,54
1767628239426,52,200,true,110,110,52
1767628239428,50,200,true,110,110,50
1767628239424,54,200,true,110,110,54
1767628239420,59,200,true,110,110,59
1767628239428,51,200,true,110,110,51
1767628239434,45,200,true,110,110,45
1767628239259,220,200,true,110,110,220
1767628239433,46,200,true,110,110,46
1767628239438,41,200,true,110,110,41
1767628239438,41,200,true,110,110,41
1767628239340,140,200,true,110,110,140
1767628239353,127,200,true,110,110,127
1767628239441,44,200,true,110,110,44
1767628239440,45,200,true,110,110,45
1767628239446,43,200,true,110,110,43
1767628239468,21,200,true,110,110,20
1767628239469,20,200,true,110,110,20
1767628239476,16,200,true,110,110,16
1767628239470,22,200,true,110,110,22
1767628239476,16,200,true,110,110,16
1767628239470,23,200,true,110,110,23
1767628239463,30,200,true,110,110,30
1767628239477,17,200,true,110,110,17
1767628239469,25,200,true,110,110,25
1767628239469,25,200,true,110,110,25
1767628239467,28,200,true,110,110,28
1767628239466,29,200,true,110,110,29
1767628239477,19,200,true,110,110,19
1767628239479,17,200,true,110,110,17
1767628239467,30,200,true,110,110,30
1767628239472,25,200,true,110,110,25
1767628239477,20,200,true,110,110,20
1767628239472,26,200,true,110,110,26
1767628239477,21,200,true,110,110,21
1767628239478,21,200,true,110,110,21
1767628239447,56,200,true,110,110,56
1767628239479,25,200,true,110,110,25
1767628239474,30,200,true,110,110,30
1767628239479,26,200,true,110,110,26
1767628239466,39,200,true,110,110,39
1767628239474,32,200,true,110,110,32
1767628239473,33,200,true,110,110,33
1767628239479,27,200,true,110,110,27
1767628239476,31,200,true,110,110,31
1767628239449,58,200,true,110,110,58
1767628239479,29,200,true,110,110,29
1767628239479,29,200,true,110,110,29
1767628239448,60,200,true,110,110,60
1767628239449,59,200,true,110,110,59
1767628239447,62,200,true,110,110,62
1767628239450,59,200,true,110,110,59
1767628239450,59,200,true,110,110,59
1767628239448,61,200,true,110,110,61
1767628239447,62,200,true,110,110,62
1767628239449,62,200,true,110,110,62
1767628239509,3,200,true,110,110,2
1767628239451,61,200,true,110,110,61
1767628239447,65,200,true,110,110,65
1767628239447,65,200,true,110,110,65
1767628239448,64,200,true,110,110,64
1767628239449,64,200,true,110,110,64
1767628239448,65,200,true,110,110,65
1767628239450,63,200,true,110,110,63
1767628239448,65,200,true,110,110,65
1767628239451,62,200,true,110,110,62
1767628239456,58,200,true,110,110,58
1767628239457,57,200,true,110,110,57
1767628239450,64,200,true,110,110,64
1767628239387,127,200,true,110,110,127
1767628239457,58,200,true,110,110,58
1767628239389,126,200,true,110,110,126
1767628239389,126,200,true,110,110,126
1767628239315,200,200,true,110,110,200
1767628239457,58,200,true,110,110,58
1767628239459,57,200,true,110,110,57
1767628239391,125,200,true,110,110,125
1767628239460,56,200,true,110,110,56
1767628239440,76,200,true,110,110,76
1767628239468,48,200,true,110,110,48
1767628239475,42,200,true,110,110,42
1767628239468,49,200,true,110,110,49
1767628239475,42,200,true,110,110,42
1767628239475,42,200,true,110,110,42
1767628239468,49,200,true,110,110,49
1767628239464,54,200,true,110,110,54
1767628239504,14,200,true,110,110,14
1767628239467,51,200,true,110,110,51
1767628239477,41,200,true,110,110,41
1767628239470,49,200,true,110,110,49
1767628239471,48,200,true,110,110,48
1767628239464,55,200,true,110,110,55
1767628239471,48,200,true,110,110,48
1767628239507,12,200,true,110,110,12
1767628239465,55,200,true,110,110,55
1767628239471,49,200,true,110,110,49
1767628239471,49,200,true,110,110,49
1767628239472,48,200,true,110,110,48
1767628239470,51,200,true,110,110,51
1767628239465,56,200,true,110,110,56
1767628239465,57,200,true,110,110,57
1767628239508,14,200,true,110,110,14
1767628239480,43,200,true,110,110,43
1767628239508,16,200,true,110,110,16
1767628239470,55,200,true,110,110,55
1767628239471,55,200,true,110,110,55
1767628239492,34,200,true,110,110,34
1767628239492,35,200,true,110,110,35
1767628239492,35,200,true,110,110,34
1767628239496,38,200,true,110,110,38
1767628239495,39,200,true,110,110,39
1767628239518,24,200,true,110,110,22
1767628239512,32,200,true,110,110,32
1767628239493,51,200,true,110,110,35
1767628239534,10,200,true,110,110,10
1767628239472,74,200,true,110,110,74
1767628239480,66,200,true,110,110,66
1767628239476,70,200,true,110,110,70
1767628239472,74,200,true,110,110,74
1767628239542,4,200,true,110,110,2
1767628239544,3,200,true,110,110,3
1767628239466,83,200,true,110,110,83
1767628239466,85,200,true,110,110,85
1767628239544,8,200,true,110,110,8
1767628239476,76,200,true,110,110,76
1767628239475,81,200,true,110,110,81
1767628239474,82,200,true,110,110,82
1767628239473,83,200,true,110,110,83
1767628239478,78,200,true,110,110,78
1767628239479,77,200,true,110,110,77
1767628239474,83,200,true,110,110,83
1767628239473,84,200,true,110,110,84
1767628239478,79,200,true,110,110,78
1767628239467,90,200,true,110,110,88
1767628239478,79,200,true,110,110,77
1767628239473,84,200,true,110,110,81
1767628239556,2,200,true,110,110,2
1767628239370,188,200,true,110,110,188
1767628239485,74,200,true,110,110,74
1767628239509,50,200,true,110,110,50
1767628239509,50,200,true,110,110,50
1767628239485,74,200,true,110,110,74
1767628239489,70,200,true,110,110,70
1767628239509,51,200,true,110,110,51
1767628239509,51,200,true,110,110,51
1767628239495,65,200,true,110,110,65
1767628239474,86,200,true,110,110,86
1767628239468,92,200,true,110,110,90
1767628239464,96,200,true,110,110,96
1767628239489,74,200,true,110,110,74
1767628239556,10,200,true,110,110,10
1767628239496,74,200,true,110,110,74
1767628239494,76,200,true,110,110,76
1767628239494,76,200,true,110,110,76
1767628239497,74,200,true,110,110,73
1767628239497,75,200,true,110,110,75
1767628239498,75,200,true,110,110,75
1767628239497,77,200,true,110,110,77
1767628239494,80,200,true,110,110,80
1767628239504,71,200,true,110,110,71
1767628239505,70,200,true,110,110,70
1767628239506,70,200,true,110,110,70
1767628239499,77,200,true,110,110,77
1767628239504,72,200,true,110,110,72
1767628239505,71,200,true,110,110,71
1767628239506,70,200,true,110,110,70
1767628239506,71,200,true,110,110,71
1767628239507,70,200,true,110,110,70
1767628239508,69,200,true,110,110,69
1767628239508,69,200,true,110,110,69
1767628239517,60,200,true,110,110,60
1767628239517,61,200,true,110,110,61
1767628239517,61,200,true,110,110,61
1767628239513,65,200,true,110,110,65
1767628239512,66,200,true,110,110,66
1767628239518,61,200,true,110,110,60
1767628239519,60,200,true,110,110,60
1767628239517,62,200,true,110,110,62
1767628239518,61,200,true,110,110,61
1767628239571,8,200,true,110,110,8
1767628239518,62,200,true,110,110,62
1767628239518,62,200,true,110,110,62
1767628239518,62,200,true,110,110,62
1767628239519,61,200,true,110,110,61
1767628239519,61,200,true,110,110,61
1767628239519,62,200,true,110,110,62
1767628239514,67,200,true,110,110,67
1767628239514,67,200,true,110,110,67
1767628239515,66,200,true,110,110,66
1767628239515,66,200,true,110,110,66
1767628239519,63,200,true,110,110,63
1767628239514,68,200,true,110,110,68
1767628239516,68,200,true,110,110,68
1767628239579,5,200,true,110,110,5
1767628239516,69,200,true,110,110,69
1767628239512,73,200,true,110,110,73
1767628239520,65,200,true,110,110,65
1767628239515,70,200,true,110,110,70
1767628239515,70,200,true,110,110,70
1767628239520,66,200,true,110,110,66
1767628239520,66,200,true,110,110,66
1767628239521,65,200,true,110,110,65
1767628239521,66,200,true,110,110,66
1767628239516,71,200,true,110,110,71
1767628239521,66,200,true,110,110,66
1767628239515,72,200,true,110,110,72
1767628239512,75,200,true,110,110,75
1767628239511,77,200,true,110,110,77
1767628239512,76,200,true,110,110,76
1767628239513,75,200,true,110,110,75
1767628239513,75,200,true,110,110,75
1767628239514,74,200,true,110,110,74
1767628239513,76,200,true,110,110,76
1767628239513,76,200,true,110,110,76
1767628239516,73,200,true,110,110,73
1767628239522,67,200,true,110,110,67
1767628239522,68,200,true,110,110,68
1767628239524,66,200,true,110,110,66
1767628239523,67,200,true,110,110,67
1767628239527,63,200,true,110,110,63
1767628239526,65,200,true,110,110,65
1767628239525,66,200,true,110,110,66
1767628239527,64,200,true,110,110,64
1767628239528,63,200,true,110,110,63
1767628239534,57,200,true,110,110,57
1767628239544,48,200,true,110,110,48
1767628239546,46,200,true,110,110,46
1767628239546,46,200,true,110,110,46
1767628239546,47,200,true,110,110,47
1767628239546,47,200,true,110,110,47
1767628239546,47,200,true,110,110,47
1767628239549,44,200,true,110,110,44
1767628239551,42,200,true,110,110,42
1767628239547,46,200,true,110,110,46
1767628239552,42,200,true,110,110,42
1767628239552,42,200,true,110,110,42
1767628239558,36,200,true,110,110,36
1767628239559,35,200,true,110,110,35
1767628239559,35,200,true,110,110,35
1767628239559,36,200,true,110,110,36
1767628239560,35,200,true,110,110,35
1767628239560,35,200,true,110,110,35
1767628239560,35,200,true,110,110,35
1767628239560,35,200,true,110,110,35
1767628239559,37,200,true,110,110,37
1767628239557,39,200,true,110,110,39
1767628239557,39,200,true,110,110,39
1767628239557,39,200,true,110,110,39
1767628239557,39,200,true,110,110,39
1767628239556,41,200,true,110,110,41
1767628239557,40,200,true,110,110,40
1767628239558,39,200,true,110,110,39
1767628239493,104,200,true,110,110,104
1767628239557,40,200,true,110,110,40
1767628239556,42,200,true,110,110,42
1767628239557,41,200,true,110,110,41
1767628239559,39,200,true,110,110,39
1767628239560,38,200,true,110,110,38
1767628239561,37,200,true,110,110,37
1767628239566,33,200,true,110,110,33
1767628239563,36,200,true,110,110,36
1767628239570,29,200,true,110,110,29
1767628239570,29,200,true,110,110,29
1767628239570,29,200,true,110,110,29
1767628239498,101,200,true,110,110,101
1767628239578,22,200,true,110,110,22
1767628239577,23,200,true,110,110,23
1767628239578,22,200,true,110,110,22
1767628239578,22,200,true,110,110,22
1767628239578,23,200,true,110,110,23
1767628239579,22,200,true,110,110,22
1767628239489,112,200,true,110,110,112
1767628239579,22,200,true,110,110,22
1767628239579,23,200,true,110,110,23
1767628239580,22,200,true,110,110,22
1767628239580,23,200,true,110,110,23
1767628239580,25,200,true,110,110,25
1767628239579,26,200,true,110,110,26
1767628239581,25,200,true,110,110,25
1767628239581,25,200,true,110,110,25
1767628239581,27,200,true,110,110,27
1767628239581,27,200,true,110,110,27
1767628239572,36,200,true,110,110,34
1767628239581,28,200,true,110,110,26
1767628239580,29,200,true,110,110,29
1767628239576,35,200,true,110,110,35
1767628239573,44,200,true,110,110,42
1767628239577,41,200,true,110,110,41
1767628239580,40,200,true,110,110,40
1767628239591,30,200,true,110,110,30
1767628239574,47,200,true,110,110,47
1767628239576,47,200,true,110,110,47
1767628239576,48,200,true,110,110,48
1767628239606,18,200,true,110,110,18
1767628239575,50,200,true,110,110,49
1767628239592,33,200,true,110,110,33
1767628239593,33,200,true,110,110,33
1767628239593,33,200,true,110,110,33
1767628239593,33,200,true,110,110,33
1767628239576,51,200,true,110,110,51
1767628239582,46,200,true,110,110,46
1767628239593,37,200,true,110,110,37
1767628239600,30,200,true,110,110,30
1767628239597,33,200,true,110,110,33
1767628239589,44,200,true,110,110,44
1767628239599,34,200,true,110,110,34
1767628239589,45,200,true,110,110,45
1767628239597,40,200,true,110,110,40
1767628239596,41,200,true,110,110,41
1767628239597,40,200,true,110,110,40
1767628239595,44,200,true,110,110,32
1767628239597,43,200,true,110,110,43
1767628239600,43,200,true,110,110,43
1767628239577,71,200,true,110,110,71
1767628239617,32,200,true,110,110,31
1767628239600,50,200,true,110,110,50
1767628239594,57,200,true,110,110,57
1767628239649,3,200,true,110,110,3
1767628239601,51,200,true,110,110,51
1767628239600,53,200,true,110,110,52
1767628239577,76,200,true,110,110,73
1767628239577,76,200,true,110,110,75
1767628239601,54,200,true,110,110,54
1767628239653,2,200,true,110,110,2
1767628239584,71,200,true,110,110,71
1767628239652,3,200,true,110,110,2
1767628239576,79,200,true,110,110,78
1767628239594,62,200,true,110,110,62
1767628239594,62,200,true,110,110,62
1767628239601,55,200,true,110,110,55
1767628239595,62,200,true,110,110,62
1767628239590,67,200,true,110,110,67
1767628239590,67,200,true,110,110,67
1767628239592,65,200,true,110,110,65
1767628239584,73,200,true,110,110,73
1767628239655,3,200,true,110,110,3
1767628239656,3,200,true,110,110,3
1767628239657,2,200,true,110,110,2
1767628239657,3,200,true,110,110,3
1767628239655,5,200,true,110,110,5
1767628239658,3,200,true,110,110,3
1767628239659,2,200,true,110,110,2
1767628239659,3,200,true,110,110,3
1767628239585,79,200,true,110,110,79
1767628239585,80,200,true,110,110,80
1767628239665,0,200,true,110,110,0
1767628239585,81,200,true,110,110,81
1767628239666,0,200,true,110,110,0
1767628239666,1,200,true,110,110,1
1767628239666,1,200,true,110,110,1
1767628239585,82,200,true,110,110,82
1767628239667,1,200,true,110,110,1
1767628239667,1,200,true,110,110,1
1767628239667,2,200,true,110,110,2
1767628239668,1,200,true,110,110,1
1767628239668,2,200,true,110,110,2
1767628239669,1,200,true,110,110,1
1767628239669,1,200,true,110,110,1
1767628239670,1,200,true,110,110,1
1767628239595,76,200,true,110,110,69
1767628239595,77,200,true,110,110,77
1767628239582,90,200,true,110,110,90
1767628239657,15,200,true,110,110,7
1767628239670,3,200,true,110,110,3
1767628239586,89,200,true,110,110,88
1767628239672,3,200,true,110,110,3
1767628239587,90,200,true,110,110,90
1767628239586,91,200,true,110,110,91
1767628239589,88,200,true,110,110,88
1767628239586,91,200,true,110,110,91
1767628239599,81,200,true,110,110,81
1767628239575,105,200,true,110,110,105
1767628239576,104,200,true,110,110,104
1767628239587,93,200,true,110,110,93
1767628239588,92,200,true,110,110,91
1767628239590,90,200,true,110,110,89
1767628239587,93,200,true,110,110,91
1767628239608,72,200,true,110,110,72
1767628239591,90,200,true,110,110,89
1767628239593,88,200,true,110,110,87
1767628239587,94,200,true,110,110,94
1767628239587,94,200,true,110,110,94
1767628239677,5,200,true,110,110,5
1767628239591,91,200,true,110,110,91
1767628239623,60,200,true,110,110,60
1767628239590,93,200,true,110,110,93
1767628239586,100,200,true,110,110,99
1767628239594,96,200,true,110,110,96
1767628239588,103,200,true,110,110,102
1767628239601,90,200,true,110,110,90
1767628239594,98,200,true,110,110,98
1767628239599,94,200,true,110,110,94
1767628239680,13,200,true,110,110,13
1767628239591,106,200,true,110,110,106
1767628239588,110,200,true,110,110,110
1767628239588,110,200,true,110,110,110
1767628239599,99,200,true,110,110,99
1767628239691,8,200,true,110,110,7
1767628239598,108,200,true,110,110,108
1767628239598,108,200,true,110,110,108
1767628239599,107,200,true,110,110,107
1767628239589,117,200,true,110,110,117
1767628239591,115,200,true,110,110,115
1767628239598,109,200,true,110,110,109
1767628239598,109,200,true,110,110,108
1767628239599,108,200,true,110,110,108
1767628239603,104,200,true,110,110,104
1767628239605,102,200,true,110,110,102
1767628239602,106,200,true,110,110,106
1767628239607,101,200,true,110,110,101
1767628239589,119,200,true,110,110,119
1767628239706,3,200,true,110,110,3
1767628239602,107,200,true,110,110,107
1767628239605,106,200,true,110,110,106
1767628239608,107,200,true,110,110,107
1767628239620,102,200,true,110,110,102
1767628239650,73,200,true,110,110,73
1767628239651,72,200,true,110,110,72
1767628239626,97,200,true,110,110,97
1767628239723,0,200,true,110,110,0
1767628239723,1,200,true,110,110,1
1767628239723,1,200,true,110,110,1
1767628239724,1,200,true,110,110,1
1767628239724,1,200,true,110,110,1
1767628239724,2,200,true,110,110,2
1767628239725,1,200,true,110,110,1
1767628239725,2,200,true,110,110,2
1767628239624,103,200,true,110,110,103
1767628239627,101,200,true,110,110,101
1767628239621,107,200,true,110,110,107
1767628239637,91,200,true,110,110,91
1767628239639,89,200,true,110,110,89
1767628239621,108,200,true,110,110,107
1767628239630,99,200,true,110,110,99
1767628239628,101,200,true,110,110,101
1767628239630,100,200,true,110,110,100
1767628239637,93,200,true,110,110,93
1767628239633,97,200,true,110,110,97
1767628239625,105,200,true,110,110,97
1767628239634,97,200,true,110,110,97
1767628239627,104,200,true,110,110,95
1767628239625,106,200,true,110,110,94
1767628239626,105,200,true,110,110,105
1767628239648,84,200,true,110,110,74
1767628239643,89,200,true,110,110,79
1767628239633,99,200,true,110,110,87
1767628239624,108,200,true,110,110,97
1767628239637,95,200,true,110,110,84
1767628239653,81,200,true,110,110,81
1767628239653,82,200,true,110,110,82
1767628239653,83,200,true,110,110,83
1767628239611,126,200,true,110,110,126
1767628239660,78,200,true,110,110,78
1767628239655,84,200,true,110,110,84
1767628239656,85,200,true,110,110,85
1767628239655,86,200,true,110,110,86
1767628239670,72,200,true,110,110,72
1767628239658,84,200,true,110,110,84
1767628239664,78,200,true,110,110,78
1767628239662,80,200,true,110,110,80
1767628239657,85,200,true,110,110,85
1767628239657,85,200,true,110,110,85
1767628239661,81,200,true,110,110,81
1767628239656,86,200,true,110,110,86
1767628239660,82,200,true,110,110,81
1767628239661,81,200,true,110,110,81
1767628239732,11,200,true,110,110,10
1767628239672,71,200,true,110,110,71
1767628239673,71,200,true,110,110,71
1767628239675,69,200,true,110,110,69
1767628239672,72,200,true,110,110,72
1767628239675,69,200,true,110,110,69
1767628239672,72,200,true,110,110,72
1767628239677,68,200,true,110,110,68
1767628239677,68,200,true,110,110,68
1767628239681,65,200,true,110,110,65
1767628239681,65,200,true,110,110,65
1767628239680,66,200,true,110,110,66
1767628239682,64,200,true,110,110,64
1767628239677,70,200,true,110,110,70
1767628239680,67,200,true,110,110,65
1767628239681,66,200,true,110,110,66
1767628239680,67,200,true,110,110,67
1767628239680,68,200,true,110,110,68
1767628239680,69,200,true,110,110,68
1767628239680,69,200,true,110,110,68
1767628239680,69,200,true,110,110,69
1767628239686,64,200,true,110,110,64
1767628239595,155,200,true,110,110,155
1767628239691,59,200,true,110,110,59
1767628239691,59,200,true,110,110,59
1767628239683,67,200,true,110,110,66
1767628239592,160,200,true,110,110,160
1767628239750,3,200,true,110,110,2
1767628239681,72,200,true,110,110,72
1767628239683,71,200,true,110,110,71
1767628239593,161,200,true,110,110,154
1767628239683,72,200,true,110,110,64
1767628239699,57,200,true,110,110,57
1767628239692,64,200,true,110,110,64
1767628239693,63,200,true,110,110,63
1767628239596,161,200,true,110,110,161
1767628239596,161,200,true,110,110,161
1767628239596,162,200,true,110,110,161
1767628239741,17,200,true,110,110,17
1767628239698,61,200,true,110,110,61
1767628239697,63,200,true,110,110,63
1767628239698,63,200,true,110,110,63
1767628239698,64,200,true,110,110,64
1767628239707,55,200,true,110,110,55
1767628239708,54,200,true,110,110,54
1767628239708,55,200,true,110,110,53
1767628239597,166,200,true,110,110,166
1767628239693,70,200,true,110,110,66
1767628239596,167,200,true,110,110,162
1767628239707,56,200,true,110,110,54
1767628239744,20,200,true,110,110,20
1767628239708,57,200,true,110,110,57
1767628239609,156,200,true,110,110,156
1767628239745,21,200,true,110,110,21
1767628239746,21,200,true,110,110,21
1767628239746,21,200,true,110,110,18
1767628239609,160,200,true,110,110,159
1767628239749,20,200,true,110,110,20
1767628239706,66,200,true,110,110,66
1767628239711,61,200,true,110,110,61
1767628239709,64,200,true,110,110,63
1767628239765,8,200,true,110,110,8
1767628239709,64,200,true,110,110,64
1767628239715,59,200,true,110,110,59
1767628239630,144,200,true,110,110,144
1767628239726,48,200,true,110,110,48
1767628239727,47,200,true,110,110,47
1767628239727,48,200,true,110,110,48
1767628239728,47,200,true,110,110,47
1767628239728,47,200,true,110,110,47
1767628239728,47,200,true,110,110,47
1767628239729,46,200,true,110,110,46
1767628239729,47,200,true,110,110,47
1767628239729,47,200,true,110,110,47
1767628239729,47,200,true,110,110,47
1767628239730,46,200,true,110,110,46
1767628239730,46,200,true,110,110,46
1767628239730,47,200,true,110,110,47
1767628239731,46,200,true,110,110,46
1767628239731,46,200,true,110,110,46
1767628239723,54,200,true,110,110,54
1767628239731,47,200,true,110,110,47
1767628239732,46,200,true,110,110,46
1767628239731,47,200,true,110,110,47
1767628239731,47,200,true,110,110,47
1767628239732,46,200,true,110,110,46
1767628239732,46,200,true,110,110,46
1767628239608,171,200,true,110,110,171
1767628239618,161,200,true,110,110,161
1767628239598,181,200,true,110,110,181
1767628239732,47,200,true,110,110,47
1767628239640,139,200,true,110,110,139
1767628239735,45,200,true,110,110,45
1767628239739,41,200,true,110,110,41
1767628239734,46,200,true,110,110,46
1767628239742,38,200,true,110,110,38
1767628239742,39,200,true,110,110,39
1767628239742,39,200,true,110,110,39
1767628239742,39,200,true,110,110,39
1767628239738,43,200,true,110,110,43
1767628239743,38,200,true,110,110,38
1767628239744,37,200,true,110,110,37
1767628239744,38,200,true,110,110,38
1767628239743,39,200,true,110,110,39
1767628239746,36,200,true,110,110,36
1767628239744,38,200,true,110,110,38
1767628239742,40,200,true,110,110,40
1767628239742,41,200,true,110,110,41
1767628239742,41,200,true,110,110,41
1767628239671,112,200,true,110,110,112
1767628239726,57,200,true,110,110,57
1767628239744,39,200,true,110,110,39
1767628239763,20,200,true,110,110,20
1767628239746,38,200,true,110,110,38
1767628239745,41,200,true,110,110,41
1767628239750,38,200,true,110,110,38
1767628239756,32,200,true,110,110,32
1767628239747,42,200,true,110,110,40
1767628239748,41,200,true,110,110,41
1767628239749,41,200,true,110,110,41
1767628239756,34,200,true,110,110,34
1767628239747,44,200,true,110,110,44
1767628239750,41,200,true,110,110,41
1767628239750,42,200,true,110,110,42
1767628239747,45,200,true,110,110,40
1767628239769,24,200,true,110,110,24
1767628239754,39,200,true,110,110,39
1767628239756,37,200,true,110,110,37
1767628239743,51,200,true,110,110,51
1767628239757,38,200,true,110,110,38
1767628239765,30,200,true,110,110,30
1767628239742,54,200,true,110,110,54
1767628239757,39,200,true,110,110,39
1767628239737,60,200,true,110,110,60
1767628239751,46,200,true,110,110,46
1767628239780,18,200,true,110,110,18
1767628239736,63,200,true,110,110,63
1767628239778,21,200,true,110,110,21
1767628239707,93,200,true,110,110,93
1767628239742,59,200,true,110,110,59
1767628239742,59,200,true,110,110,59
1767628239774,27,200,true,110,110,27
1767628239774,28,200,true,110,110,28
1767628239749,53,200,true,110,110,53
1767628239758,44,200,true,110,110,44
1767628239753,51,200,true,110,110,51
1767628239708,96,200,true,110,110,96
1767628239706,99,200,true,110,110,98
1767628239707,98,200,true,110,110,94
1767628239707,99,200,true,110,110,99
1767628239762,50,200,true,110,110,50
1767628239773,40,200,true,110,110,40
1767628239706,112,200,true,110,110,112
1767628239783,35,200,true,110,110,35
1767628239767,59,200,true,110,110,59
1767628239778,50,200,true,110,110,50
1767628239798,31,200,true,110,110,31
1767628239800,30,200,true,110,110,30
1767628239802,28,200,true,110,110,28
1767628239748,83,200,true,110,110,83
1767628239767,64,200,true,110,110,64
1767628239763,70,200,true,110,110,70
1767628239831,3,200,true,110,110,3
1767628239831,5,200,true,110,110,5
1767628239818,18,200,true,110,110,18
1767628239830,7,200,true,110,110,7
1767628239753,84,200,true,110,110,84
1767628239763,74,200,true,110,110,74
1767628239763,75,200,true,110,110,75
1767628239759,80,200,true,110,110,79
1767628239760,79,200,true,110,110,79
1767628239762,77,200,true,110,110,77
1767628239758,81,200,true,110,110,81
1767628239797,42,200,true,110,110,42
1767628239777,63,200,true,110,110,63
1767628239763,77,200,true,110,110,77
1767628239761,79,200,true,110,110,79
1767628239763,77,200,true,110,110,77
1767628239781,64,200,true,110,110,64
1767628239802,44,200,true,110,110,44
1767628239782,64,200,true,110,110,64
1767628239780,66,200,true,110,110,66
1767628239802,44,200,true,110,110,44
1767628239804,43,200,true,110,110,43
1767628239805,44,200,true,110,110,44
1767628239781,68,200,true,110,110,68
1767628239849,0,200,true,110,110,0
1767628239780,70,200,true,110,110,70
1767628239773,77,200,true,110,110,77
1767628239772,80,200,true,110,110,80
1767628239783,69,200,true,110,110,69
1767628239774,78,200,true,110,110,78
1767628239775,77,200,true,110,110,76
1767628239781,71,200,true,110,110,71
1767628239781,72,200,true,110,110,72
1767628239782,71,200,true,110,110,70
1767628239782,71,200,true,110,110,70
1767628239781,72,200,true,110,110,72
1767628239783,71,200,true,110,110,71
1767628239781,73,200,true,110,110,70
1767628239813,42,200,true,110,110,42
1767628239778,77,200,true,110,110,77
1767628239776,79,200,true,110,110,77
1767628239805,50,200,true,110,110,50
1767628239783,79,200,true,110,110,79
1767628239775,88,200,true,110,110,88
1767628239775,88,200,true,110,110,88
1767628239776,87,200,true,110,110,87
1767628239783,80,200,true,110,110,80
1767628239863,1,200,true,110,110,1
1767628239863,1,200,true,110,110,1
1767628239863,2,200,true,110,110,2
1767628239863,2,200,true,110,110,2
1767628239864,1,200,true,110,110,1
1767628239864,2,200,true,110,110,2
1767628239865,1,200,true,110,110,1
1767628239865,2,200,true,110,110,2
1767628239866,1,200,true,110,110,1
1767628239776,92,200,true,110,110,92
1767628239783,85,200,true,110,110,85
1767628239866,3,200,true,110,110,3
1767628239776,95,200,true,110,110,95
1767628239868,3,200,true,110,110,3
1767628239871,0,200,true,110,110,0
1767628239871,1,200,true,110,110,1
1767628239871,1,200,true,110,110,1
1767628239872,1,200,true,110,110,1
1767628239872,1,200,true,110,110,1
1767628239873,1,200,true,110,110,1
1767628239873,1,200,true,110,110,1
1767628239874,1,200,true,110,110,1
1767628239784,91,200,true,110,110,91
1767628239783,92,200,true,110,110,92
1767628239875,0,200,true,110,110,0
1767628239875,1,200,true,110,110,1
1767628239875,1,200,true,110,110,1
1767628239876,1,200,true,110,110,1
1767628239876,1,200,true,110,110,1
1767628239877,1,200,true,110,110,1
1767628239877,1,200,true,110,110,1
1767628239877,2,200,true,110,110,2
1767628239777,102,200,true,110,110,102
1767628239878,1,200,true,110,110,1
1767628239879,1,200,true,110,110,1
1767628239879,1,200,true,110,110,1
1767628239880,1,200,true,110,110,1
1767628239880,1,200,true,110,110,1
1767628239880,2,200,true,110,110,2
1767628239881,1,200,true,110,110,1
1767628239881,2,200,true,110,110,2
1767628239777,106,200,true,110,110,106
1767628239882,1,200,true,110,110,1
1767628239883,1,200,true,110,110,1
1767628239883,1,200,true,110,110,1
1767628239883,2,200,true,110,110,2
1767628239884,1,200,true,110,110,1
1767628239884,2,200,true,110,110,2
1767628239885,1,200,true,110,110,1
1767628239885,2,200,true,110,110,2
1767628239874,13,200,true,110,110,13
1767628239886,2,200,true,110,110,2
1767628239887,1,200,true,110,110,1
1767628239887,1,200,true,110,110,1
1767628239888,1,200,true,110,110,1
1767628239888,1,200,true,110,110,1
1767628239889,1,200,true,110,110,1
1767628239889,1,200,true,110,110,1
1767628239889,2,200,true,110,110,2
1767628239890,1,200,true,110,110,1
1767628239891,1,200,true,110,110,1
1767628239891,1,200,true,110,110,1
1767628239892,1,200,true,110,110,1
1767628239892,1,200,true,110,110,1
1767628239893,0,200,true,110,110,0
1767628239893,1,200,true,110,110,1
1767628239893,1,200,true,110,110,1
1767628239894,1,200,true,110,110,1
1767628239788,107,200,true,110,110,107
1767628239788,109,200,true,110,110,109
1767628239789,108,200,true,110,110,108
1767628239789,109,200,true,110,110,108
1767628239790,109,200,true,110,110,109
1767628239776,123,200,true,110,110,123
1767628239897,4,200,true,110,110,4
1767628239775,128,200,true,110,110,128
1767628239778,125,200,true,110,110,125
1767628239791,113,200,true,110,110,113
1767628239791,113,200,true,110,110,113
1767628239792,113,200,true,110,110,113
1767628239773,134,200,true,110,110,134
1767628239772,135,200,true,110,110,135
1767628239780,128,200,true,110,110,128
1767628239779,129,200,true,110,110,129
1767628239779,129,200,true,110,110,129
1767628239777,131,200,true,110,110,128
1767628239779,129,200,true,110,110,127
1767628239775,133,200,true,110,110,133
1767628239764,145,200,true,110,110,145
1767628239793,116,200,true,110,110,116
1767628239793,116,200,true,110,110,116
1767628239793,116,200,true,110,110,116
1767628239790,119,200,true,110,110,117
1767628239778,131,200,true,110,110,130
1767628239753,157,200,true,110,110,155
1767628239766,144,200,true,110,110,144
1767628239796,115,200,true,110,110,115
1767628239797,115,200,true,110,110,115
1767628239903,9,200,true,110,110,9
1767628239796,116,200,true,110,110,115
1767628239795,118,200,true,110,110,118
1767628239795,118,200,true,110,110,118
1767628239799,114,200,true,110,110,114
1767628239794,119,200,true,110,110,118
1767628239812,102,200,true,110,110,102
1767628239806,108,200,true,110,110,108
1767628239801,114,200,true,110,110,114
1767628239755,160,200,true,110,110,160
1767628239754,161,200,true,110,110,161
1767628239829,86,200,true,110,110,86
1767628239830,87,200,true,110,110,86
1767628239840,77,200,true,110,110,77
1767628239840,77,200,true,110,110,77
1767628239827,90,200,true,110,110,89
1767628239828,89,200,true,110,110,88
1767628239818,99,200,true,110,110,99
1767628239804,113,200,true,110,110,113
1767628239839,79,200,true,110,110,79
1767628239834,84,200,true,110,110,84
1767628239837,82,200,true,110,110,82
1767628239840,79,200,true,110,110,79
1767628239839,81,200,true,110,110,81
1767628239837,83,200,true,110,110,83
1767628239834,87,200,true,110,110,87
1767628239836,85,200,true,110,110,85
1767628239839,83,200,true,110,110,83
1767628239845,77,200,true,110,110,77
1767628239839,83,200,true,110,110,83
1767628239838,84,200,true,110,110,81
1767628239840,82,200,true,110,110,82
1767628239836,86,200,true,110,110,84
1767628239837,85,200,true,110,110,82
1767628239839,83,200,true,110,110,78
1767628239792,131,200,true,110,110,122
1767628239915,8,200,true,110,110,8
1767628239801,122,200,true,110,110,113
1767628239801,122,200,true,110,110,122
1767628239780,143,200,true,110,110,143
1767628239846,78,200,true,110,110,78
1767628239847,77,200,true,110,110,77
1767628239846,78,200,true,110,110,78
1767628239846,78,200,true,110,110,78
1767628239846,78,200,true,110,110,78
1767628239782,143,200,true,110,110,143
1767628239849,76,200,true,110,110,76
1767628239855,70,200,true,110,110,70
1767628239849,76,200,true,110,110,76
1767628239850,75,200,true,110,110,75
1767628239854,72,200,true,110,110,72
1767628239923,3,200,true,110,110,3
1767628239850,77,200,true,110,110,77
1767628239853,74,200,true,110,110,74
1767628239852,76,200,true,110,110,76
1767628239852,76,200,true,110,110,75
1767628239853,75,200,true,110,110,75
1767628239852,76,200,true,110,110,76
1767628239853,75,200,true,110,110,75
1767628239852,77,200,true,110,110,77
1767628239855,74,200,true,110,110,74
1767628239852,77,200,true,110,110,77
1767628239855,74,200,true,110,110,74
1767628239854,75,200,true,110,110,75
1767628239855,75,200,true,110,110,75
1767628239862,68,200,true,110,110,68
1767628239853,77,200,true,110,110,77
1767628239778,152,200,true,110,110,152
1767628239774,156,200,true,110,110,156
1767628239867,64,200,true,110,110,64
1767628239868,63,200,true,110,110,63
1767628239869,62,200,true,110,110,62
1767628239867,64,200,true,110,110,64
1767628239882,49,200,true,110,110,49
1767628239878,54,200,true,110,110,54
1767628239865,67,200,true,110,110,67
1767628239886,46,200,true,110,110,46
1767628239890,42,200,true,110,110,42
1767628239894,38,200,true,110,110,38
1767628239895,38,200,true,110,110,38
1767628239897,36,200,true,110,110,36
1767628239899,34,200,true,110,110,34
1767628239898,35,200,true,110,110,35
1767628239895,38,200,true,110,110,38
1767628239923,11,200,true,110,110,11
1767628239899,35,200,true,110,110,35
1767628239779,155,200,true,110,110,155
1767628239902,32,200,true,110,110,32
1767628239786,149,200,true,110,110,149
1767628239903,32,200,true,110,110,32
1767628239909,26,200,true,110,110,26
1767628239799,136,200,true,110,110,136
1767628239769,166,200,true,110,110,166
1767628239913,23,200,true,110,110,23
1767628239924,12,200,true,110,110,12
1767628239922,15,200,true,110,110,15
1767628239924,13,200,true,110,110,13
1767628239923,17,200,true,110,110,17
1767628239917,23,200,true,110,110,23
1767628239915,29,200,true,110,110,29
1767628239910,34,200,true,110,110,34
1767628239921,23,200,true,110,110,23
1767628239925,20,200,true,110,110,20
1767628239904,45,200,true,110,110,45
1767628239908,41,200,true,110,110,41
1767628239922,27,200,true,110,110,27
1767628239908,45,200,true,110,110,45
1767628239922,31,200,true,110,110,31
1767628239923,33,200,true,110,110,33
1767628239936,20,200,true,110,110,20
1767628239937,20,200,true,110,110,20
1767628239929,28,200,true,110,110,28
1767628239925,36,200,true,110,110,36
1767628239931,31,200,true,110,110,31
1767628239935,30,200,true,110,110,30
1767628239930,35,200,true,110,110,35
1767628239930,39,200,true,110,110,39
1767628239935,34,200,true,110,110,34
1767628239940,30,200,true,110,110,30
1767628239934,39,200,true,110,110,39
1767628239949,24,200,true,110,110,24
1767628239949,25,200,true,110,110,25
1767628239974,3,200,true,110,110,3
1767628239953,25,200,true,110,110,24
1767628239922,56,200,true,110,110,56
1767628239925,53,200,true,110,110,53
1767628239917,61,200,true,110,110,61
1767628239914,64,200,true,110,110,64
1767628239925,54,200,true,110,110,54
1767628239925,54,200,true,110,110,54
1767628239923,56,200,true,110,110,56
1767628239910,69,200,true,110,110,69
1767628239917,62,200,true,110,110,62
1767628239915,65,200,true,110,110,65
1767628239979,1,200,true,110,110,1
1767628239918,62,200,true,110,110,62
1767628239921,60,200,true,110,110,60
1767628239909,72,200,true,110,110,72
1767628239979,5,200,true,110,110,5
1767628239921,63,200,true,110,110,63
1767628239909,76,200,true,110,110,76
1767628239909,76,200,true,110,110,76
1767628239919,66,200,true,110,110,66
1767628239905,80,200,true,110,110,80
1767628239924,61,200,true,110,110,61
1767628239920,66,200,true,110,110,66
1767628239904,82,200,true,110,110,82
1767628239918,71,200,true,110,110,71
1767628239978,12,200,true,110,110,6
1767628239985,6,200,true,110,110,6
1767628239917,77,200,true,110,110,76
1767628239908,86,200,true,110,110,86
1767628239922,72,200,true,110,110,71
1767628239913,81,200,true,110,110,81
1767628239917,77,200,true,110,110,77
1767628239912,83,200,true,110,110,83
1767628239913,82,200,true,110,110,82
1767628239907,88,200,true,110,110,88
1767628239912,83,200,true,110,110,83
1767628239913,83,200,true,110,110,82
1767628239922,74,200,true,110,110,74
1767628239908,88,200,true,110,110,88
1767628239908,88,200,true,110,110,88
1767628239924,72,200,true,110,110,72
1767628239919,78,200,true,110,110,78
1767628239917,80,200,true,110,110,80
1767628239922,75,200,true,110,110,75
1767628239912,85,200,true,110,110,85
1767628239914,84,200,true,110,110,84
1767628239909,89,200,true,110,110,89
1767628239923,75,200,true,110,110,75
1767628239912,86,200,true,110,110,86
1767628239908,90,200,true,110,110,90
1767628239917,83,200,true,110,110,83
1767628239915,87,200,true,110,110,87
1767628239996,6,200,true,110,110,6
1767628239927,75,200,true,110,110,75
1767628239928,75,200,true,110,110,75
1767628239930,73,200,true,110,110,73
1767628239926,77,200,true,110,110,77
1767628239936,68,200,true,110,110,68
1767628239927,77,200,true,110,110,77
1767628239934,70,200,true,110,110,70
1767628239928,76,200,true,110,110,76
1767628239929,76,200,true,110,110,76
1767628239930,75,200,true,110,110,75
1767628239928,77,200,true,110,110,76
1767628239928,77,200,true,110,110,77
1767628239928,77,200,true,110,110,77
1767628239929,76,200,true,110,110,76
1767628239932,74,200,true,110,110,74
1767628239931,75,200,true,110,110,75
1767628239929,77,200,true,110,110,77
1767628239932,74,200,true,110,110,74
1767628239935,72,200,true,110,110,72
1767628239936,71,200,true,110,110,71
1767628239933,74,200,true,110,110,74
1767628239935,72,200,true,110,110,72
1767628239932,76,200,true,110,110,76
1767628239933,75,200,true,110,110,75
1767628239929,79,200,true,110,110,79
1767628239933,75,200,true,110,110,75
1767628239931,77,200,true,110,110,77
1767628239931,78,200,true,110,110,78
1767628239933,76,200,true,110,110,76
1767628239932,77,200,true,110,110,77
1767628239932,77,200,true,110,110,77
1767628239935,75,200,true,110,110,75
1767628239930,80,200,true,110,110,80
1767628239931,79,200,true,110,110,79
1767628239934,76,200,true,110,110,76
1767628239925,85,200,true,110,110,85
1767628239933,78,200,true,110,110,78
1767628239937,74,200,true,110,110,74
1767628239945,66,200,true,110,110,66
1767628239940,71,200,true,110,110,71
1767628239944,68,200,true,110,110,68
1767628239944,68,200,true,110,110,68
1767628239944,68,200,true,110,110,68
1767628239956,56,200,true,110,110,56
1767628239957,55,200,true,110,110,55
1767628239956,57,200,true,110,110,57
1767628239957,56,200,true,110,110,56
1767628239949,64,200,true,110,110,64
1767628239953,60,200,true,110,110,60
1767628239970,44,200,true,110,110,44
1767628239961,53,200,true,110,110,53
1767628239962,52,200,true,110,110,52
1767628239965,49,200,true,110,110,49
1767628239965,49,200,true,110,110,49
1767628239969,46,200,true,110,110,46
1767628239974,41,200,true,110,110,41
1767628239970,45,200,true,110,110,45
1767628239974,41,200,true,110,110,41
1767628239978,37,200,true,110,110,37
1767628239978,38,200,true,110,110,38
1767628239978,38,200,true,110,110,38
1767628239978,38,200,true,110,110,38
1767628239979,37,200,true,110,110,37
1767628239980,36,200,true,110,110,36
1767628239979,38,200,true,110,110,38
1767628239979,38,200,true,110,110,38
1767628239981,36,200,true,110,110,36
1767628239980,38,200,true,110,110,37
1767628239980,38,200,true,110,110,38
1767628239978,40,200,true,110,110,40
1767628239981,37,200,true,110,110,37
1767628239984,34,200,true,110,110,34
1767628239985,33,200,true,110,110,33
1767628239985,34,200,true,110,110,34
1767628239985,34,200,true,110,110,34
1767628239986,33,200,true,110,110,33
1767628239996,24,200,true,110,110,24
1767628239984,36,200,true,110,110,36
1767628239985,35,200,true,110,110,35
1767628239986,35,200,true,110,110,35
1767628239991,30,200,true,110,110,30
1767628239990,31,200,true,110,110,31
1767628239990,31,200,true,110,110,31
1767628239994,27,200,true,110,110,27
1767628239994,28,200,true,110,110,28
1767628239994,28,200,true,110,110,28
1767628239995,27,200,true,110,110,27
1767628239994,29,200,true,110,110,29
1767628239994,29,200,true,110,110,28
1767628239995,28,200,true,110,110,28
1767628239995,28,200,true,110,110,28
1767628239995,28,200,true,110,110,28
1767628239926,97,200,true,110,110,97
1767628239907,117,200,true,110,110,117
1767628239909,115,200,true,110,110,115
1767628239996,28,200,true,110,110,28
1767628239996,29,200,true,110,110,29
1767628239997,28,200,true,110,110,28
1767628239997,28,200,true,110,110,28
1767628239997,29,200,true,110,110,29
1767628239998,28,200,true,110,110,28
1767628239998,29,200,true,110,110,29
1767628239996,32,200,true,110,110,32
1767628239997,32,200,true,110,110,32
1767628239998,31,200,true,110,110,31
1767628239998,31,200,true,110,110,31
1767628239998,32,200,true,110,110,31
1767628240024,7,200,true,110,110,7
1767628240011,20,200,true,110,110,20
1767628240014,19,200,true,110,110,19
1767628240003,31,200,true,110,110,31
1767628240016,19,200,true,110,110,19
1767628240003,32,200,true,110,110,32
1767628240007,29,200,true,110,110,29
1767628240005,31,200,true,110,110,31
1767628240005,32,200,true,110,110,32
1767628240006,31,200,true,110,110,31
1767628240011,27,200,true,110,110,27
1767628240006,32,200,true,110,110,32
1767628240016,23,200,true,110,110,23
1767628240012,27,200,true,110,110,27
1767628240018,21,200,true,110,110,21
1767628240007,33,200,true,110,110,33
1767628240008,33,200,true,110,110,33
1767628240002,49,200,true,110,110,49
1767628240020,31,200,true,110,110,31
1767628240010,46,200,true,110,110,46
1767628240031,26,200,true,110,110,26
1767628240035,22,200,true,110,110,22
1767628240036,22,200,true,110,110,22
1767628240038,20,200,true,110,110,20
1767628240040,18,200,true,110,110,18
1767628240004,55,200,true,110,110,55
1767628240014,45,200,true,110,110,45
1767628240012,48,200,true,110,110,48
1767628240011,49,200,true,110,110,49
1767628240004,56,200,true,110,110,56
1767628240016,44,200,true,110,110,44
1767628240013,48,200,true,110,110,48
1767628240015,46,200,true,110,110,46
1767628240004,57,200,true,110,110,57
1767628240013,48,200,true,110,110,48
1767628240003,59,200,true,110,110,59
1767628240008,54,200,true,110,110,54
1767628240041,21,200,true,110,110,21
1767628240016,46,200,true,110,110,46
1767628240023,39,200,true,110,110,39
1767628240014,49,200,true,110,110,49
1767628240008,55,200,true,110,110,55
1767628240005,58,200,true,110,110,58
1767628240009,54,200,true,110,110,54
1767628240017,47,200,true,110,110,47
1767628240009,55,200,true,110,110,55
1767628240004,60,200,true,110,110,60
1767628240021,43,200,true,110,110,43
1767628240015,49,200,true,110,110,49
1767628240020,45,200,true,110,110,44
1767628240012,53,200,true,110,110,53
1767628240012,53,200,true,110,110,53
1767628240005,60,200,true,110,110,60
1767628240018,47,200,true,110,110,47
1767628240003,62,200,true,110,110,62
1767628240009,57,200,true,110,110,57
1767628240007,59,200,true,110,110,59
1767628240009,57,200,true,110,110,57
1767628240006,60,200,true,110,110,60
1767628240016,50,200,true,110,110,50
1767628240009,58,200,true,110,110,58
1767628240018,49,200,true,110,110,49
1767628240006,61,200,true,110,110,61
1767628240019,48,200,true,110,110,48
1767628240018,49,200,true,110,110,49
1767628240018,50,200,true,110,110,50
1767628240010,58,200,true,110,110,58
1767628240017,51,200,true,110,110,51
1767628240060,10,200,true,110,110,10
1767628240008,65,200,true,110,110,65
1767628240005,68,200,true,110,110,68
1767628240007,67,200,true,110,110,66
1767628240061,14,200,true,110,110,14
1767628240061,18,200,true,110,110,16
1767628240021,58,200,true,110,110,58
1767628240005,75,200,true,110,110,75
1767628240014,67,200,true,110,110,65
1767628240066,16,200,true,110,110,16
1767628240018,65,200,true,110,110,65
1767628240022,62,200,true,110,110,62
1767628240021,63,200,true,110,110,63
1767628240019,66,200,true,110,110,64
1767628240020,65,200,true,110,110,64
1767628240022,64,200,true,110,110,64
1767628240010,77,200,true,110,110,77
1767628240022,65,200,true,110,110,64
1767628240022,66,200,true,110,110,66
1767628240059,29,200,true,110,110,29
1767628240062,26,200,true,110,110,26
1767628240063,26,200,true,110,110,26
1767628240062,27,200,true,110,110,27
1767628240064,26,200,true,110,110,26
1767628240063,27,200,true,110,110,27
1767628240064,27,200,true,110,110,26
1767628240024,67,200,true,110,110,59
1767628240023,75,200,true,110,110,75
1767628240015,83,200,true,110,110,83
1767628240021,79,200,true,110,110,79
1767628240024,77,200,true,110,110,77
1767628240010,91,200,true,110,110,91
1767628240023,78,200,true,110,110,78
1767628240024,77,200,true,110,110,77
1767628240010,92,200,true,110,110,92
1767628240024,78,200,true,110,110,78
1767628240020,82,200,true,110,110,82
1767628240011,91,200,true,110,110,91
1767628240000,103,200,true,110,110,102
1767628240023,80,200,true,110,110,80
1767628240013,90,200,true,110,110,90
1767628240015,88,200,true,110,110,88
1767628240002,101,200,true,110,110,101
1767628240015,89,200,true,110,110,88
1767628240025,79,200,true,110,110,79
1767628240028,76,200,true,110,110,76
1767628240025,79,200,true,110,110,79
1767628240026,78,200,true,110,110,78
1767628240026,79,200,true,110,110,79
1767628240029,76,200,true,110,110,76
1767628240026,79,200,true,110,110,79
1767628240027,81,200,true,110,110,81
1767628240104,4,200,true,110,110,4
1767628240103,9,200,true,110,110,9
1767628240102,10,200,true,110,110,10
1767628240030,85,200,true,110,110,85
1767628240029,86,200,true,110,110,86
1767628240030,85,200,true,110,110,85
1767628240104,12,200,true,110,110,12
1767628240031,85,200,true,110,110,85
1767628240039,81,200,true,110,110,80
1767628240034,86,200,true,110,110,86
1767628240051,70,200,true,110,110,70
1767628240039,82,200,true,110,110,82
1767628240038,83,200,true,110,110,83
1767628240060,61,200,true,110,110,61
1767628240051,71,200,true,110,110,71
1767628240040,82,200,true,110,110,82
1767628240057,65,200,true,110,110,65
1767628240059,63,200,true,110,110,63
1767628240037,85,200,true,110,110,85
1767628240036,87,200,true,110,110,87
1767628240061,62,200,true,110,110,62
1767628240035,88,200,true,110,110,88
1767628240033,90,200,true,110,110,90
1767628240061,63,200,true,110,110,63
1767628240060,64,200,true,110,110,64
1767628240060,64,200,true,110,110,64
1767628240012,112,200,true,110,110,112
1767628240037,87,200,true,110,110,87
1767628240061,64,200,true,110,110,64
1767628240066,59,200,true,110,110,59
1767628240064,61,200,true,110,110,61
1767628240068,57,200,true,110,110,57
1767628240063,62,200,true,110,110,62
1767628240014,112,200,true,110,110,112
1767628240065,61,200,true,110,110,61
1767628240065,61,200,true,110,110,61
1767628240057,69,200,true,110,110,69
1767628240058,68,200,true,110,110,68
1767628240058,69,200,true,110,110,69
1767628240067,60,200,true,110,110,60
1767628240064,63,200,true,110,110,63
1767628240067,60,200,true,110,110,60
1767628240066,61,200,true,110,110,61
1767628240064,63,200,true,110,110,63
1767628240067,61,200,true,110,110,61
1767628240062,66,200,true,110,110,66
1767628240063,65,200,true,110,110,65
1767628240065,63,200,true,110,110,63
1767628240081,47,200,true,110,110,47
1767628240062,67,200,true,110,110,67
1767628240062,67,200,true,110,110,67
1767628240065,64,200,true,110,110,64
1767628240066,63,200,true,110,110,63
1767628240066,63,200,true,110,110,63
1767628240067,63,200,true,110,110,63
1767628240068,62,200,true,110,110,62
1767628240067,63,200,true,110,110,63
1767628240056,74,200,true,110,110,74
1767628240068,62,200,true,110,110,62
1767628240070,61,200,true,110,110,61
1767628240073,58,200,true,110,110,58
1767628240073,58,200,true,110,110,58
1767628240075,56,200,true,110,110,56
1767628240074,57,200,true,110,110,57
1767628240079,53,200,true,110,110,53
1767628240080,52,200,true,110,110,52
1767628240082,50,200,true,110,110,50
1767628240079,53,200,true,110,110,53
1767628240083,50,200,true,110,110,50
1767628240084,49,200,true,110,110,49
1767628240084,49,200,true,110,110,49
1767628240085,48,200,true,110,110,48
1767628240085,48,200,true,110,110,48
1767628240122,12,200,true,110,110,12
1767628240086,48,200,true,110,110,48
1767628240087,47,200,true,110,110,47
1767628240087,47,200,true,110,110,47
1767628240088,46,200,true,110,110,46
1767628240088,47,200,true,110,110,47
1767628240089,46,200,true,110,110,46
1767628240088,47,200,true,110,110,47
1767628240089,46,200,true,110,110,46
1767628240090,45,200,true,110,110,45
1767628240090,46,200,true,110,110,46
1767628240091,45,200,true,110,110,45
1767628240091,45,200,true,110,110,45
1767628240013,123,200,true,110,110,123
1767628240098,38,200,true,110,110,38
1767628240065,71,200,true,110,110,71
1767628240120,17,200,true,110,110,17
1767628240098,39,200,true,110,110,39
1767628240100,37,200,true,110,110,37
1767628240103,34,200,true,110,110,34
1767628240101,37,200,true,110,110,37
1767628240101,37,200,true,110,110,37
1767628240102,36,200,true,110,110,36
1767628240101,37,200,true,110,110,37
1767628240104,34,200,true,110,110,34
1767628240105,34,200,true,110,110,34
1767628240103,36,200,true,110,110,36
1767628240101,38,200,true,110,110,38
1767628240102,37,200,true,110,110,37
1767628240105,35,200,true,110,110,35
1767628240105,35,200,true,110,110,35
1767628240103,37,200,true,110,110,37
1767628240103,37,200,true,110,110,37
1767628240105,35,200,true,110,110,35
1767628240102,38,200,true,110,110,38
1767628240108,33,200,true,110,110,33
1767628240112,29,200,true,110,110,29
1767628240108,33,200,true,110,110,33
1767628240112,29,200,true,110,110,29
1767628240115,27,200,true,110,110,27
1767628240115,27,200,true,110,110,27
1767628240116,26,200,true,110,110,26
1767628240116,26,200,true,110,110,26
1767628240116,26,200,true,110,110,26
1767628240065,78,200,true,110,110,78
1767628240104,39,200,true,110,110,39
1767628240017,126,200,true,110,110,126
1767628240131,13,200,true,110,110,12
1767628240122,22,200,true,110,110,22
1767628240123,22,200,true,110,110,21
1767628240124,21,200,true,110,110,21
1767628240122,23,200,true,110,110,23
1767628240123,23,200,true,110,110,23
1767628240124,22,200,true,110,110,22
1767628240131,16,200,true,110,110,16
1767628240120,27,200,true,110,110,27
1767628240132,16,200,true,110,110,16
1767628240125,23,200,true,110,110,23
1767628240129,20,200,true,110,110,20
1767628240129,20,200,true,110,110,20
1767628240123,27,200,true,110,110,26
1767628240129,21,200,true,110,110,21
1767628240126,24,200,true,110,110,24
1767628240125,26,200,true,110,110,26
1767628240132,19,200,true,110,110,19
1767628240123,29,200,true,110,110,29
1767628240131,21,200,true,110,110,21
1767628240127,26,200,true,110,110,26
1767628240125,28,200,true,110,110,28
1767628240125,28,200,true,110,110,28
1767628240122,32,200,true,110,110,32
1767628240126,28,200,true,110,110,28
1767628240132,23,200,true,110,110,23
1767628240126,29,200,true,110,110,29
1767628240126,30,200,true,110,110,30
1767628240127,33,200,true,110,110,33
1767628240124,36,200,true,110,110,36
1767628240128,36,200,true,110,110,36
1767628240133,31,200,true,110,110,31
1767628240122,42,200,true,110,110,42
1767628240134,36,200,true,110,110,36
1767628240133,37,200,true,110,110,37
1767628240137,34,200,true,110,110,34
1767628240151,28,200,true,110,110,28
1767628240148,31,200,true,110,110,31
1767628240136,44,200,true,110,110,44
1767628240128,52,200,true,110,110,52
1767628240150,34,200,true,110,110,34
1767628240160,24,200,true,110,110,24
1767628240164,21,200,true,110,110,21
1767628240180,17,200,true,110,110,17
1767628240164,34,200,true,110,110,33
1767628240121,77,200,true,110,110,77
1767628240126,74,200,true,110,110,74
1767628240127,73,200,true,110,110,73
1767628240198,3,200,true,110,110,3
1767628240132,71,200,true,110,110,71
1767628240121,83,200,true,110,110,82
1767628240127,77,200,true,110,110,77
1767628240130,76,200,true,110,110,76
1767628240127,80,200,true,110,110,80
1767628240204,3,200,true,110,110,3
1767628240131,77,200,true,110,110,77
1767628240128,81,200,true,110,110,80
1767628240124,85,200,true,110,110,85
1767628240128,81,200,true,110,110,81
1767628240121,88,200,true,110,110,88
1767628240129,80,200,true,110,110,80
1767628240129,81,200,true,110,110,81
1767628240130,80,200,true,110,110,80
1767628240130,80,200,true,110,110,80
1767628240132,78,200,true,110,110,78
1767628240130,80,200,true,110,110,80
1767628240142,69,200,true,110,110,69
1767628240134,77,200,true,110,110,77
1767628240137,74,200,true,110,110,74
1767628240143,68,200,true,110,110,68
1767628240135,77,200,true,110,110,77
1767628240130,82,200,true,110,110,82
1767628240135,77,200,true,110,110,77
1767628240135,77,200,true,110,110,77
1767628240135,77,200,true,110,110,77
1767628240135,78,200,true,110,110,78
1767628240136,77,200,true,110,110,77
1767628240124,89,200,true,110,110,89
1767628240143,70,200,true,110,110,70
1767628240136,78,200,true,110,110,78
1767628240133,81,200,true,110,110,81
1767628240133,81,200,true,110,110,81
1767628240136,78,200,true,110,110,78
1767628240134,81,200,true,110,110,81
1767628240134,81,200,true,110,110,81
1767628240134,81,200,true,110,110,81
1767628240137,78,200,true,110,110,78
1767628240137,80,200,true,110,110,80
1767628240212,5,200,true,110,110,5
1767628240207,11,200,true,110,110,11
1767628240208,10,200,true,110,110,10
1767628240212,7,200,true,110,110,7
1767628240209,10,200,true,110,110,10
1767628240209,10,200,true,110,110,10
1767628240212,8,200,true,110,110,8
1767628240212,8,200,true,110,110,8
1767628240213,8,200,true,110,110,8
1767628240213,8,200,true,110,110,8
1767628240214,8,200,true,110,110,8
1767628240209,13,200,true,110,110,13
1767628240209,13,200,true,110,110,13
1767628240214,9,200,true,110,110,9
1767628240136,87,200,true,110,110,87
1767628240210,14,200,true,110,110,14
1767628240210,15,200,true,110,110,14
1767628240210,16,200,true,110,110,16
1767628240211,15,200,true,110,110,15
1767628240217,10,200,true,110,110,10
1767628240220,8,200,true,110,110,8
1767628240221,7,200,true,110,110,7
1767628240222,7,200,true,110,110,7
1767628240138,94,200,true,110,110,94
1767628240138,94,200,true,110,110,93
1767628240139,94,200,true,110,110,94
1767628240138,94,200,true,110,110,94
1767628240138,95,200,true,110,110,94
1767628240139,95,200,true,110,110,95
1767628240139,98,200,true,110,110,98
1767628240140,97,200,true,110,110,96
1767628240143,94,200,true,110,110,93
1767628240140,97,200,true,110,110,97
1767628240140,97,200,true,110,110,96
1767628240141,96,200,true,110,110,95
1767628240145,95,200,true,110,110,95
1767628240142,99,200,true,110,110,99
1767628240147,95,200,true,110,110,95
1767628240143,99,200,true,110,110,99
1767628240160,83,200,true,110,110,82
1767628240140,103,200,true,110,110,103
1767628240142,101,200,true,110,110,101
1767628240140,104,200,true,110,110,99
1767628240144,100,200,true,110,110,96
1767628240141,103,200,true,110,110,98
1767628240145,100,200,true,110,110,96
1767628240146,99,200,true,110,110,95
1767628240146,99,200,true,110,110,95
1767628240145,101,200,true,110,110,95
1767628240237,10,200,true,110,110,10
1767628240233,15,200,true,110,110,15
1767628240245,4,200,true,110,110,4
1767628240148,104,200,true,110,110,104
1767628240147,106,200,true,110,110,105
1767628240252,1,200,true,110,110,1
1767628240151,103,200,true,110,110,103
1767628240150,104,200,true,110,110,104
1767628240155,102,200,true,110,110,102
1767628240153,105,200,true,110,110,105
1767628240154,104,200,true,110,110,103
1767628240156,102,200,true,110,110,102
1767628240153,105,200,true,110,110,104
1767628240153,105,200,true,110,110,105
1767628240155,103,200,true,110,110,102
1767628240152,107,200,true,110,110,104
1767628240258,1,200,true,110,110,1
1767628240165,94,200,true,110,110,94
1767628240149,111,200,true,110,110,111
1767628240154,110,200,true,110,110,110
1767628240184,81,200,true,110,110,81
1767628240180,85,200,true,110,110,85
1767628240179,86,200,true,110,110,85
1767628240260,5,200,true,110,110,4
1767628240184,82,200,true,110,110,81
1767628240149,119,200,true,110,110,119
1767628240185,83,200,true,110,110,83
1767628240258,11,200,true,110,110,11
1767628240127,144,200,true,110,110,144
1767628240122,150,200,true,110,110,150
1767628240204,68,200,true,110,110,68
1767628240203,70,200,true,110,110,68
1767628240200,73,200,true,110,110,70
1767628240197,76,200,true,110,110,73
1767628240200,73,200,true,110,110,71
1767628240198,76,200,true,110,110,73
1767628240201,73,200,true,110,110,73
1767628240206,69,200,true,110,110,68
1767628240271,4,200,true,110,110,1
1767628240128,148,200,true,110,110,148
1767628240273,4,200,true,110,110,2
1767628240274,3,200,true,110,110,3
1767628240125,152,200,true,110,110,152
1767628240277,1,200,true,110,110,1
1767628240277,1,200,true,110,110,1
1767628240277,2,200,true,110,110,2
1767628240207,74,200,true,110,110,74
1767628240211,70,200,true,110,110,70
1767628240211,70,200,true,110,110,70
1767628240213,68,200,true,110,110,68
1767628240211,71,200,true,110,110,71
1767628240211,71,200,true,110,110,70
1767628240281,1,200,true,110,110,1
1767628240282,1,200,true,110,110,1
1767628240282,2,200,true,110,110,2
1767628240283,1,200,true,110,110,1
1767628240284,1,200,true,110,110,1
1767628240212,73,200,true,110,110,73
1767628240214,72,200,true,110,110,72
1767628240137,149,200,true,110,110,149
1767628240223,65,200,true,110,110,65
1767628240225,64,200,true,110,110,64
1767628240215,74,200,true,110,110,74
1767628240215,75,200,true,110,110,75
1767628240218,72,200,true,110,110,72
1767628240218,72,200,true,110,110,72
1767628240214,76,200,true,110,110,76
1767628240223,68,200,true,110,110,66
1767628240221,70,200,true,110,110,69
1767628240217,74,200,true,110,110,72
1767628240220,71,200,true,110,110,70
1767628240214,77,200,true,110,110,72
1767628240219,72,200,true,110,110,72
1767628240210,81,200,true,110,110,80
1767628240215,77,200,true,110,110,75
1767628240286,6,200,true,110,110,6
1767628240290,3,200,true,110,110,3
1767628240286,8,200,true,110,110,8
1767628240227,67,200,true,110,110,67
1767628240232,62,200,true,110,110,62
1767628240232,63,200,true,110,110,63
1767628240222,73,200,true,110,110,72
1767628240219,77,200,true,110,110,76
1767628240294,2,200,true,110,110,2
1767628240294,2,200,true,110,110,1
1767628240142,156,200,true,110,110,156
1767628240233,69,200,true,110,110,69
1767628240244,58,200,true,110,110,58
1767628240242,60,200,true,110,110,60
1767628240229,73,200,true,110,110,73
1767628240138,165,200,true,110,110,165
1767628240140,163,200,true,110,110,158
1767628240139,164,200,true,110,110,164
1767628240144,159,200,true,110,110,154
1767628240226,77,200,true,110,110,77
1767628240141,162,200,true,110,110,162
1767628240243,60,200,true,110,110,60
1767628240228,75,200,true,110,110,75
1767628240244,59,200,true,110,110,57
1767628240228,75,200,true,110,110,75
1767628240237,66,200,true,110,110,65
1767628240237,66,200,true,110,110,66
1767628240233,70,200,true,110,110,68
1767628240237,66,200,true,110,110,62
1767628240234,69,200,true,110,110,67
1767628240237,66,200,true,110,110,62
1767628240244,59,200,true,110,110,57
1767628240237,66,200,true,110,110,62
1767628240243,61,200,true,110,110,57
1767628240243,61,200,true,110,110,57
1767628240241,63,200,true,110,110,58
1767628240220,84,200,true,110,110,84
1767628240240,64,200,true,110,110,60
1767628240242,62,200,true,110,110,58
1767628240133,172,200,true,110,110,171
1767628240224,81,200,true,110,110,80
1767628240141,166,200,true,110,110,166
1767628240302,8,200,true,110,110,8
1767628240295,18,200,true,110,110,18
1767628240289,26,200,true,110,110,26
1767628240303,13,200,true,110,110,13
1767628240303,14,200,true,110,110,14
1767628240310,9,200,true,110,110,9
1767628240245,74,200,true,110,110,74
1767628240246,74,200,true,110,110,74
1767628240227,93,200,true,110,110,93
1767628240304,16,200,true,110,110,16
1767628240249,71,200,true,110,110,71
1767628240248,73,200,true,110,110,73
1767628240253,69,200,true,110,110,69
1767628240254,68,200,true,110,110,68
1767628240151,171,200,true,110,110,170
1767628240253,69,200,true,110,110,68
1767628240152,171,200,true,110,110,170
1767628240254,69,200,true,110,110,68
1767628240247,76,200,true,110,110,76
1767628240170,154,200,true,110,110,154
1767628240258,67,200,true,110,110,67
1767628240170,155,200,true,110,110,155
1767628240179,147,200,true,110,110,147
1767628240264,63,200,true,110,110,63
1767628240265,62,200,true,110,110,62
1767628240258,69,200,true,110,110,66
1767628240259,68,200,true,110,110,67
1767628240268,60,200,true,110,110,60
1767628240265,63,200,true,110,110,62
1767628240258,70,200,true,110,110,67
1767628240171,157,200,true,110,110,154
1767628240268,60,200,true,110,110,60
1767628240258,71,200,true,110,110,68
1767628240259,70,200,true,110,110,67
1767628240266,63,200,true,110,110,61
1767628240270,63,200,true,110,110,63
1767628240272,64,200,true,110,110,64
1767628240266,72,200,true,110,110,67
1767628240273,66,200,true,110,110,65
1767628240274,66,200,true,110,110,66
1767628240275,65,200,true,110,110,65
1767628240273,67,200,true,110,110,67
1767628240276,68,200,true,110,110,68
1767628240328,17,200,true,110,110,17
1767628240323,23,200,true,110,110,23
1767628240275,71,200,true,110,110,71
1767628240320,27,200,true,110,110,27
1767628240333,16,200,true,110,110,16
1767628240317,32,200,true,110,110,32
1767628240279,76,200,true,110,110,76
1767628240325,30,200,true,110,110,30
1767628240215,144,200,true,110,110,144
1767628240282,77,200,true,110,110,77
1767628240284,76,200,true,110,110,76
1767628240281,79,200,true,110,110,79
1767628240281,79,200,true,110,110,79
1767628240285,75,200,true,110,110,75
1767628240222,138,200,true,110,110,138
1767628240290,71,200,true,110,110,71
1767628240291,70,200,true,110,110,70
1767628240290,71,200,true,110,110,71
1767628240285,77,200,true,110,110,75
1767628240359,3,200,true,110,110,3
1767628240302,61,200,true,110,110,61
1767628240303,60,200,true,110,110,60
1767628240304,59,200,true,110,110,59
1767628240304,60,200,true,110,110,60
1767628240296,72,200,true,110,110,72
1767628240291,78,200,true,110,110,78
1767628240303,66,200,true,110,110,66
1767628240305,65,200,true,110,110,65
1767628240292,78,200,true,110,110,78
1767628240303,68,200,true,110,110,68
1767628240304,67,200,true,110,110,67
1767628240294,78,200,true,110,110,78
1767628240296,76,200,true,110,110,76
1767628240292,80,200,true,110,110,80
1767628240369,4,200,true,110,110,1
1767628240361,12,200,true,110,110,8
1767628240292,82,200,true,110,110,82
1767628240296,78,200,true,110,110,78
1767628240291,84,200,true,110,110,84
1767628240290,85,200,true,110,110,85
1767628240303,73,200,true,110,110,73
1767628240305,71,200,true,110,110,71
1767628240289,87,200,true,110,110,87
1767628240291,85,200,true,110,110,85
1767628240291,86,200,true,110,110,86
1767628240288,89,200,true,110,110,88
1767628240291,86,200,true,110,110,86
1767628240295,83,200,true,110,110,83
1767628240302,76,200,true,110,110,76
1767628240303,75,200,true,110,110,75
1767628240303,75,200,true,110,110,75
1767628240303,75,200,true,110,110,75
1767628240303,76,200,true,110,110,76
1767628240303,76,200,true,110,110,76
1767628240293,86,200,true,110,110,86
1767628240303,76,200,true,110,110,76
1767628240372,7,200,true,110,110,7
1767628240303,77,200,true,110,110,74
1767628240304,82,200,true,110,110,82
1767628240302,86,200,true,110,110,86
1767628240303,86,200,true,110,110,86
1767628240313,76,200,true,110,110,76
1767628240303,86,200,true,110,110,86
1767628240258,132,200,true,110,110,132
1767628240259,131,200,true,110,110,131
1767628240304,87,200,true,110,110,85
1767628240307,84,200,true,110,110,84
1767628240304,87,200,true,110,110,84
1767628240304,88,200,true,110,110,87
1767628240389,4,200,true,110,110,3
1767628240322,72,200,true,110,110,72
1767628240322,72,200,true,110,110,72
1767628240325,69,200,true,110,110,69
1767628240320,74,200,true,110,110,74
1767628240327,68,200,true,110,110,68
1767628240298,98,200,true,110,110,94
1767628240390,6,200,true,110,110,6
1767628240319,78,200,true,110,110,78
1767628240320,77,200,true,110,110,77
1767628240272,125,200,true,110,110,125
1767628240326,72,200,true,110,110,72
1767628240322,76,200,true,110,110,76
1767628240327,72,200,true,110,110,72
1767628240323,77,200,true,110,110,77
1767628240328,72,200,true,110,110,72
1767628240391,10,200,true,110,110,9
1767628240389,12,200,true,110,110,12
1767628240328,74,200,true,110,110,74
1767628240329,73,200,true,110,110,73
1767628240398,5,200,true,110,110,5
1767628240398,5,200,true,110,110,5
1767628240396,8,200,true,110,110,8
1767628240394,10,200,true,110,110,10
1767628240395,10,200,true,110,110,10
1767628240398,7,200,true,110,110,7
1767628240393,13,200,true,110,110,13
1767628240396,10,200,true,110,110,10
1767628240399,8,200,true,110,110,8
1767628240265,142,200,true,110,110,133
1767628240397,10,200,true,110,110,10
1767628240327,81,200,true,110,110,75
1767628240245,163,200,true,110,110,151
1767628240319,92,200,true,110,110,92
1767628240329,82,200,true,110,110,82
1767628240323,88,200,true,110,110,88
1767628240328,84,200,true,110,110,84
1767628240273,139,200,true,110,110,139
1767628240325,87,200,true,110,110,87
1767628240327,85,200,true,110,110,85
1767628240411,2,200,true,110,110,2
1767628240411,2,200,true,110,110,2
1767628240412,2,200,true,110,110,2
1767628240411,3,200,true,110,110,3
1767628240412,2,200,true,110,110,2
1767628240412,3,200,true,110,110,3
1767628240413,3,200,true,110,110,3
1767628240413,3,200,true,110,110,3
1767628240414,3,200,true,110,110,3
1767628240414,3,200,true,110,110,3
1767628240414,3,200,true,110,110,3
1767628240415,3,200,true,110,110,3
1767628240416,2,200,true,110,110,2
1767628240416,3,200,true,110,110,3
1767628240417,2,200,true,110,110,2
1767628240418,2,200,true,110,110,2
1767628240418,2,200,true,110,110,2
1767628240418,3,200,true,110,110,3
1767628240419,2,200,true,110,110,2
1767628240419,2,200,true,110,110,2
1767628240420,2,200,true,110,110,2
1767628240420,2,200,true,110,110,2
1767628240421,2,200,true,110,110,2
1767628240421,2,200,true,110,110,2
1767628240422,2,200,true,110,110,2
1767628240422,2,200,true,110,110,2
1767628240423,2,200,true,110,110,2
1767628240423,2,200,true,110,110,2
1767628240424,1,200,true,110,110,1
1767628240424,2,200,true,110,110,2
1767628240425,1,200,true,110,110,1
1767628240425,2,200,true,110,110,2
1767628240426,1,200,true,110,110,1
1767628240426,3,200,true,110,110,3
1767628240339,90,200,true,110,110,90
1767628240328,101,200,true,110,110,101
1767628240322,109,200,true,110,110,108
1767628240321,110,200,true,110,110,110
1767628240320,111,200,true,110,110,111
1767628240329,102,200,true,110,110,102
1767628240315,116,200,true,110,110,116
1767628240412,19,200,true,110,110,3
1767628240316,115,200,true,110,110,115
1767628240340,92,200,true,110,110,92
1767628240344,88,200,true,110,110,88
1767628240349,85,200,true,110,110,85
1767628240338,97,200,true,110,110,97
1767628240346,89,200,true,110,110,89
1767628240278,158,200,true,110,110,158
1767628240281,156,200,true,110,110,156
1767628240347,90,200,true,110,110,89
1767628240341,96,200,true,110,110,96
1767628240355,82,200,true,110,110,82
1767628240349,88,200,true,110,110,88
1767628240355,82,200,true,110,110,82
1767628240347,90,200,true,110,110,89
1767628240361,77,200,true,110,110,77
1767628240435,3,200,true,110,110,3
1767628240278,160,200,true,110,110,160
1767628240209,230,200,true,110,110,230
1767628240303,138,200,true,110,110,138
1767628240431,10,200,true,110,110,10
1767628240360,82,200,true,110,110,82
1767628240360,82,200,true,110,110,82
1767628240363,79,200,true,110,110,79
1767628240360,82,200,true,110,110,82
1767628240360,83,200,true,110,110,83
1767628240360,83,200,true,110,110,83
1767628240361,82,200,true,110,110,82
1767628240362,81,200,true,110,110,81
1767628240360,84,200,true,110,110,84
1767628240431,13,200,true,110,110,13
1767628240363,81,200,true,110,110,81
1767628240363,81,200,true,110,110,81
1767628240362,83,200,true,110,110,83
1767628240431,14,200,true,110,110,14
1767628240373,72,200,true,110,110,72
1767628240372,73,200,true,110,110,73
1767628240372,74,200,true,110,110,74
1767628240374,72,200,true,110,110,72
1767628240375,71,200,true,110,110,71
1767628240379,67,200,true,110,110,67
1767628240375,72,200,true,110,110,72
1767628240371,76,200,true,110,110,76
1767628240376,71,200,true,110,110,71
1767628240371,76,200,true,110,110,76
1767628240373,75,200,true,110,110,75
1767628240369,79,200,true,110,110,79
1767628240377,71,200,true,110,110,71
1767628240380,68,200,true,110,110,68
1767628240376,73,200,true,110,110,73
1767628240374,75,200,true,110,110,75
1767628240376,73,200,true,110,110,73
1767628240376,73,200,true,110,110,73
1767628240370,79,200,true,110,110,79
1767628240370,79,200,true,110,110,79
1767628240377,73,200,true,110,110,73
1767628240378,72,200,true,110,110,72
1767628240377,73,200,true,110,110,73
1767628240368,82,200,true,110,110,82
1767628240378,72,200,true,110,110,72
1767628240378,73,200,true,110,110,73
1767628240378,73,200,true,110,110,73
1767628240378,73,200,true,110,110,73
1767628240379,72,200,true,110,110,72
1767628240379,73,200,true,110,110,73
1767628240379,73,200,true,110,110,73
1767628240380,72,200,true,110,110,72
1767628240386,66,200,true,110,110,66
1767628240394,58,200,true,110,110,58
1767628240442,11,200,true,110,110,11
1767628240441,12,200,true,110,110,12
1767628240442,12,200,true,110,110,12
1767628240444,10,200,true,110,110,10
1767628240444,10,200,true,110,110,10
1767628240442,13,200,true,110,110,13
1767628240437,18,200,true,110,110,18
1767628240442,14,200,true,110,110,14
1767628240437,19,200,true,110,110,19
1767628240443,14,200,true,110,110,14
1767628240437,20,200,true,110,110,20
1767628240436,22,200,true,110,110,22
1767628240443,15,200,true,110,110,15
1767628240439,19,200,true,110,110,19
1767628240443,16,200,true,110,110,16
1767628240443,17,200,true,110,110,17
1767628240438,22,200,true,110,110,22
1767628240437,24,200,true,110,110,24
1767628240437,24,200,true,110,110,24
1767628240438,23,200,true,110,110,23
1767628240442,20,200,true,110,110,20
1767628240444,18,200,true,110,110,18
1767628240444,19,200,true,110,110,19
1767628240437,26,200,true,110,110,26
1767628240438,27,200,true,110,110,27
1767628240446,23,200,true,110,110,23
1767628240450,19,200,true,110,110,19
1767628240450,20,200,true,110,110,20
1767628240390,85,200,true,110,110,85
1767628240391,85,200,true,110,110,85
1767628240389,87,200,true,110,110,87
1767628240457,20,200,true,110,110,20
1767628240388,89,200,true,110,110,86
1767628240456,25,200,true,110,110,25
1767628240465,16,200,true,110,110,16
1767628240392,89,200,true,110,110,89
1767628240394,87,200,true,110,110,87
1767628240397,85,200,true,110,110,84
1767628240481,1,200,true,110,110,1
1767628240481,3,200,true,110,110,3
1767628240391,94,200,true,110,110,94
1767628240394,91,200,true,110,110,91
1767628240400,86,200,true,110,110,85
1767628240401,85,200,true,110,110,85
1767628240402,85,200,true,110,110,85
1767628240401,86,200,true,110,110,86
1767628240482,6,200,true,110,110,3
1767628240485,3,200,true,110,110,3
1767628240403,86,200,true,110,110,86
1767628240487,3,200,true,110,110,2
1767628240402,88,200,true,110,110,88
1767628240487,3,200,true,110,110,2
1767628240404,88,200,true,110,110,88
1767628240405,88,200,true,110,110,88
1767628240491,3,200,true,110,110,3
1767628240406,88,200,true,110,110,88
1767628240406,89,200,true,110,110,89
1767628240407,88,200,true,110,110,88
1767628240492,4,200,true,110,110,4
1767628240407,89,200,true,110,110,89
1767628240490,7,200,true,110,110,5
1767628240408,89,200,true,110,110,89
1767628240405,92,200,true,110,110,92
1767628240408,91,200,true,110,110,91
1767628240496,3,200,true,110,110,3
1767628240494,6,200,true,110,110,6
1767628240497,3,200,true,110,110,3
1767628240497,4,200,true,110,110,4
1767628240497,5,200,true,110,110,5
1767628240499,3,200,true,110,110,3
1767628240499,4,200,true,110,110,4
1767628240500,3,200,true,110,110,3
1767628240425,79,200,true,110,110,79
1767628240501,3,200,true,110,110,3
1767628240421,85,200,true,110,110,85
1767628240417,91,200,true,110,110,91
1767628240400,108,200,true,110,110,108
1767628240340,169,200,true,110,110,169
1767628240427,83,200,true,110,110,82
1767628240431,79,200,true,110,110,79
1767628240429,84,200,true,110,110,83
1767628240431,83,200,true,110,110,82
1767628240432,82,200,true,110,110,82
1767628240430,84,200,true,110,110,84
1767628240431,83,200,true,110,110,83
1767628240432,82,200,true,110,110,81
1767628240364,151,200,true,110,110,151
1767628240429,86,200,true,110,110,85
1767628240446,70,200,true,110,110,70
1767628240431,85,200,true,110,110,85
1767628240510,6,200,true,110,110,6
1767628240447,70,200,true,110,110,70
1767628240445,72,200,true,110,110,72
1767628240434,84,200,true,110,110,83
1767628240446,72,200,true,110,110,71
1767628240515,4,200,true,110,110,3
1767628240437,82,200,true,110,110,82
1767628240447,72,200,true,110,110,72
1767628240435,84,200,true,110,110,84
1767628240447,73,200,true,110,110,73
1767628240448,75,200,true,110,110,75
1767628240449,75,200,true,110,110,73
1767628240448,76,200,true,110,110,74
1767628240446,78,200,true,110,110,78
1767628240445,79,200,true,110,110,79
1767628240449,75,200,true,110,110,73
1767628240449,75,200,true,110,110,74
1767628240450,74,200,true,110,110,74
1767628240449,75,200,true,110,110,74
1767628240452,73,200,true,110,110,73
1767628240450,75,200,true,110,110,75
1767628240450,75,200,true,110,110,75
1767628240449,76,200,true,110,110,76
1767628240450,78,200,true,110,110,78
1767628240445,83,200,true,110,110,83
1767628240516,12,200,true,110,110,12
1767628240451,78,200,true,110,110,78
1767628240451,78,200,true,110,110,78
1767628240452,77,200,true,110,110,77
1767628240451,79,200,true,110,110,79
1767628240453,77,200,true,110,110,77
1767628240453,77,200,true,110,110,77
1767628240452,78,200,true,110,110,78
1767628240452,79,200,true,110,110,78
1767628240530,1,200,true,110,110,1
1767628240514,18,200,true,110,110,18
1767628240524,10,200,true,110,110,10
1767628240454,82,200,true,110,110,82
1767628240454,82,200,true,110,110,82
1767628240524,12,200,true,110,110,12
1767628240520,19,200,true,110,110,15
1767628240524,16,200,true,110,110,13
1767628240524,16,200,true,110,110,16
1767628240458,83,200,true,110,110,83
1767628240459,82,200,true,110,110,82
1767628240455,86,200,true,110,110,85
1767628240456,85,200,true,110,110,85
1767628240458,83,200,true,110,110,83
1767628240457,85,200,true,110,110,85
1767628240459,83,200,true,110,110,83
1767628240455,87,200,true,110,110,87
1767628240461,82,200,true,110,110,81
1767628240462,81,200,true,110,110,81
1767628240462,82,200,true,110,110,82
1767628240461,83,200,true,110,110,82
1767628240460,84,200,true,110,110,84
1767628240461,83,200,true,110,110,83
1767628240463,82,200,true,110,110,82
1767628240469,76,200,true,110,110,76
1767628240476,70,200,true,110,110,70
1767628240477,69,200,true,110,110,69
1767628240477,69,200,true,110,110,69
1767628240469,78,200,true,110,110,78
1767628240476,71,200,true,110,110,71
1767628240470,78,200,true,110,110,77
1767628240475,73,200,true,110,110,73
1767628240460,88,200,true,110,110,82
1767628240463,85,200,true,110,110,85
1767628240445,104,200,true,110,110,104
1767628240531,20,200,true,110,110,20
1767628240481,70,200,true,110,110,70
1767628240481,70,200,true,110,110,70
1767628240541,10,200,true,110,110,10
1767628240485,67,200,true,110,110,67
1767628240482,70,200,true,110,110,70
1767628240484,68,200,true,110,110,68
1767628240486,66,200,true,110,110,66
1767628240486,67,200,true,110,110,67
1767628240488,65,200,true,110,110,65
1767628240552,2,200,true,110,110,1
1767628240553,1,200,true,110,110,1
1767628240488,66,200,true,110,110,66
1767628240490,64,200,true,110,110,64
1767628240407,148,200,true,110,110,148
1767628240404,151,200,true,110,110,151
1767628240493,62,200,true,110,110,62
1767628240494,62,200,true,110,110,62
1767628240495,61,200,true,110,110,61
1767628240496,60,200,true,110,110,60
1767628240496,61,200,true,110,110,60
1767628240403,154,200,true,110,110,154
1767628240454,103,200,true,110,110,97
1767628240489,68,200,true,110,110,68
1767628240503,55,200,true,110,110,55
1767628240501,57,200,true,110,110,57
1767628240503,55,200,true,110,110,55
1767628240502,56,200,true,110,110,56
1767628240502,57,200,true,110,110,57
1767628240506,54,200,true,110,110,54
1767628240504,56,200,true,110,110,56
1767628240345,217,200,true,110,110,217
1767628240541,21,200,true,110,110,21
1767628240508,54,200,true,110,110,54
1767628240427,135,200,true,110,110,135
1767628240510,53,200,true,110,110,53
1767628240514,49,200,true,110,110,49
1767628240514,55,200,true,110,110,55
1767628240447,123,200,true,110,110,123
1767628240513,58,200,true,110,110,57
1767628240548,23,200,true,110,110,22
1767628240516,57,200,true,110,110,57
1767628240515,58,200,true,110,110,58
1767628240448,125,200,true,110,110,125
1767628240448,126,200,true,110,110,126
1767628240514,65,200,true,110,110,65
1767628240452,128,200,true,110,110,128
1767628240517,63,200,true,110,110,63
1767628240551,30,200,true,110,110,29
1767628240556,25,200,true,110,110,25
1767628240518,64,200,true,110,110,64
1767628240516,67,200,true,110,110,66
1767628240519,65,200,true,110,110,65
1767628240552,32,200,true,110,110,32
1767628240531,54,200,true,110,110,54
1767628240558,27,200,true,110,110,27
1767628240556,29,200,true,110,110,27
1767628240562,24,200,true,110,110,24
1767628240519,67,200,true,110,110,67
1767628240514,73,200,true,110,110,73
1767628240451,136,200,true,110,110,136
1767628240562,25,200,true,110,110,20
1767628240551,37,200,true,110,110,36
1767628240519,71,200,true,110,110,71
1767628240524,66,200,true,110,110,66
1767628240523,68,200,true,110,110,68
1767628240524,67,200,true,110,110,67
1767628240524,68,200,true,110,110,68
1767628240554,38,200,true,110,110,38
1767628240524,68,200,true,110,110,68
1767628240526,67,200,true,110,110,67
1767628240554,41,200,true,110,110,40
1767628240525,70,200,true,110,110,70
1767628240525,71,200,true,110,110,71
1767628240569,28,200,true,110,110,28
1767628240536,61,200,true,110,110,61
1767628240528,70,200,true,110,110,70
1767628240530,68,200,true,110,110,68
1767628240525,73,200,true,110,110,69
1767628240546,54,200,true,110,110,54
1767628240542,59,200,true,110,110,59
1767628240544,57,200,true,110,110,57
1767628240504,98,200,true,110,110,98
1767628240580,22,200,true,110,110,22
1767628240581,21,200,true,110,110,21
1767628240529,75,200,true,110,110,75
1767628240529,75,200,true,110,110,75
1767628240556,49,200,true,110,110,44
1767628240536,70,200,true,110,110,70
1767628240571,37,200,true,110,110,37
1767628240592,16,200,true,110,110,15
1767628240584,24,200,true,110,110,24
1767628240542,67,200,true,110,110,67
1767628240546,63,200,true,110,110,63
1767628240541,70,200,true,110,110,70
1767628240528,83,200,true,110,110,62
1767628240583,28,200,true,110,110,20
1767628240534,77,200,true,110,110,77
1767628240588,24,200,true,110,110,21
1767628240539,73,200,true,110,110,73
1767628240547,66,200,true,110,110,65
1767628240597,16,200,true,110,110,13
1767628240590,24,200,true,110,110,22
1767628240590,25,200,true,110,110,24
1767628240547,69,200,true,110,110,68
1767628240541,75,200,true,110,110,75
1767628240536,81,200,true,110,110,81
1767628240540,77,200,true,110,110,77
1767628240542,76,200,true,110,110,76
1767628240509,109,200,true,110,110,106
1767628240592,27,200,true,110,110,27
1767628240587,32,200,true,110,110,32
1767628240607,12,200,true,110,110,12
1767628240602,17,200,true,110,110,17
1767628240602,18,200,true,110,110,18
1767628240602,18,200,true,110,110,18
1767628240598,22,200,true,110,110,22
1767628240598,22,200,true,110,110,22
1767628240604,17,200,true,110,110,17
1767628240598,23,200,true,110,110,23
1767628240604,17,200,true,110,110,17
1767628240597,24,200,true,110,110,24
1767628240605,16,200,true,110,110,16
1767628240600,22,200,true,110,110,22
1767628240608,14,200,true,110,110,14
1767628240608,14,200,true,110,110,14
1767628240608,14,200,true,110,110,14
1767628240336,287,200,true,110,110,287
1767628240532,92,200,true,110,110,92
1767628240540,84,200,true,110,110,84
1767628240544,80,200,true,110,110,80
1767628240543,82,200,true,110,110,82
1767628240549,76,200,true,110,110,76
1767628240548,77,200,true,110,110,77
1767628240545,80,200,true,110,110,80
1767628240625,1,200,true,110,110,1
1767628240508,118,200,true,110,110,118
1767628240544,83,200,true,110,110,83
1767628240546,82,200,true,110,110,82
1767628240543,85,200,true,110,110,85
1767628240545,83,200,true,110,110,82
1767628240541,87,200,true,110,110,87
1767628240551,78,200,true,110,110,78
1767628240552,77,200,true,110,110,77
1767628240557,73,200,true,110,110,72
1767628240557,73,200,true,110,110,73
1767628240553,77,200,true,110,110,77
1767628240562,68,200,true,110,110,67
1767628240557,74,200,true,110,110,74
1767628240560,71,200,true,110,110,71
1767628240557,74,200,true,110,110,74
1767628240558,74,200,true,110,110,74
1767628240518,114,200,true,110,110,110
1767628240563,69,200,true,110,110,67
1767628240555,77,200,true,110,110,77
1767628240548,84,200,true,110,110,84
1767628240544,88,200,true,110,110,88
1767628240631,1,200,true,110,110,1
1767628240517,116,200,true,110,110,116
1767628240554,79,200,true,110,110,79
1767628240558,76,200,true,110,110,76
1767628240562,72,200,true,110,110,72
1767628240560,74,200,true,110,110,74
1767628240530,105,200,true,110,110,105
1767628240552,83,200,true,110,110,81
1767628240586,49,200,true,110,110,49
1767628240531,110,200,true,110,110,109
1767628240619,23,200,true,110,110,23
1767628240620,23,200,true,110,110,23
1767628240611,34,200,true,110,110,34
1767628240624,22,200,true,110,110,22
1767628240617,29,200,true,110,110,29
1767628240634,14,200,true,110,110,14
1767628240628,25,200,true,110,110,25
1767628240621,32,200,true,110,110,32
1767628240621,33,200,true,110,110,33
1767628240611,46,200,true,110,110,46
1767628240626,31,200,true,110,110,31
1767628240622,35,200,true,110,110,35
1767628240624,38,200,true,110,110,38
1767628240554,109,200,true,110,110,109
1767628240571,92,200,true,110,110,92
1767628240556,108,200,true,110,110,107
1767628240663,1,200,true,110,110,1
1767628240587,78,200,true,110,110,75
1767628240563,102,200,true,110,110,102
1767628240663,2,200,true,110,110,2
1767628240665,1,200,true,110,110,1
1767628240555,111,200,true,110,110,107
1767628240665,2,200,true,110,110,2
1767628240665,2,200,true,110,110,2
1767628240571,97,200,true,110,110,97
1767628240666,2,200,true,110,110,2
1767628240529,142,200,true,110,110,142
1767628240528,143,200,true,110,110,143
1767628240548,124,200,true,110,110,124
1767628240581,91,200,true,110,110,91
1767628240559,113,200,true,110,110,113
1767628240519,154,200,true,110,110,154
1767628240584,90,200,true,110,110,90
1767628240579,95,200,true,110,110,95
1767628240580,94,200,true,110,110,93
1767628240583,91,200,true,110,110,89
1767628240672,3,200,true,110,110,3
1767628240586,89,200,true,110,110,89
1767628240574,102,200,true,110,110,102
1767628240585,91,200,true,110,110,91
1767628240585,91,200,true,110,110,91
1767628240586,91,200,true,110,110,91
1767628240609,68,200,true,110,110,68
1767628240591,86,200,true,110,110,86
1767628240591,86,200,true,110,110,86
1767628240593,85,200,true,110,110,85
1767628240601,79,200,true,110,110,79
1767628240595,85,200,true,110,110,84
1767628240616,64,200,true,110,110,64
1767628240602,78,200,true,110,110,77
1767628240595,85,200,true,110,110,84
1767628240593,87,200,true,110,110,87
1767628240613,67,200,true,110,110,67
1767628240680,1,200,true,110,110,1
1767628240627,54,200,true,110,110,54
1767628240596,86,200,true,110,110,85
1767628240551,131,200,true,110,110,127
1767628240589,93,200,true,110,110,93
1767628240611,71,200,true,110,110,71
1767628240630,53,200,true,110,110,53
1767628240630,54,200,true,110,110,53
1767628240630,54,200,true,110,110,54
1767628240635,49,200,true,110,110,49
1767628240626,59,200,true,110,110,59
1767628240672,13,200,true,110,110,12
1767628240631,54,200,true,110,110,53
1767628240629,56,200,true,110,110,55
1767628240632,55,200,true,110,110,55
1767628240612,76,200,true,110,110,76
1767628240632,56,200,true,110,110,56
1767628240623,65,200,true,110,110,65
1767628240623,66,200,true,110,110,66
1767628240613,76,200,true,110,110,76
1767628240631,58,200,true,110,110,58
1767628240632,57,200,true,110,110,56
1767628240619,71,200,true,110,110,70
1767628240671,19,200,true,110,110,16
1767628240634,57,200,true,110,110,57
1767628240632,59,200,true,110,110,59
1767628240633,58,200,true,110,110,58
1767628240688,3,200,true,110,110,2
1767628240689,2,200,true,110,110,2
1767628240630,61,200,true,110,110,61
1767628240635,57,200,true,110,110,57
1767628240618,74,200,true,110,110,74
1767628240635,58,200,true,110,110,58
1767628240614,79,200,true,110,110,79
1767628240692,1,200,true,110,110,1
1767628240612,81,200,true,110,110,81
1767628240616,78,200,true,110,110,78
1767628240611,83,200,true,110,110,83
1767628240634,60,200,true,110,110,60
1767628240628,66,200,true,110,110,66
1767628240617,78,200,true,110,110,78
1767628240615,80,200,true,110,110,80
1767628240633,62,200,true,110,110,62
1767628240622,73,200,true,110,110,73
1767628240676,21,200,true,110,110,20
1767628240683,14,200,true,110,110,14
1767628240618,80,200,true,110,110,80
1767628240684,15,200,true,110,110,14
1767628240645,54,200,true,110,110,53
1767628240625,75,200,true,110,110,75
1767628240622,79,200,true,110,110,79
1767628240691,11,200,true,110,110,10
1767628240691,11,200,true,110,110,11
1767628240642,60,200,true,110,110,60
1767628240685,18,200,true,110,110,15
1767628240621,82,200,true,110,110,82
1767628240625,79,200,true,110,110,79
1767628240641,64,200,true,110,110,63
1767628240620,85,200,true,110,110,81
1767628240693,12,200,true,110,110,11
1767628240622,85,200,true,110,110,85
1767628240693,14,200,true,110,110,14
1767628240705,2,200,true,110,110,1
1767628240692,16,200,true,110,110,16
1767628240643,71,200,true,110,110,71
1767628240677,37,200,true,110,110,37
1767628240654,64,200,true,110,110,64
1767628240653,66,200,true,110,110,64
1767628240648,71,200,true,110,110,71
1767628240657,62,200,true,110,110,60
1767628240653,66,200,true,110,110,64
1767628240625,94,200,true,110,110,93
1767628240657,62,200,true,110,110,61
1767628240657,62,200,true,110,110,61
1767628240619,101,200,true,110,110,99
1767628240620,104,200,true,110,110,104
1767628240695,29,200,true,110,110,29
1767628240620,105,200,true,110,110,105
1767628240703,22,200,true,110,110,22
1767628240628,99,200,true,110,110,99
1767628240703,24,200,true,110,110,24
1767628240705,23,200,true,110,110,23
1767628240707,21,200,true,110,110,21
1767628240632,96,200,true,110,110,96
1767628240662,67,200,true,110,110,67
1767628240664,66,200,true,110,110,65
1767628240664,66,200,true,110,110,66
1767628240632,98,200,true,110,110,98
1767628240666,64,200,true,110,110,64
1767628240707,23,200,true,110,110,23
1767628240667,64,200,true,110,110,63
1767628240573,160,200,true,110,110,160
1767628240574,161,200,true,110,110,161
1767628240558,178,200,true,110,110,178
1767628240667,70,200,true,110,110,69
1767628240668,69,200,true,110,110,69
1767628240714,23,200,true,110,110,23
1767628240674,66,200,true,110,110,66
1767628240672,69,200,true,110,110,69
1767628240729,12,200,true,110,110,12
1767628240621,121,200,true,110,110,121
1767628240629,116,200,true,110,110,116
1767628240632,116,200,true,110,110,116
1767628240737,11,200,true,110,110,7
1767628240730,18,200,true,110,110,18
1767628240684,65,200,true,110,110,65
1767628240684,65,200,true,110,110,64
1767628240681,68,200,true,110,110,68
1767628240677,73,200,true,110,110,73
1767628240687,63,200,true,110,110,63
1767628240685,65,200,true,110,110,65
1767628240688,66,200,true,110,110,66
1767628240689,65,200,true,110,110,65
1767628240745,11,200,true,110,110,11
1767628240725,31,200,true,110,110,31
1767628240749,8,200,true,110,110,8
1767628240700,59,200,true,110,110,59
1767628240748,13,200,true,110,110,13
1767628240742,20,200,true,110,110,20
1767628240754,11,200,true,110,110,11
1767628240671,95,200,true,110,110,94
1767628240675,91,200,true,110,110,91
1767628240680,86,200,true,110,110,86
1767628240676,90,200,true,110,110,90
1767628240766,1,200,true,110,110,1
1767628240766,1,200,true,110,110,1
1767628240766,2,200,true,110,110,1
1767628240766,2,200,true,110,110,2
1767628240767,1,200,true,110,110,1
1767628240767,2,200,true,110,110,2
1767628240768,1,200,true,110,110,1
1767628240768,2,200,true,110,110,2
1767628240768,2,200,true,110,110,2
1767628240769,2,200,true,110,110,2
1767628240688,83,200,true,110,110,83
1767628240770,3,200,true,110,110,3
1767628240680,93,200,true,110,110,93
1767628240689,84,200,true,110,110,84
1767628240691,83,200,true,110,110,83
1767628240691,83,200,true,110,110,83
1767628240691,83,200,true,110,110,83
1767628240707,67,200,true,110,110,67
1767628240695,81,200,true,110,110,81
1767628240694,82,200,true,110,110,82
1767628240674,103,200,true,110,110,103
1767628240693,85,200,true,110,110,85
1767628240682,97,200,true,110,110,96
1767628240694,85,200,true,110,110,85
1767628240691,88,200,true,110,110,88
1767628240693,86,200,true,110,110,85
1767628240773,7,200,true,110,110,7
1767628240694,86,200,true,110,110,86
1767628240695,86,200,true,110,110,86
1767628240680,101,200,true,110,110,101
1767628240676,105,200,true,110,110,104
1767628240695,88,200,true,110,110,88
1767628240682,102,200,true,110,110,102
1767628240681,103,200,true,110,110,102
1767628240677,107,200,true,110,110,107
1767628240695,89,200,true,110,110,89
1767628240680,105,200,true,110,110,105
1767628240682,103,200,true,110,110,102
1767628240678,107,200,true,110,110,107
1767628240680,105,200,true,110,110,105
1767628240677,108,200,true,110,110,108
1767628240774,11,200,true,110,110,3
1767628240673,114,200,true,110,110,114
1767628240690,97,200,true,110,110,97
1767628240674,113,200,true,110,110,113
1767628240779,9,200,true,110,110,9
1767628240779,12,200,true,110,110,12
1767628240690,102,200,true,110,110,102
1767628240697,95,200,true,110,110,95
1767628240698,95,200,true,110,110,95
1767628240680,113,200,true,110,110,113
1767628240646,150,200,true,110,110,149
1767628240647,149,200,true,110,110,148
1767628240675,121,200,true,110,110,120
1767628240682,114,200,true,110,110,114
1767628240699,98,200,true,110,110,98
1767628240624,174,200,true,110,110,174
1767628240718,81,200,true,110,110,81
1767628240702,97,200,true,110,110,97
1767628240719,82,200,true,110,110,81
1767628240719,82,200,true,110,110,82
1767628240702,99,200,true,110,110,99
1767628240702,99,200,true,110,110,99
1767628240701,101,200,true,110,110,99
1767628240796,6,200,true,110,110,3
1767628240719,85,200,true,110,110,84
1767628240801,3,200,true,110,110,3
1767628240697,107,200,true,110,110,107
1767628240708,97,200,true,110,110,97
1767628240704,101,200,true,110,110,101
1767628240730,76,200,true,110,110,76
1767628240728,78,200,true,110,110,77
1767628240573,233,200,true,110,110,233
1767628240668,138,200,true,110,110,138
1767628240714,93,200,true,110,110,93
1767628240719,88,200,true,110,110,87
1767628240725,84,200,true,110,110,84
1767628240806,4,200,true,110,110,4
1767628240728,84,200,true,110,110,84
1767628240725,87,200,true,110,110,87
1767628240727,86,200,true,110,110,85
1767628240720,93,200,true,110,110,93
1767628240724,89,200,true,110,110,89
1767628240728,86,200,true,110,110,83
1767628240802,12,200,true,110,110,12
1767628240685,130,200,true,110,110,130
1767628240685,130,200,true,110,110,130
1767628240719,96,200,true,110,110,96
1767628240730,86,200,true,110,110,86
1767628240727,89,200,true,110,110,89
1767628240719,97,200,true,110,110,97
1767628240689,127,200,true,110,110,127
1767628240749,68,200,true,110,110,68
1767628240719,98,200,true,110,110,98
1767628240731,86,200,true,110,110,86
1767628240730,88,200,true,110,110,88
1767628240748,70,200,true,110,110,70
1767628240740,78,200,true,110,110,78
1767628240750,69,200,true,110,110,69
1767628240749,70,200,true,110,110,70
1767628240737,83,200,true,110,110,83
1767628240735,86,200,true,110,110,86
1767628240741,81,200,true,110,110,80
1767628240815,7,200,true,110,110,7
1767628240736,87,200,true,110,110,86
1767628240756,67,200,true,110,110,67
1767628240754,70,200,true,110,110,70
1767628240819,5,200,true,110,110,5
1767628240818,7,200,true,110,110,7
1767628240818,7,200,true,110,110,7
1767628240750,76,200,true,110,110,76
1767628240756,71,200,true,110,110,71
1767628240759,69,200,true,110,110,69
1767628240761,67,200,true,110,110,67
1767628240762,67,200,true,110,110,67
1767628240765,65,200,true,110,110,65
1767628240815,15,200,true,110,110,14
1767628240813,18,200,true,110,110,17
1767628240771,61,200,true,110,110,61
1767628240770,62,200,true,110,110,62
1767628240812,21,200,true,110,110,20
1767628240813,20,200,true,110,110,18
1767628240813,21,200,true,110,110,20
1767628240820,14,200,true,110,110,14
1767628240816,19,200,true,110,110,19
1767628240757,78,200,true,110,110,71
1767628240816,19,200,true,110,110,11
1767628240816,20,200,true,110,110,20
1767628240819,17,200,true,110,110,7
1767628240817,20,200,true,110,110,19
1767628240821,16,200,true,110,110,16
1767628240822,16,200,true,110,110,15
1767628240823,15,200,true,110,110,15
1767628240824,15,200,true,110,110,15
1767628240824,16,200,true,110,110,14
1767628240831,13,200,true,110,110,13
1767628240771,74,200,true,110,110,73
1767628240774,71,200,true,110,110,71
1767628240773,72,200,true,110,110,72
1767628240774,74,200,true,110,110,74
1767628240774,74,200,true,110,110,74
1767628240844,4,200,true,110,110,4
1767628240769,80,200,true,110,110,80
1767628240776,74,200,true,110,110,74
1767628240780,70,200,true,110,110,70
1767628240779,72,200,true,110,110,72
1767628240776,75,200,true,110,110,75
1767628240777,74,200,true,110,110,74
1767628240785,66,200,true,110,110,66
1767628240848,3,200,true,110,110,3
1767628240849,5,200,true,110,110,3
1767628240787,67,200,true,110,110,67
1767628240848,7,200,true,110,110,7
1767628240779,76,200,true,110,110,76
1767628240781,74,200,true,110,110,74
1767628240781,75,200,true,110,110,75
1767628240785,72,200,true,110,110,72
1767628240783,74,200,true,110,110,74
1767628240784,74,200,true,110,110,74
1767628240785,73,200,true,110,110,73
1767628240785,73,200,true,110,110,73
1767628240785,73,200,true,110,110,73
1767628240787,71,200,true,110,110,71
1767628240788,71,200,true,110,110,71
1767628240787,72,200,true,110,110,72
1767628240785,74,200,true,110,110,74
1767628240784,75,200,true,110,110,75
1767628240784,75,200,true,110,110,75
1767628240784,75,200,true,110,110,75
1767628240854,5,200,true,110,110,5
1767628240792,71,200,true,110,110,71
1767628240797,69,200,true,110,110,69
1767628240792,74,200,true,110,110,74
1767628240792,74,200,true,110,110,74
1767628240793,74,200,true,110,110,74
1767628240860,7,200,true,110,110,7
1767628240858,9,200,true,110,110,9
1767628240699,168,200,true,110,110,168
1767628240796,71,200,true,110,110,71
1767628240796,72,200,true,110,110,72
1767628240798,70,200,true,110,110,70
1767628240801,67,200,true,110,110,67
1767628240799,69,200,true,110,110,69
1767628240799,69,200,true,110,110,69
1767628240801,68,200,true,110,110,68
1767628240628,241,200,true,110,110,241
1767628240804,65,200,true,110,110,65
1767628240806,64,200,true,110,110,63
1767628240804,66,200,true,110,110,66
1767628240806,64,200,true,110,110,64
1767628240705,165,200,true,110,110,165
1767628240866,5,200,true,110,110,5
1767628240802,70,200,true,110,110,70
1767628240619,253,200,true,110,110,253
1767628240805,67,200,true,110,110,67
1767628240804,68,200,true,110,110,68
1767628240807,66,200,true,110,110,66
1767628240801,72,200,true,110,110,72
1767628240807,66,200,true,110,110,66
1767628240809,64,200,true,110,110,64
1767628240812,61,200,true,110,110,61
1767628240806,68,200,true,110,110,68
1767628240750,124,200,true,110,110,124
1767628240730,144,200,true,110,110,144
1767628240609,265,200,true,110,110,265
1767628240810,64,200,true,110,110,64
1767628240737,138,200,true,110,110,138
1767628240733,142,200,true,110,110,142
1767628240741,134,200,true,110,110,134
1767628240748,127,200,true,110,110,127
1767628240817,58,200,true,110,110,58
1767628240822,54,200,true,110,110,54
1767628240823,53,200,true,110,110,53
1767628240817,59,200,true,110,110,59
1767628240827,49,200,true,110,110,49
1767628240828,48,200,true,110,110,48
1767628240828,49,200,true,110,110,49
1767628240814,63,200,true,110,110,63
1767628240868,9,200,true,110,110,9
1767628240815,62,200,true,110,110,62
1767628240816,61,200,true,110,110,61
1767628240870,8,200,true,110,110,8
1767628240818,60,200,true,110,110,60
1767628240870,8,200,true,110,110,8
1767628240814,64,200,true,110,110,64
1767628240825,54,200,true,110,110,54
1767628240833,46,200,true,110,110,46
1767628240829,50,200,true,110,110,50
1767628240834,45,200,true,110,110,45
1767628240830,50,200,true,110,110,50
1767628240834,46,200,true,110,110,46
1767628240832,48,200,true,110,110,48
1767628240835,45,200,true,110,110,45
1767628240826,55,200,true,110,110,54
1767628240833,48,200,true,110,110,48
1767628240830,51,200,true,110,110,51
1767628240835,46,200,true,110,110,46
1767628240835,46,200,true,110,110,46
1767628240836,46,200,true,110,110,46
1767628240832,50,200,true,110,110,50
1767628240836,46,200,true,110,110,46
1767628240837,45,200,true,110,110,45
1767628240837,45,200,true,110,110,45
1767628240838,45,200,true,110,110,45
1767628240839,44,200,true,110,110,44
1767628240838,45,200,true,110,110,45
1767628240825,58,200,true,110,110,58
1767628240845,39,200,true,110,110,39
1767628240845,39,200,true,110,110,39
1767628240845,39,200,true,110,110,39
1767628240773,111,200,true,110,110,111
1767628240778,106,200,true,110,110,106
1767628240851,34,200,true,110,110,34
1767628240850,35,200,true,110,110,35
1767628240851,34,200,true,110,110,34
1767628240851,34,200,true,110,110,34
1767628240851,34,200,true,110,110,34
1767628240849,37,200,true,110,110,37
1767628240850,36,200,true,110,110,36
1767628240851,35,200,true,110,110,35
1767628240854,32,200,true,110,110,32
1767628240781,105,200,true,110,110,105
1767628240855,32,200,true,110,110,32
1767628240859,28,200,true,110,110,28
1767628240855,32,200,true,110,110,32
1767628240855,32,200,true,110,110,32
1767628240857,31,200,true,110,110,31
1767628240856,32,200,true,110,110,32
1767628240858,30,200,true,110,110,30
1767628240866,22,200,true,110,110,22
1767628240870,19,200,true,110,110,19
1767628240863,26,200,true,110,110,26
1767628240867,23,200,true,110,110,23
1767628240867,23,200,true,110,110,23
1767628240868,22,200,true,110,110,22
1767628240868,23,200,true,110,110,23
1767628240867,27,200,true,110,110,27
1767628240881,17,200,true,110,110,17
1767628240884,15,200,true,110,110,15
1767628240884,17,200,true,110,110,16
1767628240874,32,200,true,110,110,31
1767628240858,50,200,true,110,110,50
1767628240858,50,200,true,110,110,49
1767628240859,49,200,true,110,110,49
1767628240859,50,200,true,110,110,49
1767628240859,50,200,true,110,110,49
1767628240805,108,200,true,110,110,108
1767628240857,56,200,true,110,110,56
1767628240869,45,200,true,110,110,45
1767628240872,45,200,true,110,110,45
1767628240882,36,200,true,110,110,36
1767628240882,37,200,true,110,110,37
1767628240780,139,200,true,110,110,139
1767628240889,35,200,true,110,110,35
1767628240869,55,200,true,110,110,55
1767628240869,55,200,true,110,110,55
1767628240867,57,200,true,110,110,57
1767628240868,56,200,true,110,110,56
1767628240859,66,200,true,110,110,66
1767628240840,85,200,true,110,110,85
1767628240868,61,200,true,110,110,60
1767628240883,46,200,true,110,110,46
1767628240883,47,200,true,110,110,47
1767628240876,56,200,true,110,110,56
1767628240875,58,200,true,110,110,58
1767628240876,58,200,true,110,110,58
1767628240881,53,200,true,110,110,53
1767628240873,63,200,true,110,110,63
1767628240934,2,200,true,110,110,2
1767628240875,61,200,true,110,110,61
1767628240880,57,200,true,110,110,57
1767628240877,62,200,true,110,110,62
1767628240883,56,200,true,110,110,55
1767628240881,58,200,true,110,110,58
1767628240878,62,200,true,110,110,61
1767628240939,1,200,true,110,110,1
1767628240882,59,200,true,110,110,59
1767628240871,71,200,true,110,110,71
1767628240874,68,200,true,110,110,68
1767628240878,64,200,true,110,110,63
1767628240886,56,200,true,110,110,55
1767628240880,63,200,true,110,110,63
1767628240939,5,200,true,110,110,5
1767628240884,61,200,true,110,110,61
1767628240879,67,200,true,110,110,67
1767628240940,7,200,true,110,110,7
1767628240874,76,200,true,110,110,75
1767628240884,66,200,true,110,110,66
1767628240875,76,200,true,110,110,76
1767628240887,64,200,true,110,110,64
1767628240947,5,200,true,110,110,5
1767628240950,3,200,true,110,110,3
1767628240952,3,200,true,110,110,3
1767628240885,70,200,true,110,110,69
1767628240951,5,200,true,110,110,5
1767628240881,75,200,true,110,110,75
1767628240875,82,200,true,110,110,82
1767628240873,85,200,true,110,110,85
1767628240955,3,200,true,110,110,3
1767628240874,85,200,true,110,110,85
1767628240883,77,200,true,110,110,77
1767628240887,74,200,true,110,110,74
1767628240956,6,200,true,110,110,6
1767628240886,77,200,true,110,110,77
1767628240885,78,200,true,110,110,78
1767628240888,75,200,true,110,110,75
1767628240885,78,200,true,110,110,78
1767628240888,76,200,true,110,110,76
1767628240887,77,200,true,110,110,77
1767628240872,92,200,true,110,110,92
1767628240885,79,200,true,110,110,79
1767628240873,91,200,true,110,110,91
1767628240884,81,200,true,110,110,81
1767628240875,90,200,true,110,110,90
1767628240885,80,200,true,110,110,80
1767628240887,78,200,true,110,110,78
1767628240877,88,200,true,110,110,88
1767628240886,80,200,true,110,110,80
1767628240858,108,200,true,110,110,108
1767628240906,60,200,true,110,110,60
1767628240859,107,200,true,110,110,107
1767628240796,170,200,true,110,110,170
1767628240879,88,200,true,110,110,87
1767628240866,101,200,true,110,110,101
1767628240793,174,200,true,110,110,174
1767628240908,59,200,true,110,110,59
1767628240908,59,200,true,110,110,59
1767628240909,59,200,true,110,110,59
1767628240909,59,200,true,110,110,59
1767628240676,292,200,true,110,110,292
1767628240873,95,200,true,110,110,95
1767628240881,87,200,true,110,110,87
1767628240873,96,200,true,110,110,96
1767628240870,99,200,true,110,110,99
1767628240877,92,200,true,110,110,92
1767628240876,93,200,true,110,110,93
1767628240879,90,200,true,110,110,90
1767628240880,90,200,true,110,110,90
1767628240877,93,200,true,110,110,93
1767628240886,84,200,true,110,110,84
1767628240876,94,200,true,110,110,94
1767628240879,92,200,true,110,110,92
1767628240880,91,200,true,110,110,91
1767628240872,99,200,true,110,110,99
1767628240957,14,200,true,110,110,14
1767628240888,84,200,true,110,110,84
1767628240890,82,200,true,110,110,82
1767628240890,82,200,true,110,110,82
1767628240889,83,200,true,110,110,83
1767628240891,81,200,true,110,110,81
1767628240898,75,200,true,110,110,75
1767628240899,74,200,true,110,110,74
1767628240872,101,200,true,110,110,101
1767628240894,79,200,true,110,110,79
1767628240901,72,200,true,110,110,72
1767628240914,60,200,true,110,110,60
1767628240913,61,200,true,110,110,61
1767628240889,85,200,true,110,110,85
1767628240913,61,200,true,110,110,61
1767628240874,100,200,true,110,110,100
1767628240917,58,200,true,110,110,58
1767628240878,97,200,true,110,110,97
1767628240908,67,200,true,110,110,67
1767628240890,85,200,true,110,110,85
1767628240876,99,200,true,110,110,99
1767628240878,98,200,true,110,110,98
1767628240924,52,200,true,110,110,52
1767628240924,52,200,true,110,110,52
1767628240919,57,200,true,110,110,57
1767628240925,52,200,true,110,110,52
1767628240924,53,200,true,110,110,53
1767628240918,59,200,true,110,110,59
1767628240924,53,200,true,110,110,53
1767628240924,53,200,true,110,110,53
1767628240919,59,200,true,110,110,59
1767628240925,53,200,true,110,110,53
1767628240929,49,200,true,110,110,49
1767628240929,49,200,true,110,110,49
1767628240930,49,200,true,110,110,48
1767628240932,47,200,true,110,110,47
1767628240883,96,200,true,110,110,96
1767628240933,46,200,true,110,110,46
1767628240936,44,200,true,110,110,44
1767628240936,44,200,true,110,110,44
1767628240936,44,200,true,110,110,44
1767628240937,43,200,true,110,110,43
1767628240934,46,200,true,110,110,46
1767628240939,41,200,true,110,110,41
1767628240943,38,200,true,110,110,38
1767628240940,41,200,true,110,110,41
1767628240944,37,200,true,110,110,37
1767628240942,39,200,true,110,110,39
1767628240946,36,200,true,110,110,36
1767628240941,41,200,true,110,110,41
1767628240942,40,200,true,110,110,40
1767628240942,41,200,true,110,110,41
1767628240945,38,200,true,110,110,38
1767628240951,32,200,true,110,110,32
1767628240942,41,200,true,110,110,41
1767628240953,30,200,true,110,110,30
1767628240886,97,200,true,110,110,97
1767628240958,26,200,true,110,110,26
1767628240950,34,200,true,110,110,34
1767628240867,117,200,true,110,110,117
1767628240882,102,200,true,110,110,102
1767628240877,107,200,true,110,110,107
1767628240956,29,200,true,110,110,29
1767628240955,30,200,true,110,110,30
1767628240978,8,200,true,110,110,8
1767628240967,19,200,true,110,110,19
1767628240974,12,200,true,110,110,12
1767628240979,8,200,true,110,110,8
1767628240979,8,200,true,110,110,8
1767628240979,9,200,true,110,110,9
1767628240980,8,200,true,110,110,8
1767628240980,9,200,true,110,110,9
1767628240979,13,200,true,110,110,13
1767628240981,11,200,true,110,110,11
1767628240981,16,200,true,110,110,14
1767628240983,18,200,true,110,110,12
1767628240980,21,200,true,110,110,21
1767628240961,40,200,true,110,110,40
1767628240963,39,200,true,110,110,39
1767628240963,39,200,true,110,110,39
1767628240966,40,200,true,110,110,40
1767628240976,30,200,true,110,110,30
1767628240975,31,200,true,110,110,31
1767628240982,28,200,true,110,110,28
1767628240965,45,200,true,110,110,45
1767628240969,41,200,true,110,110,41
1767628240958,55,200,true,110,110,55
1767628240973,48,200,true,110,110,48
1767628240980,42,200,true,110,110,42
1767628240968,55,200,true,110,110,55
1767628240983,44,200,true,110,110,44
1767628240978,49,200,true,110,110,49
1767628240983,48,200,true,110,110,48
1767628240973,58,200,true,110,110,58
1767628240981,51,200,true,110,110,51
1767628240981,51,200,true,110,110,51
1767628240972,62,200,true,110,110,62
1767628240983,51,200,true,110,110,51
1767628241027,8,200,true,110,110,8
1767628240962,73,200,true,110,110,70
1767628241023,12,200,true,110,110,12
1767628241006,29,200,true,110,110,29
1767628241032,4,200,true,110,110,4
1767628241002,34,200,true,110,110,34
1767628240971,65,200,true,110,110,62
1767628241006,31,200,true,110,110,31
1767628240976,61,200,true,110,110,61
1767628240983,54,200,true,110,110,54
1767628240964,73,200,true,110,110,70
1767628240984,53,200,true,110,110,49
1767628240974,63,200,true,110,110,59
1767628241027,10,200,true,110,110,10
1767628240973,64,200,true,110,110,64
1767628240959,80,200,true,110,110,80
1767628240963,77,200,true,110,110,77
1767628240963,78,200,true,110,110,78
1767628240984,59,200,true,110,110,59
1767628240964,79,200,true,110,110,79
1767628240965,78,200,true,110,110,78
1767628240966,77,200,true,110,110,76
1767628240974,69,200,true,110,110,69
1767628240965,79,200,true,110,110,78
1767628240960,84,200,true,110,110,84
1767628241010,34,200,true,110,110,34
1767628240988,56,200,true,110,110,56
1767628240964,81,200,true,110,110,81
1767628240977,68,200,true,110,110,68
1767628240974,71,200,true,110,110,71
1767628240972,73,200,true,110,110,73
1767628240982,64,200,true,110,110,64
1767628241044,2,200,true,110,110,2
1767628240964,83,200,true,110,110,83
1767628240966,81,200,true,110,110,81
1767628240968,79,200,true,110,110,79
1767628240984,63,200,true,110,110,63
1767628240965,83,200,true,110,110,83
1767628240966,82,200,true,110,110,82
1767628240966,82,200,true,110,110,82
1767628240967,81,200,true,110,110,81
1767628240972,76,200,true,110,110,76
1767628240968,81,200,true,110,110,81
1767628240972,77,200,true,110,110,77
1767628240975,74,200,true,110,110,74
1767628240984,65,200,true,110,110,65
1767628240967,82,200,true,110,110,82
1767628240969,81,200,true,110,110,81
1767628240970,80,200,true,110,110,80
1767628240980,70,200,true,110,110,70
1767628240984,66,200,true,110,110,66
1767628240967,84,200,true,110,110,84
1767628240964,87,200,true,110,110,87
1767628241036,17,200,true,110,110,17
1767628240969,86,200,true,110,110,86
1767628241043,12,200,true,110,110,12
1767628241037,20,200,true,110,110,20
1767628241045,12,200,true,110,110,12
1767628241037,21,200,true,110,110,21
1767628241035,23,200,true,110,110,23
1767628241035,24,200,true,110,110,24
1767628240969,90,200,true,110,110,90
1767628240970,93,200,true,110,110,93
1767628240973,90,200,true,110,110,90
1767628240970,94,200,true,110,110,94
1767628240981,83,200,true,110,110,83
1767628240971,94,200,true,110,110,94
1767628240968,97,200,true,110,110,97
1767628240982,83,200,true,110,110,83
1767628240977,88,200,true,110,110,88
1767628240971,94,200,true,110,110,94
1767628240972,93,200,true,110,110,93
1767628240969,97,200,true,110,110,95
1767628241049,18,200,true,110,110,18
1767628240975,97,200,true,110,110,97
1767628240978,99,200,true,110,110,99
1767628240977,100,200,true,110,110,100
1767628240977,100,200,true,110,110,100
1767628240977,101,200,true,110,110,101
1767628241055,23,200,true,110,110,23
1767628240970,108,200,true,110,110,108
1767628241077,2,200,true,110,110,2
1767628240978,101,200,true,110,110,101
1767628240974,105,200,true,110,110,105
1767628240973,106,200,true,110,110,106
1767628240985,95,200,true,110,110,95
1767628240985,95,200,true,110,110,95
1767628240967,113,200,true,110,110,113
1767628240986,94,200,true,110,110,94
1767628240987,94,200,true,110,110,94
1767628240986,95,200,true,110,110,95
1767628240987,94,200,true,110,110,94
1767628240992,89,200,true,110,110,89
1767628240989,93,200,true,110,110,92
1767628240986,96,200,true,110,110,96
1767628240983,99,200,true,110,110,99
1767628240975,107,200,true,110,110,107
1767628241001,81,200,true,110,110,81
1767628240988,95,200,true,110,110,95
1767628241001,82,200,true,110,110,82
1767628241002,81,200,true,110,110,81
1767628241010,73,200,true,110,110,73
1767628241013,70,200,true,110,110,70
1767628241002,82,200,true,110,110,82
1767628240992,92,200,true,110,110,92
1767628241006,78,200,true,110,110,78
1767628241021,63,200,true,110,110,63
1767628241010,75,200,true,110,110,75
1767628241022,63,200,true,110,110,63
1767628240975,110,200,true,110,110,110
1767628241085,8,200,true,110,110,8
1767628241032,61,200,true,110,110,61
1767628241078,16,200,true,110,110,16
1767628241039,56,200,true,110,110,56
1767628241078,18,200,true,110,110,18
1767628241077,25,200,true,110,110,25
1767628241079,25,200,true,110,110,25
1767628241083,23,200,true,110,110,23
1767628240997,109,200,true,110,110,109
1767628241093,14,200,true,110,110,14
1767628241034,75,200,true,110,110,54
1767628241037,75,200,true,110,110,75
1767628241106,7,200,true,110,110,7
1767628241102,11,200,true,110,110,11
1767628241104,10,200,true,110,110,10
1767628241112,2,200,true,110,110,2
1767628241113,1,200,true,110,110,1
1767628241113,2,200,true,110,110,2
1767628241044,71,200,true,110,110,71
1767628241114,1,200,true,110,110,1
1767628241114,2,200,true,110,110,2
1767628241114,2,200,true,110,110,2
1767628241115,2,200,true,110,110,2
1767628241115,2,200,true,110,110,2
1767628241116,2,200,true,110,110,2
1767628241116,2,200,true,110,110,2
1767628241117,1,200,true,110,110,1
1767628241117,2,200,true,110,110,2
1767628241037,82,200,true,110,110,82
1767628241118,1,200,true,110,110,1
1767628241118,2,200,true,110,110,2
1767628241118,2,200,true,110,110,2
1767628241119,2,200,true,110,110,2
1767628241119,2,200,true,110,110,2
1767628241120,2,200,true,110,110,2
1767628241120,2,200,true,110,110,2
1767628241121,1,200,true,110,110,1
1767628241043,80,200,true,110,110,80
1767628241122,1,200,true,110,110,1
1767628241122,2,200,true,110,110,2
1767628241122,2,200,true,110,110,2
1767628241123,2,200,true,110,110,2
1767628241123,2,200,true,110,110,2
1767628241124,2,200,true,110,110,2
1767628241124,2,200,true,110,110,2
1767628241125,2,200,true,110,110,2
1767628241037,90,200,true,110,110,74
1767628241126,1,200,true,110,110,1
1767628241126,2,200,true,110,110,2
1767628241127,1,200,true,110,110,1
1767628241127,2,200,true,110,110,2
1767628241127,2,200,true,110,110,2
1767628241128,2,200,true,110,110,2
1767628241128,2,200,true,110,110,2
1767628241129,2,200,true,110,110,1
1767628241043,88,200,true,110,110,88
1767628241041,90,200,true,110,110,90
1767628241037,94,200,true,110,110,75
1767628241040,91,200,true,110,110,91
1767628241035,96,200,true,110,110,96
1767628241037,94,200,true,110,110,94
1767628240976,156,200,true,110,110,134
1767628241035,97,200,true,110,110,97
1767628241121,13,200,true,110,110,2
1767628241043,92,200,true,110,110,92
1767628241044,91,200,true,110,110,91
1767628241044,91,200,true,110,110,91
1767628241135,1,200,true,110,110,1
1767628241045,91,200,true,110,110,91
1767628241045,91,200,true,110,110,91
1767628241036,100,200,true,110,110,100
1767628241043,94,200,true,110,110,94
1767628241046,91,200,true,110,110,91
1767628241046,91,200,true,110,110,91
1767628241050,87,200,true,110,110,87
1767628241049,91,200,true,110,110,91
1767628241048,92,200,true,110,110,92
1767628241047,94,200,true,110,110,93
1767628241048,93,200,true,110,110,93
1767628241049,92,200,true,110,110,92
1767628241047,94,200,true,110,110,94
1767628241048,93,200,true,110,110,93
1767628241051,90,200,true,110,110,90
1767628241048,93,200,true,110,110,93
1767628241051,90,200,true,110,110,90
1767628241048,93,200,true,110,110,91
1767628241047,94,200,true,110,110,91
1767628241050,92,200,true,110,110,92
1767628241049,93,200,true,110,110,93
1767628241050,92,200,true,110,110,92
1767628241045,98,200,true,110,110,98
1767628241050,93,200,true,110,110,92
1767628241050,93,200,true,110,110,93
1767628241135,9,200,true,110,110,9
1767628240976,169,200,true,110,110,169
1767628241065,80,200,true,110,110,80
1767628241064,82,200,true,110,110,82
1767628241057,89,200,true,110,110,89
1767628241057,89,200,true,110,110,89
1767628241058,89,200,true,110,110,89
1767628241058,89,200,true,110,110,89
1767628240971,176,200,true,110,110,176
1767628241068,79,200,true,110,110,79
1767628241063,84,200,true,110,110,84
1767628241059,89,200,true,110,110,89
1767628241063,85,200,true,110,110,85
1767628241066,82,200,true,110,110,82
1767628241064,84,200,true,110,110,84
1767628241065,84,200,true,110,110,84
1767628241065,84,200,true,110,110,84
1767628241065,84,200,true,110,110,84
1767628241065,85,200,true,110,110,85
1767628241065,85,200,true,110,110,85
1767628241059,91,200,true,110,110,91
1767628241053,97,200,true,110,110,97
1767628241072,78,200,true,110,110,78
1767628240971,180,200,true,110,110,180
1767628241077,74,200,true,110,110,74
1767628241082,69,200,true,110,110,69
1767628241081,70,200,true,110,110,70
1767628241080,72,200,true,110,110,72
1767628241081,71,200,true,110,110,71
1767628241081,71,200,true,110,110,71
1767628241081,71,200,true,110,110,71
1767628241082,71,200,true,110,110,71
1767628241084,69,200,true,110,110,69
1767628241084,69,200,true,110,110,69
1767628241085,68,200,true,110,110,68
1767628241084,70,200,true,110,110,70
1767628241080,74,200,true,110,110,74
1767628241084,70,200,true,110,110,70
1767628241084,70,200,true,110,110,70
1767628241082,73,200,true,110,110,73
1767628241083,72,200,true,110,110,72
1767628241080,75,200,true,110,110,75
1767628241083,72,200,true,110,110,72
1767628241083,73,200,true,110,110,73
1767628241036,120,200,true,110,110,120
1767628241031,125,200,true,110,110,125
1767628241031,125,200,true,110,110,125
1767628241034,122,200,true,110,110,122
1767628241078,78,200,true,110,110,78
1767628241082,75,200,true,110,110,75
1767628241082,75,200,true,110,110,75
1767628241085,72,200,true,110,110,72
1767628241079,78,200,true,110,110,78
1767628241094,64,200,true,110,110,64
1767628241080,78,200,true,110,110,78
1767628241095,63,200,true,110,110,63
1767628241093,65,200,true,110,110,65
1767628241079,79,200,true,110,110,79
1767628240965,194,200,true,110,110,194
1767628241106,53,200,true,110,110,53
1767628241107,52,200,true,110,110,52
1767628241109,50,200,true,110,110,50
1767628241096,63,200,true,110,110,63
1767628241037,123,200,true,110,110,123
1767628241130,30,200,true,110,110,30
1767628241131,29,200,true,110,110,29
1767628241130,30,200,true,110,110,30
1767628241131,29,200,true,110,110,29
1767628241131,30,200,true,110,110,30
1767628241132,29,200,true,110,110,29
1767628241131,30,200,true,110,110,30
1767628241131,30,200,true,110,110,30
1767628241131,31,200,true,110,110,31
1767628241132,30,200,true,110,110,30
1767628241132,30,200,true,110,110,30
1767628241115,48,200,true,110,110,48
1767628241134,29,200,true,110,110,29
1767628241055,108,200,true,110,110,108
1767628241125,38,200,true,110,110,38
1767628241119,44,200,true,110,110,44
1767628241047,117,200,true,110,110,117
1767628241143,21,200,true,110,110,21
1767628241151,14,200,true,110,110,14
1767628241151,14,200,true,110,110,14
1767628241152,14,200,true,110,110,13
1767628241152,14,200,true,110,110,14
1767628241152,14,200,true,110,110,14
1767628241148,19,200,true,110,110,19
1767628241146,24,200,true,110,110,24
1767628241137,33,200,true,110,110,33
1767628241153,17,200,true,110,110,17
1767628241142,30,200,true,110,110,30
1767628241154,18,200,true,110,110,18
1767628241155,18,200,true,110,110,18
1767628241160,17,200,true,110,110,17
1767628241137,41,200,true,110,110,41
1767628241163,15,200,true,110,110,15
1767628241162,16,200,true,110,110,16
1767628241144,35,200,true,110,110,35
1767628241161,18,200,true,110,110,18
1767628241160,20,200,true,110,110,20
1767628241161,19,200,true,110,110,19
1767628241160,21,200,true,110,110,21
1767628241156,25,200,true,110,110,25
1767628241136,46,200,true,110,110,46
1767628241136,46,200,true,110,110,46
1767628241146,37,200,true,110,110,37
1767628241141,44,200,true,110,110,43
1767628241141,47,200,true,110,110,47
1767628241158,34,200,true,110,110,34
1767628241156,36,200,true,110,110,36
1767628241147,46,200,true,110,110,46
1767628241163,34,200,true,110,110,31
1767628241152,46,200,true,110,110,46
1767628241151,48,200,true,110,110,48
1767628241164,35,200,true,110,110,35
1767628241170,30,200,true,110,110,30
1767628241141,59,200,true,110,110,59
1767628241170,32,200,true,110,110,32
1767628241141,61,200,true,110,110,61
1767628241201,2,200,true,110,110,2
1767628241172,32,200,true,110,110,32
1767628241153,55,200,true,110,110,55
1767628241137,73,200,true,110,110,73
1767628241159,53,200,true,110,110,53
1767628241137,75,200,true,110,110,75
1767628241153,60,200,true,110,110,60
1767628241159,54,200,true,110,110,54
1767628241155,58,200,true,110,110,58
1767628241156,57,200,true,110,110,57
1767628241156,58,200,true,110,110,58
1767628241154,60,200,true,110,110,60
1767628241160,54,200,true,110,110,54
1767628241150,64,200,true,110,110,64
1767628241167,47,200,true,110,110,47
1767628241161,54,200,true,110,110,54
1767628241155,60,200,true,110,110,60
1767628241159,56,200,true,110,110,56
1767628241160,55,200,true,110,110,55
1767628241156,59,200,true,110,110,59
1767628241161,55,200,true,110,110,55
1767628241158,58,200,true,110,110,58
1767628241159,57,200,true,110,110,57
1767628241162,54,200,true,110,110,54
1767628241136,81,200,true,110,110,81
1767628241154,63,200,true,110,110,63
1767628241154,63,200,true,110,110,63
1767628241155,62,200,true,110,110,62
1767628241135,82,200,true,110,110,82
1767628241136,82,200,true,110,110,82
1767628241141,77,200,true,110,110,77
1767628241140,78,200,true,110,110,78
1767628241147,71,200,true,110,110,71
1767628241141,77,200,true,110,110,77
1767628241141,78,200,true,110,110,78
1767628241141,78,200,true,110,110,78
1767628241129,90,200,true,110,110,90
1767628241204,16,200,true,110,110,16
1767628241157,63,200,true,110,110,63
1767628241147,73,200,true,110,110,73
1767628241148,73,200,true,110,110,73
1767628241148,73,200,true,110,110,73
1767628241156,65,200,true,110,110,65
1767628241148,73,200,true,110,110,73
1767628241140,83,200,true,110,110,83
1767628241219,5,200,true,110,110,4
1767628241149,75,200,true,110,110,75
1767628241149,75,200,true,110,110,75
1767628241145,79,200,true,110,110,79
1767628241149,75,200,true,110,110,75
1767628241142,83,200,true,110,110,83
1767628241157,68,200,true,110,110,68
1767628241143,82,200,true,110,110,82
1767628241147,78,200,true,110,110,78
1767628241141,84,200,true,110,110,84
1767628241158,68,200,true,110,110,68
1767628241147,79,200,true,110,110,79
1767628241141,85,200,true,110,110,85
1767628241142,84,200,true,110,110,84
1767628241150,76,200,true,110,110,76
1767628241159,68,200,true,110,110,68
1767628241151,76,200,true,110,110,76
1767628241150,77,200,true,110,110,77
1767628241163,65,200,true,110,110,65
1767628241158,70,200,true,110,110,70
1767628241163,65,200,true,110,110,65
1767628241157,71,200,true,110,110,71
1767628241164,64,200,true,110,110,64
1767628241150,78,200,true,110,110,78
1767628241164,65,200,true,110,110,65
1767628241157,72,200,true,110,110,72
1767628241165,64,200,true,110,110,64
1767628241162,67,200,true,110,110,67
1767628241145,85,200,true,110,110,85
1767628241165,65,200,true,110,110,65
1767628241166,64,200,true,110,110,64
1767628241150,80,200,true,110,110,80
1767628241166,64,200,true,110,110,64
1767628241170,61,200,true,110,110,61
1767628241166,65,200,true,110,110,65
1767628241173,58,200,true,110,110,58
1767628241208,23,200,true,110,110,23
1767628241180,52,200,true,110,110,52
1767628241179,53,200,true,110,110,53
1767628241178,54,200,true,110,110,54
1767628241178,54,200,true,110,110,54
1767628241180,52,200,true,110,110,52
1767628241178,55,200,true,110,110,54
1767628241179,54,200,true,110,110,54
1767628241212,21,200,true,110,110,21
1767628241181,57,200,true,110,110,57
1767628241216,23,200,true,110,110,23
1767628241182,58,200,true,110,110,58
1767628241217,23,200,true,110,110,23
1767628241182,60,200,true,110,110,60
1767628241219,23,200,true,110,110,23
1767628241185,58,200,true,110,110,58
1767628241218,25,200,true,110,110,25
1767628241181,63,200,true,110,110,63
1767628241177,69,200,true,110,110,69
1767628241193,55,200,true,110,110,55
1767628241188,60,200,true,110,110,60
1767628241192,56,200,true,110,110,56
1767628241193,55,200,true,110,110,55
1767628241153,95,200,true,110,110,95
1767628241183,66,200,true,110,110,66
1767628241080,169,200,true,110,110,168
1767628241230,19,200,true,110,110,19
1767628241146,103,200,true,110,110,103
1767628241197,52,200,true,110,110,52
1767628241202,48,200,true,110,110,48
1767628241200,50,200,true,110,110,50
1767628241143,107,200,true,110,110,107
1767628241203,47,200,true,110,110,47
1767628241202,48,200,true,110,110,48
1767628241198,53,200,true,110,110,53
1767628241214,37,200,true,110,110,37
1767628241199,52,200,true,110,110,52
1767628241158,94,200,true,110,110,94
1767628241230,22,200,true,110,110,22
1767628241224,29,200,true,110,110,29
1767628241231,22,200,true,110,110,22
1767628241233,21,200,true,110,110,21
1767628241231,23,200,true,110,110,23
1767628241231,23,200,true,110,110,23
1767628241246,9,200,true,110,110,9
1767628241210,46,200,true,110,110,46
1767628241239,18,200,true,110,110,18
1767628241232,26,200,true,110,110,26
1767628241232,26,200,true,110,110,26
1767628241238,21,200,true,110,110,21
1767628241232,27,200,true,110,110,27
1767628241233,27,200,true,110,110,27
1767628241216,52,200,true,110,110,52
1767628241213,56,200,true,110,110,56
1767628241224,46,200,true,110,110,46
1767628241213,57,200,true,110,110,55
1767628241229,46,200,true,110,110,46
1767628241254,22,200,true,110,110,22
1767628241255,21,200,true,110,110,21
1767628241254,23,200,true,110,110,23
1767628241256,21,200,true,110,110,21
1767628241257,20,200,true,110,110,20
1767628241258,20,200,true,110,110,20
1767628241258,20,200,true,110,110,20
1767628241259,20,200,true,110,110,20
1767628241215,65,200,true,110,110,65
1767628241215,65,200,true,110,110,65
1767628241216,64,200,true,110,110,64
1767628241216,64,200,true,110,110,64
1767628241216,64,200,true,110,110,64
1767628241217,64,200,true,110,110,64
1767628241217,64,200,true,110,110,64
1767628241217,64,200,true,110,110,64
1767628241217,64,200,true,110,110,64
1767628241218,63,200,true,110,110,63
1767628241218,64,200,true,110,110,64
1767628241220,62,200,true,110,110,62
1767628241219,63,200,true,110,110,63
1767628241218,64,200,true,110,110,64
1767628241219,64,200,true,110,110,64
1767628241220,63,200,true,110,110,63
1767628241212,71,200,true,110,110,71
1767628241221,62,200,true,110,110,62
1767628241221,62,200,true,110,110,62
1767628241221,63,200,true,110,110,63
1767628241221,63,200,true,110,110,63
1767628241229,55,200,true,110,110,55
1767628241228,56,200,true,110,110,56
1767628241230,55,200,true,110,110,55
1767628241199,86,200,true,110,110,86
1767628241233,52,200,true,110,110,52
1767628241240,45,200,true,110,110,45
1767628241220,65,200,true,110,110,65
1767628241213,73,200,true,110,110,73
1767628241226,60,200,true,110,110,60
1767628241223,63,200,true,110,110,63
1767628241242,44,200,true,110,110,44
1767628241226,61,200,true,110,110,61
1767628241226,62,200,true,110,110,62
1767628241244,44,200,true,110,110,43
1767628241231,57,200,true,110,110,56
1767628241243,45,200,true,110,110,45
1767628241226,62,200,true,110,110,61
1767628241288,0,200,true,110,110,0
1767628241240,49,200,true,110,110,49
1767628241225,64,200,true,110,110,64
1767628241172,117,200,true,110,110,117
1767628241242,47,200,true,110,110,47
1767628241225,65,200,true,110,110,65
1767628241232,58,200,true,110,110,58
1767628241225,65,200,true,110,110,65
1767628241244,46,200,true,110,110,46
1767628241229,62,200,true,110,110,62
1767628241226,65,200,true,110,110,65
1767628241213,78,200,true,110,110,78
1767628241214,77,200,true,110,110,77
1767628241214,78,200,true,110,110,77
1767628241214,78,200,true,110,110,77
1767628241291,2,200,true,110,110,2
1767628241226,67,200,true,110,110,67
1767628241228,65,200,true,110,110,65
1767628241224,69,200,true,110,110,69
1767628241215,78,200,true,110,110,78
1767628241214,79,200,true,110,110,79
1767628241224,70,200,true,110,110,70
1767628241215,79,200,true,110,110,79
1767628241230,64,200,true,110,110,64
1767628241230,65,200,true,110,110,65
1767628241225,70,200,true,110,110,70
1767628241224,71,200,true,110,110,71
1767628241227,68,200,true,110,110,68
1767628241228,67,200,true,110,110,67
1767628241228,68,200,true,110,110,68
1767628241228,68,200,true,110,110,68
1767628241228,68,200,true,110,110,68
1767628241227,69,200,true,110,110,69
1767628241227,69,200,true,110,110,69
1767628241249,48,200,true,110,110,48
1767628241251,46,200,true,110,110,46
1767628241249,48,200,true,110,110,48
1767628241248,49,200,true,110,110,49
1767628241250,47,200,true,110,110,47
1767628241249,49,200,true,110,110,49
1767628241250,48,200,true,110,110,48
1767628241250,48,200,true,110,110,48
1767628241249,49,200,true,110,110,49
1767628241251,48,200,true,110,110,48
1767628241248,51,200,true,110,110,51
1767628241248,51,200,true,110,110,51
1767628241250,49,200,true,110,110,49
1767628241229,70,200,true,110,110,70
1767628241248,52,200,true,110,110,52
1767628241284,16,200,true,110,110,16
1767628241248,52,200,true,110,110,52
1767628241251,49,200,true,110,110,49
1767628241251,49,200,true,110,110,49
1767628241284,16,200,true,110,110,16
1767628241249,52,200,true,110,110,52
1767628241285,16,200,true,110,110,16
1767628241297,5,200,true,110,110,5
1767628241297,5,200,true,110,110,5
1767628241285,17,200,true,110,110,17
1767628241252,58,200,true,110,110,58
1767628241289,21,200,true,110,110,21
1767628241298,12,200,true,110,110,12
1767628241252,59,200,true,110,110,59
1767628241288,23,200,true,110,110,23
1767628241281,31,200,true,110,110,31
1767628241286,26,200,true,110,110,26
1767628241282,31,200,true,110,110,31
1767628241282,31,200,true,110,110,31
1767628241253,61,200,true,110,110,61
1767628241282,32,200,true,110,110,32
1767628241288,27,200,true,110,110,27
1767628241253,62,200,true,110,110,62
1767628241299,16,200,true,110,110,12
1767628241282,34,200,true,110,110,34
1767628241254,63,200,true,110,110,63
1767628241286,31,200,true,110,110,31
1767628241287,31,200,true,110,110,31
1767628241288,30,200,true,110,110,30
1767628241283,36,200,true,110,110,36
1767628241283,36,200,true,110,110,36
1767628241290,31,200,true,110,110,31
1767628241290,31,200,true,110,110,31
1767628241289,33,200,true,110,110,33
1767628241290,32,200,true,110,110,32
1767628241292,31,200,true,110,110,31
1767628241260,63,200,true,110,110,63
1767628241291,33,200,true,110,110,29
1767628241297,27,200,true,110,110,27
1767628241284,43,200,true,110,110,43
1767628241296,34,200,true,110,110,34
1767628241270,61,200,true,110,110,61
1767628241293,38,200,true,110,110,38
1767628241299,33,200,true,110,110,33
1767628241298,36,200,true,110,110,36
1767628241301,34,200,true,110,110,34
1767628241291,50,200,true,110,110,50
1767628241232,110,200,true,110,110,110
1767628241297,48,200,true,110,110,48
1767628241298,48,200,true,110,110,48
1767628241298,48,200,true,110,110,48
1767628241270,76,200,true,110,110,76
1767628241286,61,200,true,110,110,61
1767628241294,54,200,true,110,110,54
1767628241276,72,200,true,110,110,72
1767628241276,72,200,true,110,110,72
1767628241269,79,200,true,110,110,78
1767628241285,63,200,true,110,110,63
1767628241277,71,200,true,110,110,68
1767628241280,68,200,true,110,110,65
1767628241293,55,200,true,110,110,54
1767628241297,51,200,true,110,110,48
1767628241348,1,200,true,110,110,1
1767628241291,58,200,true,110,110,58
1767628241299,51,200,true,110,110,51
1767628241293,58,200,true,110,110,58
1767628241348,3,200,true,110,110,3
1767628241348,4,200,true,110,110,4
1767628241345,7,200,true,110,110,7
1767628241348,5,200,true,110,110,5
1767628241346,7,200,true,110,110,7
1767628241346,8,200,true,110,110,8
1767628241348,6,200,true,110,110,6
1767628241294,61,200,true,110,110,61
1767628241348,7,200,true,110,110,7
1767628241348,8,200,true,110,110,8
1767628241347,9,200,true,110,110,9
1767628241348,9,200,true,110,110,9
1767628241349,8,200,true,110,110,8
1767628241348,10,200,true,110,110,10
1767628241349,9,200,true,110,110,9
1767628241342,16,200,true,110,110,16
1767628241280,79,200,true,110,110,79
1767628241280,80,200,true,110,110,80
1767628241341,19,200,true,110,110,19
1767628241292,69,200,true,110,110,69
1767628241334,27,200,true,110,110,27
1767628241278,87,200,true,110,110,87
1767628241277,88,200,true,110,110,88
1767628241350,18,200,true,110,110,18
1767628241279,95,200,true,110,110,94
1767628241278,96,200,true,110,110,96
1767628241285,89,200,true,110,110,89
1767628241346,28,200,true,110,110,9
1767628241285,89,200,true,110,110,89
1767628241281,94,200,true,110,110,93
1767628241281,94,200,true,110,110,94
1767628241281,94,200,true,110,110,94
1767628241290,85,200,true,110,110,85
1767628241368,8,200,true,110,110,8
1767628241289,88,200,true,110,110,88
1767628241277,100,200,true,110,110,100
1767628241268,109,200,true,110,110,109
1767628241286,92,200,true,110,110,91
1767628241288,90,200,true,110,110,90
1767628241288,90,200,true,110,110,90
1767628241289,89,200,true,110,110,89
1767628241284,94,200,true,110,110,94
1767628241283,96,200,true,110,110,96
1767628241283,99,200,true,110,110,99
1767628241294,88,200,true,110,110,88
1767628241293,89,200,true,110,110,89
1767628241293,89,200,true,110,110,89
1767628241295,88,200,true,110,110,88
1767628241283,100,200,true,110,110,100
1767628241295,89,200,true,110,110,89
1767628241294,92,200,true,110,110,92
1767628241295,91,200,true,110,110,91
1767628241300,88,200,true,110,110,87
1767628241382,6,200,true,110,110,6
1767628241388,2,200,true,110,110,2
1767628241386,4,200,true,110,110,4
1767628241300,92,200,true,110,110,92
1767628241296,97,200,true,110,110,97
1767628241296,97,200,true,110,110,97
1767628241296,98,200,true,110,110,96
1767628241296,99,200,true,110,110,99
1767628241295,101,200,true,110,110,101
1767628241275,121,200,true,110,110,121
1767628241299,99,200,true,110,110,99
1767628241300,99,200,true,110,110,99
1767628241300,100,200,true,110,110,100
1767628241299,102,200,true,110,110,102
1767628241302,100,200,true,110,110,97
1767628241302,100,200,true,110,110,100
1767628241301,102,200,true,110,110,102
1767628241300,104,200,true,110,110,104
1767628241302,103,200,true,110,110,103
1767628241398,7,200,true,110,110,7
1767628241310,97,200,true,110,110,97
1767628241311,96,200,true,110,110,96
1767628241314,94,200,true,110,110,94
1767628241402,6,200,true,110,110,6
1767628241404,5,200,true,110,110,5
1767628241405,4,200,true,110,110,4
1767628241405,5,200,true,110,110,5
1767628241312,98,200,true,110,110,98
1767628241314,96,200,true,110,110,96
1767628241312,98,200,true,110,110,98
1767628241315,96,200,true,110,110,96
1767628241312,99,200,true,110,110,94
1767628241313,98,200,true,110,110,98
1767628241313,100,200,true,110,110,100
1767628241401,13,200,true,110,110,13
1767628241409,5,200,true,110,110,5
1767628241407,7,200,true,110,110,7
1767628241410,5,200,true,110,110,5
1767628241310,106,200,true,110,110,106
1767628241410,6,200,true,110,110,6
1767628241410,7,200,true,110,110,7
1767628241409,8,200,true,110,110,8
1767628241407,11,200,true,110,110,11
1767628241411,7,200,true,110,110,7
1767628241411,8,200,true,110,110,7
1767628241300,119,200,true,110,110,119
1767628241324,95,200,true,110,110,95
1767628241317,102,200,true,110,110,102
1767628241323,96,200,true,110,110,96
1767628241315,105,200,true,110,110,105
1767628241310,110,200,true,110,110,109
1767628241318,103,200,true,110,110,103
1767628241420,2,200,true,110,110,2
1767628241327,95,200,true,110,110,95
1767628241323,99,200,true,110,110,99
1767628241324,98,200,true,110,110,98
1767628241330,92,200,true,110,110,92
1767628241315,108,200,true,110,110,108
1767628241316,107,200,true,110,110,107
1767628241322,101,200,true,110,110,101
1767628241321,102,200,true,110,110,102
1767628241319,105,200,true,110,110,105
1767628241318,106,200,true,110,110,106
1767628241322,102,200,true,110,110,102
1767628241319,105,200,true,110,110,105
1767628241331,93,200,true,110,110,93
1767628241360,65,200,true,110,110,65
1767628241331,94,200,true,110,110,94
1767628241335,90,200,true,110,110,90
1767628241355,70,200,true,110,110,70
1767628241355,70,200,true,110,110,70
1767628241365,61,200,true,110,110,61
1767628241354,72,200,true,110,110,72
1767628241356,71,200,true,110,110,71
1767628241354,73,200,true,110,110,73
1767628241351,76,200,true,110,110,76
1767628241356,71,200,true,110,110,71
1767628241353,75,200,true,110,110,75
1767628241358,70,200,true,110,110,70
1767628241352,76,200,true,110,110,76
1767628241357,71,200,true,110,110,71
1767628241351,78,200,true,110,110,78
1767628241352,77,200,true,110,110,77
1767628241353,76,200,true,110,110,76
1767628241357,72,200,true,110,110,72
1767628241259,170,200,true,110,110,170
1767628241361,69,200,true,110,110,69
1767628241358,72,200,true,110,110,72
1767628241361,69,200,true,110,110,69
1767628241359,71,200,true,110,110,71
1767628241358,72,200,true,110,110,72
1767628241360,71,200,true,110,110,71
1767628241365,66,200,true,110,110,66
1767628241281,150,200,true,110,110,150
1767628241280,151,200,true,110,110,151
1767628241280,152,200,true,110,110,151
1767628241374,58,200,true,110,110,58
1767628241374,58,200,true,110,110,58
1767628241374,58,200,true,110,110,58
1767628241374,59,200,true,110,110,59
1767628241375,58,200,true,110,110,58
1767628241375,58,200,true,110,110,58
1767628241374,59,200,true,110,110,59
1767628241375,58,200,true,110,110,58
1767628241377,57,200,true,110,110,57
1767628241378,56,200,true,110,110,56
1767628241377,57,200,true,110,110,57
1767628241379,55,200,true,110,110,55
1767628241377,57,200,true,110,110,57
1767628241378,57,200,true,110,110,57
1767628241377,58,200,true,110,110,58
1767628241378,57,200,true,110,110,57
1767628241378,57,200,true,110,110,57
1767628241375,60,200,true,110,110,60
1767628241382,54,200,true,110,110,54
1767628241383,53,200,true,110,110,53
1767628241382,54,200,true,110,110,54
1767628241383,53,200,true,110,110,53
1767628241382,55,200,true,110,110,54
1767628241384,53,200,true,110,110,53
1767628241386,51,200,true,110,110,51
1767628241390,47,200,true,110,110,47
1767628241388,49,200,true,110,110,49
1767628241390,48,200,true,110,110,48
1767628241295,143,200,true,110,110,143
1767628241392,46,200,true,110,110,46
1767628241394,44,200,true,110,110,44
1767628241393,45,200,true,110,110,45
1767628241419,20,200,true,110,110,20
1767628241396,43,200,true,110,110,43
1767628241395,44,200,true,110,110,44
1767628241393,46,200,true,110,110,46
1767628241396,44,200,true,110,110,44
1767628241399,41,200,true,110,110,41
1767628241419,21,200,true,110,110,21
1767628241400,40,200,true,110,110,40
1767628241403,37,200,true,110,110,37
1767628241419,22,200,true,110,110,22
1767628241402,39,200,true,110,110,39
1767628241408,33,200,true,110,110,33
1767628241408,33,200,true,110,110,33
1767628241410,32,200,true,110,110,31
1767628241411,31,200,true,110,110,31
1767628241414,28,200,true,110,110,28
1767628241317,125,200,true,110,110,125
1767628241416,27,200,true,110,110,27
1767628241321,122,200,true,110,110,122
1767628241332,111,200,true,110,110,111
1767628241378,65,200,true,110,110,65
1767628241420,23,200,true,110,110,23
1767628241414,30,200,true,110,110,30
1767628241414,33,200,true,110,110,33
1767628241415,32,200,true,110,110,32
1767628241418,29,200,true,110,110,29
1767628241413,34,200,true,110,110,34
1767628241416,32,200,true,110,110,32
1767628241417,31,200,true,110,110,31
1767628241419,29,200,true,110,110,29
1767628241419,29,200,true,110,110,29
1767628241417,31,200,true,110,110,31
1767628241418,31,200,true,110,110,31
1767628241447,5,200,true,110,110,4
1767628241441,11,200,true,110,110,11
1767628241437,15,200,true,110,110,15
1767628241438,14,200,true,110,110,14
1767628241440,12,200,true,110,110,12
1767628241441,12,200,true,110,110,12
1767628241443,10,200,true,110,110,10
1767628241441,12,200,true,110,110,12
1767628241426,27,200,true,110,110,27
1767628241439,18,200,true,110,110,18
1767628241430,27,200,true,110,110,26
1767628241427,30,200,true,110,110,30
1767628241429,29,200,true,110,110,29
1767628241422,36,200,true,110,110,36
1767628241442,17,200,true,110,110,17
1767628241427,32,200,true,110,110,31
1767628241428,32,200,true,110,110,32
1767628241430,30,200,true,110,110,30
1767628241429,32,200,true,110,110,32
1767628241428,33,200,true,110,110,33
1767628241440,22,200,true,110,110,21
1767628241425,37,200,true,110,110,37
1767628241427,36,200,true,110,110,35
1767628241426,37,200,true,110,110,37
1767628241432,31,200,true,110,110,31
1767628241429,36,200,true,110,110,35
1767628241428,37,200,true,110,110,37
1767628241427,39,200,true,110,110,37
1767628241431,38,200,true,110,110,38
1767628241435,34,200,true,110,110,34
1767628241428,43,200,true,110,110,42
1767628241430,42,200,true,110,110,42
1767628241426,47,200,true,110,110,47
1767628241423,52,200,true,110,110,52
1767628241443,33,200,true,110,110,33
1767628241433,45,200,true,110,110,45
1767628241430,48,200,true,110,110,48
1767628241431,48,200,true,110,110,48
1767628241429,50,200,true,110,110,49
1767628241431,50,200,true,110,110,50
1767628241432,50,200,true,110,110,50
1767628241431,51,200,true,110,110,51
1767628241442,42,200,true,110,110,42
1767628241441,44,200,true,110,110,40
1767628241430,55,200,true,110,110,55
1767628241432,53,200,true,110,110,53
1767628241433,53,200,true,110,110,53
1767628241452,41,200,true,110,110,41
1767628241435,58,200,true,110,110,58
1767628241452,44,200,true,110,110,44
1767628241434,62,200,true,110,110,62
1767628241433,64,200,true,110,110,64
1767628241433,64,200,true,110,110,63
1767628241458,42,200,true,110,110,42
1767628241461,41,200,true,110,110,41
1767628241463,39,200,true,110,110,39
1767628241493,10,200,true,110,110,10
1767628241496,8,200,true,110,110,8
1767628241463,42,200,true,110,110,41
1767628241466,39,200,true,110,110,39
1767628241443,62,200,true,110,110,62
1767628241471,35,200,true,110,110,35
1767628241472,34,200,true,110,110,34
1767628241473,34,200,true,110,110,34
1767628241443,64,200,true,110,110,64
1767628241482,26,200,true,110,110,25
1767628241485,23,200,true,110,110,23
1767628241469,40,200,true,110,110,40
1767628241482,27,200,true,110,110,27
1767628241486,24,200,true,110,110,24
1767628241481,29,200,true,110,110,29
1767628241484,26,200,true,110,110,26
1767628241434,77,200,true,110,110,77
1767628241497,15,200,true,110,110,15
1767628241486,26,200,true,110,110,26
1767628241476,36,200,true,110,110,36
1767628241497,16,200,true,110,110,16
1767628241423,90,200,true,110,110,90
1767628241434,85,200,true,110,110,85
1767628241433,86,200,true,110,110,86
1767628241465,55,200,true,110,110,55
1767628241448,72,200,true,110,110,51
1767628241434,88,200,true,110,110,88
1767628241442,81,200,true,110,110,81
1767628241475,48,200,true,110,110,47
1767628241424,99,200,true,110,110,99
1767628241421,108,200,true,110,110,108
1767628241442,87,200,true,110,110,87
1767628241513,17,200,true,110,110,17
1767628241519,11,200,true,110,110,11
1767628241520,11,200,true,110,110,11
1767628241424,107,200,true,110,110,107
1767628241522,10,200,true,110,110,10
1767628241479,53,200,true,110,110,32
1767628241519,13,200,true,110,110,13
1767628241520,15,200,true,110,110,15
1767628241505,30,200,true,110,110,30
1767628241532,4,200,true,110,110,4
1767628241532,4,200,true,110,110,4
1767628241532,5,200,true,110,110,5
1767628241531,6,200,true,110,110,6
1767628241535,2,200,true,110,110,2
1767628241535,3,200,true,110,110,3
1767628241536,2,200,true,110,110,2
1767628241536,3,200,true,110,110,3
1767628241505,34,200,true,110,110,34
1767628241506,36,200,true,110,110,36
1767628241465,78,200,true,110,110,78
1767628241424,120,200,true,110,110,120
1767628241435,111,200,true,110,110,111
1767628241444,102,200,true,110,110,102
1767628241423,125,200,true,110,110,125
1767628241424,124,200,true,110,110,124
1767628241424,125,200,true,110,110,125
1767628241435,114,200,true,110,110,114
1767628241440,109,200,true,110,110,109
1767628241434,115,200,true,110,110,115
1767628241429,122,200,true,110,110,122
1767628241436,115,200,true,110,110,115
1767628241422,130,200,true,110,110,129
1767628241425,127,200,true,110,110,127
1767628241437,117,200,true,110,110,117
1767628241432,122,200,true,110,110,122
1767628241554,1,200,true,110,110,1
1767628241436,120,200,true,110,110,120
1767628241436,120,200,true,110,110,120
1767628241439,117,200,true,110,110,117
1767628241438,119,200,true,110,110,118
1767628241437,120,200,true,110,110,120
1767628241437,120,200,true,110,110,119
1767628241440,117,200,true,110,110,116
1767628241551,7,200,true,110,110,2
1767628241424,134,200,true,110,110,134
1767628241425,134,200,true,110,110,134
1767628241438,123,200,true,110,110,123
1767628241440,122,200,true,110,110,121
1767628241422,141,200,true,110,110,141
1767628241438,125,200,true,110,110,125
1767628241561,2,200,true,110,110,2
1767628241563,1,200,true,110,110,1
1767628241563,1,200,true,110,110,1
1767628241452,112,200,true,110,110,112
1767628241453,112,200,true,110,110,112
1767628241439,126,200,true,110,110,126
1767628241438,127,200,true,110,110,127
1767628241452,113,200,true,110,110,113
1767628241453,113,200,true,110,110,113
1767628241425,141,200,true,110,110,141
1767628241453,113,200,true,110,110,113
1767628241565,4,200,true,110,110,4
1767628241569,1,200,true,110,110,1
1767628241447,123,200,true,110,110,123
1767628241453,118,200,true,110,110,118
1767628241447,125,200,true,110,110,124
1767628241436,136,200,true,110,110,136
1767628241571,2,200,true,110,110,2
1767628241570,3,200,true,110,110,3
1767628241447,128,200,true,110,110,128
1767628241448,127,200,true,110,110,127
1767628241448,128,200,true,110,110,127
1767628241449,127,200,true,110,110,127
1767628241457,120,200,true,110,110,120
1767628241457,120,200,true,110,110,120
1767628241462,116,200,true,110,110,116
1767628241457,121,200,true,110,110,121
1767628241422,156,200,true,110,110,156
1767628241458,120,200,true,110,110,119
1767628241435,147,200,true,110,110,147
1767628241448,134,200,true,110,110,134
1767628241443,139,200,true,110,110,138
1767628241459,123,200,true,110,110,123
1767628241438,144,200,true,110,110,144
1767628241461,121,200,true,110,110,121
1767628241462,121,200,true,110,110,121
1767628241582,1,200,true,110,110,1
1767628241459,126,200,true,110,110,126
1767628241460,126,200,true,110,110,126
1767628241485,102,200,true,110,110,102
1767628241463,125,200,true,110,110,125
1767628241586,2,200,true,110,110,2
1767628241587,2,200,true,110,110,2
1767628241588,1,200,true,110,110,1
1767628241589,1,200,true,110,110,1
1767628241589,1,200,true,110,110,1
1767628241590,1,200,true,110,110,1
1767628241500,91,200,true,110,110,91
1767628241591,1,200,true,110,110,1
1767628241496,96,200,true,110,110,96
1767628241591,1,200,true,110,110,1
1767628241592,1,200,true,110,110,1
1767628241592,1,200,true,110,110,1
1767628241592,2,200,true,110,110,2
1767628241593,1,200,true,110,110,1
1767628241593,1,200,true,110,110,1
1767628241478,117,200,true,110,110,117
1767628241594,1,200,true,110,110,1
1767628241595,1,200,true,110,110,1
1767628241595,1,200,true,110,110,1
1767628241596,1,200,true,110,110,1
1767628241493,104,200,true,110,110,104
1767628241478,119,200,true,110,110,119
1767628241510,88,200,true,110,110,88
1767628241511,87,200,true,110,110,87
1767628241502,96,200,true,110,110,96
1767628241594,4,200,true,110,110,1
1767628241503,96,200,true,110,110,96
1767628241512,87,200,true,110,110,87
1767628241512,87,200,true,110,110,87
1767628241512,88,200,true,110,110,87
1767628241503,97,200,true,110,110,97
1767628241469,131,200,true,110,110,131
1767628241598,6,200,true,110,110,6
1767628241600,4,200,true,110,110,4
1767628241599,6,200,true,110,110,6
1767628241599,6,200,true,110,110,6
1767628241598,8,200,true,110,110,8
1767628241597,9,200,true,110,110,9
1767628241600,7,200,true,110,110,7
1767628241604,3,200,true,110,110,3
1767628241604,4,200,true,110,110,4
1767628241605,3,200,true,110,110,3
1767628241529,80,200,true,110,110,80
1767628241606,3,200,true,110,110,3
1767628241606,4,200,true,110,110,4
1767628241607,3,200,true,110,110,3
1767628241607,4,200,true,110,110,4
1767628241608,3,200,true,110,110,3
1767628241608,4,200,true,110,110,4
1767628241609,3,200,true,110,110,3
1767628241609,4,200,true,110,110,4
1767628241610,3,200,true,110,110,3
1767628241610,4,200,true,110,110,3
1767628241611,3,200,true,110,110,3
1767628241611,3,200,true,110,110,3
1767628241523,93,200,true,110,110,93
1767628241530,87,200,true,110,110,87
1767628241531,86,200,true,110,110,86
1767628241537,80,200,true,110,110,80
1767628241530,88,200,true,110,110,88
1767628241505,113,200,true,110,110,111
1767628241529,89,200,true,110,110,86
1767628241613,6,200,true,110,110,6
1767628241523,97,200,true,110,110,97
1767628241617,3,200,true,110,110,3
1767628241538,84,200,true,110,110,84
1767628241617,5,200,true,110,110,5
1767628241605,19,200,true,110,110,19
1767628241612,12,200,true,110,110,3
1767628241506,119,200,true,110,110,119
1767628241537,88,200,true,110,110,88
1767628241618,7,200,true,110,110,7
1767628241479,146,200,true,110,110,146
1767628241507,119,200,true,110,110,119
1767628241539,87,200,true,110,110,87
1767628241508,118,200,true,110,110,118
1767628241508,118,200,true,110,110,118
1767628241507,120,200,true,110,110,120
1767628241509,118,200,true,110,110,118
1767628241543,84,200,true,110,110,84
1767628241542,85,200,true,110,110,85
1767628241539,88,200,true,110,110,88
1767628241509,119,200,true,110,110,119
1767628241544,88,200,true,110,110,87
1767628241627,6,200,true,110,110,6
1767628241510,124,200,true,110,110,124
1767628241510,124,200,true,110,110,124
1767628241422,212,200,true,110,110,212
1767628241504,130,200,true,110,110,130
1767628241627,8,200,true,110,110,8
1767628241549,86,200,true,110,110,86
1767628241548,87,200,true,110,110,87
1767628241548,87,200,true,110,110,87
1767628241546,90,200,true,110,110,90
1767628241549,89,200,true,110,110,89
1767628241549,91,200,true,110,110,91
1767628241549,93,200,true,110,110,93
1767628241640,3,200,true,110,110,3
1767628241552,93,200,true,110,110,93
1767628241552,93,200,true,110,110,93
1767628241554,91,200,true,110,110,91
1767628241546,99,200,true,110,110,98
1767628241551,95,200,true,110,110,95
1767628241557,90,200,true,110,110,90
1767628241439,208,200,true,110,110,208
1767628241556,91,200,true,110,110,91
1767628241558,90,200,true,110,110,90
1767628241557,91,200,true,110,110,91
1767628241556,92,200,true,110,110,92
1767628241558,90,200,true,110,110,90
1767628241557,92,200,true,110,110,92
1767628241556,93,200,true,110,110,93
1767628241559,90,200,true,110,110,90
1767628241562,87,200,true,110,110,87
1767628241452,198,200,true,110,110,198
1767628241557,93,200,true,110,110,93
1767628241564,88,200,true,110,110,88
1767628241648,5,200,true,110,110,4
1767628241564,89,200,true,110,110,89
1767628241563,90,200,true,110,110,90
1767628241565,88,200,true,110,110,88
1767628241565,88,200,true,110,110,88
1767628241565,89,200,true,110,110,89
1767628241566,88,200,true,110,110,88
1767628241566,88,200,true,110,110,88
1767628241565,89,200,true,110,110,89
1767628241566,88,200,true,110,110,88
1767628241570,85,200,true,110,110,85
1767628241573,82,200,true,110,110,82
1767628241572,83,200,true,110,110,83
1767628241572,84,200,true,110,110,84
1767628241573,83,200,true,110,110,83
1767628241575,81,200,true,110,110,81
1767628241575,81,200,true,110,110,81
1767628241460,199,200,true,110,110,199
1767628241648,11,200,true,110,110,11
1767628241578,83,200,true,110,110,83
1767628241655,6,200,true,110,110,6
1767628241654,8,200,true,110,110,8
1767628241655,7,200,true,110,110,7
1767628241654,9,200,true,110,110,9
1767628241578,85,200,true,110,110,85
1767628241578,86,200,true,110,110,86
1767628241655,10,200,true,110,110,10
1767628241653,13,200,true,110,110,13
1767628241578,89,200,true,110,110,89
1767628241576,91,200,true,110,110,91
1767628241449,220,200,true,110,110,220
1767628241652,18,200,true,110,110,18
1767628241586,89,200,true,110,110,89
1767628241588,89,200,true,110,110,89
1767628241596,83,200,true,110,110,83
1767628241653,27,200,true,110,110,27
1767628241597,84,200,true,110,110,83
1767628241600,81,200,true,110,110,80
1767628241523,159,200,true,110,110,159
1767628241513,169,200,true,110,110,169
1767628241598,84,200,true,110,110,84
1767628241598,84,200,true,110,110,84
1767628241613,69,200,true,110,110,69
1767628241614,69,200,true,110,110,69
1767628241599,84,200,true,110,110,84
1767628241538,149,200,true,110,110,149
1767628241612,76,200,true,110,110,76
1767628241616,72,200,true,110,110,72
1767628241680,9,200,true,110,110,8
1767628241614,75,200,true,110,110,75
1767628241614,75,200,true,110,110,75
1767628241683,7,200,true,110,110,7
1767628241617,73,200,true,110,110,73
1767628241689,2,200,true,110,110,2
1767628241618,73,200,true,110,110,73
1767628241689,3,200,true,110,110,3
1767628241690,2,200,true,110,110,2
1767628241690,3,200,true,110,110,3
1767628241618,75,200,true,110,110,75
1767628241692,2,200,true,110,110,2
1767628241626,69,200,true,110,110,69
1767628241626,70,200,true,110,110,69
1767628241625,71,200,true,110,110,71
1767628241628,68,200,true,110,110,68
1767628241693,3,200,true,110,110,3
1767628241537,160,200,true,110,110,160
1767628241693,4,200,true,110,110,1
1767628241619,78,200,true,110,110,78
1767628241624,75,200,true,110,110,75
1767628241627,72,200,true,110,110,72
1767628241626,73,200,true,110,110,73
1767628241620,81,200,true,110,110,81
1767628241626,76,200,true,110,110,76
1767628241627,76,200,true,110,110,76
1767628241620,83,200,true,110,110,83
1767628241622,82,200,true,110,110,82
1767628241635,69,200,true,110,110,69
1767628241624,80,200,true,110,110,80
1767628241625,79,200,true,110,110,79
1767628241625,79,200,true,110,110,79
1767628241634,70,200,true,110,110,70
1767628241634,70,200,true,110,110,70
1767628241627,77,200,true,110,110,77
1767628241622,82,200,true,110,110,80
1767628241634,70,200,true,110,110,70
1767628241634,72,200,true,110,110,72
1767628241635,71,200,true,110,110,71
1767628241632,74,200,true,110,110,74
1767628241636,70,200,true,110,110,70
1767628241633,73,200,true,110,110,72
1767628241636,70,200,true,110,110,69
1767628241642,65,200,true,110,110,65
1767628241638,69,200,true,110,110,69
1767628241555,153,200,true,110,110,152
1767628241643,65,200,true,110,110,64
1767628241635,73,200,true,110,110,71
1767628241645,65,200,true,110,110,64
1767628241649,61,200,true,110,110,61
1767628241647,65,200,true,110,110,65
1767628241645,68,200,true,110,110,67
1767628241650,63,200,true,110,110,63
1767628241647,66,200,true,110,110,66
1767628241649,64,200,true,110,110,64
1767628241649,64,200,true,110,110,64
1767628241645,68,200,true,110,110,68
1767628241647,66,200,true,110,110,66
1767628241645,68,200,true,110,110,68
1767628241649,64,200,true,110,110,63
1767628241650,63,200,true,110,110,60
1767628241646,68,200,true,110,110,65
1767628241648,66,200,true,110,110,63
1767628241648,66,200,true,110,110,62
1767628241710,4,200,true,110,110,4
1767628241696,18,200,true,110,110,18
1767628241656,59,200,true,110,110,59
1767628241653,63,200,true,110,110,63
1767628241656,60,200,true,110,110,60
1767628241659,57,200,true,110,110,57
1767628241656,61,200,true,110,110,60
1767628241577,140,200,true,110,110,140
1767628241667,51,200,true,110,110,51
1767628241654,64,200,true,110,110,64
1767628241577,141,200,true,110,110,141
1767628241582,137,200,true,110,110,137
1767628241655,64,200,true,110,110,60
1767628241718,1,200,true,110,110,1
1767628241659,61,200,true,110,110,61
1767628241697,24,200,true,110,110,24
1767628241717,4,200,true,110,110,4
1767628241718,4,200,true,110,110,4
1767628241714,8,200,true,110,110,8
1767628241701,22,200,true,110,110,22
1767628241654,69,200,true,110,110,69
1767628241704,19,200,true,110,110,19
1767628241703,21,200,true,110,110,21
1767628241699,25,200,true,110,110,25
1767628241704,21,200,true,110,110,21
1767628241714,11,200,true,110,110,11
1767628241704,22,200,true,110,110,22
1767628241705,21,200,true,110,110,21
1767628241704,23,200,true,110,110,23
1767628241582,145,200,true,110,110,145
1767628241706,21,200,true,110,110,21
1767628241713,15,200,true,110,110,15
1767628241699,29,200,true,110,110,29
1767628241703,26,200,true,110,110,26
1767628241704,25,200,true,110,110,25
1767628241702,28,200,true,110,110,28
1767628241719,11,200,true,110,110,11
1767628241704,27,200,true,110,110,27
1767628241661,70,200,true,110,110,70
1767628241715,17,200,true,110,110,17
1767628241706,26,200,true,110,110,26
1767628241704,29,200,true,110,110,28
1767628241708,25,200,true,110,110,25
1767628241706,27,200,true,110,110,27
1767628241706,28,200,true,110,110,28
1767628241706,28,200,true,110,110,28
1767628241707,28,200,true,110,110,28
1767628241582,153,200,true,110,110,153
1767628241718,18,200,true,110,110,18
1767628241714,22,200,true,110,110,22
1767628241707,29,200,true,110,110,29
1767628241708,29,200,true,110,110,29
1767628241716,21,200,true,110,110,21
1767628241713,25,200,true,110,110,25
1767628241710,28,200,true,110,110,28
1767628241716,23,200,true,110,110,23
1767628241582,157,200,true,110,110,157
1767628241713,27,200,true,110,110,27
1767628241708,32,200,true,110,110,32
1767628241713,27,200,true,110,110,27
1767628241713,28,200,true,110,110,28
1767628241713,28,200,true,110,110,28
1767628241713,29,200,true,110,110,29
1767628241713,29,200,true,110,110,29
1767628241713,30,200,true,110,110,30
1767628241583,160,200,true,110,110,160
1767628241719,25,200,true,110,110,25
1767628241719,25,200,true,110,110,25
1767628241720,25,200,true,110,110,25
1767628241721,24,200,true,110,110,24
1767628241721,24,200,true,110,110,24
1767628241722,24,200,true,110,110,24
1767628241722,24,200,true,110,110,24
1767628241576,171,200,true,110,110,171
1767628241666,82,200,true,110,110,82
1767628241724,24,200,true,110,110,24
1767628241724,25,200,true,110,110,25
1767628241724,25,200,true,110,110,25
1767628241725,25,200,true,110,110,25
1767628241725,25,200,true,110,110,25
1767628241726,25,200,true,110,110,25
1767628241582,169,200,true,110,110,169
1767628241664,88,200,true,110,110,88
1767628241729,24,200,true,110,110,24
1767628241728,27,200,true,110,110,27
1767628241733,22,200,true,110,110,22
1767628241733,23,200,true,110,110,23
1767628241734,22,200,true,110,110,22
1767628241733,26,200,true,110,110,26
1767628241741,21,200,true,110,110,21
1767628241738,24,200,true,110,110,24
1767628241742,20,200,true,110,110,20
1767628241742,23,200,true,110,110,23
1767628241746,19,200,true,110,110,19
1767628241751,17,200,true,110,110,17
1767628241747,21,200,true,110,110,21
1767628241662,106,200,true,110,110,106
1767628241663,106,200,true,110,110,106
1767628241662,107,200,true,110,110,107
1767628241663,106,200,true,110,110,106
1767628241756,14,200,true,110,110,14
1767628241765,5,200,true,110,110,5
1767628241752,19,200,true,110,110,19
1767628241755,16,200,true,110,110,16
1767628241756,16,200,true,110,110,16
1767628241768,4,200,true,110,110,4
1767628241762,11,200,true,110,110,11
1767628241756,20,200,true,110,110,20
1767628241665,111,200,true,110,110,111
1767628241583,193,200,true,110,110,193
1767628241723,55,200,true,110,110,24
1767628241772,8,200,true,110,110,8
1767628241597,185,200,true,110,110,185
1767628241669,114,200,true,110,110,114
1767628241656,127,200,true,110,110,127
1767628241596,188,200,true,110,110,186
1767628241653,131,200,true,110,110,129
1767628241670,114,200,true,110,110,114
1767628241661,124,200,true,110,110,124
1767628241780,5,200,true,110,110,3
1767628241783,2,200,true,110,110,2
1767628241785,1,200,true,110,110,1
1767628241785,1,200,true,110,110,1
1767628241677,112,200,true,110,110,112
1767628241675,114,200,true,110,110,114
1767628241653,136,200,true,110,110,136
1767628241786,4,200,true,110,110,4
1767628241682,109,200,true,110,110,108
1767628241679,113,200,true,110,110,113
1767628241682,110,200,true,110,110,109
1767628241683,109,200,true,110,110,109
1767628241682,113,200,true,110,110,113
1767628241687,109,200,true,110,110,109
1767628241688,108,200,true,110,110,108
1767628241689,107,200,true,110,110,107
1767628241696,102,200,true,110,110,102
1767628241699,100,200,true,110,110,100
1767628241694,105,200,true,110,110,105
1767628241688,111,200,true,110,110,111
1767628241692,107,200,true,110,110,107
1767628241695,104,200,true,110,110,103
1767628241625,175,200,true,110,110,173
1767628241691,109,200,true,110,110,109
1767628241691,109,200,true,110,110,106
1767628241682,118,200,true,110,110,118
1767628241696,104,200,true,110,110,104
1767628241796,5,200,true,110,110,5
1767628241713,91,200,true,110,110,91
1767628241697,107,200,true,110,110,107
1767628241696,108,200,true,110,110,108
1767628241716,89,200,true,110,110,89
1767628241727,79,200,true,110,110,79
1767628241723,83,200,true,110,110,83
1767628241727,80,200,true,110,110,80
1767628241704,104,200,true,110,110,104
1767628241806,2,200,true,110,110,2
1767628241727,81,200,true,110,110,81
1767628241730,79,200,true,110,110,79
1767628241730,79,200,true,110,110,79
1767628241728,82,200,true,110,110,82
1767628241729,82,200,true,110,110,81
1767628241732,81,200,true,110,110,81
1767628241810,3,200,true,110,110,3
1767628241736,79,200,true,110,110,79
1767628241735,80,200,true,110,110,80
1767628241735,80,200,true,110,110,80
1767628241734,81,200,true,110,110,81
1767628241811,5,200,true,110,110,5
1767628241736,80,200,true,110,110,80
1767628241736,80,200,true,110,110,80
1767628241737,80,200,true,110,110,80
1767628241738,79,200,true,110,110,79
1767628241739,78,200,true,110,110,78
1767628241739,78,200,true,110,110,78
1767628241740,77,200,true,110,110,77
1767628241740,78,200,true,110,110,78
1767628241740,78,200,true,110,110,78
1767628241741,77,200,true,110,110,77
1767628241743,75,200,true,110,110,75
1767628241743,76,200,true,110,110,76
1767628241744,75,200,true,110,110,75
1767628241744,75,200,true,110,110,75
1767628241745,74,200,true,110,110,74
1767628241745,75,200,true,110,110,75
1767628241746,74,200,true,110,110,74
1767628241746,74,200,true,110,110,74
1767628241748,72,200,true,110,110,72
1767628241748,72,200,true,110,110,72
1767628241749,72,200,true,110,110,72
1767628241749,72,200,true,110,110,72
1767628241750,71,200,true,110,110,71
1767628241751,70,200,true,110,110,70
1767628241753,69,200,true,110,110,69
1767628241768,54,200,true,110,110,54
1767628241759,63,200,true,110,110,63
1767628241762,60,200,true,110,110,60
1767628241765,58,200,true,110,110,58
1767628241769,54,200,true,110,110,54
1767628241769,54,200,true,110,110,54
1767628241769,55,200,true,110,110,55
1767628241768,56,200,true,110,110,55
1767628241770,54,200,true,110,110,54
1767628241737,87,200,true,110,110,87
1767628241771,54,200,true,110,110,54
1767628241770,55,200,true,110,110,55
1767628241750,75,200,true,110,110,75
1767628241726,99,200,true,110,110,99
1767628241762,63,200,true,110,110,63
1767628241714,111,200,true,110,110,111
1767628241712,114,200,true,110,110,114
1767628241706,120,200,true,110,110,120
1767628241717,109,200,true,110,110,109
1767628241667,159,200,true,110,110,159
1767628241809,18,200,true,110,110,18
1767628241776,51,200,true,110,110,51
1767628241778,49,200,true,110,110,49
1767628241776,51,200,true,110,110,51
1767628241772,55,200,true,110,110,55
1767628241776,52,200,true,110,110,52
1767628241772,56,200,true,110,110,56
1767628241773,55,200,true,110,110,55
1767628241783,45,200,true,110,110,45
1767628241783,45,200,true,110,110,45
1767628241784,45,200,true,110,110,45
1767628241784,45,200,true,110,110,45
1767628241784,45,200,true,110,110,45
1767628241785,44,200,true,110,110,44
1767628241590,239,200,true,110,110,239
1767628241789,41,200,true,110,110,41
1767628241789,41,200,true,110,110,41
1767628241681,149,200,true,110,110,149
1767628241789,41,200,true,110,110,41
1767628241682,149,200,true,110,110,149
1767628241792,39,200,true,110,110,39
1767628241792,39,200,true,110,110,39
1767628241792,39,200,true,110,110,39
1767628241681,150,200,true,110,110,150
1767628241791,41,200,true,110,110,41
1767628241796,36,200,true,110,110,36
1767628241786,46,200,true,110,110,46
1767628241798,34,200,true,110,110,34
1767628241795,37,200,true,110,110,37
1767628241799,33,200,true,110,110,33
1767628241796,37,200,true,110,110,37
1767628241790,43,200,true,110,110,43
1767628241799,34,200,true,110,110,34
1767628241800,33,200,true,110,110,33
1767628241800,34,200,true,110,110,34
1767628241800,34,200,true,110,110,34
1767628241704,130,200,true,110,110,130
1767628241799,35,200,true,110,110,35
1767628241813,21,200,true,110,110,21
1767628241800,35,200,true,110,110,35
1767628241799,36,200,true,110,110,36
1767628241800,35,200,true,110,110,35
1767628241800,35,200,true,110,110,35
1767628241801,34,200,true,110,110,34
1767628241804,31,200,true,110,110,31
1767628241805,31,200,true,110,110,31
1767628241805,31,200,true,110,110,31
1767628241805,31,200,true,110,110,31
1767628241806,30,200,true,110,110,30
1767628241807,30,200,true,110,110,30
1767628241697,140,200,true,110,110,140
1767628241808,29,200,true,110,110,29
1767628241731,106,200,true,110,110,106
1767628241731,106,200,true,110,110,106
1767628241732,106,200,true,110,110,106
1767628241808,30,200,true,110,110,30
1767628241809,29,200,true,110,110,29
1767628241808,30,200,true,110,110,30
1767628241714,124,200,true,110,110,124
1767628241819,20,200,true,110,110,20
1767628241829,11,200,true,110,110,11
1767628241830,10,200,true,110,110,10
1767628241832,8,200,true,110,110,8
1767628241836,5,200,true,110,110,5
1767628241833,8,200,true,110,110,8
1767628241832,10,200,true,110,110,10
1767628241824,18,200,true,110,110,18
1767628241825,17,200,true,110,110,17
1767628241823,20,200,true,110,110,20
1767628241837,9,200,true,110,110,9
1767628241827,21,200,true,110,110,21
1767628241830,28,200,true,110,110,28
1767628241816,43,200,true,110,110,43
1767628241817,43,200,true,110,110,43
1767628241824,36,200,true,110,110,36
1767628241831,30,200,true,110,110,30
1767628241824,43,200,true,110,110,43
1767628241830,37,200,true,110,110,37
1767628241820,48,200,true,110,110,48
1767628241823,46,200,true,110,110,45
1767628241830,39,200,true,110,110,39
1767628241821,49,200,true,110,110,49
1767628241824,47,200,true,110,110,47
1767628241835,37,200,true,110,110,37
1767628241834,38,200,true,110,110,38
1767628241838,35,200,true,110,110,35
1767628241825,48,200,true,110,110,48
1767628241825,49,200,true,110,110,44
1767628241838,36,200,true,110,110,35
1767628241834,40,200,true,110,110,39
1767628241833,41,200,true,110,110,38
1767628241836,38,200,true,110,110,38
1767628241833,43,200,true,110,110,43
1767628241842,35,200,true,110,110,35
1767628241837,42,200,true,110,110,42
1767628241837,43,200,true,110,110,43
1767628241867,13,200,true,110,110,13
1767628241868,13,200,true,110,110,13
1767628241867,14,200,true,110,110,14
1767628241871,11,200,true,110,110,11
1767628241874,8,200,true,110,110,8
1767628241874,9,200,true,110,110,9
1767628241831,52,200,true,110,110,52
1767628241874,9,200,true,110,110,9
1767628241870,14,200,true,110,110,14
1767628241873,11,200,true,110,110,11
1767628241872,13,200,true,110,110,13
1767628241873,12,200,true,110,110,12
1767628241859,27,200,true,110,110,27
1767628241860,26,200,true,110,110,26
1767628241860,27,200,true,110,110,27
1767628241813,74,200,true,110,110,74
1767628241877,11,200,true,110,110,11
1767628241879,9,200,true,110,110,9
1767628241880,8,200,true,110,110,8
1767628241880,9,200,true,110,110,9
1767628241881,8,200,true,110,110,8
1767628241881,9,200,true,110,110,9
1767628241882,8,200,true,110,110,8
1767628241882,9,200,true,110,110,9
1767628241831,60,200,true,110,110,60
1767628241817,74,200,true,110,110,62
1767628241883,9,200,true,110,110,9
1767628241821,71,200,true,110,110,71
1767628241884,8,200,true,110,110,8
1767628241885,8,200,true,110,110,8
1767628241884,11,200,true,110,110,11
1767628241889,7,200,true,110,110,7
1767628241823,74,200,true,110,110,74
1767628241890,8,200,true,110,110,8
1767628241820,78,200,true,110,110,78
1767628241829,69,200,true,110,110,69
1767628241821,78,200,true,110,110,78
1767628241825,74,200,true,110,110,74
1767628241832,67,200,true,110,110,67
1767628241821,78,200,true,110,110,78
1767628241827,72,200,true,110,110,72
1767628241837,63,200,true,110,110,63
1767628241833,69,200,true,110,110,69
1767628241834,68,200,true,110,110,68
1767628241820,83,200,true,110,110,81
1767628241830,73,200,true,110,110,73
1767628241831,72,200,true,110,110,72
1767628241827,76,200,true,110,110,74
1767628241825,78,200,true,110,110,78
1767628241820,84,200,true,110,110,84
1767628241827,78,200,true,110,110,78
1767628241816,90,200,true,110,110,88
1767628241900,8,200,true,110,110,8
1767628241896,12,200,true,110,110,7
1767628241826,85,200,true,110,110,85
1767628241837,75,200,true,110,110,73
1767628241838,74,200,true,110,110,74
1767628241834,79,200,true,110,110,79
1767628241828,86,200,true,110,110,86
1767628241895,19,200,true,110,110,19
1767628241899,16,200,true,110,110,16
1767628241899,16,200,true,110,110,16
1767628241892,24,200,true,110,110,24
1767628241899,17,200,true,110,110,17
1767628241893,23,200,true,110,110,23
1767628241898,19,200,true,110,110,19
1767628241899,18,200,true,110,110,18
1767628241902,16,200,true,110,110,16
1767628241902,16,200,true,110,110,16
1767628241815,103,200,true,110,110,103
1767628241838,81,200,true,110,110,80
1767628241815,104,200,true,110,110,104
1767628241819,100,200,true,110,110,100
1767628241835,84,200,true,110,110,84
1767628241826,93,200,true,110,110,93
1767628241815,105,200,true,110,110,105
1767628241828,92,200,true,110,110,92
1767628241816,104,200,true,110,110,104
1767628241831,90,200,true,110,110,90
1767628241899,22,200,true,110,110,22
1767628241836,85,200,true,110,110,73
1767628241822,99,200,true,110,110,99
1767628241826,95,200,true,110,110,95
1767628241903,18,200,true,110,110,18
1767628241832,90,200,true,110,110,90
1767628241818,104,200,true,110,110,104
1767628241825,97,200,true,110,110,97
1767628241818,104,200,true,110,110,104
1767628241820,103,200,true,110,110,103
1767628241817,106,200,true,110,110,106
1767628241822,101,200,true,110,110,101
1767628241915,11,200,true,110,110,11
1767628241833,93,200,true,110,110,93
1767628241916,13,200,true,110,110,13
1767628241921,8,200,true,110,110,8
1767628241829,105,200,true,110,110,105
1767628241819,115,200,true,110,110,115
1767628241818,117,200,true,110,110,115
1767628241818,117,200,true,110,110,117
1767628241911,24,200,true,110,110,24
1767628241922,15,200,true,110,110,15
1767628241934,4,200,true,110,110,4
1767628241935,3,200,true,110,110,3
1767628241835,106,200,true,110,110,106
1767628241828,114,200,true,110,110,114
1767628241938,4,200,true,110,110,4
1767628241941,2,200,true,110,110,2
1767628241829,114,200,true,110,110,114
1767628241840,104,200,true,110,110,104
1767628241840,104,200,true,110,110,104
1767628241835,110,200,true,110,110,110
1767628241869,76,200,true,110,110,72
1767628241839,106,200,true,110,110,104
1767628241942,3,200,true,110,110,1
1767628241842,104,200,true,110,110,104
1767628241827,119,200,true,110,110,119
1767628241817,129,200,true,110,110,129
1767628241835,112,200,true,110,110,112
1767628241834,113,200,true,110,110,113
1767628241843,104,200,true,110,110,104
1767628241840,107,200,true,110,110,107
1767628241872,76,200,true,110,110,76
1767628241841,107,200,true,110,110,107
1767628241846,102,200,true,110,110,102
1767628241843,105,200,true,110,110,105
1767628241874,74,200,true,110,110,74
1767628241848,101,200,true,110,110,101
1767628241858,91,200,true,110,110,91
1767628241841,108,200,true,110,110,105
1767628241877,72,200,true,110,110,72
1767628241943,6,200,true,110,110,6
1767628241947,12,200,true,110,110,12
1767628241943,17,200,true,110,110,17
1767628241945,15,200,true,110,110,15
1767628241945,16,200,true,110,110,16
1767628241949,12,200,true,110,110,12
1767628241959,2,200,true,110,110,2
1767628241836,126,200,true,110,110,126
1767628241960,2,200,true,110,110,2
1767628241961,2,200,true,110,110,2
1767628241961,2,200,true,110,110,2
1767628241962,2,200,true,110,110,2
1767628241962,2,200,true,110,110,2
1767628241963,2,200,true,110,110,2
1767628241963,2,200,true,110,110,2
1767628241964,2,200,true,110,110,2
1767628241964,2,200,true,110,110,2
1767628241965,1,200,true,110,110,1
1767628241966,1,200,true,110,110,1
1767628241966,2,200,true,110,110,2
1767628241966,2,200,true,110,110,2
1767628241967,2,200,true,110,110,2
1767628241968,1,200,true,110,110,1
1767628241968,2,200,true,110,110,2
1767628241969,1,200,true,110,110,1
1767628241969,1,200,true,110,110,1
1767628241970,2,200,true,110,110,1
1767628241965,8,200,true,110,110,7
1767628241970,3,200,true,110,110,3
1767628241886,88,200,true,110,110,88
1767628241887,88,200,true,110,110,88
1767628241888,87,200,true,110,110,87
1767628241888,87,200,true,110,110,87
1767628241887,88,200,true,110,110,88
1767628241889,87,200,true,110,110,87
1767628241890,87,200,true,110,110,86
1767628241889,88,200,true,110,110,88
1767628241869,108,200,true,110,110,108
1767628241884,93,200,true,110,110,93
1767628241885,92,200,true,110,110,91
1767628241886,91,200,true,110,110,91
1767628241874,103,200,true,110,110,103
1767628241883,95,200,true,110,110,95
1767628241822,157,200,true,110,110,156
1767628241891,88,200,true,110,110,88
1767628241904,75,200,true,110,110,75
1767628241903,76,200,true,110,110,75
1767628241898,81,200,true,110,110,80
1767628241898,82,200,true,110,110,82
1767628241891,90,200,true,110,110,90
1767628241838,143,200,true,110,110,143
1767628241897,85,200,true,110,110,84
1767628241832,151,200,true,110,110,150
1767628241908,75,200,true,110,110,75
1767628241903,80,200,true,110,110,79
1767628241892,93,200,true,110,110,93
1767628241912,74,200,true,110,110,74
1767628241822,165,200,true,110,110,165
1767628241892,95,200,true,110,110,95
1767628241903,84,200,true,110,110,84
1767628241983,5,200,true,110,110,5
1767628241915,77,200,true,110,110,77
1767628241977,15,200,true,110,110,15
1767628241979,14,200,true,110,110,14
1767628241979,14,200,true,110,110,14
1767628241980,13,200,true,110,110,13
1767628241980,14,200,true,110,110,14
1767628241978,16,200,true,110,110,16
1767628241977,18,200,true,110,110,18
1767628241922,73,200,true,110,110,73
1767628241987,8,200,true,110,110,8
1767628241977,19,200,true,110,110,19
1767628241977,19,200,true,110,110,19
1767628241975,22,200,true,110,110,22
1767628241977,20,200,true,110,110,20
1767628241975,23,200,true,110,110,23
1767628241979,19,200,true,110,110,19
1767628241983,16,200,true,110,110,16
1767628241923,76,200,true,110,110,76
1767628241914,85,200,true,110,110,85
1767628241908,91,200,true,110,110,91
1767628241921,78,200,true,110,110,78
1767628241919,81,200,true,110,110,72
1767628241919,81,200,true,110,110,71
1767628241921,79,200,true,110,110,70
1767628241977,26,200,true,110,110,26
1767628241995,8,200,true,110,110,8
1767628241983,21,200,true,110,110,21
1767628241918,87,200,true,110,110,74
1767628241995,13,200,true,110,110,12
1767628241914,94,200,true,110,110,94
1767628241917,92,200,true,110,110,92
1767628241999,10,200,true,110,110,10
1767628241999,11,200,true,110,110,11
1767628242000,10,200,true,110,110,10
1767628242000,11,200,true,110,110,11
1767628241917,94,200,true,110,110,94
1767628241916,95,200,true,110,110,95
1767628242005,7,200,true,110,110,7
1767628242004,8,200,true,110,110,8
1767628241918,97,200,true,110,110,97
1767628242011,4,200,true,110,110,4
1767628241904,111,200,true,110,110,111
1767628241906,109,200,true,110,110,109
1767628241905,111,200,true,110,110,111
1767628241912,104,200,true,110,110,104
1767628241921,95,200,true,110,110,95
1767628241914,102,200,true,110,110,102
1767628241918,99,200,true,110,110,99
1767628241920,97,200,true,110,110,97
1767628241919,98,200,true,110,110,98
1767628241920,97,200,true,110,110,97
1767628241919,99,200,true,110,110,98
1767628241920,98,200,true,110,110,98
1767628241920,98,200,true,110,110,98
1767628241916,102,200,true,110,110,102
1767628241922,97,200,true,110,110,97
1767628242011,8,200,true,110,110,8
1767628241826,194,200,true,110,110,194
1767628242016,5,200,true,110,110,5
1767628242016,5,200,true,110,110,5
1767628242016,6,200,true,110,110,6
1767628242017,5,200,true,110,110,5
1767628242018,5,200,true,110,110,5
1767628241828,195,200,true,110,110,195
1767628242018,6,200,true,110,110,6
1767628242017,9,200,true,110,110,9
1767628242022,4,200,true,110,110,4
1767628242023,4,200,true,110,110,4
1767628242023,5,200,true,110,110,5
1767628241921,108,200,true,110,110,108
1767628241923,107,200,true,110,110,107
1767628241923,107,200,true,110,110,107
1767628242028,3,200,true,110,110,3
1767628242029,2,200,true,110,110,2
1767628242027,4,200,true,110,110,4
1767628241929,103,200,true,110,110,103
1767628242031,2,200,true,110,110,2
1767628242031,2,200,true,110,110,2
1767628242033,1,200,true,110,110,1
1767628242032,2,200,true,110,110,2
1767628242033,2,200,true,110,110,2
1767628241926,109,200,true,110,110,109
1767628241921,114,200,true,110,110,114
1767628241929,107,200,true,110,110,107
1767628241926,110,200,true,110,110,106
1767628241922,114,200,true,110,110,114
1767628242035,1,200,true,110,110,1
1767628241934,104,200,true,110,110,104
1767628241837,202,200,true,110,110,202
1767628241938,101,200,true,110,110,101
1767628241942,98,200,true,110,110,98
1767628241819,221,200,true,110,110,221
1767628241945,95,200,true,110,110,95
1767628241947,95,200,true,110,110,95
1767628241944,98,200,true,110,110,98
1767628241945,97,200,true,110,110,97
1767628241948,94,200,true,110,110,94
1767628241949,94,200,true,110,110,94
1767628241946,97,200,true,110,110,97
1767628241948,95,200,true,110,110,94
1767628241948,95,200,true,110,110,95
1767628241946,97,200,true,110,110,97
1767628241946,98,200,true,110,110,98
1767628241947,97,200,true,110,110,97
1767628241949,96,200,true,110,110,96
1767628241947,98,200,true,110,110,94
1767628241948,97,200,true,110,110,96
1767628241949,96,200,true,110,110,94
1767628241949,97,200,true,110,110,95
1767628241945,101,200,true,110,110,100
1767628241948,98,200,true,110,110,94
1767628241815,232,200,true,110,110,232
1767628241817,230,200,true,110,110,229
1767628241937,111,200,true,110,110,111
1767628241970,79,200,true,110,110,79
1767628241961,89,200,true,110,110,89
1767628242046,6,200,true,110,110,6
1767628241891,162,200,true,110,110,161
1767628241982,71,200,true,110,110,71
1767628241987,66,200,true,110,110,66
1767628241987,71,200,true,110,110,71
1767628242043,15,200,true,110,110,15
1767628241988,71,200,true,110,110,71
1767628241861,198,200,true,110,110,197
1767628241980,84,200,true,110,110,84
1767628241975,90,200,true,110,110,90
1767628241973,93,200,true,110,110,93
1767628242039,28,200,true,110,110,28
1767628242040,27,200,true,110,110,27
1767628241972,96,200,true,110,110,96
1767628242059,9,200,true,110,110,9
1767628242053,16,200,true,110,110,16
1767628242059,10,200,true,110,110,10
1767628242058,12,200,true,110,110,12
1767628242050,20,200,true,110,110,20
1767628242065,6,200,true,110,110,6
1767628242053,18,200,true,110,110,17
1767628241992,79,200,true,110,110,79
1767628242065,6,200,true,110,110,6
1767628242066,6,200,true,110,110,6
1767628242067,5,200,true,110,110,5
1767628242067,6,200,true,110,110,6
1767628242068,5,200,true,110,110,5
1767628242068,6,200,true,110,110,6
1767628242069,5,200,true,110,110,5
1767628242069,6,200,true,110,110,6
1767628241975,100,200,true,110,110,100
1767628241992,83,200,true,110,110,83
1767628242070,6,200,true,110,110,6
1767628241973,103,200,true,110,110,103
1767628242071,6,200,true,110,110,6
1767628241974,103,200,true,110,110,102
1767628241993,85,200,true,110,110,85
1767628242073,6,200,true,110,110,6
1767628242074,7,200,true,110,110,7
1767628241993,90,200,true,110,110,90
1767628242076,7,200,true,110,110,7
1767628241993,92,200,true,110,110,92
1767628242083,2,200,true,110,110,2
1767628242082,3,200,true,110,110,3
1767628242083,3,200,true,110,110,3
1767628242085,1,200,true,110,110,1
1767628242085,2,200,true,110,110,2
1767628241994,93,200,true,110,110,93
1767628242086,2,200,true,110,110,1
1767628242086,2,200,true,110,110,2
1767628242087,1,200,true,110,110,1
1767628242087,2,200,true,110,110,2
1767628242088,1,200,true,110,110,1
1767628242088,2,200,true,110,110,2
1767628242088,2,200,true,110,110,2
1767628242089,2,200,true,110,110,2
1767628241994,97,200,true,110,110,97
1767628242076,16,200,true,110,110,16
1767628242091,2,200,true,110,110,2
1767628241995,98,200,true,110,110,98
1767628241996,97,200,true,110,110,97
1767628241996,97,200,true,110,110,97
1767628241997,97,200,true,110,110,97
1767628241997,97,200,true,110,110,97
1767628241998,96,200,true,110,110,96
1767628241998,96,200,true,110,110,96
1767628241999,96,200,true,110,110,96
1767628241985,110,200,true,110,110,110
1767628242000,95,200,true,110,110,95
1767628242003,93,200,true,110,110,93
1767628241999,97,200,true,110,110,97
1767628242003,93,200,true,110,110,93
1767628242008,88,200,true,110,110,88
1767628242009,87,200,true,110,110,87
1767628242009,88,200,true,110,110,88
1767628242009,88,200,true,110,110,88
1767628242010,87,200,true,110,110,87
1767628242010,87,200,true,110,110,87
1767628242015,83,200,true,110,110,83
1767628242012,86,200,true,110,110,86
1767628242015,83,200,true,110,110,83
1767628242018,80,200,true,110,110,80
1767628242000,99,200,true,110,110,99
1767628242015,84,200,true,110,110,84
1767628242015,84,200,true,110,110,84
1767628242016,83,200,true,110,110,83
1767628242011,88,200,true,110,110,88
1767628242017,83,200,true,110,110,83
1767628242017,83,200,true,110,110,83
1767628242018,82,200,true,110,110,82
1767628242019,81,200,true,110,110,81
1767628242021,79,200,true,110,110,79
1767628242021,80,200,true,110,110,80
1767628242022,79,200,true,110,110,79
1767628242026,75,200,true,110,110,75
1767628242024,77,200,true,110,110,77
1767628242026,76,200,true,110,110,76
1767628242030,72,200,true,110,110,72
1767628242030,72,200,true,110,110,72
1767628242034,68,200,true,110,110,68
1767628242012,91,200,true,110,110,91
1767628242031,72,200,true,110,110,72
1767628242036,67,200,true,110,110,67
1767628241935,168,200,true,110,110,168
1767628241828,276,200,true,110,110,276
1767628241935,169,200,true,110,110,169
1767628242046,58,200,true,110,110,58
1767628242045,59,200,true,110,110,59
1767628242045,59,200,true,110,110,59
1767628242043,62,200,true,110,110,62
1767628242103,2,200,true,110,110,2
1767628242019,86,200,true,110,110,86
1767628242040,66,200,true,110,110,66
1767628241981,125,200,true,110,110,125
1767628242052,54,200,true,110,110,54
1767628242042,64,200,true,110,110,64
1767628242053,53,200,true,110,110,53
1767628242045,62,200,true,110,110,62
1767628242045,62,200,true,110,110,62
1767628242043,64,200,true,110,110,64
1767628241986,121,200,true,110,110,121
1767628242020,87,200,true,110,110,87
1767628241960,147,200,true,110,110,147
1767628242042,66,200,true,110,110,66
1767628241976,132,200,true,110,110,132
1767628241977,131,200,true,110,110,131
1767628242043,65,200,true,110,110,65
1767628242043,65,200,true,110,110,65
1767628242043,66,200,true,110,110,66
1767628242044,65,200,true,110,110,65
1767628242046,63,200,true,110,110,63
1767628242048,62,200,true,110,110,62
1767628242047,63,200,true,110,110,63
1767628242047,63,200,true,110,110,63
1767628242035,75,200,true,110,110,75
1767628242049,61,200,true,110,110,61
1767628242035,76,200,true,110,110,76
1767628242045,66,200,true,110,110,66
1767628242036,75,200,true,110,110,75
1767628242036,75,200,true,110,110,75
1767628242036,76,200,true,110,110,76
1767628242038,74,200,true,110,110,74
1767628242042,70,200,true,110,110,67
1767628242040,72,200,true,110,110,72
1767628242058,54,200,true,110,110,54
1767628242039,77,200,true,110,110,77
1767628242071,45,200,true,110,110,45
1767628242105,12,200,true,110,110,12
1767628242072,50,200,true,110,110,50
1767628242097,26,200,true,110,110,26
1767628242070,59,200,true,110,110,59
1767628242105,24,200,true,110,110,24
1767628242072,57,200,true,110,110,53
1767628242107,23,200,true,110,110,23
1767628242103,27,200,true,110,110,27
1767628242072,61,200,true,110,110,61
1767628242102,31,200,true,110,110,31
1767628242109,25,200,true,110,110,25
1767628242109,28,200,true,110,110,28
1767628242110,27,200,true,110,110,27
1767628242110,27,200,true,110,110,27
1767628242110,30,200,true,110,110,30
1767628242134,6,200,true,110,110,6
1767628242137,6,200,true,110,110,6
1767628242075,70,200,true,110,110,70
1767628242074,71,200,true,110,110,71
1767628242075,70,200,true,110,110,70
1767628242071,74,200,true,110,110,74
1767628242078,67,200,true,110,110,67
1767628242075,71,200,true,110,110,71
1767628242077,69,200,true,110,110,69
1767628242073,73,200,true,110,110,73
1767628242090,58,200,true,110,110,58
1767628242077,71,200,true,110,110,70
1767628242145,3,200,true,110,110,3
1767628242145,4,200,true,110,110,4
1767628242079,70,200,true,110,110,70
1767628242143,7,200,true,110,110,7
1767628242085,67,200,true,110,110,67
1767628242090,64,200,true,110,110,64
1767628242148,6,200,true,110,110,6
1767628242154,2,200,true,110,110,2
1767628242034,122,200,true,110,110,122
1767628242089,67,200,true,110,110,67
1767628242106,50,200,true,110,110,50
1767628242106,51,200,true,110,110,51
1767628242106,51,200,true,110,110,51
1767628242107,50,200,true,110,110,50
1767628242095,62,200,true,110,110,62
1767628242107,50,200,true,110,110,50
1767628242104,54,200,true,110,110,54
1767628242107,51,200,true,110,110,51
1767628242102,56,200,true,110,110,56
1767628242094,64,200,true,110,110,64
1767628242096,62,200,true,110,110,62
1767628242097,62,200,true,110,110,62
1767628242106,53,200,true,110,110,53
1767628242097,62,200,true,110,110,62
1767628242093,67,200,true,110,110,67
1767628242105,55,200,true,110,110,55
1767628242097,64,200,true,110,110,64
1767628242105,57,200,true,110,110,57
1767628242091,71,200,true,110,110,71
1767628242156,7,200,true,110,110,5
1767628242157,6,200,true,110,110,6
1767628242099,65,200,true,110,110,62
1767628242157,7,200,true,110,110,7
1767628242157,7,200,true,110,110,7
1767628242158,7,200,true,110,110,7
1767628242158,8,200,true,110,110,7
1767628242159,9,200,true,110,110,9
1767628242159,10,200,true,110,110,10
1767628242095,78,200,true,110,110,75
1767628242098,76,200,true,110,110,76
1767628242096,82,200,true,110,110,82
1767628242094,85,200,true,110,110,84
1767628242094,85,200,true,110,110,85
1767628242094,85,200,true,110,110,85
1767628242103,76,200,true,110,110,76
1767628242093,86,200,true,110,110,86
1767628242104,76,200,true,110,110,76
1767628242098,82,200,true,110,110,82
1767628242093,87,200,true,110,110,87
1767628242160,20,200,true,110,110,20
1767628242095,86,200,true,110,110,86
1767628242180,2,200,true,110,110,2
1767628242107,79,200,true,110,110,79
1767628242104,82,200,true,110,110,82
1767628242101,86,200,true,110,110,86
1767628242102,85,200,true,110,110,85
1767628242186,1,200,true,110,110,1
1767628242101,86,200,true,110,110,85
1767628242102,85,200,true,110,110,85
1767628242101,86,200,true,110,110,86
1767628242103,85,200,true,110,110,85
1767628242100,88,200,true,110,110,88
1767628242096,92,200,true,110,110,92
1767628242188,1,200,true,110,110,1
1767628242186,3,200,true,110,110,3
1767628242099,90,200,true,110,110,90
1767628242100,90,200,true,110,110,90
1767628242100,90,200,true,110,110,90
1767628242103,87,200,true,110,110,87
1767628242104,86,200,true,110,110,86
1767628242092,99,200,true,110,110,99
1767628242108,83,200,true,110,110,83
1767628242108,83,200,true,110,110,83
1767628242112,80,200,true,110,110,80
1767628242112,80,200,true,110,110,79
1767628242117,75,200,true,110,110,75
1767628242098,94,200,true,110,110,94
1767628242109,83,200,true,110,110,83
1767628242100,93,200,true,110,110,93
1767628242108,91,200,true,110,110,90
1767628242108,91,200,true,110,110,91
1767628242199,1,200,true,110,110,1
1767628242110,91,200,true,110,110,91
1767628242110,91,200,true,110,110,91
1767628242116,86,200,true,110,110,86
1767628242200,3,200,true,110,110,3
1767628242202,2,200,true,110,110,2
1767628242112,93,200,true,110,110,93
1767628242123,83,200,true,110,110,83
1767628242116,91,200,true,110,110,89
1767628242129,78,200,true,110,110,78
1767628242122,85,200,true,110,110,84
1767628242108,99,200,true,110,110,99
1767628242205,2,200,true,110,110,2
1767628242112,97,200,true,110,110,97
1767628242133,76,200,true,110,110,76
1767628242133,77,200,true,110,110,77
1767628242130,80,200,true,110,110,80
1767628242130,80,200,true,110,110,80
1767628242111,99,200,true,110,110,99
1767628242129,82,200,true,110,110,81
1767628242111,101,200,true,110,110,93
1767628242112,100,200,true,110,110,100
1767628242207,5,200,true,110,110,5
1767628242112,100,200,true,110,110,100
1767628242129,85,200,true,110,110,84
1767628242212,3,200,true,110,110,2
1767628242210,6,200,true,110,110,6
1767628242214,3,200,true,110,110,3
1767628242137,80,200,true,110,110,80
1767628242137,80,200,true,110,110,80
1767628242140,79,200,true,110,110,79
1767628242140,80,200,true,110,110,80
1767628242145,75,200,true,110,110,75
1767628242111,110,200,true,110,110,110
1767628242145,77,200,true,110,110,77
1767628242146,77,200,true,110,110,77
1767628242145,78,200,true,110,110,78
1767628242146,77,200,true,110,110,77
1767628242146,79,200,true,110,110,79
1767628242148,78,200,true,110,110,78
1767628242149,77,200,true,110,110,77
1767628242148,78,200,true,110,110,77
1767628242225,1,200,true,110,110,1
1767628242149,79,200,true,110,110,79
1767628242157,72,200,true,110,110,72
1767628242157,73,200,true,110,110,73
1767628242158,73,200,true,110,110,73
1767628242158,73,200,true,110,110,72
1767628242158,73,200,true,110,110,73
1767628242231,1,200,true,110,110,1
1767628242150,82,200,true,110,110,82
1767628242231,2,200,true,110,110,2
1767628242152,82,200,true,110,110,82
1767628242156,78,200,true,110,110,78
1767628242154,81,200,true,110,110,80
1767628242156,79,200,true,110,110,79
1767628242162,74,200,true,110,110,74
1767628242096,140,200,true,110,110,140
1767628242164,72,200,true,110,110,72
1767628242160,76,200,true,110,110,76
1767628242159,78,200,true,110,110,77
1767628242096,141,200,true,110,110,141
1767628242161,77,200,true,110,110,77
1767628242163,75,200,true,110,110,74
1767628242163,75,200,true,110,110,74
1767628242156,82,200,true,110,110,77
1767628242231,7,200,true,110,110,2
1767628242235,4,200,true,110,110,4
1767628242173,66,200,true,110,110,66
1767628242166,73,200,true,110,110,73
1767628242164,75,200,true,110,110,75
1767628242162,78,200,true,110,110,77
1767628242165,77,200,true,110,110,77
1767628242099,143,200,true,110,110,143
1767628242239,3,200,true,110,110,3
1767628242093,150,200,true,110,110,150
1767628242099,144,200,true,110,110,144
1767628242168,75,200,true,110,110,75
1767628242169,75,200,true,110,110,75
1767628242099,145,200,true,110,110,145
1767628242180,64,200,true,110,110,64
1767628242180,64,200,true,110,110,64
1767628242174,70,200,true,110,110,70
1767628242180,65,200,true,110,110,65
1767628242178,67,200,true,110,110,67
1767628242179,66,200,true,110,110,66
1767628242179,66,200,true,110,110,66
1767628242179,66,200,true,110,110,66
1767628242181,65,200,true,110,110,65
1767628242179,67,200,true,110,110,67
1767628242179,67,200,true,110,110,67
1767628242182,64,200,true,110,110,64
1767628242099,148,200,true,110,110,148
1767628242100,147,200,true,110,110,147
1767628242187,60,200,true,110,110,60
1767628242192,55,200,true,110,110,55
1767628242191,57,200,true,110,110,57
1767628242192,56,200,true,110,110,56
1767628242191,57,200,true,110,110,57
1767628242192,56,200,true,110,110,56
1767628242192,56,200,true,110,110,56
1767628242190,59,200,true,110,110,59
1767628242189,60,200,true,110,110,60
1767628242192,57,200,true,110,110,57
1767628242189,60,200,true,110,110,60
1767628242187,63,200,true,110,110,63
1767628242106,144,200,true,110,110,141
1767628242187,66,200,true,110,110,66
1767628242239,14,200,true,110,110,14
1767628242247,7,200,true,110,110,7
1767628242248,9,200,true,110,110,9
1767628242253,4,200,true,110,110,4
1767628242246,11,200,true,110,110,11
1767628242240,21,200,true,110,110,21
1767628242246,15,200,true,110,110,15
1767628242246,19,200,true,110,110,19
1767628242257,9,200,true,110,110,9
1767628242253,13,200,true,110,110,13
1767628242265,2,200,true,110,110,2
1767628242189,79,200,true,110,110,79
1767628242187,81,200,true,110,110,81
1767628242190,80,200,true,110,110,80
1767628242188,83,200,true,110,110,82
1767628242188,83,200,true,110,110,83
1767628242190,82,200,true,110,110,82
1767628242270,3,200,true,110,110,3
1767628242199,75,200,true,110,110,75
1767628242271,3,200,true,110,110,3
1767628242190,85,200,true,110,110,85
1767628242207,69,200,true,110,110,69
1767628242204,73,200,true,110,110,73
1767628242206,71,200,true,110,110,71
1767628242203,74,200,true,110,110,74
1767628242201,77,200,true,110,110,77
1767628242201,77,200,true,110,110,77
1767628242271,8,200,true,110,110,4
1767628242274,5,200,true,110,110,5
1767628242211,70,200,true,110,110,70
1767628242207,75,200,true,110,110,75
1767628242207,75,200,true,110,110,75
1767628242212,70,200,true,110,110,70
1767628242212,71,200,true,110,110,71
1767628242209,75,200,true,110,110,75
1767628242210,75,200,true,110,110,75
1767628242283,3,200,true,110,110,3
1767628242283,3,200,true,110,110,3
1767628242284,2,200,true,110,110,2
1767628242285,2,200,true,110,110,2
1767628242286,1,200,true,110,110,1
1767628242286,2,200,true,110,110,2
1767628242287,1,200,true,110,110,1
1767628242287,2,200,true,110,110,2
1767628242287,2,200,true,110,110,2
1767628242288,2,200,true,110,110,2
1767628242288,2,200,true,110,110,2
1767628242289,2,200,true,110,110,2
1767628242210,81,200,true,110,110,81
1767628242210,81,200,true,110,110,81
1767628242290,2,200,true,110,110,2
1767628242291,1,200,true,110,110,1
1767628242291,2,200,true,110,110,2
1767628242291,2,200,true,110,110,2
1767628242292,1,200,true,110,110,1
1767628242292,2,200,true,110,110,2
1767628242293,1,200,true,110,110,1
1767628242293,2,200,true,110,110,2
1767628242209,86,200,true,110,110,86
1767628242294,2,200,true,110,110,1
1767628242294,2,200,true,110,110,2
1767628242295,1,200,true,110,110,1
1767628242295,2,200,true,110,110,2
1767628242296,1,200,true,110,110,1
1767628242296,2,200,true,110,110,2
1767628242296,2,200,true,110,110,2
1767628242297,2,200,true,110,110,2
1767628242215,84,200,true,110,110,84
1767628242298,1,200,true,110,110,1
1767628242298,2,200,true,110,110,2
1767628242299,1,200,true,110,110,1
1767628242299,2,200,true,110,110,2
1767628242299,2,200,true,110,110,2
1767628242300,2,200,true,110,110,2
1767628242300,2,200,true,110,110,2
1767628242301,2,200,true,110,110,2
1767628242217,87,200,true,110,110,87
1767628242216,89,200,true,110,110,89
1767628242217,88,200,true,110,110,88
1767628242217,88,200,true,110,110,88
1767628242220,85,200,true,110,110,85
1767628242220,86,200,true,110,110,86
1767628242220,86,200,true,110,110,86
1767628242304,2,200,true,110,110,2
1767628242221,86,200,true,110,110,86
1767628242223,85,200,true,110,110,85
1767628242223,86,200,true,110,110,86
1767628242222,87,200,true,110,110,87
1767628242226,84,200,true,110,110,84
1767628242226,85,200,true,110,110,85
1767628242226,85,200,true,110,110,85
1767628242232,80,200,true,110,110,80
1767628242229,84,200,true,110,110,84
1767628242228,85,200,true,110,110,85
1767628242230,83,200,true,110,110,83
1767628242226,87,200,true,110,110,87
1767628242308,5,200,true,110,110,5
1767628242305,8,200,true,110,110,5
1767628242305,9,200,true,110,110,2
1767628242233,82,200,true,110,110,82
1767628242234,83,200,true,110,110,83
1767628242235,83,200,true,110,110,83
1767628242232,86,200,true,110,110,86
1767628242238,82,200,true,110,110,82
1767628242238,84,200,true,110,110,84
1767628242311,11,200,true,110,110,11
1767628242240,84,200,true,110,110,84
1767628242236,91,200,true,110,110,91
1767628242238,89,200,true,110,110,89
1767628242237,90,200,true,110,110,89
1767628242238,89,200,true,110,110,89
1767628242164,163,200,true,110,110,163
1767628242238,90,200,true,110,110,89
1767628242322,7,200,true,110,110,7
1767628241981,348,200,true,110,110,348
1767628242327,3,200,true,110,110,2
1767628242327,3,200,true,110,110,3
1767628242236,96,200,true,110,110,96
1767628242245,90,200,true,110,110,90
1767628242235,100,200,true,110,110,100
1767628242248,87,200,true,110,110,87
1767628242248,87,200,true,110,110,87
1767628242242,93,200,true,110,110,93
1767628242249,86,200,true,110,110,86
1767628242243,92,200,true,110,110,90
1767628242248,88,200,true,110,110,88
1767628242246,90,200,true,110,110,90
1767628242246,90,200,true,110,110,90
1767628242242,94,200,true,110,110,94
1767628242244,92,200,true,110,110,92
1767628242245,91,200,true,110,110,91
1767628242244,92,200,true,110,110,92
1767628242242,94,200,true,110,110,91
1767628242245,91,200,true,110,110,89
1767628242244,92,200,true,110,110,88
1767628242248,88,200,true,110,110,83
1767628242332,5,200,true,110,110,5
1767628242244,93,200,true,110,110,93
1767628242245,92,200,true,110,110,88
1767628242244,93,200,true,110,110,91
1767628242243,94,200,true,110,110,91
1767628242249,88,200,true,110,110,88
1767628242250,88,200,true,110,110,88
1767628242239,99,200,true,110,110,99
1767628242320,18,200,true,110,110,18
1767628242250,89,200,true,110,110,89
1767628242247,93,200,true,110,110,93
1767628242249,91,200,true,110,110,91
1767628242249,91,200,true,110,110,91
1767628242324,17,200,true,110,110,17
1767628242319,22,200,true,110,110,22
1767628242315,27,200,true,110,110,27
1767628242335,7,200,true,110,110,7
1767628242336,6,200,true,110,110,6
1767628242247,96,200,true,110,110,96
1767628242257,87,200,true,110,110,87
1767628242336,9,200,true,110,110,9
1767628242254,91,200,true,110,110,91
1767628242335,11,200,true,110,110,10
1767628242336,10,200,true,110,110,10
1767628242330,17,200,true,110,110,17
1767628242337,10,200,true,110,110,10
1767628242257,91,200,true,110,110,91
1767628242261,88,200,true,110,110,88
1767628242261,88,200,true,110,110,88
1767628242327,22,200,true,110,110,22
1767628242318,32,200,true,110,110,32
1767628242336,14,200,true,110,110,14
1767628242268,84,200,true,110,110,84
1767628242267,85,200,true,110,110,85
1767628242266,87,200,true,110,110,87
1767628242268,85,200,true,110,110,85
1767628242335,18,200,true,110,110,18
1767628242188,166,200,true,110,110,166
1767628242336,19,200,true,110,110,19
1767628242336,19,200,true,110,110,19
1767628242335,20,200,true,110,110,20
1767628242193,163,200,true,110,110,163
1767628242335,22,200,true,110,110,22
1767628242336,21,200,true,110,110,21
1767628242337,21,200,true,110,110,21
1767628242337,21,200,true,110,110,21
1767628242338,20,200,true,110,110,20
1767628242191,168,200,true,110,110,168
1767628242338,21,200,true,110,110,21
1767628242340,20,200,true,110,110,20
1767628242339,21,200,true,110,110,21
1767628242340,21,200,true,110,110,21
1767628242340,21,200,true,110,110,21
1767628242341,21,200,true,110,110,21
1767628242341,21,200,true,110,110,21
1767628242342,21,200,true,110,110,21
1767628242338,25,200,true,110,110,25
1767628242342,21,200,true,110,110,21
1767628242343,21,200,true,110,110,21
1767628242344,20,200,true,110,110,20
1767628242345,20,200,true,110,110,20
1767628242345,20,200,true,110,110,20
1767628242346,20,200,true,110,110,20
1767628242346,20,200,true,110,110,20
1767628242347,20,200,true,110,110,20
1767628242187,180,200,true,110,110,169
1767628242247,120,200,true,110,110,120
1767628242337,30,200,true,110,110,30
1767628242330,37,200,true,110,110,37
1767628242322,46,200,true,110,110,45
1767628242266,102,200,true,110,110,102
1767628242336,32,200,true,110,110,32
1767628242272,98,200,true,110,110,98
1767628242335,35,200,true,110,110,35
1767628242277,94,200,true,110,110,94
1767628242276,96,200,true,110,110,96
1767628242277,95,200,true,110,110,95
1767628242274,98,200,true,110,110,98
1767628242279,94,200,true,110,110,93
1767628242275,98,200,true,110,110,97
1767628242273,101,200,true,110,110,101
1767628242278,97,200,true,110,110,97
1767628242278,97,200,true,110,110,97
1767628242356,20,200,true,110,110,20
1767628242356,24,200,true,110,110,24
1767628242365,15,200,true,110,110,15
1767628242279,103,200,true,110,110,103
1767628242207,176,200,true,110,110,176
1767628242380,4,200,true,110,110,4
1767628242371,13,200,true,110,110,13
1767628242370,19,200,true,110,110,19
1767628242372,18,200,true,110,110,18
1767628242281,112,200,true,110,110,112
1767628242212,182,200,true,110,110,182
1767628242282,112,200,true,110,110,112
1767628242302,93,200,true,110,110,93
1767628242290,105,200,true,110,110,105
1767628242390,5,200,true,110,110,5
1767628242303,93,200,true,110,110,93
1767628242395,2,200,true,110,110,2
1767628242302,95,200,true,110,110,94
1767628242395,3,200,true,110,110,3
1767628242394,4,200,true,110,110,4
1767628242395,4,200,true,110,110,4
1767628242282,117,200,true,110,110,117
1767628242397,3,200,true,110,110,3
1767628242398,2,200,true,110,110,2
1767628242398,3,200,true,110,110,3
1767628242306,96,200,true,110,110,96
1767628242223,179,200,true,110,110,179
1767628242305,97,200,true,110,110,97
1767628242305,98,200,true,110,110,98
1767628242306,97,200,true,110,110,97
1767628242306,97,200,true,110,110,97
1767628242310,94,200,true,110,110,94
1767628242309,95,200,true,110,110,95
1767628242309,95,200,true,110,110,95
1767628242307,97,200,true,110,110,97
1767628242400,5,200,true,110,110,4
1767628242301,104,200,true,110,110,104
1767628242237,170,200,true,110,110,170
1767628242236,171,200,true,110,110,171
1767628242313,94,200,true,110,110,94
1767628242313,95,200,true,110,110,95
1767628242311,97,200,true,110,110,97
1767628242313,95,200,true,110,110,92
1767628242313,95,200,true,110,110,95
1767628242314,94,200,true,110,110,94
1767628242312,96,200,true,110,110,96
1767628242313,95,200,true,110,110,93
1767628242313,95,200,true,110,110,93
1767628242407,2,200,true,110,110,2
1767628242297,112,200,true,110,110,112
1767628242237,173,200,true,110,110,173
1767628242243,167,200,true,110,110,167
1767628242327,84,200,true,110,110,83
1767628242329,82,200,true,110,110,82
1767628242328,83,200,true,110,110,82
1767628242327,84,200,true,110,110,83
1767628242329,82,200,true,110,110,82
1767628242337,75,200,true,110,110,75
1767628242337,75,200,true,110,110,75
1767628242336,76,200,true,110,110,76
1767628242336,76,200,true,110,110,75
1767628242336,76,200,true,110,110,76
1767628242335,78,200,true,110,110,78
1767628242348,65,200,true,110,110,65
1767628242317,96,200,true,110,110,96
1767628242349,64,200,true,110,110,64
1767628242351,63,200,true,110,110,63
1767628242349,65,200,true,110,110,65
1767628242350,64,200,true,110,110,64
1767628242342,77,200,true,110,110,77
1767628242412,10,200,true,110,110,9
1767628242407,15,200,true,110,110,15
1767628242414,9,200,true,110,110,9
1767628242404,19,200,true,110,110,19
1767628242412,13,200,true,110,110,12
1767628242412,14,200,true,110,110,14
1767628242409,18,200,true,110,110,18
1767628242352,76,200,true,110,110,75
1767628242349,79,200,true,110,110,79
1767628242353,75,200,true,110,110,75
1767628242353,75,200,true,110,110,75
1767628242372,58,200,true,110,110,58
1767628242357,73,200,true,110,110,73
1767628242277,153,200,true,110,110,152
1767628242354,76,200,true,110,110,75
1767628242355,75,200,true,110,110,74
1767628242355,75,200,true,110,110,74
1767628242353,77,200,true,110,110,75
1767628242357,78,200,true,110,110,78
1767628242361,75,200,true,110,110,75
1767628242358,79,200,true,110,110,78
1767628242435,2,200,true,110,110,2
1767628242362,75,200,true,110,110,75
1767628242358,79,200,true,110,110,79
1767628242359,79,200,true,110,110,79
1767628242360,78,200,true,110,110,78
1767628242360,79,200,true,110,110,79
1767628242364,75,200,true,110,110,75
1767628242363,77,200,true,110,110,76
1767628242362,78,200,true,110,110,74
1767628242363,77,200,true,110,110,77
1767628242366,76,200,true,110,110,76
1767628242367,76,200,true,110,110,75
1767628242359,84,200,true,110,110,83
1767628242361,82,200,true,110,110,81
1767628242366,77,200,true,110,110,77
1767628242364,79,200,true,110,110,77
1767628242437,6,200,true,110,110,6
1767628242368,76,200,true,110,110,76
1767628242368,76,200,true,110,110,76
1767628242375,69,200,true,110,110,69
1767628242367,77,200,true,110,110,77
1767628242376,69,200,true,110,110,69
1767628242372,73,200,true,110,110,73
1767628242373,73,200,true,110,110,73
1767628242367,79,200,true,110,110,78
1767628242374,72,200,true,110,110,72
1767628242370,76,200,true,110,110,76
1767628242367,79,200,true,110,110,78
1767628242368,79,200,true,110,110,79
1767628242368,79,200,true,110,110,79
1767628242375,73,200,true,110,110,73
1767628242437,12,200,true,110,110,12
1767628242440,9,200,true,110,110,9
1767628242382,68,200,true,110,110,68
1767628242380,71,200,true,110,110,71
1767628242373,78,200,true,110,110,77
1767628242383,69,200,true,110,110,67
1767628242384,69,200,true,110,110,68
1767628242384,69,200,true,110,110,68
1767628242443,10,200,true,110,110,9
1767628242445,13,200,true,110,110,13
1767628242389,71,200,true,110,110,71
1767628242394,68,200,true,110,110,68
1767628242393,71,200,true,110,110,71
1767628242397,67,200,true,110,110,67
1767628242397,67,200,true,110,110,67
1767628242399,66,200,true,110,110,66
1767628242400,65,200,true,110,110,65
1767628242109,356,200,true,110,110,356
1767628242399,67,200,true,110,110,67
1767628242464,2,200,true,110,110,2
1767628242408,61,200,true,110,110,61
1767628242293,178,200,true,110,110,178
1767628242289,182,200,true,110,110,182
1767628242404,69,200,true,110,110,69
1767628242411,62,200,true,110,110,62
1767628242411,62,200,true,110,110,62
1767628242404,70,200,true,110,110,70
1767628242408,66,200,true,110,110,66
1767628242407,67,200,true,110,110,67
1767628242408,67,200,true,110,110,67
1767628242409,70,200,true,110,110,70
1767628242414,65,200,true,110,110,65
1767628242413,67,200,true,110,110,67
1767628242414,66,200,true,110,110,66
1767628242413,68,200,true,110,110,68
1767628242412,69,200,true,110,110,69
1767628242410,71,200,true,110,110,69
1767628242409,72,200,true,110,110,72
1767628242412,69,200,true,110,110,68
1767628242411,70,200,true,110,110,70
1767628242405,77,200,true,110,110,77
1767628242480,2,200,true,110,110,2
1767628242413,69,200,true,110,110,69
1767628242403,81,200,true,110,110,80
1767628242402,82,200,true,110,110,81
1767628242401,83,200,true,110,110,83
1767628242430,55,200,true,110,110,55
1767628242405,80,200,true,110,110,80
1767628242413,72,200,true,110,110,70
1767628242402,83,200,true,110,110,83
1767628242411,74,200,true,110,110,73
1767628242404,81,200,true,110,110,79
1767628242408,77,200,true,110,110,77
1767628242408,78,200,true,110,110,78
1767628242403,83,200,true,110,110,83
1767628242425,61,200,true,110,110,61
1767628242426,63,200,true,110,110,63
1767628242479,11,200,true,110,110,11
1767628242419,71,200,true,110,110,71
1767628242427,63,200,true,110,110,63
1767628242428,63,200,true,110,110,63
1767628242422,69,200,true,110,110,69
1767628242423,67,200,true,110,110,67
1767628242423,68,200,true,110,110,68
1767628242428,63,200,true,110,110,63
1767628242423,68,200,true,110,110,68
1767628242431,61,200,true,110,110,61
1767628242430,62,200,true,110,110,62
1767628242430,62,200,true,110,110,62
1767628242430,62,200,true,110,110,62
1767628242428,65,200,true,110,110,65
1767628242486,7,200,true,110,110,7
1767628242430,63,200,true,110,110,63
1767628242430,67,200,true,110,110,67
1767628242485,12,200,true,110,110,12
1767628242428,69,200,true,110,110,69
1767628242486,11,200,true,110,110,11
1767628242403,95,200,true,110,110,95
1767628242436,62,200,true,110,110,62
1767628242363,135,200,true,110,110,135
1767628242437,61,200,true,110,110,61
1767628242440,58,200,true,110,110,58
1767628242446,53,200,true,110,110,53
1767628242358,141,200,true,110,110,141
1767628242440,59,200,true,110,110,59
1767628242352,147,200,true,110,110,147
1767628242485,19,200,true,110,110,19
1767628242499,8,200,true,110,110,8
1767628242498,10,200,true,110,110,10
1767628242442,66,200,true,110,110,66
1767628242443,68,200,true,110,110,68
1767628242450,61,200,true,110,110,61
1767628242444,68,200,true,110,110,68
1767628242443,71,200,true,110,110,71
1767628242438,77,200,true,110,110,77
1767628242446,71,200,true,110,110,71
1767628242443,74,200,true,110,110,74
1767628242445,72,200,true,110,110,72
1767628242439,79,200,true,110,110,76
1767628242438,80,200,true,110,110,80
1767628242515,3,200,true,110,110,3
1767628242439,81,200,true,110,110,81
1767628242444,77,200,true,110,110,77
1767628242518,3,200,true,110,110,3
1767628242446,77,200,true,110,110,77
1767628242444,80,200,true,110,110,80
1767628242523,2,200,true,110,110,2
1767628242524,1,200,true,110,110,1
1767628242525,1,200,true,110,110,1
1767628242525,1,200,true,110,110,1
1767628242526,1,200,true,110,110,1
1767628242444,83,200,true,110,110,80
1767628242446,81,200,true,110,110,81
1767628242443,85,200,true,110,110,85
1767628242449,80,200,true,110,110,80
1767628242447,83,200,true,110,110,83
1767628242447,83,200,true,110,110,83
1767628242446,85,200,true,110,110,84
1767628242438,93,200,true,110,110,93
1767628242527,5,200,true,110,110,5
1767628242443,91,200,true,110,110,91
1767628242453,81,200,true,110,110,81
1767628242453,82,200,true,110,110,82
1767628242452,84,200,true,110,110,84
1767628242451,85,200,true,110,110,85
1767628242535,1,200,true,110,110,1
1767628242536,1,200,true,110,110,1
1767628242536,1,200,true,110,110,1
1767628242536,2,200,true,110,110,2
1767628242537,1,200,true,110,110,1
1767628242537,2,200,true,110,110,2
1767628242538,1,200,true,110,110,1
1767628242538,2,200,true,110,110,2
1767628242539,1,200,true,110,110,1
1767628242539,1,200,true,110,110,1
1767628242540,1,200,true,110,110,1
1767628242540,1,200,true,110,110,1
1767628242541,1,200,true,110,110,1
1767628242540,2,200,true,110,110,2
1767628242541,2,200,true,110,110,2
1767628242365,179,200,true,110,110,179
1767628242458,87,200,true,110,110,87
1767628242453,92,200,true,110,110,92
1767628242460,85,200,true,110,110,85
1767628242462,84,200,true,110,110,84
1767628242465,81,200,true,110,110,81
1767628242465,81,200,true,110,110,81
1767628242465,81,200,true,110,110,81
1767628242466,81,200,true,110,110,81
1767628242464,83,200,true,110,110,83
1767628242465,82,200,true,110,110,82
1767628242466,81,200,true,110,110,81
1767628242469,78,200,true,110,110,78
1767628242451,97,200,true,110,110,97
1767628242547,1,200,true,110,110,1
1767628242408,140,200,true,110,110,140
1767628242411,137,200,true,110,110,137
1767628242471,78,200,true,110,110,78
1767628242403,146,200,true,110,110,146
1767628242473,76,200,true,110,110,76
1767628242410,142,200,true,110,110,142
1767628242549,6,200,true,110,110,6
1767628242473,83,200,true,110,110,83
1767628242473,83,200,true,110,110,83
1767628242474,82,200,true,110,110,81
1767628242474,82,200,true,110,110,82
1767628242408,148,200,true,110,110,148
1767628242474,82,200,true,110,110,82
1767628242475,81,200,true,110,110,81
1767628242480,77,200,true,110,110,77
1767628242347,210,200,true,110,110,210
1767628242471,86,200,true,110,110,86
1767628242479,78,200,true,110,110,78
1767628242485,72,200,true,110,110,72
1767628242481,77,200,true,110,110,77
1767628242481,77,200,true,110,110,77
1767628242481,77,200,true,110,110,77
1767628242482,76,200,true,110,110,76
1767628242481,78,200,true,110,110,78
1767628242481,78,200,true,110,110,78
1767628242482,77,200,true,110,110,77
1767628242481,78,200,true,110,110,78
1767628242482,78,200,true,110,110,78
1767628242485,75,200,true,110,110,75
1767628242485,75,200,true,110,110,75
1767628242485,75,200,true,110,110,75
1767628242484,76,200,true,110,110,76
1767628242484,76,200,true,110,110,76
1767628242484,77,200,true,110,110,77
1767628242485,76,200,true,110,110,76
1767628242486,75,200,true,110,110,75
1767628242490,71,200,true,110,110,71
1767628242491,71,200,true,110,110,71
1767628242492,70,200,true,110,110,70
1767628242491,71,200,true,110,110,71
1767628242491,71,200,true,110,110,71
1767628242490,73,200,true,110,110,73
1767628242491,72,200,true,110,110,72
1767628242491,72,200,true,110,110,72
1767628242492,74,200,true,110,110,74
1767628242493,76,200,true,110,110,76
1767628242556,15,200,true,110,110,15
1767628242558,14,200,true,110,110,14
1767628242557,15,200,true,110,110,15
1767628242492,84,200,true,110,110,84
1767628242490,87,200,true,110,110,87
1767628242493,84,200,true,110,110,84
1767628242492,85,200,true,110,110,85
1767628242493,84,200,true,110,110,84
1767628242498,80,200,true,110,110,80
1767628242563,15,200,true,110,110,15
1767628242572,7,200,true,110,110,7
1767628242499,83,200,true,110,110,83
1767628242578,4,200,true,110,110,4
1767628242499,84,200,true,110,110,84
1767628242498,85,200,true,110,110,85
1767628242499,84,200,true,110,110,84
1767628242497,87,200,true,110,110,87
1767628242497,87,200,true,110,110,87
1767628242498,86,200,true,110,110,86
1767628242498,86,200,true,110,110,86
1767628242497,87,200,true,110,110,87
1767628242497,88,200,true,110,110,88
1767628242508,77,200,true,110,110,77
1767628242508,78,200,true,110,110,78
1767628242504,82,200,true,110,110,82
1767628242511,75,200,true,110,110,75
1767628242512,74,200,true,110,110,74
1767628242511,75,200,true,110,110,75
1767628242514,73,200,true,110,110,73
1767628242518,69,200,true,110,110,69
1767628242518,69,200,true,110,110,69
1767628242517,71,200,true,110,110,71
1767628242518,70,200,true,110,110,70
1767628242517,71,200,true,110,110,70
1767628242521,67,200,true,110,110,67
1767628242521,67,200,true,110,110,67
1767628242520,69,200,true,110,110,69
1767628242508,81,200,true,110,110,81
1767628242449,140,200,true,110,110,140
1767628242448,141,200,true,110,110,141
1767628242527,63,200,true,110,110,63
1767628242527,63,200,true,110,110,63
1767628242528,62,200,true,110,110,62
1767628242529,62,200,true,110,110,62
1767628242530,61,200,true,110,110,61
1767628242583,8,200,true,110,110,6
1767628242530,61,200,true,110,110,61
1767628242531,61,200,true,110,110,61
1767628242532,60,200,true,110,110,60
1767628242534,59,200,true,110,110,59
1767628242534,59,200,true,110,110,58
1767628242532,61,200,true,110,110,61
1767628242542,51,200,true,110,110,51
1767628242584,10,200,true,110,110,9
1767628242548,47,200,true,110,110,47
1767628242544,51,200,true,110,110,51
1767628242593,3,200,true,110,110,3
1767628242543,53,200,true,110,110,51
1767628242549,52,200,true,110,110,51
1767628242545,56,200,true,110,110,56
1767628242545,56,200,true,110,110,56
1767628242586,16,200,true,110,110,15
1767628242546,59,200,true,110,110,58
1767628242592,14,200,true,110,110,14
1767628242547,61,200,true,110,110,61
1767628242546,62,200,true,110,110,62
1767628242548,61,200,true,110,110,60
1767628242545,65,200,true,110,110,64
1767628242546,64,200,true,110,110,64
1767628242548,62,200,true,110,110,61
1767628242549,61,200,true,110,110,61
1767628242547,64,200,true,110,110,63
1767628242547,64,200,true,110,110,63
1767628242546,65,200,true,110,110,61
1767628242548,63,200,true,110,110,62
1767628242601,11,200,true,110,110,11
1767628242611,2,200,true,110,110,2
1767628242610,3,200,true,110,110,3
1767628242609,5,200,true,110,110,5
1767628242606,8,200,true,110,110,8
1767628242596,20,200,true,110,110,11
1767628242611,5,200,true,110,110,5
1767628242610,6,200,true,110,110,6
1767628242549,68,200,true,110,110,68
1767628242605,12,200,true,110,110,12
1767628242563,54,200,true,110,110,54
1767628242552,65,200,true,110,110,65
1767628242556,62,200,true,110,110,62
1767628242602,16,200,true,110,110,16
1767628242614,5,200,true,110,110,5
1767628242557,64,200,true,110,110,64
1767628242557,68,200,true,110,110,68
1767628242562,63,200,true,110,110,63
1767628242555,71,200,true,110,110,71
1767628242556,70,200,true,110,110,70
1767628242492,134,200,true,110,110,134
1767628242557,70,200,true,110,110,70
1767628242557,71,200,true,110,110,71
1767628242562,66,200,true,110,110,66
1767628242556,73,200,true,110,110,72
1767628242562,67,200,true,110,110,67
1767628242558,71,200,true,110,110,71
1767628242558,73,200,true,110,110,73
1767628242559,73,200,true,110,110,73
1767628242559,73,200,true,110,110,73
1767628242562,71,200,true,110,110,71
1767628242556,77,200,true,110,110,77
1767628242562,71,200,true,110,110,71
1767628242558,75,200,true,110,110,75
1767628242559,74,200,true,110,110,74
1767628242632,1,200,true,110,110,1
1767628242563,71,200,true,110,110,71
1767628242559,75,200,true,110,110,75
1767628242560,75,200,true,110,110,75
1767628242629,6,200,true,110,110,6
1767628242560,75,200,true,110,110,75
1767628242629,6,200,true,110,110,6
1767628242560,78,200,true,110,110,78
1767628242561,82,200,true,110,110,82
1767628242489,154,200,true,110,110,154
1767628242571,73,200,true,110,110,73
1767628242557,87,200,true,110,110,87
1767628242561,83,200,true,110,110,83
1767628242561,84,200,true,110,110,83
1767628242569,78,200,true,110,110,78
1767628242578,70,200,true,110,110,70
1767628242572,76,200,true,110,110,76
1767628242577,71,200,true,110,110,71
1767628242577,71,200,true,110,110,71
1767628242577,71,200,true,110,110,71
1767628242577,72,200,true,110,110,72
1767628242579,70,200,true,110,110,70
1767628242577,72,200,true,110,110,72
1767628242582,70,200,true,110,110,70
1767628242582,71,200,true,110,110,71
1767628242526,128,200,true,110,110,127
1767628242593,61,200,true,110,110,61
1767628242586,68,200,true,110,110,68
1767628242584,71,200,true,110,110,70
1767628242590,67,200,true,110,110,67
1767628242587,72,200,true,110,110,72
1767628242591,68,200,true,110,110,68
1767628242586,73,200,true,110,110,71
1767628242589,71,200,true,110,110,71
1767628242591,69,200,true,110,110,68
1767628242584,76,200,true,110,110,76
1767628242587,73,200,true,110,110,73
1767628242588,73,200,true,110,110,73
1767628242588,74,200,true,110,110,74
1767628242583,80,200,true,110,110,80
1767628242588,75,200,true,110,110,75
1767628242583,80,200,true,110,110,80
1767628242591,72,200,true,110,110,70
1767628242590,73,200,true,110,110,73
1767628242593,70,200,true,110,110,68
1767628242584,79,200,true,110,110,79
1767628242589,75,200,true,110,110,75
1767628242585,79,200,true,110,110,79
1767628242591,74,200,true,110,110,74
1767628242589,77,200,true,110,110,77
1767628242590,76,200,true,110,110,76
1767628242585,81,200,true,110,110,81
1767628242601,66,200,true,110,110,66
1767628242585,82,200,true,110,110,82
1767628242593,75,200,true,110,110,75
1767628242596,73,200,true,110,110,73
1767628242595,74,200,true,110,110,74
1767628242587,82,200,true,110,110,82
1767628242592,77,200,true,110,110,77
1767628242611,59,200,true,110,110,59
1767628242609,62,200,true,110,110,61
1767628242610,61,200,true,110,110,60
1767628242612,59,200,true,110,110,59
1767628242601,70,200,true,110,110,70
1767628242611,61,200,true,110,110,61
1767628242614,58,200,true,110,110,58
1767628242613,59,200,true,110,110,59
1767628242613,59,200,true,110,110,58
1767628242608,64,200,true,110,110,64
1767628242610,63,200,true,110,110,63
1767628242618,55,200,true,110,110,55
1767628242617,56,200,true,110,110,56
1767628242617,56,200,true,110,110,56
1767628242616,58,200,true,110,110,57
1767628242617,57,200,true,110,110,57
1767628242619,55,200,true,110,110,55
1767628242617,57,200,true,110,110,57
1767628242616,58,200,true,110,110,58
1767628242617,58,200,true,110,110,58
1767628242618,57,200,true,110,110,57
1767628242621,54,200,true,110,110,54
1767628242625,50,200,true,110,110,50
1767628242625,51,200,true,110,110,51
1767628242626,50,200,true,110,110,50
1767628242626,50,200,true,110,110,50
1767628242627,49,200,true,110,110,49
1767628242627,49,200,true,110,110,49
1767628242589,87,200,true,110,110,80
1767628242586,90,200,true,110,110,90
1767628242556,120,200,true,110,110,120
1767628242560,117,200,true,110,110,117
1767628242560,117,200,true,110,110,117
1767628242635,42,200,true,110,110,42
1767628242636,41,200,true,110,110,41
1767628242629,48,200,true,110,110,48
1767628242633,44,200,true,110,110,44
1767628242628,50,200,true,110,110,50
1767628242561,117,200,true,110,110,117
1767628242628,50,200,true,110,110,50
1767628242635,43,200,true,110,110,43
1767628242631,48,200,true,110,110,48
1767628242633,46,200,true,110,110,46
1767628242633,46,200,true,110,110,46
1767628242634,45,200,true,110,110,45
1767628242632,47,200,true,110,110,47
1767628242633,47,200,true,110,110,47
1767628242659,21,200,true,110,110,21
1767628242633,47,200,true,110,110,47
1767628242634,46,200,true,110,110,46
1767628242635,49,200,true,110,110,49
1767628242676,8,200,true,110,110,8
1767628242671,14,200,true,110,110,14
1767628242674,11,200,true,110,110,11
1767628242675,11,200,true,110,110,11
1767628242676,10,200,true,110,110,10
1767628242675,11,200,true,110,110,11
1767628242675,12,200,true,110,110,12
1767628242673,15,200,true,110,110,15
1767628242676,12,200,true,110,110,12
1767628242663,26,200,true,110,110,26
1767628242672,17,200,true,110,110,17
1767628242674,15,200,true,110,110,15
1767628242672,18,200,true,110,110,18
1767628242672,18,200,true,110,110,18
1767628242676,15,200,true,110,110,15
1767628242634,59,200,true,110,110,59
1767628242663,31,200,true,110,110,31
1767628242638,56,200,true,110,110,56
1767628242643,52,200,true,110,110,52
1767628242644,52,200,true,110,110,52
1767628242676,20,200,true,110,110,20
1767628242644,53,200,true,110,110,53
1767628242666,31,200,true,110,110,30
1767628242663,35,200,true,110,110,35
1767628242645,55,200,true,110,110,55
1767628242649,52,200,true,110,110,52
1767628242648,53,200,true,110,110,53
1767628242644,58,200,true,110,110,58
1767628242566,137,200,true,110,110,137
1767628242674,30,200,true,110,110,25
1767628242663,42,200,true,110,110,24
1767628242648,57,200,true,110,110,57
1767628242648,60,200,true,110,110,60
1767628242648,60,200,true,110,110,60
1767628242643,66,200,true,110,110,66
1767628242677,33,200,true,110,110,33
1767628242649,63,200,true,110,110,63
1767628242688,25,200,true,110,110,25
1767628242648,65,200,true,110,110,65
1767628242689,25,200,true,110,110,25
1767628242690,24,200,true,110,110,24
1767628242690,24,200,true,110,110,24
1767628242690,25,200,true,110,110,25
1767628242652,63,200,true,110,110,63
1767628242684,31,200,true,110,110,31
1767628242693,23,200,true,110,110,23
1767628242694,22,200,true,110,110,22
1767628242694,23,200,true,110,110,23
1767628242695,22,200,true,110,110,22
1767628242696,21,200,true,110,110,21
1767628242696,22,200,true,110,110,22
1767628242701,17,200,true,110,110,17
1767628242701,18,200,true,110,110,18
1767628242649,70,200,true,110,110,70
1767628242700,20,200,true,110,110,20
1767628242688,33,200,true,110,110,33
1767628242703,20,200,true,110,110,20
1767628242653,70,200,true,110,110,70
1767628242654,69,200,true,110,110,69
1767628242655,68,200,true,110,110,68
1767628242654,70,200,true,110,110,70
1767628242654,70,200,true,110,110,70
1767628242588,136,200,true,110,110,136
1767628242657,67,200,true,110,110,67
1767628242587,138,200,true,110,110,138
1767628242659,66,200,true,110,110,66
1767628242588,137,200,true,110,110,137
1767628242594,131,200,true,110,110,131
1767628242595,130,200,true,110,110,130
1767628242673,53,200,true,110,110,53
1767628242542,184,200,true,110,110,184
1767628242664,64,200,true,110,110,64
1767628242669,60,200,true,110,110,60
1767628242676,54,200,true,110,110,54
1767628242721,10,200,true,110,110,9
1767628242660,71,200,true,110,110,71
1767628242667,65,200,true,110,110,65
1767628242671,62,200,true,110,110,61
1767628242663,70,200,true,110,110,69
1767628242723,10,200,true,110,110,10
1767628242731,3,200,true,110,110,3
1767628242663,71,200,true,110,110,71
1767628242714,21,200,true,110,110,21
1767628242714,25,200,true,110,110,25
1767628242715,25,200,true,110,110,25
1767628242733,8,200,true,110,110,8
1767628242733,10,200,true,110,110,10
1767628242664,80,200,true,110,110,80
1767628242675,69,200,true,110,110,69
1767628242659,86,200,true,110,110,86
1767628242660,85,200,true,110,110,85
1767628242673,73,200,true,110,110,73
1767628242745,1,200,true,110,110,1
1767628242745,1,200,true,110,110,1
1767628242743,4,200,true,110,110,4
1767628242726,22,200,true,110,110,22
1767628242669,79,200,true,110,110,79
1767628242746,2,200,true,110,110,2
1767628242660,88,200,true,110,110,88
1767628242748,1,200,true,110,110,1
1767628242748,1,200,true,110,110,1
1767628242748,1,200,true,110,110,1
1767628242748,2,200,true,110,110,2
1767628242749,1,200,true,110,110,1
1767628242749,2,200,true,110,110,2
1767628242750,1,200,true,110,110,1
1767628242750,2,200,true,110,110,2
1767628242750,2,200,true,110,110,2
1767628242751,2,200,true,110,110,2
1767628242751,2,200,true,110,110,2
1767628242752,2,200,true,110,110,1
1767628242752,2,200,true,110,110,2
1767628242753,1,200,true,110,110,1
1767628242753,2,200,true,110,110,2
1767628242661,94,200,true,110,110,94
1767628242754,2,200,true,110,110,2
1767628242754,2,200,true,110,110,2
1767628242755,1,200,true,110,110,1
1767628242755,2,200,true,110,110,2
1767628242756,1,200,true,110,110,1
1767628242756,2,200,true,110,110,2
1767628242756,2,200,true,110,110,2
1767628242757,2,200,true,110,110,2
1767628242662,99,200,true,110,110,99
1767628242667,95,200,true,110,110,95
1767628242669,93,200,true,110,110,93
1767628242666,97,200,true,110,110,96
1767628242669,95,200,true,110,110,95
1767628242665,99,200,true,110,110,99
1767628242668,96,200,true,110,110,96
1767628242666,98,200,true,110,110,98
1767628242660,104,200,true,110,110,104
1767628242664,101,200,true,110,110,101
1767628242672,93,200,true,110,110,93
1767628242674,94,200,true,110,110,94
1767628242670,99,200,true,110,110,98
1767628242676,94,200,true,110,110,94
1767628242677,95,200,true,110,110,95
1767628242673,101,200,true,110,110,101
1767628242678,100,200,true,110,110,100
1767628242678,100,200,true,110,110,100
1767628242678,100,200,true,110,110,100
1767628242704,75,200,true,110,110,75
1767628242772,7,200,true,110,110,7
1767628242679,105,200,true,110,110,105
1767628242680,106,200,true,110,110,106
1767628242679,108,200,true,110,110,103
1767628242671,116,200,true,110,110,116
1767628242678,110,200,true,110,110,110
1767628242685,103,200,true,110,110,102
1767628242684,104,200,true,110,110,104
1767628242784,4,200,true,110,110,4
1767628242679,110,200,true,110,110,110
1767628242685,104,200,true,110,110,104
1767628242680,109,200,true,110,110,109
1767628242648,142,200,true,110,110,142
1767628242678,112,200,true,110,110,112
1767628242677,113,200,true,110,110,113
1767628242680,110,200,true,110,110,110
1767628242686,104,200,true,110,110,104
1767628242686,105,200,true,110,110,104
1767628242689,106,200,true,110,110,106
1767628242687,110,200,true,110,110,106
1767628242710,89,200,true,110,110,89
1767628242705,94,200,true,110,110,93
1767628242795,5,200,true,110,110,5
1767628242697,103,200,true,110,110,103
1767628242799,3,200,true,110,110,3
1767628242687,116,200,true,110,110,116
1767628242698,105,200,true,110,110,105
1767628242702,102,200,true,110,110,102
1767628242697,107,200,true,110,110,107
1767628242797,7,200,true,110,110,7
1767628242691,113,200,true,110,110,113
1767628242705,99,200,true,110,110,99
1767628242803,2,200,true,110,110,2
1767628242725,80,200,true,110,110,80
1767628242725,81,200,true,110,110,81
1767628242724,82,200,true,110,110,82
1767628242717,89,200,true,110,110,89
1767628242719,87,200,true,110,110,87
1767628242713,94,200,true,110,110,94
1767628242730,77,200,true,110,110,77
1767628242724,83,200,true,110,110,83
1767628242726,81,200,true,110,110,81
1767628242714,93,200,true,110,110,93
1767628242807,4,200,true,110,110,4
1767628242723,88,200,true,110,110,88
1767628242804,11,200,true,110,110,10
1767628242708,108,200,true,110,110,108
1767628242723,93,200,true,110,110,93
1767628242709,107,200,true,110,110,107
1767628242708,110,200,true,110,110,109
1767628242723,95,200,true,110,110,95
1767628242816,3,200,true,110,110,3
1767628242716,103,200,true,110,110,103
1767628242725,95,200,true,110,110,95
1767628242715,106,200,true,110,110,106
1767628242820,1,200,true,110,110,1
1767628242724,98,200,true,110,110,96
1767628242715,107,200,true,110,110,107
1767628242716,107,200,true,110,110,107
1767628242821,2,200,true,110,110,2
1767628242822,1,200,true,110,110,1
1767628242816,7,200,true,110,110,7
1767628242712,112,200,true,110,110,112
1767628242725,100,200,true,110,110,100
1767628242725,100,200,true,110,110,100
1767628242824,2,200,true,110,110,2
1767628242823,4,200,true,110,110,1
1767628242826,1,200,true,110,110,1
1767628242827,0,200,true,110,110,0
1767628242713,115,200,true,110,110,115
1767628242717,112,200,true,110,110,111
1767628242827,2,200,true,110,110,2
1767628242828,2,200,true,110,110,2
1767628242721,109,200,true,110,110,109
1767628242829,2,200,true,110,110,2
1767628242718,114,200,true,110,110,114
1767628242825,7,200,true,110,110,7
1767628242739,94,200,true,110,110,94
1767628242733,100,200,true,110,110,100
1767628242832,2,200,true,110,110,2
1767628242732,102,200,true,110,110,102
1767628242729,106,200,true,110,110,106
1767628242735,100,200,true,110,110,100
1767628242833,3,200,true,110,110,3
1767628242735,102,200,true,110,110,102
1767628242834,3,200,true,110,110,3
1767628242741,96,200,true,110,110,96
1767628242834,3,200,true,110,110,3
1767628242741,96,200,true,110,110,96
1767628242734,104,200,true,110,110,104
1767628242830,8,200,true,110,110,8
1767628242744,95,200,true,110,110,95
1767628242744,95,200,true,110,110,95
1767628242719,120,200,true,110,110,120
1767628242728,112,200,true,110,110,110
1767628242731,109,200,true,110,110,109
1767628242746,94,200,true,110,110,94
1767628242747,93,200,true,110,110,93
1767628242747,93,200,true,110,110,93
1767628242758,83,200,true,110,110,83
1767628242840,1,200,true,110,110,1
1767628242759,83,200,true,110,110,83
1767628242758,84,200,true,110,110,84
1767628242757,85,200,true,110,110,85
1767628242837,7,200,true,110,110,6
1767628242840,4,200,true,110,110,4
1767628242762,82,200,true,110,110,82
1767628242840,8,200,true,110,110,8
1767628242842,7,200,true,110,110,7
1767628242842,7,200,true,110,110,7
1767628242839,11,200,true,110,110,11
1767628242844,13,200,true,110,110,13
1767628242762,95,200,true,110,110,95
1767628242857,1,200,true,110,110,1
1767628242857,1,200,true,110,110,1
1767628242858,0,200,true,110,110,0
1767628242858,1,200,true,110,110,1
1767628242858,1,200,true,110,110,1
1767628242859,1,200,true,110,110,1
1767628242762,98,200,true,110,110,98
1767628242763,98,200,true,110,110,98
1767628242764,99,200,true,110,110,99
1767628242769,94,200,true,110,110,94
1767628242765,98,200,true,110,110,98
1767628242764,99,200,true,110,110,99
1767628242680,183,200,true,110,110,183
1767628242765,99,200,true,110,110,99
1767628242764,100,200,true,110,110,100
1767628242765,99,200,true,110,110,99
1767628242863,2,200,true,110,110,2
1767628242778,87,200,true,110,110,87
1767628242778,88,200,true,110,110,88
1767628242674,192,200,true,110,110,192
1767628242768,98,200,true,110,110,98
1767628242677,189,200,true,110,110,189
1767628242779,87,200,true,110,110,87
1767628242779,88,200,true,110,110,88
1767628242778,89,200,true,110,110,89
1767628242680,187,200,true,110,110,187
1767628242679,188,200,true,110,110,188
1767628242677,190,200,true,110,110,190
1767628242676,194,200,true,110,110,194
1767628242865,5,200,true,110,110,5
1767628242788,86,200,true,110,110,86
1767628242788,87,200,true,110,110,87
1767628242870,5,200,true,110,110,5
1767628242874,2,200,true,110,110,2
1767628242875,1,200,true,110,110,1
1767628242774,103,200,true,110,110,103
1767628242788,90,200,true,110,110,90
1767628242789,89,200,true,110,110,89
1767628242791,87,200,true,110,110,87
1767628242789,92,200,true,110,110,92
1767628242770,111,200,true,110,110,104
1767628242875,6,200,true,110,110,6
1767628242786,96,200,true,110,110,96
1767628242789,93,200,true,110,110,93
1767628242799,84,200,true,110,110,84
1767628242800,83,200,true,110,110,83
1767628242802,82,200,true,110,110,82
1767628242800,84,200,true,110,110,84
1767628242788,96,200,true,110,110,95
1767628242787,97,200,true,110,110,97
1767628242718,169,200,true,110,110,168
1767628242805,82,200,true,110,110,82
1767628242807,80,200,true,110,110,80
1767628242887,3,200,true,110,110,3
1767628242882,8,200,true,110,110,8
1767628242806,84,200,true,110,110,84
1767628242806,84,200,true,110,110,84
1767628242804,87,200,true,110,110,87
1767628242806,85,200,true,110,110,85
1767628242807,84,200,true,110,110,84
1767628242803,89,200,true,110,110,89
1767628242805,87,200,true,110,110,87
1767628242724,168,200,true,110,110,168
1767628242804,88,200,true,110,110,88
1767628242808,84,200,true,110,110,84
1767628242804,89,200,true,110,110,89
1767628242804,89,200,true,110,110,89
1767628242806,87,200,true,110,110,87
1767628242811,82,200,true,110,110,82
1767628242811,82,200,true,110,110,82
1767628242816,83,200,true,110,110,83
1767628242815,84,200,true,110,110,81
1767628242893,7,200,true,110,110,7
1767628242818,82,200,true,110,110,82
1767628242818,82,200,true,110,110,82
1767628242819,81,200,true,110,110,81
1767628242892,9,200,true,110,110,9
1767628242890,11,200,true,110,110,11
1767628242893,9,200,true,110,110,9
1767628242892,10,200,true,110,110,10
1767628242890,12,200,true,110,110,12
1767628242819,83,200,true,110,110,83
1767628242821,82,200,true,110,110,82
1767628242822,81,200,true,110,110,81
1767628242823,80,200,true,110,110,80
1767628242823,80,200,true,110,110,80
1767628242823,81,200,true,110,110,81
1767628242825,79,200,true,110,110,79
1767628242829,75,200,true,110,110,75
1767628242904,3,200,true,110,110,3
1767628242717,193,200,true,110,110,190
1767628242830,80,200,true,110,110,80
1767628242833,77,200,true,110,110,77
1767628242831,79,200,true,110,110,79
1767628242902,9,200,true,110,110,9
1767628242827,84,200,true,110,110,84
1767628242832,80,200,true,110,110,80
1767628242835,77,200,true,110,110,77
1767628242836,76,200,true,110,110,76
1767628242903,9,200,true,110,110,9
1767628242903,10,200,true,110,110,10
1767628242835,78,200,true,110,110,78
1767628242839,74,200,true,110,110,74
1767628242839,75,200,true,110,110,74
1767628242837,77,200,true,110,110,77
1767628242841,73,200,true,110,110,73
1767628242754,160,200,true,110,110,160
1767628242840,77,200,true,110,110,77
1767628242912,5,200,true,110,110,5
1767628242913,6,200,true,110,110,6
1767628242914,7,200,true,110,110,7
1767628242837,84,200,true,110,110,84
1767628242838,83,200,true,110,110,83
1767628242838,84,200,true,110,110,84
1767628242840,82,200,true,110,110,82
1767628242837,85,200,true,110,110,85
1767628242841,81,200,true,110,110,81
1767628242844,78,200,true,110,110,78
1767628242842,81,200,true,110,110,81
1767628242844,79,200,true,110,110,79
1767628242848,75,200,true,110,110,75
1767628242849,74,200,true,110,110,74
1767628242849,74,200,true,110,110,74
1767628242850,74,200,true,110,110,74
1767628242671,253,200,true,110,110,253
1767628242672,252,200,true,110,110,252
1767628242860,64,200,true,110,110,64
1767628242860,64,200,true,110,110,64
1767628242861,64,200,true,110,110,64
1767628242863,62,200,true,110,110,62
1767628242764,161,200,true,110,110,161
1767628242863,62,200,true,110,110,62
1767628242866,60,200,true,110,110,60
1767628242865,61,200,true,110,110,61
1767628242866,60,200,true,110,110,60
1767628242866,60,200,true,110,110,60
1767628242867,59,200,true,110,110,59
1767628242867,60,200,true,110,110,60
1767628242791,136,200,true,110,110,136
1767628242863,64,200,true,110,110,64
1767628242864,63,200,true,110,110,63
1767628242863,65,200,true,110,110,65
1767628242864,64,200,true,110,110,64
1767628242866,62,200,true,110,110,62
1767628242867,61,200,true,110,110,61
1767628242866,62,200,true,110,110,62
1767628242867,62,200,true,110,110,62
1767628242787,142,200,true,110,110,142
1767628242859,70,200,true,110,110,70
1767628242867,62,200,true,110,110,62
1767628242870,62,200,true,110,110,62
1767628242927,7,200,true,110,110,7
1767628242876,62,200,true,110,110,62
1767628242790,148,200,true,110,110,148
1767628242924,15,200,true,110,110,15
1767628242928,11,200,true,110,110,11
1767628242928,12,200,true,110,110,12
1767628242924,16,200,true,110,110,16
1767628242928,12,200,true,110,110,12
1767628242928,13,200,true,110,110,13
1767628242925,16,200,true,110,110,16
1767628242929,13,200,true,110,110,13
1767628242928,14,200,true,110,110,14
1767628242929,14,200,true,110,110,14
1767628242924,19,200,true,110,110,19
1767628242923,20,200,true,110,110,20
1767628242876,68,200,true,110,110,68
1767628242878,66,200,true,110,110,66
1767628242877,67,200,true,110,110,67
1767628242790,154,200,true,110,110,154
1767628242790,155,200,true,110,110,155
1767628242790,155,200,true,110,110,155
1767628242881,64,200,true,110,110,64
1767628242881,64,200,true,110,110,64
1767628242878,67,200,true,110,110,67
1767628242883,63,200,true,110,110,63
1767628242878,68,200,true,110,110,68
1767628242883,63,200,true,110,110,63
1767628242884,62,200,true,110,110,62
1767628242882,65,200,true,110,110,65
1767628242884,63,200,true,110,110,63
1767628242884,63,200,true,110,110,63
1767628242881,70,200,true,110,110,70
1767628242884,67,200,true,110,110,67
1767628242947,5,200,true,110,110,5
1767628242807,147,200,true,110,110,147
1767628242887,68,200,true,110,110,68
1767628242939,17,200,true,110,110,17
1767628242893,65,200,true,110,110,65
1767628242945,15,200,true,110,110,15
1767628242946,15,200,true,110,110,15
1767628242945,17,200,true,110,110,17
1767628242951,12,200,true,110,110,12
1767628242891,79,200,true,110,110,79
1767628242892,78,200,true,110,110,78
1767628242899,71,200,true,110,110,71
1767628242902,68,200,true,110,110,68
1767628242892,78,200,true,110,110,78
1767628242892,78,200,true,110,110,78
1767628242901,70,200,true,110,110,70
1767628242902,69,200,true,110,110,69
1767628242891,80,200,true,110,110,80
1767628242899,75,200,true,110,110,75
1767628242971,3,200,true,110,110,3
1767628242900,74,200,true,110,110,74
1767628242903,71,200,true,110,110,71
1767628242900,74,200,true,110,110,74
1767628242902,73,200,true,110,110,73
1767628242900,75,200,true,110,110,75
1767628242903,72,200,true,110,110,72
1767628242900,76,200,true,110,110,76
1767628242904,72,200,true,110,110,72
1767628242901,75,200,true,110,110,75
1767628242904,72,200,true,110,110,72
1767628242975,3,200,true,110,110,3
1767628242838,140,200,true,110,110,140
1767628242975,4,200,true,110,110,4
1767628242913,69,200,true,110,110,69
1767628242914,68,200,true,110,110,68
1767628242979,3,200,true,110,110,3
1767628242911,72,200,true,110,110,72
1767628242914,69,200,true,110,110,69
1767628242908,75,200,true,110,110,75
1767628242913,70,200,true,110,110,70
1767628242912,72,200,true,110,110,72
1767628242912,72,200,true,110,110,72
1767628242912,72,200,true,110,110,72
1767628242984,3,200,true,110,110,3
1767628242911,76,200,true,110,110,76
1767628242910,79,200,true,110,110,79
1767628242914,75,200,true,110,110,75
1767628242911,79,200,true,110,110,79
1767628242917,73,200,true,110,110,73
1767628242926,66,200,true,110,110,66
1767628242926,67,200,true,110,110,67
1767628242923,70,200,true,110,110,70
1767628242919,74,200,true,110,110,72
1767628242925,68,200,true,110,110,66
1767628242929,64,200,true,110,110,64
1767628242923,71,200,true,110,110,69
1767628242926,68,200,true,110,110,67
1767628242923,71,200,true,110,110,68
1767628242921,73,200,true,110,110,72
1767628242990,5,200,true,110,110,5
1767628242993,4,200,true,110,110,4
1767628242917,80,200,true,110,110,80
1767628242911,86,200,true,110,110,86
1767628242995,3,200,true,110,110,3
1767628242927,71,200,true,110,110,71
1767628242922,77,200,true,110,110,77
1767628242864,135,200,true,110,110,135
1767628242926,73,200,true,110,110,73
1767628242922,79,200,true,110,110,79
1767628242929,75,200,true,110,110,75
1767628242924,80,200,true,110,110,80
1767628242927,77,200,true,110,110,76
1767628242922,82,200,true,110,110,82
1767628242924,81,200,true,110,110,81
1767628242925,81,200,true,110,110,81
1767628242921,85,200,true,110,110,85
1767628242925,81,200,true,110,110,81
1767628242923,83,200,true,110,110,83
1767628242927,79,200,true,110,110,79
1767628242921,86,200,true,110,110,86
1767628242923,84,200,true,110,110,82
1767628242922,86,200,true,110,110,86
1767628243004,4,200,true,110,110,4
1767628242934,75,200,true,110,110,75
1767628242932,80,200,true,110,110,79
1767628242945,68,200,true,110,110,68
1767628242938,75,200,true,110,110,74
1767628242945,68,200,true,110,110,68
1767628242945,68,200,true,110,110,68
1767628242944,69,200,true,110,110,69
1767628243012,3,200,true,110,110,3
1767628242944,73,200,true,110,110,72
1767628242946,71,200,true,110,110,70
1767628242943,74,200,true,110,110,73
1767628243006,11,200,true,110,110,10
1767628242947,70,200,true,110,110,70
1767628242946,71,200,true,110,110,71
1767628242946,71,200,true,110,110,71
1767628242941,77,200,true,110,110,77
1767628242941,77,200,true,110,110,77
1767628242890,128,200,true,110,110,128
1767628242943,75,200,true,110,110,75
1767628242939,79,200,true,110,110,79
1767628242941,78,200,true,110,110,78
1767628242887,132,200,true,110,110,132
1767628242942,77,200,true,110,110,77
1767628242942,77,200,true,110,110,77
1767628242944,76,200,true,110,110,75
1767628242940,80,200,true,110,110,80
1767628242938,82,200,true,110,110,82
1767628242947,73,200,true,110,110,73
1767628242940,80,200,true,110,110,80
1767628242943,78,200,true,110,110,78
1767628242951,70,200,true,110,110,70
1767628242952,69,200,true,110,110,69
1767628242961,60,200,true,110,110,60
1767628242960,62,200,true,110,110,62
1767628242954,68,200,true,110,110,68
1767628242956,66,200,true,110,110,66
1767628242891,131,200,true,110,110,131
1767628242955,67,200,true,110,110,67
1767628242958,65,200,true,110,110,65
1767628242893,130,200,true,110,110,130
1767628242893,130,200,true,110,110,130
1767628242962,61,200,true,110,110,61
1767628242891,133,200,true,110,110,133
1767628242963,61,200,true,110,110,61
1767628242970,54,200,true,110,110,54
1767628242971,53,200,true,110,110,53
1767628242970,54,200,true,110,110,54
1767628242970,55,200,true,110,110,55
1767628242971,54,200,true,110,110,54
1767628242970,55,200,true,110,110,55
1767628242970,55,200,true,110,110,55
1767628242944,82,200,true,110,110,82
1767628242974,52,200,true,110,110,52
1767628242974,52,200,true,110,110,52
1767628242974,52,200,true,110,110,52
1767628242974,53,200,true,110,110,53
1767628242975,52,200,true,110,110,52
1767628242976,51,200,true,110,110,51
1767628242975,52,200,true,110,110,52
1767628242976,51,200,true,110,110,51
1767628242976,52,200,true,110,110,52
1767628242976,52,200,true,110,110,52
1767628242912,116,200,true,110,110,115
1767628242978,50,200,true,110,110,50
1767628242982,46,200,true,110,110,46
1767628242982,46,200,true,110,110,46
1767628242983,46,200,true,110,110,46
1767628242983,46,200,true,110,110,46
1767628242982,47,200,true,110,110,47
1767628242983,46,200,true,110,110,46
1767628242983,47,200,true,110,110,47
1767628242984,46,200,true,110,110,46
1767628242987,43,200,true,110,110,43
1767628242984,46,200,true,110,110,46
1767628242987,44,200,true,110,110,44
1767628242989,42,200,true,110,110,42
1767628242990,41,200,true,110,110,41
1767628242989,42,200,true,110,110,42
1767628242992,39,200,true,110,110,39
1767628242994,38,200,true,110,110,38
1767628242993,39,200,true,110,110,39
1767628242993,39,200,true,110,110,39
1767628242993,39,200,true,110,110,39
1767628242994,38,200,true,110,110,38
1767628242993,40,200,true,110,110,40
1767628242994,39,200,true,110,110,39
1767628242978,55,200,true,110,110,55
1767628242994,39,200,true,110,110,39
1767628242997,36,200,true,110,110,36
1767628242998,36,200,true,110,110,36
1767628242997,37,200,true,110,110,37
1767628242999,35,200,true,110,110,35
1767628242999,35,200,true,110,110,35
1767628242997,37,200,true,110,110,37
1767628243001,34,200,true,110,110,34
1767628242999,36,200,true,110,110,36
1767628243006,29,200,true,110,110,29
1767628243004,31,200,true,110,110,31
1767628242998,38,200,true,110,110,38
1767628243004,32,200,true,110,110,32
1767628243004,32,200,true,110,110,32
1767628242970,66,200,true,110,110,66
1767628243008,28,200,true,110,110,28
1767628243007,30,200,true,110,110,30
1767628243005,32,200,true,110,110,32
1767628243007,30,200,true,110,110,30
1767628243006,31,200,true,110,110,31
1767628243006,31,200,true,110,110,31
1767628242927,110,200,true,110,110,110
1767628243006,32,200,true,110,110,32
1767628243033,5,200,true,110,110,5
1767628243018,21,200,true,110,110,21
1767628243022,17,200,true,110,110,17
1767628243013,27,200,true,110,110,27
1767628243032,8,200,true,110,110,8
1767628243033,8,200,true,110,110,8
1767628243032,9,200,true,110,110,9
1767628243024,17,200,true,110,110,17
1767628243032,10,200,true,110,110,10
1767628243034,8,200,true,110,110,8
1767628243023,20,200,true,110,110,20
1767628243029,16,200,true,110,110,16
1767628243028,17,200,true,110,110,17
1767628243013,34,200,true,110,110,34
1767628243033,15,200,true,110,110,15
1767628243019,29,200,true,110,110,29
1767628243032,16,200,true,110,110,14
1767628243029,20,200,true,110,110,20
1767628243013,36,200,true,110,110,36
1767628243024,27,200,true,110,110,27
1767628243013,39,200,true,110,110,39
1767628243034,19,200,true,110,110,19
1767628243010,43,200,true,110,110,43
1767628243017,36,200,true,110,110,36
1767628243025,29,200,true,110,110,29
1767628243026,28,200,true,110,110,28
1767628243036,19,200,true,110,110,19
1767628243023,32,200,true,110,110,32
1767628243017,39,200,true,110,110,39
1767628243026,30,200,true,110,110,30
1767628243034,22,200,true,110,110,22
1767628243029,28,200,true,110,110,28
1767628243026,31,200,true,110,110,31
1767628243035,23,200,true,110,110,23
1767628243023,35,200,true,110,110,35
1767628243026,33,200,true,110,110,33
1767628243024,35,200,true,110,110,35
1767628243026,34,200,true,110,110,34
1767628243033,27,200,true,110,110,27
1767628243027,33,200,true,110,110,33
1767628243027,34,200,true,110,110,34
1767628243027,34,200,true,110,110,34
1767628243029,33,200,true,110,110,33
1767628243036,26,200,true,110,110,26
1767628243023,40,200,true,110,110,40
1767628243024,39,200,true,110,110,39
1767628243036,27,200,true,110,110,27
1767628243027,37,200,true,110,110,37
1767628243030,34,200,true,110,110,34
1767628243008,57,200,true,110,110,57
1767628243030,35,200,true,110,110,35
1767628243035,31,200,true,110,110,31
1767628243030,36,200,true,110,110,36
1767628243031,36,200,true,110,110,36
1767628243017,50,200,true,110,110,50
1767628243037,30,200,true,110,110,30
1767628243037,31,200,true,110,110,31
1767628243022,46,200,true,110,110,46
1767628243028,41,200,true,110,110,41
1767628243030,39,200,true,110,110,39
1767628243037,33,200,true,110,110,33
1767628243031,39,200,true,110,110,39
1767628243037,34,200,true,110,110,34
1767628243020,51,200,true,110,110,51
1767628243037,35,200,true,110,110,35
1767628243025,47,200,true,110,110,47
1767628243021,51,200,true,110,110,51
1767628243015,58,200,true,110,110,58
1767628243017,56,200,true,110,110,56
1767628243035,39,200,true,110,110,39
1767628243022,52,200,true,110,110,52
1767628243034,41,200,true,110,110,41
1767628243036,39,200,true,110,110,39
1767628243021,55,200,true,110,110,55
1767628243036,44,200,true,110,110,44
1767628243039,41,200,true,110,110,41
1767628243040,41,200,true,110,110,41
1767628243041,40,200,true,110,110,40
1767628243048,34,200,true,110,110,34
1767628243054,32,200,true,110,110,32
1767628243038,48,200,true,110,110,48
1767628243055,32,200,true,110,110,32
1767628243055,34,200,true,110,110,34
1767628243060,30,200,true,110,110,30
1767628243060,32,200,true,110,110,32
1767628243064,29,200,true,110,110,29
1767628243064,29,200,true,110,110,29
1767628243093,3,200,true,110,110,3
1767628243068,28,200,true,110,110,28
1767628243035,63,200,true,110,110,63
1767628243069,30,200,true,110,110,30
1767628243073,27,200,true,110,110,27
1767628243028,74,200,true,110,110,74
1767628243013,94,200,true,110,110,94
1767628243074,33,200,true,110,110,33
1767628243087,21,200,true,110,110,21
1767628243099,9,200,true,110,110,9
1767628243080,28,200,true,110,110,28
1767628243102,7,200,true,110,110,7
1767628243096,13,200,true,110,110,13
1767628243076,33,200,true,110,110,33
1767628243100,10,200,true,110,110,10
1767628243096,14,200,true,110,110,14
1767628243093,17,200,true,110,110,17
1767628243090,20,200,true,110,110,20
1767628243093,18,200,true,110,110,18
1767628243086,25,200,true,110,110,25
1767628243098,13,200,true,110,110,13
1767628243090,22,200,true,110,110,21
1767628243022,90,200,true,110,110,90
1767628243031,81,200,true,110,110,81
1767628243017,95,200,true,110,110,95
1767628243017,95,200,true,110,110,95
1767628243022,91,200,true,110,110,91
1767628243032,81,200,true,110,110,81
1767628243033,80,200,true,110,110,80
1767628243025,88,200,true,110,110,88
1767628243017,96,200,true,110,110,96
1767628243021,93,200,true,110,110,93
1767628243028,86,200,true,110,110,86
1767628243037,77,200,true,110,110,77
1767628243018,96,200,true,110,110,96
1767628243018,97,200,true,110,110,97
1767628243031,84,200,true,110,110,84
1767628243020,95,200,true,110,110,95
1767628243020,95,200,true,110,110,95
1767628243018,98,200,true,110,110,98
1767628243028,88,200,true,110,110,88
1767628243024,95,200,true,110,110,95
1767628243113,6,200,true,110,110,6
1767628243114,10,200,true,110,110,10
1767628243115,9,200,true,110,110,9
1767628243115,12,200,true,110,110,12
1767628243018,109,200,true,110,110,109
1767628243031,97,200,true,110,110,97
1767628243020,108,200,true,110,110,108
1767628243127,2,200,true,110,110,2
1767628243019,112,200,true,110,110,112
1767628243020,111,200,true,110,110,111
1767628243038,93,200,true,110,110,93
1767628243131,1,200,true,110,110,1
1767628243131,1,200,true,110,110,1
1767628243131,1,200,true,110,110,1
1767628243132,1,200,true,110,110,1
1767628243132,1,200,true,110,110,1
1767628243132,2,200,true,110,110,2
1767628243133,1,200,true,110,110,1
1767628243133,2,200,true,110,110,2
1767628243019,116,200,true,110,110,116
1767628243043,93,200,true,110,110,93
1767628243045,92,200,true,110,110,92
1767628243048,89,200,true,110,110,89
1767628243048,91,200,true,110,110,91
1767628243049,90,200,true,110,110,90
1767628243041,99,200,true,110,110,99
1767628243045,95,200,true,110,110,93
1767628243040,100,200,true,110,110,100
1767628243042,98,200,true,110,110,98
1767628243139,2,200,true,110,110,2
1767628243052,91,200,true,110,110,91
1767628243051,93,200,true,110,110,93
1767628243047,97,200,true,110,110,96
1767628243041,103,200,true,110,110,103
1767628243039,106,200,true,110,110,105
1767628243049,97,200,true,110,110,93
1767628243057,90,200,true,110,110,90
1767628243057,90,200,true,110,110,90
1767628243057,90,200,true,110,110,90
1767628243056,91,200,true,110,110,91
1767628243058,90,200,true,110,110,90
1767628243058,90,200,true,110,110,90
1767628243059,89,200,true,110,110,89
1767628243060,88,200,true,110,110,88
1767628243061,88,200,true,110,110,88
1767628243061,88,200,true,110,110,88
1767628243062,87,200,true,110,110,87
1767628243054,95,200,true,110,110,92
1767628243056,93,200,true,110,110,90
1767628243062,87,200,true,110,110,87
1767628243063,87,200,true,110,110,87
1767628243063,87,200,true,110,110,87
1767628243063,87,200,true,110,110,87
1767628243065,85,200,true,110,110,85
1767628243065,86,200,true,110,110,86
1767628243066,85,200,true,110,110,85
1767628243066,85,200,true,110,110,85
1767628243067,84,200,true,110,110,84
1767628243067,84,200,true,110,110,84
1767628243068,84,200,true,110,110,84
1767628243068,84,200,true,110,110,84
1767628243069,83,200,true,110,110,83
1767628243070,82,200,true,110,110,82
1767628243070,83,200,true,110,110,83
1767628243071,82,200,true,110,110,82
1767628243071,82,200,true,110,110,82
1767628243072,81,200,true,110,110,81
1767628243072,82,200,true,110,110,82
1767628243073,81,200,true,110,110,81
1767628243074,80,200,true,110,110,80
1767628243075,79,200,true,110,110,79
1767628243072,82,200,true,110,110,82
1767628243059,96,200,true,110,110,96
1767628243034,121,200,true,110,110,121
1767628243030,125,200,true,110,110,125
1767628243080,76,200,true,110,110,76
1767628243082,74,200,true,110,110,74
1767628243081,75,200,true,110,110,75
1767628243081,75,200,true,110,110,75
1767628243086,71,200,true,110,110,71
1767628243075,82,200,true,110,110,82
1767628243113,44,200,true,110,110,44
1767628243107,50,200,true,110,110,50
1767628243112,45,200,true,110,110,45
1767628243110,48,200,true,110,110,48
1767628243112,46,200,true,110,110,46
1767628243113,45,200,true,110,110,45
1767628243113,45,200,true,110,110,45
1767628243109,49,200,true,110,110,49
1767628243112,47,200,true,110,110,47
1767628243113,46,200,true,110,110,46
1767628243111,48,200,true,110,110,48
1767628243108,51,200,true,110,110,51
1767628243110,50,200,true,110,110,50
1767628243113,47,200,true,110,110,47
1767628243111,49,200,true,110,110,49
1767628243027,133,200,true,110,110,133
1767628243110,50,200,true,110,110,50
1767628243108,53,200,true,110,110,53
1767628243109,52,200,true,110,110,52
1767628243112,49,200,true,110,110,49
1767628243107,54,200,true,110,110,54
1767628243110,51,200,true,110,110,51
1767628243109,53,200,true,110,110,53
1767628243114,48,200,true,110,110,48
1767628243111,51,200,true,110,110,51
1767628243114,48,200,true,110,110,48
1767628243115,47,200,true,110,110,47
1767628243115,48,200,true,110,110,48
1767628243116,47,200,true,110,110,47
1767628243116,47,200,true,110,110,47
1767628243119,44,200,true,110,110,44
1767628243119,45,200,true,110,110,45
1767628243114,50,200,true,110,110,50
1767628243124,40,200,true,110,110,40
1767628243124,40,200,true,110,110,40
1767628243127,38,200,true,110,110,38
1767628243019,146,200,true,110,110,146
1767628243021,144,200,true,110,110,144
1767628243128,37,200,true,110,110,37
1767628243128,37,200,true,110,110,37
1767628243129,36,200,true,110,110,36
1767628243134,32,200,true,110,110,31
1767628243135,31,200,true,110,110,31
1767628243136,30,200,true,110,110,30
1767628243137,29,200,true,110,110,29
1767628243135,31,200,true,110,110,31
1767628243137,30,200,true,110,110,30
1767628243139,28,200,true,110,110,28
1767628243156,11,200,true,110,110,11
1767628243156,12,200,true,110,110,12
1767628243145,23,200,true,110,110,23
1767628243156,12,200,true,110,110,12
1767628243156,13,200,true,110,110,13
1767628243163,6,200,true,110,110,6
1767628243157,12,200,true,110,110,12
1767628243157,13,200,true,110,110,13
1767628243144,26,200,true,110,110,26
1767628243146,25,200,true,110,110,25
1767628243144,27,200,true,110,110,27
1767628243158,14,200,true,110,110,14
1767628243158,14,200,true,110,110,14
1767628243152,21,200,true,110,110,21
1767628243153,20,200,true,110,110,20
1767628243158,16,200,true,110,110,16
1767628243148,26,200,true,110,110,26
1767628243150,25,200,true,110,110,25
1767628243159,16,200,true,110,110,16
1767628243149,30,200,true,110,110,30
1767628243159,20,200,true,110,110,20
1767628243158,21,200,true,110,110,13
1767628243042,141,200,true,110,110,141
1767628243147,36,200,true,110,110,36
1767628243140,43,200,true,110,110,43
1767628243150,38,200,true,110,110,38
1767628243152,36,200,true,110,110,36
1767628243153,36,200,true,110,110,36
1767628243153,39,200,true,110,110,39
1767628243162,30,200,true,110,110,30
1767628243167,29,200,true,110,110,29
1767628243162,34,200,true,110,110,34
1767628243165,31,200,true,110,110,31
1767628243140,59,200,true,110,110,59
1767628243167,32,200,true,110,110,32
1767628243168,32,200,true,110,110,32
1767628243168,32,200,true,110,110,32
1767628243168,33,200,true,110,110,33
1767628243169,32,200,true,110,110,32
1767628243169,32,200,true,110,110,32
1767628243169,33,200,true,110,110,33
1767628243170,32,200,true,110,110,32
1767628243170,33,200,true,110,110,33
1767628243140,63,200,true,110,110,63
1767628243172,32,200,true,110,110,31
1767628243172,34,200,true,110,110,34
1767628243141,67,200,true,110,110,67
1767628243179,30,200,true,110,110,30
1767628243140,70,200,true,110,110,70
1767628243143,68,200,true,110,110,68
1767628243196,16,200,true,110,110,16
1767628243200,15,200,true,110,110,15
1767628243206,9,200,true,110,110,9
1767628243192,24,200,true,110,110,24
1767628243196,21,200,true,110,110,21
1767628243208,10,200,true,110,110,10
1767628243215,4,200,true,110,110,4
1767628243053,167,200,true,110,110,167
1767628243053,167,200,true,110,110,167
1767628243053,167,200,true,110,110,167
1767628243218,2,200,true,110,110,2
1767628243108,113,200,true,110,110,113
1767628243163,58,200,true,110,110,58
1767628243149,77,200,true,110,110,76
1767628243159,67,200,true,110,110,67
1767628243159,67,200,true,110,110,66
1767628243157,69,200,true,110,110,69
1767628243159,67,200,true,110,110,67
1767628243164,62,200,true,110,110,60
1767628243155,71,200,true,110,110,71
1767628243226,1,200,true,110,110,1
1767628243147,81,200,true,110,110,81
1767628243147,81,200,true,110,110,81
1767628243147,81,200,true,110,110,80
1767628243148,80,200,true,110,110,80
1767628243148,80,200,true,110,110,80
1767628243149,80,200,true,110,110,80
1767628243149,81,200,true,110,110,80
1767628243155,75,200,true,110,110,75
1767628243160,70,200,true,110,110,70
1767628243149,81,200,true,110,110,81
1767628243161,71,200,true,110,110,70
1767628243150,85,200,true,110,110,84
1767628243149,88,200,true,110,110,88
1767628243229,9,200,true,110,110,9
1767628243155,83,200,true,110,110,83
1767628243157,82,200,true,110,110,82
1767628243150,89,200,true,110,110,89
1767628243160,81,200,true,110,110,81
1767628243237,4,200,true,110,110,4
1767628243150,92,200,true,110,110,92
1767628243151,92,200,true,110,110,92
1767628243160,84,200,true,110,110,84
1767628243151,93,200,true,110,110,93
1767628243151,94,200,true,110,110,94
1767628243244,1,200,true,110,110,1
1767628243160,85,200,true,110,110,85
1767628243151,95,200,true,110,110,95
1767628243152,96,200,true,110,110,96
1767628243152,96,200,true,110,110,96
1767628243161,87,200,true,110,110,87
1767628243152,96,200,true,110,110,96
1767628243161,87,200,true,110,110,87
1767628243245,4,200,true,110,110,3
1767628243248,1,200,true,110,110,1
1767628243154,96,200,true,110,110,96
1767628243162,88,200,true,110,110,88
1767628243154,97,200,true,110,110,97
1767628243162,89,200,true,110,110,89
1767628243154,97,200,true,110,110,97
1767628243154,97,200,true,110,110,97
1767628243153,98,200,true,110,110,96
1767628243248,5,200,true,110,110,5
1767628243251,3,200,true,110,110,3
1767628243250,4,200,true,110,110,4
1767628243250,5,200,true,110,110,5
1767628243162,95,200,true,110,110,95
1767628243164,93,200,true,110,110,93
1767628243162,95,200,true,110,110,95
1767628243163,95,200,true,110,110,95
1767628243164,94,200,true,110,110,94
1767628243165,93,200,true,110,110,93
1767628243163,96,200,true,110,110,96
1767628243163,96,200,true,110,110,96
1767628243164,95,200,true,110,110,95
1767628243166,93,200,true,110,110,93
1767628243166,94,200,true,110,110,94
1767628243154,106,200,true,110,110,106
1767628243165,95,200,true,110,110,95
1767628243165,95,200,true,110,110,95
1767628243166,94,200,true,110,110,94
1767628243166,94,200,true,110,110,94
1767628243166,95,200,true,110,110,95
1767628243257,4,200,true,110,110,4
1767628243165,97,200,true,110,110,97
1767628243165,98,200,true,110,110,97
1767628243173,90,200,true,110,110,90
1767628243174,89,200,true,110,110,89
1767628243188,75,200,true,110,110,75
1767628243192,71,200,true,110,110,71
1767628243196,68,200,true,110,110,68
1767628243179,85,200,true,110,110,85
1767628243183,85,200,true,110,110,85
1767628243188,80,200,true,110,110,80
1767628243175,94,200,true,110,110,93
1767628243183,86,200,true,110,110,86
1767628243258,12,200,true,110,110,12
1767628243258,12,200,true,110,110,12
1767628243258,13,200,true,110,110,13
1767628243179,92,200,true,110,110,92
1767628243259,12,200,true,110,110,12
1767628243259,13,200,true,110,110,13
1767628243259,13,200,true,110,110,13
1767628243262,11,200,true,110,110,11
1767628243260,13,200,true,110,110,13
1767628243260,14,200,true,110,110,14
1767628243260,14,200,true,110,110,14
1767628243261,14,200,true,110,110,14
1767628243261,14,200,true,110,110,14
1767628243264,11,200,true,110,110,11
1767628243263,13,200,true,110,110,13
1767628243263,13,200,true,110,110,13
1767628243263,14,200,true,110,110,14
1767628243263,14,200,true,110,110,14
1767628243263,15,200,true,110,110,15
1767628243268,10,200,true,110,110,10
1767628243260,18,200,true,110,110,18
1767628243257,21,200,true,110,110,21
1767628243271,12,200,true,110,110,12
1767628243272,12,200,true,110,110,11
1767628243272,12,200,true,110,110,12
1767628243272,12,200,true,110,110,12
1767628243273,12,200,true,110,110,12
1767628243189,108,200,true,110,110,108
1767628243174,123,200,true,110,110,123
1767628243199,98,200,true,110,110,98
1767628243171,127,200,true,110,110,127
1767628243202,99,200,true,110,110,99
1767628243202,99,200,true,110,110,99
1767628243201,100,200,true,110,110,100
1767628243201,101,200,true,110,110,99
1767628243144,161,200,true,110,110,161
1767628243215,90,200,true,110,110,90
1767628243212,94,200,true,110,110,94
1767628243210,96,200,true,110,110,96
1767628243211,95,200,true,110,110,94
1767628243217,89,200,true,110,110,89
1767628243216,90,200,true,110,110,90
1767628243302,4,200,true,110,110,4
1767628243160,146,200,true,110,110,146
1767628243219,88,200,true,110,110,88
1767628243220,87,200,true,110,110,87
1767628243221,86,200,true,110,110,86
1767628243220,88,200,true,110,110,88
1767628243221,87,200,true,110,110,87
1767628243220,91,200,true,110,110,91
1767628243308,3,200,true,110,110,3
1767628243311,2,200,true,110,110,2
1767628243311,3,200,true,110,110,3
1767628243230,84,200,true,110,110,84
1767628243230,84,200,true,110,110,84
1767628243230,85,200,true,110,110,85
1767628243227,88,200,true,110,110,88
1767628243226,89,200,true,110,110,89
1767628243227,88,200,true,110,110,88
1767628243226,90,200,true,110,110,90
1767628243230,86,200,true,110,110,86
1767628243227,89,200,true,110,110,89
1767628243235,81,200,true,110,110,81
1767628243228,88,200,true,110,110,88
1767628243226,90,200,true,110,110,90
1767628243228,89,200,true,110,110,89
1767628243232,85,200,true,110,110,85
1767628243228,89,200,true,110,110,89
1767628243226,91,200,true,110,110,91
1767628243228,90,200,true,110,110,90
1767628243228,90,200,true,110,110,90
1767628243238,80,200,true,110,110,80
1767628243239,79,200,true,110,110,79
1767628243239,81,200,true,110,110,81
1767628243314,7,200,true,110,110,7
1767628243316,5,200,true,110,110,5
1767628243315,7,200,true,110,110,7
1767628243317,6,200,true,110,110,6
1767628243321,3,200,true,110,110,3
1767628243322,3,200,true,110,110,3
1767628243323,2,200,true,110,110,2
1767628243318,8,200,true,110,110,8
1767628243316,10,200,true,110,110,10
1767628243239,87,200,true,110,110,87
1767628243241,85,200,true,110,110,85
1767628243241,86,200,true,110,110,86
1767628243242,85,200,true,110,110,85
1767628243243,84,200,true,110,110,84
1767628243244,84,200,true,110,110,84
1767628243245,83,200,true,110,110,83
1767628243245,83,200,true,110,110,83
1767628243246,82,200,true,110,110,82
1767628243251,78,200,true,110,110,78
1767628243249,80,200,true,110,110,80
1767628243249,80,200,true,110,110,80
1767628243248,81,200,true,110,110,81
1767628243248,81,200,true,110,110,81
1767628243248,82,200,true,110,110,82
1767628243157,173,200,true,110,110,173
1767628243251,79,200,true,110,110,79
1767628243251,79,200,true,110,110,79
1767628243251,80,200,true,110,110,79
1767628243253,78,200,true,110,110,78
1767628243254,77,200,true,110,110,77
1767628243255,76,200,true,110,110,76
1767628243254,78,200,true,110,110,78
1767628243167,165,200,true,110,110,165
1767628243173,159,200,true,110,110,159
1767628243259,73,200,true,110,110,73
1767628243260,72,200,true,110,110,72
1767628243260,73,200,true,110,110,73
1767628243175,158,200,true,110,110,158
1767628243183,150,200,true,110,110,150
1767628243171,162,200,true,110,110,162
1767628243277,56,200,true,110,110,56
1767628243278,56,200,true,110,110,56
1767628243269,65,200,true,110,110,65
1767628243269,65,200,true,110,110,65
1767628243278,56,200,true,110,110,56
1767628243270,65,200,true,110,110,65
1767628243278,57,200,true,110,110,57
1767628243279,56,200,true,110,110,56
1767628243270,65,200,true,110,110,65
1767628243268,67,200,true,110,110,67
1767628243258,78,200,true,110,110,78
1767628243284,52,200,true,110,110,52
1767628243271,65,200,true,110,110,65
1767628243273,63,200,true,110,110,63
1767628243274,63,200,true,110,110,63
1767628243274,63,200,true,110,110,63
1767628243285,52,200,true,110,110,52
1767628243284,53,200,true,110,110,53
1767628243284,53,200,true,110,110,53
1767628243275,63,200,true,110,110,63
1767628243275,63,200,true,110,110,63
1767628243276,62,200,true,110,110,62
1767628243276,62,200,true,110,110,62
1767628243277,62,200,true,110,110,62
1767628243275,64,200,true,110,110,64
1767628243199,140,200,true,110,110,140
1767628243200,139,200,true,110,110,139
1767628243297,42,200,true,110,110,42
1767628243297,43,200,true,110,110,43
1767628243201,139,200,true,110,110,139
1767628243301,39,200,true,110,110,39
1767628243301,39,200,true,110,110,39
1767628243297,43,200,true,110,110,43
1767628243204,137,200,true,110,110,137
1767628243209,132,200,true,110,110,132
1767628243203,138,200,true,110,110,138
1767628243203,138,200,true,110,110,138
1767628243339,3,200,true,110,110,3
1767628243339,4,200,true,110,110,4
1767628243334,10,200,true,110,110,10
1767628243298,50,200,true,110,110,50
1767628243333,16,200,true,110,110,16
1767628243328,21,200,true,110,110,21
1767628243327,23,200,true,110,110,23
1767628243307,44,200,true,110,110,44
1767628243305,46,200,true,110,110,46
1767628243134,218,200,true,110,110,218
1767628243329,23,200,true,110,110,21
1767628243329,26,200,true,110,110,26
1767628243338,18,200,true,110,110,18
1767628243335,22,200,true,110,110,21
1767628243306,51,200,true,110,110,51
1767628243335,22,200,true,110,110,22
1767628243335,23,200,true,110,110,23
1767628243336,22,200,true,110,110,22
1767628243220,140,200,true,110,110,140
1767628243306,54,200,true,110,110,54
1767628243305,56,200,true,110,110,56
1767628243306,55,200,true,110,110,55
1767628243307,55,200,true,110,110,55
1767628243307,55,200,true,110,110,53
1767628243336,26,200,true,110,110,26
1767628243337,26,200,true,110,110,26
1767628243336,27,200,true,110,110,23
1767628243338,25,200,true,110,110,25
1767628243352,15,200,true,110,110,15
1767628243341,26,200,true,110,110,25
1767628243361,9,200,true,110,110,9
1767628243356,14,200,true,110,110,14
1767628243362,9,200,true,110,110,9
1767628243362,9,200,true,110,110,9
1767628243306,65,200,true,110,110,65
1767628243306,67,200,true,110,110,67
1767628243306,67,200,true,110,110,67
1767628243308,65,200,true,110,110,65
1767628243307,66,200,true,110,110,66
1767628243315,59,200,true,110,110,59
1767628243316,58,200,true,110,110,58
1767628243315,59,200,true,110,110,59
1767628243313,61,200,true,110,110,61
1767628243315,60,200,true,110,110,60
1767628243317,58,200,true,110,110,58
1767628243314,61,200,true,110,110,61
1767628243314,61,200,true,110,110,61
1767628243316,59,200,true,110,110,59
1767628243318,58,200,true,110,110,58
1767628243316,60,200,true,110,110,60
1767628243317,59,200,true,110,110,59
1767628243317,59,200,true,110,110,59
1767628243317,59,200,true,110,110,59
1767628243318,59,200,true,110,110,59
1767628243318,59,200,true,110,110,59
1767628243320,57,200,true,110,110,57
1767628243321,56,200,true,110,110,56
1767628243283,94,200,true,110,110,94
1767628243340,38,200,true,110,110,38
1767628243332,46,200,true,110,110,46
1767628243332,46,200,true,110,110,46
1767628243340,38,200,true,110,110,38
1767628243334,44,200,true,110,110,44
1767628243332,47,200,true,110,110,47
1767628243340,39,200,true,110,110,39
1767628243334,45,200,true,110,110,45
1767628243333,46,200,true,110,110,46
1767628243326,54,200,true,110,110,53
1767628243332,48,200,true,110,110,48
1767628243333,47,200,true,110,110,47
1767628243341,39,200,true,110,110,39
1767628243338,42,200,true,110,110,42
1767628243339,42,200,true,110,110,42
1767628243324,57,200,true,110,110,57
1767628243340,41,200,true,110,110,41
1767628243325,56,200,true,110,110,56
1767628243338,43,200,true,110,110,43
1767628243341,41,200,true,110,110,41
1767628243264,118,200,true,110,110,118
1767628243325,57,200,true,110,110,57
1767628243339,43,200,true,110,110,43
1767628243326,57,200,true,110,110,57
1767628243331,52,200,true,110,110,52
1767628243330,53,200,true,110,110,53
1767628243336,47,200,true,110,110,47
1767628243378,6,200,true,110,110,6
1767628243378,6,200,true,110,110,6
1767628243371,19,200,true,110,110,19
1767628243381,9,200,true,110,110,9
1767628243379,11,200,true,110,110,11
1767628243378,12,200,true,110,110,12
1767628243378,12,200,true,110,110,12
1767628243379,11,200,true,110,110,11
1767628243378,12,200,true,110,110,12
1767628243382,10,200,true,110,110,10
1767628243367,25,200,true,110,110,25
1767628243380,13,200,true,110,110,13
1767628243375,19,200,true,110,110,19
1767628243375,22,200,true,110,110,22
1767628243375,22,200,true,110,110,22
1767628243377,24,200,true,110,110,24
1767628243373,28,200,true,110,110,28
1767628243363,42,200,true,110,110,42
1767628243392,13,200,true,110,110,13
1767628243391,14,200,true,110,110,14
1767628243391,15,200,true,110,110,15
1767628243391,18,200,true,110,110,18
1767628243397,12,200,true,110,110,12
1767628243339,71,200,true,110,110,71
1767628243333,78,200,true,110,110,78
1767628243331,80,200,true,110,110,80
1767628243329,82,200,true,110,110,82
1767628243328,83,200,true,110,110,83
1767628243326,86,200,true,110,110,86
1767628243332,80,200,true,110,110,80
1767628243327,85,200,true,110,110,85
1767628243331,81,200,true,110,110,81
1767628243326,87,200,true,110,110,87
1767628243330,83,200,true,110,110,83
1767628243328,85,200,true,110,110,85
1767628243327,86,200,true,110,110,86
1767628243330,87,200,true,110,110,87
1767628243329,89,200,true,110,110,89
1767628243328,90,200,true,110,110,90
1767628243334,85,200,true,110,110,85
1767628243333,86,200,true,110,110,86
1767628243329,90,200,true,110,110,90
1767628243330,89,200,true,110,110,89
1767628243335,85,200,true,110,110,85
1767628243338,82,200,true,110,110,82
1767628243337,83,200,true,110,110,83
1767628243337,83,200,true,110,110,83
1767628243336,84,200,true,110,110,84
1767628243337,84,200,true,110,110,84
1767628243341,80,200,true,110,110,80
1767628243343,78,200,true,110,110,78
1767628243342,79,200,true,110,110,79
1767628243348,74,200,true,110,110,74
1767628243352,70,200,true,110,110,70
1767628243351,71,200,true,110,110,71
1767628243351,71,200,true,110,110,71
1767628243349,73,200,true,110,110,73
1767628243349,74,200,true,110,110,74
1767628243350,73,200,true,110,110,73
1767628243357,66,200,true,110,110,66
1767628243358,65,200,true,110,110,65
1767628243358,65,200,true,110,110,65
1767628243359,65,200,true,110,110,65
1767628243360,64,200,true,110,110,64
1767628243357,67,200,true,110,110,67
1767628243355,69,200,true,110,110,69
1767628243361,63,200,true,110,110,63
1767628243361,64,200,true,110,110,64
1767628243301,124,200,true,110,110,124
1767628243418,7,200,true,110,110,7
1767628243344,82,200,true,110,110,82
1767628243421,5,200,true,110,110,5
1767628243422,5,200,true,110,110,5
1767628243423,4,200,true,110,110,4
1767628243424,4,200,true,110,110,4
1767628243422,7,200,true,110,110,7
1767628243425,7,200,true,110,110,7
1767628243424,8,200,true,110,110,8
1767628243423,13,200,true,110,110,13
1767628243421,15,200,true,110,110,15
1767628243362,77,200,true,110,110,77
1767628243363,76,200,true,110,110,76
1767628243373,66,200,true,110,110,66
1767628243379,60,200,true,110,110,60
1767628243370,70,200,true,110,110,70
1767628243374,66,200,true,110,110,66
1767628243381,59,200,true,110,110,59
1767628243380,60,200,true,110,110,60
1767628243381,59,200,true,110,110,59
1767628243380,61,200,true,110,110,61
1767628243427,14,200,true,110,110,14
1767628243379,63,200,true,110,110,63
1767628243340,104,200,true,110,110,104
1767628243439,5,200,true,110,110,5
1767628243380,66,200,true,110,110,66
1767628243377,69,200,true,110,110,69
1767628243373,73,200,true,110,110,73
1767628243374,72,200,true,110,110,72
1767628243374,73,200,true,110,110,73
1767628243381,66,200,true,110,110,66
1767628243374,73,200,true,110,110,73
1767628243381,66,200,true,110,110,66
1767628243380,68,200,true,110,110,68
1767628243375,73,200,true,110,110,73
1767628243382,66,200,true,110,110,66
1767628243377,71,200,true,110,110,71
1767628243376,73,200,true,110,110,73
1767628243376,73,200,true,110,110,73
1767628243377,72,200,true,110,110,72
1767628243376,73,200,true,110,110,73
1767628243382,67,200,true,110,110,67
1767628243375,75,200,true,110,110,75
1767628243376,74,200,true,110,110,74
1767628243383,67,200,true,110,110,67
1767628243382,68,200,true,110,110,68
1767628243367,83,200,true,110,110,83
1767628243383,68,200,true,110,110,68
1767628243377,74,200,true,110,110,74
1767628243371,80,200,true,110,110,80
1767628243370,81,200,true,110,110,81
1767628243376,76,200,true,110,110,76
1767628243371,81,200,true,110,110,81
1767628243363,89,200,true,110,110,89
1767628243383,69,200,true,110,110,69
1767628243383,70,200,true,110,110,70
1767628243384,69,200,true,110,110,69
1767628243384,69,200,true,110,110,69
1767628243392,61,200,true,110,110,61
1767628243392,61,200,true,110,110,61
1767628243391,62,200,true,110,110,62
1767628243391,63,200,true,110,110,63
1767628243392,62,200,true,110,110,62
1767628243393,61,200,true,110,110,61
1767628243394,61,200,true,110,110,61
1767628243397,58,200,true,110,110,58
1767628243401,54,200,true,110,110,54
1767628243401,54,200,true,110,110,54
1767628243405,50,200,true,110,110,50
1767628243405,51,200,true,110,110,51
1767628243405,51,200,true,110,110,51
1767628243406,50,200,true,110,110,50
1767628243409,47,200,true,110,110,47
1767628243373,83,200,true,110,110,83
1767628243411,46,200,true,110,110,46
1767628243412,45,200,true,110,110,45
1767628243413,44,200,true,110,110,44
1767628243413,44,200,true,110,110,44
1767628243412,45,200,true,110,110,45
1767628243413,45,200,true,110,110,45
1767628243411,47,200,true,110,110,47
1767628243411,47,200,true,110,110,47
1767628243411,47,200,true,110,110,47
1767628243411,48,200,true,110,110,48
1767628243412,47,200,true,110,110,47
1767628243412,47,200,true,110,110,47
1767628243413,46,200,true,110,110,46
1767628243417,43,200,true,110,110,43
1767628243331,129,200,true,110,110,129
1767628243453,10,200,true,110,110,10
1767628243456,7,200,true,110,110,7
1767628243448,15,200,true,110,110,15
1767628243456,11,200,true,110,110,11
1767628243447,20,200,true,110,110,20
1767628243448,20,200,true,110,110,20
1767628243448,20,200,true,110,110,20
1767628243448,20,200,true,110,110,20
1767628243449,20,200,true,110,110,20
1767628243449,20,200,true,110,110,20
1767628243449,21,200,true,110,110,21
1767628243449,21,200,true,110,110,21
1767628243449,22,200,true,110,110,21
1767628243454,18,200,true,110,110,13
1767628243452,24,200,true,110,110,24
1767628243459,17,200,true,110,110,17
1767628243459,20,200,true,110,110,20
1767628243463,17,200,true,110,110,17
1767628243422,63,200,true,110,110,63
1767628243421,64,200,true,110,110,64
1767628243485,2,200,true,110,110,2
1767628243485,4,200,true,110,110,4
1767628243424,65,200,true,110,110,64
1767628243423,67,200,true,110,110,67
1767628243423,67,200,true,110,110,67
1767628243418,72,200,true,110,110,72
1767628243424,66,200,true,110,110,66
1767628243419,72,200,true,110,110,72
1767628243419,72,200,true,110,110,72
1767628243419,72,200,true,110,110,72
1767628243419,72,200,true,110,110,72
1767628243420,71,200,true,110,110,71
1767628243423,69,200,true,110,110,69
1767628243424,68,200,true,110,110,68
1767628243420,72,200,true,110,110,72
1767628243420,72,200,true,110,110,72
1767628243420,72,200,true,110,110,72
1767628243420,73,200,true,110,110,73
1767628243425,68,200,true,110,110,68
1767628243426,67,200,true,110,110,67
1767628243427,66,200,true,110,110,66
1767628243426,67,200,true,110,110,67
1767628243428,66,200,true,110,110,66
1767628243429,65,200,true,110,110,65
1767628243432,62,200,true,110,110,62
1767628243432,62,200,true,110,110,62
1767628243436,59,200,true,110,110,58
1767628243436,59,200,true,110,110,59
1767628243439,56,200,true,110,110,56
1767628243439,56,200,true,110,110,56
1767628243440,55,200,true,110,110,55
1767628243440,56,200,true,110,110,56
1767628243440,56,200,true,110,110,56
1767628243441,55,200,true,110,110,55
1767628243439,57,200,true,110,110,57
1767628243442,54,200,true,110,110,54
1767628243440,57,200,true,110,110,57
1767628243444,53,200,true,110,110,53
1767628243444,53,200,true,110,110,53
1767628243441,58,200,true,110,110,58
1767628243493,6,200,true,110,110,6
1767628243493,9,200,true,110,110,9
1767628243497,6,200,true,110,110,6
1767628243495,11,200,true,110,110,11
1767628243496,10,200,true,110,110,10
1767628243491,16,200,true,110,110,16
1767628243499,11,200,true,110,110,11
1767628243453,57,200,true,110,110,57
1767628243453,58,200,true,110,110,58
1767628243492,19,200,true,110,110,18
1767628243453,58,200,true,110,110,58
1767628243454,57,200,true,110,110,57
1767628243454,57,200,true,110,110,57
1767628243456,56,200,true,110,110,56
1767628243456,56,200,true,110,110,56
1767628243446,66,200,true,110,110,66
1767628243446,66,200,true,110,110,66
1767628243446,67,200,true,110,110,67
1767628243447,66,200,true,110,110,66
1767628243447,66,200,true,110,110,66
1767628243454,59,200,true,110,110,59
1767628243447,67,200,true,110,110,67
1767628243447,67,200,true,110,110,67
1767628243455,59,200,true,110,110,59
1767628243455,59,200,true,110,110,59
1767628243455,60,200,true,110,110,59
1767628243511,7,200,true,110,110,7
1767628243450,68,200,true,110,110,68
1767628243450,72,200,true,110,110,72
1767628243514,8,200,true,110,110,8
1767628243450,72,200,true,110,110,68
1767628243522,3,200,true,110,110,3
1767628243457,69,200,true,110,110,69
1767628243525,1,200,true,110,110,1
1767628243526,1,200,true,110,110,1
1767628243457,71,200,true,110,110,71
1767628243451,78,200,true,110,110,77
1767628243527,2,200,true,110,110,1
1767628243457,73,200,true,110,110,73
1767628243529,1,200,true,110,110,1
1767628243458,74,200,true,110,110,74
1767628243458,74,200,true,110,110,74
1767628243532,0,200,true,110,110,0
1767628243532,1,200,true,110,110,1
1767628243532,1,200,true,110,110,1
1767628243533,1,200,true,110,110,1
1767628243533,1,200,true,110,110,1
1767628243534,1,200,true,110,110,1
1767628243535,0,200,true,110,110,0
1767628243450,85,200,true,110,110,80
1767628243529,6,200,true,110,110,0
1767628243535,1,200,true,110,110,1
1767628243535,1,200,true,110,110,1
1767628243530,7,200,true,110,110,7
1767628243530,7,200,true,110,110,1
1767628243536,2,200,true,110,110,2
1767628243537,1,200,true,110,110,1
1767628243537,2,200,true,110,110,2
1767628243452,87,200,true,110,110,87
1767628243457,82,200,true,110,110,72
1767628243536,4,200,true,110,110,1
1767628243535,5,200,true,110,110,2
1767628243451,90,200,true,110,110,90
1767628243453,88,200,true,110,110,88
1767628243451,90,200,true,110,110,90
1767628243458,83,200,true,110,110,83
1767628243457,85,200,true,110,110,85
1767628243460,85,200,true,110,110,85
1767628243459,86,200,true,110,110,86
1767628243459,86,200,true,110,110,86
1767628243460,86,200,true,110,110,86
1767628243545,1,200,true,110,110,1
1767628243545,1,200,true,110,110,1
1767628243451,96,200,true,110,110,96
1767628243546,2,200,true,110,110,2
1767628243546,2,200,true,110,110,2
1767628243546,2,200,true,110,110,2
1767628243547,2,200,true,110,110,2
1767628243548,1,200,true,110,110,1
1767628243548,2,200,true,110,110,2
1767628243548,2,200,true,110,110,2
1767628243549,2,200,true,110,110,2
1767628243545,6,200,true,110,110,6
1767628243455,97,200,true,110,110,97
1767628243551,1,200,true,110,110,1
1767628243552,1,200,true,110,110,1
1767628243552,1,200,true,110,110,1
1767628243553,1,200,true,110,110,1
1767628243553,1,200,true,110,110,1
1767628243554,0,200,true,110,110,0
1767628243554,1,200,true,110,110,1
1767628243456,100,200,true,110,110,100
1767628243556,0,200,true,110,110,0
1767628243556,1,200,true,110,110,1
1767628243556,1,200,true,110,110,1
1767628243557,0,200,true,110,110,0
1767628243557,1,200,true,110,110,1
1767628243557,1,200,true,110,110,1
1767628243558,1,200,true,110,110,1
1767628243559,0,200,true,110,110,0
1767628243456,104,200,true,110,110,104
1767628243452,108,200,true,110,110,108
1767628243452,108,200,true,110,110,108
1767628243559,2,200,true,110,110,1
1767628243560,1,200,true,110,110,1
1767628243560,1,200,true,110,110,1
1767628243560,2,200,true,110,110,2
1767628243561,1,200,true,110,110,1
1767628243561,2,200,true,110,110,2
1767628243561,2,200,true,110,110,2
1767628243554,11,200,true,110,110,11
1767628243562,4,200,true,110,110,4
1767628243463,103,200,true,110,110,103
1767628243463,103,200,true,110,110,103
1767628243467,99,200,true,110,110,99
1767628243566,1,200,true,110,110,1
1767628243467,100,200,true,110,110,100
1767628243566,2,200,true,110,110,1
1767628243566,2,200,true,110,110,2
1767628243567,1,200,true,110,110,1
1767628243567,2,200,true,110,110,2
1767628243568,1,200,true,110,110,1
1767628243568,2,200,true,110,110,2
1767628243568,2,200,true,110,110,2
1767628243569,2,200,true,110,110,2
1767628243468,103,200,true,110,110,103
1767628243570,1,200,true,110,110,1
1767628243570,2,200,true,110,110,2
1767628243571,1,200,true,110,110,1
1767628243571,2,200,true,110,110,2
1767628243571,2,200,true,110,110,2
1767628243572,2,200,true,110,110,2
1767628243572,2,200,true,110,110,2
1767628243573,2,200,true,110,110,2
1767628243468,108,200,true,110,110,108
1767628243468,108,200,true,110,110,108
1767628243469,107,200,true,110,110,107
1767628243469,107,200,true,110,110,107
1767628243470,107,200,true,110,110,107
1767628243470,107,200,true,110,110,107
1767628243471,106,200,true,110,110,106
1767628243476,101,200,true,110,110,101
1767628243476,102,200,true,110,110,102
1767628243480,98,200,true,110,110,98
1767628243480,98,200,true,110,110,98
1767628243576,3,200,true,110,110,3
1767628243573,9,200,true,110,110,9
1767628243578,4,200,true,110,110,4
1767628243409,173,200,true,110,110,173
1767628243421,162,200,true,110,110,162
1767628243472,111,200,true,110,110,111
1767628243425,158,200,true,110,110,158
1767628243487,96,200,true,110,110,96
1767628243579,5,200,true,110,110,5
1767628243422,162,200,true,110,110,162
1767628243489,95,200,true,110,110,95
1767628243494,90,200,true,110,110,90
1767628243493,91,200,true,110,110,91
1767628243494,91,200,true,110,110,91
1767628243497,88,200,true,110,110,88
1767628243495,90,200,true,110,110,90
1767628243495,90,200,true,110,110,90
1767628243496,90,200,true,110,110,90
1767628243496,90,200,true,110,110,90
1767628243496,90,200,true,110,110,90
1767628243494,92,200,true,110,110,92
1767628243497,89,200,true,110,110,89
1767628243496,91,200,true,110,110,91
1767628243490,97,200,true,110,110,97
1767628243490,97,200,true,110,110,97
1767628243493,94,200,true,110,110,94
1767628243490,98,200,true,110,110,98
1767628243491,97,200,true,110,110,97
1767628243491,97,200,true,110,110,97
1767628243491,97,200,true,110,110,97
1767628243491,97,200,true,110,110,97
1767628243494,95,200,true,110,110,95
1767628243492,97,200,true,110,110,97
1767628243492,97,200,true,110,110,97
1767628243492,97,200,true,110,110,97
1767628243492,98,200,true,110,110,98
1767628243493,97,200,true,110,110,97
1767628243495,95,200,true,110,110,95
1767628243497,93,200,true,110,110,93
1767628243490,100,200,true,110,110,100
1767628243489,102,200,true,110,110,102
1767628243499,92,200,true,110,110,92
1767628243503,88,200,true,110,110,88
1767628243503,88,200,true,110,110,88
1767628243506,86,200,true,110,110,86
1767628243506,86,200,true,110,110,86
1767628243507,85,200,true,110,110,85
1767628243511,81,200,true,110,110,81
1767628243510,83,200,true,110,110,83
1767628243511,82,200,true,110,110,82
1767628243511,82,200,true,110,110,82
1767628243512,81,200,true,110,110,81
1767628243512,81,200,true,110,110,81
1767628243512,82,200,true,110,110,82
1767628243512,82,200,true,110,110,82
1767628243512,82,200,true,110,110,82
1767628243513,81,200,true,110,110,81
1767628243513,82,200,true,110,110,81
1767628243513,82,200,true,110,110,82
1767628243514,81,200,true,110,110,81
1767628243514,81,200,true,110,110,81
1767628243514,81,200,true,110,110,81
1767628243515,81,200,true,110,110,81
1767628243511,85,200,true,110,110,85
1767628243518,78,200,true,110,110,78
1767628243518,78,200,true,110,110,78
1767628243522,74,200,true,110,110,74
1767628243522,75,200,true,110,110,75
1767628243527,70,200,true,110,110,70
1767628243529,68,200,true,110,110,68
1767628243538,59,200,true,110,110,59
1767628243539,59,200,true,110,110,59
1767628243538,60,200,true,110,110,60
1767628243450,148,200,true,110,110,148
1767628243513,85,200,true,110,110,85
1767628243540,58,200,true,110,110,58
1767628243539,60,200,true,110,110,60
1767628243540,59,200,true,110,110,59
1767628243539,60,200,true,110,110,60
1767628243541,58,200,true,110,110,58
1767628243541,59,200,true,110,110,59
1767628243541,59,200,true,110,110,59
1767628243541,59,200,true,110,110,59
1767628243542,58,200,true,110,110,58
1767628243458,142,200,true,110,110,142
1767628243550,51,200,true,110,110,51
1767628243550,51,200,true,110,110,51
1767628243551,50,200,true,110,110,50
1767628243562,39,200,true,110,110,39
1767628243440,162,200,true,110,110,162
1767628243558,44,200,true,110,110,44
1767628243563,39,200,true,110,110,39
1767628243534,68,200,true,110,110,68
1767628243565,37,200,true,110,110,37
1767628243563,40,200,true,110,110,40
1767628243574,29,200,true,110,110,29
1767628243566,37,200,true,110,110,37
1767628243575,28,200,true,110,110,28
1767628243576,27,200,true,110,110,27
1767628243576,28,200,true,110,110,28
1767628243549,55,200,true,110,110,55
1767628243577,27,200,true,110,110,27
1767628243577,27,200,true,110,110,27
1767628243577,27,200,true,110,110,27
1767628243577,28,200,true,110,110,28
1767628243577,28,200,true,110,110,28
1767628243578,27,200,true,110,110,27
1767628243578,27,200,true,110,110,27
1767628243574,32,200,true,110,110,32
1767628243569,37,200,true,110,110,37
1767628243422,184,200,true,110,110,184
1767628243583,23,200,true,110,110,23
1767628243584,23,200,true,110,110,23
1767628243583,24,200,true,110,110,24
1767628243585,23,200,true,110,110,23
1767628243583,25,200,true,110,110,25
1767628243603,5,200,true,110,110,5
1767628243592,16,200,true,110,110,16
1767628243593,16,200,true,110,110,16
1767628243591,18,200,true,110,110,18
1767628243591,18,200,true,110,110,18
1767628243585,25,200,true,110,110,25
1767628243593,18,200,true,110,110,17
1767628243593,19,200,true,110,110,19
1767628243586,30,200,true,110,110,30
1767628243606,10,200,true,110,110,9
1767628243587,29,200,true,110,110,29
1767628243591,28,200,true,110,110,28
1767628243595,25,200,true,110,110,25
1767628243582,38,200,true,110,110,38
1767628243603,17,200,true,110,110,17
1767628243603,18,200,true,110,110,18
1767628243584,37,200,true,110,110,37
1767628243603,19,200,true,110,110,19
1767628243584,38,200,true,110,110,38
1767628243604,18,200,true,110,110,18
1767628243604,19,200,true,110,110,19
1767628243604,19,200,true,110,110,19
1767628243605,19,200,true,110,110,19
1767628243595,30,200,true,110,110,30
1767628243605,20,200,true,110,110,20
1767628243597,29,200,true,110,110,29
1767628243596,30,200,true,110,110,30
1767628243598,29,200,true,110,110,29
1767628243590,37,200,true,110,110,37
1767628243583,48,200,true,110,110,48
1767628243599,33,200,true,110,110,33
1767628243600,32,200,true,110,110,32
1767628243631,5,200,true,110,110,5
1767628243588,48,200,true,110,110,48
1767628243588,48,200,true,110,110,48
1767628243636,4,200,true,110,110,4
1767628243590,50,200,true,110,110,50
1767628243607,35,200,true,110,110,35
1767628243608,34,200,true,110,110,34
1767628243609,34,200,true,110,110,34
1767628243608,36,200,true,110,110,36
1767628243616,29,200,true,110,110,29
1767628243616,29,200,true,110,110,29
1767628243619,26,200,true,110,110,26
1767628243620,26,200,true,110,110,26
1767628243620,26,200,true,110,110,26
1767628243620,27,200,true,110,110,27
1767628243593,58,200,true,110,110,58
1767628243645,9,200,true,110,110,9
1767628243594,63,200,true,110,110,63
1767628243585,72,200,true,110,110,72
1767628243582,76,200,true,110,110,76
1767628243585,74,200,true,110,110,74
1767628243584,75,200,true,110,110,75
1767628243585,74,200,true,110,110,74
1767628243586,73,200,true,110,110,73
1767628243586,74,200,true,110,110,74
1767628243586,74,200,true,110,110,74
1767628243602,58,200,true,110,110,58
1767628243586,74,200,true,110,110,74
1767628243605,55,200,true,110,110,55
1767628243598,63,200,true,110,110,63
1767628243606,55,200,true,110,110,55
1767628243606,55,200,true,110,110,55
1767628243594,67,200,true,110,110,67
1767628243594,67,200,true,110,110,67
1767628243592,70,200,true,110,110,70
1767628243594,68,200,true,110,110,68
1767628243595,67,200,true,110,110,67
1767628243595,67,200,true,110,110,67
1767628243596,67,200,true,110,110,67
1767628243591,72,200,true,110,110,72
1767628243596,67,200,true,110,110,67
1767628243595,68,200,true,110,110,68
1767628243596,68,200,true,110,110,68
1767628243598,66,200,true,110,110,66
1767628243597,67,200,true,110,110,67
1767628243604,60,200,true,110,110,60
1767628243660,8,200,true,110,110,8
1767628243597,71,200,true,110,110,71
1767628243599,69,200,true,110,110,69
1767628243597,71,200,true,110,110,71
1767628243587,82,200,true,110,110,82
1767628243602,67,200,true,110,110,67
1767628243598,71,200,true,110,110,71
1767628243599,70,200,true,110,110,70
1767628243587,82,200,true,110,110,82
1767628243587,83,200,true,110,110,83
1767628243588,82,200,true,110,110,82
1767628243599,71,200,true,110,110,71
1767628243588,82,200,true,110,110,82
1767628243600,71,200,true,110,110,71
1767628243598,73,200,true,110,110,73
1767628243601,70,200,true,110,110,70
1767628243601,70,200,true,110,110,70
1767628243601,71,200,true,110,110,71
1767628243605,67,200,true,110,110,67
1767628243582,90,200,true,110,110,90
1767628243602,70,200,true,110,110,70
1767628243604,69,200,true,110,110,69
1767628243588,85,200,true,110,110,85
1767628243601,72,200,true,110,110,72
1767628243602,71,200,true,110,110,71
1767628243589,85,200,true,110,110,85
1767628243592,82,200,true,110,110,82
1767628243592,82,200,true,110,110,82
1767628243589,85,200,true,110,110,85
1767628243596,78,200,true,110,110,78
1767628243603,72,200,true,110,110,72
1767628243589,86,200,true,110,110,86
1767628243602,73,200,true,110,110,73
1767628243589,86,200,true,110,110,86
1767628243601,74,200,true,110,110,74
1767628243600,76,200,true,110,110,76
1767628243590,92,200,true,110,110,92
1767628243668,17,200,true,110,110,17
1767628243668,19,200,true,110,110,19
1767628243671,20,200,true,110,110,20
1767628243675,16,200,true,110,110,16
1767628243606,88,200,true,110,110,88
1767628243674,21,200,true,110,110,21
1767628243675,21,200,true,110,110,21
1767628243682,14,200,true,110,110,14
1767628243676,20,200,true,110,110,20
1767628243593,104,200,true,110,110,104
1767628243664,33,200,true,110,110,33
1767628243600,97,200,true,110,110,97
1767628243607,93,200,true,110,110,93
1767628243696,4,200,true,110,110,4
1767628243590,111,200,true,110,110,111
1767628243608,93,200,true,110,110,93
1767628243590,111,200,true,110,110,111
1767628243609,92,200,true,110,110,92
1767628243612,89,200,true,110,110,89
1767628243608,94,200,true,110,110,94
1767628243610,92,200,true,110,110,92
1767628243611,91,200,true,110,110,91
1767628243616,89,200,true,110,110,89
1767628243702,3,200,true,110,110,3
1767628243609,96,200,true,110,110,96
1767628243622,84,200,true,110,110,84
1767628243622,84,200,true,110,110,84
1767628243622,84,200,true,110,110,84
1767628243623,83,200,true,110,110,83
1767628243623,83,200,true,110,110,83
1767628243624,83,200,true,110,110,83
1767628243625,82,200,true,110,110,82
1767628243627,81,200,true,110,110,81
1767628243627,81,200,true,110,110,81
1767628243626,83,200,true,110,110,82
1767628243626,83,200,true,110,110,82
1767628243625,84,200,true,110,110,82
1767628243640,69,200,true,110,110,67
1767628243632,80,200,true,110,110,80
1767628243706,6,200,true,110,110,6
1767628243632,80,200,true,110,110,80
1767628243636,77,200,true,110,110,77
1767628243640,73,200,true,110,110,73
1767628243642,71,200,true,110,110,71
1767628243642,71,200,true,110,110,71
1767628243643,71,200,true,110,110,70
1767628243644,70,200,true,110,110,70
1767628243645,69,200,true,110,110,69
1767628243645,69,200,true,110,110,69
1767628243646,68,200,true,110,110,68
1767628243646,69,200,true,110,110,69
1767628243647,68,200,true,110,110,68
1767628243636,79,200,true,110,110,79
1767628243651,64,200,true,110,110,64
1767628243654,61,200,true,110,110,61
1767628243657,59,200,true,110,110,59
1767628243658,58,200,true,110,110,58
1767628243663,53,200,true,110,110,53
1767628243659,57,200,true,110,110,57
1767628243659,57,200,true,110,110,57
1767628243659,58,200,true,110,110,58
1767628243659,58,200,true,110,110,58
1767628243660,57,200,true,110,110,57
1767628243660,57,200,true,110,110,57
1767628243660,57,200,true,110,110,57
1767628243660,58,200,true,110,110,58
1767628243661,57,200,true,110,110,57
1767628243661,57,200,true,110,110,57
1767628243661,57,200,true,110,110,57
1767628243661,58,200,true,110,110,58
1767628243662,57,200,true,110,110,57
1767628243662,57,200,true,110,110,57
1767628243719,0,200,true,110,110,0
1767628243657,63,200,true,110,110,63
1767628243662,58,200,true,110,110,58
1767628243662,58,200,true,110,110,58
1767628243663,57,200,true,110,110,57
1767628243663,58,200,true,110,110,58
1767628243664,57,200,true,110,110,57
1767628243663,58,200,true,110,110,58
1767628243664,57,200,true,110,110,57
1767628243662,59,200,true,110,110,59
1767628243669,53,200,true,110,110,53
1767628243669,53,200,true,110,110,53
1767628243669,53,200,true,110,110,53
1767628243668,55,200,true,110,110,55
1767628243664,59,200,true,110,110,59
1767628243670,53,200,true,110,110,53
1767628243668,55,200,true,110,110,55
1767628243621,102,200,true,110,110,102
1767628243670,56,200,true,110,110,56
1767628243709,17,200,true,110,110,17
1767628243671,55,200,true,110,110,55
1767628243669,57,200,true,110,110,57
1767628243671,55,200,true,110,110,55
1767628243672,55,200,true,110,110,55
1767628243671,61,200,true,110,110,61
1767628243717,15,200,true,110,110,15
1767628243672,60,200,true,110,110,60
1767628243672,61,200,true,110,110,61
1767628243673,60,200,true,110,110,60
1767628243672,61,200,true,110,110,61
1767628243673,60,200,true,110,110,60
1767628243673,61,200,true,110,110,61
1767628243671,63,200,true,110,110,63
1767628243674,60,200,true,110,110,60
1767628243675,59,200,true,110,110,59
1767628243674,60,200,true,110,110,60
1767628243674,61,200,true,110,110,61
1767628243675,61,200,true,110,110,60
1767628243674,62,200,true,110,110,62
1767628243675,61,200,true,110,110,61
1767628243673,63,200,true,110,110,63
1767628243692,44,200,true,110,110,44
1767628243697,40,200,true,110,110,40
1767628243697,40,200,true,110,110,40
1767628243685,52,200,true,110,110,52
1767628243687,50,200,true,110,110,50
1767628243696,41,200,true,110,110,41
1767628243691,47,200,true,110,110,47
1767628243695,43,200,true,110,110,43
1767628243696,42,200,true,110,110,42
1767628243694,44,200,true,110,110,44
1767628243700,39,200,true,110,110,39
1767628243701,38,200,true,110,110,38
1767628243702,37,200,true,110,110,37
1767628243701,38,200,true,110,110,38
1767628243701,38,200,true,110,110,38
1767628243702,38,200,true,110,110,38
1767628243707,33,200,true,110,110,33
1767628243697,43,200,true,110,110,43
1767628243700,40,200,true,110,110,40
1767628243701,40,200,true,110,110,39
1767628243701,40,200,true,110,110,40
1767628243705,36,200,true,110,110,36
1767628243709,32,200,true,110,110,32
1767628243705,36,200,true,110,110,36
1767628243705,37,200,true,110,110,37
1767628243706,36,200,true,110,110,36
1767628243706,36,200,true,110,110,36
1767628243706,36,200,true,110,110,36
1767628243706,36,200,true,110,110,36
1767628243709,34,200,true,110,110,34
1767628243707,36,200,true,110,110,36
1767628243709,34,200,true,110,110,34
1767628243708,35,200,true,110,110,35
1767628243708,35,200,true,110,110,35
1767628243713,31,200,true,110,110,31
1767628243714,30,200,true,110,110,30
1767628243713,31,200,true,110,110,31
1767628243714,30,200,true,110,110,30
1767628243716,28,200,true,110,110,28
1767628243715,30,200,true,110,110,30
1767628243716,29,200,true,110,110,29
1767628243720,25,200,true,110,110,25
1767628243716,29,200,true,110,110,29
1767628243716,29,200,true,110,110,29
1767628243670,76,200,true,110,110,76
1767628243717,29,200,true,110,110,29
1767628243717,29,200,true,110,110,29
1767628243717,29,200,true,110,110,29
1767628243717,29,200,true,110,110,29
1767628243621,126,200,true,110,110,126
1767628243670,77,200,true,110,110,77
1767628243718,29,200,true,110,110,29
1767628243718,30,200,true,110,110,30
1767628243723,25,200,true,110,110,25
1767628243718,31,200,true,110,110,31
1767628243714,35,200,true,110,110,35
1767628243716,33,200,true,110,110,33
1767628243714,35,200,true,110,110,35
1767628243718,32,200,true,110,110,32
1767628243719,31,200,true,110,110,31
1767628243719,31,200,true,110,110,31
1767628243719,31,200,true,110,110,31
1767628243721,30,200,true,110,110,30
1767628243720,31,200,true,110,110,31
1767628243721,30,200,true,110,110,30
1767628243720,35,200,true,110,110,35
1767628243726,29,200,true,110,110,29
1767628243723,36,200,true,110,110,36
1767628243715,44,200,true,110,110,44
1767628243718,46,200,true,110,110,46
1767628243713,51,200,true,110,110,51
1767628243721,52,200,true,110,110,52
1767628243738,38,200,true,110,110,38
1767628243747,29,200,true,110,110,29
1767628243723,62,200,true,110,110,62
1767628243723,62,200,true,110,110,62
1767628243749,38,200,true,110,110,38
1767628243721,68,200,true,110,110,67
1767628243721,68,200,true,110,110,68
1767628243726,63,200,true,110,110,63
1767628243714,76,200,true,110,110,76
1767628243713,81,200,true,110,110,81
1767628243712,82,200,true,110,110,82
1767628243723,72,200,true,110,110,72
1767628243726,69,200,true,110,110,69
1767628243726,69,200,true,110,110,69
1767628243727,69,200,true,110,110,69
1767628243712,84,200,true,110,110,84
1767628243722,74,200,true,110,110,74
1767628243722,75,200,true,110,110,71
1767628243787,10,200,true,110,110,10
1767628243790,7,200,true,110,110,7
1767628243722,76,200,true,110,110,70
1767628243726,72,200,true,110,110,66
1767628243794,5,200,true,110,110,5
1767628243755,44,200,true,110,110,37
1767628243794,5,200,true,110,110,5
1767628243795,5,200,true,110,110,5
1767628243744,58,200,true,110,110,58
1767628243797,8,200,true,110,110,8
1767628243739,67,200,true,110,110,67
1767628243744,64,200,true,110,110,64
1767628243744,66,200,true,110,110,66
1767628243739,71,200,true,110,110,65
1767628243739,73,200,true,110,110,73
1767628243744,69,200,true,110,110,69
1767628243741,72,200,true,110,110,72
1767628243741,72,200,true,110,110,72
1767628243740,73,200,true,110,110,73
1767628243739,75,200,true,110,110,75
1767628243745,69,200,true,110,110,69
1767628243737,77,200,true,110,110,77
1767628243744,70,200,true,110,110,70
1767628243745,69,200,true,110,110,69
1767628243745,70,200,true,110,110,70
1767628243739,76,200,true,110,110,76
1767628243746,69,200,true,110,110,69
1767628243813,4,200,true,110,110,4
1767628243741,76,200,true,110,110,76
1767628243746,71,200,true,110,110,71
1767628243742,77,200,true,110,110,77
1767628243814,5,200,true,110,110,5
1767628243732,87,200,true,110,110,87
1767628243743,77,200,true,110,110,77
1767628243737,85,200,true,110,110,85
1767628243817,5,200,true,110,110,5
1767628243743,80,200,true,110,110,80
1767628243745,79,200,true,110,110,79
1767628243740,85,200,true,110,110,85
1767628243747,78,200,true,110,110,78
1767628243742,84,200,true,110,110,84
1767628243742,84,200,true,110,110,84
1767628243746,80,200,true,110,110,80
1767628243738,88,200,true,110,110,88
1767628243742,84,200,true,110,110,84
1767628243737,90,200,true,110,110,90
1767628243743,84,200,true,110,110,84
1767628243746,81,200,true,110,110,81
1767628243732,96,200,true,110,110,96
1767628243742,86,200,true,110,110,86
1767628243743,85,200,true,110,110,85
1767628243747,81,200,true,110,110,81
1767628243746,82,200,true,110,110,82
1767628243743,86,200,true,110,110,86
1767628243748,81,200,true,110,110,79
1767628243715,114,200,true,110,110,114
1767628243734,95,200,true,110,110,95
1767628243740,89,200,true,110,110,89
1767628243737,92,200,true,110,110,92
1767628243733,97,200,true,110,110,97
1767628243732,98,200,true,110,110,98
1767628243733,97,200,true,110,110,97
1767628243736,94,200,true,110,110,94
1767628243715,116,200,true,110,110,116
1767628243734,97,200,true,110,110,97
1767628243735,96,200,true,110,110,96
1767628243734,97,200,true,110,110,97
1767628243736,96,200,true,110,110,96
1767628243734,98,200,true,110,110,98
1767628243738,94,200,true,110,110,94
1767628243736,96,200,true,110,110,96
1767628243736,96,200,true,110,110,96
1767628243736,97,200,true,110,110,97
1767628243738,95,200,true,110,110,95
1767628243740,93,200,true,110,110,93
1767628243741,92,200,true,110,110,92
1767628243733,101,200,true,110,110,101
1767628243741,93,200,true,110,110,93
1767628243712,122,200,true,110,110,122
1767628243738,96,200,true,110,110,96
1767628243748,86,200,true,110,110,86
1767628243749,85,200,true,110,110,85
1767628243750,85,200,true,110,110,85
1767628243750,85,200,true,110,110,85
1767628243750,85,200,true,110,110,85
1767628243759,76,200,true,110,110,76
1767628243755,81,200,true,110,110,81
1767628243733,103,200,true,110,110,103
1767628243751,85,200,true,110,110,85
1767628243751,85,200,true,110,110,85
1767628243750,86,200,true,110,110,86
1767628243759,78,200,true,110,110,78
1767628243751,86,200,true,110,110,86
1767628243749,88,200,true,110,110,88
1767628243764,73,200,true,110,110,73
1767628243749,89,200,true,110,110,89
1767628243764,74,200,true,110,110,74
1767628243734,104,200,true,110,110,104
1767628243773,65,200,true,110,110,65
1767628243776,62,200,true,110,110,62
1767628243826,13,200,true,110,110,13
1767628243785,57,200,true,110,110,57
1767628243789,61,200,true,110,110,61
1767628243789,61,200,true,110,110,56
1767628243789,61,200,true,110,110,61
1767628243832,22,200,true,110,110,22
1767628243776,78,200,true,110,110,78
1767628243834,20,200,true,110,110,20
1767628243832,25,200,true,110,110,25
1767628243854,6,200,true,110,110,6
1767628243795,66,200,true,110,110,62
1767628243795,66,200,true,110,110,65
1767628243798,66,200,true,110,110,66
1767628243798,66,200,true,110,110,66
1767628243797,67,200,true,110,110,66
1767628243797,67,200,true,110,110,66
1767628243799,66,200,true,110,110,65
1767628243864,1,200,true,110,110,1
1767628243796,69,200,true,110,110,69
1767628243796,69,200,true,110,110,69
1767628243857,9,200,true,110,110,9
1767628243864,3,200,true,110,110,3
1767628243867,1,200,true,110,110,1
1767628243865,5,200,true,110,110,5
1767628243865,7,200,true,110,110,7
1767628243805,67,200,true,110,110,67
1767628243799,73,200,true,110,110,73
1767628243869,4,200,true,110,110,4
1767628243872,4,200,true,110,110,4
1767628243806,70,200,true,110,110,70
1767628243873,4,200,true,110,110,4
1767628243812,66,200,true,110,110,66
1767628243796,82,200,true,110,110,81
1767628243814,65,200,true,110,110,65
1767628243814,65,200,true,110,110,65
1767628243815,64,200,true,110,110,64
1767628243745,134,200,true,110,110,134
1767628243813,66,200,true,110,110,66
1767628243814,66,200,true,110,110,66
1767628243813,67,200,true,110,110,67
1767628243813,67,200,true,110,110,67
1767628243814,66,200,true,110,110,66
1767628243815,66,200,true,110,110,66
1767628243817,64,200,true,110,110,64
1767628243819,62,200,true,110,110,62
1767628243817,64,200,true,110,110,64
1767628243815,66,200,true,110,110,66
1767628243819,63,200,true,110,110,63
1767628243820,62,200,true,110,110,62
1767628243820,62,200,true,110,110,62
1767628243823,59,200,true,110,110,59
1767628243822,60,200,true,110,110,60
1767628243823,60,200,true,110,110,60
1767628243824,59,200,true,110,110,59
1767628243828,55,200,true,110,110,55
1767628243825,58,200,true,110,110,58
1767628243829,54,200,true,110,110,54
1767628243834,50,200,true,110,110,50
1767628243837,47,200,true,110,110,47
1767628243834,50,200,true,110,110,50
1767628243838,46,200,true,110,110,46
1767628243837,47,200,true,110,110,47
1767628243836,49,200,true,110,110,49
1767628243835,50,200,true,110,110,50
1767628243835,50,200,true,110,110,50
1767628243883,3,200,true,110,110,2
1767628243785,101,200,true,110,110,101
1767628243837,49,200,true,110,110,49
1767628243836,50,200,true,110,110,50
1767628243836,50,200,true,110,110,50
1767628243836,51,200,true,110,110,51
1767628243829,61,200,true,110,110,61
1767628243826,64,200,true,110,110,64
1767628243828,62,200,true,110,110,62
1767628243827,63,200,true,110,110,63
1767628243829,61,200,true,110,110,61
1767628243826,64,200,true,110,110,64
1767628243827,63,200,true,110,110,63
1767628243828,62,200,true,110,110,62
1767628243835,55,200,true,110,110,55
1767628243827,63,200,true,110,110,63
1767628243828,63,200,true,110,110,63
1767628243829,62,200,true,110,110,62
1767628243828,63,200,true,110,110,63
1767628243826,65,200,true,110,110,65
1767628243827,64,200,true,110,110,64
1767628243829,62,200,true,110,110,62
1767628243825,66,200,true,110,110,66
1767628243834,57,200,true,110,110,57
1767628243831,60,200,true,110,110,60
1767628243829,62,200,true,110,110,62
1767628243836,56,200,true,110,110,56
1767628243850,42,200,true,110,110,41
1767628243838,54,200,true,110,110,54
1767628243837,56,200,true,110,110,56
1767628243838,55,200,true,110,110,55
1767628243830,63,200,true,110,110,63
1767628243830,63,200,true,110,110,63
1767628243830,64,200,true,110,110,64
1767628243831,63,200,true,110,110,63
1767628243832,62,200,true,110,110,62
1767628243850,44,200,true,110,110,44
1767628243831,63,200,true,110,110,63
1767628243833,62,200,true,110,110,62
1767628243833,62,200,true,110,110,62
1767628243832,63,200,true,110,110,63
1767628243832,63,200,true,110,110,63
1767628243832,64,200,true,110,110,63
1767628243833,63,200,true,110,110,63
1767628243834,62,200,true,110,110,62
1767628243834,62,200,true,110,110,62
1767628243833,63,200,true,110,110,63
1767628243839,58,200,true,110,110,58
1767628243838,59,200,true,110,110,59
1767628243838,59,200,true,110,110,59
1767628243842,55,200,true,110,110,55
1767628243850,47,200,true,110,110,47
1767628243854,44,200,true,110,110,44
1767628243861,37,200,true,110,110,37
1767628243861,37,200,true,110,110,37
1767628243861,37,200,true,110,110,37
1767628243864,35,200,true,110,110,35
1767628243864,35,200,true,110,110,35
1767628243802,97,200,true,110,110,97
1767628243800,99,200,true,110,110,99
1767628243866,34,200,true,110,110,34
1767628243799,101,200,true,110,110,101
1767628243865,35,200,true,110,110,35
1767628243854,46,200,true,110,110,46
1767628243830,70,200,true,110,110,70
1767628243835,65,200,true,110,110,65
1767628243808,93,200,true,110,110,93
1767628243870,31,200,true,110,110,31
1767628243872,29,200,true,110,110,29
1767628243810,91,200,true,110,110,91
1767628243810,91,200,true,110,110,91
1767628243720,182,200,true,110,110,182
1767628243872,30,200,true,110,110,30
1767628243865,37,200,true,110,110,37
1767628243899,4,200,true,110,110,4
1767628243876,27,200,true,110,110,27
1767628243878,28,200,true,110,110,28
1767628243886,21,200,true,110,110,21
1767628243883,31,200,true,110,110,31
1767628243891,25,200,true,110,110,25
1767628243882,35,200,true,110,110,34
1767628243891,30,200,true,110,110,30
1767628243890,33,200,true,110,110,33
1767628243898,26,200,true,110,110,26
1767628243900,24,200,true,110,110,24
1767628243894,31,200,true,110,110,31
1767628243894,31,200,true,110,110,31
1767628243900,26,200,true,110,110,26
1767628243894,32,200,true,110,110,32
1767628243895,31,200,true,110,110,31
1767628243879,49,200,true,110,110,49
1767628243896,33,200,true,110,110,33
1767628243879,54,200,true,110,110,54
1767628243881,52,200,true,110,110,52
1767628243879,54,200,true,110,110,54
1767628243880,54,200,true,110,110,54
1767628243883,53,200,true,110,110,53
1767628243884,54,200,true,110,110,54
1767628243882,58,200,true,110,110,58
1767628243876,66,200,true,110,110,66
1767628243885,58,200,true,110,110,58
1767628243884,59,200,true,110,110,59
1767628243885,58,200,true,110,110,58
1767628243884,60,200,true,110,110,60
1767628243885,59,200,true,110,110,59
1767628243897,47,200,true,110,110,47
1767628243900,44,200,true,110,110,44
1767628243882,62,200,true,110,110,62
1767628243881,64,200,true,110,110,64
1767628243886,59,200,true,110,110,59
1767628243880,65,200,true,110,110,65
1767628243886,59,200,true,110,110,59
1767628243881,65,200,true,110,110,65
1767628243886,60,200,true,110,110,60
1767628243881,65,200,true,110,110,65
1767628243887,59,200,true,110,110,59
1767628243883,64,200,true,110,110,64
1767628243877,70,200,true,110,110,70
1767628243880,67,200,true,110,110,67
1767628243897,50,200,true,110,110,50
1767628243879,68,200,true,110,110,68
1767628243891,57,200,true,110,110,57
1767628243884,64,200,true,110,110,64
1767628243882,66,200,true,110,110,66
1767628243891,57,200,true,110,110,57
1767628243880,68,200,true,110,110,68
1767628243897,52,200,true,110,110,52
1767628243897,52,200,true,110,110,52
1767628243891,58,200,true,110,110,58
1767628243884,65,200,true,110,110,65
1767628243890,60,200,true,110,110,60
1767628243882,68,200,true,110,110,68
1767628243926,24,200,true,110,110,24
1767628243917,33,200,true,110,110,33
1767628243886,64,200,true,110,110,64
1767628243890,61,200,true,110,110,61
1767628243891,60,200,true,110,110,60
1767628243882,69,200,true,110,110,69
1767628243890,61,200,true,110,110,61
1767628243890,62,200,true,110,110,62
1767628243899,53,200,true,110,110,53
1767628243878,74,200,true,110,110,74
1767628243890,62,200,true,110,110,62
1767628243899,53,200,true,110,110,53
1767628243883,70,200,true,110,110,70
1767628243898,55,200,true,110,110,55
1767628243890,63,200,true,110,110,63
1767628243899,54,200,true,110,110,54
1767628243898,56,200,true,110,110,56
1767628243891,63,200,true,110,110,63
1767628243891,63,200,true,110,110,63
1767628243891,63,200,true,110,110,63
1767628243890,64,200,true,110,110,64
1767628243933,22,200,true,110,110,21
1767628243891,69,200,true,110,110,69
1767628243947,13,200,true,110,110,13
1767628243894,66,200,true,110,110,66
1767628243900,63,200,true,110,110,63
1767628243892,75,200,true,110,110,75
1767628243949,18,200,true,110,110,18
1767628243892,79,200,true,110,110,79
1767628243890,81,200,true,110,110,81
1767628243900,71,200,true,110,110,71
1767628243898,74,200,true,110,110,74
1767628243893,79,200,true,110,110,79
1767628243891,81,200,true,110,110,81
1767628243892,83,200,true,110,110,83
1767628243950,26,200,true,110,110,26
1767628243893,83,200,true,110,110,83
1767628243893,83,200,true,110,110,83
1767628243893,83,200,true,110,110,83
1767628243894,82,200,true,110,110,82
1767628243895,82,200,true,110,110,82
1767628243898,79,200,true,110,110,79
1767628243895,82,200,true,110,110,82
1767628243895,82,200,true,110,110,82
1767628243896,82,200,true,110,110,82
1767628243896,82,200,true,110,110,82
1767628243896,82,200,true,110,110,82
1767628243901,77,200,true,110,110,77
1767628243901,78,200,true,110,110,78
1767628243896,83,200,true,110,110,83
1767628243901,80,200,true,110,110,80
1767628243902,79,200,true,110,110,79
1767628243902,79,200,true,110,110,79
1767628243879,103,200,true,110,110,103
1767628243906,80,200,true,110,110,80
1767628243902,84,200,true,110,110,84
1767628243914,72,200,true,110,110,72
1767628243907,79,200,true,110,110,78
1767628243903,83,200,true,110,110,83
1767628243901,86,200,true,110,110,86
1767628243916,72,200,true,110,110,72
1767628243926,62,200,true,110,110,62
1767628243925,64,200,true,110,110,64
1767628243924,66,200,true,110,110,65
1767628243923,67,200,true,110,110,65
1767628243927,63,200,true,110,110,62
1767628243924,66,200,true,110,110,66
1767628243945,50,200,true,110,110,50
1767628243972,23,200,true,110,110,23
1767628243946,50,200,true,110,110,50
1767628243946,51,200,true,110,110,51
1767628243976,23,200,true,110,110,22
1767628243976,23,200,true,110,110,23
1767628243948,51,200,true,110,110,51
1767628243977,23,200,true,110,110,23
1767628243977,23,200,true,110,110,23
1767628243978,23,200,true,110,110,22
1767628243948,53,200,true,110,110,53
1767628243948,55,200,true,110,110,53
1767628243946,67,200,true,110,110,67
1767628243947,67,200,true,110,110,67
1767628243947,67,200,true,110,110,67
1767628243948,66,200,true,110,110,66
1767628243948,66,200,true,110,110,66
1767628243949,65,200,true,110,110,65
1767628243949,66,200,true,110,110,66
1767628243950,65,200,true,110,110,65
1767628243950,65,200,true,110,110,65
1767628243951,64,200,true,110,110,64
1767628243954,62,200,true,110,110,62
1767628243951,65,200,true,110,110,65
1767628244014,2,200,true,110,110,2
1767628244003,14,200,true,110,110,14
1767628243945,72,200,true,110,110,59
1767628243943,74,200,true,110,110,66
1767628243951,66,200,true,110,110,66
1767628243951,66,200,true,110,110,66
1767628243954,64,200,true,110,110,63
1767628243950,68,200,true,110,110,68
1767628243967,51,200,true,110,110,51
1767628243900,118,200,true,110,110,118
1767628243953,65,200,true,110,110,65
1767628243953,65,200,true,110,110,65
1767628243952,67,200,true,110,110,67
1767628243952,67,200,true,110,110,67
1767628243952,67,200,true,110,110,67
1767628243952,67,200,true,110,110,67
1767628243952,68,200,true,110,110,68
1767628243953,67,200,true,110,110,67
1767628243953,67,200,true,110,110,67
1767628243978,42,200,true,110,110,42
1767628243979,41,200,true,110,110,41
1767628243955,66,200,true,110,110,66
1767628243960,61,200,true,110,110,61
1767628243967,54,200,true,110,110,54
1767628243901,120,200,true,110,110,120
1767628243960,61,200,true,110,110,61
1767628243954,68,200,true,110,110,68
1767628243954,68,200,true,110,110,68
1767628243954,68,200,true,110,110,68
1767628243963,59,200,true,110,110,59
1767628243960,63,200,true,110,110,63
1767628243971,52,200,true,110,110,52
1767628243903,120,200,true,110,110,120
1767628243972,51,200,true,110,110,51
1767628243971,52,200,true,110,110,52
1767628243971,53,200,true,110,110,53
1767628243972,52,200,true,110,110,52
1767628243986,38,200,true,110,110,38
1767628243928,96,200,true,110,110,96
1767628243925,99,200,true,110,110,99
1767628243989,36,200,true,110,110,36
1767628243934,91,200,true,110,110,91
1767628243933,92,200,true,110,110,92
1767628243933,92,200,true,110,110,92
1767628243990,35,200,true,110,110,35
1767628243988,38,200,true,110,110,38
1767628243921,105,200,true,110,110,105
1767628243975,51,200,true,110,110,51
1767628243976,50,200,true,110,110,50
1767628243929,97,200,true,110,110,97
1767628243988,38,200,true,110,110,38
1767628243976,51,200,true,110,110,51
1767628243976,51,200,true,110,110,51
1767628243947,80,200,true,110,110,80
1767628243945,82,200,true,110,110,82
1767628243997,30,200,true,110,110,30
1767628243978,50,200,true,110,110,50
1767628243940,88,200,true,110,110,88
1767628243977,51,200,true,110,110,51
1767628243977,51,200,true,110,110,51
1767628243978,50,200,true,110,110,50
1767628243982,47,200,true,110,110,47
1767628243981,48,200,true,110,110,48
1767628243981,48,200,true,110,110,48
1767628243979,50,200,true,110,110,50
1767628243981,48,200,true,110,110,48
1767628243936,94,200,true,110,110,94
1767628243944,86,200,true,110,110,86
1767628243938,92,200,true,110,110,92
1767628243948,82,200,true,110,110,82
1767628243942,88,200,true,110,110,88
1767628243949,81,200,true,110,110,81
1767628243943,88,200,true,110,110,88
1767628243944,87,200,true,110,110,87
1767628243950,81,200,true,110,110,81
1767628243990,41,200,true,110,110,41
1767628243986,45,200,true,110,110,45
1767628243995,37,200,true,110,110,37
1767628243986,46,200,true,110,110,46
1767628243986,46,200,true,110,110,46
1767628243997,35,200,true,110,110,35
1767628243986,46,200,true,110,110,46
1767628243995,38,200,true,110,110,38
1767628243990,43,200,true,110,110,43
1767628243987,46,200,true,110,110,46
1767628243990,43,200,true,110,110,43
1767628243945,88,200,true,110,110,88
1767628243944,90,200,true,110,110,90
1767628243943,91,200,true,110,110,91
1767628243944,90,200,true,110,110,90
1767628243946,88,200,true,110,110,88
1767628243945,89,200,true,110,110,89
1767628244023,12,200,true,110,110,12
1767628244020,15,200,true,110,110,15
1767628244032,4,200,true,110,110,4
1767628244020,16,200,true,110,110,16
1767628244021,15,200,true,110,110,15
1767628244031,5,200,true,110,110,5
1767628244024,13,200,true,110,110,12
1767628244021,16,200,true,110,110,16
1767628244029,8,200,true,110,110,8
1767628244025,13,200,true,110,110,13
1767628244032,6,200,true,110,110,6
1767628244027,11,200,true,110,110,11
1767628244027,12,200,true,110,110,12
1767628244032,7,200,true,110,110,7
1767628244032,8,200,true,110,110,8
1767628244017,23,200,true,110,110,23
1767628244001,40,200,true,110,110,40
1767628244027,14,200,true,110,110,14
1767628243999,42,200,true,110,110,42
1767628244028,14,200,true,110,110,14
1767628244017,25,200,true,110,110,25
1767628244031,12,200,true,110,110,12
1767628244024,22,200,true,110,110,22
1767628244017,29,200,true,110,110,29
1767628244014,35,200,true,110,110,35
1767628244034,15,200,true,110,110,15
1767628244014,38,200,true,110,110,38
1767628244016,36,200,true,110,110,36
1767628244029,27,200,true,110,110,27
1767628244016,40,200,true,110,110,39
1767628244022,34,200,true,110,110,34
1767628244019,41,200,true,110,110,41
1767628244023,37,200,true,110,110,37
1767628244033,28,200,true,110,110,28
1767628244033,29,200,true,110,110,29
1767628244018,45,200,true,110,110,45
1767628244026,40,200,true,110,110,40
1767628243999,68,200,true,110,110,68
1767628244028,40,200,true,110,110,40
1767628244025,46,200,true,110,110,46
1767628244035,36,200,true,110,110,36
1767628244030,52,200,true,110,110,52
1767628244036,46,200,true,110,110,46
1767628244031,52,200,true,110,110,52
1767628244031,52,200,true,110,110,52
1767628244030,53,200,true,110,110,53
1767628244030,54,200,true,110,110,54
1767628244030,54,200,true,110,110,54
1767628244030,54,200,true,110,110,54
1767628244071,13,200,true,110,110,13
1767628244034,50,200,true,110,110,50
1767628244034,51,200,true,110,110,51
1767628244034,51,200,true,110,110,51
1767628244029,56,200,true,110,110,56
1767628244034,51,200,true,110,110,51
1767628244016,69,200,true,110,110,69
1767628244014,72,200,true,110,110,72
1767628244014,72,200,true,110,110,72
1767628244021,65,200,true,110,110,65
1767628244015,71,200,true,110,110,71
1767628244015,72,200,true,110,110,71
1767628244015,72,200,true,110,110,72
1767628244026,61,200,true,110,110,61
1767628244015,72,200,true,110,110,72
1767628244087,1,200,true,110,110,1
1767628244033,55,200,true,110,110,55
1767628244015,73,200,true,110,110,73
1767628244017,71,200,true,110,110,71
1767628244017,72,200,true,110,110,72
1767628244021,68,200,true,110,110,68
1767628244018,71,200,true,110,110,71
1767628244018,71,200,true,110,110,71
1767628244018,71,200,true,110,110,71
1767628244018,72,200,true,110,110,72
1767628244018,72,200,true,110,110,72
1767628244026,64,200,true,110,110,64
1767628244019,72,200,true,110,110,72
1767628244033,58,200,true,110,110,58
1767628244019,72,200,true,110,110,72
1767628244019,72,200,true,110,110,72
1767628244020,72,200,true,110,110,72
1767628244020,72,200,true,110,110,72
1767628244020,72,200,true,110,110,72
1767628244022,70,200,true,110,110,70
1767628244022,70,200,true,110,110,70
1767628244022,71,200,true,110,110,71
1767628244023,70,200,true,110,110,70
1767628244032,61,200,true,110,110,61
1767628244028,65,200,true,110,110,65
1767628244023,71,200,true,110,110,71
1767628244027,67,200,true,110,110,67
1767628244027,67,200,true,110,110,67
1767628244026,68,200,true,110,110,68
1767628244025,69,200,true,110,110,69
1767628244024,71,200,true,110,110,71
1767628244033,62,200,true,110,110,62
1767628244024,71,200,true,110,110,71
1767628244029,66,200,true,110,110,66
1767628244031,65,200,true,110,110,65
1767628244024,72,200,true,110,110,72
1767628244026,70,200,true,110,110,70
1767628244025,71,200,true,110,110,71
1767628244000,96,200,true,110,110,96
1767628244028,69,200,true,110,110,69
1767628244029,68,200,true,110,110,68
1767628244026,71,200,true,110,110,71
1767628244001,96,200,true,110,110,96
1767628244000,98,200,true,110,110,98
1767628244035,63,200,true,110,110,63
1767628244036,62,200,true,110,110,62
1767628244036,62,200,true,110,110,62
1767628244028,70,200,true,110,110,70
1767628244037,62,200,true,110,110,62
1767628244038,61,200,true,110,110,61
1767628244038,61,200,true,110,110,61
1767628244038,61,200,true,110,110,61
1767628244037,62,200,true,110,110,62
1767628244037,63,200,true,110,110,63
1767628244039,61,200,true,110,110,61
1767628244040,60,200,true,110,110,60
1767628244040,60,200,true,110,110,60
1767628244041,60,200,true,110,110,60
1767628244041,60,200,true,110,110,60
1767628244041,60,200,true,110,110,60
1767628244042,59,200,true,110,110,59
1767628244042,59,200,true,110,110,59
1767628244043,59,200,true,110,110,59
1767628244046,56,200,true,110,110,56
1767628244046,56,200,true,110,110,56
1767628244049,53,200,true,110,110,53
1767628244049,54,200,true,110,110,54
1767628244053,50,200,true,110,110,50
1767628244052,51,200,true,110,110,51
1767628244062,41,200,true,110,110,41
1767628244056,47,200,true,110,110,47
1767628244021,83,200,true,110,110,83
1767628244061,43,200,true,110,110,43
1767628244060,44,200,true,110,110,44
1767628244063,41,200,true,110,110,41
1767628244056,49,200,true,110,110,49
1767628244069,36,200,true,110,110,36
1767628244066,39,200,true,110,110,39
1767628244056,49,200,true,110,110,49
1767628244071,34,200,true,110,110,34
1767628244067,39,200,true,110,110,39
1767628244060,46,200,true,110,110,46
1767628244039,67,200,true,110,110,67
1767628243999,107,200,true,110,110,107
1767628244025,81,200,true,110,110,81
1767628244036,71,200,true,110,110,71
1767628244023,84,200,true,110,110,84
1767628244030,77,200,true,110,110,77
1767628244084,24,200,true,110,110,24
1767628244098,10,200,true,110,110,10
1767628244098,11,200,true,110,110,10
1767628244082,27,200,true,110,110,27
1767628244098,11,200,true,110,110,11
1767628244099,16,200,true,110,110,16
1767628244107,15,200,true,110,110,15
1767628244100,23,200,true,110,110,23
1767628244105,18,200,true,110,110,18
1767628244101,23,200,true,110,110,22
1767628244099,25,200,true,110,110,24
1767628244106,19,200,true,110,110,19
1767628244100,27,200,true,110,110,27
1767628244101,26,200,true,110,110,26
1767628244106,22,200,true,110,110,19
1767628244083,49,200,true,110,110,49
1767628244099,38,200,true,110,110,38
1767628244088,49,200,true,110,110,49
1767628244100,38,200,true,110,110,16
1767628244099,39,200,true,110,110,17
1767628244092,49,200,true,110,110,49
1767628244105,37,200,true,110,110,37
1767628244106,36,200,true,110,110,36
1767628244094,48,200,true,110,110,48
1767628244094,49,200,true,110,110,49
1767628244095,48,200,true,110,110,48
1767628244095,49,200,true,110,110,49
1767628244096,49,200,true,110,110,49
1767628244096,49,200,true,110,110,49
1767628244102,46,200,true,110,110,46
1767628244101,47,200,true,110,110,46
1767628244101,48,200,true,110,110,48
1767628244106,43,200,true,110,110,43
1767628244108,45,200,true,110,110,45
1767628244149,6,200,true,110,110,6
1767628244083,73,200,true,110,110,72
1767628244084,72,200,true,110,110,72
1767628244123,34,200,true,110,110,34
1767628244102,55,200,true,110,110,55
1767628244104,54,200,true,110,110,52
1767628244137,24,200,true,110,110,24
1767628244083,78,200,true,110,110,78
1767628244099,63,200,true,110,110,63
1767628244107,56,200,true,110,110,56
1767628244100,64,200,true,110,110,64
1767628244141,23,200,true,110,110,23
1767628244085,81,200,true,110,110,81
1767628244084,82,200,true,110,110,82
1767628244084,82,200,true,110,110,80
1767628244102,64,200,true,110,110,64
1767628244088,80,200,true,110,110,80
1767628244087,83,200,true,110,110,83
1767628244089,81,200,true,110,110,81
1767628244089,81,200,true,110,110,81
1767628244161,9,200,true,110,110,9
1767628244103,68,200,true,110,110,68
1767628244089,83,200,true,110,110,83
1767628244166,6,200,true,110,110,6
1767628244168,5,200,true,110,110,5
1767628244171,4,200,true,110,110,3
1767628244085,90,200,true,110,110,90
1767628244105,71,200,true,110,110,71
1767628244089,88,200,true,110,110,87
1767628244089,88,200,true,110,110,88
1767628244086,92,200,true,110,110,92
1767628244087,92,200,true,110,110,92
1767628244090,89,200,true,110,110,89
1767628244090,89,200,true,110,110,89
1767628244105,75,200,true,110,110,75
1767628244178,2,200,true,110,110,2
1767628244177,3,200,true,110,110,3
1767628244086,95,200,true,110,110,95
1767628244087,94,200,true,110,110,94
1767628244086,96,200,true,110,110,96
1767628244086,96,200,true,110,110,95
1767628244103,79,200,true,110,110,79
1767628244091,92,200,true,110,110,92
1767628244106,77,200,true,110,110,77
1767628244090,93,200,true,110,110,92
1767628244175,9,200,true,110,110,9
1767628244175,10,200,true,110,110,2
1767628244088,98,200,true,110,110,98
1767628244091,97,200,true,110,110,97
1767628244086,105,200,true,110,110,105
1767628244179,12,200,true,110,110,12
1767628244085,107,200,true,110,110,107
1767628244093,100,200,true,110,110,100
1767628244092,101,200,true,110,110,101
1767628244093,100,200,true,110,110,100
1767628244104,90,200,true,110,110,89
1767628244091,103,200,true,110,110,103
1767628244103,91,200,true,110,110,91
1767628244104,90,200,true,110,110,89
1767628244104,91,200,true,110,110,91
1767628244094,101,200,true,110,110,101
1767628244092,104,200,true,110,110,103
1767628244095,101,200,true,110,110,100
1767628244107,89,200,true,110,110,89
1767628244101,95,200,true,110,110,95
1767628244095,103,200,true,110,110,103
1767628244093,108,200,true,110,110,108
1767628244104,97,200,true,110,110,97
1767628244092,109,200,true,110,110,109
1767628244093,108,200,true,110,110,108
1767628244093,109,200,true,110,110,108
1767628244194,8,200,true,110,110,8
1767628244096,106,200,true,110,110,106
1767628244097,106,200,true,110,110,106
1767628244094,109,200,true,110,110,108
1767628244108,96,200,true,110,110,96
1767628244122,82,200,true,110,110,82
1767628244098,107,200,true,110,110,107
1767628244202,4,200,true,110,110,4
1767628244115,91,200,true,110,110,91
1767628244123,83,200,true,110,110,83
1767628244109,98,200,true,110,110,98
1767628244097,110,200,true,110,110,109
1767628244082,125,200,true,110,110,125
1767628244095,112,200,true,110,110,112
1767628244109,98,200,true,110,110,98
1767628244097,111,200,true,110,110,111
1767628244109,99,200,true,110,110,99
1767628244097,111,200,true,110,110,111
1767628244105,103,200,true,110,110,103
1767628244128,80,200,true,110,110,80
1767628244125,84,200,true,110,110,84
1767628244098,111,200,true,110,110,111
1767628244127,82,200,true,110,110,82
1767628244127,82,200,true,110,110,82
1767628244132,78,200,true,110,110,78
1767628244138,72,200,true,110,110,72
1767628244096,114,200,true,110,110,114
1767628244138,72,200,true,110,110,72
1767628244137,73,200,true,110,110,73
1767628244148,63,200,true,110,110,63
1767628244148,63,200,true,110,110,63
1767628244124,87,200,true,110,110,87
1767628244145,66,200,true,110,110,66
1767628244143,68,200,true,110,110,68
1767628244145,67,200,true,110,110,67
1767628244143,69,200,true,110,110,69
1767628244143,69,200,true,110,110,69
1767628244149,63,200,true,110,110,63
1767628244211,2,200,true,110,110,2
1767628244156,57,200,true,110,110,57
1767628244144,69,200,true,110,110,69
1767628244124,89,200,true,110,110,89
1767628244155,60,200,true,110,110,60
1767628244207,9,200,true,110,110,9
1767628244204,12,200,true,110,110,12
1767628244206,11,200,true,110,110,11
1767628244210,7,200,true,110,110,7
1767628244206,12,200,true,110,110,12
1767628244213,5,200,true,110,110,5
1767628244209,10,200,true,110,110,10
1767628244210,9,200,true,110,110,9
1767628244210,10,200,true,110,110,10
1767628244209,11,200,true,110,110,11
1767628244209,12,200,true,110,110,12
1767628244213,8,200,true,110,110,8
1767628244209,13,200,true,110,110,13
1767628244211,11,200,true,110,110,11
1767628244211,11,200,true,110,110,11
1767628244142,81,200,true,110,110,81
1767628244213,11,200,true,110,110,10
1767628244210,14,200,true,110,110,14
1767628244206,18,200,true,110,110,18
1767628244211,14,200,true,110,110,14
1767628244212,13,200,true,110,110,13
1767628244212,14,200,true,110,110,14
1767628244213,13,200,true,110,110,13
1767628244211,16,200,true,110,110,16
1767628244158,69,200,true,110,110,69
1767628244212,16,200,true,110,110,16
1767628244207,21,200,true,110,110,21
1767628244210,19,200,true,110,110,19
1767628244209,20,200,true,110,110,20
1767628244207,22,200,true,110,110,22
1767628244208,22,200,true,110,110,22
1767628244208,22,200,true,110,110,22
1767628244208,23,200,true,110,110,23
1767628244142,89,200,true,110,110,89
1767628244215,17,200,true,110,110,17
1767628244216,16,200,true,110,110,16
1767628244216,17,200,true,110,110,17
1767628244217,16,200,true,110,110,16
1767628244217,16,200,true,110,110,16
1767628244218,16,200,true,110,110,16
1767628244218,16,200,true,110,110,16
1767628244219,16,200,true,110,110,16
1767628244162,73,200,true,110,110,73
1767628244220,19,200,true,110,110,19
1767628244227,12,200,true,110,110,12
1767628244227,15,200,true,110,110,15
1767628244232,10,200,true,110,110,10
1767628244232,13,200,true,110,110,13
1767628244102,144,200,true,110,110,144
1767628244088,158,200,true,110,110,158
1767628244153,94,200,true,110,110,94
1767628244163,85,200,true,110,110,85
1767628244157,91,200,true,110,110,91
1767628244158,91,200,true,110,110,90
1767628244161,88,200,true,110,110,88
1767628244164,85,200,true,110,110,85
1767628244166,83,200,true,110,110,83
1767628244166,83,200,true,110,110,83
1767628244212,38,200,true,110,110,38
1767628244103,150,200,true,110,110,150
1767628244246,7,200,true,110,110,7
1767628244246,8,200,true,110,110,8
1767628244249,7,200,true,110,110,7
1767628244172,86,200,true,110,110,86
1767628244176,83,200,true,110,110,83
1767628244170,89,200,true,110,110,89
1767628244170,89,200,true,110,110,87
1767628244170,89,200,true,110,110,88
1767628244172,87,200,true,110,110,86
1767628244177,82,200,true,110,110,82
1767628244164,95,200,true,110,110,93
1767628244173,87,200,true,110,110,87
1767628244156,104,200,true,110,110,101
1767628244170,90,200,true,110,110,88
1767628244166,94,200,true,110,110,94
1767628244258,2,200,true,110,110,2
1767628244183,78,200,true,110,110,78
1767628244181,80,200,true,110,110,80
1767628244091,171,200,true,110,110,171
1767628244185,77,200,true,110,110,77
1767628244179,85,200,true,110,110,85
1767628244180,84,200,true,110,110,84
1767628244180,84,200,true,110,110,84
1767628244180,84,200,true,110,110,84
1767628244181,83,200,true,110,110,83
1767628244186,78,200,true,110,110,77
1767628244183,81,200,true,110,110,81
1767628244182,82,200,true,110,110,82
1767628244085,180,200,true,110,110,180
1767628244182,83,200,true,110,110,83
1767628244183,82,200,true,110,110,78
1767628244179,86,200,true,110,110,86
1767628244183,82,200,true,110,110,78
1767628244265,3,200,true,110,110,3
1767628244264,6,200,true,110,110,6
1767628244192,78,200,true,110,110,78
1767628244191,80,200,true,110,110,80
1767628244194,77,200,true,110,110,77
1767628244196,75,200,true,110,110,75
1767628244259,12,200,true,110,110,12
1767628244195,77,200,true,110,110,77
1767628244195,77,200,true,110,110,77
1767628244196,76,200,true,110,110,76
1767628244193,79,200,true,110,110,79
1767628244196,76,200,true,110,110,76
1767628244193,80,200,true,110,110,80
1767628244191,82,200,true,110,110,79
1767628244194,79,200,true,110,110,79
1767628244184,89,200,true,110,110,88
1767628244194,79,200,true,110,110,79
1767628244188,86,200,true,110,110,86
1767628244193,81,200,true,110,110,81
1767628244196,78,200,true,110,110,78
1767628244202,72,200,true,110,110,72
1767628244202,72,200,true,110,110,72
1767628244198,76,200,true,110,110,76
1767628244201,74,200,true,110,110,74
1767628244202,73,200,true,110,110,73
1767628244202,73,200,true,110,110,73
1767628244201,74,200,true,110,110,74
1767628244203,73,200,true,110,110,73
1767628244203,73,200,true,110,110,73
1767628244207,69,200,true,110,110,69
1767628244204,72,200,true,110,110,72
1767628244208,68,200,true,110,110,68
1767628244220,57,200,true,110,110,57
1767628244222,55,200,true,110,110,55
1767628244222,55,200,true,110,110,55
1767628244223,54,200,true,110,110,54
1767628244221,56,200,true,110,110,56
1767628244223,54,200,true,110,110,54
1767628244224,54,200,true,110,110,54
1767628244224,54,200,true,110,110,54
1767628244224,54,200,true,110,110,54
1767628244225,53,200,true,110,110,53
1767628244225,54,200,true,110,110,54
1767628244226,53,200,true,110,110,53
1767628244226,53,200,true,110,110,53
1767628244228,51,200,true,110,110,51
1767628244228,51,200,true,110,110,51
1767628244229,51,200,true,110,110,51
1767628244229,51,200,true,110,110,51
1767628244229,51,200,true,110,110,51
1767628244230,51,200,true,110,110,51
1767628244230,51,200,true,110,110,51
1767628244231,50,200,true,110,110,50
1767628244231,50,200,true,110,110,50
1767628244233,48,200,true,110,110,48
1767628244234,48,200,true,110,110,48
1767628244234,48,200,true,110,110,48
1767628244234,48,200,true,110,110,48
1767628244233,49,200,true,110,110,49
1767628244221,62,200,true,110,110,62
1767628244260,23,200,true,110,110,23
1767628244259,25,200,true,110,110,25
1767628244260,24,200,true,110,110,24
1767628244259,25,200,true,110,110,25
1767628244264,20,200,true,110,110,20
1767628244264,21,200,true,110,110,21
1767628244261,24,200,true,110,110,24
1767628244265,21,200,true,110,110,21
1767628244262,24,200,true,110,110,24
1767628244259,28,200,true,110,110,28
1767628244219,68,200,true,110,110,68
1767628244276,12,200,true,110,110,12
1767628244282,6,200,true,110,110,6
1767628244282,7,200,true,110,110,7
1767628244276,16,200,true,110,110,16
1767628244277,16,200,true,110,110,16
1767628244268,28,200,true,110,110,28
1767628244274,27,200,true,110,110,27
1767628244278,24,200,true,110,110,24
1767628244281,22,200,true,110,110,22
1767628244285,19,200,true,110,110,19
1767628244285,19,200,true,110,110,19
1767628244286,19,200,true,110,110,19
1767628244286,19,200,true,110,110,19
1767628244287,19,200,true,110,110,19
1767628244288,18,200,true,110,110,18
1767628244288,18,200,true,110,110,18
1767628244289,18,200,true,110,110,18
1767628244292,15,200,true,110,110,15
1767628244293,15,200,true,110,110,15
1767628244248,64,200,true,110,110,64
1767628244245,70,200,true,110,110,70
1767628244235,80,200,true,110,110,80
1767628244304,13,200,true,110,110,12
1767628244315,2,200,true,110,110,2
1767628244317,0,200,true,110,110,0
1767628244317,1,200,true,110,110,1
1767628244317,1,200,true,110,110,1
1767628244318,1,200,true,110,110,1
1767628244306,14,200,true,110,110,14
1767628244319,1,200,true,110,110,1
1767628244320,1,200,true,110,110,1
1767628244320,1,200,true,110,110,1
1767628244321,1,200,true,110,110,1
1767628244321,1,200,true,110,110,1
1767628244322,0,200,true,110,110,0
1767628244322,1,200,true,110,110,1
1767628244307,17,200,true,110,110,17
1767628244306,18,200,true,110,110,18
1767628244318,6,200,true,110,110,1
1767628244322,2,200,true,110,110,1
1767628244323,2,200,true,110,110,2
1767628244207,119,200,true,110,110,119
1767628244242,85,200,true,110,110,85
1767628244248,79,200,true,110,110,78
1767628244235,92,200,true,110,110,92
1767628244248,81,200,true,110,110,81
1767628244327,4,200,true,110,110,3
1767628244249,82,200,true,110,110,82
1767628244249,84,200,true,110,110,84
1767628244331,3,200,true,110,110,3
1767628244333,1,200,true,110,110,1
1767628244334,0,200,true,110,110,0
1767628244334,1,200,true,110,110,1
1767628244335,0,200,true,110,110,0
1767628244335,1,200,true,110,110,1
1767628244335,1,200,true,110,110,1
1767628244336,1,200,true,110,110,1
1767628244336,1,200,true,110,110,1
1767628244337,1,200,true,110,110,1
1767628244337,1,200,true,110,110,1
1767628244338,1,200,true,110,110,1
1767628244249,90,200,true,110,110,90
1767628244329,10,200,true,110,110,10
1767628244249,90,200,true,110,110,84
1767628244239,100,200,true,110,110,100
1767628244250,89,200,true,110,110,89
1767628244253,87,200,true,110,110,87
1767628244254,86,200,true,110,110,86
1767628244253,87,200,true,110,110,87
1767628244260,80,200,true,110,110,80
1767628244260,81,200,true,110,110,81
1767628244256,85,200,true,110,110,85
1767628244259,82,200,true,110,110,82
1767628244265,76,200,true,110,110,76
1767628244262,80,200,true,110,110,80
1767628244261,81,200,true,110,110,81
1767628244265,77,200,true,110,110,77
1767628244264,78,200,true,110,110,78
1767628244264,79,200,true,110,110,79
1767628244264,79,200,true,110,110,79
1767628244259,84,200,true,110,110,84
1767628244259,84,200,true,110,110,84
1767628244260,84,200,true,110,110,84
1767628244264,80,200,true,110,110,80
1767628244096,248,200,true,110,110,248
1767628244339,6,200,true,110,110,6
1767628244277,68,200,true,110,110,68
1767628244276,71,200,true,110,110,71
1767628244283,64,200,true,110,110,64
1767628244339,9,200,true,110,110,7
1767628244277,74,200,true,110,110,74
1767628244344,9,200,true,110,110,9
1767628244281,73,200,true,110,110,72
1767628244282,72,200,true,110,110,71
1767628244282,72,200,true,110,110,72
1767628244278,79,200,true,110,110,79
1767628244273,84,200,true,110,110,84
1767628244354,4,200,true,110,110,4
1767628244354,4,200,true,110,110,4
1767628244351,7,200,true,110,110,7
1767628244273,86,200,true,110,110,86
1767628244357,2,200,true,110,110,2
1767628244358,2,200,true,110,110,2
1767628244358,2,200,true,110,110,2
1767628244358,3,200,true,110,110,3
1767628244359,2,200,true,110,110,2
1767628244359,3,200,true,110,110,3
1767628244360,2,200,true,110,110,2
1767628244360,2,200,true,110,110,2
1767628244357,6,200,true,110,110,6
1767628244361,3,200,true,110,110,3
1767628244362,2,200,true,110,110,2
1767628244362,3,200,true,110,110,3
1767628244362,3,200,true,110,110,3
1767628244363,2,200,true,110,110,2
1767628244364,2,200,true,110,110,2
1767628244364,2,200,true,110,110,2
1767628244365,2,200,true,110,110,2
1767628244271,96,200,true,110,110,96
1767628244365,3,200,true,110,110,3
1767628244366,2,200,true,110,110,2
1767628244366,2,200,true,110,110,2
1767628244367,2,200,true,110,110,2
1767628244367,2,200,true,110,110,2
1767628244368,2,200,true,110,110,2
1767628244368,2,200,true,110,110,2
1767628244368,3,200,true,110,110,3
1767628244270,101,200,true,110,110,101
1767628244277,94,200,true,110,110,94
1767628244369,3,200,true,110,110,3
1767628244361,11,200,true,110,110,11
1767628244273,103,200,true,110,110,103
1767628244273,103,200,true,110,110,103
1767628244283,93,200,true,110,110,93
1767628244275,101,200,true,110,110,101
1767628244273,104,200,true,110,110,103
1767628244275,102,200,true,110,110,102
1767628244274,103,200,true,110,110,100
1767628244273,104,200,true,110,110,103
1767628244274,103,200,true,110,110,103
1767628244265,113,200,true,110,110,108
1767628244272,106,200,true,110,110,105
1767628244275,103,200,true,110,110,100
1767628244278,100,200,true,110,110,100
1767628244278,103,200,true,110,110,102
1767628244279,102,200,true,110,110,101
1767628244279,102,200,true,110,110,102
1767628244279,102,200,true,110,110,101
1767628244272,109,200,true,110,110,107
1767628244276,106,200,true,110,110,105
1767628244271,111,200,true,110,110,110
1767628244265,117,200,true,110,110,112
1767628244271,112,200,true,110,110,107
1767628244271,112,200,true,110,110,106
1767628244275,109,200,true,110,110,101
1767628244270,115,200,true,110,110,115
1767628244284,104,200,true,110,110,104
1767628244280,113,200,true,110,110,113
1767628244274,120,200,true,110,110,120
1767628244284,110,200,true,110,110,110
1767628244383,12,200,true,110,110,12
1767628244353,42,200,true,110,110,42
1767628244382,16,200,true,110,110,16
1767628244376,22,200,true,110,110,22
1767628244381,18,200,true,110,110,18
1767628244395,5,200,true,110,110,5
1767628244370,30,200,true,110,110,30
1767628244388,12,200,true,110,110,12
1767628244395,5,200,true,110,110,5
1767628244296,105,200,true,110,110,105
1767628244307,95,200,true,110,110,95
1767628244304,98,200,true,110,110,98
1767628244302,100,200,true,110,110,100
1767628244084,318,200,true,110,110,318
1767628244287,116,200,true,110,110,116
1767628244315,89,200,true,110,110,89
1767628244309,95,200,true,110,110,95
1767628244312,93,200,true,110,110,93
1767628244239,166,200,true,110,110,166
1767628244306,99,200,true,110,110,99
1767628244301,104,200,true,110,110,104
1767628244303,102,200,true,110,110,101
1767628244305,100,200,true,110,110,99
1767628244305,101,200,true,110,110,99
1767628244328,83,200,true,110,110,83
1767628244324,87,200,true,110,110,87
1767628244324,88,200,true,110,110,88
1767628244405,8,200,true,110,110,8
1767628244411,2,200,true,110,110,2
1767628244411,3,200,true,110,110,3
1767628244412,2,200,true,110,110,2
1767628244413,1,200,true,110,110,1
1767628244242,173,200,true,110,110,170
1767628244414,1,200,true,110,110,1
1767628244414,2,200,true,110,110,2
1767628244414,2,200,true,110,110,2
1767628244415,2,200,true,110,110,2
1767628244415,2,200,true,110,110,2
1767628244416,2,200,true,110,110,2
1767628244416,2,200,true,110,110,2
1767628244417,2,200,true,110,110,2
1767628244326,93,200,true,110,110,93
1767628244331,88,200,true,110,110,81
1767628244327,93,200,true,110,110,93
1767628244413,8,200,true,110,110,8
1767628244417,4,200,true,110,110,4
1767628244347,74,200,true,110,110,74
1767628244341,80,200,true,110,110,80
1767628244341,80,200,true,110,110,80
1767628244340,82,200,true,110,110,82
1767628244421,1,200,true,110,110,1
1767628244421,1,200,true,110,110,1
1767628244347,77,200,true,110,110,77
1767628244421,3,200,true,110,110,3
1767628244341,84,200,true,110,110,84
1767628244342,83,200,true,110,110,83
1767628244342,84,200,true,110,110,84
1767628244342,85,200,true,110,110,85
1767628244340,87,200,true,110,110,87
1767628244426,2,200,true,110,110,2
1767628244341,87,200,true,110,110,87
1767628244343,86,200,true,110,110,86
1767628244339,91,200,true,110,110,91
1767628244343,87,200,true,110,110,87
1767628244339,92,200,true,110,110,92
1767628244427,4,200,true,110,110,4
1767628244430,1,200,true,110,110,1
1767628244340,91,200,true,110,110,91
1767628244431,1,200,true,110,110,1
1767628244344,90,200,true,110,110,88
1767628244345,92,200,true,110,110,92
1767628244339,98,200,true,110,110,97
1767628244344,93,200,true,110,110,92
1767628244354,83,200,true,110,110,83
1767628244345,92,200,true,110,110,92
1767628244342,96,200,true,110,110,95
1767628244343,96,200,true,110,110,95
1767628244348,92,200,true,110,110,92
1767628244434,7,200,true,110,110,7
1767628244370,72,200,true,110,110,72
1767628244442,1,200,true,110,110,1
1767628244443,0,200,true,110,110,0
1767628244369,74,200,true,110,110,73
1767628244274,170,200,true,110,110,170
1767628244275,169,200,true,110,110,169
1767628244443,1,200,true,110,110,1
1767628244443,2,200,true,110,110,2
1767628244444,1,200,true,110,110,1
1767628244444,2,200,true,110,110,2
1767628244444,2,200,true,110,110,2
1767628244445,1,200,true,110,110,1
1767628244279,168,200,true,110,110,168
1767628244446,1,200,true,110,110,1
1767628244446,2,200,true,110,110,2
1767628244446,2,200,true,110,110,2
1767628244447,2,200,true,110,110,2
1767628244447,2,200,true,110,110,2
1767628244448,2,200,true,110,110,2
1767628244448,2,200,true,110,110,2
1767628244449,2,200,true,110,110,2
1767628244272,179,200,true,110,110,179
1767628244450,1,200,true,110,110,1
1767628244450,2,200,true,110,110,2
1767628244451,1,200,true,110,110,1
1767628244451,2,200,true,110,110,2
1767628244451,2,200,true,110,110,2
1767628244452,2,200,true,110,110,2
1767628244452,2,200,true,110,110,2
1767628244453,1,200,true,110,110,1
1767628244445,11,200,true,110,110,11
1767628244272,184,200,true,110,110,184
1767628244277,179,200,true,110,110,179
1767628244281,175,200,true,110,110,175
1767628244456,1,200,true,110,110,1
1767628244456,1,200,true,110,110,1
1767628244456,2,200,true,110,110,2
1767628244456,2,200,true,110,110,2
1767628244457,2,200,true,110,110,2
1767628244280,180,200,true,110,110,180
1767628244276,184,200,true,110,110,184
1767628244280,180,200,true,110,110,180
1767628244460,1,200,true,110,110,1
1767628244460,1,200,true,110,110,1
1767628244460,2,200,true,110,110,2
1767628244461,1,200,true,110,110,1
1767628244461,2,200,true,110,110,2
1767628244279,184,200,true,110,110,184
1767628244462,1,200,true,110,110,1
1767628244463,1,200,true,110,110,1
1767628244463,1,200,true,110,110,1
1767628244463,2,200,true,110,110,2
1767628244464,1,200,true,110,110,1
1767628244464,2,200,true,110,110,2
1767628244465,1,200,true,110,110,1
1767628244465,1,200,true,110,110,1
1767628244462,5,200,true,110,110,1
1767628244453,15,200,true,110,110,15
1767628244281,187,200,true,110,110,187
1767628244284,184,200,true,110,110,184
1767628244281,188,200,true,110,110,188
1767628244468,1,200,true,110,110,1
1767628244468,1,200,true,110,110,1
1767628244468,2,200,true,110,110,2
1767628244469,1,200,true,110,110,1
1767628244469,2,200,true,110,110,2
1767628244469,3,200,true,110,110,2
1767628244466,6,200,true,110,110,6
1767628244365,107,200,true,110,110,107
1767628244372,102,200,true,110,110,102
1767628244376,99,200,true,110,110,99
1767628244371,104,200,true,110,110,104
1767628244376,99,200,true,110,110,99
1767628244378,97,200,true,110,110,97
1767628244382,93,200,true,110,110,93
1767628244377,98,200,true,110,110,98
1767628244381,94,200,true,110,110,94
1767628244372,104,200,true,110,110,104
1767628244377,99,200,true,110,110,99
1767628244371,105,200,true,110,110,105
1767628244378,98,200,true,110,110,95
1767628244381,95,200,true,110,110,92
1767628244378,99,200,true,110,110,99
1767628244381,96,200,true,110,110,96
1767628244385,92,200,true,110,110,88
1767628244384,93,200,true,110,110,93
1767628244377,100,200,true,110,110,100
1767628244376,101,200,true,110,110,101
1767628244377,100,200,true,110,110,100
1767628244284,194,200,true,110,110,194
1767628244470,8,200,true,110,110,8
1767628244378,100,200,true,110,110,100
1767628244383,96,200,true,110,110,96
1767628244381,98,200,true,110,110,98
1767628244393,86,200,true,110,110,86
1767628244404,76,200,true,110,110,76
1767628244394,86,200,true,110,110,86
1767628244394,86,200,true,110,110,86
1767628244402,79,200,true,110,110,78
1767628244205,276,200,true,110,110,276
1767628244472,11,200,true,110,110,11
1767628244405,78,200,true,110,110,78
1767628244481,2,200,true,110,110,2
1767628244476,8,200,true,110,110,8
1767628244476,8,200,true,110,110,8
1767628244480,5,200,true,110,110,5
1767628244477,8,200,true,110,110,8
1767628244474,12,200,true,110,110,12
1767628244475,11,200,true,110,110,11
1767628244477,10,200,true,110,110,10
1767628244471,16,200,true,110,110,16
1767628244478,10,200,true,110,110,10
1767628244480,8,200,true,110,110,8
1767628244475,14,200,true,110,110,14
1767628244403,86,200,true,110,110,86
1767628244402,87,200,true,110,110,87
1767628244402,87,200,true,110,110,87
1767628244401,89,200,true,110,110,89
1767628244400,90,200,true,110,110,90
1767628244400,90,200,true,110,110,90
1767628244400,90,200,true,110,110,90
1767628244400,90,200,true,110,110,90
1767628244402,89,200,true,110,110,89
1767628244405,86,200,true,110,110,86
1767628244406,85,200,true,110,110,85
1767628244405,86,200,true,110,110,86
1767628244405,87,200,true,110,110,87
1767628244405,87,200,true,110,110,87
1767628244398,94,200,true,110,110,94
1767628244324,168,200,true,110,110,168
1767628244324,169,200,true,110,110,169
1767628244490,3,200,true,110,110,3
1767628244472,22,200,true,110,110,22
1767628244398,96,200,true,110,110,96
1767628244399,95,200,true,110,110,95
1767628244418,76,200,true,110,110,76
1767628244418,77,200,true,110,110,77
1767628244325,170,200,true,110,110,170
1767628244419,76,200,true,110,110,76
1767628244420,76,200,true,110,110,76
1767628244404,92,200,true,110,110,92
1767628244419,77,200,true,110,110,76
1767628244477,19,200,true,110,110,19
1767628244477,20,200,true,110,110,20
1767628244475,22,200,true,110,110,22
1767628244476,22,200,true,110,110,22
1767628244476,22,200,true,110,110,22
1767628244477,22,200,true,110,110,22
1767628244419,88,200,true,110,110,88
1767628244494,14,200,true,110,110,14
1767628244494,20,200,true,110,110,20
1767628244421,96,200,true,110,110,96
1767628244496,21,200,true,110,110,21
1767628244498,19,200,true,110,110,19
1767628244421,98,200,true,110,110,98
1767628244498,21,200,true,110,110,21
1767628244507,12,200,true,110,110,12
1767628244422,98,200,true,110,110,98
1767628244423,98,200,true,110,110,98
1767628244424,97,200,true,110,110,97
1767628244425,97,200,true,110,110,97
1767628244519,4,200,true,110,110,4
1767628244427,96,200,true,110,110,95
1767628244424,101,200,true,110,110,101
1767628244422,103,200,true,110,110,103
1767628244340,188,200,true,110,110,188
1767628244339,189,200,true,110,110,189
1767628244430,98,200,true,110,110,98
1767628244429,100,200,true,110,110,100
1767628244428,101,200,true,110,110,99
1767628244528,2,200,true,110,110,2
1767628244431,100,200,true,110,110,100
1767628244431,100,200,true,110,110,100
1767628244428,103,200,true,110,110,103
1767628244531,1,200,true,110,110,1
1767628244277,255,200,true,110,110,255
1767628244438,97,200,true,110,110,97
1767628244440,95,200,true,110,110,94
1767628244343,192,200,true,110,110,192
1767628244437,99,200,true,110,110,99
1767628244437,99,200,true,110,110,98
1767628244437,99,200,true,110,110,99
1767628244437,99,200,true,110,110,97
1767628244432,104,200,true,110,110,103
1767628244439,97,200,true,110,110,95
1767628244441,96,200,true,110,110,96
1767628244467,76,200,true,110,110,76
1767628244466,77,200,true,110,110,77
1767628244458,85,200,true,110,110,85
1767628244437,106,200,true,110,110,106
1767628244467,77,200,true,110,110,77
1767628244457,87,200,true,110,110,87
1767628244470,74,200,true,110,110,74
1767628244449,96,200,true,110,110,96
1767628244479,66,200,true,110,110,66
1767628244382,164,200,true,110,110,164
1767628244377,169,200,true,110,110,169
1767628244478,68,200,true,110,110,68
1767628244477,70,200,true,110,110,70
1767628244479,68,200,true,110,110,67
1767628244544,3,200,true,110,110,3
1767628244475,73,200,true,110,110,73
1767628244479,69,200,true,110,110,69
1767628244480,68,200,true,110,110,68
1767628244476,72,200,true,110,110,72
1767628244472,78,200,true,110,110,78
1767628244543,7,200,true,110,110,7
1767628244478,73,200,true,110,110,73
1767628244483,68,200,true,110,110,68
1767628244481,71,200,true,110,110,70
1767628244483,69,200,true,110,110,69
1767628244483,69,200,true,110,110,69
1767628244486,71,200,true,110,110,71
1767628244485,73,200,true,110,110,73
1767628244552,6,200,true,110,110,6
1767628244484,74,200,true,110,110,74
1767628244488,73,200,true,110,110,73
1767628244487,74,200,true,110,110,74
1767628244489,72,200,true,110,110,72
1767628244486,76,200,true,110,110,72
1767628244489,74,200,true,110,110,74
1767628244489,76,200,true,110,110,76
1767628244490,78,200,true,110,110,78
1767628244546,22,200,true,110,110,22
1767628244558,10,200,true,110,110,4
1767628244568,1,200,true,110,110,1
1767628244491,79,200,true,110,110,79
1767628244491,79,200,true,110,110,79
1767628244492,79,200,true,110,110,79
1767628244547,25,200,true,110,110,25
1767628244547,25,200,true,110,110,25
1767628244547,26,200,true,110,110,26
1767628244545,28,200,true,110,110,28
1767628244549,25,200,true,110,110,25
1767628244548,26,200,true,110,110,26
1767628244492,83,200,true,110,110,83
1767628244550,25,200,true,110,110,25
1767628244548,28,200,true,110,110,28
1767628244550,26,200,true,110,110,26
1767628244545,32,200,true,110,110,32
1767628244544,33,200,true,110,110,33
1767628244551,27,200,true,110,110,27
1767628244552,26,200,true,110,110,26
1767628244558,21,200,true,110,110,21
1767628244492,87,200,true,110,110,87
1767628244565,15,200,true,110,110,14
1767628244568,12,200,true,110,110,12
1767628244568,12,200,true,110,110,12
1767628244570,11,200,true,110,110,11
1767628244561,20,200,true,110,110,20
1767628244570,12,200,true,110,110,12
1767628244572,10,200,true,110,110,10
1767628244572,11,200,true,110,110,11
1767628244491,92,200,true,110,110,92
1767628244492,91,200,true,110,110,91
1767628244573,11,200,true,110,110,11
1767628244491,93,200,true,110,110,93
1767628244574,10,200,true,110,110,10
1767628244548,37,200,true,110,110,27
1767628244493,93,200,true,110,110,93
1767628244493,93,200,true,110,110,93
1767628244573,14,200,true,110,110,14
1767628244494,97,200,true,110,110,97
1767628244494,98,200,true,110,110,98
1767628244495,99,200,true,110,110,99
1767628244495,100,200,true,110,110,100
1767628244497,98,200,true,110,110,98
1767628244496,99,200,true,110,110,99
1767628244591,5,200,true,110,110,5
1767628244496,100,200,true,110,110,100
1767628244497,100,200,true,110,110,100
1767628244596,2,200,true,110,110,2
1767628244596,2,200,true,110,110,2
1767628244496,103,200,true,110,110,100
1767628244597,2,200,true,110,110,1
1767628244598,1,200,true,110,110,1
1767628244499,101,200,true,110,110,101
1767628244599,1,200,true,110,110,1
1767628244600,1,200,true,110,110,1
1767628244600,1,200,true,110,110,1
1767628244601,1,200,true,110,110,1
1767628244601,1,200,true,110,110,1
1767628244495,108,200,true,110,110,108
1767628244475,128,200,true,110,110,128
1767628244602,2,200,true,110,110,2
1767628244517,88,200,true,110,110,88
1767628244508,97,200,true,110,110,97
1767628244604,2,200,true,110,110,2
1767628244517,89,200,true,110,110,87
1767628244521,85,200,true,110,110,85
1767628244519,88,200,true,110,110,88
1767628244520,87,200,true,110,110,87
1767628244521,86,200,true,110,110,85
1767628244606,4,200,true,110,110,4
1767628244522,88,200,true,110,110,87
1767628244519,91,200,true,110,110,91
1767628244425,186,200,true,110,110,186
1767628244523,88,200,true,110,110,88
1767628244610,2,200,true,110,110,2
1767628244607,5,200,true,110,110,5
1767628244610,3,200,true,110,110,3
1767628244607,6,200,true,110,110,6
1767628244610,4,200,true,110,110,4
1767628244611,3,200,true,110,110,3
1767628244612,3,200,true,110,110,3
1767628244525,91,200,true,110,110,91
1767628244525,91,200,true,110,110,91
1767628244612,5,200,true,110,110,5
1767628244517,100,200,true,110,110,100
1767628244613,5,200,true,110,110,5
1767628244614,4,200,true,110,110,4
1767628244529,90,200,true,110,110,90
1767628244528,91,200,true,110,110,91
1767628244528,91,200,true,110,110,91
1767628244532,89,200,true,110,110,89
1767628244432,189,200,true,110,110,189
1767628244532,89,200,true,110,110,89
1767628244535,86,200,true,110,110,86
1767628244531,90,200,true,110,110,90
1767628244531,90,200,true,110,110,90
1767628244529,92,200,true,110,110,92
1767628244530,91,200,true,110,110,91
1767628244536,86,200,true,110,110,86
1767628244536,87,200,true,110,110,87
1767628244535,88,200,true,110,110,88
1767628244536,87,200,true,110,110,87
1767628244536,87,200,true,110,110,86
1767628244537,86,200,true,110,110,86
1767628244536,88,200,true,110,110,88
1767628244535,89,200,true,110,110,89
1767628244536,88,200,true,110,110,88
1767628244454,171,200,true,110,110,169
1767628244459,167,200,true,110,110,166
1767628244454,172,200,true,110,110,171
1767628244458,168,200,true,110,110,167
1767628244455,172,200,true,110,110,172
1767628244543,84,200,true,110,110,84
1767628244624,4,200,true,110,110,4
1767628244626,2,200,true,110,110,2
1767628244475,155,200,true,110,110,155
1767628244616,14,200,true,110,110,14
1767628244475,157,200,true,110,110,157
1767628244624,8,200,true,110,110,8
1767628244543,90,200,true,110,110,90
1767628244552,81,200,true,110,110,81
1767628244551,83,200,true,110,110,82
1767628244543,91,200,true,110,110,91
1767628244544,90,200,true,110,110,90
1767628244623,13,200,true,110,110,13
1767628244484,153,200,true,110,110,152
1767628244488,149,200,true,110,110,149
1767628244621,17,200,true,110,110,17
1767628244621,17,200,true,110,110,17
1767628244617,22,200,true,110,110,22
1767628244487,152,200,true,110,110,152
1767628244621,18,200,true,110,110,18
1767628244621,19,200,true,110,110,19
1767628244623,17,200,true,110,110,17
1767628244619,22,200,true,110,110,22
1767628244621,20,200,true,110,110,20
1767628244621,21,200,true,110,110,21
1767628244623,19,200,true,110,110,19
1767628244623,20,200,true,110,110,20
1767628244624,19,200,true,110,110,19
1767628244628,15,200,true,110,110,15
1767628244618,26,200,true,110,110,26
1767628244626,18,200,true,110,110,18
1767628244619,26,200,true,110,110,26
1767628244625,20,200,true,110,110,20
1767628244623,23,200,true,110,110,23
1767628244627,19,200,true,110,110,19
1767628244630,17,200,true,110,110,17
1767628244633,14,200,true,110,110,14
1767628244632,16,200,true,110,110,16
1767628244632,16,200,true,110,110,16
1767628244633,16,200,true,110,110,16
1767628244634,15,200,true,110,110,15
1767628244634,16,200,true,110,110,16
1767628244636,14,200,true,110,110,14
1767628244637,14,200,true,110,110,13
1767628244558,95,200,true,110,110,95
1767628244642,11,200,true,110,110,11
1767628244643,11,200,true,110,110,11
1767628244561,98,200,true,110,110,98
1767628244563,97,200,true,110,110,96
1767628244562,98,200,true,110,110,98
1767628244561,99,200,true,110,110,99
1767628244489,172,200,true,110,110,170
1767628244546,115,200,true,110,110,115
1767628244490,171,200,true,110,110,171
1767628244546,116,200,true,110,110,115
1767628244661,1,200,true,110,110,1
1767628244660,2,200,true,110,110,2
1767628244641,21,200,true,110,110,21
1767628244490,172,200,true,110,110,172
1767628244491,172,200,true,110,110,172
1767628244569,94,200,true,110,110,94
1767628244575,88,200,true,110,110,88
1767628244575,88,200,true,110,110,88
1767628244662,6,200,true,110,110,6
1767628244558,110,200,true,110,110,110
1767628244663,5,200,true,110,110,5
1767628244574,94,200,true,110,110,94
1767628244576,93,200,true,110,110,93
1767628244576,93,200,true,110,110,93
1767628244577,92,200,true,110,110,92
1767628244578,91,200,true,110,110,91
1767628244580,90,200,true,110,110,89
1767628244578,92,200,true,110,110,92
1767628244580,90,200,true,110,110,90
1767628244579,91,200,true,110,110,91
1767628244580,91,200,true,110,110,91
1767628244577,94,200,true,110,110,94
1767628244581,90,200,true,110,110,90
1767628244581,91,200,true,110,110,91
1767628244582,92,200,true,110,110,92
1767628244671,5,200,true,110,110,5
1767628244582,96,200,true,110,110,96
1767628244584,94,200,true,110,110,94
1767628244579,99,200,true,110,110,99
1767628244583,99,200,true,110,110,98
1767628244586,96,200,true,110,110,96
1767628244584,99,200,true,110,110,99
1767628244583,100,200,true,110,110,100
1767628244586,97,200,true,110,110,97
1767628244587,96,200,true,110,110,96
1767628244592,92,200,true,110,110,92
1767628244594,90,200,true,110,110,90
1767628244595,90,200,true,110,110,90
1767628244595,90,200,true,110,110,90
1767628244595,90,200,true,110,110,90
1767628244598,87,200,true,110,110,87
1767628244684,3,200,true,110,110,3
1767628244683,8,200,true,110,110,8
1767628244603,88,200,true,110,110,88
1767628244603,89,200,true,110,110,89
1767628244599,94,200,true,110,110,93
1767628244601,93,200,true,110,110,93
1767628244693,3,200,true,110,110,3
1767628244605,92,200,true,110,110,92
1767628244606,91,200,true,110,110,91
1767628244605,93,200,true,110,110,93
1767628244606,92,200,true,110,110,91
1767628244696,2,200,true,110,110,2
1767628244514,184,200,true,110,110,184
1767628244607,92,200,true,110,110,92
1767628244613,86,200,true,110,110,86
1767628244614,85,200,true,110,110,85
1767628244619,80,200,true,110,110,80
1767628244338,362,200,true,110,110,362
1767628244523,177,200,true,110,110,177
1767628244615,85,200,true,110,110,85
1767628244616,84,200,true,110,110,84
1767628244627,73,200,true,110,110,73
1767628244623,78,200,true,110,110,78
1767628244630,71,200,true,110,110,71
1767628244621,80,200,true,110,110,80
1767628244371,330,200,true,110,110,330
1767628244485,216,200,true,110,110,216
1767628244626,76,200,true,110,110,76
1767628244618,84,200,true,110,110,84
1767628244612,90,200,true,110,110,90
1767628244701,4,200,true,110,110,4
1767628244628,77,200,true,110,110,77
1767628244621,87,200,true,110,110,87
1767628244698,11,200,true,110,110,11
1767628244700,10,200,true,110,110,10
1767628244702,8,200,true,110,110,8
1767628244705,6,200,true,110,110,6
1767628244708,3,200,true,110,110,3
1767628244639,73,200,true,110,110,73
1767628244709,3,200,true,110,110,3
1767628244638,76,200,true,110,110,76
1767628244638,78,200,true,110,110,77
1767628244640,76,200,true,110,110,76
1767628244640,77,200,true,110,110,76
1767628244714,3,200,true,110,110,3
1767628244716,2,200,true,110,110,2
1767628244639,79,200,true,110,110,79
1767628244716,2,200,true,110,110,2
1767628244717,2,200,true,110,110,2
1767628244718,2,200,true,110,110,2
1767628244718,2,200,true,110,110,2
1767628244720,2,200,true,110,110,2
1767628244719,3,200,true,110,110,3
1767628244719,4,200,true,110,110,3
1767628244722,1,200,true,110,110,1
1767628244617,108,200,true,110,110,108
1767628244642,84,200,true,110,110,84
1767628244643,84,200,true,110,110,84
1767628244641,87,200,true,110,110,87
1767628244644,85,200,true,110,110,85
1767628244645,86,200,true,110,110,86
1767628244646,87,200,true,110,110,87
1767628244648,89,200,true,110,110,89
1767628244648,90,200,true,110,110,90
1767628244645,93,200,true,110,110,90
1767628244662,81,200,true,110,110,81
1767628244650,93,200,true,110,110,93
1767628244651,92,200,true,110,110,91
1767628244649,94,200,true,110,110,94
1767628244738,6,200,true,110,110,6
1767628244649,95,200,true,110,110,95
1767628244647,97,200,true,110,110,87
1767628244661,83,200,true,110,110,83
1767628244661,83,200,true,110,110,83
1767628244662,82,200,true,110,110,82
1767628244660,85,200,true,110,110,85
1767628244659,86,200,true,110,110,86
1767628244653,92,200,true,110,110,92
1767628244662,83,200,true,110,110,83
1767628244660,85,200,true,110,110,85
1767628244654,92,200,true,110,110,92
1767628244663,83,200,true,110,110,83
1767628244662,84,200,true,110,110,84
1767628244663,83,200,true,110,110,83
1767628244653,93,200,true,110,110,93
1767628244572,175,200,true,110,110,175
1767628244670,77,200,true,110,110,77
1767628244668,79,200,true,110,110,79
1767628244637,110,200,true,110,110,110
1767628244668,83,200,true,110,110,83
1767628244745,6,200,true,110,110,6
1767628244746,6,200,true,110,110,6
1767628244746,9,200,true,110,110,9
1767628244670,86,200,true,110,110,86
1767628244674,84,200,true,110,110,84
1767628244669,89,200,true,110,110,89
1767628244669,90,200,true,110,110,90
1767628244669,90,200,true,110,110,90
1767628244669,90,200,true,110,110,90
1767628244672,88,200,true,110,110,88
1767628244671,89,200,true,110,110,89
1767628244755,6,200,true,110,110,2
1767628244671,90,200,true,110,110,89
1767628244758,3,200,true,110,110,3
1767628244759,3,200,true,110,110,3
1767628244584,180,200,true,110,110,180
1767628244676,88,200,true,110,110,88
1767628244685,81,200,true,110,110,81
1767628244583,183,200,true,110,110,182
1767628244682,84,200,true,110,110,83
1767628244585,181,200,true,110,110,181
1767628244760,6,200,true,110,110,6
1767628244683,88,200,true,110,110,88
1767628244685,86,200,true,110,110,86
1767628244683,89,200,true,110,110,89
1767628244691,82,200,true,110,110,82
1767628244772,2,200,true,110,110,2
1767628244773,1,200,true,110,110,1
1767628244774,0,200,true,110,110,0
1767628244685,90,200,true,110,110,90
1767628244775,0,200,true,110,110,0
1767628244775,1,200,true,110,110,1
1767628244775,1,200,true,110,110,1
1767628244776,1,200,true,110,110,1
1767628244776,1,200,true,110,110,1
1767628244777,0,200,true,110,110,0
1767628244777,1,200,true,110,110,1
1767628244777,1,200,true,110,110,1
1767628244778,1,200,true,110,110,1
1767628244687,92,200,true,110,110,92
1767628244779,0,200,true,110,110,0
1767628244779,1,200,true,110,110,1
1767628244779,1,200,true,110,110,1
1767628244780,1,200,true,110,110,1
1767628244780,1,200,true,110,110,1
1767628244781,1,200,true,110,110,1
1767628244781,1,200,true,110,110,1
1767628244683,99,200,true,110,110,99
1767628244771,12,200,true,110,110,12
1767628244782,1,200,true,110,110,1
1767628244782,2,200,true,110,110,1
1767628244783,2,200,true,110,110,2
1767628244774,11,200,true,110,110,11
1767628244778,7,200,true,110,110,7
1767628244694,92,200,true,110,110,92
1767628244692,95,200,true,110,110,95
1767628244691,96,200,true,110,110,96
1767628244785,2,200,true,110,110,2
1767628244701,90,200,true,110,110,90
1767628244701,90,200,true,110,110,90
1767628244700,91,200,true,110,110,91
1767628244698,94,200,true,110,110,92
1767628244700,92,200,true,110,110,90
1767628244477,316,200,true,110,110,316
1767628244702,92,200,true,110,110,92
1767628244699,95,200,true,110,110,95
1767628244700,95,200,true,110,110,95
1767628244700,95,200,true,110,110,95
1767628244702,94,200,true,110,110,93
1767628244699,98,200,true,110,110,94
1767628244698,100,200,true,110,110,100
1767628244701,98,200,true,110,110,98
1767628244705,95,200,true,110,110,95
1767628244798,2,200,true,110,110,2
1767628244639,162,200,true,110,110,162
1767628244712,89,200,true,110,110,89
1767628244717,84,200,true,110,110,84
1767628244710,91,200,true,110,110,90
1767628244712,89,200,true,110,110,88
1767628244711,90,200,true,110,110,90
1767628244711,91,200,true,110,110,91
1767628244721,82,200,true,110,110,82
1767628244722,81,200,true,110,110,81
1767628244723,80,200,true,110,110,80
1767628244723,80,200,true,110,110,80
1767628244803,1,200,true,110,110,0
1767628244710,94,200,true,110,110,94
1767628244643,161,200,true,110,110,161
1767628244802,2,200,true,110,110,2
1767628244644,161,200,true,110,110,161
1767628244646,159,200,true,110,110,159
1767628244728,77,200,true,110,110,77
1767628244725,81,200,true,110,110,80
1767628244726,80,200,true,110,110,80
1767628244729,77,200,true,110,110,77
1767628244738,68,200,true,110,110,68
1767628244737,69,200,true,110,110,69
1767628244650,157,200,true,110,110,157
1767628244733,74,200,true,110,110,74
1767628244731,76,200,true,110,110,76
1767628244727,81,200,true,110,110,81
1767628244663,145,200,true,110,110,145
1767628244634,174,200,true,110,110,174
1767628244743,65,200,true,110,110,65
1767628244744,64,200,true,110,110,64
1767628244747,61,200,true,110,110,61
1767628244744,67,200,true,110,110,67
1767628244744,67,200,true,110,110,67
1767628244743,68,200,true,110,110,68
1767628244745,66,200,true,110,110,66
1767628244745,67,200,true,110,110,67
1767628244746,66,200,true,110,110,66
1767628244745,67,200,true,110,110,66
1767628244745,67,200,true,110,110,66
1767628244746,66,200,true,110,110,66
1767628244747,65,200,true,110,110,65
1767628244746,66,200,true,110,110,66
1767628244744,69,200,true,110,110,69
1767628244747,66,200,true,110,110,66
1767628244744,69,200,true,110,110,69
1767628244747,66,200,true,110,110,66
1767628244743,70,200,true,110,110,70
1767628244808,6,200,true,110,110,5
1767628244743,71,200,true,110,110,71
1767628244751,63,200,true,110,110,63
1767628244752,62,200,true,110,110,62
1767628244751,63,200,true,110,110,63
1767628244756,59,200,true,110,110,59
1767628244668,147,200,true,110,110,147
1767628244670,145,200,true,110,110,145
1767628244758,57,200,true,110,110,57
1767628244761,54,200,true,110,110,54
1767628244678,137,200,true,110,110,137
1767628244678,138,200,true,110,110,138
1767628244678,138,200,true,110,110,138
1767628244670,146,200,true,110,110,146
1767628244668,148,200,true,110,110,148
1767628244766,50,200,true,110,110,50
1767628244761,56,200,true,110,110,56
1767628244761,56,200,true,110,110,56
1767628244766,51,200,true,110,110,51
1767628244759,58,200,true,110,110,58
1767628244759,58,200,true,110,110,58
1767628244766,52,200,true,110,110,52
1767628244766,52,200,true,110,110,52
1767628244762,56,200,true,110,110,56
1767628244764,54,200,true,110,110,54
1767628244764,54,200,true,110,110,54
1767628244760,59,200,true,110,110,59
1767628244744,75,200,true,110,110,75
1767628244766,53,200,true,110,110,53
1767628244684,135,200,true,110,110,135
1767628244682,137,200,true,110,110,137
1767628244792,27,200,true,110,110,27
1767628244685,135,200,true,110,110,135
1767628244771,49,200,true,110,110,49
1767628244782,38,200,true,110,110,38
1767628244783,37,200,true,110,110,37
1767628244785,35,200,true,110,110,35
1767628244787,34,200,true,110,110,34
1767628244784,37,200,true,110,110,37
1767628244787,34,200,true,110,110,34
1767628244785,36,200,true,110,110,36
1767628244787,35,200,true,110,110,35
1767628244787,35,200,true,110,110,35
1767628244791,31,200,true,110,110,31
1767628244792,30,200,true,110,110,30
1767628244791,32,200,true,110,110,32
1767628244698,125,200,true,110,110,125
1767628244699,124,200,true,110,110,124
1767628244699,124,200,true,110,110,124
1767628244796,27,200,true,110,110,27
1767628244795,29,200,true,110,110,29
1767628244794,30,200,true,110,110,30
1767628244701,123,200,true,110,110,123
1767628244602,222,200,true,110,110,222
1767628244699,125,200,true,110,110,125
1767628244808,17,200,true,110,110,17
1767628244697,128,200,true,110,110,128
1767628244797,28,200,true,110,110,28
1767628244804,21,200,true,110,110,21
1767628244647,178,200,true,110,110,178
1767628244807,19,200,true,110,110,19
1767628244791,35,200,true,110,110,35
1767628244801,25,200,true,110,110,25
1767628244804,23,200,true,110,110,23
1767628244804,23,200,true,110,110,23
1767628244800,28,200,true,110,110,28
1767628244803,28,200,true,110,110,28
1767628244806,25,200,true,110,110,25
1767628244808,27,200,true,110,110,27
1767628244803,33,200,true,110,110,33
1767628244801,35,200,true,110,110,35
1767628244794,42,200,true,110,110,42
1767628244801,35,200,true,110,110,35
1767628244801,36,200,true,110,110,36
1767628244804,33,200,true,110,110,33
1767628244805,32,200,true,110,110,32
1767628244806,31,200,true,110,110,31
1767628244803,34,200,true,110,110,34
1767628244800,38,200,true,110,110,38
1767628244806,32,200,true,110,110,32
1767628244793,45,200,true,110,110,45
1767628244799,39,200,true,110,110,39
1767628244801,38,200,true,110,110,38
1767628244805,34,200,true,110,110,34
1767628244808,31,200,true,110,110,31
1767628244806,33,200,true,110,110,33
1767628244807,33,200,true,110,110,32
1767628244805,35,200,true,110,110,35
1767628244807,33,200,true,110,110,33
1767628244801,39,200,true,110,110,39
1767628244795,45,200,true,110,110,45
1767628244807,33,200,true,110,110,33
1767628244808,36,200,true,110,110,36
1767628244819,25,200,true,110,110,25
1767628244822,23,200,true,110,110,20
1767628244816,29,200,true,110,110,29
1767628244821,25,200,true,110,110,25
1767628244825,23,200,true,110,110,21
1767628244822,26,200,true,110,110,26
1767628244824,25,200,true,110,110,25
1767628244815,37,200,true,110,110,37
1767628244816,37,200,true,110,110,37
1767628244814,40,200,true,110,110,40
1767628244820,35,200,true,110,110,33
1767628244822,33,200,true,110,110,31
1767628244813,42,200,true,110,110,42
1767628244816,40,200,true,110,110,36
1767628244819,37,200,true,110,110,37
1767628244814,42,200,true,110,110,42
1767628244819,37,200,true,110,110,37
1767628244812,47,200,true,110,110,42
1767628244823,37,200,true,110,110,37
1767628244812,49,200,true,110,110,49
1767628244811,50,200,true,110,110,49
1767628244823,38,200,true,110,110,37
1767628244820,42,200,true,110,110,42
1767628244814,48,200,true,110,110,48
1767628244818,45,200,true,110,110,45
1767628244824,40,200,true,110,110,40
1767628244816,49,200,true,110,110,49
1767628244811,54,200,true,110,110,53
1767628244815,51,200,true,110,110,51
1767628244823,44,200,true,110,110,44
1767628244825,43,200,true,110,110,43
1767628244826,43,200,true,110,110,42
1767628244822,47,200,true,110,110,47
1767628244823,46,200,true,110,110,46
1767628244811,59,200,true,110,110,59
1767628244819,52,200,true,110,110,52
1767628244812,60,200,true,110,110,60
1767628244812,60,200,true,110,110,59
1767628244840,32,200,true,110,110,32
1767628244826,47,200,true,110,110,46
1767628244828,45,200,true,110,110,45
1767628244821,53,200,true,110,110,53
1767628244840,35,200,true,110,110,34
1767628244812,64,200,true,110,110,63
1767628244819,57,200,true,110,110,56
1767628244840,37,200,true,110,110,37
1767628244827,50,200,true,110,110,50
1767628244846,31,200,true,110,110,31
1767628244813,65,200,true,110,110,65
1767628244814,65,200,true,110,110,65
1767628244837,42,200,true,110,110,42
1767628244837,43,200,true,110,110,43
1767628244836,44,200,true,110,110,44
1767628244835,45,200,true,110,110,45
1767628244837,43,200,true,110,110,42
1767628244817,65,200,true,110,110,65
1767628244831,51,200,true,110,110,51
1767628244819,64,200,true,110,110,64
1767628244815,69,200,true,110,110,69
1767628244820,65,200,true,110,110,65
1767628244817,69,200,true,110,110,68
1767628244812,74,200,true,110,110,74
1767628244825,62,200,true,110,110,61
1767628244840,49,200,true,110,110,49
1767628244844,46,200,true,110,110,46
1767628244856,35,200,true,110,110,35
1767628244848,43,200,true,110,110,43
1767628244820,72,200,true,110,110,72
1767628244824,69,200,true,110,110,69
1767628244823,71,200,true,110,110,69
1767628244817,78,200,true,110,110,78
1767628244813,82,200,true,110,110,82
1767628244855,44,200,true,110,110,43
1767628244862,38,200,true,110,110,38
1767628244868,36,200,true,110,110,36
1767628244877,27,200,true,110,110,27
1767628244904,1,200,true,110,110,1
1767628244867,38,200,true,110,110,38
1767628244869,37,200,true,110,110,37
1767628244869,37,200,true,110,110,37
1767628244876,31,200,true,110,110,31
1767628244879,28,200,true,110,110,28
1767628244871,37,200,true,110,110,37
1767628244870,41,200,true,110,110,41
1767628244884,27,200,true,110,110,27
1767628244894,18,200,true,110,110,18
1767628244880,32,200,true,110,110,32
1767628244893,20,200,true,110,110,20
1767628244895,18,200,true,110,110,18
1767628244895,19,200,true,110,110,19
1767628244887,27,200,true,110,110,27
1767628244889,26,200,true,110,110,25
1767628244905,13,200,true,110,110,13
1767628244814,105,200,true,110,110,105
1767628244813,106,200,true,110,110,106
1767628244821,98,200,true,110,110,98
1767628244820,99,200,true,110,110,99
1767628244818,104,200,true,110,110,104
1767628244818,104,200,true,110,110,104
1767628244824,99,200,true,110,110,98
1767628244813,110,200,true,110,110,108
1767628244815,108,200,true,110,110,108
1767628244816,107,200,true,110,110,107
1767628244923,3,200,true,110,110,3
1767628244818,108,200,true,110,110,108
1767628244922,4,200,true,110,110,4
1767628244815,115,200,true,110,110,115
1767628244818,112,200,true,110,110,112
1767628244821,110,200,true,110,110,109
1767628244808,123,200,true,110,110,123
1767628244811,120,200,true,110,110,120
1767628244824,107,200,true,110,110,107
1767628244816,116,200,true,110,110,115
1767628244817,118,200,true,110,110,118
1767628244836,102,200,true,110,110,102
1767628244831,107,200,true,110,110,107
1767628244836,102,200,true,110,110,102
1767628244827,112,200,true,110,110,112
1767628244862,77,200,true,110,110,77
1767628244863,76,200,true,110,110,76
1767628244837,102,200,true,110,110,102
1767628244836,104,200,true,110,110,104
1767628244826,114,200,true,110,110,114
1767628244938,3,200,true,110,110,3
1767628244837,106,200,true,110,110,106
1767628244838,108,200,true,110,110,108
1767628244880,66,200,true,110,110,66
1767628244839,107,200,true,110,110,107
1767628244838,108,200,true,110,110,108
1767628244840,106,200,true,110,110,106
1767628244839,108,200,true,110,110,108
1767628244886,61,200,true,110,110,61
1767628244946,2,200,true,110,110,2
1767628244840,110,200,true,110,110,110
1767628244946,5,200,true,110,110,5
1767628244840,112,200,true,110,110,112
1767628244845,110,200,true,110,110,110
1767628244845,110,200,true,110,110,110
1767628244950,6,200,true,110,110,6
1767628244848,109,200,true,110,110,109
1767628244838,119,200,true,110,110,119
1767628244853,106,200,true,110,110,106
1767628244955,4,200,true,110,110,4
1767628244855,106,200,true,110,110,106
1767628244854,108,200,true,110,110,108
1767628244849,116,200,true,110,110,116
1767628244852,113,200,true,110,110,113
1767628244856,111,200,true,110,110,110
1767628244957,10,200,true,110,110,10
1767628244967,2,200,true,110,110,2
1767628244962,7,200,true,110,110,7
1767628244859,114,200,true,110,110,114
1767628244855,121,200,true,110,110,121
1767628244861,115,200,true,110,110,115
1767628244973,3,200,true,110,110,3
1767628244861,116,200,true,110,110,116
1767628244864,113,200,true,110,110,113
1767628244861,116,200,true,110,110,116
1767628244891,87,200,true,110,110,87
1767628244890,88,200,true,110,110,88
1767628244869,109,200,true,110,110,109
1767628244877,102,200,true,110,110,102
1767628244872,107,200,true,110,110,107
1767628244865,115,200,true,110,110,115
1767628244865,116,200,true,110,110,116
1767628244899,82,200,true,110,110,82
1767628244877,104,200,true,110,110,103
1767628244875,106,200,true,110,110,106
1767628244891,90,200,true,110,110,88
1767628244873,108,200,true,110,110,107
1767628244980,2,200,true,110,110,2
1767628244873,109,200,true,110,110,106
1767628244978,4,200,true,110,110,4
1767628244892,90,200,true,110,110,84
1767628244880,103,200,true,110,110,103
1767628244872,111,200,true,110,110,111
1767628244876,109,200,true,110,110,109
1767628244981,4,200,true,110,110,4
1767628244883,107,200,true,110,110,107
1767628244882,108,200,true,110,110,108
1767628244886,104,200,true,110,110,104
1767628244879,111,200,true,110,110,110
1767628244878,112,200,true,110,110,111
1767628244981,13,200,true,110,110,13
1767628244885,110,200,true,110,110,110
1767628244900,95,200,true,110,110,95
1767628244904,91,200,true,110,110,91
1767628244906,90,200,true,110,110,90
1767628244906,90,200,true,110,110,90
1767628244907,89,200,true,110,110,89
1767628244907,89,200,true,110,110,89
1767628244908,89,200,true,110,110,89
1767628244911,86,200,true,110,110,86
1767628244911,86,200,true,110,110,86
1767628244912,85,200,true,110,110,85
1767628244912,85,200,true,110,110,85
1767628244913,85,200,true,110,110,85
1767628244913,85,200,true,110,110,85
1767628244914,84,200,true,110,110,84
1767628244914,84,200,true,110,110,84
1767628244915,83,200,true,110,110,83
1767628244905,94,200,true,110,110,93
1767628244812,187,200,true,110,110,187
1767628244919,80,200,true,110,110,80
1767628244919,80,200,true,110,110,80
1767628244919,80,200,true,110,110,80
1767628244923,77,200,true,110,110,77
1767628244919,81,200,true,110,110,81
1767628244926,74,200,true,110,110,74
1767628244922,78,200,true,110,110,78
1767628244926,75,200,true,110,110,75
1767628244926,81,200,true,110,110,81
1767628244995,14,200,true,110,110,14
1767628244997,12,200,true,110,110,12
1767628244923,91,200,true,110,110,91
1767628244999,15,200,true,110,110,15
1767628244999,15,200,true,110,110,15
1767628244998,17,200,true,110,110,17
1767628244931,85,200,true,110,110,85
1767628244932,84,200,true,110,110,84
1767628244866,151,200,true,110,110,150
1767628244825,192,200,true,110,110,192
1767628245016,1,200,true,110,110,1
1767628244931,87,200,true,110,110,87
1767628244931,88,200,true,110,110,87
1767628244930,89,200,true,110,110,89
1767628244935,85,200,true,110,110,84
1767628244931,89,200,true,110,110,88
1767628244939,82,200,true,110,110,82
1767628244938,83,200,true,110,110,83
1767628244939,82,200,true,110,110,82
1767628244938,83,200,true,110,110,83
1767628244940,82,200,true,110,110,81
1767628244939,84,200,true,110,110,84
1767628244939,85,200,true,110,110,85
1767628245020,4,200,true,110,110,3
1767628245021,3,200,true,110,110,1
1767628244825,200,200,true,110,110,192
1767628244818,207,200,true,110,110,207
1767628244998,27,200,true,110,110,27
1767628244943,83,200,true,110,110,83
1767628244941,86,200,true,110,110,86
1767628245017,10,200,true,110,110,10
1767628245022,6,200,true,110,110,6
1767628245017,11,200,true,110,110,11
1767628245016,13,200,true,110,110,13
1767628245021,8,200,true,110,110,8
1767628245021,8,200,true,110,110,8
1767628245021,9,200,true,110,110,9
1767628245009,21,200,true,110,110,21
1767628245009,22,200,true,110,110,22
1767628245014,17,200,true,110,110,17
1767628245015,19,200,true,110,110,19
1767628245026,8,200,true,110,110,8
1767628245027,10,200,true,110,110,10
1767628245024,14,200,true,110,110,14
1767628244946,92,200,true,110,110,92
1767628244946,92,200,true,110,110,92
1767628244947,91,200,true,110,110,91
1767628244947,91,200,true,110,110,91
1767628244947,92,200,true,110,110,92
1767628244948,91,200,true,110,110,91
1767628244951,88,200,true,110,110,88
1767628245037,3,200,true,110,110,3
1767628244844,196,200,true,110,110,196
1767628244955,86,200,true,110,110,86
1767628245040,2,200,true,110,110,2
1767628244961,82,200,true,110,110,82
1767628244960,83,200,true,110,110,83
1767628244956,88,200,true,110,110,88
1767628245040,4,200,true,110,110,2
1767628244957,91,200,true,110,110,91
1767628244959,89,200,true,110,110,89
1767628245038,11,200,true,110,110,10
1767628245038,12,200,true,109,109,12
1767628244965,87,200,true,109,109,87
1767628244967,85,200,true,109,109,85
1767628244969,84,200,true,109,109,84
1767628244969,84,200,true,109,109,84
1767628244860,194,200,true,109,109,193
1767628245052,2,200,true,109,109,2
1767628244977,77,200,true,109,109,77
1767628244977,77,200,true,109,109,77
1767628244981,74,200,true,109,109,74
1767628244976,80,200,true,109,109,80
1767628244978,78,200,true,109,109,78
1767628244978,78,200,true,109,109,77
1767628244981,77,200,true,109,109,77
1767628245052,6,200,true,109,109,6
1767628244979,80,200,true,109,109,80
1767628244882,177,200,true,109,109,177
1767628244976,84,200,true,107,107,84
1767628244981,80,200,true,107,107,80
1767628244979,82,200,true,107,107,80
1767628244977,84,200,true,107,107,83
1767628244982,79,200,true,107,107,79
1767628244982,79,200,true,107,107,78
1767628244981,80,200,true,107,107,79
1767628244880,181,200,true,107,107,178
1767628244874,187,200,true,106,106,187
1767628244982,80,200,true,104,104,80
1767628244976,86,200,true,104,104,86
1767628244990,72,200,true,104,104,72
1767628244983,80,200,true,103,103,80
1767628244985,78,200,true,103,103,78
1767628244990,73,200,true,103,103,73
1767628244990,74,200,true,103,103,73
1767628244990,74,200,true,103,103,74
1767628244990,74,200,true,102,102,74
1767628244923,141,200,true,101,101,141
1767628244985,79,200,true,101,101,79
1767628244983,82,200,true,101,101,78
1767628244994,71,200,true,99,99,71
1767628244996,69,200,true,98,98,69
1767628244996,70,200,true,97,97,70
1767628244997,69,200,true,97,97,69
1767628244997,69,200,true,97,97,69
1767628244996,71,200,true,96,96,70
1767628244997,70,200,true,96,96,70
1767628244996,71,200,true,96,96,71
1767628244997,70,200,true,96,96,70
1767628244995,72,200,true,96,96,72
1767628244999,69,200,true,94,94,69
1767628244995,73,200,true,94,94,71
1767628245000,68,200,true,93,93,68
1767628245000,68,200,true,91,91,68
1767628245056,17,200,true,91,91,17
1767628245024,49,200,true,91,91,49
1767628245025,48,200,true,91,91,48
1767628244918,155,200,true,91,91,155
1767628245024,49,200,true,91,91,49
1767628245053,20,200,true,91,91,20
1767628245019,54,200,true,91,91,54
1767628245001,72,200,true,91,91,72
1767628245020,53,200,true,91,91,53
1767628245019,54,200,true,91,91,54
1767628244999,74,200,true,91,91,74
1767628244998,75,200,true,91,91,75
1767628244930,143,200,true,91,91,143
1767628244999,74,200,true,91,91,74
1767628245000,73,200,true,91,91,73
1767628244998,75,200,true,88,88,75
1767628244998,76,200,true,88,88,70
1767628245000,74,200,true,88,88,74
1767628245058,16,200,true,87,87,15
1767628245061,13,200,true,87,87,13
1767628245054,20,200,true,78,78,20
1767628245060,14,200,true,78,78,14
1767628245056,19,200,true,76,76,17
1767628245054,21,200,true,76,76,21
1767628245050,26,200,true,76,76,25
1767628245061,18,200,true,75,75,18
1767628245067,17,200,true,74,74,17
1767628245062,22,200,true,73,73,18
1767628245066,18,200,true,73,73,18
1767628245014,73,200,true,73,73,73
1767628244940,147,200,true,73,73,147
1767628245007,80,200,true,73,73,79
1767628245025,62,200,true,70,70,62
1767628245023,65,200,true,69,69,65
1767628245025,64,200,true,68,68,64
1767628245018,71,200,true,68,68,70
1767628245014,75,200,true,68,68,73
1767628245017,72,200,true,68,68,71
1767628245028,62,200,true,65,65,62
1767628245029,61,200,true,64,64,61
1767628245029,61,200,true,64,64,61
1767628245028,63,200,true,63,63,62
1767628245030,61,200,true,63,63,61
1767628245030,61,200,true,61,61,61
1767628245031,63,200,true,61,61,63
1767628245035,60,200,true,61,61,60
1767628245038,57,200,true,60,60,57
1767628245039,57,200,true,60,60,57
1767628245043,54,200,true,59,59,52
1767628245042,55,200,true,59,59,54
1767628245039,58,200,true,59,59,57
1767628245041,56,200,true,59,59,55
1767628245034,64,200,true,57,57,63
1767628245084,15,200,true,56,56,15
1767628245094,6,200,true,56,56,6
1767628244838,262,200,true,56,56,262
1767628245038,62,200,true,56,56,62
1767628245031,69,200,true,56,56,69
1767628245043,58,200,true,56,56,57
1767628245044,57,200,true,53,53,57
1767628245044,57,200,true,51,51,57
1767628245038,63,200,true,51,51,63
1767628245048,54,200,true,49,49,54
1767628244856,246,200,true,48,48,246
1767628244952,150,200,true,48,48,150
1767628245049,53,200,true,48,48,53
1767628244965,137,200,true,48,48,137
1767628244856,247,200,true,48,48,247
1767628245055,48,200,true,46,46,48
1767628245056,50,200,true,46,46,50
1767628244872,234,200,true,46,46,234
1767628244982,124,200,true,46,46,124
1767628245106,1,200,true,44,44,1
1767628245054,53,200,true,44,44,53
1767628245061,46,200,true,44,44,46
1767628245061,48,200,true,43,43,48
1767628245063,47,200,true,42,42,47
1767628245063,47,200,true,42,42,46
1767628245063,47,200,true,41,41,47
1767628245064,47,200,true,41,41,47
1767628245064,47,200,true,39,39,47
1767628245053,59,200,true,38,38,58
1767628245067,45,200,true,37,37,45
1767628245066,47,200,true,37,37,47
1767628245073,40,200,true,36,36,40
1767628245055,58,200,true,36,36,58
1767628245073,41,200,true,35,35,41
1767628245074,41,200,true,35,35,36
1767628245058,58,200,true,34,34,58
1767628245114,3,200,true,34,34,3
1767628245113,4,200,true,34,34,4
1767628245073,45,200,true,34,34,45
1767628245074,45,200,true,34,34,45
1767628245075,44,200,true,34,34,43
1767628245116,3,200,true,33,33,3
1767628245073,46,200,true,33,33,46
1767628245073,46,200,true,33,33,46
1767628245074,46,200,true,33,33,46
1767628245117,3,200,true,32,32,3
1767628245062,59,200,true,32,32,59
1767628245039,83,200,true,31,31,83
1767628245073,49,200,true,30,30,49
1767628245119,4,200,true,29,29,4
1767628245029,95,200,true,29,29,95
1767628245119,5,200,true,28,28,4
1767628245089,37,200,true,28,28,37
1767628245095,32,200,true,28,28,32
1767628245091,36,200,true,27,27,34
1767628245027,100,200,true,27,27,100
1767628245084,43,200,true,26,26,43
1767628245119,8,200,true,26,26,8
1767628245091,36,200,true,26,26,36
1767628245097,30,200,true,26,26,30
1767628245120,7,200,true,26,26,7
1767628245097,30,200,true,26,26,29
1767628245075,53,200,true,24,24,53
1767628245126,2,200,true,24,24,1
1767628245124,4,200,true,24,24,3
1767628245103,25,200,true,23,23,25
1767628245127,2,200,true,22,22,2
1767628245102,28,200,true,22,22,27
1767628245103,27,200,true,22,22,27
1767628245102,29,200,true,22,22,29
1767628245128,3,200,true,22,22,3
1767628245100,32,200,true,21,21,32
1767628245099,34,200,true,21,21,34
1767628245128,5,200,true,20,20,5
1767628245127,6,200,true,20,20,6
1767628245130,4,200,true,20,20,4
1767628245132,2,200,true,20,20,2
1767628245134,2,200,true,20,20,1
1767628245134,3,200,true,20,20,3
1767628245133,4,200,true,20,20,2
1767628245137,1,200,true,20,20,1
1767628245133,6,200,true,20,20,6
1767628245107,32,200,true,20,20,32
1767628245139,1,200,true,19,19,1
1767628245061,79,200,true,19,19,79
1767628245140,1,200,true,18,18,1
1767628245113,28,200,true,18,18,28
1767628245110,31,200,true,18,18,31
1767628245107,34,200,true,18,18,32
1767628245118,24,200,true,17,17,24
1767628245117,25,200,true,16,16,25
1767628245141,3,200,true,16,16,3
1767628245120,24,200,true,16,16,24
1767628245123,21,200,true,15,15,21
1767628245128,16,200,true,15,15,16
1767628245127,17,200,true,15,15,17
1767628245127,18,200,true,15,15,18
1767628245129,16,200,true,14,14,16
1767628245130,15,200,true,14,14,15
1767628245131,14,200,true,13,13,14
1767628245136,10,200,true,13,13,10
1767628245137,9,200,true,13,13,9
1767628245138,8,200,true,12,12,8
1767628245142,4,200,true,12,12,4
1767628244839,307,200,true,12,12,307
1767628245145,2,200,true,11,11,2
1767628245144,4,200,true,11,11,4
1767628245141,8,200,true,11,11,8
1767628245145,5,200,true,11,11,5
1767628245146,4,200,true,10,10,4
1767628245146,4,200,true,10,10,4
1767628245144,8,200,true,9,9,8
1767628245144,9,200,true,9,9,9
1767628245152,2,200,true,9,9,2
1767628245153,1,200,true,9,9,1
1767628245154,0,200,true,9,9,0
1767628245154,1,200,true,9,9,1
1767628245154,1,200,true,8,8,1
1767628245141,15,200,true,8,8,15
1767628245145,11,200,true,7,7,11
1767628245147,9,200,true,6,6,9
1767628245148,8,200,true,6,6,8
1767628245149,7,200,true,4,4,7
1767628245150,7,200,true,3,3,7
1767628245155,2,200,true,2,2,2
1767628245157,1,200,true,2,2,1
1767628245146,12,200,true,2,2,12
