timeStamp,elapsed,responseCode,success,grpThreads,allThreads,Latency
1767630757665,37,200,true,100,100,32
1767630757665,37,200,true,100,100,32
1767630757662,40,200,true,100,100,35
1767630757662,40,200,true,100,100,35
1767630757663,39,200,true,100,100,37
1767630757679,23,200,true,100,100,19
1767630757666,36,200,true,100,100,33
1767630757662,40,200,true,100,100,37
1767630757662,40,200,true,100,100,35
1767630757662,40,200,true,100,100,40
1767630757665,37,200,true,100,100,32
1767630757662,42,200,true,100,100,42
1767630757664,40,200,true,100,100,40
1767630757664,38,200,true,100,100,37
1767630757664,41,200,true,100,100,41
1767630757666,40,200,true,100,100,40
1767630757679,28,200,true,100,100,28
1767630757668,40,200,true,100,100,40
1767630757665,44,200,true,100,100,44
1767630757706,4,200,true,100,100,4
1767630757707,4,200,true,100,100,4
1767630757707,5,200,true,100,100,5
1767630757708,5,200,true,100,100,5
1767630757705,9,200,true,100,100,9
1767630757706,9,200,true,100,100,9
1767630757707,9,200,true,100,100,9
1767630757708,9,200,true,100,100,9
1767630757679,38,200,true,100,100,38
1767630757662,56,200,true,100,100,56
1767630757662,57,200,true,100,100,57
1767630757681,39,200,true,100,100,39
1767630757666,55,200,true,100,100,55
1767630757679,43,200,true,100,100,43
1767630757662,61,200,true,100,100,61
1767630757662,62,200,true,100,100,62
1767630757663,62,200,true,100,100,62
1767630757662,64,200,true,100,100,64
1767630757665,62,200,true,100,100,62
1767630757679,49,200,true,100,100,49
1767630757666,63,200,true,100,100,63
1767630757664,66,200,true,100,100,66
1767630757663,68,200,true,100,100,68
1767630757664,68,200,true,100,100,68
1767630757664,69,200,true,100,100,69
1767630757663,71,200,true,100,100,71
1767630757663,72,200,true,100,100,72
1767630757664,72,200,true,100,100,72
1767630757665,72,200,true,100,100,72
1767630757662,76,200,true,100,100,75
1767630757665,73,200,true,100,100,73
1767630757664,75,200,true,100,100,75
1767630757663,77,200,true,100,100,77
1767630757664,77,200,true,100,100,77
1767630757665,77,200,true,100,100,77
1767630757705,38,200,true,100,100,38
1767630757706,38,200,true,100,100,38
1767630757706,39,200,true,100,100,39
1767630757707,39,200,true,100,100,39
1767630757707,40,200,true,100,100,40
1767630757707,41,200,true,100,100,41
1767630757707,42,200,true,100,100,42
1767630757707,43,200,true,100,100,42
1767630757708,42,200,true,100,100,42
1767630757706,45,200,true,100,100,45
1767630757679,73,200,true,100,100,73
1767630757710,43,200,true,100,100,43
1767630757711,43,200,true,100,100,43
1767630757712,43,200,true,100,100,43
1767630757713,43,200,true,100,100,43
1767630757714,43,200,true,100,100,43
1767630757715,43,200,true,100,100,43
1767630757716,43,200,true,100,100,43
1767630757717,43,200,true,100,100,43
1767630757718,43,200,true,100,100,43
1767630757719,43,200,true,100,100,43
1767630757719,44,200,true,100,100,44
1767630757720,44,200,true,100,100,44
1767630757721,44,200,true,100,100,44
1767630757722,43,200,true,100,100,43
1767630757723,43,200,true,100,100,43
1767630757724,43,200,true,100,100,43
1767630757725,43,200,true,100,100,43
1767630757726,43,200,true,100,100,43
1767630757728,42,200,true,100,100,42
1767630757728,43,200,true,100,100,43
1767630757729,43,200,true,100,100,43
1767630757730,43,200,true,100,100,43
1767630757731,43,200,true,100,100,43
1767630757732,42,200,true,100,100,42
1767630757733,42,200,true,100,100,42
1767630757734,43,200,true,100,100,43
1767630757735,42,200,true,100,100,42
1767630757736,42,200,true,100,100,42
1767630757737,42,200,true,100,100,42
1767630757738,42,200,true,100,100,42
1767630757739,42,200,true,100,100,42
1767630757740,42,200,true,100,100,42
1767630757741,42,200,true,100,100,42
1767630757741,43,200,true,100,100,43
1767630757742,43,200,true,100,100,43
1767630757743,42,200,true,100,100,42
1767630757744,42,200,true,100,100,42
1767630757745,42,200,true,100,100,42
1767630757746,42,200,true,100,100,42
1767630757747,42,200,true,100,100,42
1767630757748,42,200,true,100,100,42
1767630757749,42,200,true,100,100,42
1767630757750,42,200,true,100,100,42
1767630757751,42,200,true,100,100,42
1767630757752,42,200,true,100,100,42
1767630757710,85,200,true,100,100,85
1767630757679,116,200,true,100,100,116
1767630757754,43,200,true,100,100,43
1767630757755,42,200,true,100,100,42
1767630757755,43,200,true,100,100,43
1767630757756,43,200,true,100,100,43
1767630757757,43,200,true,100,100,43
1767630757758,43,200,true,100,100,43
1767630757759,43,200,true,100,100,43
1767630757760,43,200,true,100,100,43
1767630757761,43,200,true,100,100,43
1767630757762,43,200,true,100,100,43
1767630757763,43,200,true,100,100,43
1767630757764,42,200,true,100,100,42
1767630757765,42,200,true,100,100,42
1767630757766,42,200,true,100,100,42
1767630757767,42,200,true,100,100,42
1767630757767,43,200,true,100,100,43
1767630757768,43,200,true,100,100,43
1767630757769,43,200,true,100,100,43
1767630757770,43,200,true,100,100,43
1767630757771,43,200,true,100,100,43
1767630757772,43,200,true,100,100,43
1767630757773,43,200,true,100,100,43
1767630757774,43,200,true,100,100,43
1767630757775,42,200,true,100,100,42
1767630757776,42,200,true,100,100,42
1767630757777,42,200,true,100,100,42
1767630757778,42,200,true,100,100,42
1767630757778,43,200,true,100,100,43
1767630757779,43,200,true,100,100,43
1767630757780,43,200,true,100,100,43
1767630757781,43,200,true,100,100,43
1767630757782,43,200,true,100,100,43
1767630757783,43,200,true,100,100,43
1767630757784,43,200,true,100,100,43
1767630757785,43,200,true,100,100,43
1767630757786,43,200,true,100,100,43
1767630757786,44,200,true,100,100,44
1767630757787,44,200,true,100,100,44
1767630757788,43,200,true,100,100,43
1767630757789,43,200,true,100,100,43
1767630757790,43,200,true,100,100,43
1767630757791,43,200,true,100,100,43
1767630757792,43,200,true,100,100,43
1767630757793,43,200,true,100,100,43
1767630757794,43,200,true,100,100,43
1767630757795,43,200,true,100,100,43
1767630757752,87,200,true,100,100,87
1767630757666,174,200,true,100,100,174
1767630757797,43,200,true,100,100,43
1767630757798,43,200,true,100,100,43
1767630757799,43,200,true,100,100,43
1767630757800,44,200,true,100,100,43
1767630757800,44,200,true,100,100,44
1767630757801,44,200,true,100,100,44
1767630757802,44,200,true,100,100,44
1767630757803,44,200,true,100,100,44
1767630757804,44,200,true,100,100,44
1767630757805,44,200,true,100,100,44
1767630757806,44,200,true,100,100,44
1767630757807,44,200,true,100,100,44
1767630757808,44,200,true,100,100,44
1767630757809,44,200,true,100,100,44
1767630757810,43,200,true,100,100,43
1767630757811,43,200,true,100,100,43
1767630757811,44,200,true,100,100,44
1767630757812,44,200,true,100,100,44
1767630757813,44,200,true,100,100,44
1767630757814,44,200,true,100,100,44
1767630757815,44,200,true,100,100,44
1767630757816,44,200,true,100,100,44
1767630757817,44,200,true,100,100,44
1767630757818,44,200,true,100,100,44
1767630757819,44,200,true,100,100,44
1767630757820,44,200,true,100,100,44
1767630757820,44,200,true,100,100,44
1767630757821,44,200,true,100,100,44
1767630757822,44,200,true,100,100,44
1767630757823,44,200,true,100,100,44
1767630757824,44,200,true,100,100,44
1767630757825,44,200,true,100,100,44
1767630757826,44,200,true,100,100,44
1767630757827,44,200,true,100,100,44
1767630757828,44,200,true,100,100,44
1767630757829,43,200,true,100,100,43
1767630757830,43,200,true,100,100,43
1767630757831,43,200,true,100,100,43
1767630757832,43,200,true,100,100,43
1767630757833,43,200,true,100,100,43
1767630757833,44,200,true,100,100,44
1767630757834,44,200,true,100,100,44
1767630757835,44,200,true,100,100,44
1767630757836,44,200,true,100,100,44
1767630757837,44,200,true,100,100,44
1767630757838,44,200,true,100,100,44
1767630757839,44,200,true,100,100,44
1767630757796,87,200,true,100,100,87
1767630757663,221,200,true,100,100,221
1767630757841,44,200,true,100,100,44
1767630757842,44,200,true,100,100,44
1767630757842,45,200,true,100,100,45
1767630757844,44,200,true,100,100,44
1767630757845,44,200,true,100,100,44
1767630757846,44,200,true,100,100,44
1767630757847,44,200,true,100,100,44
1767630757847,45,200,true,100,100,45
1767630757848,45,200,true,100,100,45
1767630757849,45,200,true,100,100,45
1767630757850,45,200,true,100,100,45
1767630757851,45,200,true,100,100,45
1767630757852,44,200,true,100,100,44
1767630757853,44,200,true,100,100,44
1767630757854,44,200,true,100,100,44
1767630757855,44,200,true,100,100,44
1767630757855,45,200,true,100,100,45
1767630757856,45,200,true,100,100,45
1767630757857,45,200,true,100,100,45
1767630757858,45,200,true,100,100,45
1767630757859,45,200,true,100,100,45
1767630757860,44,200,true,100,100,44
1767630757861,44,200,true,100,100,44
1767630757862,44,200,true,100,100,44
1767630757863,44,200,true,100,100,44
1767630757864,44,200,true,100,100,44
1767630757865,44,200,true,100,100,44
1767630757866,44,200,true,100,100,44
1767630757866,45,200,true,100,100,45
1767630757867,45,200,true,100,100,45
1767630757868,45,200,true,100,100,45
1767630757869,45,200,true,100,100,45
1767630757870,45,200,true,100,100,45
1767630757871,44,200,true,100,100,44
1767630757872,44,200,true,100,100,44
1767630757873,44,200,true,100,100,44
1767630757873,45,200,true,100,100,45
1767630757874,45,200,true,100,100,45
1767630757875,45,200,true,100,100,45
1767630757876,45,200,true,100,100,45
1767630757877,45,200,true,100,100,45
1767630757878,45,200,true,100,100,44
1767630757879,44,200,true,100,100,44
1767630757880,44,200,true,100,100,44
1767630757881,44,200,true,100,100,44
1767630757882,44,200,true,100,100,44
1767630757883,44,200,true,100,100,44
1767630757884,44,200,true,100,100,44
1767630757840,89,200,true,100,100,89
1767630757662,268,200,true,100,100,268
1767630757886,45,200,true,100,100,45
1767630757886,46,200,true,100,100,46
1767630757887,46,200,true,100,100,46
1767630757888,46,200,true,100,100,46
1767630757889,46,200,true,100,100,46
1767630757890,45,200,true,100,100,45
1767630757891,45,200,true,100,100,45
1767630757892,45,200,true,100,100,45
1767630757893,45,200,true,100,100,45
1767630757894,45,200,true,100,100,45
1767630757895,45,200,true,100,100,45
1767630757896,45,200,true,100,100,45
1767630757897,45,200,true,100,100,45
1767630757898,45,200,true,100,100,45
1767630757898,46,200,true,100,100,46
1767630757899,46,200,true,100,100,46
1767630757900,46,200,true,100,100,46
1767630757901,45,200,true,100,100,45
1767630757902,45,200,true,100,100,45
1767630757903,45,200,true,100,100,45
1767630757904,45,200,true,100,100,45
1767630757905,45,200,true,100,100,45
1767630757906,45,200,true,100,100,45
1767630757906,46,200,true,100,100,46
1767630757907,46,200,true,100,100,46
1767630757908,46,200,true,100,100,46
1767630757909,45,200,true,100,100,45
1767630757910,45,200,true,100,100,45
1767630757911,45,200,true,100,100,45
1767630757912,45,200,true,100,100,45
1767630757913,45,200,true,100,100,45
1767630757914,45,200,true,100,100,45
1767630757915,45,200,true,100,100,45
1767630757916,45,200,true,100,100,45
1767630757916,46,200,true,100,100,46
1767630757917,46,200,true,100,100,46
1767630757918,46,200,true,100,100,46
1767630757919,46,200,true,100,100,46
1767630757920,45,200,true,100,100,45
1767630757921,45,200,true,100,100,45
1767630757922,45,200,true,100,100,45
1767630757923,45,200,true,100,100,45
1767630757924,45,200,true,100,100,45
1767630757924,46,200,true,100,100,46
1767630757925,46,200,true,100,100,46
1767630757927,45,200,true,100,100,45
1767630757928,45,200,true,100,100,45
1767630757928,45,200,true,100,100,45
1767630757929,45,200,true,100,100,45
1767630757885,90,200,true,100,100,90
1767630757667,309,200,true,100,100,309
1767630757931,46,200,true,100,100,46
1767630757932,46,200,true,100,100,46
1767630757933,46,200,true,100,100,46
1767630757934,46,200,true,100,100,46
1767630757935,46,200,true,100,100,46
1767630757936,46,200,true,100,100,46
1767630757937,46,200,true,100,100,46
1767630757937,47,200,true,100,100,47
1767630757938,47,200,true,100,100,47
1767630757939,46,200,true,100,100,46
1767630757940,46,200,true,100,100,46
1767630757941,46,200,true,100,100,46
1767630757942,46,200,true,100,100,46
1767630757943,46,200,true,100,100,46
1767630757944,46,200,true,100,100,46
1767630757945,46,200,true,100,100,46
1767630757946,46,200,true,100,100,46
1767630757947,46,200,true,100,100,46
1767630757947,47,200,true,100,100,47
1767630757948,47,200,true,100,100,47
1767630757949,47,200,true,100,100,47
1767630757950,46,200,true,100,100,46
1767630757951,46,200,true,100,100,46
1767630757952,46,200,true,100,100,46
1767630757953,46,200,true,100,100,46
1767630757954,46,200,true,100,100,46
1767630757955,46,200,true,100,100,46
1767630757956,46,200,true,100,100,46
1767630757956,47,200,true,100,100,47
1767630757957,47,200,true,100,100,47
1767630757958,46,200,true,100,100,46
1767630757959,46,200,true,100,100,46
1767630757960,46,200,true,100,100,46
1767630757961,46,200,true,100,100,46
1767630757962,46,200,true,100,100,46
1767630757963,46,200,true,100,100,46
1767630757964,46,200,true,100,100,46
1767630757965,46,200,true,100,100,46
1767630757966,46,200,true,100,100,46
1767630757966,47,200,true,100,100,47
1767630757967,47,200,true,100,100,47
1767630757968,47,200,true,100,100,47
1767630757969,46,200,true,100,100,46
1767630757970,46,200,true,100,100,46
1767630757971,46,200,true,100,100,46
1767630757972,46,200,true,100,100,46
1767630757973,46,200,true,100,100,46
1767630757974,46,200,true,100,100,46
1767630757974,47,200,true,100,100,47
1767630757975,47,200,true,100,100,47
1767630757930,93,200,true,100,100,93
1767630757668,356,200,true,100,100,356
1767630757978,47,200,true,100,100,47
1767630757978,48,200,true,100,100,48
1767630757979,48,200,true,100,100,48
1767630757980,48,200,true,100,100,48
1767630757981,48,200,true,100,100,48
1767630757982,47,200,true,100,100,47
1767630757983,47,200,true,100,100,47
1767630757984,47,200,true,100,100,47
1767630757985,47,200,true,100,100,47
1767630757986,47,200,true,100,100,47
1767630757986,48,200,true,100,100,48
1767630757987,48,200,true,100,100,48
1767630757988,48,200,true,100,100,48
1767630757989,48,200,true,100,100,48
1767630757990,47,200,true,100,100,47
1767630757991,47,200,true,100,100,47
1767630757992,47,200,true,100,100,47
1767630757993,48,200,true,100,100,48
1767630757994,47,200,true,100,100,47
1767630757995,47,200,true,100,100,47
1767630757996,47,200,true,100,100,47
1767630757997,47,200,true,100,100,47
1767630757997,48,200,true,100,100,48
1767630757998,48,200,true,100,100,48
1767630757999,48,200,true,100,100,48
1767630758000,48,200,true,100,100,48
1767630758001,48,200,true,100,100,48
1767630758002,48,200,true,100,100,48
1767630758003,47,200,true,100,100,47
1767630758004,47,200,true,100,100,47
1767630758005,47,200,true,100,100,47
1767630758005,48,200,true,100,100,48
1767630758006,48,200,true,100,100,48
1767630758007,48,200,true,100,100,48
1767630758008,48,200,true,100,100,48
1767630758009,48,200,true,100,100,48
1767630758010,48,200,true,100,100,48
1767630758011,48,200,true,100,100,48
1767630758012,48,200,true,100,100,48
1767630758013,48,200,true,100,100,48
1767630758014,48,200,true,100,100,48
1767630758015,48,200,true,100,100,48
1767630758016,48,200,true,100,100,47
1767630758016,48,200,true,100,100,48
1767630758017,48,200,true,100,100,48
1767630758018,48,200,true,100,100,48
1767630758019,48,200,true,100,100,48
1767630758020,48,200,true,100,100,48
1767630758021,48,200,true,100,100,48
1767630758022,48,200,true,100,100,48
1767630758023,48,200,true,100,100,48
1767630757976,96,200,true,100,100,96
1767630757666,407,200,true,100,100,407
1767630758025,49,200,true,100,100,49
1767630758026,49,200,true,100,100,49
1767630758027,49,200,true,100,100,49
1767630758028,49,200,true,100,100,49
1767630758029,49,200,true,100,100,49
1767630758030,48,200,true,100,100,48
1767630758030,49,200,true,100,100,49
1767630758031,49,200,true,100,100,49
1767630758032,49,200,true,100,100,49
1767630758033,49,200,true,100,100,49
1767630758034,49,200,true,100,100,49
1767630758035,49,200,true,100,100,49
1767630758036,49,200,true,100,100,49
1767630758037,49,200,true,100,100,49
1767630758038,48,200,true,100,100,48
1767630758038,49,200,true,100,100,49
1767630758039,49,200,true,100,100,49
1767630758041,48,200,true,100,100,48
1767630758042,48,200,true,100,100,48
1767630758042,49,200,true,100,100,49
1767630758043,49,200,true,100,100,49
1767630758044,49,200,true,100,100,49
1767630758045,49,200,true,100,100,49
1767630758046,49,200,true,100,100,49
1767630758047,49,200,true,100,100,49
1767630758048,49,200,true,100,100,49
1767630758049,48,200,true,100,100,48
1767630758050,48,200,true,100,100,48
1767630758051,48,200,true,100,100,48
1767630758052,48,200,true,100,100,48
1767630758053,48,200,true,100,100,48
1767630758053,49,200,true,100,100,49
1767630758054,49,200,true,100,100,49
1767630758055,49,200,true,100,100,49
1767630758056,49,200,true,100,100,49
1767630758057,48,200,true,100,100,48
1767630758058,49,200,true,100,100,49
1767630758059,49,200,true,100,100,49
1767630758060,48,200,true,100,100,48
1767630758061,48,200,true,100,100,48
1767630758062,48,200,true,100,100,48
1767630758063,48,200,true,100,100,48
1767630758064,48,200,true,100,100,48
1767630758064,49,200,true,100,100,49
1767630758065,49,200,true,100,100,49
1767630758066,49,200,true,100,100,49
1767630758067,49,200,true,100,100,49
1767630758068,49,200,true,100,100,49
1767630758069,48,200,true,100,100,48
1767630758070,48,200,true,100,100,48
1767630758071,48,200,true,100,100,48
1767630758072,48,200,true,100,100,48
1767630758024,97,200,true,100,100,97
1767630757664,458,200,true,100,100,458
1767630758074,49,200,true,100,100,49
1767630758075,49,200,true,100,100,49
1767630758076,49,200,true,100,100,49
1767630758077,49,200,true,100,100,49
1767630758078,49,200,true,100,100,49
1767630758079,49,200,true,100,100,49
1767630758080,49,200,true,100,100,49
1767630758080,50,200,true,100,100,50
1767630758081,50,200,true,100,100,50
1767630758082,49,200,true,100,100,49
1767630758083,49,200,true,100,100,49
1767630758084,49,200,true,100,100,49
1767630758085,49,200,true,100,100,49
1767630758086,49,200,true,100,100,49
1767630758087,49,200,true,100,100,49
1767630758088,49,200,true,100,100,49
1767630758088,50,200,true,100,100,50
1767630758089,50,200,true,100,100,50
1767630758091,49,200,true,100,100,49
1767630758091,50,200,true,100,100,50
1767630758092,50,200,true,100,100,50
1767630758093,50,200,true,100,100,50
1767630758094,50,200,true,100,100,50
1767630758095,49,200,true,100,100,49
1767630758096,49,200,true,100,100,49
1767630758097,49,200,true,100,100,49
1767630758098,49,200,true,100,100,49
1767630758098,50,200,true,100,100,50
1767630758099,50,200,true,100,100,50
1767630758100,50,200,true,100,100,50
1767630758101,50,200,true,100,100,50
1767630758102,50,200,true,100,100,50
1767630758103,49,200,true,100,100,49
1767630758104,49,200,true,100,100,49
1767630758105,49,200,true,100,100,49
1767630758106,49,200,true,100,100,49
1767630758107,49,200,true,100,100,49
1767630758108,49,200,true,100,100,49
1767630758109,49,200,true,100,100,49
1767630758110,49,200,true,100,100,49
1767630758110,50,200,true,100,100,50
1767630758111,50,200,true,100,100,50
1767630758112,50,200,true,100,100,50
1767630758113,50,200,true,100,100,50
1767630758114,49,200,true,100,100,49
1767630758115,49,200,true,100,100,49
1767630758116,49,200,true,100,100,49
1767630758117,49,200,true,100,100,49
1767630758118,49,200,true,100,100,49
1767630758119,49,200,true,100,100,49
1767630758119,50,200,true,100,100,50
1767630758120,50,200,true,100,100,50
1767630758121,50,200,true,100,100,50
1767630758073,99,200,true,100,100,99
1767630757663,510,200,true,100,100,510
1767630758124,50,200,true,100,100,50
1767630758124,51,200,true,100,100,51
1767630758125,51,200,true,100,100,51
1767630758126,51,200,true,100,100,50
1767630758127,50,200,true,100,100,50
1767630758128,50,200,true,100,100,50
1767630758129,50,200,true,100,100,50
1767630758130,50,200,true,100,100,50
1767630758131,50,200,true,100,100,50
1767630758132,50,200,true,100,100,50
1767630758133,50,200,true,100,100,50
1767630758133,51,200,true,100,100,51
1767630758134,51,200,true,100,100,51
1767630758135,50,200,true,100,100,50
1767630758136,50,200,true,100,100,50
1767630758137,50,200,true,100,100,50
1767630758138,50,200,true,100,100,50
1767630758139,50,200,true,100,100,50
1767630758140,50,200,true,100,100,50
1767630758141,50,200,true,100,100,50
1767630758142,50,200,true,100,100,50
1767630758143,50,200,true,100,100,50
1767630758144,50,200,true,100,100,50
1767630758144,51,200,true,100,100,51
1767630758145,51,200,true,100,100,51
1767630758146,51,200,true,100,100,51
1767630758147,50,200,true,100,100,50
1767630758148,50,200,true,100,100,50
1767630758149,50,200,true,100,100,50
1767630758150,50,200,true,100,100,50
1767630758151,50,200,true,100,100,50
1767630758152,50,200,true,100,100,50
1767630758153,50,200,true,100,100,50
1767630758153,51,200,true,100,100,51
1767630758154,51,200,true,100,100,50
1767630758156,50,200,true,100,100,50
1767630758156,51,200,true,100,100,51
1767630758157,51,200,true,100,100,51
1767630758158,50,200,true,100,100,50
1767630758159,51,200,true,100,100,51
1767630758160,50,200,true,100,100,50
1767630758161,50,200,true,100,100,50
1767630758162,50,200,true,100,100,50
1767630758163,50,200,true,100,100,50
1767630758164,50,200,true,100,100,50
1767630758165,50,200,true,100,100,50
1767630758165,51,200,true,100,100,51
1767630758166,50,200,true,100,100,50
1767630758167,50,200,true,100,100,50
1767630758168,50,200,true,100,100,50
1767630758169,50,200,true,100,100,50
1767630758170,50,200,true,100,100,50
1767630758171,50,200,true,100,100,50
1767630758172,50,200,true,100,100,50
1767630758123,100,200,true,100,100,100
1767630757666,558,200,true,100,100,558
1767630758174,51,200,true,100,100,51
1767630758175,51,200,true,100,100,51
1767630758176,51,200,true,100,100,51
1767630758177,51,200,true,100,100,51
1767630758178,51,200,true,100,100,51
1767630758178,51,200,true,100,100,51
1767630758179,51,200,true,100,100,51
1767630758180,51,200,true,100,100,51
1767630758181,51,200,true,100,100,51
1767630758182,51,200,true,100,100,51
1767630758183,51,200,true,100,100,51
1767630758184,51,200,true,100,100,51
1767630758185,51,200,true,100,100,51
1767630758186,51,200,true,100,100,51
1767630758186,51,200,true,100,100,51
1767630758187,52,200,true,100,100,52
1767630758189,51,200,true,100,100,51
1767630758190,51,200,true,100,100,51
1767630758190,51,200,true,100,100,51
1767630758191,51,200,true,100,100,51
1767630758192,51,200,true,100,100,51
1767630758193,51,200,true,100,100,51
1767630758194,51,200,true,100,100,51
1767630758195,51,200,true,100,100,51
1767630758196,51,200,true,100,100,51
1767630758197,51,200,true,100,100,51
1767630758197,51,200,true,100,100,51
1767630758198,51,200,true,100,100,51
1767630758199,51,200,true,100,100,51
1767630758200,51,200,true,100,100,51
1767630758201,51,200,true,100,100,51
1767630758202,51,200,true,100,100,51
1767630758203,51,200,true,100,100,51
1767630758204,51,200,true,100,100,51
1767630758205,51,200,true,100,100,51
1767630758206,51,200,true,100,100,51
1767630758207,51,200,true,100,100,51
1767630758208,51,200,true,100,100,51
1767630758208,52,200,true,100,100,52
1767630758210,51,200,true,100,100,51
1767630758210,51,200,true,100,100,51
1767630758211,51,200,true,100,100,51
1767630758212,51,200,true,100,100,51
1767630758213,51,200,true,100,100,51
1767630758214,51,200,true,100,100,51
1767630758215,51,200,true,100,100,51
1767630758216,51,200,true,100,100,51
1767630758217,51,200,true,100,100,51
1767630758217,51,200,true,100,100,51
1767630758218,51,200,true,100,100,51
1767630758219,51,200,true,100,100,51
1767630758220,51,200,true,100,100,51
1767630758221,51,200,true,100,100,51
1767630758222,51,200,true,100,100,51
1767630758223,51,200,true,100,100,51
1767630758173,102,200,true,100,100,102
1767630757667,609,200,true,100,100,609
1767630758225,52,200,true,100,100,52
1767630758226,52,200,true,100,100,52
1767630758227,52,200,true,100,100,52
1767630758228,52,200,true,100,100,52
1767630758229,51,200,true,100,100,51
1767630758230,51,200,true,100,100,51
1767630758231,51,200,true,100,100,51
1767630758231,52,200,true,100,100,52
1767630758232,52,200,true,100,100,52
1767630758233,52,200,true,100,100,52
1767630758234,52,200,true,100,100,52
1767630758235,52,200,true,100,100,52
1767630758236,52,200,true,100,100,52
1767630758237,52,200,true,100,100,52
1767630758238,52,200,true,100,100,52
1767630758239,52,200,true,100,100,51
1767630758240,51,200,true,100,100,51
1767630758241,51,200,true,100,100,51
1767630758242,51,200,true,100,100,51
1767630758242,52,200,true,100,100,52
1767630758243,52,200,true,100,100,52
1767630758244,52,200,true,100,100,52
1767630758245,52,200,true,100,100,52
1767630758246,52,200,true,100,100,52
1767630758247,52,200,true,100,100,52
1767630758248,51,200,true,100,100,51
1767630758249,51,200,true,100,100,51
1767630758249,52,200,true,100,100,52
1767630758250,52,200,true,100,100,52
1767630758251,52,200,true,100,100,52
1767630758252,52,200,true,100,100,52
1767630758253,52,200,true,100,100,52
1767630758254,52,200,true,100,100,52
1767630758255,52,200,true,100,100,52
1767630758256,52,200,true,100,100,52
1767630758257,52,200,true,100,100,52
1767630758258,52,200,true,100,100,52
1767630758259,51,200,true,100,100,51
1767630758260,51,200,true,100,100,51
1767630758261,51,200,true,100,100,51
1767630758261,52,200,true,100,100,52
1767630758262,52,200,true,100,100,52
1767630758263,52,200,true,100,100,52
1767630758264,52,200,true,100,100,52
1767630758265,52,200,true,100,100,52
1767630758266,52,200,true,100,100,52
1767630758267,51,200,true,100,100,51
1767630758268,51,200,true,100,100,51
1767630758269,51,200,true,100,100,51
1767630758269,53,200,true,100,100,53
1767630758270,52,200,true,100,100,52
1767630758272,51,200,true,100,100,51
1767630758272,52,200,true,100,100,52
1767630758273,52,200,true,100,100,52
1767630758274,52,200,true,100,100,52
1767630758275,52,200,true,100,100,52
1767630758224,104,200,true,100,100,104
1767630757670,659,200,true,100,100,659
1767630758277,53,200,true,100,100,53
1767630758278,53,200,true,100,100,53
1767630758279,53,200,true,100,100,53
1767630758280,52,200,true,100,100,52
1767630758281,52,200,true,100,100,52
1767630758282,52,200,true,100,100,52
1767630758282,53,200,true,100,100,53
1767630758283,53,200,true,100,100,53
1767630758284,53,200,true,100,100,53
1767630758285,53,200,true,100,100,53
1767630758286,53,200,true,100,100,53
1767630758287,53,200,true,100,100,53
1767630758288,53,200,true,100,100,53
1767630758289,53,200,true,100,100,53
1767630758290,53,200,true,100,100,53
1767630758291,53,200,true,100,100,52
1767630758292,52,200,true,100,100,52
1767630758293,52,200,true,100,100,52
1767630758293,53,200,true,100,100,53
1767630758294,53,200,true,100,100,53
1767630758295,53,200,true,100,100,53
1767630758296,53,200,true,100,100,53
1767630758297,53,200,true,100,100,53
1767630758298,53,200,true,100,100,53
1767630758299,53,200,true,100,100,53
1767630758300,52,200,true,100,100,52
1767630758300,53,200,true,100,100,53
1767630758301,53,200,true,100,100,53
1767630758302,53,200,true,100,100,53
1767630758303,53,200,true,100,100,53
1767630758304,53,200,true,100,100,53
1767630758305,53,200,true,100,100,53
1767630758306,53,200,true,100,100,53
1767630758307,53,200,true,100,100,53
1767630758308,53,200,true,100,100,53
1767630758309,53,200,true,100,100,53
1767630758310,53,200,true,100,100,53
1767630758311,52,200,true,100,100,52
1767630758311,53,200,true,100,100,53
1767630758312,53,200,true,100,100,53
1767630758313,53,200,true,100,100,53
1767630758314,53,200,true,100,100,53
1767630758315,53,200,true,100,100,53
1767630758316,53,200,true,100,100,53
1767630758317,53,200,true,100,100,53
1767630758318,53,200,true,100,100,53
1767630758319,53,200,true,100,100,53
1767630758319,54,200,true,100,100,54
1767630758320,54,200,true,100,100,54
1767630758322,53,200,true,100,100,53
1767630758323,52,200,true,100,100,52
1767630758323,53,200,true,100,100,53
1767630758324,53,200,true,100,100,53
1767630758325,53,200,true,100,100,53
1767630758326,53,200,true,100,100,53
1767630758327,53,200,true,100,100,53
1767630758328,53,200,true,100,100,53
1767630758276,106,200,true,100,100,106
1767630757668,715,200,true,100,100,715
1767630758330,54,200,true,100,100,54
1767630758331,53,200,true,100,100,53
1767630758332,53,200,true,100,100,53
1767630758333,53,200,true,100,100,53
1767630758333,54,200,true,100,100,54
1767630758334,54,200,true,100,100,54
1767630758335,54,200,true,100,100,54
1767630758336,54,200,true,100,100,54
1767630758337,54,200,true,100,100,54
1767630758338,54,200,true,100,100,54
1767630758339,54,200,true,100,100,54
1767630758340,54,200,true,100,100,54
1767630758341,54,200,true,100,100,54
1767630758342,54,200,true,100,100,54
1767630758343,54,200,true,100,100,54
1767630758344,53,200,true,100,100,53
1767630758344,54,200,true,100,100,54
1767630758345,54,200,true,100,100,54
1767630758346,54,200,true,100,100,54
1767630758347,54,200,true,100,100,54
1767630758348,54,200,true,100,100,54
1767630758349,54,200,true,100,100,54
1767630758350,54,200,true,100,100,54
1767630758351,54,200,true,100,100,54
1767630758352,54,200,true,100,100,54
1767630758353,54,200,true,100,100,54
1767630758353,55,200,true,100,100,55
1767630758355,54,200,true,100,100,54
1767630758356,53,200,true,100,100,53
1767630758356,54,200,true,100,100,54
1767630758357,54,200,true,100,100,54
1767630758358,54,200,true,100,100,54
1767630758359,54,200,true,100,100,54
1767630758360,54,200,true,100,100,54
1767630758361,54,200,true,100,100,54
1767630758362,54,200,true,100,100,54
1767630758363,54,200,true,100,100,54
1767630758364,53,200,true,100,100,53
1767630758364,54,200,true,100,100,54
1767630758365,54,200,true,100,100,54
1767630758366,54,200,true,100,100,54
1767630758367,54,200,true,100,100,54
1767630758368,54,200,true,100,100,54
1767630758369,54,200,true,100,100,54
1767630758370,54,200,true,100,100,54
1767630758371,54,200,true,100,100,54
1767630758372,54,200,true,100,100,54
1767630758373,54,200,true,100,100,54
1767630758374,54,200,true,100,100,54
1767630758375,54,200,true,100,100,54
1767630758375,54,200,true,100,100,54
1767630758376,54,200,true,100,100,54
1767630758377,54,200,true,100,100,54
1767630758378,54,200,true,100,100,54
1767630758379,54,200,true,100,100,54
1767630758380,54,200,true,100,100,54
1767630758381,54,200,true,100,100,54
1767630758382,54,200,true,100,100,54
1767630758329,108,200,true,100,100,108
1767630757667,771,200,true,100,100,771
1767630758384,55,200,true,100,100,55
1767630758385,55,200,true,100,100,55
1767630758385,56,200,true,100,100,56
1767630758386,56,200,true,100,100,56
1767630758387,55,200,true,100,100,55
1767630758389,54,200,true,100,100,54
1767630758389,55,200,true,100,100,55
1767630758390,55,200,true,100,100,55
1767630758391,55,200,true,100,100,55
1767630758392,55,200,true,100,100,55
1767630758393,55,200,true,100,100,55
1767630758394,55,200,true,100,100,55
1767630758395,55,200,true,100,100,55
1767630758396,54,200,true,100,100,54
1767630758397,54,200,true,100,100,54
1767630758398,54,200,true,100,100,54
1767630758399,54,200,true,100,100,54
1767630758399,55,200,true,100,100,55
1767630758400,55,200,true,100,100,55
1767630758401,55,200,true,100,100,55
1767630758402,55,200,true,100,100,55
1767630758403,55,200,true,100,100,55
1767630758404,55,200,true,100,100,55
1767630758405,55,200,true,100,100,55
1767630758406,55,200,true,100,100,55
1767630758407,54,200,true,100,100,54
1767630758408,54,200,true,100,100,54
1767630758409,54,200,true,100,100,54
1767630758409,55,200,true,100,100,55
1767630758410,55,200,true,100,100,55
1767630758411,55,200,true,100,100,55
1767630758412,55,200,true,100,100,55
1767630758413,55,200,true,100,100,55
1767630758414,55,200,true,100,100,55
1767630758415,54,200,true,100,100,54
1767630758416,55,200,true,100,100,55
1767630758417,55,200,true,100,100,55
1767630758418,54,200,true,100,100,54
1767630758418,55,200,true,100,100,55
1767630758419,55,200,true,100,100,55
1767630758420,55,200,true,100,100,55
1767630758422,54,200,true,100,100,54
1767630758422,55,200,true,100,100,55
1767630758423,55,200,true,100,100,55
1767630758424,55,200,true,100,100,55
1767630758425,55,200,true,100,100,55
1767630758426,54,200,true,100,100,54
1767630758427,54,200,true,100,100,54
1767630758428,54,200,true,100,100,54
1767630758429,54,200,true,100,100,54
1767630758430,54,200,true,100,100,54
1767630758431,54,200,true,100,100,54
1767630758431,55,200,true,100,100,55
1767630758432,55,200,true,100,100,55
1767630758433,55,200,true,100,100,55
1767630758434,55,200,true,100,100,55
1767630758435,55,200,true,100,100,55
1767630758436,55,200,true,100,100,55
1767630758437,55,200,true,100,100,55
1767630758383,110,200,true,100,100,110
1767630757670,823,200,true,100,100,823
1767630758439,55,200,true,100,100,55
1767630758440,55,200,true,100,100,55
1767630758441,55,200,true,100,100,55
1767630758442,55,200,true,100,100,55
1767630758443,55,200,true,100,100,55
1767630758443,56,200,true,100,100,56
1767630758444,56,200,true,100,100,56
1767630758445,56,200,true,100,100,56
1767630758446,56,200,true,100,100,56
1767630758447,56,200,true,100,100,56
1767630758448,56,200,true,100,100,56
1767630758449,56,200,true,100,100,56
1767630758450,56,200,true,100,100,56
1767630758451,56,200,true,100,100,56
1767630758451,56,200,true,100,100,56
1767630758452,56,200,true,100,100,56
1767630758453,56,200,true,100,100,56
1767630758455,55,200,true,100,100,55
1767630758455,56,200,true,100,100,56
1767630758456,56,200,true,100,100,56
1767630758457,56,200,true,100,100,56
1767630758458,56,200,true,100,100,56
1767630758459,56,200,true,100,100,56
1767630758460,56,200,true,100,100,56
1767630758461,55,200,true,100,100,55
1767630758462,55,200,true,100,100,55
1767630758462,56,200,true,100,100,56
1767630758463,56,200,true,100,100,56
1767630758464,56,200,true,100,100,56
1767630758465,56,200,true,100,100,56
1767630758466,56,200,true,100,100,56
1767630758467,56,200,true,100,100,56
1767630758468,56,200,true,100,100,56
1767630758469,56,200,true,100,100,56
1767630758470,56,200,true,100,100,56
1767630758471,56,200,true,100,100,56
1767630758472,55,200,true,100,100,55
1767630758473,55,200,true,100,100,55
1767630758473,56,200,true,100,100,56
1767630758474,56,200,true,100,100,56
1767630758475,56,200,true,100,100,56
1767630758476,56,200,true,100,100,56
1767630758477,56,200,true,100,100,56
1767630758478,56,200,true,100,100,56
1767630758479,56,200,true,100,100,56
1767630758480,56,200,true,100,100,56
1767630758481,55,200,true,100,100,55
1767630758481,57,200,true,100,100,57
1767630758482,56,200,true,100,100,56
1767630758483,56,200,true,100,100,56
1767630758484,56,200,true,100,100,56
1767630758485,56,200,true,100,100,56
1767630758486,56,200,true,100,100,56
1767630758487,56,200,true,100,100,56
1767630758488,56,200,true,100,100,56
1767630758489,56,200,true,100,100,56
1767630758490,56,200,true,100,100,56
1767630758491,56,200,true,100,100,56
1767630758492,56,200,true,100,100,55
1767630758493,55,200,true,100,100,55
1767630758438,111,200,true,100,100,111
1767630757666,884,200,true,100,100,884
1767630758495,56,200,true,100,100,56
1767630758495,57,200,true,100,100,57
1767630758496,57,200,true,100,100,57
1767630758497,57,200,true,100,100,57
1767630758498,57,200,true,100,100,57
1767630758499,57,200,true,100,100,57
1767630758500,57,200,true,100,100,57
1767630758501,57,200,true,100,100,57
1767630758502,57,200,true,100,100,57
1767630758503,57,200,true,100,100,57
1767630758504,57,200,true,100,100,57
1767630758505,56,200,true,100,100,56
1767630758506,56,200,true,100,100,56
1767630758507,56,200,true,100,100,56
1767630758508,56,200,true,100,100,56
1767630758509,56,200,true,100,100,56
1767630758509,57,200,true,100,100,57
1767630758510,57,200,true,100,100,57
1767630758511,57,200,true,100,100,57
1767630758512,57,200,true,100,100,57
1767630758513,56,200,true,100,100,56
1767630758514,57,200,true,100,100,57
1767630758515,57,200,true,100,100,57
1767630758516,57,200,true,100,100,57
1767630758517,56,200,true,100,100,56
1767630758517,57,200,true,100,100,57
1767630758518,57,200,true,100,100,57
1767630758519,57,200,true,100,100,57
1767630758520,57,200,true,100,100,57
1767630758521,57,200,true,100,100,57
1767630758522,57,200,true,100,100,57
1767630758523,57,200,true,100,100,57
1767630758524,57,200,true,100,100,57
1767630758525,56,200,true,100,100,56
1767630758526,56,200,true,100,100,56
1767630758527,56,200,true,100,100,56
1767630758528,56,200,true,100,100,56
1767630758528,57,200,true,100,100,57
1767630758529,57,200,true,100,100,57
1767630758530,57,200,true,100,100,57
1767630758531,57,200,true,100,100,57
1767630758532,57,200,true,100,100,57
1767630758533,57,200,true,100,100,57
1767630758534,57,200,true,100,100,57
1767630758535,56,200,true,100,100,56
1767630758536,56,200,true,100,100,56
1767630758536,57,200,true,100,100,57
1767630758538,56,200,true,100,100,56
1767630758539,56,200,true,100,100,56
1767630758539,57,200,true,100,100,57
1767630758540,57,200,true,100,100,57
1767630758541,57,200,true,100,100,57
1767630758542,57,200,true,100,100,57
1767630758543,57,200,true,100,100,57
1767630758544,56,200,true,100,100,56
1767630758545,56,200,true,100,100,56
1767630758546,56,200,true,100,100,56
1767630758547,56,200,true,100,100,56
1767630758548,56,200,true,100,100,56
1767630758549,56,200,true,100,100,56
1767630758549,57,200,true,100,100,57
1767630758494,113,200,true,100,100,113
1767630757666,942,200,true,100,100,942
1767630758551,58,200,true,100,100,58
1767630758552,58,200,true,100,100,58
1767630758553,58,200,true,100,100,58
1767630758554,58,200,true,100,100,58
1767630758555,58,200,true,100,100,58
1767630758556,58,200,true,100,100,58
1767630758557,58,200,true,100,100,58
1767630758558,57,200,true,100,100,57
1767630758559,57,200,true,100,100,57
1767630758560,57,200,true,100,100,57
1767630758561,57,200,true,100,100,57
1767630758562,57,200,true,100,100,57
1767630758562,58,200,true,100,100,58
1767630758563,58,200,true,100,100,58
1767630758564,58,200,true,100,100,58
1767630758565,58,200,true,100,100,58
1767630758566,58,200,true,100,100,58
1767630758567,58,200,true,100,100,58
1767630758568,58,200,true,100,100,58
1767630758569,58,200,true,100,100,58
1767630758570,58,200,true,100,100,58
1767630758571,57,200,true,100,100,57
1767630758572,57,200,true,100,100,57
1767630758573,57,200,true,100,100,57
1767630758574,57,200,true,100,100,57
1767630758574,58,200,true,100,100,58
1767630758575,58,200,true,100,100,58
1767630758576,58,200,true,100,100,58
1767630758577,58,200,true,100,100,58
1767630758578,58,200,true,100,100,58
1767630758579,58,200,true,100,100,57
1767630758580,58,200,true,100,100,58
1767630758581,58,200,true,100,100,58
1767630758582,57,200,true,100,100,57
1767630758582,58,200,true,100,100,58
1767630758583,58,200,true,100,100,58
1767630758584,58,200,true,100,100,58
1767630758585,58,200,true,100,100,58
1767630758586,58,200,true,100,100,58
1767630758587,58,200,true,100,100,58
1767630758588,58,200,true,100,100,58
1767630758589,58,200,true,100,100,58
1767630758590,57,200,true,100,100,57
1767630758591,57,200,true,100,100,57
1767630758592,57,200,true,100,100,57
1767630758592,58,200,true,100,100,58
1767630758593,58,200,true,100,100,58
1767630758594,58,200,true,100,100,58
1767630758595,58,200,true,100,100,58
1767630758596,58,200,true,100,100,58
1767630758597,58,200,true,100,100,58
1767630758598,58,200,true,100,100,58
1767630758599,58,200,true,100,100,58
1767630758600,58,200,true,100,100,58
1767630758601,58,200,true,100,100,58
1767630758602,58,200,true,100,100,58
1767630758602,59,200,true,100,100,59
1767630758603,58,200,true,100,100,58
1767630758604,58,200,true,100,100,58
1767630758605,58,200,true,100,100,58
1767630758606,58,200,true,100,100,58
1767630758607,58,200,true,100,100,58
1767630758550,116,200,true,100,100,116
1767630757663,1006,200,true,100,100,1006
1767630758609,62,200,true,100,100,62
1767630758610,63,200,true,100,100,63
1767630758611,65,200,true,100,100,65
1767630758612,65,200,true,100,100,65
1767630758613,65,200,true,100,100,65
1767630758614,65,200,true,100,100,65
1767630758615,65,200,true,100,100,65
1767630758616,65,200,true,100,100,65
1767630758616,66,200,true,100,100,66
1767630758617,66,200,true,100,100,66
1767630758618,66,200,true,100,100,66
1767630758619,66,200,true,100,100,66
1767630758620,66,200,true,100,100,66
1767630758621,65,200,true,100,100,65
1767630758622,65,200,true,100,100,65
1767630758623,65,200,true,100,100,65
1767630758624,65,200,true,100,100,65
1767630758625,65,200,true,100,100,65
1767630758626,65,200,true,100,100,65
1767630758627,65,200,true,100,100,65
1767630758628,65,200,true,100,100,65
1767630758628,66,200,true,100,100,66
1767630758629,66,200,true,100,100,66
1767630758630,66,200,true,100,100,66
1767630758631,66,200,true,100,100,66
1767630758632,66,200,true,100,100,66
1767630758633,66,200,true,100,100,66
1767630758634,65,200,true,100,100,65
1767630758635,65,200,true,100,100,65
1767630758636,65,200,true,100,100,65
1767630758637,65,200,true,100,100,65
1767630758638,65,200,true,100,100,65
1767630758639,65,200,true,100,100,65
1767630758640,65,200,true,100,100,65
1767630758640,66,200,true,100,100,66
1767630758641,66,200,true,100,100,66
1767630758642,66,200,true,100,100,66
1767630758643,65,200,true,100,100,65
1767630758644,65,200,true,100,100,65
1767630758645,66,200,true,100,100,65
1767630758646,65,200,true,100,100,65
1767630758647,65,200,true,100,100,65
1767630758648,65,200,true,100,100,65
1767630758648,66,200,true,100,100,66
1767630758649,66,200,true,100,100,66
1767630758650,66,200,true,100,100,66
1767630758651,66,200,true,100,100,66
1767630758652,66,200,true,100,100,66
1767630758653,66,200,true,100,100,66
1767630758654,65,200,true,100,100,65
1767630758655,65,200,true,100,100,65
1767630758656,65,200,true,100,100,65
1767630758657,65,200,true,100,100,65
1767630758658,65,200,true,100,100,65
1767630758659,65,200,true,100,100,65
1767630758660,65,200,true,100,100,65
1767630758661,65,200,true,100,100,65
1767630758662,65,200,true,100,100,65
1767630758662,66,200,true,100,100,66
1767630758663,66,200,true,100,100,66
1767630758664,66,200,true,100,100,66
1767630758665,66,200,true,100,100,66
1767630758666,66,200,true,100,100,66
1767630758608,125,200,true,100,100,125
1767630757666,1068,200,true,100,100,1068
1767630758671,64,200,true,100,100,64
1767630758673,62,200,true,100,100,62
1767630758676,60,200,true,100,100,60
1767630758677,60,200,true,100,100,60
1767630758678,60,200,true,100,100,60
1767630758679,60,200,true,100,100,60
1767630758680,60,200,true,100,100,60
1767630758681,60,200,true,100,100,60
1767630758682,60,200,true,100,100,60
1767630758683,60,200,true,100,100,60
1767630758684,60,200,true,100,100,60
1767630758685,60,200,true,100,100,60
1767630758686,60,200,true,100,100,60
1767630758687,60,200,true,100,100,60
1767630758687,60,200,true,100,100,60
1767630758688,60,200,true,100,100,60
1767630758689,60,200,true,100,100,60
1767630758690,60,200,true,100,100,60
1767630758691,60,200,true,100,100,60
1767630758692,60,200,true,100,100,60
1767630758693,60,200,true,100,100,60
1767630758694,60,200,true,100,100,60
1767630758695,60,200,true,100,100,60
1767630758696,60,200,true,100,100,60
1767630758697,59,200,true,100,100,59
1767630758698,59,200,true,100,100,59
1767630758699,59,200,true,100,100,59
1767630758700,59,200,true,100,100,59
1767630758700,60,200,true,100,100,60
1767630758701,60,200,true,100,100,60
1767630758702,60,200,true,100,100,60
1767630758703,60,200,true,100,100,60
1767630758704,60,200,true,100,100,60
1767630758705,60,200,true,100,100,60
1767630758706,60,200,true,100,100,60
1767630758707,60,200,true,100,100,60
1767630758708,60,200,true,100,100,60
1767630758708,60,200,true,100,100,60
1767630758709,60,200,true,100,100,60
1767630758711,59,200,true,100,100,59
1767630758712,59,200,true,100,100,59
1767630758712,60,200,true,100,100,60
1767630758713,60,200,true,100,100,60
1767630758714,60,200,true,100,100,60
1767630758715,60,200,true,100,100,60
1767630758716,60,200,true,100,100,60
1767630758717,60,200,true,100,100,60
1767630758718,60,200,true,100,100,60
1767630758719,60,200,true,100,100,60
1767630758720,59,200,true,100,100,59
1767630758720,60,200,true,100,100,60
1767630758721,60,200,true,100,100,60
1767630758722,60,200,true,100,100,60
1767630758723,60,200,true,100,100,60
1767630758724,60,200,true,100,100,60
1767630758725,60,200,true,100,100,60
1767630758726,60,200,true,100,100,60
1767630758727,60,200,true,100,100,60
1767630758728,60,200,true,100,100,60
1767630758729,60,200,true,100,100,60
1767630758730,59,200,true,100,100,59
1767630758731,59,200,true,100,100,59
1767630758732,59,200,true,100,100,59
1767630758733,59,200,true,100,100,59
1767630758669,124,200,true,100,100,124
1767630757667,1127,200,true,100,100,1127
1767630758735,60,200,true,100,100,60
1767630758735,61,200,true,100,100,61
1767630758737,60,200,true,100,100,60
1767630758737,61,200,true,100,100,61
1767630758738,61,200,true,100,100,61
1767630758739,61,200,true,100,100,61
1767630758740,61,200,true,100,100,61
1767630758741,61,200,true,100,100,61
1767630758742,61,200,true,100,100,61
1767630758743,60,200,true,100,100,60
1767630758744,60,200,true,100,100,60
1767630758745,60,200,true,100,100,60
1767630758746,60,200,true,100,100,60
1767630758747,60,200,true,100,100,60
1767630758748,60,200,true,100,100,60
1767630758748,61,200,true,100,100,61
1767630758749,61,200,true,100,100,61
1767630758750,61,200,true,100,100,61
1767630758751,61,200,true,100,100,61
1767630758752,61,200,true,100,100,61
1767630758753,61,200,true,100,100,61
1767630758754,61,200,true,100,100,61
1767630758755,61,200,true,100,100,61
1767630758756,61,200,true,100,100,61
1767630758757,60,200,true,100,100,60
1767630758757,61,200,true,100,100,61
1767630758758,62,200,true,100,100,62
1767630758759,62,200,true,100,100,62
1767630758761,61,200,true,100,100,61
1767630758761,62,200,true,100,100,62
1767630758762,62,200,true,100,100,62
1767630758763,63,200,true,100,100,63
1767630758764,63,200,true,100,100,63
1767630758765,63,200,true,100,100,63
1767630758766,63,200,true,100,100,63
1767630758767,64,200,true,100,100,64
1767630758768,64,200,true,100,100,64
1767630758769,64,200,true,100,100,64
1767630758769,65,200,true,100,100,65
1767630758770,65,200,true,100,100,65
1767630758771,64,200,true,100,100,64
1767630758772,64,200,true,100,100,64
1767630758773,64,200,true,100,100,64
1767630758774,64,200,true,100,100,64
1767630758775,64,200,true,100,100,64
1767630758776,64,200,true,100,100,64
1767630758777,64,200,true,100,100,64
1767630758778,64,200,true,100,100,64
1767630758779,64,200,true,100,100,64
1767630758780,64,200,true,100,100,64
1767630758780,65,200,true,100,100,65
1767630758781,64,200,true,100,100,64
1767630758782,65,200,true,100,100,65
1767630758783,65,200,true,100,100,65
1767630758784,64,200,true,100,100,64
1767630758785,64,200,true,100,100,64
1767630758786,64,200,true,100,100,64
1767630758787,64,200,true,100,100,64
1767630758788,64,200,true,100,100,64
1767630758789,64,200,true,100,100,64
1767630758790,64,200,true,100,100,64
1767630758791,64,200,true,100,100,64
1767630758791,65,200,true,100,100,65
1767630758792,65,200,true,100,100,65
1767630758794,64,200,true,100,100,64
1767630758734,124,200,true,100,100,124
1767630757664,1195,200,true,100,100,1195
1767630758796,64,200,true,100,100,64
1767630758796,65,200,true,100,100,65
1767630758797,65,200,true,100,100,65
1767630758798,65,200,true,100,100,65
1767630758799,65,200,true,100,100,65
1767630758800,65,200,true,100,100,65
1767630758801,65,200,true,100,100,65
1767630758802,65,200,true,100,100,65
1767630758803,65,200,true,100,100,65
1767630758804,65,200,true,100,100,65
1767630758804,66,200,true,100,100,66
1767630758805,65,200,true,100,100,65
1767630758806,65,200,true,100,100,65
1767630758807,65,200,true,100,100,65
1767630758808,65,200,true,100,100,65
1767630758809,65,200,true,100,100,65
1767630758810,65,200,true,100,100,65
1767630758811,65,200,true,100,100,65
1767630758812,65,200,true,100,100,65
1767630758813,65,200,true,100,100,65
1767630758814,65,200,true,100,100,65
1767630758815,65,200,true,100,100,65
1767630758816,65,200,true,100,100,65
1767630758817,65,200,true,100,100,65
1767630758817,66,200,true,100,100,66
1767630758819,64,200,true,100,100,64
1767630758820,64,200,true,100,100,64
1767630758821,64,200,true,100,100,64
1767630758822,64,200,true,100,100,64
1767630758823,64,200,true,100,100,64
1767630758824,64,200,true,100,100,64
1767630758826,63,200,true,100,100,63
1767630758827,63,200,true,100,100,63
1767630758828,63,200,true,100,100,63
1767630758830,62,200,true,100,100,62
1767630758831,61,200,true,100,100,61
1767630758832,61,200,true,100,100,61
1767630758833,61,200,true,100,100,61
1767630758834,61,200,true,100,100,61
1767630758835,61,200,true,100,100,61
1767630758836,61,200,true,100,100,61
1767630758836,62,200,true,100,100,62
1767630758837,62,200,true,100,100,62
1767630758838,62,200,true,100,100,62
1767630758839,62,200,true,100,100,62
1767630758840,62,200,true,100,100,62
1767630758841,61,200,true,100,100,61
1767630758842,61,200,true,100,100,61
1767630758843,61,200,true,100,100,61
1767630758844,61,200,true,100,100,61
1767630758845,61,200,true,100,100,61
1767630758846,61,200,true,100,100,61
1767630758847,61,200,true,100,100,61
1767630758848,61,200,true,100,100,61
1767630758849,61,200,true,100,100,61
1767630758849,62,200,true,100,100,62
1767630758850,62,200,true,100,100,62
1767630758851,62,200,true,100,100,61
1767630758852,62,200,true,100,100,62
1767630758853,62,200,true,100,100,62
1767630758854,62,200,true,100,100,62
1767630758855,61,200,true,100,100,61
1767630758856,61,200,true,100,100,61
1767630758857,61,200,true,100,100,61
1767630758858,61,200,true,100,100,61
1767630758859,61,200,true,100,100,61
1767630758794,127,200,true,100,100,127
1767630757666,1256,200,true,100,100,1256
1767630758860,63,200,true,100,100,63
1767630758861,63,200,true,100,100,63
1767630758862,63,200,true,100,100,63
1767630758863,63,200,true,100,100,63
1767630758864,62,200,true,100,100,62
1767630758865,62,200,true,100,100,62
1767630758866,62,200,true,100,100,62
1767630758867,62,200,true,100,100,62
1767630758868,62,200,true,100,100,62
1767630758869,62,200,true,100,100,62
1767630758870,62,200,true,100,100,62
1767630758871,62,200,true,100,100,62
1767630758872,62,200,true,100,100,62
1767630758872,63,200,true,100,100,63
1767630758873,63,200,true,100,100,63
1767630758874,63,200,true,100,100,63
1767630758875,63,200,true,100,100,63
1767630758876,63,200,true,100,100,62
1767630758877,62,200,true,100,100,62
1767630758878,62,200,true,100,100,62
1767630758879,62,200,true,100,100,62
1767630758880,62,200,true,100,100,62
1767630758881,62,200,true,100,100,62
1767630758882,62,200,true,100,100,62
1767630758883,62,200,true,100,100,62
1767630758884,62,200,true,100,100,62
1767630758884,62,200,true,100,100,62
1767630758885,63,200,true,100,100,63
1767630758886,63,200,true,100,100,63
1767630758887,63,200,true,100,100,63
1767630758888,63,200,true,100,100,63
1767630758889,63,200,true,100,100,63
1767630758890,63,200,true,100,100,63
1767630758891,63,200,true,100,100,63
1767630758892,63,200,true,100,100,63
1767630758893,63,200,true,100,100,63
1767630758893,64,200,true,100,100,64
1767630758894,64,200,true,100,100,64
1767630758895,64,200,true,100,100,64
1767630758896,63,200,true,100,100,63
1767630758897,63,200,true,100,100,63
1767630758898,63,200,true,100,100,63
1767630758899,63,200,true,100,100,63
1767630758900,63,200,true,100,100,63
1767630758901,63,200,true,100,100,63
1767630758902,63,200,true,100,100,63
1767630758903,63,200,true,100,100,63
1767630758903,64,200,true,100,100,64
1767630758904,64,200,true,100,100,64
1767630758905,64,200,true,100,100,64
1767630758906,64,200,true,100,100,64
1767630758907,63,200,true,100,100,63
1767630758908,63,200,true,100,100,63
1767630758909,63,200,true,100,100,63
1767630758910,63,200,true,100,100,63
1767630758911,63,200,true,100,100,63
1767630758912,63,200,true,100,100,63
1767630758913,63,200,true,100,100,63
1767630758914,63,200,true,100,100,63
1767630758915,63,200,true,100,100,63
1767630758916,63,200,true,100,100,63
1767630758917,63,200,true,100,100,63
1767630758917,63,200,true,100,100,63
1767630758918,64,200,true,100,100,64
1767630758919,64,200,true,100,100,64
1767630758920,64,200,true,100,100,64
1767630758921,63,200,true,100,100,63
1767630758859,126,200,true,100,100,126
1767630757663,1323,200,true,100,100,1323
1767630758923,64,200,true,100,100,64
1767630758924,64,200,true,100,100,64
1767630758925,64,200,true,100,100,64
1767630758926,64,200,true,100,100,64
1767630758927,64,200,true,100,100,64
1767630758927,65,200,true,100,100,65
1767630758928,65,200,true,100,100,65
1767630758929,65,200,true,100,100,65
1767630758930,64,200,true,100,100,64
1767630758931,64,200,true,100,100,64
1767630758932,64,200,true,100,100,64
1767630758933,64,200,true,100,100,64
1767630758934,64,200,true,100,100,64
1767630758935,64,200,true,100,100,64
1767630758936,64,200,true,100,100,64
1767630758937,64,200,true,100,100,64
1767630758938,64,200,true,100,100,64
1767630758939,64,200,true,100,100,64
1767630758939,65,200,true,100,100,65
1767630758940,65,200,true,100,100,65
1767630758941,64,200,true,100,100,64
1767630758942,64,200,true,100,100,64
1767630758943,64,200,true,100,100,64
1767630758944,64,200,true,100,100,64
1767630758945,64,200,true,100,100,64
1767630758946,64,200,true,100,100,64
1767630758947,64,200,true,100,100,64
1767630758948,64,200,true,100,100,64
1767630758949,64,200,true,100,100,64
1767630758950,63,200,true,100,100,63
1767630758951,63,200,true,100,100,63
1767630758952,64,200,true,100,100,64
1767630758953,63,200,true,100,100,63
1767630758954,63,200,true,100,100,63
1767630758955,63,200,true,100,100,63
1767630758956,63,200,true,100,100,63
1767630758957,63,200,true,100,100,63
1767630758958,63,200,true,100,100,63
1767630758959,63,200,true,100,100,63
1767630758960,63,200,true,100,100,63
1767630758960,64,200,true,100,100,64
1767630758961,63,200,true,100,100,63
1767630758962,63,200,true,100,100,63
1767630758963,63,200,true,100,100,63
1767630758964,63,200,true,100,100,63
1767630758965,63,200,true,100,100,63
1767630758966,63,200,true,100,100,63
1767630758967,63,200,true,100,100,63
1767630758968,63,200,true,100,100,63
1767630758969,63,200,true,100,100,63
1767630758970,63,200,true,100,100,63
1767630758971,63,200,true,100,100,63
1767630758972,63,200,true,100,100,63
1767630758972,63,200,true,100,100,63
1767630758973,63,200,true,100,100,63
1767630758974,63,200,true,100,100,63
1767630758975,63,200,true,100,100,63
1767630758976,63,200,true,100,100,63
1767630758977,63,200,true,100,100,63
1767630758978,63,200,true,100,100,63
1767630758979,63,200,true,100,100,63
1767630758980,63,200,true,100,100,63
1767630758981,63,200,true,100,100,63
1767630758982,62,200,true,100,100,62
1767630758983,62,200,true,100,100,62
1767630758984,62,200,true,100,100,62
1767630758984,63,200,true,100,100,63
1767630758985,63,200,true,100,100,63
1767630758922,127,200,true,100,100,127
1767630757664,1386,200,true,100,100,1386
1767630758987,64,200,true,100,100,64
1767630758988,64,200,true,100,100,64
1767630758989,64,200,true,100,100,64
1767630758990,64,200,true,100,100,64
1767630758991,64,200,true,100,100,64
1767630758992,64,200,true,100,100,64
1767630758993,64,200,true,100,100,64
1767630758994,64,200,true,100,100,64
1767630758994,65,200,true,100,100,65
1767630758995,64,200,true,100,100,64
1767630758996,64,200,true,100,100,64
1767630758997,64,200,true,100,100,64
1767630758998,64,200,true,100,100,64
1767630758999,64,200,true,100,100,64
1767630759000,64,200,true,100,100,64
1767630759001,64,200,true,100,100,64
1767630759002,64,200,true,100,100,64
1767630759003,64,200,true,100,100,64
1767630759004,64,200,true,100,100,64
1767630759005,64,200,true,100,100,64
1767630759006,64,200,true,100,100,64
1767630759006,64,200,true,100,100,64
1767630759007,64,200,true,100,100,64
1767630759008,64,200,true,100,100,64
1767630759009,64,200,true,100,100,64
1767630759010,64,200,true,100,100,64
1767630759011,64,200,true,100,100,64
1767630759012,64,200,true,100,100,64
1767630759013,64,200,true,100,100,64
1767630759014,64,200,true,100,100,64
1767630759014,65,200,true,100,100,65
1767630759016,63,200,true,100,100,63
1767630759017,63,200,true,100,100,63
1767630759018,63,200,true,100,100,63
1767630759018,64,200,true,100,100,64
1767630759019,64,200,true,100,100,64
1767630759020,64,200,true,100,100,64
1767630759021,64,200,true,100,100,64
1767630759022,64,200,true,100,100,64
1767630759023,64,200,true,100,100,64
1767630759024,64,200,true,100,100,64
1767630759025,64,200,true,100,100,64
1767630759025,64,200,true,100,100,64
1767630759026,64,200,true,100,100,64
1767630759027,64,200,true,100,100,64
1767630759028,64,200,true,100,100,64
1767630759029,64,200,true,100,100,64
1767630759030,64,200,true,100,100,64
1767630759031,64,200,true,100,100,64
1767630759032,64,200,true,100,100,64
1767630759033,64,200,true,100,100,64
1767630759034,63,200,true,100,100,63
1767630759035,64,200,true,100,100,64
1767630759036,64,200,true,100,100,64
1767630759036,64,200,true,100,100,64
1767630759037,64,200,true,100,100,64
1767630759038,64,200,true,100,100,64
1767630759039,64,200,true,100,100,64
1767630759040,64,200,true,100,100,64
1767630759041,64,200,true,100,100,64
1767630759042,64,200,true,100,100,64
1767630759043,64,200,true,100,100,64
1767630759044,64,200,true,100,100,64
1767630759045,64,200,true,100,100,64
1767630759045,65,200,true,100,100,65
1767630759046,64,200,true,100,100,64
1767630759047,64,200,true,100,100,64
1767630759049,63,200,true,100,100,63
1767630759049,64,200,true,100,100,64
1767630758986,128,200,true,100,100,128
1767630757667,1448,200,true,100,100,1448
1767630759051,65,200,true,100,100,65
1767630759052,65,200,true,100,100,65
1767630759053,65,200,true,100,100,65
1767630759054,65,200,true,100,100,65
1767630759055,65,200,true,100,100,65
1767630759056,65,200,true,100,100,65
1767630759057,65,200,true,100,100,65
1767630759058,65,200,true,100,100,65
1767630759059,65,200,true,100,100,65
1767630759060,65,200,true,100,100,65
1767630759060,66,200,true,100,100,65
1767630759061,65,200,true,100,100,65
1767630759062,65,200,true,100,100,65
1767630759063,65,200,true,100,100,65
1767630759064,65,200,true,100,100,65
1767630759065,65,200,true,100,100,65
1767630759066,65,200,true,100,100,65
1767630759067,65,200,true,100,100,65
1767630759068,65,200,true,100,100,65
1767630759069,65,200,true,100,100,65
1767630759070,65,200,true,100,100,65
1767630759070,66,200,true,100,100,66
1767630759072,65,200,true,100,100,65
1767630759072,66,200,true,100,100,66
1767630759073,65,200,true,100,100,65
1767630759074,65,200,true,100,100,65
1767630759075,65,200,true,100,100,65
1767630759076,65,200,true,100,100,65
1767630759077,65,200,true,100,100,65
1767630759078,65,200,true,100,100,65
1767630759079,65,200,true,100,100,65
1767630759079,66,200,true,100,100,66
1767630759080,65,200,true,100,100,65
1767630759081,65,200,true,100,100,65
1767630759082,65,200,true,100,100,65
1767630759083,66,200,true,100,100,65
1767630759084,65,200,true,100,100,65
1767630759085,65,200,true,100,100,65
1767630759086,65,200,true,100,100,65
1767630759087,65,200,true,100,100,65
1767630759088,65,200,true,100,100,65
1767630759089,65,200,true,100,100,65
1767630759090,65,200,true,100,100,65
1767630759090,66,200,true,100,100,66
1767630759091,65,200,true,100,100,65
1767630759092,65,200,true,100,100,65
1767630759093,65,200,true,100,100,65
1767630759094,65,200,true,100,100,65
1767630759095,65,200,true,100,100,65
1767630759096,65,200,true,100,100,65
1767630759097,65,200,true,100,100,65
1767630759098,65,200,true,100,100,65
1767630759099,65,200,true,100,100,65
1767630759100,65,200,true,100,100,65
1767630759101,65,200,true,100,100,65
1767630759101,66,200,true,100,100,66
1767630759102,66,200,true,100,100,66
1767630759103,66,200,true,100,100,66
1767630759104,66,200,true,100,100,66
1767630759105,65,200,true,100,100,65
1767630759106,65,200,true,100,100,65
1767630759107,65,200,true,100,100,65
1767630759108,65,200,true,100,100,65
1767630759109,65,200,true,100,100,65
1767630759110,65,200,true,100,100,65
1767630759111,65,200,true,100,100,65
1767630759112,65,200,true,100,100,65
1767630759112,66,200,true,100,100,66
1767630759113,66,200,true,100,100,66
1767630759114,66,200,true,100,100,66
1767630759051,129,200,true,100,100,129
1767630757664,1518,200,true,100,100,1518
1767630759116,67,200,true,100,100,67
1767630759117,67,200,true,100,100,67
1767630759118,67,200,true,100,100,67
1767630759119,67,200,true,100,100,67
1767630759120,66,200,true,100,100,66
1767630759121,66,200,true,100,100,66
1767630759122,66,200,true,100,100,66
1767630759123,66,200,true,100,100,66
1767630759124,66,200,true,100,100,66
1767630759125,66,200,true,100,100,66
1767630759126,66,200,true,100,100,66
1767630759126,67,200,true,100,100,67
1767630759127,67,200,true,100,100,67
1767630759128,67,200,true,100,100,66
1767630759129,66,200,true,100,100,66
1767630759130,66,200,true,100,100,66
1767630759131,66,200,true,100,100,66
1767630759132,66,200,true,100,100,66
1767630759133,66,200,true,100,100,66
1767630759134,66,200,true,100,100,66
1767630759135,66,200,true,100,100,66
1767630759136,66,200,true,100,100,66
1767630759137,66,200,true,100,100,66
1767630759138,66,200,true,100,100,66
1767630759138,67,200,true,100,100,67
1767630759139,67,200,true,100,100,67
1767630759140,67,200,true,100,100,66
1767630759141,66,200,true,100,100,66
1767630759142,66,200,true,100,100,66
1767630759143,66,200,true,100,100,66
1767630759144,66,200,true,100,100,66
1767630759145,66,200,true,100,100,66
1767630759146,66,200,true,100,100,66
1767630759146,67,200,true,100,100,67
1767630759147,67,200,true,100,100,67
1767630759149,66,200,true,100,100,66
1767630759149,67,200,true,100,100,67
1767630759150,67,200,true,100,100,67
1767630759151,67,200,true,100,100,67
1767630759152,66,200,true,100,100,66
1767630759153,66,200,true,100,100,66
1767630759154,66,200,true,100,100,66
1767630759155,66,200,true,100,100,66
1767630759156,66,200,true,100,100,66
1767630759157,66,200,true,100,100,66
1767630759157,67,200,true,100,100,67
1767630759158,67,200,true,100,100,67
1767630759159,67,200,true,100,100,67
1767630759160,67,200,true,100,100,67
1767630759161,66,200,true,100,100,66
1767630759162,66,200,true,100,100,66
1767630759163,66,200,true,100,100,66
1767630759164,66,200,true,100,100,66
1767630759165,66,200,true,100,100,66
1767630759166,66,200,true,100,100,66
1767630759167,66,200,true,100,100,66
1767630759168,66,200,true,100,100,66
1767630759169,66,200,true,100,100,66
1767630759170,66,200,true,100,100,66
1767630759171,66,200,true,100,100,66
1767630759171,67,200,true,100,100,67
1767630759172,67,200,true,100,100,67
1767630759173,66,200,true,100,100,66
1767630759174,66,200,true,100,100,66
1767630759175,66,200,true,100,100,66
1767630759176,66,200,true,100,100,66
1767630759177,66,200,true,100,100,66
1767630759178,66,200,true,100,100,66
1767630759179,66,200,true,100,100,66
1767630759180,66,200,true,100,100,66
1767630759181,66,200,true,100,100,66
1767630759115,133,200,true,100,100,133
1767630757667,1582,200,true,100,100,1582
1767630759183,67,200,true,100,100,67
1767630759184,67,200,true,100,100,67
1767630759185,67,200,true,100,100,67
1767630759186,67,200,true,100,100,67
1767630759187,67,200,true,100,100,67
1767630759187,67,200,true,100,100,67
1767630759188,67,200,true,100,100,67
1767630759189,67,200,true,100,100,67
1767630759190,67,200,true,100,100,67
1767630759191,67,200,true,100,100,67
1767630759192,67,200,true,100,100,67
1767630759193,67,200,true,100,100,67
1767630759194,67,200,true,100,100,67
1767630759195,67,200,true,100,100,67
1767630759195,67,200,true,100,100,67
1767630759196,67,200,true,100,100,67
1767630759197,67,200,true,100,100,67
1767630759198,68,200,true,100,100,68
1767630759199,67,200,true,100,100,67
1767630759200,67,200,true,100,100,67
1767630759201,67,200,true,100,100,67
1767630759202,67,200,true,100,100,67
1767630759203,67,200,true,100,100,67
1767630759204,67,200,true,100,100,67
1767630759205,67,200,true,100,100,67
1767630759206,67,200,true,100,100,67
1767630759207,66,200,true,100,100,66
1767630759208,66,200,true,100,100,66
1767630759208,67,200,true,100,100,67
1767630759209,67,200,true,100,100,67
1767630759210,67,200,true,100,100,67
1767630759211,67,200,true,100,100,67
1767630759212,67,200,true,100,100,67
1767630759213,67,200,true,100,100,67
1767630759214,67,200,true,100,100,67
1767630759215,67,200,true,100,100,67
1767630759216,67,200,true,100,100,67
1767630759217,67,200,true,100,100,67
1767630759218,66,200,true,100,100,66
1767630759219,66,200,true,100,100,66
1767630759219,67,200,true,100,100,67
1767630759220,67,200,true,100,100,67
1767630759221,67,200,true,100,100,67
1767630759222,67,200,true,100,100,67
1767630759223,67,200,true,100,100,67
1767630759224,67,200,true,100,100,67
1767630759225,67,200,true,100,100,67
1767630759226,66,200,true,100,100,66
1767630759227,66,200,true,100,100,66
1767630759228,66,200,true,100,100,66
1767630759228,67,200,true,100,100,67
1767630759229,67,200,true,100,100,67
1767630759230,67,200,true,100,100,67
1767630759231,67,200,true,100,100,67
1767630759232,67,200,true,100,100,67
1767630759233,67,200,true,100,100,67
1767630759234,67,200,true,100,100,67
1767630759235,67,200,true,100,100,67
1767630759236,67,200,true,100,100,67
1767630759237,67,200,true,100,100,67
1767630759238,66,200,true,100,100,66
1767630759239,66,200,true,100,100,66
1767630759240,66,200,true,100,100,66
1767630759240,67,200,true,100,100,67
1767630759241,67,200,true,100,100,67
1767630759242,67,200,true,100,100,67
1767630759243,67,200,true,100,100,67
1767630759244,67,200,true,100,100,67
1767630759245,67,200,true,100,100,67
1767630759246,67,200,true,100,100,67
1767630759247,66,200,true,100,100,66
1767630759248,67,200,true,100,100,67
1767630759182,134,200,true,100,100,134
1767630757659,1658,200,true,100,100,1657
1767630759250,67,200,true,100,100,67
1767630759251,67,200,true,100,100,67
1767630759252,67,200,true,100,100,67
1767630759253,67,200,true,100,100,67
1767630759254,67,200,true,100,100,67
1767630759254,68,200,true,100,100,68
1767630759255,68,200,true,100,100,68
1767630759256,68,200,true,100,100,68
1767630759257,68,200,true,100,100,68
1767630759258,68,200,true,100,100,68
1767630759259,68,200,true,100,100,68
1767630759260,67,200,true,100,100,67
1767630759261,67,200,true,100,100,67
1767630759262,67,200,true,100,100,67
1767630759263,67,200,true,100,100,67
1767630759263,69,200,true,100,100,69
1767630759264,68,200,true,100,100,68
1767630759266,67,200,true,100,100,67
1767630759266,68,200,true,100,100,68
1767630759267,68,200,true,100,100,68
1767630759268,68,200,true,100,100,68
1767630759269,68,200,true,100,100,68
1767630759270,68,200,true,100,100,68
1767630759271,68,200,true,100,100,68
1767630759272,68,200,true,100,100,68
1767630759273,68,200,true,100,100,68
1767630759274,67,200,true,100,100,67
1767630759274,68,200,true,100,100,68
1767630759275,68,200,true,100,100,68
1767630759276,68,200,true,100,100,68
1767630759277,68,200,true,100,100,68
1767630759278,68,200,true,100,100,68
1767630759279,68,200,true,100,100,68
1767630759280,68,200,true,100,100,68
1767630759281,68,200,true,100,100,68
1767630759282,68,200,true,100,100,68
1767630759283,68,200,true,100,100,68
1767630759284,68,200,true,100,100,68
1767630759285,68,200,true,100,100,68
1767630759285,69,200,true,100,100,69
1767630759286,68,200,true,100,100,68
1767630759287,68,200,true,100,100,68
1767630759288,68,200,true,100,100,68
1767630759289,68,200,true,100,100,68
1767630759290,68,200,true,100,100,68
1767630759291,68,200,true,100,100,68
1767630759292,68,200,true,100,100,68
1767630759292,69,200,true,100,100,69
1767630759293,69,200,true,100,100,69
1767630759294,69,200,true,100,100,69
1767630759295,68,200,true,100,100,68
1767630759296,68,200,true,100,100,68
1767630759297,69,200,true,100,100,69
1767630759298,69,200,true,100,100,68
1767630759299,68,200,true,100,100,68
1767630759300,68,200,true,100,100,68
1767630759301,68,200,true,100,100,68
1767630759302,68,200,true,100,100,68
1767630759303,68,200,true,100,100,68
1767630759304,68,200,true,100,100,68
1767630759305,68,200,true,100,100,68
1767630759305,69,200,true,100,100,69
1767630759306,69,200,true,100,100,69
1767630759307,69,200,true,100,100,69
1767630759308,68,200,true,100,100,68
1767630759309,68,200,true,100,100,68
1767630759310,68,200,true,100,100,68
1767630759311,68,200,true,100,100,68
1767630759312,68,200,true,100,100,68
1767630759313,68,200,true,100,100,68
1767630759313,69,200,true,100,100,69
1767630759315,68,200,true,100,100,68
1767630759316,68,200,true,100,100,68
1767630759249,136,200,true,100,100,136
1767630757668,1718,200,true,100,100,1718
1767630759318,69,200,true,100,100,69
1767630759318,70,200,true,100,100,70
1767630759319,70,200,true,100,100,70
1767630759320,70,200,true,100,100,70
1767630759321,70,200,true,100,100,70
1767630759322,69,200,true,100,100,69
1767630759323,69,200,true,100,100,69
1767630759324,69,200,true,100,100,69
1767630759325,69,200,true,100,100,69
1767630759326,69,200,true,100,100,69
1767630759327,69,200,true,100,100,69
1767630759328,69,200,true,100,100,69
1767630759328,70,200,true,100,100,70
1767630759329,70,200,true,100,100,70
1767630759330,70,200,true,100,100,70
1767630759332,69,200,true,100,100,69
1767630759333,69,200,true,100,100,69
1767630759333,70,200,true,100,100,70
1767630759334,69,200,true,100,100,69
1767630759335,69,200,true,100,100,69
1767630759336,69,200,true,100,100,69
1767630759337,69,200,true,100,100,69
1767630759338,69,200,true,100,100,69
1767630759339,69,200,true,100,100,69
1767630759340,69,200,true,100,100,69
1767630759341,69,200,true,100,100,69
1767630759342,69,200,true,100,100,69
1767630759342,70,200,true,100,100,70
1767630759343,69,200,true,100,100,69
1767630759344,69,200,true,100,100,69
1767630759345,69,200,true,100,100,69
1767630759346,69,200,true,100,100,69
1767630759347,69,200,true,100,100,69
1767630759348,69,200,true,100,100,69
1767630759349,69,200,true,100,100,69
1767630759350,69,200,true,100,100,69
1767630759351,69,200,true,100,100,69
1767630759352,69,200,true,100,100,69
1767630759353,69,200,true,100,100,69
1767630759354,69,200,true,100,100,69
1767630759355,68,200,true,100,100,68
1767630759355,69,200,true,100,100,69
1767630759356,69,200,true,100,100,69
1767630759357,69,200,true,100,100,69
1767630759358,69,200,true,100,100,69
1767630759359,69,200,true,100,100,69
1767630759360,69,200,true,100,100,69
1767630759361,69,200,true,100,100,69
1767630759362,69,200,true,100,100,69
1767630759363,68,200,true,100,100,68
1767630759363,70,200,true,100,100,70
1767630759364,70,200,true,100,100,70
1767630759366,69,200,true,100,100,69
1767630759367,68,200,true,100,100,68
1767630759367,69,200,true,100,100,69
1767630759368,69,200,true,100,100,69
1767630759369,69,200,true,100,100,69
1767630759370,69,200,true,100,100,69
1767630759371,69,200,true,100,100,69
1767630759372,69,200,true,100,100,69
1767630759373,69,200,true,100,100,69
1767630759374,69,200,true,100,100,69
1767630759375,69,200,true,100,100,69
1767630759376,68,200,true,100,100,68
1767630759376,69,200,true,100,100,69
1767630759377,69,200,true,100,100,69
1767630759378,69,200,true,100,100,69
1767630759379,69,200,true,100,100,69
1767630759380,69,200,true,100,100,69
1767630759381,69,200,true,100,100,69
1767630759382,69,200,true,100,100,69
1767630759383,69,200,true,100,100,69
1767630759384,69,200,true,100,100,69
1767630759385,69,200,true,100,100,69
1767630759317,138,200,true,100,100,138
1767630757668,1788,200,true,100,100,1788
1767630759387,70,200,true,100,100,70
1767630759388,70,200,true,100,100,70
1767630759389,70,200,true,100,100,70
1767630759390,69,200,true,100,100,69
1767630759391,69,200,true,100,100,69
1767630759391,70,200,true,100,100,70
1767630759392,70,200,true,100,100,70
1767630759393,70,200,true,100,100,70
1767630759394,70,200,true,100,100,70
1767630759395,70,200,true,100,100,70
1767630759396,70,200,true,100,100,70
1767630759397,70,200,true,100,100,70
1767630759398,70,200,true,100,100,70
1767630759399,70,200,true,100,100,70
1767630759400,70,200,true,100,100,70
1767630759401,70,200,true,100,100,70
1767630759402,69,200,true,100,100,69
1767630759403,69,200,true,100,100,69
1767630759403,70,200,true,100,100,70
1767630759404,70,200,true,100,100,70
1767630759405,70,200,true,100,100,70
1767630759406,70,200,true,100,100,70
1767630759407,70,200,true,100,100,70
1767630759408,70,200,true,100,100,70
1767630759409,70,200,true,100,100,70
1767630759410,70,200,true,100,100,70
1767630759411,69,200,true,100,100,69
1767630759412,69,200,true,100,100,69
1767630759412,70,200,true,100,100,70
1767630759413,70,200,true,100,100,70
1767630759414,70,200,true,100,100,70
1767630759416,69,200,true,100,100,69
1767630759416,70,200,true,100,100,70
1767630759417,70,200,true,100,100,70
1767630759418,70,200,true,100,100,70
1767630759419,70,200,true,100,100,70
1767630759420,70,200,true,100,100,70
1767630759421,70,200,true,100,100,70
1767630759422,69,200,true,100,100,69
1767630759423,69,200,true,100,100,69
1767630759423,70,200,true,100,100,70
1767630759424,70,200,true,100,100,70
1767630759425,70,200,true,100,100,70
1767630759426,70,200,true,100,100,70
1767630759427,70,200,true,100,100,70
1767630759428,70,200,true,100,100,70
1767630759429,70,200,true,100,100,70
1767630759430,70,200,true,100,100,70
1767630759431,70,200,true,100,100,70
1767630759432,70,200,true,100,100,70
1767630759433,69,200,true,100,100,69
1767630759434,69,200,true,100,100,69
1767630759435,69,200,true,100,100,69
1767630759436,69,200,true,100,100,69
1767630759436,70,200,true,100,100,70
1767630759437,70,200,true,100,100,70
1767630759438,70,200,true,100,100,70
1767630759439,70,200,true,100,100,70
1767630759440,70,200,true,100,100,70
1767630759441,70,200,true,100,100,70
1767630759442,69,200,true,100,100,69
1767630759443,69,200,true,100,100,69
1767630759444,69,200,true,100,100,69
1767630759445,69,200,true,100,100,69
1767630759445,70,200,true,100,100,70
1767630759446,70,200,true,100,100,70
1767630759447,70,200,true,100,100,70
1767630759448,70,200,true,100,100,70
1767630759449,70,200,true,100,100,70
1767630759450,70,200,true,100,100,70
1767630759451,70,200,true,100,100,70
1767630759452,70,200,true,100,100,70
1767630759453,70,200,true,100,100,70
1767630759454,70,200,true,100,100,70
1767630759455,70,200,true,100,100,70
1767630759386,140,200,true,100,100,140
1767630757668,1859,200,true,100,100,1859
1767630759457,71,200,true,100,100,71
1767630759458,71,200,true,100,100,71
1767630759459,71,200,true,100,100,71
1767630759460,71,200,true,100,100,71
1767630759460,72,200,true,100,100,72
1767630759461,72,200,true,100,100,72
1767630759462,72,200,true,100,100,72
1767630759463,72,200,true,100,100,72
1767630759464,72,200,true,100,100,72
1767630759465,72,200,true,100,100,72
1767630759466,71,200,true,100,100,71
1767630759467,71,200,true,100,100,71
1767630759468,71,200,true,100,100,71
1767630759469,71,200,true,100,100,71
1767630759470,71,200,true,100,100,71
1767630759471,71,200,true,100,100,71
1767630759472,71,200,true,100,100,71
1767630759472,72,200,true,100,100,72
1767630759473,72,200,true,100,100,72
1767630759474,72,200,true,100,100,72
1767630759475,71,200,true,100,100,71
1767630759476,71,200,true,100,100,71
1767630759477,71,200,true,100,100,71
1767630759478,71,200,true,100,100,71
1767630759479,71,200,true,100,100,71
1767630759480,71,200,true,100,100,71
1767630759480,72,200,true,100,100,72
1767630759481,72,200,true,100,100,72
1767630759483,71,200,true,100,100,71
1767630759483,72,200,true,100,100,72
1767630759484,72,200,true,100,100,72
1767630759485,72,200,true,100,100,72
1767630759486,72,200,true,100,100,72
1767630759487,72,200,true,100,100,72
1767630759488,71,200,true,100,100,71
1767630759489,71,200,true,100,100,71
1767630759490,71,200,true,100,100,71
1767630759491,71,200,true,100,100,71
1767630759491,72,200,true,100,100,72
1767630759492,72,200,true,100,100,72
1767630759493,72,200,true,100,100,72
1767630759494,72,200,true,100,100,72
1767630759495,72,200,true,100,100,72
1767630759496,72,200,true,100,100,72
1767630759497,72,200,true,100,100,72
1767630759498,71,200,true,100,100,71
1767630759499,71,200,true,100,100,71
1767630759500,71,200,true,100,100,71
1767630759501,71,200,true,100,100,71
1767630759502,71,200,true,100,100,71
1767630759502,72,200,true,100,100,72
1767630759504,71,200,true,100,100,71
1767630759504,72,200,true,100,100,72
1767630759505,72,200,true,100,100,72
1767630759506,71,200,true,100,100,71
1767630759507,71,200,true,100,100,71
1767630759508,71,200,true,100,100,71
1767630759509,71,200,true,100,100,71
1767630759510,71,200,true,100,100,71
1767630759511,71,200,true,100,100,71
1767630759512,71,200,true,100,100,71
1767630759512,72,200,true,100,100,72
1767630759513,72,200,true,100,100,72
1767630759514,72,200,true,100,100,72
1767630759515,72,200,true,100,100,72
1767630759516,72,200,true,100,100,72
1767630759517,72,200,true,100,100,72
1767630759518,72,200,true,100,100,72
1767630759519,71,200,true,100,100,71
1767630759520,71,200,true,100,100,71
1767630759521,71,200,true,100,100,71
1767630759522,71,200,true,100,100,71
1767630759523,71,200,true,100,100,71
1767630759524,71,200,true,100,100,71
1767630759525,71,200,true,100,100,71
1767630759526,71,200,true,100,100,71
1767630759456,142,200,true,100,100,142
1767630757668,1930,200,true,100,100,1930
1767630759528,72,200,true,100,100,72
1767630759529,72,200,true,100,100,72
1767630759530,72,200,true,100,100,72
1767630759531,72,200,true,100,100,72
1767630759532,71,200,true,100,100,71
1767630759533,71,200,true,100,100,71
1767630759534,71,200,true,100,100,71
1767630759535,71,200,true,100,100,71
1767630759536,71,200,true,100,100,71
1767630759537,71,200,true,100,100,71
1767630759538,71,200,true,100,100,71
1767630759538,72,200,true,100,100,72
1767630759539,72,200,true,100,100,72
1767630759540,71,200,true,100,100,71
1767630759541,71,200,true,100,100,71
1767630759542,71,200,true,100,100,71
1767630759543,71,200,true,100,100,71
1767630759544,71,200,true,100,100,71
1767630759545,71,200,true,100,100,71
1767630759546,71,200,true,100,100,71
1767630759547,71,200,true,100,100,71
1767630759547,72,200,true,100,100,72
1767630759548,72,200,true,100,100,72
1767630759549,72,200,true,100,100,72
1767630759551,71,200,true,100,100,71
1767630759551,72,200,true,100,100,72
1767630759552,71,200,true,100,100,71
1767630759553,71,200,true,100,100,71
1767630759554,71,200,true,100,100,71
1767630759555,71,200,true,100,100,71
1767630759556,71,200,true,100,100,71
1767630759557,71,200,true,100,100,71
1767630759558,71,200,true,100,100,71
1767630759559,71,200,true,100,100,71
1767630759559,72,200,true,100,100,72
1767630759560,71,200,true,100,100,71
1767630759561,71,200,true,100,100,71
1767630759562,72,200,true,100,100,72
1767630759563,71,200,true,100,100,71
1767630759564,71,200,true,100,100,71
1767630759565,71,200,true,100,100,71
1767630759566,71,200,true,100,100,71
1767630759567,71,200,true,100,100,71
1767630759568,71,200,true,100,100,71
1767630759569,71,200,true,100,100,71
1767630759570,71,200,true,100,100,71
1767630759570,72,200,true,100,100,72
1767630759571,71,200,true,100,100,71
1767630759572,71,200,true,100,100,71
1767630759573,71,200,true,100,100,71
1767630759574,71,200,true,100,100,71
1767630759575,71,200,true,100,100,71
1767630759576,71,200,true,100,100,71
1767630759577,71,200,true,100,100,71
1767630759578,71,200,true,100,100,71
1767630759578,72,200,true,100,100,72
1767630759579,72,200,true,100,100,72
1767630759580,72,200,true,100,100,72
1767630759581,72,200,true,100,100,72
1767630759582,72,200,true,100,100,72
1767630759583,71,200,true,100,100,71
1767630759584,71,200,true,100,100,71
1767630759585,71,200,true,100,100,71
1767630759586,71,200,true,100,100,71
1767630759587,71,200,true,100,100,71
1767630759588,71,200,true,100,100,71
1767630759589,71,200,true,100,100,71
1767630759590,71,200,true,100,100,71
1767630759590,72,200,true,100,100,72
1767630759591,72,200,true,100,100,72
1767630759592,71,200,true,100,100,71
1767630759593,71,200,true,100,100,71
1767630759594,71,200,true,100,100,71
1767630759595,71,200,true,100,100,71
1767630759596,71,200,true,100,100,71
1767630759597,71,200,true,100,100,71
1767630759598,71,200,true,100,100,71
1767630759527,143,200,true,100,100,143
1767630757668,2003,200,true,100,100,2003
1767630759600,72,200,true,100,100,72
1767630759601,72,200,true,100,100,72
1767630759602,72,200,true,100,100,72
1767630759603,72,200,true,100,100,72
1767630759604,72,200,true,100,100,72
1767630759604,72,200,true,100,100,72
1767630759605,72,200,true,100,100,72
1767630759606,72,200,true,100,100,72
1767630759607,72,200,true,100,100,72
1767630759608,72,200,true,100,100,72
1767630759609,72,200,true,100,100,72
1767630759610,72,200,true,100,100,72
1767630759611,72,200,true,100,100,72
1767630759612,72,200,true,100,100,72
1767630759612,73,200,true,100,100,73
1767630759613,73,200,true,100,100,73
1767630759614,73,200,true,100,100,73
1767630759615,73,200,true,100,100,73
1767630759616,72,200,true,100,100,72
1767630759617,72,200,true,100,100,72
1767630759618,72,200,true,100,100,72
1767630759619,72,200,true,100,100,72
1767630759620,72,200,true,100,100,72
1767630759621,72,200,true,100,100,72
1767630759622,72,200,true,100,100,72
1767630759623,72,200,true,100,100,72
1767630759624,72,200,true,100,100,72
1767630759624,72,200,true,100,100,72
1767630759625,72,200,true,100,100,72
1767630759626,72,200,true,100,100,72
1767630759627,72,200,true,100,100,72
1767630759628,72,200,true,100,100,72
1767630759629,72,200,true,100,100,72
1767630759630,72,200,true,100,100,72
1767630759631,72,200,true,100,100,72
1767630759632,72,200,true,100,100,72
1767630759632,73,200,true,100,100,73
1767630759634,72,200,true,100,100,72
1767630759634,72,200,true,100,100,72
1767630759635,72,200,true,100,100,72
1767630759636,72,200,true,100,100,72
1767630759637,72,200,true,100,100,72
1767630759638,72,200,true,100,100,72
1767630759639,72,200,true,100,100,72
1767630759640,72,200,true,100,100,72
1767630759641,72,200,true,100,100,72
1767630759642,72,200,true,100,100,72
1767630759642,72,200,true,100,100,72
1767630759643,72,200,true,100,100,72
1767630759644,73,200,true,100,100,73
1767630759645,72,200,true,100,100,72
1767630759646,72,200,true,100,100,72
1767630759647,72,200,true,100,100,72
1767630759648,72,200,true,100,100,72
1767630759649,72,200,true,100,100,72
1767630759650,72,200,true,100,100,72
1767630759651,72,200,true,100,100,72
1767630759652,72,200,true,100,100,72
1767630759653,72,200,true,100,100,72
1767630759654,72,200,true,100,100,72
1767630759654,73,200,true,100,100,73
1767630759655,73,200,true,100,100,73
1767630759656,72,200,true,100,100,72
1767630759657,72,200,true,100,100,72
1767630759658,72,200,true,100,100,72
1767630759659,72,200,true,100,100,72
1767630759660,72,200,true,100,100,72
1767630759661,72,200,true,100,100,72
1767630759662,72,200,true,100,100,72
1767630759663,72,200,true,100,100,72
1767630759663,73,200,true,100,100,73
1767630759664,73,200,true,100,100,73
1767630759665,73,200,true,100,100,73
1767630759666,72,200,true,100,100,72
1767630759667,72,200,true,100,100,72
1767630759668,72,200,true,100,100,72
1767630759669,72,200,true,100,100,72
1767630759670,72,200,true,100,100,72
1767630759599,144,200,true,100,100,144
1767630757664,2080,200,true,100,100,2080
1767630759672,73,200,true,100,100,73
1767630759673,73,200,true,100,100,73
1767630759674,73,200,true,100,100,73
1767630759675,73,200,true,100,100,73
1767630759676,73,200,true,100,100,73
1767630759677,73,200,true,100,100,73
1767630759677,74,200,true,100,100,74
1767630759678,74,200,true,100,100,74
1767630759679,74,200,true,100,100,74
1767630759680,73,200,true,100,100,73
1767630759681,73,200,true,100,100,73
1767630759682,73,200,true,100,100,73
1767630759683,73,200,true,100,100,73
1767630759684,73,200,true,100,100,73
1767630759685,73,200,true,100,100,73
1767630759686,73,200,true,100,100,73
1767630759687,73,200,true,100,100,73
1767630759688,73,200,true,100,100,73
1767630759688,74,200,true,100,100,74
1767630759689,73,200,true,100,100,73
1767630759690,73,200,true,100,100,73
1767630759691,73,200,true,100,100,73
1767630759692,73,200,true,100,100,73
1767630759693,73,200,true,100,100,73
1767630759694,73,200,true,100,100,73
1767630759695,73,200,true,100,100,73
1767630759696,73,200,true,100,100,73
1767630759696,74,200,true,100,100,74
1767630759697,74,200,true,100,100,74
1767630759698,74,200,true,100,100,74
1767630759699,73,200,true,100,100,73
1767630759700,73,200,true,100,100,73
1767630759701,73,200,true,100,100,73
1767630759702,73,200,true,100,100,73
1767630759703,73,200,true,100,100,73
1767630759704,73,200,true,100,100,73
1767630759705,73,200,true,100,100,73
1767630759706,73,200,true,100,100,73
1767630759707,73,200,true,100,100,72
1767630759707,73,200,true,100,100,73
1767630759708,73,200,true,100,100,73
1767630759709,73,200,true,100,100,73
1767630759710,73,200,true,100,100,73
1767630759711,73,200,true,100,100,73
1767630759712,73,200,true,100,100,73
1767630759713,73,200,true,100,100,73
1767630759714,73,200,true,100,100,73
1767630759715,73,200,true,100,100,73
1767630759716,73,200,true,100,100,73
1767630759717,73,200,true,100,100,73
1767630759718,72,200,true,100,100,72
1767630759719,72,200,true,100,100,72
1767630759719,73,200,true,100,100,73
1767630759720,73,200,true,100,100,73
1767630759721,73,200,true,100,100,73
1767630759722,73,200,true,100,100,73
1767630759723,73,200,true,100,100,73
1767630759724,73,200,true,100,100,73
1767630759725,73,200,true,100,100,73
1767630759726,72,200,true,100,100,72
1767630759727,73,200,true,100,100,73
1767630759728,73,200,true,100,100,73
1767630759728,73,200,true,100,100,73
1767630759729,73,200,true,100,100,73
1767630759730,73,200,true,100,100,73
1767630759731,73,200,true,100,100,73
1767630759732,73,200,true,100,100,73
1767630759733,73,200,true,100,100,73
1767630759734,73,200,true,100,100,73
1767630759735,73,200,true,100,100,73
1767630759736,73,200,true,100,100,73
1767630759737,73,200,true,100,100,73
1767630759738,72,200,true,100,100,72
1767630759739,72,200,true,100,100,72
1767630759740,72,200,true,100,100,72
1767630759740,73,200,true,100,100,73
1767630759741,73,200,true,100,100,73
1767630759742,73,200,true,100,100,73
1767630759743,73,200,true,100,100,73
1767630759671,146,200,true,100,100,146
1767630757668,2152,200,true,100,100,2152
1767630759745,77,200,true,100,100,77
1767630759746,78,200,true,100,100,78
1767630759747,79,200,true,100,100,79
1767630759748,79,200,true,100,100,79
1767630759749,79,200,true,100,100,79
1767630759750,79,200,true,100,100,79
1767630759751,79,200,true,100,100,79
1767630759752,79,200,true,100,100,79
1767630759753,79,200,true,100,100,79
1767630759753,80,200,true,100,100,80
1767630759754,80,200,true,100,100,80
1767630759755,80,200,true,100,100,80
1767630759756,80,200,true,100,100,80
1767630759757,80,200,true,100,100,80
1767630759758,80,200,true,100,100,80
1767630759759,80,200,true,100,100,80
1767630759760,80,200,true,100,100,80
1767630759761,80,200,true,100,100,80
1767630759762,80,200,true,100,100,80
1767630759762,81,200,true,100,100,81
1767630759763,81,200,true,100,100,81
1767630759764,81,200,true,100,100,81
1767630759765,81,200,true,100,100,81
1767630759766,81,200,true,100,100,81
1767630759767,81,200,true,100,100,81
1767630759768,81,200,true,100,100,81
1767630759769,80,200,true,100,100,80
1767630759770,80,200,true,100,100,80
1767630759771,80,200,true,100,100,80
1767630759772,80,200,true,100,100,80
1767630759773,80,200,true,100,100,80
1767630759773,81,200,true,100,100,81
1767630759774,81,200,true,100,100,81
1767630759775,81,200,true,100,100,81
1767630759776,81,200,true,100,100,81
1767630759777,81,200,true,100,100,81
1767630759778,81,200,true,100,100,81
1767630759779,81,200,true,100,100,81
1767630759780,81,200,true,100,100,81
1767630759780,82,200,true,100,100,82
1767630759781,82,200,true,100,100,82
1767630759782,82,200,true,100,100,82
1767630759783,82,200,true,100,100,82
1767630759784,82,200,true,100,100,82
1767630759785,82,200,true,100,100,82
1767630759786,82,200,true,100,100,82
1767630759787,82,200,true,100,100,82
1767630759788,82,200,true,100,100,82
1767630759789,82,200,true,100,100,82
1767630759790,82,200,true,100,100,82
1767630759791,82,200,true,100,100,82
1767630759791,83,200,true,100,100,83
1767630759792,83,200,true,100,100,83
1767630759793,85,200,true,100,100,85
1767630759794,85,200,true,100,100,85
1767630759795,85,200,true,100,100,85
1767630759796,85,200,true,100,100,85
1767630759797,85,200,true,100,100,85
1767630759798,85,200,true,100,100,85
1767630759799,85,200,true,100,100,84
1767630759800,84,200,true,100,100,84
1767630759801,84,200,true,100,100,84
1767630759802,84,200,true,100,100,84
1767630759803,84,200,true,100,100,84
1767630759803,85,200,true,100,100,85
1767630759804,85,200,true,100,100,85
1767630759805,85,200,true,100,100,85
1767630759806,85,200,true,100,100,85
1767630759807,85,200,true,100,100,85
1767630759808,85,200,true,100,100,85
1767630759809,84,200,true,100,100,84
1767630759810,85,200,true,100,100,85
1767630759811,85,200,true,100,100,85
1767630759812,85,200,true,100,100,85
1767630759812,85,200,true,100,100,85
1767630759813,85,200,true,100,100,85
1767630759814,85,200,true,100,100,85
1767630759815,85,200,true,100,100,85
1767630759816,85,200,true,100,100,85
1767630759817,85,200,true,100,100,85
1767630759744,159,200,true,100,100,159
1767630757664,2240,200,true,100,100,2240
1767630759822,83,200,true,100,100,83
1767630759824,82,200,true,100,100,82
1767630759826,81,200,true,100,100,81
1767630759827,81,200,true,100,100,81
1767630759828,81,200,true,100,100,81
1767630759829,81,200,true,100,100,81
1767630759830,80,200,true,100,100,80
1767630759831,81,200,true,100,100,81
1767630759832,81,200,true,100,100,81
1767630759833,81,200,true,100,100,80
1767630759834,80,200,true,100,100,80
1767630759835,80,200,true,100,100,80
1767630759836,80,200,true,100,100,80
1767630759837,80,200,true,100,100,80
1767630759838,80,200,true,100,100,80
1767630759839,80,200,true,100,100,80
1767630759840,80,200,true,100,100,80
1767630759841,80,200,true,100,100,80
1767630759842,80,200,true,100,100,80
1767630759843,80,200,true,100,100,80
1767630759844,80,200,true,100,100,80
1767630759845,79,200,true,100,100,79
1767630759846,79,200,true,100,100,79
1767630759847,79,200,true,100,100,79
1767630759848,79,200,true,100,100,79
1767630759849,79,200,true,100,100,79
1767630759850,79,200,true,100,100,79
1767630759851,79,200,true,100,100,79
1767630759851,80,200,true,100,100,80
1767630759852,80,200,true,100,100,80
1767630759853,80,200,true,100,100,80
1767630759854,80,200,true,100,100,80
1767630759855,80,200,true,100,100,80
1767630759856,80,200,true,100,100,80
1767630759857,79,200,true,100,100,79
1767630759859,78,200,true,100,100,78
1767630759859,79,200,true,100,100,79
1767630759860,79,200,true,100,100,79
1767630759861,79,200,true,100,100,79
1767630759862,79,200,true,100,100,79
1767630759863,79,200,true,100,100,79
1767630759864,79,200,true,100,100,79
1767630759865,79,200,true,100,100,79
1767630759866,79,200,true,100,100,79
1767630759867,79,200,true,100,100,79
1767630759868,79,200,true,100,100,79
1767630759869,78,200,true,100,100,78
1767630759870,78,200,true,100,100,78
1767630759871,78,200,true,100,100,78
1767630759872,78,200,true,100,100,78
1767630759873,78,200,true,100,100,78
1767630759874,78,200,true,100,100,78
1767630759875,78,200,true,100,100,78
1767630759878,76,200,true,100,100,76
1767630759879,76,200,true,100,100,76
1767630759880,76,200,true,100,100,76
1767630759881,75,200,true,100,100,75
1767630759882,75,200,true,100,100,75
1767630759883,75,200,true,100,100,75
1767630759884,75,200,true,100,100,75
1767630759884,76,200,true,100,100,76
1767630759885,76,200,true,100,100,76
1767630759886,76,200,true,100,100,76
1767630759887,76,200,true,100,100,76
1767630759888,76,200,true,100,100,76
1767630759889,76,200,true,100,100,76
1767630759890,76,200,true,100,100,76
1767630759891,76,200,true,100,100,76
1767630759892,76,200,true,100,100,76
1767630759893,76,200,true,100,100,76
1767630759893,76,200,true,100,100,76
1767630759895,75,200,true,100,100,75
1767630759896,75,200,true,100,100,75
1767630759897,75,200,true,100,100,75
1767630759897,76,200,true,100,100,76
1767630759898,76,200,true,100,100,76
1767630759899,76,200,true,100,100,76
1767630759900,76,200,true,100,100,76
1767630759901,76,200,true,100,100,76
1767630759902,76,200,true,100,100,76
1767630759903,76,200,true,100,100,76
1767630759820,160,200,true,100,100,160
1767630757664,2317,200,true,100,100,2317
1767630759905,77,200,true,100,100,77
1767630759906,77,200,true,100,100,77
1767630759907,77,200,true,100,100,77
1767630759908,77,200,true,100,100,77
1767630759909,77,200,true,100,100,76
1767630759910,76,200,true,100,100,76
1767630759911,76,200,true,100,100,76
1767630759912,76,200,true,100,100,76
1767630759913,76,200,true,100,100,76
1767630759914,76,200,true,100,100,76
1767630759914,77,200,true,100,100,77
1767630759915,77,200,true,100,100,77
1767630759916,77,200,true,100,100,77
1767630759917,77,200,true,100,100,77
1767630759918,76,200,true,100,100,76
1767630759919,77,200,true,100,100,77
1767630759920,77,200,true,100,100,77
1767630759921,77,200,true,100,100,77
1767630759922,76,200,true,100,100,76
1767630759923,76,200,true,100,100,76
1767630759924,76,200,true,100,100,76
1767630759924,77,200,true,100,100,77
1767630759925,77,200,true,100,100,77
1767630759926,77,200,true,100,100,77
1767630759927,77,200,true,100,100,77
1767630759928,77,200,true,100,100,77
1767630759929,77,200,true,100,100,77
1767630759930,76,200,true,100,100,76
1767630759931,76,200,true,100,100,76
1767630759932,76,200,true,100,100,76
1767630759933,76,200,true,100,100,76
1767630759934,76,200,true,100,100,76
1767630759935,76,200,true,100,100,76
1767630759936,76,200,true,100,100,76
1767630759937,76,200,true,100,100,76
1767630759937,77,200,true,100,100,77
1767630759938,77,200,true,100,100,77
1767630759939,77,200,true,100,100,77
1767630759940,77,200,true,100,100,77
1767630759941,76,200,true,100,100,76
1767630759942,76,200,true,100,100,76
1767630759943,76,200,true,100,100,76
1767630759944,76,200,true,100,100,76
1767630759945,76,200,true,100,100,76
1767630759946,76,200,true,100,100,76
1767630759947,76,200,true,100,100,76
1767630759948,76,200,true,100,100,76
1767630759948,77,200,true,100,100,77
1767630759949,76,200,true,100,100,76
1767630759950,76,200,true,100,100,76
1767630759951,76,200,true,100,100,76
1767630759952,76,200,true,100,100,76
1767630759953,76,200,true,100,100,76
1767630759954,76,200,true,100,100,76
1767630759955,76,200,true,100,100,76
1767630759956,76,200,true,100,100,76
1767630759957,76,200,true,100,100,76
1767630759958,76,200,true,100,100,76
1767630759958,77,200,true,100,100,77
1767630759959,77,200,true,100,100,77
1767630759960,76,200,true,100,100,76
1767630759961,76,200,true,100,100,76
1767630759962,76,200,true,100,100,76
1767630759963,76,200,true,100,100,76
1767630759964,76,200,true,100,100,76
1767630759965,76,200,true,100,100,76
1767630759966,76,200,true,100,100,76
1767630759967,76,200,true,100,100,76
1767630759968,76,200,true,100,100,76
1767630759969,76,200,true,100,100,76
1767630759970,76,200,true,100,100,76
1767630759970,77,200,true,100,100,77
1767630759971,77,200,true,100,100,77
1767630759972,76,200,true,100,100,76
1767630759973,76,200,true,100,100,76
1767630759974,76,200,true,100,100,76
1767630759975,76,200,true,100,100,76
1767630759976,76,200,true,100,100,76
1767630759977,76,200,true,100,100,76
1767630759978,76,200,true,100,100,76
1767630759979,76,200,true,100,100,76
1767630759980,76,200,true,100,100,76
1767630759904,153,200,true,100,100,153
1767630757667,2391,200,true,100,100,2391
1767630759982,77,200,true,100,100,77
1767630759983,77,200,true,100,100,77
1767630759984,77,200,true,100,100,77
1767630759985,77,200,true,100,100,77
1767630759986,77,200,true,100,100,77
1767630759986,78,200,true,100,100,78
1767630759987,78,200,true,100,100,78
1767630759988,78,200,true,100,100,78
1767630759989,77,200,true,100,100,77
1767630759990,77,200,true,100,100,77
1767630759991,77,200,true,100,100,77
1767630759992,77,200,true,100,100,77
1767630759993,77,200,true,100,100,77
1767630759994,77,200,true,100,100,77
1767630759994,78,200,true,100,100,78
1767630759996,77,200,true,100,100,77
1767630759997,77,200,true,100,100,77
1767630759998,77,200,true,100,100,77
1767630759998,78,200,true,100,100,78
1767630759999,77,200,true,100,100,77
1767630760000,77,200,true,100,100,77
1767630760001,77,200,true,100,100,77
1767630760002,78,200,true,100,100,78
1767630760003,78,200,true,100,100,77
1767630760004,77,200,true,100,100,77
1767630760005,77,200,true,100,100,77
1767630760006,77,200,true,100,100,77
1767630760007,77,200,true,100,100,77
1767630760007,78,200,true,100,100,78
1767630760008,78,200,true,100,100,78
1767630760009,78,200,true,100,100,78
1767630760010,78,200,true,100,100,78
1767630760011,78,200,true,100,100,78
1767630760012,77,200,true,100,100,77
1767630760013,77,200,true,100,100,77
1767630760014,77,200,true,100,100,77
1767630760015,77,200,true,100,100,77
1767630760016,77,200,true,100,100,77
1767630760017,77,200,true,100,100,77
1767630760018,77,200,true,100,100,77
1767630760018,78,200,true,100,100,78
1767630760019,78,200,true,100,100,78
1767630760020,78,200,true,100,100,78
1767630760021,78,200,true,100,100,78
1767630760022,78,200,true,100,100,78
1767630760023,78,200,true,100,100,78
1767630760024,77,200,true,100,100,77
1767630760025,77,200,true,100,100,77
1767630760026,77,200,true,100,100,77
1767630760026,78,200,true,100,100,78
1767630760027,78,200,true,100,100,78
1767630760029,77,200,true,100,100,77
1767630760029,78,200,true,100,100,78
1767630760030,78,200,true,100,100,78
1767630760031,78,200,true,100,100,78
1767630760032,78,200,true,100,100,77
1767630760033,77,200,true,100,100,77
1767630760034,77,200,true,100,100,77
1767630760035,77,200,true,100,100,77
1767630760036,77,200,true,100,100,77
1767630760037,77,200,true,100,100,77
1767630760037,78,200,true,100,100,78
1767630760038,78,200,true,100,100,78
1767630760039,78,200,true,100,100,78
1767630760040,78,200,true,100,100,78
1767630760041,78,200,true,100,100,78
1767630760042,78,200,true,100,100,78
1767630760043,78,200,true,100,100,78
1767630760044,78,200,true,100,100,78
1767630760045,77,200,true,100,100,77
1767630760046,77,200,true,100,100,77
1767630760047,77,200,true,100,100,77
1767630760048,77,200,true,100,100,77
1767630760049,77,200,true,100,100,77
1767630760049,78,200,true,100,100,78
1767630760050,78,200,true,100,100,78
1767630760051,78,200,true,100,100,78
1767630760052,78,200,true,100,100,78
1767630760053,78,200,true,100,100,78
1767630760054,78,200,true,100,100,78
1767630760055,78,200,true,100,100,78
1767630760056,78,200,true,100,100,78
1767630760057,78,200,true,100,100,78
1767630759981,155,200,true,100,100,155
1767630757664,2473,200,true,100,100,2473
1767630760059,79,200,true,100,100,79
1767630760060,78,200,true,100,100,78
1767630760061,78,200,true,100,100,78
1767630760062,78,200,true,100,100,78
1767630760063,78,200,true,100,100,78
1767630760064,78,200,true,100,100,78
1767630760065,78,200,true,100,100,78
1767630760066,78,200,true,100,100,78
1767630760067,78,200,true,100,100,78
1767630760067,79,200,true,100,100,79
1767630760068,79,200,true,100,100,79
1767630760069,79,200,true,100,100,79
1767630760070,79,200,true,100,100,79
1767630760071,79,200,true,100,100,79
1767630760072,79,200,true,100,100,79
1767630760073,79,200,true,100,100,79
1767630760074,78,200,true,100,100,78
1767630760075,78,200,true,100,100,78
1767630760076,78,200,true,100,100,78
1767630760077,78,200,true,100,100,78
1767630760077,79,200,true,100,100,79
1767630760078,79,200,true,100,100,79
1767630760080,78,200,true,100,100,78
1767630760081,78,200,true,100,100,78
1767630760081,79,200,true,100,100,79
1767630760082,78,200,true,100,100,78
1767630760083,78,200,true,100,100,78
1767630760084,78,200,true,100,100,78
1767630760085,79,200,true,100,100,78
1767630760086,78,200,true,100,100,78
1767630760087,78,200,true,100,100,78
1767630760088,78,200,true,100,100,78
1767630760089,78,200,true,100,100,78
1767630760090,78,200,true,100,100,78
1767630760090,79,200,true,100,100,79
1767630760091,79,200,true,100,100,79
1767630760092,79,200,true,100,100,79
1767630760093,79,200,true,100,100,79
1767630760094,78,200,true,100,100,78
1767630760095,78,200,true,100,100,78
1767630760096,78,200,true,100,100,78
1767630760097,78,200,true,100,100,78
1767630760098,78,200,true,100,100,78
1767630760099,78,200,true,100,100,78
1767630760100,78,200,true,100,100,78
1767630760101,78,200,true,100,100,78
1767630760102,78,200,true,100,100,78
1767630760102,79,200,true,100,100,79
1767630760103,79,200,true,100,100,79
1767630760104,79,200,true,100,100,79
1767630760105,78,200,true,100,100,78
1767630760106,78,200,true,100,100,78
1767630760107,78,200,true,100,100,78
1767630760108,78,200,true,100,100,78
1767630760109,78,200,true,100,100,78
1767630760110,78,200,true,100,100,78
1767630760110,79,200,true,100,100,79
1767630760111,79,200,true,100,100,79
1767630760112,79,200,true,100,100,79
1767630760114,77,200,true,100,100,77
1767630760114,78,200,true,100,100,78
1767630760115,78,200,true,100,100,78
1767630760116,78,200,true,100,100,78
1767630760117,78,200,true,100,100,78
1767630760118,78,200,true,100,100,78
1767630760119,78,200,true,100,100,78
1767630760120,78,200,true,100,100,78
1767630760121,78,200,true,100,100,78
1767630760122,78,200,true,100,100,78
1767630760123,78,200,true,100,100,78
1767630760123,79,200,true,100,100,79
1767630760124,79,200,true,100,100,79
1767630760125,79,200,true,100,100,79
1767630760126,79,200,true,100,100,78
1767630760127,78,200,true,100,100,78
1767630760128,78,200,true,100,100,78
1767630760129,78,200,true,100,100,78
1767630760130,78,200,true,100,100,78
1767630760131,78,200,true,100,100,78
1767630760132,78,200,true,100,100,78
1767630760133,78,200,true,100,100,78
1767630760134,78,200,true,100,100,78
1767630760135,78,200,true,100,100,78
1767630760136,78,200,true,100,100,78
1767630760058,157,200,true,100,100,157
1767630757668,2548,200,true,100,100,2548
1767630760138,79,200,true,100,100,79
1767630760139,79,200,true,100,100,79
1767630760139,80,200,true,100,100,80
1767630760140,80,200,true,100,100,80
1767630760141,79,200,true,100,100,79
1767630760142,79,200,true,100,100,79
1767630760143,79,200,true,100,100,79
1767630760144,79,200,true,100,100,79
1767630760145,79,200,true,100,100,79
1767630760146,79,200,true,100,100,79
1767630760147,79,200,true,100,100,79
1767630760148,79,200,true,100,100,79
1767630760149,79,200,true,100,100,79
1767630760150,78,200,true,100,100,78
1767630760151,78,200,true,100,100,78
1767630760152,79,200,true,100,100,79
1767630760153,79,200,true,100,100,78
1767630760153,79,200,true,100,100,79
1767630760154,79,200,true,100,100,79
1767630760155,79,200,true,100,100,79
1767630760156,79,200,true,100,100,79
1767630760157,79,200,true,100,100,79
1767630760158,79,200,true,100,100,79
1767630760159,79,200,true,100,100,79
1767630760160,79,200,true,100,100,79
1767630760161,79,200,true,100,100,79
1767630760161,79,200,true,100,100,79
1767630760162,79,200,true,100,100,79
1767630760164,78,200,true,100,100,78
1767630760164,79,200,true,100,100,79
1767630760165,79,200,true,100,100,79
1767630760166,79,200,true,100,100,79
1767630760167,79,200,true,100,100,79
1767630760168,79,200,true,100,100,79
1767630760169,79,200,true,100,100,79
1767630760170,79,200,true,100,100,79
1767630760171,79,200,true,100,100,79
1767630760172,79,200,true,100,100,79
1767630760172,79,200,true,100,100,79
1767630760173,79,200,true,100,100,79
1767630760174,79,200,true,100,100,79
1767630760175,79,200,true,100,100,79
1767630760176,79,200,true,100,100,79
1767630760177,79,200,true,100,100,79
1767630760178,79,200,true,100,100,79
1767630760179,79,200,true,100,100,79
1767630760180,79,200,true,100,100,79
1767630760181,79,200,true,100,100,78
1767630760182,78,200,true,100,100,78
1767630760183,78,200,true,100,100,78
1767630760183,79,200,true,100,100,79
1767630760184,79,200,true,100,100,79
1767630760185,79,200,true,100,100,79
1767630760186,79,200,true,100,100,79
1767630760187,79,200,true,100,100,79
1767630760188,79,200,true,100,100,79
1767630760189,79,200,true,100,100,79
1767630760190,79,200,true,100,100,79
1767630760191,79,200,true,100,100,79
1767630760192,79,200,true,100,100,79
1767630760193,79,200,true,100,100,79
1767630760193,79,200,true,100,100,79
1767630760194,79,200,true,100,100,79
1767630760195,79,200,true,100,100,79
1767630760196,79,200,true,100,100,79
1767630760197,79,200,true,100,100,79
1767630760198,79,200,true,100,100,79
1767630760199,79,200,true,100,100,79
1767630760200,79,200,true,100,100,79
1767630760201,79,200,true,100,100,79
1767630760202,79,200,true,100,100,79
1767630760203,79,200,true,100,100,79
1767630760204,79,200,true,100,100,79
1767630760205,79,200,true,100,100,79
1767630760205,80,200,true,100,100,80
1767630760206,80,200,true,100,100,80
1767630760207,79,200,true,100,100,79
1767630760208,79,200,true,100,100,79
1767630760209,79,200,true,100,100,79
1767630760210,79,200,true,100,100,79
1767630760211,79,200,true,100,100,79
1767630760212,79,200,true,100,100,79
1767630760213,79,200,true,100,100,79
1767630760214,79,200,true,100,100,79
1767630760215,79,200,true,100,100,79
1767630760137,158,200,true,100,100,158
1767630757681,2615,200,true,100,100,2615
1767630760217,80,200,true,100,100,80
1767630760218,80,200,true,100,100,80
1767630760219,80,200,true,100,100,80
1767630760220,80,200,true,100,100,80
1767630760221,80,200,true,100,100,80
1767630760221,81,200,true,100,100,81
1767630760222,81,200,true,100,100,81
1767630760223,80,200,true,100,100,80
1767630760224,80,200,true,100,100,80
1767630760225,80,200,true,100,100,80
1767630760226,80,200,true,100,100,80
1767630760227,80,200,true,100,100,80
1767630760228,80,200,true,100,100,80
1767630760229,80,200,true,100,100,80
1767630760229,81,200,true,100,100,81
1767630760231,80,200,true,100,100,80
1767630760232,80,200,true,100,100,80
1767630760232,81,200,true,100,100,81
1767630760233,80,200,true,100,100,80
1767630760234,80,200,true,100,100,80
1767630760235,81,200,true,100,100,81
1767630760236,81,200,true,100,100,81
1767630760237,81,200,true,100,100,81
1767630760238,81,200,true,100,100,81
1767630760239,81,200,true,100,100,81
1767630760240,80,200,true,100,100,80
1767630760240,81,200,true,100,100,81
1767630760241,81,200,true,100,100,81
1767630760242,81,200,true,100,100,81
1767630760243,81,200,true,100,100,81
1767630760244,81,200,true,100,100,81
1767630760245,81,200,true,100,100,81
1767630760246,81,200,true,100,100,81
1767630760247,81,200,true,100,100,81
1767630760248,81,200,true,100,100,81
1767630760249,81,200,true,100,100,81
1767630760250,81,200,true,100,100,81
1767630760251,81,200,true,100,100,81
1767630760252,81,200,true,100,100,81
1767630760252,82,200,true,100,100,82
1767630760253,82,200,true,100,100,82
1767630760254,82,200,true,100,100,82
1767630760255,81,200,true,100,100,81
1767630760256,81,200,true,100,100,81
1767630760257,81,200,true,100,100,81
1767630760258,81,200,true,100,100,81
1767630760259,81,200,true,100,100,81
1767630760260,81,200,true,100,100,81
1767630760260,82,200,true,100,100,82
1767630760261,82,200,true,100,100,82
1767630760262,82,200,true,100,100,82
1767630760263,82,200,true,100,100,82
1767630760264,81,200,true,100,100,81
1767630760265,81,200,true,100,100,81
1767630760266,81,200,true,100,100,81
1767630760267,81,200,true,100,100,81
1767630760268,81,200,true,100,100,81
1767630760269,81,200,true,100,100,81
1767630760270,81,200,true,100,100,81
1767630760271,81,200,true,100,100,81
1767630760272,81,200,true,100,100,81
1767630760273,81,200,true,100,100,81
1767630760273,82,200,true,100,100,82
1767630760274,82,200,true,100,100,82
1767630760275,82,200,true,100,100,82
1767630760276,82,200,true,100,100,81
1767630760277,81,200,true,100,100,81
1767630760278,81,200,true,100,100,81
1767630760279,81,200,true,100,100,81
1767630760280,81,200,true,100,100,81
1767630760281,81,200,true,100,100,81
1767630760282,81,200,true,100,100,81
1767630760283,81,200,true,100,100,81
1767630760284,81,200,true,100,100,81
1767630760285,81,200,true,100,100,81
1767630760286,81,200,true,100,100,81
1767630760287,81,200,true,100,100,81
1767630760287,82,200,true,100,100,82
1767630760288,82,200,true,100,100,82
1767630760289,82,200,true,100,100,82
1767630760290,82,200,true,100,100,82
1767630760291,81,200,true,100,100,81
1767630760292,81,200,true,100,100,81
1767630760293,81,200,true,100,100,81
1767630760294,81,200,true,100,100,81
1767630760295,81,200,true,100,100,81
1767630760216,161,200,true,100,100,161
1767630757664,2714,200,true,100,100,2714
1767630760297,82,200,true,100,100,82
1767630760298,82,200,true,100,100,82
1767630760299,82,200,true,100,100,82
1767630760300,82,200,true,100,100,82
1767630760301,82,200,true,100,100,82
1767630760302,82,200,true,100,100,82
1767630760303,82,200,true,100,100,82
1767630760304,82,200,true,100,100,82
1767630760304,83,200,true,100,100,83
1767630760305,82,200,true,100,100,82
1767630760306,82,200,true,100,100,82
1767630760307,82,200,true,100,100,82
1767630760308,82,200,true,100,100,82
1767630760309,82,200,true,100,100,82
1767630760310,82,200,true,100,100,82
1767630760311,82,200,true,100,100,82
1767630760312,82,200,true,100,100,82
1767630760313,82,200,true,100,100,82
1767630760314,82,200,true,100,100,82
1767630760314,82,200,true,100,100,82
1767630760316,81,200,true,100,100,81
1767630760317,81,200,true,100,100,81
1767630760318,81,200,true,100,100,81
1767630760319,81,200,true,100,100,81
1767630760320,81,200,true,100,100,81
1767630760320,82,200,true,100,100,82
1767630760321,82,200,true,100,100,82
1767630760322,82,200,true,100,100,82
1767630760323,82,200,true,100,100,82
1767630760324,82,200,true,100,100,82
1767630760325,82,200,true,100,100,82
1767630760326,81,200,true,100,100,81
1767630760327,81,200,true,100,100,81
1767630760328,81,200,true,100,100,81
1767630760329,81,200,true,100,100,81
1767630760330,81,200,true,100,100,81
1767630760331,81,200,true,100,100,81
1767630760332,81,200,true,100,100,81
1767630760333,81,200,true,100,100,81
1767630760334,81,200,true,100,100,81
1767630760335,80,200,true,100,100,80
1767630760336,81,200,true,100,100,81
1767630760336,82,200,true,100,100,82
1767630760337,81,200,true,100,100,81
1767630760338,81,200,true,100,100,81
1767630760339,81,200,true,100,100,81
1767630760340,81,200,true,100,100,81
1767630760341,81,200,true,100,100,81
1767630760342,81,200,true,100,100,81
1767630760343,81,200,true,100,100,81
1767630760344,81,200,true,100,100,81
1767630760345,81,200,true,100,100,81
1767630760346,81,200,true,100,100,81
1767630760346,81,200,true,100,100,81
1767630760347,81,200,true,100,100,81
1767630760348,81,200,true,100,100,81
1767630760349,81,200,true,100,100,81
1767630760350,81,200,true,100,100,81
1767630760351,81,200,true,100,100,81
1767630760352,81,200,true,100,100,81
1767630760353,81,200,true,100,100,81
1767630760354,81,200,true,100,100,81
1767630760355,81,200,true,100,100,81
1767630760356,81,200,true,100,100,81
1767630760357,81,200,true,100,100,81
1767630760358,81,200,true,100,100,81
1767630760358,82,200,true,100,100,82
1767630760359,81,200,true,100,100,81
1767630760360,81,200,true,100,100,81
1767630760361,81,200,true,100,100,81
1767630760362,81,200,true,100,100,81
1767630760363,81,200,true,100,100,81
1767630760364,81,200,true,100,100,81
1767630760365,81,200,true,100,100,81
1767630760366,81,200,true,100,100,81
1767630760367,81,200,true,100,100,81
1767630760368,81,200,true,100,100,81
1767630760369,80,200,true,100,100,80
1767630760370,81,200,true,100,100,81
1767630760371,81,200,true,100,100,81
1767630760372,81,200,true,100,100,81
1767630760372,82,200,true,100,100,82
1767630760373,81,200,true,100,100,81
1767630760374,81,200,true,100,100,81
1767630760375,81,200,true,100,100,81
1767630760376,81,200,true,100,100,81
1767630760377,81,200,true,100,100,81
1767630760296,163,200,true,100,100,163
1767630757681,2779,200,true,100,100,2779
1767630760379,82,200,true,100,100,82
1767630760380,82,200,true,100,100,82
1767630760381,82,200,true,100,100,82
1767630760382,82,200,true,100,100,82
1767630760383,82,200,true,100,100,82
1767630760384,82,200,true,100,100,82
1767630760385,81,200,true,100,100,81
1767630760386,82,200,true,100,100,82
1767630760387,82,200,true,100,100,82
1767630760387,83,200,true,100,100,83
1767630760388,82,200,true,100,100,82
1767630760389,82,200,true,100,100,82
1767630760390,82,200,true,100,100,82
1767630760391,82,200,true,100,100,82
1767630760392,82,200,true,100,100,82
1767630760393,82,200,true,100,100,82
1767630760394,82,200,true,100,100,82
1767630760395,82,200,true,100,100,82
1767630760396,82,200,true,100,100,82
1767630760396,83,200,true,100,100,83
1767630760397,83,200,true,100,100,82
1767630760398,82,200,true,100,100,82
1767630760399,82,200,true,100,100,82
1767630760400,82,200,true,100,100,82
1767630760401,82,200,true,100,100,82
1767630760402,82,200,true,100,100,82
1767630760403,82,200,true,100,100,82
1767630760404,82,200,true,100,100,82
1767630760405,82,200,true,100,100,82
1767630760406,82,200,true,100,100,82
1767630760407,82,200,true,100,100,82
1767630760408,82,200,true,100,100,82
1767630760408,83,200,true,100,100,83
1767630760409,83,200,true,100,100,83
1767630760410,82,200,true,100,100,82
1767630760411,82,200,true,100,100,82
1767630760412,82,200,true,100,100,82
1767630760413,82,200,true,100,100,82
1767630760414,82,200,true,100,100,82
1767630760415,82,200,true,100,100,82
1767630760415,83,200,true,100,100,83
1767630760417,82,200,true,100,100,82
1767630760418,81,200,true,100,100,81
1767630760419,82,200,true,100,100,82
1767630760419,83,200,true,100,100,83
1767630760420,82,200,true,100,100,82
1767630760421,82,200,true,100,100,82
1767630760422,82,200,true,100,100,82
1767630760423,82,200,true,100,100,82
1767630760424,82,200,true,100,100,82
1767630760425,82,200,true,100,100,82
1767630760426,82,200,true,100,100,82
1767630760427,82,200,true,100,100,82
1767630760428,82,200,true,100,100,82
1767630760428,83,200,true,100,100,83
1767630760429,82,200,true,100,100,82
1767630760430,82,200,true,100,100,82
1767630760431,82,200,true,100,100,82
1767630760432,82,200,true,100,100,82
1767630760433,82,200,true,100,100,82
1767630760434,82,200,true,100,100,82
1767630760435,82,200,true,100,100,82
1767630760436,82,200,true,100,100,82
1767630760437,82,200,true,100,100,82
1767630760438,82,200,true,100,100,82
1767630760439,82,200,true,100,100,82
1767630760440,82,200,true,100,100,82
1767630760441,82,200,true,100,100,82
1767630760441,83,200,true,100,100,83
1767630760442,82,200,true,100,100,82
1767630760443,82,200,true,100,100,82
1767630760444,82,200,true,100,100,82
1767630760445,82,200,true,100,100,82
1767630760446,82,200,true,100,100,82
1767630760447,82,200,true,100,100,82
1767630760448,82,200,true,100,100,82
1767630760449,82,200,true,100,100,82
1767630760450,82,200,true,100,100,82
1767630760451,82,200,true,100,100,82
1767630760452,81,200,true,100,100,81
1767630760453,82,200,true,100,100,82
1767630760454,82,200,true,100,100,82
1767630760455,82,200,true,100,100,82
1767630760456,81,200,true,100,100,81
1767630760456,82,200,true,100,100,82
1767630760457,82,200,true,100,100,82
1767630760458,82,200,true,100,100,82
1767630760459,82,200,true,100,100,82
1767630760378,164,200,true,100,100,164
1767630757680,2863,200,true,100,100,2863
1767630760461,83,200,true,100,100,83
1767630760462,83,200,true,100,100,83
1767630760463,83,200,true,100,100,83
1767630760464,83,200,true,100,100,83
1767630760465,83,200,true,100,100,83
1767630760466,82,200,true,100,100,82
1767630760467,82,200,true,100,100,82
1767630760468,82,200,true,100,100,82
1767630760469,83,200,true,100,100,83
1767630760470,82,200,true,100,100,82
1767630760470,83,200,true,100,100,83
1767630760471,83,200,true,100,100,83
1767630760472,83,200,true,100,100,83
1767630760473,83,200,true,100,100,83
1767630760474,83,200,true,100,100,83
1767630760475,83,200,true,100,100,83
1767630760476,83,200,true,100,100,83
1767630760477,83,200,true,100,100,83
1767630760478,83,200,true,100,100,83
1767630760479,82,200,true,100,100,82
1767630760480,82,200,true,100,100,82
1767630760480,83,200,true,100,100,83
1767630760481,83,200,true,100,100,83
1767630760482,83,200,true,100,100,83
1767630760483,83,200,true,100,100,83
1767630760484,83,200,true,100,100,83
1767630760485,83,200,true,100,100,83
1767630760486,83,200,true,100,100,83
1767630760487,83,200,true,100,100,83
1767630760488,83,200,true,100,100,83
1767630760489,83,200,true,100,100,83
1767630760490,83,200,true,100,100,83
1767630760491,83,200,true,100,100,83
1767630760492,82,200,true,100,100,82
1767630760492,83,200,true,100,100,83
1767630760493,83,200,true,100,100,83
1767630760494,83,200,true,100,100,83
1767630760495,83,200,true,100,100,83
1767630760496,83,200,true,100,100,83
1767630760497,83,200,true,100,100,83
1767630760498,83,200,true,100,100,83
1767630760499,82,200,true,100,100,82
1767630760499,83,200,true,100,100,83
1767630760501,82,200,true,100,100,82
1767630760502,82,200,true,100,100,82
1767630760503,82,200,true,100,100,82
1767630760503,83,200,true,100,100,83
1767630760504,83,200,true,100,100,83
1767630760505,83,200,true,100,100,83
1767630760506,83,200,true,100,100,83
1767630760507,83,200,true,100,100,83
1767630760508,83,200,true,100,100,83
1767630760509,83,200,true,100,100,83
1767630760510,82,200,true,100,100,82
1767630760511,82,200,true,100,100,82
1767630760512,82,200,true,100,100,82
1767630760512,83,200,true,100,100,83
1767630760513,83,200,true,100,100,83
1767630760514,83,200,true,100,100,83
1767630760515,83,200,true,100,100,83
1767630760516,83,200,true,100,100,83
1767630760517,83,200,true,100,100,83
1767630760518,83,200,true,100,100,83
1767630760519,83,200,true,100,100,83
1767630760520,83,200,true,100,100,83
1767630760521,83,200,true,100,100,83
1767630760522,82,200,true,100,100,82
1767630760523,82,200,true,100,100,82
1767630760524,82,200,true,100,100,82
1767630760525,82,200,true,100,100,82
1767630760525,83,200,true,100,100,83
1767630760526,83,200,true,100,100,83
1767630760527,83,200,true,100,100,83
1767630760528,83,200,true,100,100,83
1767630760529,83,200,true,100,100,83
1767630760530,82,200,true,100,100,82
1767630760531,82,200,true,100,100,82
1767630760532,82,200,true,100,100,82
1767630760533,82,200,true,100,100,82
1767630760533,83,200,true,100,100,83
1767630760535,82,200,true,100,100,82
1767630760536,82,200,true,100,100,82
1767630760537,82,200,true,100,100,82
1767630760538,82,200,true,100,100,82
1767630760538,83,200,true,100,100,83
1767630760539,83,200,true,100,100,83
1767630760540,83,200,true,100,100,83
1767630760541,83,200,true,100,100,83
1767630760542,83,200,true,100,100,83
1767630760460,166,200,true,100,100,166
1767630757664,2963,200,true,100,100,2963
1767630760544,84,200,true,100,100,84
1767630760545,84,200,true,100,100,83
1767630760546,83,200,true,100,100,83
1767630760547,83,200,true,100,100,83
1767630760548,83,200,true,100,100,83
1767630760548,84,200,true,100,100,84
1767630760549,84,200,true,100,100,84
1767630760550,84,200,true,100,100,84
1767630760552,83,200,true,100,100,83
1767630760552,84,200,true,100,100,84
1767630760553,84,200,true,100,100,84
1767630760554,84,200,true,100,100,84
1767630760555,84,200,true,100,100,84
1767630760556,84,200,true,100,100,84
1767630760557,84,200,true,100,100,84
1767630760558,84,200,true,100,100,84
1767630760559,83,200,true,100,100,83
1767630760560,83,200,true,100,100,83
1767630760561,83,200,true,100,100,83
1767630760562,83,200,true,100,100,83
1767630760562,84,200,true,100,100,84
1767630760563,84,200,true,100,100,84
1767630760564,84,200,true,100,100,84
1767630760565,84,200,true,100,100,84
1767630760566,84,200,true,100,100,84
1767630760567,84,200,true,100,100,84
1767630760568,84,200,true,100,100,84
1767630760569,84,200,true,100,100,84
1767630760570,84,200,true,100,100,84
1767630760571,84,200,true,100,100,84
1767630760572,84,200,true,100,100,84
1767630760573,83,200,true,100,100,83
1767630760574,83,200,true,100,100,83
1767630760574,84,200,true,100,100,84
1767630760575,84,200,true,100,100,84
1767630760576,84,200,true,100,100,84
1767630760577,84,200,true,100,100,84
1767630760578,84,200,true,100,100,84
1767630760579,84,200,true,100,100,84
1767630760580,84,200,true,100,100,84
1767630760581,84,200,true,100,100,84
1767630760581,84,200,true,100,100,84
1767630760582,84,200,true,100,100,84
1767630760583,84,200,true,100,100,84
1767630760584,84,200,true,100,100,84
1767630760585,84,200,true,100,100,84
1767630760586,84,200,true,100,100,84
1767630760587,84,200,true,100,100,84
1767630760588,84,200,true,100,100,84
1767630760589,84,200,true,100,100,84
1767630760590,84,200,true,100,100,84
1767630760591,84,200,true,100,100,84
1767630760592,84,200,true,100,100,84
1767630760593,84,200,true,100,100,84
1767630760593,84,200,true,100,100,84
1767630760594,84,200,true,100,100,84
1767630760595,84,200,true,100,100,84
1767630760596,84,200,true,100,100,84
1767630760597,84,200,true,100,100,84
1767630760598,84,200,true,100,100,84
1767630760599,84,200,true,100,100,84
1767630760600,84,200,true,100,100,84
1767630760601,84,200,true,100,100,84
1767630760602,84,200,true,100,100,84
1767630760603,84,200,true,100,100,84
1767630760604,84,200,true,100,100,84
1767630760604,85,200,true,100,100,85
1767630760605,85,200,true,100,100,85
1767630760606,84,200,true,100,100,84
1767630760607,84,200,true,100,100,84
1767630760608,84,200,true,100,100,84
1767630760609,84,200,true,100,100,84
1767630760610,84,200,true,100,100,84
1767630760611,84,200,true,100,100,84
1767630760612,84,200,true,100,100,84
1767630760613,84,200,true,100,100,84
1767630760613,85,200,true,100,100,85
1767630760614,85,200,true,100,100,85
1767630760615,85,200,true,100,100,85
1767630760616,84,200,true,100,100,84
1767630760617,84,200,true,100,100,84
1767630760618,85,200,true,100,100,85
1767630760619,85,200,true,100,100,85
1767630760620,84,200,true,100,100,84
1767630760621,84,200,true,100,100,84
1767630760622,84,200,true,100,100,84
1767630760623,84,200,true,100,100,84
1767630760624,84,200,true,100,100,84
1767630760625,84,200,true,100,100,84
1767630760626,84,200,true,100,100,84
1767630760543,168,200,true,100,100,168
1767630757680,3032,200,true,100,100,3032
1767630760628,85,200,true,100,100,85
1767630760629,85,200,true,100,100,85
1767630760630,85,200,true,100,100,85
1767630760630,85,200,true,100,100,85
1767630760631,85,200,true,100,100,85
1767630760632,85,200,true,100,100,85
1767630760633,85,200,true,100,100,85
1767630760634,85,200,true,100,100,85
1767630760635,85,200,true,100,100,85
1767630760636,85,200,true,100,100,85
1767630760637,85,200,true,100,100,85
1767630760638,85,200,true,100,100,85
1767630760639,85,200,true,100,100,85
1767630760640,85,200,true,100,100,85
1767630760641,85,200,true,100,100,85
1767630760642,85,200,true,100,100,85
1767630760642,86,200,true,100,100,86
1767630760643,86,200,true,100,100,86
1767630760644,85,200,true,100,100,85
1767630760645,85,200,true,100,100,85
1767630760646,85,200,true,100,100,85
1767630760647,85,200,true,100,100,85
1767630760648,85,200,true,100,100,85
1767630760649,85,200,true,100,100,85
1767630760650,85,200,true,100,100,85
1767630760651,85,200,true,100,100,85
1767630760652,85,200,true,100,100,85
1767630760653,85,200,true,100,100,85
1767630760654,85,200,true,100,100,85
1767630760655,85,200,true,100,100,85
1767630760656,85,200,true,100,100,85
1767630760656,85,200,true,100,100,85
1767630760657,85,200,true,100,100,85
1767630760658,85,200,true,100,100,85
1767630760659,85,200,true,100,100,85
1767630760660,85,200,true,100,100,85
1767630760661,85,200,true,100,100,85
1767630760662,85,200,true,100,100,85
1767630760663,84,200,true,100,100,84
1767630760664,84,200,true,100,100,84
1767630760665,84,200,true,100,100,84
1767630760665,85,200,true,100,100,85
1767630760666,85,200,true,100,100,85
1767630760667,85,200,true,100,100,85
1767630760668,85,200,true,100,100,85
1767630760669,85,200,true,100,100,85
1767630760670,85,200,true,100,100,85
1767630760671,85,200,true,100,100,85
1767630760672,85,200,true,100,100,85
1767630760673,85,200,true,100,100,85
1767630760674,85,200,true,100,100,85
1767630760675,84,200,true,100,100,84
1767630760676,84,200,true,100,100,84
1767630760677,84,200,true,100,100,84
1767630760677,85,200,true,100,100,85
1767630760678,85,200,true,100,100,85
1767630760679,85,200,true,100,100,85
1767630760680,85,200,true,100,100,85
1767630760681,85,200,true,100,100,85
1767630760682,85,200,true,100,100,85
1767630760683,85,200,true,100,100,85
1767630760684,84,200,true,100,100,84
1767630760685,85,200,true,100,100,85
1767630760686,85,200,true,100,100,85
1767630760687,84,200,true,100,100,84
1767630760688,84,200,true,100,100,84
1767630760689,84,200,true,100,100,84
1767630760690,84,200,true,100,100,84
1767630760691,84,200,true,100,100,84
1767630760692,84,200,true,100,100,84
1767630760692,85,200,true,100,100,85
1767630760693,85,200,true,100,100,85
1767630760694,85,200,true,100,100,85
1767630760695,85,200,true,100,100,84
1767630760696,84,200,true,100,100,84
1767630760697,84,200,true,100,100,84
1767630760698,84,200,true,100,100,84
1767630760699,84,200,true,100,100,84
1767630760700,84,200,true,100,100,84
1767630760701,84,200,true,100,100,84
1767630760701,85,200,true,100,100,85
1767630760703,84,200,true,100,100,84
1767630760704,84,200,true,100,100,84
1767630760705,84,200,true,100,100,84
1767630760705,85,200,true,100,100,85
1767630760706,85,200,true,100,100,85
1767630760707,85,200,true,100,100,85
1767630760708,85,200,true,100,100,84
1767630760709,84,200,true,100,100,84
1767630760710,84,200,true,100,100,84
1767630760711,84,200,true,100,100,84
1767630760627,169,200,true,100,100,169
1767630757668,3129,200,true,100,100,3129
1767630760713,85,200,true,100,100,85
1767630760714,85,200,true,100,100,85
1767630760715,85,200,true,100,100,85
1767630760716,85,200,true,100,100,85
1767630760716,86,200,true,100,100,86
1767630760717,86,200,true,100,100,86
1767630760718,86,200,true,100,100,86
1767630760720,85,200,true,100,100,85
1767630760720,86,200,true,100,100,86
1767630760721,86,200,true,100,100,86
1767630760722,85,200,true,100,100,85
1767630760723,85,200,true,100,100,85
1767630760724,85,200,true,100,100,85
1767630760725,85,200,true,100,100,85
1767630760726,85,200,true,100,100,85
1767630760727,85,200,true,100,100,85
1767630760728,85,200,true,100,100,85
1767630760729,85,200,true,100,100,85
1767630760729,86,200,true,100,100,86
1767630760730,86,200,true,100,100,86
1767630760731,85,200,true,100,100,85
1767630760732,85,200,true,100,100,85
1767630760733,85,200,true,100,100,85
1767630760734,85,200,true,100,100,85
1767630760735,85,200,true,100,100,85
1767630760736,85,200,true,100,100,85
1767630760737,85,200,true,100,100,85
1767630760738,85,200,true,100,100,85
1767630760739,85,200,true,100,100,85
1767630760740,85,200,true,100,100,85
1767630760741,85,200,true,100,100,85
1767630760741,86,200,true,100,100,86
1767630760742,86,200,true,100,100,86
1767630760743,85,200,true,100,100,85
1767630760744,85,200,true,100,100,85
1767630760745,85,200,true,100,100,85
1767630760746,85,200,true,100,100,85
1767630760747,85,200,true,100,100,85
1767630760748,85,200,true,100,100,85
1767630760748,86,200,true,100,100,86
1767630760749,86,200,true,100,100,86
1767630760750,86,200,true,100,100,86
1767630760751,86,200,true,100,100,86
1767630760752,86,200,true,100,100,86
1767630760753,86,200,true,100,100,86
1767630760754,86,200,true,100,100,86
1767630760755,85,200,true,100,100,85
1767630760756,85,200,true,100,100,85
1767630760757,85,200,true,100,100,85
1767630760758,85,200,true,100,100,85
1767630760759,85,200,true,100,100,85
1767630760760,85,200,true,100,100,85
1767630760760,86,200,true,100,100,86
1767630760761,86,200,true,100,100,86
1767630760762,86,200,true,100,100,86
1767630760763,86,200,true,100,100,86
1767630760764,85,200,true,100,100,85
1767630760765,85,200,true,100,100,85
1767630760766,85,200,true,100,100,85
1767630760767,85,200,true,100,100,85
1767630760768,85,200,true,100,100,85
1767630760768,86,200,true,100,100,86
1767630760770,85,200,true,100,100,85
1767630760771,85,200,true,100,100,85
1767630760772,85,200,true,100,100,85
1767630760773,85,200,true,100,100,85
1767630760773,86,200,true,100,100,86
1767630760774,86,200,true,100,100,86
1767630760775,86,200,true,100,100,86
1767630760776,85,200,true,100,100,85
1767630760777,85,200,true,100,100,85
1767630760778,85,200,true,100,100,85
1767630760779,85,200,true,100,100,85
1767630760780,85,200,true,100,100,85
1767630760780,86,200,true,100,100,86
1767630760781,86,200,true,100,100,86
1767630760782,86,200,true,100,100,86
1767630760783,86,200,true,100,100,86
1767630760784,86,200,true,100,100,86
1767630760785,86,200,true,100,100,86
1767630760786,86,200,true,100,100,86
1767630760787,86,200,true,100,100,86
1767630760788,86,200,true,100,100,86
1767630760789,86,200,true,100,100,86
1767630760790,86,200,true,100,100,86
1767630760791,85,200,true,100,100,85
1767630760792,85,200,true,100,100,85
1767630760793,85,200,true,100,100,85
1767630760793,86,200,true,100,100,86
1767630760794,86,200,true,100,100,86
1767630760795,86,200,true,100,100,86
1767630760796,86,200,true,100,100,86
1767630760712,171,200,true,100,100,171
1767630757681,3203,200,true,100,100,3203
1767630760798,87,200,true,100,100,87
1767630760799,87,200,true,100,100,87
1767630760800,87,200,true,100,100,87
1767630760801,87,200,true,100,100,87
1767630760802,87,200,true,100,100,87
1767630760803,87,200,true,100,100,87
1767630760804,86,200,true,100,100,86
1767630760805,86,200,true,100,100,86
1767630760806,86,200,true,100,100,86
1767630760807,86,200,true,100,100,86
1767630760807,87,200,true,100,100,87
1767630760808,87,200,true,100,100,87
1767630760809,87,200,true,100,100,87
1767630760810,87,200,true,100,100,87
1767630760811,87,200,true,100,100,87
1767630760812,87,200,true,100,100,87
1767630760813,86,200,true,100,100,86
1767630760814,86,200,true,100,100,86
1767630760815,86,200,true,100,100,86
1767630760816,86,200,true,100,100,86
1767630760816,87,200,true,100,100,87
1767630760817,87,200,true,100,100,87
1767630760818,87,200,true,100,100,87
1767630760820,86,200,true,100,100,86
1767630760820,87,200,true,100,100,87
1767630760821,87,200,true,100,100,87
1767630760822,87,200,true,100,100,87
1767630760823,87,200,true,100,100,87
1767630760824,87,200,true,100,100,87
1767630760825,87,200,true,100,100,87
1767630760826,86,200,true,100,100,86
1767630760827,86,200,true,100,100,86
1767630760828,86,200,true,100,100,86
1767630760829,86,200,true,100,100,86
1767630760829,87,200,true,100,100,87
1767630760830,87,200,true,100,100,87
1767630760831,87,200,true,100,100,87
1767630760832,87,200,true,100,100,87
1767630760833,86,200,true,100,100,86
1767630760834,87,200,true,100,100,87
1767630760835,87,200,true,100,100,87
1767630760836,86,200,true,100,100,86
1767630760837,86,200,true,100,100,86
1767630760838,86,200,true,100,100,86
1767630760839,86,200,true,100,100,86
1767630760840,86,200,true,100,100,86
1767630760840,87,200,true,100,100,87
1767630760841,87,200,true,100,100,87
1767630760842,87,200,true,100,100,87
1767630760843,87,200,true,100,100,87
1767630760844,86,200,true,100,100,86
1767630760845,86,200,true,100,100,86
1767630760846,86,200,true,100,100,86
1767630760847,86,200,true,100,100,86
1767630760848,86,200,true,100,100,86
1767630760849,86,200,true,100,100,86
1767630760849,87,200,true,100,100,87
1767630760850,87,200,true,100,100,87
1767630760851,87,200,true,100,100,87
1767630760852,87,200,true,100,100,87
1767630760853,87,200,true,100,100,87
1767630760854,87,200,true,100,100,87
1767630760855,87,200,true,100,100,87
1767630760856,86,200,true,100,100,86
1767630760857,86,200,true,100,100,86
1767630760858,86,200,true,100,100,86
1767630760859,86,200,true,100,100,86
1767630760860,86,200,true,100,100,86
1767630760861,86,200,true,100,100,86
1767630760862,86,200,true,100,100,86
1767630760862,87,200,true,100,100,87
1767630760863,87,200,true,100,100,87
1767630760864,86,200,true,100,100,86
1767630760865,86,200,true,100,100,86
1767630760866,86,200,true,100,100,86
1767630760867,86,200,true,100,100,86
1767630760868,86,200,true,100,100,86
1767630760869,86,200,true,100,100,86
1767630760870,86,200,true,100,100,86
1767630760871,86,200,true,100,100,86
1767630760872,86,200,true,100,100,86
1767630760873,86,200,true,100,100,86
1767630760874,86,200,true,100,100,86
1767630760875,86,200,true,100,100,86
1767630760876,86,200,true,100,100,86
1767630760876,87,200,true,100,100,87
1767630760877,87,200,true,100,100,87
1767630760878,86,200,true,100,100,86
1767630760879,86,200,true,100,100,86
1767630760880,86,200,true,100,100,86
1767630760881,86,200,true,100,100,86
1767630760882,86,200,true,100,100,86
1767630760883,86,200,true,100,100,86
1767630760797,173,200,true,100,100,173
1767630757680,3291,200,true,100,100,3291
1767630760885,87,200,true,100,100,87
1767630760886,87,200,true,100,100,87
1767630760887,87,200,true,100,100,87
1767630760888,87,200,true,100,100,87
1767630760889,87,200,true,100,100,87
1767630760890,87,200,true,100,100,87
1767630760891,87,200,true,100,100,87
1767630760891,87,200,true,100,100,87
1767630760892,87,200,true,100,100,87
1767630760893,87,200,true,100,100,87
1767630760894,87,200,true,100,100,87
1767630760895,87,200,true,100,100,87
1767630760896,87,200,true,100,100,87
1767630760897,87,200,true,100,100,87
1767630760898,87,200,true,100,100,87
1767630760899,87,200,true,100,100,87
1767630760900,87,200,true,100,100,87
1767630760900,88,200,true,100,100,88
1767630760901,88,200,true,100,100,88
1767630760902,88,200,true,100,100,88
1767630760903,87,200,true,100,100,87
1767630760904,87,200,true,100,100,87
1767630760905,87,200,true,100,100,87
1767630760906,87,200,true,100,100,87
1767630760907,87,200,true,100,100,87
1767630760908,87,200,true,100,100,87
1767630760909,87,200,true,100,100,87
1767630760910,87,200,true,100,100,87
1767630760911,87,200,true,100,100,87
1767630760912,86,200,true,100,100,86
1767630760912,88,200,true,100,100,87
1767630760913,87,200,true,100,100,87
1767630760914,87,200,true,100,100,87
1767630760915,87,200,true,100,100,87
1767630760916,87,200,true,100,100,87
1767630760917,87,200,true,100,100,87
1767630760918,87,200,true,100,100,87
1767630760919,87,200,true,100,100,87
1767630760919,88,200,true,100,100,88
1767630760921,87,200,true,100,100,87
1767630760922,87,200,true,100,100,87
1767630760922,88,200,true,100,100,88
1767630760923,87,200,true,100,100,87
1767630760924,87,200,true,100,100,87
1767630760925,87,200,true,100,100,87
1767630760926,87,200,true,100,100,87
1767630760927,87,200,true,100,100,87
1767630760928,87,200,true,100,100,87
1767630760929,87,200,true,100,100,87
1767630760930,87,200,true,100,100,87
1767630760930,88,200,true,100,100,88
1767630760931,87,200,true,100,100,87
1767630760932,87,200,true,100,100,87
1767630760933,88,200,true,100,100,88
1767630760934,88,200,true,100,100,88
1767630760935,87,200,true,100,100,87
1767630760936,87,200,true,100,100,87
1767630760937,87,200,true,100,100,87
1767630760938,87,200,true,100,100,87
1767630760939,87,200,true,100,100,87
1767630760940,87,200,true,100,100,87
1767630760941,87,200,true,100,100,87
1767630760942,87,200,true,100,100,87
1767630760942,88,200,true,100,100,88
1767630760943,87,200,true,100,100,87
1767630760944,87,200,true,100,100,87
1767630760945,87,200,true,100,100,87
1767630760946,87,200,true,100,100,87
1767630760947,87,200,true,100,100,87
1767630760948,87,200,true,100,100,87
1767630760949,87,200,true,100,100,87
1767630760950,87,200,true,100,100,87
1767630760951,87,200,true,100,100,87
1767630760951,88,200,true,100,100,88
1767630760952,88,200,true,100,100,88
1767630760954,87,200,true,100,100,87
1767630760954,88,200,true,100,100,88
1767630760955,88,200,true,100,100,88
1767630760956,88,200,true,100,100,88
1767630760957,87,200,true,100,100,87
1767630760958,87,200,true,100,100,87
1767630760959,87,200,true,100,100,87
1767630760960,87,200,true,100,100,87
1767630760961,87,200,true,100,100,87
1767630760962,87,200,true,100,100,87
1767630760963,87,200,true,100,100,87
1767630760964,87,200,true,100,100,87
1767630760964,88,200,true,100,100,88
1767630760965,88,200,true,100,100,88
1767630760966,88,200,true,100,100,88
1767630760967,88,200,true,100,100,88
1767630760968,88,200,true,100,100,88
1767630760969,88,200,true,100,100,88
1767630760970,88,200,true,100,100,88
1767630760884,176,200,true,100,100,176
1767630757680,3383,200,true,100,100,3382
1767630760972,93,200,true,100,100,93
1767630760973,94,200,true,100,100,94
1767630760974,94,200,true,100,100,94
1767630760975,94,200,true,100,100,94
1767630760976,94,200,true,100,100,94
1767630760977,93,200,true,100,100,93
1767630760978,93,200,true,100,100,93
1767630760978,94,200,true,100,100,94
1767630760979,94,200,true,100,100,94
1767630760980,94,200,true,100,100,94
1767630760981,94,200,true,100,100,94
1767630760982,94,200,true,100,100,94
1767630760983,95,200,true,100,100,95
1767630760984,95,200,true,100,100,94
1767630760985,94,200,true,100,100,94
1767630760986,94,200,true,100,100,94
1767630760987,94,200,true,100,100,94
1767630760988,94,200,true,100,100,94
1767630760989,94,200,true,100,100,94
1767630760990,94,200,true,100,100,94
1767630760991,94,200,true,100,100,94
1767630760991,95,200,true,100,100,95
1767630760992,95,200,true,100,100,95
1767630760993,95,200,true,100,100,95
1767630760994,95,200,true,100,100,95
1767630760995,95,200,true,100,100,95
1767630760996,95,200,true,100,100,95
1767630760997,95,200,true,100,100,95
1767630760998,95,200,true,100,100,95
1767630760999,95,200,true,100,100,95
1767630761000,95,200,true,100,100,95
1767630761000,96,200,true,100,100,96
1767630761001,96,200,true,100,100,96
1767630761002,96,200,true,100,100,96
1767630761003,96,200,true,100,100,96
1767630761004,96,200,true,100,100,96
1767630761005,96,200,true,100,100,96
1767630761006,96,200,true,100,100,96
1767630761007,96,200,true,100,100,96
1767630761008,96,200,true,100,100,96
1767630761009,96,200,true,100,100,96
1767630761010,96,200,true,100,100,96
1767630761010,97,200,true,100,100,97
1767630761011,97,200,true,100,100,97
1767630761012,96,200,true,100,100,96
1767630761013,96,200,true,100,100,96
1767630761014,96,200,true,100,100,96
1767630761015,96,200,true,100,100,96
1767630761016,97,200,true,100,100,97
1767630761017,97,200,true,100,100,97
1767630761018,97,200,true,100,100,97
1767630761019,97,200,true,100,100,97
1767630761019,99,200,true,100,100,99
1767630761021,98,200,true,100,100,98
1767630761022,98,200,true,100,100,98
1767630761022,99,200,true,100,100,99
1767630761023,99,200,true,100,100,99
1767630761024,99,200,true,100,100,99
1767630761025,99,200,true,100,100,99
1767630761026,99,200,true,100,100,99
1767630761027,99,200,true,100,100,99
1767630761028,98,200,true,100,100,98
1767630761029,98,200,true,100,100,98
1767630761030,98,200,true,100,100,98
1767630761031,98,200,true,100,100,98
1767630761031,99,200,true,100,100,99
1767630761032,99,200,true,100,100,99
1767630761033,99,200,true,100,100,99
1767630761034,99,200,true,100,100,99
1767630761035,99,200,true,100,100,99
1767630761036,99,200,true,100,100,99
1767630761037,99,200,true,100,100,99
1767630761038,99,200,true,100,100,99
1767630761039,99,200,true,100,100,99
1767630761040,99,200,true,100,100,99
1767630761041,98,200,true,100,100,98
1767630761042,98,200,true,100,100,98
1767630761043,98,200,true,100,100,98
1767630761044,98,200,true,100,100,98
1767630761045,98,200,true,100,100,98
1767630761045,99,200,true,100,100,99
1767630761046,99,200,true,100,100,99
1767630761047,99,200,true,100,100,99
1767630761048,99,200,true,100,100,99
1767630761049,99,200,true,100,100,99
1767630761050,99,200,true,100,100,99
1767630761051,98,200,true,100,100,98
1767630761052,98,200,true,100,100,98
1767630761053,98,200,true,100,100,98
1767630761054,99,200,true,100,100,99
1767630761055,98,200,true,100,100,98
1767630761056,98,200,true,100,100,98
1767630761057,98,200,true,100,100,98
1767630761058,98,200,true,100,100,98
1767630761060,97,200,true,100,100,97
1767630760971,187,200,true,100,100,187
1767630757668,3491,200,true,100,100,3491
1767630761065,95,200,true,100,100,95
1767630761067,94,200,true,100,100,94
1767630761068,94,200,true,100,100,94
1767630761069,94,200,true,100,100,94
1767630761070,94,200,true,100,100,94
1767630761071,93,200,true,100,100,93
1767630761072,93,200,true,100,100,93
1767630761072,94,200,true,100,100,94
1767630761073,94,200,true,100,100,94
1767630761074,94,200,true,100,100,94
1767630761075,94,200,true,100,100,94
1767630761076,94,200,true,100,100,94
1767630761078,93,200,true,100,100,93
1767630761079,93,200,true,100,100,93
1767630761080,93,200,true,100,100,93
1767630761081,93,200,true,100,100,93
1767630761081,94,200,true,100,100,94
1767630761082,94,200,true,100,100,94
1767630761083,94,200,true,100,100,94
1767630761084,93,200,true,100,100,93
1767630761085,93,200,true,100,100,93
1767630761086,93,200,true,100,100,93
1767630761087,93,200,true,100,100,93
1767630761088,93,200,true,100,100,93
1767630761089,93,200,true,100,100,93
1767630761090,93,200,true,100,100,93
1767630761091,93,200,true,100,100,93
1767630761092,93,200,true,100,100,93
1767630761093,93,200,true,100,100,93
1767630761094,93,200,true,100,100,93
1767630761095,93,200,true,100,100,93
1767630761096,93,200,true,100,100,93
1767630761097,92,200,true,100,100,92
1767630761098,92,200,true,100,100,92
1767630761099,92,200,true,100,100,92
1767630761100,92,200,true,100,100,92
1767630761101,92,200,true,100,100,92
1767630761102,92,200,true,100,100,92
1767630761103,92,200,true,100,100,92
1767630761104,92,200,true,100,100,92
1767630761105,92,200,true,100,100,92
1767630761106,92,200,true,100,100,92
1767630761107,91,200,true,100,100,91
1767630761108,91,200,true,100,100,91
1767630761109,91,200,true,100,100,91
1767630761110,91,200,true,100,100,91
1767630761110,92,200,true,100,100,92
1767630761111,92,200,true,100,100,92
1767630761113,91,200,true,100,100,91
1767630761114,91,200,true,100,100,91
1767630761115,91,200,true,100,100,91
1767630761116,91,200,true,100,100,91
1767630761118,90,200,true,100,100,90
1767630761119,90,200,true,100,100,90
1767630761120,90,200,true,100,100,90
1767630761121,89,200,true,100,100,89
1767630761122,89,200,true,100,100,89
1767630761123,89,200,true,100,100,89
1767630761124,89,200,true,100,100,89
1767630761125,89,200,true,100,100,89
1767630761126,89,200,true,100,100,89
1767630761127,89,200,true,100,100,89
1767630761127,90,200,true,100,100,90
1767630761128,90,200,true,100,100,90
1767630761129,89,200,true,100,100,89
1767630761130,90,200,true,100,100,90
1767630761131,90,200,true,100,100,90
1767630761132,89,200,true,100,100,89
1767630761133,89,200,true,100,100,89
1767630761134,89,200,true,100,100,89
1767630761135,89,200,true,100,100,89
1767630761136,89,200,true,100,100,89
1767630761137,89,200,true,100,100,89
1767630761138,89,200,true,100,100,89
1767630761139,89,200,true,100,100,89
1767630761140,89,200,true,100,100,89
1767630761140,90,200,true,100,100,90
1767630761141,89,200,true,100,100,89
1767630761142,89,200,true,100,100,89
1767630761143,89,200,true,100,100,89
1767630761144,89,200,true,100,100,89
1767630761145,89,200,true,100,100,89
1767630761146,89,200,true,100,100,89
1767630761147,89,200,true,100,100,89
1767630761148,89,200,true,100,100,89
1767630761149,89,200,true,100,100,89
1767630761149,90,200,true,100,100,90
1767630761150,90,200,true,100,100,90
1767630761151,90,200,true,100,100,90
1767630761153,89,200,true,100,100,89
1767630761154,89,200,true,100,100,89
1767630761154,90,200,true,100,100,90
1767630761155,90,200,true,100,100,90
1767630761156,89,200,true,100,100,89
1767630761157,89,200,true,100,100,89
1767630761158,89,200,true,100,100,89
1767630761063,185,200,true,100,100,185
1767630757680,3569,200,true,100,100,3569
1767630761160,90,200,true,100,100,90
1767630761161,90,200,true,100,100,90
1767630761162,90,200,true,100,100,90
1767630761163,90,200,true,100,100,90
1767630761164,90,200,true,100,100,90
1767630761164,91,200,true,100,100,91
1767630761165,91,200,true,100,100,91
1767630761166,91,200,true,100,100,91
1767630761167,91,200,true,100,100,91
1767630761168,91,200,true,100,100,91
1767630761169,91,200,true,100,100,91
1767630761170,91,200,true,100,100,91
1767630761171,91,200,true,100,100,91
1767630761172,90,200,true,100,100,90
1767630761173,90,200,true,100,100,90
1767630761174,90,200,true,100,100,90
1767630761175,90,200,true,100,100,90
1767630761176,90,200,true,100,100,90
1767630761177,90,200,true,100,100,90
1767630761177,91,200,true,100,100,91
1767630761178,91,200,true,100,100,91
1767630761179,91,200,true,100,100,91
1767630761180,91,200,true,100,100,91
1767630761181,91,200,true,100,100,91
1767630761182,91,200,true,100,100,91
1767630761183,91,200,true,100,100,91
1767630761184,90,200,true,100,100,90
1767630761185,90,200,true,100,100,90
1767630761186,90,200,true,100,100,90
1767630761187,90,200,true,100,100,90
1767630761188,90,200,true,100,100,90
1767630761189,90,200,true,100,100,90
1767630761189,91,200,true,100,100,91
1767630761190,91,200,true,100,100,91
1767630761191,91,200,true,100,100,91
1767630761192,90,200,true,100,100,90
1767630761193,90,200,true,100,100,90
1767630761194,90,200,true,100,100,90
1767630761195,90,200,true,100,100,90
1767630761196,90,200,true,100,100,90
1767630761197,90,200,true,100,100,90
1767630761198,90,200,true,100,100,90
1767630761199,90,200,true,100,100,90
1767630761199,91,200,true,100,100,91
1767630761200,91,200,true,100,100,91
1767630761201,91,200,true,100,100,91
1767630761202,91,200,true,100,100,91
1767630761203,90,200,true,100,100,90
1767630761204,90,200,true,100,100,90
1767630761205,90,200,true,100,100,90
1767630761206,90,200,true,100,100,90
1767630761207,90,200,true,100,100,90
1767630761208,90,200,true,100,100,90
1767630761209,90,200,true,100,100,90
1767630761210,90,200,true,100,100,90
1767630761210,91,200,true,100,100,91
1767630761211,91,200,true,100,100,91
1767630761212,90,200,true,100,100,90
1767630761213,91,200,true,100,100,91
1767630761214,91,200,true,100,100,91
1767630761215,90,200,true,100,100,90
1767630761216,90,200,true,100,100,90
1767630761217,90,200,true,100,100,90
1767630761218,90,200,true,100,100,90
1767630761219,90,200,true,100,100,90
1767630761220,90,200,true,100,100,90
1767630761221,90,200,true,100,100,90
1767630761222,90,200,true,100,100,90
1767630761222,91,200,true,100,100,91
1767630761223,91,200,true,100,100,91
1767630761224,90,200,true,100,100,90
1767630761225,90,200,true,100,100,90
1767630761226,90,200,true,100,100,90
1767630761227,90,200,true,100,100,90
1767630761228,90,200,true,100,100,90
1767630761229,90,200,true,100,100,90
1767630761230,90,200,true,100,100,90
1767630761230,91,200,true,100,100,91
1767630761231,91,200,true,100,100,91
1767630761232,91,200,true,100,100,91
1767630761233,91,200,true,100,100,91
1767630761234,91,200,true,100,100,91
1767630761235,91,200,true,100,100,91
1767630761236,91,200,true,100,100,91
1767630761237,90,200,true,100,100,90
1767630761238,90,200,true,100,100,90
1767630761239,90,200,true,100,100,90
1767630761240,90,200,true,100,100,90
1767630761241,90,200,true,100,100,90
1767630761242,90,200,true,100,100,90
1767630761243,90,200,true,100,100,90
1767630761244,90,200,true,100,100,90
1767630761245,90,200,true,100,100,90
1767630761245,91,200,true,100,100,91
1767630761246,90,200,true,100,100,90
1767630761247,91,200,true,100,100,91
1767630761248,91,200,true,100,100,91
1767630761159,181,200,true,100,100,181
1767630757664,3677,200,true,100,100,3677
1767630761250,91,200,true,100,100,91
1767630761251,91,200,true,100,100,91
1767630761252,91,200,true,100,100,91
1767630761253,91,200,true,100,100,91
1767630761254,91,200,true,100,100,91
1767630761255,91,200,true,100,100,91
1767630761256,91,200,true,100,100,91
1767630761257,91,200,true,100,100,91
1767630761258,91,200,true,100,100,91
1767630761259,90,200,true,100,100,90
1767630761260,90,200,true,100,100,90
1767630761261,90,200,true,100,100,90
1767630761262,90,200,true,100,100,90
1767630761262,91,200,true,100,100,91
1767630761263,91,200,true,100,100,91
1767630761264,91,200,true,100,100,91
1767630761265,91,200,true,100,100,91
1767630761266,91,200,true,100,100,91
1767630761267,91,200,true,100,100,91
1767630761268,91,200,true,100,100,91
1767630761269,91,200,true,100,100,91
1767630761270,91,200,true,100,100,91
1767630761271,91,200,true,100,100,91
1767630761272,90,200,true,100,100,90
1767630761273,90,200,true,100,100,90
1767630761274,90,200,true,100,100,90
1767630761274,91,200,true,100,100,91
1767630761275,91,200,true,100,100,91
1767630761276,91,200,true,100,100,91
1767630761277,91,200,true,100,100,91
1767630761278,91,200,true,100,100,91
1767630761279,91,200,true,100,100,91
1767630761280,91,200,true,100,100,91
1767630761281,91,200,true,100,100,91
1767630761282,91,200,true,100,100,91
1767630761283,90,200,true,100,100,90
1767630761283,91,200,true,100,100,91
1767630761284,91,200,true,100,100,91
1767630761285,91,200,true,100,100,91
1767630761286,91,200,true,100,100,91
1767630761287,91,200,true,100,100,91
1767630761288,91,200,true,100,100,91
1767630761289,91,200,true,100,100,91
1767630761290,91,200,true,100,100,91
1767630761291,90,200,true,100,100,90
1767630761292,90,200,true,100,100,90
1767630761293,90,200,true,100,100,90
1767630761294,90,200,true,100,100,90
1767630761294,91,200,true,100,100,91
1767630761295,91,200,true,100,100,91
1767630761296,91,200,true,100,100,91
1767630761297,91,200,true,100,100,91
1767630761298,91,200,true,100,100,91
1767630761299,91,200,true,100,100,91
1767630761300,91,200,true,100,100,91
1767630761301,91,200,true,100,100,91
1767630761302,91,200,true,100,100,91
1767630761303,91,200,true,100,100,91
1767630761304,90,200,true,100,100,90
1767630761305,90,200,true,100,100,90
1767630761306,90,200,true,100,100,90
1767630761307,90,200,true,100,100,90
1767630761307,91,200,true,100,100,91
1767630761308,91,200,true,100,100,91
1767630761309,91,200,true,100,100,91
1767630761310,91,200,true,100,100,91
1767630761311,90,200,true,100,100,90
1767630761312,90,200,true,100,100,90
1767630761313,90,200,true,100,100,90
1767630761314,91,200,true,100,100,91
1767630761314,91,200,true,100,100,91
1767630761315,91,200,true,100,100,91
1767630761316,91,200,true,100,100,91
1767630761317,91,200,true,100,100,91
1767630761318,91,200,true,100,100,91
1767630761319,91,200,true,100,100,91
1767630761320,91,200,true,100,100,91
1767630761321,91,200,true,100,100,91
1767630761322,91,200,true,100,100,91
1767630761323,91,200,true,100,100,91
1767630761324,90,200,true,100,100,90
1767630761325,90,200,true,100,100,90
1767630761326,90,200,true,100,100,90
1767630761327,90,200,true,100,100,90
1767630761327,91,200,true,100,100,91
1767630761328,91,200,true,100,100,91
1767630761329,91,200,true,100,100,91
1767630761330,91,200,true,100,100,91
1767630761331,91,200,true,100,100,91
1767630761332,91,200,true,100,100,91
1767630761333,91,200,true,100,100,91
1767630761334,91,200,true,100,100,91
1767630761335,91,200,true,100,100,91
1767630761336,91,200,true,100,100,91
1767630761337,91,200,true,100,100,91
1767630761338,90,200,true,100,100,90
1767630761339,90,200,true,100,100,90
1767630761340,90,200,true,100,100,90
1767630761249,182,200,true,100,100,182
1767630761341,91,200,true,100,100,91
1767630761342,91,200,true,100,100,91
1767630761343,91,200,true,100,100,91
1767630761344,91,200,true,100,100,91
1767630761345,91,200,true,100,100,91
1767630761346,91,200,true,100,100,91
1767630761347,91,200,true,100,100,91
1767630761348,91,200,true,100,100,91
1767630761349,91,200,true,100,100,91
1767630761350,90,200,true,100,100,90
1767630761350,91,200,true,100,100,91
1767630761351,91,200,true,100,100,91
1767630761352,91,200,true,100,100,91
1767630761353,91,200,true,100,100,91
1767630761354,91,200,true,100,100,91
1767630761355,91,200,true,100,100,91
1767630761356,91,200,true,100,100,91
1767630761357,91,200,true,100,100,91
1767630761358,91,200,true,100,100,91
1767630761359,91,200,true,100,100,91
1767630761360,90,200,true,100,100,90
1767630761361,90,200,true,100,100,90
1767630761362,90,200,true,100,100,90
1767630761362,91,200,true,100,100,91
1767630761363,91,200,true,100,100,91
1767630761364,91,200,true,100,100,91
1767630761365,91,200,true,100,100,91
1767630761366,91,200,true,100,100,91
1767630761367,91,200,true,100,100,91
1767630761368,91,200,true,100,100,91
1767630761369,91,200,true,100,100,91
1767630761370,91,200,true,100,100,91
1767630761371,90,200,true,100,100,90
1767630761372,90,200,true,100,100,90
1767630761373,90,200,true,100,100,90
1767630761374,90,200,true,100,100,90
1767630761374,91,200,true,100,100,91
1767630761375,91,200,true,100,100,91
1767630761376,91,200,true,100,100,91
1767630761377,91,200,true,100,100,91
1767630761378,91,200,true,100,100,90
1767630761379,90,200,true,100,100,90
1767630761380,91,200,true,100,100,91
1767630761381,91,200,true,100,100,91
1767630761382,90,200,true,100,100,90
1767630761382,91,200,true,100,100,91
1767630761383,91,200,true,100,100,91
1767630761384,91,200,true,100,100,91
1767630761385,91,200,true,100,100,91
1767630761386,91,200,true,100,100,91
1767630761387,91,200,true,100,100,91
1767630761388,91,200,true,100,100,91
1767630761389,91,200,true,100,100,91
1767630761390,90,200,true,100,100,90
1767630761391,90,200,true,100,100,90
1767630761392,90,200,true,100,100,90
1767630761393,90,200,true,100,100,90
1767630761394,90,200,true,100,100,90
1767630761394,91,200,true,100,100,91
1767630761395,91,200,true,100,100,91
1767630761396,91,200,true,100,100,91
1767630761397,91,200,true,100,100,91
1767630761398,91,200,true,100,100,91
1767630761399,91,200,true,100,100,91
1767630761400,91,200,true,100,100,91
1767630761401,91,200,true,100,100,91
1767630761402,90,200,true,100,100,90
1767630761402,91,200,true,100,100,91
1767630761403,91,200,true,100,100,91
1767630761405,90,200,true,100,100,90
1767630761406,90,200,true,100,100,90
1767630761406,91,200,true,100,100,91
1767630761407,91,200,true,100,100,91
1767630761408,91,200,true,100,100,91
1767630761409,91,200,true,100,100,91
1767630761410,90,200,true,100,100,90
1767630761411,90,200,true,100,100,90
1767630761412,90,200,true,100,100,90
1767630761413,90,200,true,100,100,90
1767630761414,90,200,true,100,100,90
1767630761415,90,200,true,100,100,90
1767630761416,90,200,true,100,100,90
1767630761416,91,200,true,100,100,91
1767630761417,91,200,true,100,100,91
1767630761418,91,200,true,100,100,91
1767630761419,91,200,true,100,100,91
1767630761420,91,200,true,100,100,91
1767630761421,91,200,true,100,100,91
1767630761422,90,200,true,100,100,90
1767630761423,90,200,true,100,100,90
1767630761424,90,200,true,100,100,90
1767630761425,90,200,true,100,100,90
1767630761426,90,200,true,100,100,90
1767630761427,90,200,true,100,100,90
1767630761428,90,200,true,100,100,90
1767630761429,90,200,true,100,100,90
1767630761429,91,200,true,100,100,91
1767630761430,91,200,true,100,100,91
1767630761341,181,200,true,100,100,181
1767630761432,91,200,true,100,100,91
1767630761433,91,200,true,100,100,91
1767630761434,91,200,true,100,100,91
1767630761435,91,200,true,100,100,91
1767630761436,90,200,true,100,100,90
1767630761437,91,200,true,100,100,91
1767630761438,90,200,true,100,100,90
1767630761439,90,200,true,100,100,90
1767630761440,90,200,true,100,100,90
1767630761441,90,200,true,100,100,90
1767630761441,91,200,true,100,100,91
1767630761442,91,200,true,100,100,91
1767630761443,91,200,true,100,100,91
1767630761444,91,200,true,100,100,91
1767630761445,91,200,true,100,100,91
1767630761446,91,200,true,100,100,90
1767630761447,91,200,true,100,100,91
1767630761448,91,200,true,100,100,91
1767630761449,91,200,true,100,100,91
1767630761450,90,200,true,100,100,90
1767630761450,91,200,true,100,100,91
1767630761451,91,200,true,100,100,91
1767630761452,91,200,true,100,100,91
1767630761453,91,200,true,100,100,91
1767630761454,91,200,true,100,100,91
1767630761455,91,200,true,100,100,91
1767630761456,91,200,true,100,100,91
1767630761457,91,200,true,100,100,91
1767630761458,90,200,true,100,100,90
1767630761459,90,200,true,100,100,90
1767630761460,90,200,true,100,100,90
1767630761461,90,200,true,100,100,90
1767630761462,90,200,true,100,100,90
1767630761462,91,200,true,100,100,91
1767630761463,91,200,true,100,100,91
1767630761464,91,200,true,100,100,91
1767630761465,91,200,true,100,100,91
1767630761466,91,200,true,100,100,91
1767630761467,91,200,true,100,100,91
1767630761468,91,200,true,100,100,91
1767630761469,90,200,true,100,100,90
1767630761470,90,200,true,100,100,90
1767630761471,90,200,true,100,100,90
1767630761472,90,200,true,100,100,90
1767630761472,91,200,true,100,100,91
1767630761473,91,200,true,100,100,91
1767630761474,91,200,true,100,100,91
1767630761475,91,200,true,100,100,91
1767630761476,91,200,true,100,100,91
1767630761477,90,200,true,100,100,90
1767630761478,90,200,true,100,100,90
1767630761479,90,200,true,100,100,90
1767630761480,90,200,true,100,100,90
1767630761481,90,200,true,100,100,90
1767630761481,91,200,true,100,100,91
1767630761482,91,200,true,100,100,91
1767630761483,91,200,true,100,100,91
1767630761484,91,200,true,100,100,91
1767630761485,91,200,true,100,100,91
1767630761486,91,200,true,100,100,91
1767630761487,91,200,true,100,100,91
1767630761488,90,200,true,100,100,90
1767630761489,90,200,true,100,100,90
1767630761490,90,200,true,100,100,90
1767630761491,90,200,true,100,100,90
1767630761492,90,200,true,100,100,90
1767630761493,90,200,true,100,100,90
1767630761493,91,200,true,100,100,91
1767630761494,91,200,true,100,100,91
1767630761495,91,200,true,100,100,91
1767630761496,91,200,true,100,100,91
1767630761497,91,200,true,100,100,91
1767630761498,91,200,true,100,100,91
1767630761499,91,200,true,100,100,91
1767630761500,90,200,true,100,100,90
1767630761500,91,200,true,100,100,91
1767630761501,91,200,true,100,100,91
1767630761502,91,200,true,100,100,91
1767630761503,91,200,true,100,100,91
1767630761504,91,200,true,100,100,91
1767630761505,91,200,true,100,100,91
1767630761506,91,200,true,100,100,91
1767630761507,91,200,true,100,100,91
1767630761508,91,200,true,100,100,91
1767630761509,91,200,true,100,100,91
1767630761510,90,200,true,100,100,90
1767630761511,90,200,true,100,100,90
1767630761512,90,200,true,100,100,90
1767630761512,91,200,true,100,100,91
1767630761513,91,200,true,100,100,91
1767630761514,91,200,true,100,100,91
1767630761515,91,200,true,100,100,91
1767630761516,91,200,true,100,100,91
1767630761517,91,200,true,100,100,91
1767630761518,91,200,true,100,100,91
1767630761519,91,200,true,100,100,91
1767630761520,91,200,true,100,100,91
1767630761521,91,200,true,100,100,91
1767630761431,181,200,true,100,100,181
1767630761523,90,200,true,100,100,90
1767630761524,90,200,true,100,100,90
1767630761525,90,200,true,100,100,90
1767630761526,90,200,true,100,100,90
1767630761526,91,200,true,100,100,91
1767630761528,90,200,true,100,100,90
1767630761529,90,200,true,100,100,90
1767630761529,91,200,true,100,100,91
1767630761530,91,200,true,100,100,91
1767630761531,91,200,true,100,100,91
1767630761532,91,200,true,100,100,91
1767630761533,91,200,true,100,100,91
1767630761534,90,200,true,100,100,90
1767630761535,90,200,true,100,100,90
1767630761536,90,200,true,100,100,90
1767630761537,90,200,true,100,100,90
1767630761538,90,200,true,100,100,90
1767630761539,90,200,true,100,100,90
1767630761540,90,200,true,100,100,90
1767630761541,90,200,true,100,100,90
1767630761541,91,200,true,100,100,91
1767630761542,90,200,true,100,100,90
1767630761543,90,200,true,100,100,90
1767630761544,90,200,true,100,100,90
1767630761545,90,200,true,100,100,90
1767630761546,90,200,true,100,100,90
1767630761547,90,200,true,100,100,90
1767630761548,90,200,true,100,100,90
1767630761548,91,200,true,100,100,91
1767630761549,91,200,true,100,100,91
1767630761550,91,200,true,100,100,91
1767630761551,91,200,true,100,100,91
1767630761552,91,200,true,100,100,91
1767630761553,91,200,true,100,100,91
1767630761554,90,200,true,100,100,90
1767630761555,90,200,true,100,100,90
1767630761556,90,200,true,100,100,90
1767630761557,90,200,true,100,100,90
1767630761558,90,200,true,100,100,90
1767630761559,90,200,true,100,100,90
1767630761559,91,200,true,100,100,91
1767630761560,91,200,true,100,100,91
1767630761561,91,200,true,100,100,91
1767630761562,91,200,true,100,100,90
1767630761563,90,200,true,100,100,90
1767630761564,91,200,true,100,100,91
1767630761565,91,200,true,100,100,91
1767630761566,90,200,true,100,100,90
1767630761567,90,200,true,100,100,90
1767630761568,90,200,true,100,100,90
1767630761568,91,200,true,100,100,91
1767630761569,91,200,true,100,100,91
1767630761570,91,200,true,100,100,91
1767630761571,91,200,true,100,100,91
1767630761572,91,200,true,100,100,91
1767630761573,91,200,true,100,100,91
1767630761574,91,200,true,100,100,91
1767630761575,90,200,true,100,100,90
1767630761576,90,200,true,100,100,90
1767630761577,90,200,true,100,100,90
1767630761578,90,200,true,100,100,90
1767630761578,91,200,true,100,100,91
1767630761579,91,200,true,100,100,91
1767630761580,91,200,true,100,100,91
1767630761581,91,200,true,100,100,91
1767630761582,91,200,true,100,100,91
1767630761583,91,200,true,100,100,91
1767630761584,91,200,true,100,100,91
1767630761585,91,200,true,100,100,91
1767630761586,90,200,true,100,100,90
1767630761587,90,200,true,100,100,90
1767630761588,90,200,true,100,100,90
1767630761589,90,200,true,100,100,90
1767630761590,90,200,true,100,100,90
1767630761590,91,200,true,100,100,91
1767630761591,91,200,true,100,100,91
1767630761592,91,200,true,100,100,91
1767630761593,91,200,true,100,100,91
1767630761594,91,200,true,100,100,91
1767630761595,90,200,true,100,100,90
1767630761596,90,200,true,100,100,90
1767630761597,90,200,true,100,100,90
1767630761598,90,200,true,100,100,90
1767630761599,90,200,true,100,100,90
1767630761600,90,200,true,100,100,90
1767630761601,90,200,true,100,100,90
1767630761601,91,200,true,100,100,91
1767630761602,91,200,true,100,100,91
1767630761603,91,200,true,100,100,91
1767630761604,91,200,true,100,100,91
1767630761605,91,200,true,100,100,91
1767630761606,90,200,true,100,100,90
1767630761607,90,200,true,100,100,90
1767630761608,90,200,true,100,100,90
1767630761609,90,200,true,100,100,90
1767630761610,90,200,true,100,100,90
1767630761611,90,200,true,100,100,90
1767630761612,90,200,true,100,100,90
1767630761522,181,200,true,100,100,181
1767630761613,91,200,true,100,100,91
1767630761614,91,200,true,100,100,91
1767630761615,91,200,true,100,100,91
1767630761616,91,200,true,100,100,91
1767630761617,91,200,true,100,100,91
1767630761618,91,200,true,100,100,91
1767630761619,90,200,true,100,100,90
1767630761620,90,200,true,100,100,90
1767630761621,90,200,true,100,100,90
1767630761622,90,200,true,100,100,90
1767630761623,90,200,true,100,100,90
1767630761624,90,200,true,100,100,90
1767630761625,90,200,true,100,100,90
1767630761625,91,200,true,100,100,91
1767630761626,91,200,true,100,100,91
1767630761627,90,200,true,100,100,90
1767630761628,90,200,true,100,100,90
1767630761629,90,200,true,100,100,90
1767630761630,90,200,true,100,100,90
1767630761631,90,200,true,100,100,90
1767630761632,90,200,true,100,100,90
1767630761633,90,200,true,100,100,90
1767630761633,91,200,true,100,100,91
1767630761634,91,200,true,100,100,91
1767630761635,91,200,true,100,100,91
1767630761636,91,200,true,100,100,91
1767630761637,91,200,true,100,100,91
1767630761638,91,200,true,100,100,91
1767630761639,90,200,true,100,100,90
1767630761640,90,200,true,100,100,90
1767630761641,90,200,true,100,100,90
1767630761642,90,200,true,100,100,90
1767630761643,90,200,true,100,100,90
1767630761644,90,200,true,100,100,90
1767630761645,90,200,true,100,100,90
1767630761645,91,200,true,100,100,91
1767630761646,91,200,true,100,100,91
1767630761647,91,200,true,100,100,91
1767630761648,91,200,true,100,100,91
1767630761649,91,200,true,100,100,91
1767630761650,90,200,true,100,100,90
1767630761651,90,200,true,100,100,90
1767630761652,90,200,true,100,100,90
1767630761653,90,200,true,100,100,90
1767630761653,91,200,true,100,100,91
1767630761655,90,200,true,100,100,90
1767630761656,90,200,true,100,100,90
1767630761656,91,200,true,100,100,91
1767630761657,91,200,true,100,100,91
1767630761658,90,200,true,100,100,90
1767630761659,90,200,true,100,100,90
1767630761660,90,200,true,100,100,90
1767630761661,90,200,true,100,100,90
1767630761662,91,200,true,100,100,91
1767630761663,90,200,true,100,100,90
1767630761664,90,200,true,100,100,90
1767630761665,90,200,true,100,100,90
1767630761665,91,200,true,100,100,91
1767630761666,91,200,true,100,100,91
1767630761667,91,200,true,100,100,91
1767630761668,91,200,true,100,100,91
1767630761669,91,200,true,100,100,91
1767630761670,91,200,true,100,100,90
1767630761671,90,200,true,100,100,90
1767630761672,90,200,true,100,100,90
1767630761673,90,200,true,100,100,90
1767630761674,90,200,true,100,100,90
1767630761675,90,200,true,100,100,90
1767630761676,90,200,true,100,100,90
1767630761676,91,200,true,100,100,91
1767630761677,91,200,true,100,100,91
1767630761678,90,200,true,100,100,90
1767630761679,91,200,true,100,100,91
1767630761680,91,200,true,100,100,91
1767630761681,91,200,true,100,100,91
1767630761682,90,200,true,100,100,90
1767630761683,90,200,true,100,100,90
1767630761684,90,200,true,100,100,90
1767630761685,90,200,true,100,100,90
1767630761685,91,200,true,100,100,91
1767630761686,91,200,true,100,100,91
1767630761687,91,200,true,100,100,91
1767630761689,90,200,true,100,100,90
1767630761689,91,200,true,100,100,91
1767630761690,90,200,true,100,100,90
1767630761691,90,200,true,100,100,90
1767630761692,90,200,true,100,100,90
1767630761693,90,200,true,100,100,90
1767630761694,90,200,true,100,100,90
1767630761695,90,200,true,100,100,90
1767630761696,90,200,true,100,100,90
1767630761697,90,200,true,100,100,90
1767630761697,91,200,true,100,100,91
1767630761698,91,200,true,100,100,91
1767630761699,91,200,true,100,100,91
1767630761700,91,200,true,100,100,91
1767630761701,91,200,true,100,100,91
1767630761702,91,200,true,100,100,91
1767630761703,91,200,true,100,100,91
1767630761613,181,200,true,100,100,181
1767630761704,91,200,true,100,100,91
1767630761705,91,200,true,100,100,91
1767630761706,91,200,true,100,100,91
1767630761707,91,200,true,100,100,91
1767630761708,91,200,true,100,100,91
1767630761709,91,200,true,100,100,91
1767630761710,91,200,true,100,100,91
1767630761710,92,200,true,100,100,92
1767630761711,92,200,true,100,100,92
1767630761712,92,200,true,100,100,92
1767630761713,92,200,true,100,100,92
1767630761714,92,200,true,100,100,91
1767630761715,91,200,true,100,100,91
1767630761716,91,200,true,100,100,91
1767630761717,91,200,true,100,100,91
1767630761718,91,200,true,100,100,91
1767630761718,92,200,true,100,100,92
1767630761719,92,200,true,100,100,92
1767630761721,91,200,true,100,100,91
1767630761721,92,200,true,100,100,92
1767630761722,92,200,true,100,100,92
1767630761723,91,200,true,100,100,91
1767630761724,91,200,true,100,100,91
1767630761725,91,200,true,100,100,91
1767630761726,91,200,true,100,100,91
1767630761727,91,200,true,100,100,91
1767630761728,91,200,true,100,100,91
1767630761729,91,200,true,100,100,91
1767630761729,92,200,true,100,100,92
1767630761730,92,200,true,100,100,92
1767630761731,92,200,true,100,100,92
1767630761732,92,200,true,100,100,92
1767630761733,92,200,true,100,100,92
1767630761734,92,200,true,100,100,92
1767630761735,91,200,true,100,100,91
1767630761736,91,200,true,100,100,91
1767630761737,91,200,true,100,100,91
1767630761738,91,200,true,100,100,91
1767630761739,91,200,true,100,100,91
1767630761740,91,200,true,100,100,91
1767630761741,91,200,true,100,100,91
1767630761741,92,200,true,100,100,92
1767630761742,92,200,true,100,100,92
1767630761743,91,200,true,100,100,91
1767630761744,91,200,true,100,100,91
1767630761745,92,200,true,100,100,92
1767630761746,91,200,true,100,100,91
1767630761747,91,200,true,100,100,91
1767630761748,91,200,true,100,100,91
1767630761749,91,200,true,100,100,91
1767630761749,92,200,true,100,100,92
1767630761750,92,200,true,100,100,92
1767630761751,92,200,true,100,100,92
1767630761753,91,200,true,100,100,91
1767630761753,92,200,true,100,100,92
1767630761754,91,200,true,100,100,91
1767630761755,91,200,true,100,100,91
1767630761756,91,200,true,100,100,91
1767630761757,91,200,true,100,100,91
1767630761758,91,200,true,100,100,91
1767630761759,91,200,true,100,100,91
1767630761760,91,200,true,100,100,91
1767630761761,91,200,true,100,100,91
1767630761761,92,200,true,100,100,92
1767630761762,92,200,true,100,100,92
1767630761763,92,200,true,100,100,92
1767630761764,92,200,true,100,100,92
1767630761765,92,200,true,100,100,92
1767630761766,91,200,true,100,100,91
1767630761767,91,200,true,100,100,91
1767630761768,91,200,true,100,100,91
1767630761769,91,200,true,100,100,91
1767630761770,91,200,true,100,100,91
1767630761771,91,200,true,100,100,91
1767630761772,91,200,true,100,100,91
1767630761773,91,200,true,100,100,91
1767630761773,92,200,true,100,100,92
1767630761774,91,200,true,100,100,91
1767630761775,91,200,true,100,100,91
1767630761776,91,200,true,100,100,91
1767630761777,91,200,true,100,100,91
1767630761778,91,200,true,100,100,91
1767630761779,91,200,true,100,100,91
1767630761780,91,200,true,100,100,91
1767630761780,92,200,true,100,100,92
1767630761781,92,200,true,100,100,92
1767630761782,92,200,true,100,100,92
1767630761783,92,200,true,100,100,92
1767630761784,92,200,true,100,100,92
1767630761785,91,200,true,100,100,91
1767630761786,91,200,true,100,100,91
1767630761787,91,200,true,100,100,91
1767630761788,91,200,true,100,100,91
1767630761789,91,200,true,100,100,91
1767630761790,91,200,true,100,100,91
1767630761791,91,200,true,100,100,91
1767630761792,91,200,true,100,100,91
1767630761793,91,200,true,100,100,91
1767630761794,91,200,true,100,100,91
1767630761795,91,200,true,100,100,91
1767630761796,91,200,true,100,100,91
1767630761797,91,200,true,100,100,91
1767630761798,91,200,true,100,100,90
1767630761799,90,200,true,100,100,90
1767630761800,90,200,true,100,100,90
1767630761801,90,200,true,100,100,90
1767630761802,90,200,true,100,100,90
1767630761803,90,200,true,100,100,90
1767630761804,90,200,true,100,100,90
1767630761805,90,200,true,100,100,90
1767630761806,90,200,true,100,100,90
1767630761807,90,200,true,100,100,90
1767630761807,90,200,true,100,100,90
1767630761808,90,200,true,100,100,90
1767630761809,90,200,true,100,100,90
1767630761810,90,200,true,100,100,90
1767630761811,90,200,true,100,100,90
1767630761812,90,200,true,100,100,90
1767630761813,90,200,true,100,100,90
1767630761814,90,200,true,100,100,90
1767630761814,91,200,true,100,100,91
1767630761815,91,200,true,100,100,91
1767630761816,91,200,true,100,100,91
1767630761817,91,200,true,100,100,91
1767630761818,91,200,true,100,100,91
1767630761819,90,200,true,100,100,90
1767630761820,90,200,true,100,100,90
1767630761821,90,200,true,100,100,90
1767630761822,90,200,true,100,100,90
1767630761823,90,200,true,100,100,90
1767630761824,90,200,true,100,100,90
1767630761825,90,200,true,100,100,90
1767630761826,90,200,true,100,100,90
1767630761827,90,200,true,100,100,90
1767630761827,90,200,true,100,100,90
1767630761828,91,200,true,100,100,91
1767630761829,91,200,true,100,100,91
1767630761830,90,200,true,100,100,90
1767630761831,90,200,true,100,100,90
1767630761832,90,200,true,100,100,90
1767630761833,90,200,true,100,100,90
1767630761834,90,200,true,100,100,90
1767630761834,91,200,true,100,100,91
1767630761835,91,200,true,100,100,91
1767630761837,90,200,true,100,100,90
1767630761837,91,200,true,100,100,91
1767630761838,91,200,true,100,100,91
1767630761839,91,200,true,100,100,91
1767630761840,90,200,true,100,100,90
1767630761841,90,200,true,100,100,90
1767630761842,90,200,true,100,100,90
1767630761843,90,200,true,100,100,90
1767630761844,90,200,true,100,100,90
1767630761845,90,200,true,100,100,90
1767630761845,91,200,true,100,100,91
1767630761846,91,200,true,100,100,91
1767630761847,91,200,true,100,100,91
1767630761848,91,200,true,100,100,91
1767630761849,91,200,true,100,100,91
1767630761850,91,200,true,100,100,91
1767630761851,91,200,true,100,100,91
1767630761852,90,200,true,100,100,90
1767630761853,90,200,true,100,100,90
1767630761854,90,200,true,100,100,90
1767630761855,90,200,true,100,100,90
1767630761856,90,200,true,100,100,90
1767630761857,90,200,true,100,100,90
1767630761857,91,200,true,100,100,91
1767630761858,91,200,true,100,100,91
1767630761859,91,200,true,100,100,91
1767630761860,90,200,true,100,100,90
1767630761861,91,200,true,100,100,91
1767630761862,91,200,true,100,100,91
1767630761863,91,200,true,100,100,91
1767630761864,90,200,true,100,100,90
1767630761865,90,200,true,100,100,90
1767630761865,91,200,true,100,100,91
1767630761866,91,200,true,100,100,91
1767630761867,91,200,true,100,100,91
1767630761868,91,200,true,100,100,91
1767630761869,91,200,true,100,100,91
1767630761870,91,200,true,100,100,91
1767630761871,91,200,true,100,100,91
1767630761872,90,200,true,100,100,90
1767630761873,90,200,true,100,100,90
1767630761874,90,200,true,100,100,90
1767630761875,90,200,true,100,100,90
1767630761876,90,200,true,100,100,90
1767630761877,90,200,true,100,100,90
1767630761878,90,200,true,100,100,90
1767630761878,91,200,true,100,100,91
1767630761879,91,200,true,100,100,91
1767630761880,91,200,true,100,100,91
1767630761881,91,200,true,100,100,91
1767630761882,91,200,true,100,100,91
1767630761883,91,200,true,100,100,91
1767630761884,91,200,true,100,100,91
1767630761794,182,200,true,100,100,182
1767630761886,91,200,true,100,100,91
1767630761887,91,200,true,100,100,91
1767630761888,90,200,true,100,100,90
1767630761889,90,200,true,100,100,90
1767630761889,91,200,true,100,100,91
1767630761890,91,200,true,100,100,91
1767630761891,91,200,true,100,100,91
1767630761892,91,200,true,100,100,91
1767630761893,91,200,true,100,100,91
1767630761894,91,200,true,100,100,91
1767630761895,91,200,true,100,100,91
1767630761896,91,200,true,100,100,91
1767630761897,91,200,true,100,100,91
1767630761898,91,200,true,100,100,91
1767630761898,92,200,true,100,100,92
1767630761899,91,200,true,100,100,91
1767630761900,91,200,true,100,100,91
1767630761901,91,200,true,100,100,91
1767630761902,91,200,true,100,100,91
1767630761903,91,200,true,100,100,91
1767630761904,91,200,true,100,100,91
1767630761905,91,200,true,100,100,91
1767630761906,91,200,true,100,100,91
1767630761907,91,200,true,100,100,91
1767630761908,90,200,true,100,100,90
1767630761909,91,200,true,100,100,91
1767630761910,90,200,true,100,100,90
1767630761910,91,200,true,100,100,91
1767630761911,91,200,true,100,100,91
1767630761912,91,200,true,100,100,91
1767630761913,91,200,true,100,100,91
1767630761914,91,200,true,100,100,91
1767630761915,91,200,true,100,100,91
1767630761916,91,200,true,100,100,91
1767630761917,91,200,true,100,100,91
1767630761918,91,200,true,100,100,91
1767630761919,91,200,true,100,100,91
1767630761920,90,200,true,100,100,90
1767630761921,90,200,true,100,100,90
1767630761922,90,200,true,100,100,90
1767630761922,91,200,true,100,100,91
1767630761923,91,200,true,100,100,91
1767630761924,91,200,true,100,100,91
1767630761925,91,200,true,100,100,91
1767630761926,91,200,true,100,100,91
1767630761927,91,200,true,100,100,91
1767630761928,91,200,true,100,100,91
1767630761929,91,200,true,100,100,91
1767630761930,91,200,true,100,100,91
1767630761931,91,200,true,100,100,91
1767630761931,91,200,true,100,100,91
1767630761932,91,200,true,100,100,91
1767630761933,91,200,true,100,100,91
1767630761934,91,200,true,100,100,91
1767630761935,91,200,true,100,100,91
1767630761936,91,200,true,100,100,91
1767630761937,91,200,true,100,100,91
1767630761938,91,200,true,100,100,91
1767630761939,91,200,true,100,100,91
1767630761940,91,200,true,100,100,91
1767630761941,91,200,true,100,100,91
1767630761942,90,200,true,100,100,90
1767630761943,90,200,true,100,100,90
1767630761943,91,200,true,100,100,91
1767630761944,91,200,true,100,100,91
1767630761945,91,200,true,100,100,91
1767630761946,91,200,true,100,100,91
1767630761947,91,200,true,100,100,91
1767630761948,91,200,true,100,100,91
1767630761949,91,200,true,100,100,91
1767630761950,91,200,true,100,100,91
1767630761951,91,200,true,100,100,91
1767630761952,91,200,true,100,100,91
1767630761953,90,200,true,100,100,90
1767630761954,90,200,true,100,100,90
1767630761954,91,200,true,100,100,91
1767630761955,91,200,true,100,100,91
1767630761956,91,200,true,100,100,91
1767630761957,91,200,true,100,100,91
1767630761958,91,200,true,100,100,91
1767630761959,91,200,true,100,100,91
1767630761960,91,200,true,100,100,91
1767630761961,91,200,true,100,100,91
1767630761962,91,200,true,100,100,91
1767630761963,91,200,true,100,100,91
1767630761963,92,200,true,100,100,92
1767630761964,92,200,true,100,100,92
1767630761965,91,200,true,100,100,91
1767630761966,91,200,true,100,100,91
1767630761967,91,200,true,100,100,91
1767630761968,91,200,true,100,100,91
1767630761969,91,200,true,100,100,91
1767630761970,91,200,true,100,100,91
1767630761971,91,200,true,100,100,91
1767630761972,91,200,true,100,100,91
1767630761973,91,200,true,100,100,91
1767630761974,90,200,true,100,100,90
1767630761975,90,200,true,100,100,90
1767630761885,181,200,true,100,100,181
1767630761977,91,200,true,100,100,91
1767630761978,91,200,true,100,100,91
1767630761978,92,200,true,100,100,92
1767630761979,91,200,true,100,100,91
1767630761980,91,200,true,100,100,91
1767630761981,91,200,true,100,100,91
1767630761982,91,200,true,100,100,91
1767630761983,91,200,true,100,100,91
1767630761984,91,200,true,100,100,91
1767630761985,91,200,true,100,100,91
1767630761986,91,200,true,100,100,91
1767630761987,91,200,true,100,100,91
1767630761988,90,200,true,100,100,90
1767630761989,90,200,true,100,100,90
1767630761990,90,200,true,100,100,90
1767630761990,91,200,true,100,100,91
1767630761991,91,200,true,100,100,91
1767630761992,91,200,true,100,100,91
1767630761993,91,200,true,100,100,91
1767630761994,91,200,true,100,100,91
1767630761995,91,200,true,100,100,91
1767630761996,91,200,true,100,100,91
1767630761997,91,200,true,100,100,91
1767630761998,91,200,true,100,100,91
1767630761999,91,200,true,100,100,91
1767630762000,90,200,true,100,100,90
1767630762000,91,200,true,100,100,91
1767630762001,91,200,true,100,100,91
1767630762002,91,200,true,100,100,91
1767630762003,91,200,true,100,100,91
1767630762004,91,200,true,100,100,91
1767630762005,91,200,true,100,100,91
1767630762006,91,200,true,100,100,91
1767630762007,91,200,true,100,100,91
1767630762008,90,200,true,100,100,90
1767630762009,90,200,true,100,100,90
1767630762010,91,200,true,100,100,91
1767630762010,91,200,true,100,100,91
1767630762011,91,200,true,100,100,91
1767630762012,91,200,true,100,100,91
1767630762013,91,200,true,100,100,91
1767630762014,91,200,true,100,100,91
1767630762015,91,200,true,100,100,91
1767630762016,91,200,true,100,100,91
1767630762017,91,200,true,100,100,91
1767630762018,91,200,true,100,100,91
1767630762019,91,200,true,100,100,91
1767630762020,90,200,true,100,100,90
1767630762021,90,200,true,100,100,90
1767630762022,90,200,true,100,100,90
1767630762022,91,200,true,100,100,91
1767630762023,91,200,true,100,100,91
1767630762024,91,200,true,100,100,91
1767630762025,91,200,true,100,100,91
1767630762026,91,200,true,100,100,91
1767630762027,91,200,true,100,100,91
1767630762028,91,200,true,100,100,91
1767630762029,91,200,true,100,100,91
1767630762030,91,200,true,100,100,91
1767630762031,90,200,true,100,100,90
1767630762032,90,200,true,100,100,90
1767630762032,91,200,true,100,100,91
1767630762033,91,200,true,100,100,91
1767630762034,91,200,true,100,100,91
1767630762036,90,200,true,100,100,90
1767630762036,91,200,true,100,100,91
1767630762037,91,200,true,100,100,91
1767630762038,91,200,true,100,100,91
1767630762039,91,200,true,100,100,91
1767630762040,90,200,true,100,100,90
1767630762041,90,200,true,100,100,90
1767630762042,90,200,true,100,100,90
1767630762043,90,200,true,100,100,90
1767630762044,90,200,true,100,100,90
1767630762044,91,200,true,100,100,91
1767630762045,91,200,true,100,100,91
1767630762046,91,200,true,100,100,91
1767630762047,91,200,true,100,100,91
1767630762048,91,200,true,100,100,91
1767630762049,91,200,true,100,100,91
1767630762050,91,200,true,100,100,91
1767630762051,91,200,true,100,100,91
1767630762052,91,200,true,100,100,91
1767630762053,90,200,true,100,100,90
1767630762054,90,200,true,100,100,90
1767630762055,90,200,true,100,100,90
1767630762056,90,200,true,100,100,90
1767630762057,90,200,true,100,100,90
1767630762057,91,200,true,100,100,91
1767630762058,91,200,true,100,100,91
1767630762059,91,200,true,100,100,91
1767630762060,91,200,true,100,100,91
1767630762061,91,200,true,100,100,91
1767630762062,91,200,true,100,100,91
1767630762063,91,200,true,100,100,91
1767630762064,90,200,true,100,100,90
1767630762065,90,200,true,100,100,90
1767630762065,91,200,true,100,100,91
1767630761976,181,200,true,100,100,181
1767630762068,90,200,true,100,100,90
1767630762069,90,200,true,100,100,90
1767630762070,90,200,true,100,100,90
1767630762070,91,200,true,100,100,91
1767630762071,91,200,true,100,100,91
1767630762072,91,200,true,100,100,91
1767630762073,91,200,true,100,100,91
1767630762074,90,200,true,100,100,90
1767630762075,90,200,true,100,100,90
1767630762076,90,200,true,100,100,90
1767630762077,91,200,true,100,100,91
1767630762078,90,200,true,100,100,90
1767630762079,90,200,true,100,100,90
1767630762079,91,200,true,100,100,91
1767630762080,91,200,true,100,100,91
1767630762081,91,200,true,100,100,91
1767630762082,91,200,true,100,100,91
1767630762083,91,200,true,100,100,91
1767630762084,91,200,true,100,100,91
1767630762085,91,200,true,100,100,91
1767630762086,91,200,true,100,100,91
1767630762087,90,200,true,100,100,90
1767630762088,90,200,true,100,100,90
1767630762089,90,200,true,100,100,90
1767630762090,90,200,true,100,100,90
1767630762090,91,200,true,100,100,91
1767630762091,91,200,true,100,100,91
1767630762092,91,200,true,100,100,91
1767630762093,91,200,true,100,100,91
1767630762094,91,200,true,100,100,91
1767630762095,91,200,true,100,100,91
1767630762096,91,200,true,100,100,91
1767630762097,91,200,true,100,100,91
1767630762098,91,200,true,100,100,91
1767630762099,91,200,true,100,100,91
1767630762100,91,200,true,100,100,91
1767630762101,90,200,true,100,100,90
1767630762102,90,200,true,100,100,90
1767630762102,91,200,true,100,100,91
1767630762103,91,200,true,100,100,91
1767630762104,91,200,true,100,100,91
1767630762105,91,200,true,100,100,91
1767630762106,91,200,true,100,100,91
1767630762107,91,200,true,100,100,91
1767630762108,90,200,true,100,100,90
1767630762109,90,200,true,100,100,90
1767630762110,91,200,true,100,100,91
1767630762110,92,200,true,100,100,92
1767630762111,91,200,true,100,100,91
1767630762112,91,200,true,100,100,91
1767630762113,91,200,true,100,100,91
1767630762114,91,200,true,100,100,91
1767630762115,91,200,true,100,100,91
1767630762116,91,200,true,100,100,91
1767630762117,91,200,true,100,100,91
1767630762118,91,200,true,100,100,91
1767630762119,91,200,true,100,100,91
1767630762120,91,200,true,100,100,91
1767630762121,90,200,true,100,100,90
1767630762121,91,200,true,100,100,91
1767630762122,91,200,true,100,100,91
1767630762123,91,200,true,100,100,91
1767630762124,91,200,true,100,100,91
1767630762125,91,200,true,100,100,91
1767630762126,91,200,true,100,100,91
1767630762127,91,200,true,100,100,91
1767630762128,91,200,true,100,100,91
1767630762129,91,200,true,100,100,91
1767630762130,91,200,true,100,100,91
1767630762130,92,200,true,100,100,92
1767630762131,92,200,true,100,100,92
1767630762132,91,200,true,100,100,91
1767630762134,90,200,true,100,100,90
1767630762134,91,200,true,100,100,91
1767630762135,91,200,true,100,100,91
1767630762136,91,200,true,100,100,91
1767630762137,91,200,true,100,100,91
1767630762138,91,200,true,100,100,91
1767630762139,91,200,true,100,100,91
1767630762140,91,200,true,100,100,91
1767630762141,91,200,true,100,100,91
1767630762142,90,200,true,100,100,90
1767630762143,90,200,true,100,100,90
1767630762143,92,200,true,100,100,92
1767630762144,92,200,true,100,100,92
1767630762145,92,200,true,100,100,91
1767630762146,91,200,true,100,100,91
1767630762147,91,200,true,100,100,91
1767630762148,91,200,true,100,100,91
1767630762149,91,200,true,100,100,91
1767630762150,91,200,true,100,100,91
1767630762151,91,200,true,100,100,91
1767630762152,91,200,true,100,100,91
1767630762153,91,200,true,100,100,91
1767630762154,91,200,true,100,100,91
1767630762155,90,200,true,100,100,90
1767630762155,91,200,true,100,100,91
1767630762156,91,200,true,100,100,91
1767630762066,182,200,true,100,100,182
1767630762158,91,200,true,100,100,91
1767630762159,91,200,true,100,100,91
1767630762160,91,200,true,100,100,91
1767630762161,91,200,true,100,100,91
1767630762162,91,200,true,100,100,91
1767630762163,91,200,true,100,100,91
1767630762164,91,200,true,100,100,91
1767630762165,91,200,true,100,100,91
1767630762165,92,200,true,100,100,92
1767630762166,92,200,true,100,100,92
1767630762168,91,200,true,100,100,91
1767630762169,90,200,true,100,100,90
1767630762169,91,200,true,100,100,91
1767630762170,91,200,true,100,100,91
1767630762171,91,200,true,100,100,91
1767630762172,91,200,true,100,100,91
1767630762173,91,200,true,100,100,91
1767630762174,91,200,true,100,100,91
1767630762175,91,200,true,100,100,91
1767630762176,91,200,true,100,100,91
1767630762177,91,200,true,100,100,91
1767630762178,91,200,true,100,100,91
1767630762178,92,200,true,100,100,92
1767630762179,92,200,true,100,100,92
1767630762180,92,200,true,100,100,92
1767630762181,91,200,true,100,100,91
1767630762182,91,200,true,100,100,91
1767630762183,91,200,true,100,100,91
1767630762184,91,200,true,100,100,91
1767630762185,91,200,true,100,100,91
1767630762186,91,200,true,100,100,91
1767630762187,91,200,true,100,100,91
1767630762188,91,200,true,100,100,91
1767630762189,91,200,true,100,100,91
1767630762190,90,200,true,100,100,90
1767630762191,90,200,true,100,100,90
1767630762191,92,200,true,100,100,92
1767630762192,91,200,true,100,100,91
1767630762193,91,200,true,100,100,91
1767630762194,91,200,true,100,100,91
1767630762195,91,200,true,100,100,91
1767630762196,91,200,true,100,100,91
1767630762197,91,200,true,100,100,91
1767630762198,91,200,true,100,100,91
1767630762199,91,200,true,100,100,91
1767630762200,91,200,true,100,100,91
1767630762201,91,200,true,100,100,91
1767630762202,90,200,true,100,100,90
1767630762202,91,200,true,100,100,91
1767630762203,91,200,true,100,100,91
1767630762204,91,200,true,100,100,91
1767630762205,91,200,true,100,100,91
1767630762206,91,200,true,100,100,91
1767630762207,91,200,true,100,100,91
1767630762208,91,200,true,100,100,91
1767630762209,91,200,true,100,100,91
1767630762210,91,200,true,100,100,91
1767630762211,91,200,true,100,100,91
1767630762212,91,200,true,100,100,91
1767630762212,91,200,true,100,100,91
1767630762213,91,200,true,100,100,91
1767630762214,91,200,true,100,100,91
1767630762215,91,200,true,100,100,91
1767630762216,91,200,true,100,100,91
1767630762217,91,200,true,100,100,91
1767630762218,91,200,true,100,100,91
1767630762219,91,200,true,100,100,91
1767630762220,91,200,true,100,100,91
1767630762221,91,200,true,100,100,91
1767630762222,90,200,true,100,100,90
1767630762223,90,200,true,100,100,90
1767630762224,90,200,true,100,100,90
1767630762224,91,200,true,100,100,91
1767630762225,91,200,true,100,100,91
1767630762226,91,200,true,100,100,91
1767630762227,91,200,true,100,100,91
1767630762228,91,200,true,100,100,91
1767630762229,91,200,true,100,100,91
1767630762230,91,200,true,100,100,91
1767630762231,91,200,true,100,100,91
1767630762232,91,200,true,100,100,91
1767630762233,91,200,true,100,100,91
1767630762233,91,200,true,100,100,91
1767630762235,90,200,true,100,100,90
1767630762236,90,200,true,100,100,90
1767630762237,90,200,true,100,100,90
1767630762237,91,200,true,100,100,91
1767630762238,91,200,true,100,100,91
1767630762239,91,200,true,100,100,91
1767630762240,91,200,true,100,100,91
1767630762241,91,200,true,100,100,91
1767630762242,91,200,true,100,100,91
1767630762243,91,200,true,100,100,91
1767630762244,91,200,true,100,100,91
1767630762245,91,200,true,100,100,91
1767630762246,91,200,true,100,100,91
1767630762246,91,200,true,100,100,91
1767630762247,91,200,true,100,100,91
1767630762248,91,200,true,100,100,91
1767630762157,183,200,true,100,100,183
1767630762249,92,200,true,100,100,92
1767630762250,92,200,true,100,100,92
1767630762251,92,200,true,100,100,92
1767630762252,92,200,true,100,100,92
1767630762253,92,200,true,100,100,92
1767630762254,92,200,true,100,100,92
1767630762255,91,200,true,100,100,91
1767630762256,91,200,true,100,100,91
1767630762257,91,200,true,100,100,91
1767630762258,92,200,true,100,100,92
1767630762259,91,200,true,100,100,91
1767630762260,91,200,true,100,100,91
1767630762260,92,200,true,100,100,92
1767630762261,92,200,true,100,100,92
1767630762262,92,200,true,100,100,92
1767630762263,92,200,true,100,100,92
1767630762264,92,200,true,100,100,92
1767630762265,92,200,true,100,100,92
1767630762266,92,200,true,100,100,92
1767630762267,92,200,true,100,100,92
1767630762268,92,200,true,100,100,92
1767630762269,91,200,true,100,100,91
1767630762270,91,200,true,100,100,91
1767630762271,91,200,true,100,100,91
1767630762272,91,200,true,100,100,91
1767630762273,91,200,true,100,100,91
1767630762273,92,200,true,100,100,92
1767630762274,92,200,true,100,100,92
1767630762275,92,200,true,100,100,92
1767630762276,92,200,true,100,100,92
1767630762277,92,200,true,100,100,92
1767630762278,92,200,true,100,100,92
1767630762279,92,200,true,100,100,92
1767630762280,92,200,true,100,100,92
1767630762281,92,200,true,100,100,92
1767630762281,92,200,true,100,100,92
1767630762283,91,200,true,100,100,91
1767630762284,91,200,true,100,100,91
1767630762284,92,200,true,100,100,92
1767630762285,92,200,true,100,100,92
1767630762286,92,200,true,100,100,92
1767630762287,92,200,true,100,100,92
1767630762288,92,200,true,100,100,92
1767630762289,92,200,true,100,100,92
1767630762290,91,200,true,100,100,91
1767630762291,92,200,true,100,100,92
1767630762292,92,200,true,100,100,92
1767630762292,92,200,true,100,100,92
1767630762293,92,200,true,100,100,92
1767630762294,92,200,true,100,100,92
1767630762295,92,200,true,100,100,92
1767630762296,92,200,true,100,100,92
1767630762297,92,200,true,100,100,92
1767630762298,92,200,true,100,100,92
1767630762299,92,200,true,100,100,92
1767630762300,92,200,true,100,100,92
1767630762301,92,200,true,100,100,92
1767630762302,92,200,true,100,100,92
1767630762303,91,200,true,100,100,91
1767630762303,92,200,true,100,100,92
1767630762304,92,200,true,100,100,92
1767630762305,92,200,true,100,100,92
1767630762306,92,200,true,100,100,92
1767630762307,92,200,true,100,100,92
1767630762308,92,200,true,100,100,92
1767630762309,92,200,true,100,100,92
1767630762310,92,200,true,100,100,92
1767630762311,92,200,true,100,100,92
1767630762312,92,200,true,100,100,92
1767630762312,93,200,true,100,100,93
1767630762313,93,200,true,100,100,93
1767630762314,92,200,true,100,100,92
1767630762316,91,200,true,100,100,91
1767630762316,92,200,true,100,100,92
1767630762317,92,200,true,100,100,92
1767630762318,92,200,true,100,100,92
1767630762319,92,200,true,100,100,92
1767630762320,92,200,true,100,100,92
1767630762321,92,200,true,100,100,92
1767630762322,92,200,true,100,100,92
1767630762323,92,200,true,100,100,92
1767630762324,92,200,true,100,100,92
1767630762325,92,200,true,100,100,92
1767630762325,93,200,true,100,100,93
1767630762326,93,200,true,100,100,93
1767630762327,92,200,true,100,100,92
1767630762328,92,200,true,100,100,92
1767630762329,92,200,true,100,100,92
1767630762330,92,200,true,100,100,92
1767630762331,92,200,true,100,100,92
1767630762332,92,200,true,100,100,92
1767630762333,92,200,true,100,100,92
1767630762334,92,200,true,100,100,92
1767630762335,92,200,true,100,100,92
1767630762336,92,200,true,100,100,92
1767630762337,91,200,true,100,100,91
1767630762337,92,200,true,100,100,92
1767630762338,92,200,true,100,100,92
1767630762339,92,200,true,100,100,92
1767630762341,93,200,true,100,100,93
1767630762342,94,200,true,100,100,94
1767630762343,95,200,true,100,100,95
1767630762344,97,200,true,100,100,97
1767630762345,98,200,true,100,100,98
1767630762346,98,200,true,100,100,98
1767630762347,98,200,true,100,100,98
1767630762347,99,200,true,100,100,99
1767630762348,99,200,true,100,100,99
1767630762350,97,200,true,100,100,97
1767630762351,97,200,true,100,100,97
1767630762351,98,200,true,100,100,98
1767630762352,98,200,true,100,100,98
1767630762353,98,200,true,100,100,98
1767630762354,98,200,true,100,100,98
1767630762355,98,200,true,100,100,98
1767630762356,98,200,true,100,100,98
1767630762357,98,200,true,100,100,98
1767630762358,98,200,true,100,100,98
1767630762359,98,200,true,100,100,98
1767630762360,97,200,true,100,100,97
1767630762360,98,200,true,100,100,98
1767630762361,99,200,true,100,100,98
1767630762362,98,200,true,100,100,98
1767630762363,98,200,true,100,100,98
1767630762364,98,200,true,100,100,98
1767630762365,98,200,true,100,100,98
1767630762366,98,200,true,100,100,98
1767630762367,98,200,true,100,100,98
1767630762368,98,200,true,100,100,98
1767630762369,98,200,true,100,100,98
1767630762370,98,200,true,100,100,98
1767630762371,98,200,true,100,100,98
1767630762372,97,200,true,100,100,97
1767630762373,97,200,true,100,100,97
1767630762373,98,200,true,100,100,98
1767630762374,98,200,true,100,100,98
1767630762375,98,200,true,100,100,98
1767630762376,98,200,true,100,100,98
1767630762377,98,200,true,100,100,98
1767630762378,98,200,true,100,100,98
1767630762379,98,200,true,100,100,98
1767630762380,98,200,true,100,100,98
1767630762381,98,200,true,100,100,98
1767630762381,98,200,true,100,100,98
1767630762383,97,200,true,100,100,97
1767630762384,97,200,true,100,100,97
1767630762385,97,200,true,100,100,97
1767630762386,97,200,true,100,100,97
1767630762386,98,200,true,100,100,98
1767630762387,98,200,true,100,100,98
1767630762388,98,200,true,100,100,98
1767630762389,98,200,true,100,100,98
1767630762390,98,200,true,100,100,98
1767630762391,97,200,true,100,100,97
1767630762392,97,200,true,100,100,97
1767630762393,97,200,true,100,100,97
1767630762394,97,200,true,100,100,97
1767630762395,97,200,true,100,100,97
1767630762395,98,200,true,100,100,98
1767630762396,98,200,true,100,100,98
1767630762397,98,200,true,100,100,98
1767630762398,98,200,true,100,100,98
1767630762399,98,200,true,100,100,98
1767630762400,98,200,true,100,100,98
1767630762401,98,200,true,100,100,98
1767630762402,98,200,true,100,100,98
1767630762403,97,200,true,100,100,97
1767630762404,97,200,true,100,100,97
1767630762405,97,200,true,100,100,97
1767630762406,97,200,true,100,100,97
1767630762406,98,200,true,100,100,98
1767630762407,98,200,true,100,100,98
1767630762408,98,200,true,100,100,98
1767630762409,98,200,true,100,100,98
1767630762410,98,200,true,100,100,98
1767630762411,98,200,true,100,100,98
1767630762412,98,200,true,100,100,98
1767630762413,98,200,true,100,100,98
1767630762414,98,200,true,100,100,98
1767630762415,98,200,true,100,100,98
1767630762416,97,200,true,100,100,97
1767630762417,97,200,true,100,100,97
1767630762418,97,200,true,100,100,97
1767630762419,97,200,true,100,100,97
1767630762420,97,200,true,100,100,97
1767630762420,98,200,true,100,100,98
1767630762421,98,200,true,100,100,98
1767630762422,98,200,true,100,100,98
1767630762423,98,200,true,100,100,98
1767630762424,98,200,true,100,100,98
1767630762425,97,200,true,100,100,97
1767630762426,97,200,true,100,100,97
1767630762427,97,200,true,100,100,97
1767630762428,97,200,true,100,100,97
1767630762429,97,200,true,100,100,97
1767630762429,98,200,true,100,100,98
1767630762430,98,200,true,100,100,98
1767630762431,98,200,true,100,100,98
1767630762340,190,200,true,100,100,190
1767630762434,97,200,true,100,100,97
1767630762436,96,200,true,100,100,96
1767630762438,95,200,true,100,100,95
1767630762441,93,200,true,100,100,93
1767630762443,92,200,true,100,100,92
1767630762444,92,200,true,100,100,92
1767630762445,91,200,true,100,100,91
1767630762446,91,200,true,100,100,91
1767630762447,91,200,true,100,100,91
1767630762448,91,200,true,100,100,91
1767630762448,92,200,true,100,100,92
1767630762449,92,200,true,100,100,92
1767630762450,92,200,true,100,100,92
1767630762451,92,200,true,100,100,92
1767630762452,92,200,true,100,100,92
1767630762453,92,200,true,100,100,92
1767630762454,92,200,true,100,100,92
1767630762455,92,200,true,100,100,92
1767630762456,92,200,true,100,100,92
1767630762457,91,200,true,100,100,91
1767630762457,92,200,true,100,100,92
1767630762458,92,200,true,100,100,92
1767630762460,91,200,true,100,100,91
1767630762460,92,200,true,100,100,92
1767630762461,92,200,true,100,100,92
1767630762462,92,200,true,100,100,92
1767630762463,92,200,true,100,100,92
1767630762464,92,200,true,100,100,92
1767630762465,91,200,true,100,100,91
1767630762466,91,200,true,100,100,91
1767630762467,91,200,true,100,100,91
1767630762468,92,200,true,100,100,91
1767630762469,91,200,true,100,100,91
1767630762469,92,200,true,100,100,92
1767630762470,92,200,true,100,100,92
1767630762471,92,200,true,100,100,92
1767630762472,92,200,true,100,100,92
1767630762473,92,200,true,100,100,92
1767630762474,92,200,true,100,100,92
1767630762475,92,200,true,100,100,92
1767630762476,92,200,true,100,100,92
1767630762477,91,200,true,100,100,91
1767630762478,91,200,true,100,100,91
1767630762479,91,200,true,100,100,91
1767630762480,91,200,true,100,100,91
1767630762481,91,200,true,100,100,91
1767630762481,92,200,true,100,100,92
1767630762482,92,200,true,100,100,92
1767630762483,92,200,true,100,100,92
1767630762484,92,200,true,100,100,92
1767630762485,92,200,true,100,100,92
1767630762486,92,200,true,100,100,92
1767630762487,92,200,true,100,100,92
1767630762488,92,200,true,100,100,92
1767630762488,93,200,true,100,100,93
1767630762489,92,200,true,100,100,92
1767630762490,92,200,true,100,100,92
1767630762491,92,200,true,100,100,92
1767630762492,92,200,true,100,100,92
1767630762493,92,200,true,100,100,92
1767630762494,92,200,true,100,100,92
1767630762495,92,200,true,100,100,92
1767630762496,92,200,true,100,100,92
1767630762497,92,200,true,100,100,92
1767630762498,91,200,true,100,100,91
1767630762499,91,200,true,100,100,91
1767630762500,91,200,true,100,100,91
1767630762501,91,200,true,100,100,91
1767630762501,92,200,true,100,100,92
1767630762502,92,200,true,100,100,92
1767630762503,92,200,true,100,100,92
1767630762504,92,200,true,100,100,92
1767630762505,92,200,true,100,100,92
1767630762506,92,200,true,100,100,92
1767630762507,92,200,true,100,100,92
1767630762508,92,200,true,100,100,92
1767630762509,92,200,true,100,100,92
1767630762510,91,200,true,100,100,91
1767630762511,91,200,true,100,100,91
1767630762512,91,200,true,100,100,91
1767630762513,91,200,true,100,100,91
1767630762513,92,200,true,100,100,92
1767630762514,92,200,true,100,100,92
1767630762515,92,200,true,100,100,92
1767630762516,92,200,true,100,100,92
1767630762517,92,200,true,100,100,92
1767630762518,92,200,true,100,100,92
1767630762519,92,200,true,100,100,92
1767630762520,92,200,true,100,100,92
1767630762521,92,200,true,100,100,92
1767630762522,92,200,true,100,100,92
1767630762522,92,200,true,100,100,92
1767630762523,92,200,true,100,100,92
1767630762524,92,200,true,100,100,92
1767630762526,91,200,true,100,100,91
1767630762526,92,200,true,100,100,92
1767630762527,92,200,true,100,100,92
1767630762528,92,200,true,100,100,92
1767630762529,92,200,true,100,100,92
1767630762531,91,200,true,100,100,91
1767630762532,91,200,true,100,100,91
1767630762533,91,200,true,100,100,91
1767630762534,90,200,true,100,100,90
1767630762535,90,200,true,100,100,90
1767630762536,91,200,true,100,100,91
1767630762536,91,200,true,100,100,91
1767630762537,91,200,true,100,100,91
1767630762538,91,200,true,100,100,91
1767630762539,91,200,true,100,100,91
1767630762540,91,200,true,100,100,91
1767630762541,91,200,true,100,100,91
1767630762542,91,200,true,100,100,91
1767630762543,91,200,true,100,100,91
1767630762544,91,200,true,100,100,91
1767630762545,91,200,true,100,100,91
1767630762546,90,200,true,100,100,90
1767630762547,90,200,true,100,100,90
1767630762548,90,200,true,100,100,90
1767630762548,91,200,true,100,100,91
1767630762549,91,200,true,100,100,91
1767630762550,91,200,true,100,100,91
1767630762551,91,200,true,100,100,91
1767630762552,91,200,true,100,100,91
1767630762553,91,200,true,100,100,91
1767630762554,91,200,true,100,100,91
1767630762555,91,200,true,100,100,91
1767630762556,91,200,true,100,100,91
1767630762557,91,200,true,100,100,91
1767630762557,92,200,true,100,100,92
1767630762558,91,200,true,100,100,91
1767630762560,90,200,true,100,100,90
1767630762560,91,200,true,100,100,91
1767630762561,91,200,true,100,100,91
1767630762562,91,200,true,100,100,91
1767630762563,91,200,true,100,100,91
1767630762564,91,200,true,100,100,91
1767630762565,91,200,true,100,100,91
1767630762566,91,200,true,100,100,91
1767630762567,91,200,true,100,100,91
1767630762568,90,200,true,100,100,90
1767630762569,91,200,true,100,100,91
1767630762569,92,200,true,100,100,92
1767630762570,91,200,true,100,100,91
1767630762571,91,200,true,100,100,91
1767630762572,91,200,true,100,100,91
1767630762573,91,200,true,100,100,91
1767630762574,91,200,true,100,100,91
1767630762575,91,200,true,100,100,91
1767630762576,91,200,true,100,100,91
1767630762577,91,200,true,100,100,91
1767630762578,91,200,true,100,100,91
1767630762579,91,200,true,100,100,91
1767630762580,91,200,true,100,100,91
1767630762581,91,200,true,100,100,91
1767630762581,91,200,true,100,100,91
1767630762582,91,200,true,100,100,91
1767630762583,91,200,true,100,100,91
1767630762584,91,200,true,100,100,91
1767630762585,91,200,true,100,100,91
1767630762586,91,200,true,100,100,91
1767630762587,91,200,true,100,100,91
1767630762588,91,200,true,100,100,91
1767630762589,91,200,true,100,100,91
1767630762590,91,200,true,100,100,91
1767630762590,92,200,true,100,100,92
1767630762591,92,200,true,100,100,92
1767630762593,91,200,true,100,100,91
1767630762593,91,200,true,100,100,91
1767630762594,91,200,true,100,100,91
1767630762595,91,200,true,100,100,91
1767630762596,91,200,true,100,100,91
1767630762597,91,200,true,100,100,91
1767630762598,91,200,true,100,100,91
1767630762599,91,200,true,100,100,91
1767630762600,91,200,true,100,100,91
1767630762601,91,200,true,100,100,91
1767630762602,91,200,true,100,100,91
1767630762602,92,200,true,100,100,92
1767630762603,92,200,true,100,100,92
1767630762604,92,200,true,100,100,92
1767630762605,91,200,true,100,100,91
1767630762606,91,200,true,100,100,91
1767630762607,91,200,true,100,100,91
1767630762608,91,200,true,100,100,91
1767630762609,91,200,true,100,100,91
1767630762610,91,200,true,100,100,91
1767630762611,91,200,true,100,100,91
1767630762612,91,200,true,100,100,91
1767630762613,91,200,true,100,100,91
1767630762614,91,200,true,100,100,91
1767630762615,90,200,true,100,100,90
1767630762615,91,200,true,100,100,91
1767630762616,91,200,true,100,100,91
1767630762617,91,200,true,100,100,91
1767630762618,91,200,true,100,100,91
1767630762619,91,200,true,100,100,91
1767630762620,91,200,true,100,100,91
1767630762530,182,200,true,100,100,182
1767630762622,91,200,true,100,100,91
1767630762623,91,200,true,100,100,91
1767630762624,91,200,true,100,100,91
1767630762624,92,200,true,100,100,92
1767630762625,92,200,true,100,100,92
1767630762627,91,200,true,100,100,91
1767630762627,92,200,true,100,100,92
1767630762628,92,200,true,100,100,92
1767630762629,91,200,true,100,100,91
1767630762630,91,200,true,100,100,91
1767630762631,91,200,true,100,100,91
1767630762632,91,200,true,100,100,91
1767630762633,91,200,true,100,100,91
1767630762634,91,200,true,100,100,91
1767630762635,91,200,true,100,100,91
1767630762636,91,200,true,100,100,91
1767630762637,91,200,true,100,100,91
1767630762637,92,200,true,100,100,92
1767630762638,92,200,true,100,100,92
1767630762639,92,200,true,100,100,92
1767630762640,92,200,true,100,100,92
1767630762641,92,200,true,100,100,92
1767630762642,91,200,true,100,100,91
1767630762643,91,200,true,100,100,91
1767630762644,91,200,true,100,100,91
1767630762645,91,200,true,100,100,91
1767630762646,91,200,true,100,100,91
1767630762647,91,200,true,100,100,91
1767630762648,91,200,true,100,100,91
1767630762649,91,200,true,100,100,91
1767630762650,91,200,true,100,100,91
1767630762650,92,200,true,100,100,92
1767630762651,91,200,true,100,100,91
1767630762652,91,200,true,100,100,91
1767630762653,92,200,true,100,100,92
1767630762654,92,200,true,100,100,92
1767630762655,91,200,true,100,100,91
1767630762656,91,200,true,100,100,91
1767630762657,91,200,true,100,100,91
1767630762658,91,200,true,100,100,91
1767630762659,91,200,true,100,100,91
1767630762660,91,200,true,100,100,91
1767630762661,91,200,true,100,100,91
1767630762662,91,200,true,100,100,91
1767630762662,92,200,true,100,100,92
1767630762663,92,200,true,100,100,92
1767630762664,92,200,true,100,100,92
1767630762665,91,200,true,100,100,91
1767630762666,91,200,true,100,100,91
1767630762667,91,200,true,100,100,91
1767630762668,91,200,true,100,100,91
1767630762669,91,200,true,100,100,91
1767630762670,91,200,true,100,100,91
1767630762671,91,200,true,100,100,91
1767630762672,91,200,true,100,100,91
1767630762672,92,200,true,100,100,92
1767630762673,92,200,true,100,100,92
1767630762674,92,200,true,100,100,92
1767630762675,92,200,true,100,100,92
1767630762676,92,200,true,100,100,92
1767630762677,92,200,true,100,100,92
1767630762678,91,200,true,100,100,91
1767630762679,91,200,true,100,100,91
1767630762680,91,200,true,100,100,91
1767630762681,91,200,true,100,100,91
1767630762682,91,200,true,100,100,91
1767630762683,91,200,true,100,100,91
1767630762684,91,200,true,100,100,91
1767630762685,91,200,true,100,100,91
1767630762685,92,200,true,100,100,92
1767630762686,92,200,true,100,100,92
1767630762687,92,200,true,100,100,92
1767630762688,92,200,true,100,100,92
1767630762689,92,200,true,100,100,92
1767630762690,91,200,true,100,100,91
1767630762691,91,200,true,100,100,91
1767630762692,91,200,true,100,100,91
1767630762693,91,200,true,100,100,91
1767630762694,91,200,true,100,100,91
1767630762695,91,200,true,100,100,91
1767630762696,91,200,true,100,100,91
1767630762697,91,200,true,100,100,91
1767630762697,92,200,true,100,100,92
1767630762698,92,200,true,100,100,92
1767630762699,92,200,true,100,100,92
1767630762700,92,200,true,100,100,92
1767630762701,91,200,true,100,100,91
1767630762702,91,200,true,100,100,91
1767630762703,91,200,true,100,100,91
1767630762704,91,200,true,100,100,91
1767630762705,91,200,true,100,100,91
1767630762705,92,200,true,100,100,92
1767630762706,92,200,true,100,100,92
1767630762707,92,200,true,100,100,92
1767630762708,92,200,true,100,100,92
1767630762709,92,200,true,100,100,92
1767630762710,92,200,true,100,100,92
1767630762711,92,200,true,100,100,92
1767630762621,183,200,true,100,100,183
1767630762713,92,200,true,100,100,92
1767630762714,91,200,true,100,100,91
1767630762715,91,200,true,100,100,91
1767630762716,91,200,true,100,100,91
1767630762717,91,200,true,100,100,91
1767630762718,91,200,true,100,100,91
1767630762719,91,200,true,100,100,91
1767630762720,91,200,true,100,100,91
1767630762721,91,200,true,100,100,91
1767630762721,92,200,true,100,100,92
1767630762722,92,200,true,100,100,92
1767630762723,92,200,true,100,100,92
1767630762724,92,200,true,100,100,92
1767630762725,92,200,true,100,100,92
1767630762726,92,200,true,100,100,92
1767630762727,92,200,true,100,100,92
1767630762728,92,200,true,100,100,92
1767630762729,91,200,true,100,100,91
1767630762730,91,200,true,100,100,91
1767630762731,91,200,true,100,100,91
1767630762732,91,200,true,100,100,91
1767630762733,91,200,true,100,100,91
1767630762734,91,200,true,100,100,91
1767630762734,92,200,true,100,100,92
1767630762735,92,200,true,100,100,92
1767630762736,92,200,true,100,100,92
1767630762737,92,200,true,100,100,92
1767630762738,92,200,true,100,100,92
1767630762739,92,200,true,100,100,92
1767630762740,92,200,true,100,100,92
1767630762741,91,200,true,100,100,91
1767630762742,91,200,true,100,100,91
1767630762743,91,200,true,100,100,91
1767630762744,91,200,true,100,100,91
1767630762745,91,200,true,100,100,91
1767630762746,91,200,true,100,100,91
1767630762747,91,200,true,100,100,91
1767630762747,92,200,true,100,100,92
1767630762748,92,200,true,100,100,92
1767630762749,92,200,true,100,100,92
1767630762750,91,200,true,100,100,91
1767630762751,91,200,true,100,100,91
1767630762752,91,200,true,100,100,91
1767630762753,91,200,true,100,100,91
1767630762754,91,200,true,100,100,91
1767630762755,91,200,true,100,100,91
1767630762756,91,200,true,100,100,91
1767630762756,92,200,true,100,100,92
1767630762757,92,200,true,100,100,92
1767630762758,92,200,true,100,100,92
1767630762759,92,200,true,100,100,92
1767630762760,92,200,true,100,100,92
1767630762761,92,200,true,100,100,92
1767630762762,92,200,true,100,100,92
1767630762763,92,200,true,100,100,92
1767630762764,91,200,true,100,100,91
1767630762765,91,200,true,100,100,91
1767630762766,91,200,true,100,100,91
1767630762767,91,200,true,100,100,91
1767630762768,91,200,true,100,100,91
1767630762769,91,200,true,100,100,91
1767630762770,91,200,true,100,100,91
1767630762770,92,200,true,100,100,92
1767630762771,92,200,true,100,100,92
1767630762772,92,200,true,100,100,92
1767630762773,92,200,true,100,100,92
1767630762774,92,200,true,100,100,92
1767630762775,92,200,true,100,100,92
1767630762776,92,200,true,100,100,92
1767630762777,92,200,true,100,100,91
1767630762778,91,200,true,100,100,91
1767630762779,91,200,true,100,100,91
1767630762780,91,200,true,100,100,91
1767630762781,91,200,true,100,100,91
1767630762782,91,200,true,100,100,91
1767630762782,92,200,true,100,100,92
1767630762783,92,200,true,100,100,92
1767630762784,92,200,true,100,100,92
1767630762785,92,200,true,100,100,92
1767630762786,91,200,true,100,100,91
1767630762787,92,200,true,100,100,92
1767630762788,92,200,true,100,100,92
1767630762789,92,200,true,100,100,92
1767630762790,92,200,true,100,100,91
1767630762791,91,200,true,100,100,91
1767630762792,91,200,true,100,100,91
1767630762792,92,200,true,100,100,92
1767630762793,92,200,true,100,100,92
1767630762795,91,200,true,100,100,91
1767630762796,91,200,true,100,100,91
1767630762796,92,200,true,100,100,92
1767630762797,92,200,true,100,100,92
1767630762798,92,200,true,100,100,92
1767630762799,91,200,true,100,100,91
1767630762800,91,200,true,100,100,91
1767630762801,91,200,true,100,100,91
1767630762802,91,200,true,100,100,91
1767630762803,91,200,true,100,100,91
1767630762712,183,200,true,100,100,183
1767630762805,91,200,true,100,100,91
1767630762806,91,200,true,100,100,91
1767630762806,92,200,true,100,100,92
1767630762807,92,200,true,100,100,92
1767630762808,92,200,true,100,100,92
1767630762809,92,200,true,100,100,92
1767630762810,92,200,true,100,100,92
1767630762811,92,200,true,100,100,92
1767630762812,92,200,true,100,100,92
1767630762813,91,200,true,100,100,91
1767630762814,91,200,true,100,100,91
1767630762815,91,200,true,100,100,91
1767630762816,91,200,true,100,100,91
1767630762817,91,200,true,100,100,91
1767630762818,91,200,true,100,100,91
1767630762819,91,200,true,100,100,91
1767630762820,91,200,true,100,100,91
1767630762820,92,200,true,100,100,92
1767630762821,92,200,true,100,100,92
1767630762822,92,200,true,100,100,92
1767630762823,92,200,true,100,100,92
1767630762824,92,200,true,100,100,92
1767630762825,92,200,true,100,100,92
1767630762826,91,200,true,100,100,91
1767630762827,91,200,true,100,100,91
1767630762828,91,200,true,100,100,91
1767630762829,91,200,true,100,100,91
1767630762830,91,200,true,100,100,91
1767630762831,91,200,true,100,100,91
1767630762832,91,200,true,100,100,91
1767630762833,91,200,true,100,100,91
1767630762833,92,200,true,100,100,92
1767630762834,92,200,true,100,100,91
1767630762835,91,200,true,100,100,91
1767630762836,91,200,true,100,100,91
1767630762837,91,200,true,100,100,91
1767630762838,91,200,true,100,100,91
1767630762839,91,200,true,100,100,91
1767630762840,91,200,true,100,100,91
1767630762841,91,200,true,100,100,91
1767630762842,91,200,true,100,100,91
1767630762842,92,200,true,100,100,92
1767630762843,92,200,true,100,100,92
1767630762844,92,200,true,100,100,92
1767630762845,92,200,true,100,100,92
1767630762847,91,200,true,100,100,91
1767630762847,91,200,true,100,100,91
1767630762848,91,200,true,100,100,91
1767630762849,91,200,true,100,100,91
1767630762850,91,200,true,100,100,91
1767630762851,91,200,true,100,100,91
1767630762852,91,200,true,100,100,91
1767630762853,91,200,true,100,100,91
1767630762854,91,200,true,100,100,91
1767630762855,91,200,true,100,100,91
1767630762855,92,200,true,100,100,92
1767630762856,92,200,true,100,100,92
1767630762857,92,200,true,100,100,92
1767630762858,92,200,true,100,100,92
1767630762859,91,200,true,100,100,91
1767630762860,91,200,true,100,100,91
1767630762861,91,200,true,100,100,91
1767630762862,91,200,true,100,100,91
1767630762863,91,200,true,100,100,91
1767630762864,91,200,true,100,100,91
1767630762865,91,200,true,100,100,91
1767630762866,91,200,true,100,100,91
1767630762867,91,200,true,100,100,91
1767630762868,90,200,true,100,100,90
1767630762869,90,200,true,100,100,90
1767630762869,91,200,true,100,100,91
1767630762870,91,200,true,100,100,91
1767630762871,91,200,true,100,100,91
1767630762872,91,200,true,100,100,91
1767630762873,91,200,true,100,100,91
1767630762874,91,200,true,100,100,91
1767630762875,91,200,true,100,100,91
1767630762876,91,200,true,100,100,91
1767630762877,91,200,true,100,100,91
1767630762878,91,200,true,100,100,91
1767630762879,91,200,true,100,100,91
1767630762880,90,200,true,100,100,90
1767630762881,90,200,true,100,100,90
1767630762882,90,200,true,100,100,90
1767630762882,91,200,true,100,100,91
1767630762883,91,200,true,100,100,91
1767630762884,91,200,true,100,100,91
1767630762885,91,200,true,100,100,91
1767630762886,91,200,true,100,100,91
1767630762887,91,200,true,100,100,91
1767630762888,91,200,true,100,100,91
1767630762889,91,200,true,100,100,91
1767630762890,91,200,true,100,100,91
1767630762891,91,200,true,100,100,91
1767630762892,90,200,true,100,100,90
1767630762892,91,200,true,100,100,91
1767630762893,91,200,true,100,100,91
1767630762894,91,200,true,100,100,91
1767630762804,182,200,true,100,100,182
1767630762896,91,200,true,100,100,91
1767630762897,91,200,true,100,100,91
1767630762898,91,200,true,100,100,91
1767630762899,91,200,true,100,100,91
1767630762900,91,200,true,100,100,91
1767630762901,91,200,true,100,100,91
1767630762902,90,200,true,100,100,90
1767630762903,90,200,true,100,100,90
1767630762904,90,200,true,100,100,90
1767630762904,91,200,true,100,100,91
1767630762905,91,200,true,100,100,91
1767630762906,91,200,true,100,100,91
1767630762907,91,200,true,100,100,91
1767630762908,91,200,true,100,100,91
1767630762909,91,200,true,100,100,91
1767630762910,91,200,true,100,100,91
1767630762911,91,200,true,100,100,91
1767630762912,91,200,true,100,100,91
1767630762913,91,200,true,100,100,91
1767630762914,90,200,true,100,100,90
1767630762915,90,200,true,100,100,90
1767630762916,90,200,true,100,100,90
1767630762917,90,200,true,100,100,90
1767630762917,91,200,true,100,100,91
1767630762918,91,200,true,100,100,91
1767630762919,91,200,true,100,100,91
1767630762920,91,200,true,100,100,91
1767630762921,91,200,true,100,100,91
1767630762922,91,200,true,100,100,91
1767630762923,91,200,true,100,100,91
1767630762924,91,200,true,100,100,91
1767630762925,91,200,true,100,100,91
1767630762926,90,200,true,100,100,90
1767630762927,90,200,true,100,100,90
1767630762927,91,200,true,100,100,91
1767630762928,91,200,true,100,100,91
1767630762929,91,200,true,100,100,91
1767630762930,91,200,true,100,100,91
1767630762931,91,200,true,100,100,91
1767630762932,91,200,true,100,100,91
1767630762933,91,200,true,100,100,91
1767630762934,90,200,true,100,100,90
1767630762935,90,200,true,100,100,90
1767630762936,90,200,true,100,100,90
1767630762937,90,200,true,100,100,90
1767630762938,90,200,true,100,100,90
1767630762938,91,200,true,100,100,91
1767630762939,91,200,true,100,100,91
1767630762940,91,200,true,100,100,91
1767630762941,91,200,true,100,100,91
1767630762942,91,200,true,100,100,91
1767630762943,91,200,true,100,100,91
1767630762944,91,200,true,100,100,91
1767630762945,91,200,true,100,100,91
1767630762946,91,200,true,100,100,91
1767630762947,90,200,true,100,100,90
1767630762948,90,200,true,100,100,90
1767630762949,90,200,true,100,100,90
1767630762950,90,200,true,100,100,90
1767630762950,91,200,true,100,100,91
1767630762951,91,200,true,100,100,91
1767630762952,91,200,true,100,100,91
1767630762953,91,200,true,100,100,91
1767630762954,91,200,true,100,100,91
1767630762955,90,200,true,100,100,90
1767630762956,91,200,true,100,100,91
1767630762957,91,200,true,100,100,91
1767630762958,90,200,true,100,100,90
1767630762959,90,200,true,100,100,90
1767630762959,91,200,true,100,100,91
1767630762960,91,200,true,100,100,91
1767630762961,91,200,true,100,100,91
1767630762962,91,200,true,100,100,91
1767630762963,91,200,true,100,100,91
1767630762964,91,200,true,100,100,91
1767630762965,91,200,true,100,100,91
1767630762966,91,200,true,100,100,91
1767630762967,91,200,true,100,100,91
1767630762968,91,200,true,100,100,91
1767630762969,90,200,true,100,100,90
1767630762970,90,200,true,100,100,90
1767630762970,91,200,true,100,100,91
1767630762971,91,200,true,100,100,91
1767630762972,92,200,true,100,100,92
1767630762973,91,200,true,100,100,91
1767630762974,91,200,true,100,100,91
1767630762975,91,200,true,100,100,91
1767630762976,91,200,true,100,100,91
1767630762977,91,200,true,100,100,91
1767630762978,91,200,true,100,100,91
1767630762979,91,200,true,100,100,91
1767630762980,91,200,true,100,100,91
1767630762981,91,200,true,100,100,91
1767630762982,91,200,true,100,100,91
1767630762983,90,200,true,100,100,90
1767630762983,91,200,true,100,100,91
1767630762984,91,200,true,100,100,91
1767630762985,91,200,true,100,100,91
1767630762895,182,200,true,100,100,182
1767630762987,91,200,true,100,100,91
1767630762988,91,200,true,100,100,91
1767630762989,91,200,true,100,100,91
1767630762990,91,200,true,100,100,91
1767630762991,91,200,true,100,100,91
1767630762992,91,200,true,100,100,91
1767630762993,91,200,true,100,100,91
1767630762993,92,200,true,100,100,92
1767630762994,92,200,true,100,100,92
1767630762995,92,200,true,100,100,92
1767630762996,91,200,true,100,100,91
1767630762997,91,200,true,100,100,91
1767630762998,91,200,true,100,100,91
1767630762999,91,200,true,100,100,91
1767630763000,91,200,true,100,100,91
1767630763001,91,200,true,100,100,91
1767630763002,91,200,true,100,100,91
1767630763003,91,200,true,100,100,91
1767630763004,91,200,true,100,100,91
1767630763005,91,200,true,100,100,91
1767630763005,92,200,true,100,100,92
1767630763006,92,200,true,100,100,92
1767630763007,92,200,true,100,100,92
1767630763008,92,200,true,100,100,92
1767630763009,91,200,true,100,100,91
1767630763010,91,200,true,100,100,91
1767630763011,91,200,true,100,100,91
1767630763012,91,200,true,100,100,91
1767630763013,91,200,true,100,100,91
1767630763014,91,200,true,100,100,91
1767630763015,91,200,true,100,100,91
1767630763016,91,200,true,100,100,91
1767630763016,92,200,true,100,100,92
1767630763017,91,200,true,100,100,91
1767630763018,91,200,true,100,100,91
1767630763020,90,200,true,100,100,90
1767630763020,91,200,true,100,100,91
1767630763021,91,200,true,100,100,91
1767630763022,91,200,true,100,100,91
1767630763023,91,200,true,100,100,91
1767630763024,91,200,true,100,100,91
1767630763025,91,200,true,100,100,91
1767630763025,92,200,true,100,100,92
1767630763026,92,200,true,100,100,92
1767630763027,92,200,true,100,100,92
1767630763028,92,200,true,100,100,92
1767630763029,91,200,true,100,100,91
1767630763030,91,200,true,100,100,91
1767630763031,91,200,true,100,100,91
1767630763032,91,200,true,100,100,91
1767630763033,91,200,true,100,100,91
1767630763034,91,200,true,100,100,91
1767630763035,91,200,true,100,100,91
1767630763036,91,200,true,100,100,91
1767630763037,91,200,true,100,100,91
1767630763037,92,200,true,100,100,92
1767630763038,92,200,true,100,100,92
1767630763039,92,200,true,100,100,92
1767630763040,92,200,true,100,100,92
1767630763041,91,200,true,100,100,91
1767630763042,91,200,true,100,100,91
1767630763043,91,200,true,100,100,91
1767630763044,91,200,true,100,100,91
1767630763045,91,200,true,100,100,91
1767630763046,91,200,true,100,100,91
1767630763047,91,200,true,100,100,91
1767630763048,91,200,true,100,100,91
1767630763049,91,200,true,100,100,91
1767630763049,92,200,true,100,100,92
1767630763050,91,200,true,100,100,91
1767630763051,91,200,true,100,100,91
1767630763052,91,200,true,100,100,91
1767630763053,91,200,true,100,100,91
1767630763054,91,200,true,100,100,91
1767630763055,91,200,true,100,100,91
1767630763056,91,200,true,100,100,91
1767630763057,91,200,true,100,100,91
1767630763058,91,200,true,100,100,91
1767630763059,91,200,true,100,100,91
1767630763060,91,200,true,100,100,91
1767630763060,92,200,true,100,100,92
1767630763061,92,200,true,100,100,92
1767630763062,91,200,true,100,100,91
1767630763064,90,200,true,100,100,90
1767630763065,90,200,true,100,100,90
1767630763065,91,200,true,100,100,91
1767630763066,91,200,true,100,100,91
1767630763067,91,200,true,100,100,91
1767630763068,91,200,true,100,100,91
1767630763069,91,200,true,100,100,91
1767630763070,91,200,true,100,100,91
1767630763071,91,200,true,100,100,91
1767630763072,91,200,true,100,100,91
1767630763073,91,200,true,100,100,91
1767630763074,91,200,true,100,100,91
1767630763074,91,200,true,100,100,91
1767630763075,91,200,true,100,100,91
1767630763076,91,200,true,100,100,91
1767630762986,182,200,true,100,100,182
1767630763078,91,200,true,100,100,91
1767630763079,91,200,true,100,100,91
1767630763080,91,200,true,100,100,91
1767630763081,91,200,true,100,100,91
1767630763082,91,200,true,100,100,91
1767630763083,91,200,true,100,100,91
1767630763084,90,200,true,100,100,90
1767630763085,90,200,true,100,100,90
1767630763086,90,200,true,100,100,90
1767630763087,90,200,true,100,100,90
1767630763088,90,200,true,100,100,90
1767630763088,91,200,true,100,100,91
1767630763089,91,200,true,100,100,91
1767630763090,91,200,true,100,100,91
1767630763091,91,200,true,100,100,91
1767630763092,91,200,true,100,100,91
1767630763093,91,200,true,100,100,91
1767630763094,91,200,true,100,100,91
1767630763095,91,200,true,100,100,91
1767630763096,90,200,true,100,100,90
1767630763097,90,200,true,100,100,90
1767630763098,90,200,true,100,100,90
1767630763099,90,200,true,100,100,90
1767630763100,90,200,true,100,100,90
1767630763100,91,200,true,100,100,91
1767630763101,91,200,true,100,100,91
1767630763102,91,200,true,100,100,91
1767630763103,91,200,true,100,100,91
1767630763104,91,200,true,100,100,91
1767630763105,91,200,true,100,100,91
1767630763106,91,200,true,100,100,91
1767630763107,91,200,true,100,100,91
1767630763108,90,200,true,100,100,90
1767630763109,90,200,true,100,100,90
1767630763109,91,200,true,100,100,91
1767630763110,91,200,true,100,100,91
1767630763112,90,200,true,100,100,90
1767630763112,91,200,true,100,100,91
1767630763113,91,200,true,100,100,91
1767630763114,91,200,true,100,100,91
1767630763115,91,200,true,100,100,91
1767630763116,91,200,true,100,100,90
1767630763117,90,200,true,100,100,90
1767630763118,91,200,true,100,100,91
1767630763119,90,200,true,100,100,90
1767630763120,90,200,true,100,100,90
1767630763121,90,200,true,100,100,90
1767630763121,91,200,true,100,100,91
1767630763122,91,200,true,100,100,91
1767630763123,91,200,true,100,100,91
1767630763124,91,200,true,100,100,91
1767630763125,91,200,true,100,100,91
1767630763126,91,200,true,100,100,91
1767630763127,91,200,true,100,100,91
1767630763128,91,200,true,100,100,91
1767630763129,90,200,true,100,100,90
1767630763130,90,200,true,100,100,90
1767630763131,90,200,true,100,100,90
1767630763132,90,200,true,100,100,90
1767630763132,91,200,true,100,100,91
1767630763133,91,200,true,100,100,91
1767630763134,91,200,true,100,100,91
1767630763135,91,200,true,100,100,91
1767630763136,91,200,true,100,100,91
1767630763137,91,200,true,100,100,91
1767630763138,91,200,true,100,100,91
1767630763139,91,200,true,100,100,91
1767630763140,90,200,true,100,100,90
1767630763141,90,200,true,100,100,90
1767630763141,91,200,true,100,100,91
1767630763142,91,200,true,100,100,91
1767630763143,91,200,true,100,100,91
1767630763145,90,200,true,100,100,90
1767630763145,91,200,true,100,100,91
1767630763146,91,200,true,100,100,91
1767630763147,91,200,true,100,100,91
1767630763148,90,200,true,100,100,90
1767630763149,90,200,true,100,100,90
1767630763150,90,200,true,100,100,90
1767630763151,90,200,true,100,100,90
1767630763152,90,200,true,100,100,90
1767630763153,90,200,true,100,100,90
1767630763154,90,200,true,100,100,90
1767630763154,91,200,true,100,100,91
1767630763155,91,200,true,100,100,91
1767630763156,91,200,true,100,100,91
1767630763157,91,200,true,100,100,91
1767630763158,91,200,true,100,100,91
1767630763159,91,200,true,100,100,91
1767630763160,91,200,true,100,100,91
1767630763161,91,200,true,100,100,91
1767630763162,90,200,true,100,100,90
1767630763163,90,200,true,100,100,90
1767630763164,90,200,true,100,100,90
1767630763165,90,200,true,100,100,90
1767630763166,90,200,true,100,100,90
1767630763166,91,200,true,100,100,91
1767630763167,91,200,true,100,100,91
1767630763077,182,200,true,100,100,182
1767630763169,91,200,true,100,100,91
1767630763170,91,200,true,100,100,91
1767630763171,91,200,true,100,100,91
1767630763172,91,200,true,100,100,91
1767630763173,90,200,true,100,100,90
1767630763174,90,200,true,100,100,90
1767630763175,90,200,true,100,100,90
1767630763175,91,200,true,100,100,91
1767630763176,91,200,true,100,100,91
1767630763178,90,200,true,100,100,90
1767630763178,91,200,true,100,100,91
1767630763179,91,200,true,100,100,91
1767630763180,91,200,true,100,100,91
1767630763181,91,200,true,100,100,91
1767630763182,90,200,true,100,100,90
1767630763183,90,200,true,100,100,90
1767630763184,90,200,true,100,100,90
1767630763185,90,200,true,100,100,90
1767630763186,90,200,true,100,100,90
1767630763187,90,200,true,100,100,90
1767630763187,91,200,true,100,100,91
1767630763188,91,200,true,100,100,91
1767630763189,91,200,true,100,100,91
1767630763190,91,200,true,100,100,91
1767630763191,91,200,true,100,100,91
1767630763192,91,200,true,100,100,91
1767630763193,91,200,true,100,100,91
1767630763194,90,200,true,100,100,90
1767630763195,90,200,true,100,100,90
1767630763196,90,200,true,100,100,90
1767630763197,90,200,true,100,100,90
1767630763198,90,200,true,100,100,90
1767630763199,90,200,true,100,100,90
1767630763200,90,200,true,100,100,90
1767630763200,91,200,true,100,100,91
1767630763201,91,200,true,100,100,91
1767630763202,91,200,true,100,100,91
1767630763203,91,200,true,100,100,91
1767630763204,91,200,true,100,100,91
1767630763205,91,200,true,100,100,91
1767630763206,91,200,true,100,100,91
1767630763207,90,200,true,100,100,90
1767630763207,91,200,true,100,100,91
1767630763209,90,200,true,100,100,90
1767630763209,91,200,true,100,100,91
1767630763210,91,200,true,100,100,91
1767630763211,91,200,true,100,100,91
1767630763212,91,200,true,100,100,91
1767630763213,91,200,true,100,100,91
1767630763214,91,200,true,100,100,91
1767630763215,90,200,true,100,100,90
1767630763216,90,200,true,100,100,90
1767630763217,90,200,true,100,100,90
1767630763218,90,200,true,100,100,90
1767630763219,91,200,true,100,100,91
1767630763219,91,200,true,100,100,91
1767630763220,91,200,true,100,100,91
1767630763221,91,200,true,100,100,91
1767630763222,91,200,true,100,100,91
1767630763223,91,200,true,100,100,91
1767630763224,91,200,true,100,100,91
1767630763225,91,200,true,100,100,91
1767630763226,91,200,true,100,100,91
1767630763227,91,200,true,100,100,91
1767630763228,90,200,true,100,100,90
1767630763229,90,200,true,100,100,90
1767630763230,90,200,true,100,100,90
1767630763231,90,200,true,100,100,90
1767630763231,91,200,true,100,100,91
1767630763232,91,200,true,100,100,91
1767630763233,91,200,true,100,100,91
1767630763234,91,200,true,100,100,91
1767630763235,91,200,true,100,100,91
1767630763236,91,200,true,100,100,91
1767630763237,91,200,true,100,100,91
1767630763238,91,200,true,100,100,91
1767630763239,91,200,true,100,100,91
1767630763239,91,200,true,100,100,91
1767630763240,91,200,true,100,100,91
1767630763241,91,200,true,100,100,91
1767630763242,91,200,true,100,100,91
1767630763243,91,200,true,100,100,91
1767630763244,91,200,true,100,100,91
1767630763245,91,200,true,100,100,91
1767630763246,91,200,true,100,100,91
1767630763247,91,200,true,100,100,91
1767630763248,91,200,true,100,100,91
1767630763249,90,200,true,100,100,90
1767630763250,90,200,true,100,100,90
1767630763251,90,200,true,100,100,90
1767630763252,90,200,true,100,100,90
1767630763252,91,200,true,100,100,91
1767630763253,91,200,true,100,100,91
1767630763254,91,200,true,100,100,91
1767630763255,91,200,true,100,100,91
1767630763256,91,200,true,100,100,91
1767630763257,91,200,true,100,100,91
1767630763258,91,200,true,100,100,91
1767630763259,91,200,true,100,100,91
1767630763168,183,200,true,100,100,183
1767630763260,92,200,true,100,100,92
1767630763261,92,200,true,100,100,92
1767630763262,91,200,true,100,100,91
1767630763263,91,200,true,100,100,91
1767630763264,91,200,true,100,100,91
1767630763264,92,200,true,100,100,92
1767630763265,92,200,true,100,100,92
1767630763266,92,200,true,100,100,92
1767630763267,92,200,true,100,100,92
1767630763268,92,200,true,100,100,92
1767630763269,92,200,true,100,100,92
1767630763270,92,200,true,100,100,92
1767630763271,92,200,true,100,100,92
1767630763272,92,200,true,100,100,92
1767630763272,93,200,true,100,100,93
1767630763273,92,200,true,100,100,92
1767630763274,92,200,true,100,100,92
1767630763275,92,200,true,100,100,92
1767630763276,92,200,true,100,100,92
1767630763277,92,200,true,100,100,92
1767630763278,92,200,true,100,100,92
1767630763279,92,200,true,100,100,92
1767630763280,92,200,true,100,100,92
1767630763281,92,200,true,100,100,92
1767630763282,92,200,true,100,100,92
1767630763283,92,200,true,100,100,92
1767630763284,92,200,true,100,100,91
1767630763284,93,200,true,100,100,93
1767630763285,93,200,true,100,100,93
1767630763286,93,200,true,100,100,93
1767630763287,92,200,true,100,100,92
1767630763288,92,200,true,100,100,92
1767630763289,92,200,true,100,100,92
1767630763290,92,200,true,100,100,92
1767630763291,92,200,true,100,100,92
1767630763292,92,200,true,100,100,92
1767630763293,92,200,true,100,100,92
1767630763294,92,200,true,100,100,92
1767630763295,92,200,true,100,100,92
1767630763296,92,200,true,100,100,92
1767630763297,91,200,true,100,100,91
1767630763297,92,200,true,100,100,92
1767630763298,92,200,true,100,100,92
1767630763299,92,200,true,100,100,92
1767630763300,92,200,true,100,100,92
1767630763301,92,200,true,100,100,92
1767630763302,92,200,true,100,100,92
1767630763303,92,200,true,100,100,92
1767630763304,92,200,true,100,100,92
1767630763305,92,200,true,100,100,92
1767630763306,92,200,true,100,100,92
1767630763306,93,200,true,100,100,93
1767630763307,93,200,true,100,100,93
1767630763308,93,200,true,100,100,93
1767630763310,92,200,true,100,100,92
1767630763310,92,200,true,100,100,92
1767630763311,92,200,true,100,100,92
1767630763312,92,200,true,100,100,92
1767630763313,92,200,true,100,100,92
1767630763314,92,200,true,100,100,92
1767630763315,92,200,true,100,100,92
1767630763316,92,200,true,100,100,92
1767630763317,92,200,true,100,100,92
1767630763318,92,200,true,100,100,92
1767630763319,92,200,true,100,100,92
1767630763319,93,200,true,100,100,93
1767630763320,93,200,true,100,100,93
1767630763321,93,200,true,100,100,93
1767630763322,93,200,true,100,100,93
1767630763323,92,200,true,100,100,92
1767630763324,92,200,true,100,100,92
1767630763325,92,200,true,100,100,92
1767630763326,92,200,true,100,100,92
1767630763327,92,200,true,100,100,92
1767630763328,92,200,true,100,100,92
1767630763329,92,200,true,100,100,92
1767630763330,92,200,true,100,100,92
1767630763330,93,200,true,100,100,93
1767630763331,93,200,true,100,100,93
1767630763332,93,200,true,100,100,93
1767630763333,92,200,true,100,100,92
1767630763334,92,200,true,100,100,92
1767630763335,93,200,true,100,100,93
1767630763336,93,200,true,100,100,93
1767630763337,92,200,true,100,100,92
1767630763338,92,200,true,100,100,92
1767630763339,92,200,true,100,100,92
1767630763340,92,200,true,100,100,92
1767630763340,93,200,true,100,100,93
1767630763341,93,200,true,100,100,93
1767630763342,93,200,true,100,100,93
1767630763343,93,200,true,100,100,93
1767630763344,93,200,true,100,100,93
1767630763345,92,200,true,100,100,92
1767630763346,92,200,true,100,100,92
1767630763347,92,200,true,100,100,92
1767630763348,92,200,true,100,100,92
1767630763349,92,200,true,100,100,92
1767630763350,92,200,true,100,100,92
1767630763352,91,200,true,100,100,91
1767630763353,91,200,true,100,100,91
1767630763354,91,200,true,100,100,91
1767630763354,92,200,true,100,100,92
1767630763355,92,200,true,100,100,92
1767630763356,92,200,true,100,100,92
1767630763357,92,200,true,100,100,92
1767630763358,92,200,true,100,100,92
1767630763359,92,200,true,100,100,92
1767630763360,91,200,true,100,100,91
1767630763361,91,200,true,100,100,91
1767630763362,91,200,true,100,100,91
1767630763363,91,200,true,100,100,91
1767630763364,91,200,true,100,100,91
1767630763365,91,200,true,100,100,91
1767630763366,91,200,true,100,100,91
1767630763366,92,200,true,100,100,92
1767630763367,92,200,true,100,100,92
1767630763368,92,200,true,100,100,92
1767630763369,92,200,true,100,100,92
1767630763370,92,200,true,100,100,92
1767630763371,92,200,true,100,100,92
1767630763372,91,200,true,100,100,91
1767630763373,91,200,true,100,100,91
1767630763374,91,200,true,100,100,91
1767630763375,91,200,true,100,100,91
1767630763376,91,200,true,100,100,91
1767630763377,91,200,true,100,100,91
1767630763378,91,200,true,100,100,91
1767630763379,91,200,true,100,100,91
1767630763380,91,200,true,100,100,91
1767630763380,92,200,true,100,100,92
1767630763381,91,200,true,100,100,91
1767630763382,91,200,true,100,100,91
1767630763383,91,200,true,100,100,91
1767630763384,91,200,true,100,100,91
1767630763385,91,200,true,100,100,91
1767630763386,91,200,true,100,100,91
1767630763387,91,200,true,100,100,91
1767630763388,91,200,true,100,100,91
1767630763389,91,200,true,100,100,91
1767630763389,92,200,true,100,100,92
1767630763390,92,200,true,100,100,92
1767630763391,92,200,true,100,100,92
1767630763392,92,200,true,100,100,92
1767630763393,91,200,true,100,100,91
1767630763394,91,200,true,100,100,91
1767630763395,91,200,true,100,100,91
1767630763396,91,200,true,100,100,91
1767630763397,91,200,true,100,100,91
1767630763398,91,200,true,100,100,91
1767630763399,91,200,true,100,100,91
1767630763400,91,200,true,100,100,91
1767630763401,91,200,true,100,100,91
1767630763402,91,200,true,100,100,91
1767630763402,92,200,true,100,100,92
1767630763403,92,200,true,100,100,92
1767630763404,92,200,true,100,100,92
1767630763405,91,200,true,100,100,91
1767630763406,91,200,true,100,100,91
1767630763407,91,200,true,100,100,91
1767630763408,91,200,true,100,100,91
1767630763409,91,200,true,100,100,91
1767630763410,91,200,true,100,100,91
1767630763411,91,200,true,100,100,91
1767630763412,91,200,true,100,100,91
1767630763413,91,200,true,100,100,91
1767630763414,90,200,true,100,100,90
1767630763415,90,200,true,100,100,90
1767630763416,90,200,true,100,100,90
1767630763416,91,200,true,100,100,91
1767630763417,91,200,true,100,100,91
1767630763418,91,200,true,100,100,91
1767630763419,91,200,true,100,100,91
1767630763420,91,200,true,100,100,91
1767630763421,91,200,true,100,100,91
1767630763422,91,200,true,100,100,91
1767630763423,91,200,true,100,100,91
1767630763424,91,200,true,100,100,91
1767630763425,91,200,true,100,100,91
1767630763425,92,200,true,100,100,92
1767630763426,91,200,true,100,100,91
1767630763428,91,200,true,100,100,91
1767630763429,91,200,true,100,100,91
1767630763429,92,200,true,100,100,92
1767630763430,92,200,true,100,100,92
1767630763431,91,200,true,100,100,91
1767630763432,91,200,true,100,100,91
1767630763433,91,200,true,100,100,91
1767630763434,91,200,true,100,100,91
1767630763435,91,200,true,100,100,91
1767630763436,91,200,true,100,100,91
1767630763437,91,200,true,100,100,91
1767630763438,91,200,true,100,100,91
1767630763438,92,200,true,100,100,92
1767630763439,92,200,true,100,100,92
1767630763440,92,200,true,100,100,92
1767630763441,92,200,true,100,100,92
1767630763442,92,200,true,100,100,92
1767630763351,184,200,true,100,100,184
1767630763443,93,200,true,100,100,93
1767630763444,93,200,true,100,100,93
1767630763445,93,200,true,100,100,93
1767630763446,92,200,true,100,100,92
1767630763447,92,200,true,100,100,92
1767630763448,92,200,true,100,100,92
1767630763449,92,200,true,100,100,92
1767630763450,92,200,true,100,100,92
1767630763451,92,200,true,100,100,92
1767630763452,92,200,true,100,100,92
1767630763452,93,200,true,100,100,93
1767630763453,93,200,true,100,100,93
1767630763454,93,200,true,100,100,93
1767630763455,93,200,true,100,100,93
1767630763456,93,200,true,100,100,93
1767630763457,93,200,true,100,100,93
1767630763458,92,200,true,100,100,92
1767630763459,92,200,true,100,100,92
1767630763460,92,200,true,100,100,92
1767630763461,92,200,true,100,100,92
1767630763462,92,200,true,100,100,92
1767630763463,92,200,true,100,100,92
1767630763464,92,200,true,100,100,92
1767630763464,93,200,true,100,100,93
1767630763465,93,200,true,100,100,93
1767630763466,93,200,true,100,100,93
1767630763467,93,200,true,100,100,93
1767630763468,93,200,true,100,100,93
1767630763469,93,200,true,100,100,93
1767630763470,93,200,true,100,100,93
1767630763471,93,200,true,100,100,93
1767630763472,92,200,true,100,100,92
1767630763473,92,200,true,100,100,92
1767630763473,93,200,true,100,100,93
1767630763474,93,200,true,100,100,93
1767630763475,93,200,true,100,100,93
1767630763476,93,200,true,100,100,93
1767630763477,93,200,true,100,100,93
1767630763478,93,200,true,100,100,93
1767630763479,93,200,true,100,100,93
1767630763480,93,200,true,100,100,93
1767630763481,92,200,true,100,100,92
1767630763482,92,200,true,100,100,92
1767630763483,92,200,true,100,100,92
1767630763484,92,200,true,100,100,92
1767630763485,92,200,true,100,100,92
1767630763485,93,200,true,100,100,93
1767630763486,93,200,true,100,100,93
1767630763487,93,200,true,100,100,93
1767630763488,93,200,true,100,100,93
1767630763489,93,200,true,100,100,93
1767630763490,93,200,true,100,100,93
1767630763491,93,200,true,100,100,93
1767630763492,93,200,true,100,100,93
1767630763493,92,200,true,100,100,92
1767630763494,92,200,true,100,100,92
1767630763495,92,200,true,100,100,92
1767630763496,92,200,true,100,100,92
1767630763497,92,200,true,100,100,92
1767630763497,93,200,true,100,100,93
1767630763498,93,200,true,100,100,93
1767630763499,93,200,true,100,100,93
1767630763500,93,200,true,100,100,93
1767630763501,92,200,true,100,100,92
1767630763502,93,200,true,100,100,93
1767630763503,93,200,true,100,100,93
1767630763504,92,200,true,100,100,92
1767630763505,92,200,true,100,100,92
1767630763506,92,200,true,100,100,92
1767630763506,93,200,true,100,100,93
1767630763507,93,200,true,100,100,93
1767630763508,93,200,true,100,100,93
1767630763509,93,200,true,100,100,93
1767630763510,93,200,true,100,100,93
1767630763511,93,200,true,100,100,93
1767630763512,93,200,true,100,100,93
1767630763513,93,200,true,100,100,93
1767630763514,92,200,true,100,100,92
1767630763515,92,200,true,100,100,92
1767630763516,92,200,true,100,100,92
1767630763517,92,200,true,100,100,92
1767630763518,92,200,true,100,100,92
1767630763519,92,200,true,100,100,92
1767630763520,92,200,true,100,100,92
1767630763521,92,200,true,100,100,92
1767630763522,92,200,true,100,100,92
1767630763523,92,200,true,100,100,92
1767630763523,93,200,true,100,100,93
1767630763524,93,200,true,100,100,93
1767630763525,92,200,true,100,100,92
1767630763526,92,200,true,100,100,92
1767630763527,92,200,true,100,100,92
1767630763528,92,200,true,100,100,92
1767630763529,92,200,true,100,100,92
1767630763530,92,200,true,100,100,92
1767630763531,92,200,true,100,100,92
1767630763532,92,200,true,100,100,92
1767630763533,92,200,true,100,100,92
1767630763534,92,200,true,100,100,92
1767630763536,92,200,true,100,100,92
1767630763537,93,200,true,100,100,93
1767630763538,95,200,true,100,100,95
1767630763538,97,200,true,100,100,97
1767630763539,98,200,true,100,100,98
1767630763540,98,200,true,100,100,98
1767630763541,98,200,true,100,100,98
1767630763542,98,200,true,100,100,98
1767630763543,98,200,true,100,100,98
1767630763544,99,200,true,100,100,99
1767630763545,99,200,true,100,100,99
1767630763546,99,200,true,100,100,99
1767630763547,99,200,true,100,100,99
1767630763548,99,200,true,100,100,99
1767630763549,98,200,true,100,100,98
1767630763550,98,200,true,100,100,98
1767630763551,98,200,true,100,100,98
1767630763551,99,200,true,100,100,99
1767630763552,99,200,true,100,100,99
1767630763553,99,200,true,100,100,99
1767630763554,99,200,true,100,100,99
1767630763555,99,200,true,100,100,99
1767630763556,99,200,true,100,100,99
1767630763557,99,200,true,100,100,99
1767630763558,99,200,true,100,100,99
1767630763559,99,200,true,100,100,99
1767630763560,99,200,true,100,100,99
1767630763561,98,200,true,100,100,98
1767630763562,98,200,true,100,100,98
1767630763563,98,200,true,100,100,98
1767630763564,98,200,true,100,100,98
1767630763564,99,200,true,100,100,99
1767630763565,99,200,true,100,100,99
1767630763566,99,200,true,100,100,99
1767630763567,99,200,true,100,100,99
1767630763568,99,200,true,100,100,99
1767630763569,99,200,true,100,100,99
1767630763570,98,200,true,100,100,98
1767630763571,98,200,true,100,100,98
1767630763572,98,200,true,100,100,98
1767630763573,98,200,true,100,100,98
1767630763573,99,200,true,100,100,99
1767630763574,99,200,true,100,100,99
1767630763575,99,200,true,100,100,99
1767630763576,99,200,true,100,100,99
1767630763577,99,200,true,100,100,99
1767630763578,99,200,true,100,100,99
1767630763579,99,200,true,100,100,99
1767630763580,99,200,true,100,100,99
1767630763581,99,200,true,100,100,99
1767630763582,98,200,true,100,100,98
1767630763583,98,200,true,100,100,98
1767630763584,98,200,true,100,100,98
1767630763585,98,200,true,100,100,98
1767630763585,99,200,true,100,100,99
1767630763586,99,200,true,100,100,99
1767630763587,99,200,true,100,100,99
1767630763588,99,200,true,100,100,99
1767630763589,99,200,true,100,100,99
1767630763590,99,200,true,100,100,99
1767630763591,99,200,true,100,100,99
1767630763592,99,200,true,100,100,99
1767630763593,99,200,true,100,100,99
1767630763593,100,200,true,100,100,100
1767630763595,99,200,true,100,100,99
1767630763596,98,200,true,100,100,98
1767630763597,98,200,true,100,100,98
1767630763597,99,200,true,100,100,99
1767630763598,99,200,true,100,100,99
1767630763599,99,200,true,100,100,99
1767630763600,99,200,true,100,100,99
1767630763601,99,200,true,100,100,99
1767630763602,99,200,true,100,100,99
1767630763603,99,200,true,100,100,99
1767630763604,98,200,true,100,100,98
1767630763605,98,200,true,100,100,98
1767630763606,99,200,true,100,100,99
1767630763606,100,200,true,100,100,100
1767630763607,99,200,true,100,100,99
1767630763608,99,200,true,100,100,99
1767630763609,99,200,true,100,100,99
1767630763610,99,200,true,100,100,99
1767630763611,99,200,true,100,100,99
1767630763612,99,200,true,100,100,99
1767630763613,99,200,true,100,100,99
1767630763614,99,200,true,100,100,99
1767630763615,99,200,true,100,100,99
1767630763616,99,200,true,100,100,99
1767630763617,99,200,true,100,100,99
1767630763618,98,200,true,100,100,98
1767630763618,99,200,true,100,100,99
1767630763619,99,200,true,100,100,99
1767630763620,99,200,true,100,100,99
1767630763621,99,200,true,100,100,99
1767630763622,99,200,true,100,100,99
1767630763623,99,200,true,100,100,99
1767630763624,99,200,true,100,100,99
1767630763625,99,200,true,100,100,99
1767630763626,99,200,true,100,100,99
1767630763535,191,200,true,100,100,191
1767630763628,99,200,true,100,100,99
1767630763631,97,200,true,100,100,97
1767630763633,96,200,true,100,100,96
1767630763636,93,200,true,100,100,93
1767630763637,93,200,true,100,100,93
1767630763638,93,200,true,100,100,93
1767630763639,93,200,true,100,100,93
1767630763640,93,200,true,100,100,93
1767630763641,93,200,true,100,100,93
1767630763643,92,200,true,100,100,92
1767630763644,92,200,true,100,100,92
1767630763645,92,200,true,100,100,92
1767630763646,92,200,true,100,100,92
1767630763647,92,200,true,100,100,92
1767630763647,93,200,true,100,100,93
1767630763648,93,200,true,100,100,93
1767630763649,93,200,true,100,100,93
1767630763650,93,200,true,100,100,93
1767630763651,93,200,true,100,100,93
1767630763652,93,200,true,100,100,93
1767630763653,92,200,true,100,100,92
1767630763654,92,200,true,100,100,92
1767630763655,92,200,true,100,100,92
1767630763656,92,200,true,100,100,92
1767630763657,92,200,true,100,100,92
1767630763658,92,200,true,100,100,92
1767630763659,92,200,true,100,100,92
1767630763660,92,200,true,100,100,92
1767630763660,93,200,true,100,100,93
1767630763661,93,200,true,100,100,93
1767630763662,93,200,true,100,100,93
1767630763663,93,200,true,100,100,93
1767630763664,93,200,true,100,100,93
1767630763665,93,200,true,100,100,92
1767630763666,92,200,true,100,100,92
1767630763667,92,200,true,100,100,92
1767630763668,92,200,true,100,100,92
1767630763669,92,200,true,100,100,92
1767630763669,93,200,true,100,100,93
1767630763670,93,200,true,100,100,93
1767630763672,92,200,true,100,100,92
1767630763672,93,200,true,100,100,93
1767630763673,93,200,true,100,100,93
1767630763674,93,200,true,100,100,93
1767630763675,93,200,true,100,100,93
1767630763676,93,200,true,100,100,93
1767630763677,92,200,true,100,100,92
1767630763678,92,200,true,100,100,92
1767630763679,92,200,true,100,100,92
1767630763680,93,200,true,100,100,93
1767630763680,93,200,true,100,100,93
1767630763681,93,200,true,100,100,93
1767630763682,93,200,true,100,100,93
1767630763683,93,200,true,100,100,93
1767630763684,93,200,true,100,100,93
1767630763685,93,200,true,100,100,93
1767630763686,93,200,true,100,100,93
1767630763687,93,200,true,100,100,93
1767630763688,93,200,true,100,100,93
1767630763689,93,200,true,100,100,93
1767630763690,93,200,true,100,100,93
1767630763691,92,200,true,100,100,92
1767630763692,92,200,true,100,100,92
1767630763693,92,200,true,100,100,92
1767630763694,92,200,true,100,100,92
1767630763694,93,200,true,100,100,93
1767630763695,93,200,true,100,100,93
1767630763696,93,200,true,100,100,93
1767630763697,93,200,true,100,100,93
1767630763698,93,200,true,100,100,93
1767630763699,93,200,true,100,100,93
1767630763700,93,200,true,100,100,93
1767630763701,93,200,true,100,100,93
1767630763702,93,200,true,100,100,93
1767630763703,93,200,true,100,100,93
1767630763703,93,200,true,100,100,93
1767630763705,92,200,true,100,100,92
1767630763706,92,200,true,100,100,92
1767630763707,92,200,true,100,100,92
1767630763707,93,200,true,100,100,93
1767630763708,93,200,true,100,100,93
1767630763709,93,200,true,100,100,93
1767630763710,93,200,true,100,100,93
1767630763711,93,200,true,100,100,93
1767630763712,93,200,true,100,100,93
1767630763713,93,200,true,100,100,93
1767630763714,93,200,true,100,100,93
1767630763715,93,200,true,100,100,93
1767630763716,93,200,true,100,100,93
1767630763717,93,200,true,100,100,93
1767630763717,93,200,true,100,100,93
1767630763718,93,200,true,100,100,93
1767630763719,93,200,true,100,100,93
1767630763720,93,200,true,100,100,93
1767630763721,93,200,true,100,100,93
1767630763722,93,200,true,100,100,93
1767630763723,93,200,true,100,100,93
1767630763724,93,200,true,100,100,93
1767630763725,93,200,true,100,100,93
1767630763727,92,200,true,100,100,92
1767630763728,92,200,true,100,100,92
1767630763729,92,200,true,100,100,92
1767630763730,92,200,true,100,100,92
1767630763730,93,200,true,100,100,93
1767630763732,92,200,true,100,100,92
1767630763733,92,200,true,100,100,92
1767630763733,93,200,true,100,100,93
1767630763734,93,200,true,100,100,93
1767630763735,93,200,true,100,100,93
1767630763736,93,200,true,100,100,93
1767630763737,93,200,true,100,100,93
1767630763738,93,200,true,100,100,92
1767630763739,92,200,true,100,100,92
1767630763740,92,200,true,100,100,92
1767630763741,92,200,true,100,100,92
1767630763742,92,200,true,100,100,92
1767630763743,92,200,true,100,100,92
1767630763744,92,200,true,100,100,92
1767630763745,92,200,true,100,100,92
1767630763745,93,200,true,100,100,93
1767630763746,93,200,true,100,100,93
1767630763747,93,200,true,100,100,93
1767630763748,93,200,true,100,100,93
1767630763749,93,200,true,100,100,93
1767630763750,93,200,true,100,100,93
1767630763751,92,200,true,100,100,92
1767630763752,92,200,true,100,100,92
1767630763753,92,200,true,100,100,92
1767630763754,92,200,true,100,100,92
1767630763755,93,200,true,100,100,93
1767630763756,92,200,true,100,100,92
1767630763757,92,200,true,100,100,92
1767630763758,92,200,true,100,100,92
1767630763758,93,200,true,100,100,93
1767630763759,93,200,true,100,100,93
1767630763760,93,200,true,100,100,93
1767630763761,92,200,true,100,100,92
1767630763762,92,200,true,100,100,92
1767630763763,92,200,true,100,100,92
1767630763764,92,200,true,100,100,92
1767630763765,92,200,true,100,100,92
1767630763766,92,200,true,100,100,92
1767630763767,92,200,true,100,100,92
1767630763768,92,200,true,100,100,92
1767630763769,92,200,true,100,100,92
1767630763769,93,200,true,100,100,93
1767630763770,93,200,true,100,100,93
1767630763771,93,200,true,100,100,93
1767630763773,92,200,true,100,100,92
1767630763773,93,200,true,100,100,93
1767630763775,92,200,true,100,100,92
1767630763775,93,200,true,100,100,93
1767630763776,92,200,true,100,100,92
1767630763777,92,200,true,100,100,92
1767630763778,92,200,true,100,100,92
1767630763779,92,200,true,100,100,92
1767630763780,92,200,true,100,100,92
1767630763781,92,200,true,100,100,92
1767630763782,92,200,true,100,100,92
1767630763783,92,200,true,100,100,92
1767630763783,93,200,true,100,100,93
1767630763784,93,200,true,100,100,93
1767630763785,93,200,true,100,100,93
1767630763786,93,200,true,100,100,93
1767630763787,93,200,true,100,100,93
1767630763788,92,200,true,100,100,92
1767630763789,92,200,true,100,100,92
1767630763790,92,200,true,100,100,92
1767630763791,92,200,true,100,100,92
1767630763792,92,200,true,100,100,92
1767630763793,92,200,true,100,100,92
1767630763794,92,200,true,100,100,92
1767630763795,92,200,true,100,100,92
1767630763796,92,200,true,100,100,92
1767630763797,92,200,true,100,100,92
1767630763797,93,200,true,100,100,93
1767630763798,92,200,true,100,100,92
1767630763799,93,200,true,100,100,93
1767630763800,93,200,true,100,100,93
1767630763801,93,200,true,100,100,93
1767630763802,92,200,true,100,100,92
1767630763803,92,200,true,100,100,92
1767630763804,92,200,true,100,100,92
1767630763805,92,200,true,100,100,92
1767630763806,92,200,true,100,100,92
1767630763807,92,200,true,100,100,92
1767630763808,92,200,true,100,100,92
1767630763809,92,200,true,100,100,92
1767630763810,92,200,true,100,100,92
1767630763810,93,200,true,100,100,93
1767630763811,93,200,true,100,100,93
1767630763812,92,200,true,100,100,92
1767630763813,92,200,true,100,100,92
1767630763814,92,200,true,100,100,92
1767630763815,92,200,true,100,100,92
1767630763816,92,200,true,100,100,92
1767630763817,92,200,true,100,100,92
1767630763726,184,200,true,100,100,184
1767630763819,92,200,true,100,100,92
1767630763820,92,200,true,100,100,92
1767630763821,92,200,true,100,100,92
1767630763822,92,200,true,100,100,92
1767630763823,92,200,true,100,100,92
1767630763824,92,200,true,100,100,92
1767630763825,92,200,true,100,100,92
1767630763826,92,200,true,100,100,92
1767630763827,92,200,true,100,100,92
1767630763828,91,200,true,100,100,91
1767630763829,91,200,true,100,100,91
1767630763830,91,200,true,100,100,91
1767630763831,91,200,true,100,100,91
1767630763831,92,200,true,100,100,92
1767630763832,92,200,true,100,100,92
1767630763833,92,200,true,100,100,92
1767630763835,91,200,true,100,100,91
1767630763835,92,200,true,100,100,92
1767630763836,92,200,true,100,100,92
1767630763837,92,200,true,100,100,92
1767630763838,92,200,true,100,100,92
1767630763839,92,200,true,100,100,92
1767630763840,92,200,true,100,100,92
1767630763841,91,200,true,100,100,91
1767630763842,91,200,true,100,100,91
1767630763843,91,200,true,100,100,91
1767630763843,92,200,true,100,100,92
1767630763844,92,200,true,100,100,92
1767630763845,92,200,true,100,100,92
1767630763846,92,200,true,100,100,92
1767630763848,91,200,true,100,100,91
1767630763848,92,200,true,100,100,92
1767630763849,92,200,true,100,100,92
1767630763850,92,200,true,100,100,92
1767630763851,92,200,true,100,100,92
1767630763852,92,200,true,100,100,92
1767630763853,92,200,true,100,100,92
1767630763854,91,200,true,100,100,91
1767630763854,92,200,true,100,100,92
1767630763855,92,200,true,100,100,92
1767630763856,92,200,true,100,100,92
1767630763857,92,200,true,100,100,92
1767630763858,92,200,true,100,100,92
1767630763859,92,200,true,100,100,92
1767630763860,92,200,true,100,100,92
1767630763861,92,200,true,100,100,92
1767630763862,92,200,true,100,100,92
1767630763863,92,200,true,100,100,92
1767630763864,91,200,true,100,100,91
1767630763865,91,200,true,100,100,91
1767630763866,91,200,true,100,100,91
1767630763867,91,200,true,100,100,91
1767630763868,91,200,true,100,100,91
1767630763868,92,200,true,100,100,92
1767630763869,92,200,true,100,100,92
1767630763870,92,200,true,100,100,92
1767630763871,92,200,true,100,100,92
1767630763872,92,200,true,100,100,92
1767630763873,92,200,true,100,100,92
1767630763874,92,200,true,100,100,92
1767630763875,92,200,true,100,100,92
1767630763876,92,200,true,100,100,92
1767630763877,91,200,true,100,100,91
1767630763878,91,200,true,100,100,91
1767630763879,91,200,true,100,100,91
1767630763880,91,200,true,100,100,91
1767630763881,91,200,true,100,100,91
1767630763881,92,200,true,100,100,92
1767630763882,92,200,true,100,100,92
1767630763883,92,200,true,100,100,92
1767630763884,92,200,true,100,100,92
1767630763885,92,200,true,100,100,92
1767630763886,92,200,true,100,100,92
1767630763887,92,200,true,100,100,92
1767630763888,92,200,true,100,100,92
1767630763889,92,200,true,100,100,92
1767630763890,92,200,true,100,100,92
1767630763890,92,200,true,100,100,92
1767630763892,91,200,true,100,100,91
1767630763893,91,200,true,100,100,91
1767630763894,91,200,true,100,100,91
1767630763894,92,200,true,100,100,92
1767630763895,92,200,true,100,100,92
1767630763896,92,200,true,100,100,92
1767630763897,92,200,true,100,100,92
1767630763898,92,200,true,100,100,92
1767630763899,92,200,true,100,100,92
1767630763900,92,200,true,100,100,92
1767630763901,92,200,true,100,100,92
1767630763902,92,200,true,100,100,92
1767630763903,92,200,true,100,100,92
1767630763904,92,200,true,100,100,92
1767630763905,91,200,true,100,100,91
1767630763905,92,200,true,100,100,92
1767630763906,92,200,true,100,100,92
1767630763907,92,200,true,100,100,92
1767630763908,92,200,true,100,100,92
1767630763909,92,200,true,100,100,92
1767630763818,184,200,true,100,100,184
1767630763911,92,200,true,100,100,92
1767630763912,92,200,true,100,100,92
1767630763913,92,200,true,100,100,92
1767630763914,92,200,true,100,100,92
1767630763915,91,200,true,100,100,91
1767630763916,91,200,true,100,100,91
1767630763917,91,200,true,100,100,91
1767630763918,91,200,true,100,100,91
1767630763919,92,200,true,100,100,92
1767630763919,92,200,true,100,100,92
1767630763920,92,200,true,100,100,92
1767630763921,92,200,true,100,100,92
1767630763922,92,200,true,100,100,92
1767630763923,92,200,true,100,100,92
1767630763924,92,200,true,100,100,92
1767630763925,92,200,true,100,100,92
1767630763926,92,200,true,100,100,92
1767630763927,92,200,true,100,100,92
1767630763928,92,200,true,100,100,92
1767630763929,91,200,true,100,100,91
1767630763930,91,200,true,100,100,91
1767630763931,91,200,true,100,100,91
1767630763932,91,200,true,100,100,91
1767630763933,91,200,true,100,100,91
1767630763933,92,200,true,100,100,92
1767630763934,92,200,true,100,100,92
1767630763935,92,200,true,100,100,92
1767630763936,92,200,true,100,100,92
1767630763937,92,200,true,100,100,92
1767630763938,92,200,true,100,100,92
1767630763939,92,200,true,100,100,92
1767630763940,92,200,true,100,100,92
1767630763941,92,200,true,100,100,92
1767630763942,92,200,true,100,100,92
1767630763943,92,200,true,100,100,92
1767630763944,92,200,true,100,100,92
1767630763945,92,200,true,100,100,92
1767630763946,91,200,true,100,100,91
1767630763946,92,200,true,100,100,92
1767630763947,92,200,true,100,100,92
1767630763948,92,200,true,100,100,92
1767630763949,92,200,true,100,100,92
1767630763950,92,200,true,100,100,92
1767630763951,92,200,true,100,100,92
1767630763952,92,200,true,100,100,92
1767630763953,92,200,true,100,100,92
1767630763954,92,200,true,100,100,92
1767630763955,92,200,true,100,100,92
1767630763955,93,200,true,100,100,93
1767630763956,93,200,true,100,100,93
1767630763957,93,200,true,100,100,93
1767630763958,92,200,true,100,100,92
1767630763959,92,200,true,100,100,92
1767630763960,92,200,true,100,100,92
1767630763961,92,200,true,100,100,92
1767630763962,92,200,true,100,100,92
1767630763963,92,200,true,100,100,92
1767630763964,92,200,true,100,100,92
1767630763965,92,200,true,100,100,92
1767630763966,92,200,true,100,100,92
1767630763967,92,200,true,100,100,92
1767630763968,92,200,true,100,100,92
1767630763969,92,200,true,100,100,92
1767630763969,93,200,true,100,100,93
1767630763970,93,200,true,100,100,93
1767630763971,93,200,true,100,100,93
1767630763972,93,200,true,100,100,93
1767630763973,92,200,true,100,100,92
1767630763974,92,200,true,100,100,92
1767630763975,92,200,true,100,100,92
1767630763976,92,200,true,100,100,92
1767630763977,92,200,true,100,100,92
1767630763978,92,200,true,100,100,92
1767630763979,92,200,true,100,100,92
1767630763980,92,200,true,100,100,92
1767630763981,92,200,true,100,100,92
1767630763982,92,200,true,100,100,92
1767630763982,92,200,true,100,100,92
1767630763983,92,200,true,100,100,92
1767630763984,92,200,true,100,100,92
1767630763985,92,200,true,100,100,92
1767630763986,92,200,true,100,100,92
1767630763987,92,200,true,100,100,92
1767630763988,92,200,true,100,100,92
1767630763989,92,200,true,100,100,92
1767630763990,92,200,true,100,100,92
1767630763991,92,200,true,100,100,92
1767630763992,92,200,true,100,100,92
1767630763993,92,200,true,100,100,92
1767630763994,92,200,true,100,100,92
1767630763995,92,200,true,100,100,92
1767630763996,92,200,true,100,100,92
1767630763997,91,200,true,100,100,91
1767630763997,92,200,true,100,100,92
1767630763998,92,200,true,100,100,92
1767630763999,92,200,true,100,100,92
1767630764000,92,200,true,100,100,92
1767630764001,92,200,true,100,100,92
1767630763910,184,200,true,100,100,184
1767630764003,92,200,true,100,100,92
1767630764004,92,200,true,100,100,92
1767630764005,92,200,true,100,100,92
1767630764006,92,200,true,100,100,92
1767630764007,92,200,true,100,100,92
1767630764008,92,200,true,100,100,92
1767630764008,93,200,true,100,100,93
1767630764009,92,200,true,100,100,92
1767630764011,91,200,true,100,100,91
1767630764012,91,200,true,100,100,91
1767630764012,92,200,true,100,100,92
1767630764013,92,200,true,100,100,92
1767630764014,92,200,true,100,100,92
1767630764015,92,200,true,100,100,92
1767630764016,92,200,true,100,100,92
1767630764017,92,200,true,100,100,92
1767630764018,92,200,true,100,100,92
1767630764019,91,200,true,100,100,91
1767630764020,92,200,true,100,100,92
1767630764021,92,200,true,100,100,92
1767630764021,92,200,true,100,100,92
1767630764022,92,200,true,100,100,92
1767630764023,92,200,true,100,100,92
1767630764024,92,200,true,100,100,92
1767630764025,92,200,true,100,100,92
1767630764026,92,200,true,100,100,92
1767630764027,92,200,true,100,100,92
1767630764028,92,200,true,100,100,92
1767630764029,92,200,true,100,100,92
1767630764030,92,200,true,100,100,92
1767630764031,92,200,true,100,100,92
1767630764032,91,200,true,100,100,91
1767630764033,91,200,true,100,100,91
1767630764034,91,200,true,100,100,91
1767630764035,91,200,true,100,100,91
1767630764036,91,200,true,100,100,91
1767630764037,91,200,true,100,100,91
1767630764037,92,200,true,100,100,92
1767630764038,92,200,true,100,100,92
1767630764039,92,200,true,100,100,92
1767630764040,92,200,true,100,100,92
1767630764041,92,200,true,100,100,92
1767630764042,92,200,true,100,100,92
1767630764043,92,200,true,100,100,92
1767630764044,92,200,true,100,100,92
1767630764045,92,200,true,100,100,92
1767630764046,91,200,true,100,100,91
1767630764047,91,200,true,100,100,91
1767630764048,91,200,true,100,100,91
1767630764049,91,200,true,100,100,91
1767630764050,91,200,true,100,100,91
1767630764051,91,200,true,100,100,91
1767630764052,91,200,true,100,100,91
1767630764052,92,200,true,100,100,92
1767630764053,92,200,true,100,100,92
1767630764054,92,200,true,100,100,92
1767630764055,92,200,true,100,100,92
1767630764056,92,200,true,100,100,92
1767630764057,92,200,true,100,100,92
1767630764058,92,200,true,100,100,92
1767630764059,91,200,true,100,100,91
1767630764060,91,200,true,100,100,91
1767630764061,91,200,true,100,100,91
1767630764062,91,200,true,100,100,91
1767630764063,91,200,true,100,100,91
1767630764064,91,200,true,100,100,91
1767630764065,91,200,true,100,100,91
1767630764065,92,200,true,100,100,92
1767630764066,92,200,true,100,100,92
1767630764067,92,200,true,100,100,92
1767630764068,92,200,true,100,100,92
1767630764069,91,200,true,100,100,91
1767630764070,92,200,true,100,100,92
1767630764071,92,200,true,100,100,92
1767630764072,91,200,true,100,100,91
1767630764073,91,200,true,100,100,91
1767630764074,91,200,true,100,100,91
1767630764074,92,200,true,100,100,92
1767630764075,92,200,true,100,100,92
1767630764076,92,200,true,100,100,92
1767630764077,92,200,true,100,100,92
1767630764078,92,200,true,100,100,92
1767630764079,92,200,true,100,100,92
1767630764080,92,200,true,100,100,92
1767630764081,92,200,true,100,100,92
1767630764082,91,200,true,100,100,91
1767630764083,91,200,true,100,100,91
1767630764084,91,200,true,100,100,91
1767630764085,91,200,true,100,100,91
1767630764086,91,200,true,100,100,91
1767630764087,91,200,true,100,100,91
1767630764088,91,200,true,100,100,91
1767630764089,91,200,true,100,100,91
1767630764089,92,200,true,100,100,92
1767630764090,92,200,true,100,100,92
1767630764091,92,200,true,100,100,92
1767630764092,92,200,true,100,100,92
1767630764093,92,200,true,100,100,92
1767630764094,92,200,true,100,100,92
1767630764002,184,200,true,100,100,184
1767630764095,92,200,true,100,100,92
1767630764096,92,200,true,100,100,92
1767630764097,92,200,true,100,100,92
1767630764098,92,200,true,100,100,92
1767630764099,92,200,true,100,100,92
1767630764100,92,200,true,100,100,92
1767630764101,92,200,true,100,100,92
1767630764102,92,200,true,100,100,92
1767630764103,92,200,true,100,100,92
1767630764103,93,200,true,100,100,93
1767630764104,93,200,true,100,100,93
1767630764105,93,200,true,100,100,93
1767630764106,93,200,true,100,100,93
1767630764107,93,200,true,100,100,93
1767630764108,93,200,true,100,100,93
1767630764109,93,200,true,100,100,93
1767630764110,92,200,true,100,100,92
1767630764110,93,200,true,100,100,93
1767630764112,92,200,true,100,100,92
1767630764113,92,200,true,100,100,92
1767630764113,93,200,true,100,100,93
1767630764114,93,200,true,100,100,93
1767630764115,93,200,true,100,100,93
1767630764116,93,200,true,100,100,93
1767630764117,93,200,true,100,100,93
1767630764118,93,200,true,100,100,93
1767630764119,93,200,true,100,100,93
1767630764120,93,200,true,100,100,93
1767630764121,93,200,true,100,100,93
1767630764122,93,200,true,100,100,93
1767630764123,93,200,true,100,100,93
1767630764123,94,200,true,100,100,94
1767630764124,93,200,true,100,100,93
1767630764125,93,200,true,100,100,93
1767630764126,93,200,true,100,100,93
1767630764127,93,200,true,100,100,93
1767630764128,93,200,true,100,100,93
1767630764129,93,200,true,100,100,93
1767630764130,93,200,true,100,100,93
1767630764131,93,200,true,100,100,93
1767630764132,93,200,true,100,100,93
1767630764133,93,200,true,100,100,93
1767630764134,92,200,true,100,100,92
1767630764135,92,200,true,100,100,92
1767630764136,92,200,true,100,100,92
1767630764137,93,200,true,100,100,93
1767630764138,92,200,true,100,100,92
1767630764138,93,200,true,100,100,93
1767630764139,93,200,true,100,100,93
1767630764140,94,200,true,100,100,94
1767630764141,93,200,true,100,100,93
1767630764142,93,200,true,100,100,93
1767630764143,93,200,true,100,100,93
1767630764144,93,200,true,100,100,93
1767630764145,93,200,true,100,100,93
1767630764146,93,200,true,100,100,93
1767630764147,92,200,true,100,100,92
1767630764148,92,200,true,100,100,92
1767630764149,92,200,true,100,100,92
1767630764150,92,200,true,100,100,92
1767630764151,92,200,true,100,100,92
1767630764152,92,200,true,100,100,92
1767630764152,93,200,true,100,100,93
1767630764153,93,200,true,100,100,93
1767630764154,93,200,true,100,100,93
1767630764155,93,200,true,100,100,93
1767630764156,93,200,true,100,100,93
1767630764157,93,200,true,100,100,93
1767630764158,93,200,true,100,100,93
1767630764159,93,200,true,100,100,93
1767630764160,92,200,true,100,100,92
1767630764160,93,200,true,100,100,93
1767630764162,92,200,true,100,100,92
1767630764163,92,200,true,100,100,92
1767630764164,92,200,true,100,100,92
1767630764164,93,200,true,100,100,93
1767630764165,93,200,true,100,100,93
1767630764166,93,200,true,100,100,93
1767630764167,93,200,true,100,100,93
1767630764168,93,200,true,100,100,93
1767630764169,92,200,true,100,100,92
1767630764170,92,200,true,100,100,92
1767630764171,93,200,true,100,100,93
1767630764172,93,200,true,100,100,93
1767630764173,92,200,true,100,100,92
1767630764173,93,200,true,100,100,93
1767630764174,93,200,true,100,100,93
1767630764175,93,200,true,100,100,93
1767630764176,93,200,true,100,100,93
1767630764177,93,200,true,100,100,93
1767630764178,93,200,true,100,100,93
1767630764179,93,200,true,100,100,93
1767630764180,93,200,true,100,100,93
1767630764181,93,200,true,100,100,93
1767630764182,93,200,true,100,100,93
1767630764183,93,200,true,100,100,93
1767630764184,93,200,true,100,100,93
1767630764185,93,200,true,100,100,93
1767630764186,92,200,true,100,100,92
1767630764187,93,200,true,100,100,93
1767630764188,93,200,true,100,100,93
1767630764189,93,200,true,100,100,93
1767630764190,92,200,true,100,100,92
1767630764191,92,200,true,100,100,92
1767630764192,92,200,true,100,100,92
1767630764193,92,200,true,100,100,92
1767630764194,92,200,true,100,100,92
1767630764195,92,200,true,100,100,92
1767630764196,92,200,true,100,100,92
1767630764197,92,200,true,100,100,92
1767630764198,92,200,true,100,100,92
1767630764199,92,200,true,100,100,92
1767630764200,92,200,true,100,100,92
1767630764201,91,200,true,100,100,91
1767630764202,91,200,true,100,100,91
1767630764202,92,200,true,100,100,92
1767630764203,92,200,true,100,100,92
1767630764204,92,200,true,100,100,92
1767630764205,92,200,true,100,100,92
1767630764206,92,200,true,100,100,92
1767630764207,92,200,true,100,100,92
1767630764208,92,200,true,100,100,92
1767630764209,92,200,true,100,100,92
1767630764210,92,200,true,100,100,92
1767630764211,92,200,true,100,100,92
1767630764212,92,200,true,100,100,92
1767630764213,92,200,true,100,100,92
1767630764214,91,200,true,100,100,91
1767630764215,91,200,true,100,100,91
1767630764216,91,200,true,100,100,91
1767630764217,91,200,true,100,100,91
1767630764217,92,200,true,100,100,92
1767630764218,92,200,true,100,100,92
1767630764219,92,200,true,100,100,92
1767630764220,92,200,true,100,100,92
1767630764221,92,200,true,100,100,92
1767630764222,92,200,true,100,100,92
1767630764223,92,200,true,100,100,92
1767630764224,92,200,true,100,100,92
1767630764225,92,200,true,100,100,92
1767630764226,91,200,true,100,100,91
1767630764226,92,200,true,100,100,92
1767630764227,92,200,true,100,100,92
1767630764228,92,200,true,100,100,92
1767630764230,91,200,true,100,100,91
1767630764230,92,200,true,100,100,92
1767630764231,92,200,true,100,100,92
1767630764232,92,200,true,100,100,92
1767630764234,91,200,true,100,100,91
1767630764234,92,200,true,100,100,92
1767630764235,92,200,true,100,100,92
1767630764236,91,200,true,100,100,91
1767630764237,91,200,true,100,100,91
1767630764238,92,200,true,100,100,92
1767630764239,92,200,true,100,100,92
1767630764239,93,200,true,100,100,92
1767630764240,92,200,true,100,100,92
1767630764241,92,200,true,100,100,92
1767630764242,92,200,true,100,100,92
1767630764243,92,200,true,100,100,92
1767630764244,92,200,true,100,100,92
1767630764245,92,200,true,100,100,92
1767630764246,92,200,true,100,100,92
1767630764247,92,200,true,100,100,92
1767630764248,92,200,true,100,100,92
1767630764249,92,200,true,100,100,92
1767630764250,91,200,true,100,100,91
1767630764251,91,200,true,100,100,91
1767630764252,91,200,true,100,100,91
1767630764253,91,200,true,100,100,91
1767630764253,92,200,true,100,100,92
1767630764254,92,200,true,100,100,92
1767630764255,92,200,true,100,100,92
1767630764256,92,200,true,100,100,92
1767630764257,92,200,true,100,100,92
1767630764258,92,200,true,100,100,92
1767630764259,92,200,true,100,100,92
1767630764260,92,200,true,100,100,92
1767630764261,92,200,true,100,100,92
1767630764262,92,200,true,100,100,92
1767630764262,93,200,true,100,100,93
1767630764264,92,200,true,100,100,92
1767630764265,91,200,true,100,100,91
1767630764266,91,200,true,100,100,91
1767630764266,92,200,true,100,100,92
1767630764267,92,200,true,100,100,92
1767630764268,92,200,true,100,100,92
1767630764269,92,200,true,100,100,92
1767630764270,92,200,true,100,100,92
1767630764271,92,200,true,100,100,92
1767630764272,92,200,true,100,100,92
1767630764273,92,200,true,100,100,92
1767630764274,92,200,true,100,100,92
1767630764275,92,200,true,100,100,92
1767630764276,92,200,true,100,100,92
1767630764277,92,200,true,100,100,92
1767630764278,92,200,true,100,100,92
1767630764279,91,200,true,100,100,91
1767630764187,184,200,true,100,100,184
1767630764280,92,200,true,100,100,92
1767630764281,92,200,true,100,100,92
1767630764282,92,200,true,100,100,92
1767630764283,92,200,true,100,100,92
1767630764283,93,200,true,100,100,93
1767630764284,93,200,true,100,100,93
1767630764285,93,200,true,100,100,93
1767630764286,93,200,true,100,100,93
1767630764287,93,200,true,100,100,93
1767630764288,93,200,true,100,100,93
1767630764289,93,200,true,100,100,93
1767630764290,93,200,true,100,100,93
1767630764291,93,200,true,100,100,93
1767630764292,92,200,true,100,100,92
1767630764292,93,200,true,100,100,93
1767630764293,93,200,true,100,100,93
1767630764294,93,200,true,100,100,93
1767630764295,93,200,true,100,100,93
1767630764296,93,200,true,100,100,93
1767630764297,93,200,true,100,100,93
1767630764298,93,200,true,100,100,93
1767630764299,93,200,true,100,100,93
1767630764300,93,200,true,100,100,93
1767630764301,92,200,true,100,100,92
1767630764302,92,200,true,100,100,92
1767630764303,92,200,true,100,100,92
1767630764304,92,200,true,100,100,92
1767630764305,92,200,true,100,100,92
1767630764305,93,200,true,100,100,93
1767630764306,93,200,true,100,100,93
1767630764307,93,200,true,100,100,93
1767630764308,93,200,true,100,100,93
1767630764309,93,200,true,100,100,93
1767630764310,93,200,true,100,100,93
1767630764311,93,200,true,100,100,93
1767630764312,93,200,true,100,100,93
1767630764313,93,200,true,100,100,93
1767630764314,92,200,true,100,100,92
1767630764315,92,200,true,100,100,92
1767630764316,92,200,true,100,100,92
1767630764317,92,200,true,100,100,92
1767630764318,92,200,true,100,100,92
1767630764318,93,200,true,100,100,93
1767630764319,93,200,true,100,100,93
1767630764320,93,200,true,100,100,93
1767630764321,93,200,true,100,100,93
1767630764322,93,200,true,100,100,93
1767630764323,93,200,true,100,100,93
1767630764324,93,200,true,100,100,93
1767630764325,93,200,true,100,100,93
1767630764326,92,200,true,100,100,92
1767630764327,92,200,true,100,100,92
1767630764328,92,200,true,100,100,92
1767630764328,93,200,true,100,100,93
1767630764330,92,200,true,100,100,92
1767630764331,92,200,true,100,100,92
1767630764332,92,200,true,100,100,92
1767630764332,93,200,true,100,100,93
1767630764334,92,200,true,100,100,92
1767630764334,93,200,true,100,100,93
1767630764335,92,200,true,100,100,92
1767630764336,92,200,true,100,100,92
1767630764337,92,200,true,100,100,92
1767630764338,93,200,true,100,100,93
1767630764339,92,200,true,100,100,92
1767630764340,92,200,true,100,100,92
1767630764341,93,200,true,100,100,92
1767630764342,92,200,true,100,100,92
1767630764342,93,200,true,100,100,93
1767630764343,93,200,true,100,100,93
1767630764344,93,200,true,100,100,93
1767630764345,93,200,true,100,100,93
1767630764346,93,200,true,100,100,93
1767630764347,93,200,true,100,100,93
1767630764348,93,200,true,100,100,93
1767630764349,93,200,true,100,100,93
1767630764350,93,200,true,100,100,93
1767630764351,92,200,true,100,100,92
1767630764352,92,200,true,100,100,92
1767630764353,92,200,true,100,100,92
1767630764354,92,200,true,100,100,92
1767630764355,93,200,true,100,100,93
1767630764356,92,200,true,100,100,92
1767630764357,92,200,true,100,100,92
1767630764357,93,200,true,100,100,93
1767630764358,93,200,true,100,100,93
1767630764359,93,200,true,100,100,93
1767630764360,93,200,true,100,100,93
1767630764361,93,200,true,100,100,93
1767630764362,93,200,true,100,100,93
1767630764363,93,200,true,100,100,93
1767630764364,93,200,true,100,100,93
1767630764365,93,200,true,100,100,93
1767630764366,92,200,true,100,100,92
1767630764367,92,200,true,100,100,92
1767630764368,92,200,true,100,100,92
1767630764369,92,200,true,100,100,92
1767630764370,92,200,true,100,100,92
1767630764370,93,200,true,100,100,93
1767630764372,92,200,true,100,100,92
1767630764373,92,200,true,100,100,92
1767630764374,92,200,true,100,100,92
1767630764375,92,200,true,100,100,92
1767630764376,92,200,true,100,100,92
1767630764377,92,200,true,100,100,92
1767630764378,92,200,true,100,100,92
1767630764379,92,200,true,100,100,92
1767630764380,92,200,true,100,100,92
1767630764381,91,200,true,100,100,91
1767630764382,91,200,true,100,100,91
1767630764383,91,200,true,100,100,91
1767630764384,91,200,true,100,100,91
1767630764384,92,200,true,100,100,92
1767630764385,92,200,true,100,100,92
1767630764386,92,200,true,100,100,92
1767630764387,92,200,true,100,100,92
1767630764388,92,200,true,100,100,92
1767630764389,92,200,true,100,100,92
1767630764390,92,200,true,100,100,92
1767630764391,92,200,true,100,100,92
1767630764392,92,200,true,100,100,92
1767630764393,92,200,true,100,100,92
1767630764393,92,200,true,100,100,92
1767630764394,92,200,true,100,100,92
1767630764395,92,200,true,100,100,92
1767630764397,91,200,true,100,100,91
1767630764397,92,200,true,100,100,92
1767630764398,92,200,true,100,100,92
1767630764399,92,200,true,100,100,92
1767630764400,92,200,true,100,100,92
1767630764401,92,200,true,100,100,92
1767630764402,92,200,true,100,100,92
1767630764403,91,200,true,100,100,91
1767630764404,91,200,true,100,100,91
1767630764405,91,200,true,100,100,91
1767630764406,91,200,true,100,100,91
1767630764406,92,200,true,100,100,92
1767630764407,92,200,true,100,100,92
1767630764408,92,200,true,100,100,92
1767630764409,92,200,true,100,100,92
1767630764410,92,200,true,100,100,92
1767630764411,92,200,true,100,100,92
1767630764412,92,200,true,100,100,92
1767630764413,92,200,true,100,100,92
1767630764414,92,200,true,100,100,92
1767630764415,92,200,true,100,100,92
1767630764416,91,200,true,100,100,91
1767630764417,91,200,true,100,100,91
1767630764418,91,200,true,100,100,91
1767630764418,92,200,true,100,100,92
1767630764419,92,200,true,100,100,92
1767630764420,92,200,true,100,100,92
1767630764421,92,200,true,100,100,92
1767630764422,92,200,true,100,100,92
1767630764423,92,200,true,100,100,92
1767630764424,92,200,true,100,100,92
1767630764425,92,200,true,100,100,92
1767630764426,92,200,true,100,100,92
1767630764427,92,200,true,100,100,92
1767630764428,91,200,true,100,100,91
1767630764428,92,200,true,100,100,92
1767630764429,92,200,true,100,100,92
1767630764431,91,200,true,100,100,91
1767630764432,91,200,true,100,100,91
1767630764432,92,200,true,100,100,92
1767630764434,91,200,true,100,100,91
1767630764434,92,200,true,100,100,92
1767630764435,92,200,true,100,100,92
1767630764436,92,200,true,100,100,92
1767630764437,92,200,true,100,100,92
1767630764438,91,200,true,100,100,91
1767630764439,92,200,true,100,100,92
1767630764440,92,200,true,100,100,92
1767630764441,92,200,true,100,100,92
1767630764442,91,200,true,100,100,91
1767630764443,92,200,true,100,100,92
1767630764444,91,200,true,100,100,91
1767630764444,92,200,true,100,100,92
1767630764445,92,200,true,100,100,92
1767630764446,92,200,true,100,100,92
1767630764448,91,200,true,100,100,91
1767630764448,92,200,true,100,100,92
1767630764449,92,200,true,100,100,92
1767630764450,92,200,true,100,100,92
1767630764451,92,200,true,100,100,92
1767630764452,92,200,true,100,100,92
1767630764453,91,200,true,100,100,91
1767630764454,91,200,true,100,100,91
1767630764455,91,200,true,100,100,91
1767630764456,91,200,true,100,100,91
1767630764457,91,200,true,100,100,91
1767630764458,91,200,true,100,100,91
1767630764458,92,200,true,100,100,92
1767630764459,92,200,true,100,100,92
1767630764460,92,200,true,100,100,92
1767630764461,92,200,true,100,100,92
1767630764462,92,200,true,100,100,92
1767630764463,92,200,true,100,100,92
1767630764371,185,200,true,100,100,185
1767630764464,93,200,true,100,100,93
1767630764465,92,200,true,100,100,92
1767630764466,92,200,true,100,100,92
1767630764467,92,200,true,100,100,92
1767630764468,92,200,true,100,100,92
1767630764469,92,200,true,100,100,92
1767630764470,92,200,true,100,100,92
1767630764471,92,200,true,100,100,92
1767630764472,92,200,true,100,100,92
1767630764472,93,200,true,100,100,93
1767630764473,93,200,true,100,100,93
1767630764474,93,200,true,100,100,93
1767630764475,93,200,true,100,100,93
1767630764476,93,200,true,100,100,93
1767630764477,93,200,true,100,100,93
1767630764478,92,200,true,100,100,92
1767630764479,92,200,true,100,100,92
1767630764480,92,200,true,100,100,92
1767630764481,92,200,true,100,100,92
1767630764482,92,200,true,100,100,92
1767630764483,92,200,true,100,100,92
1767630764484,92,200,true,100,100,92
1767630764485,92,200,true,100,100,92
1767630764486,92,200,true,100,100,92
1767630764486,92,200,true,100,100,92
1767630764487,92,200,true,100,100,92
1767630764488,92,200,true,100,100,92
1767630764489,93,200,true,100,100,93
1767630764490,92,200,true,100,100,92
1767630764491,92,200,true,100,100,92
1767630764492,92,200,true,100,100,92
1767630764493,92,200,true,100,100,92
1767630764494,92,200,true,100,100,92
1767630764495,92,200,true,100,100,92
1767630764495,93,200,true,100,100,93
1767630764496,93,200,true,100,100,93
1767630764497,93,200,true,100,100,93
1767630764498,93,200,true,100,100,93
1767630764499,93,200,true,100,100,93
1767630764500,92,200,true,100,100,92
1767630764501,92,200,true,100,100,92
1767630764502,92,200,true,100,100,92
1767630764503,92,200,true,100,100,92
1767630764504,92,200,true,100,100,92
1767630764505,92,200,true,100,100,92
1767630764506,92,200,true,100,100,92
1767630764507,92,200,true,100,100,92
1767630764507,93,200,true,100,100,93
1767630764508,93,200,true,100,100,93
1767630764509,93,200,true,100,100,93
1767630764510,93,200,true,100,100,93
1767630764511,93,200,true,100,100,93
1767630764512,93,200,true,100,100,93
1767630764513,92,200,true,100,100,92
1767630764514,92,200,true,100,100,92
1767630764515,92,200,true,100,100,92
1767630764516,92,200,true,100,100,92
1767630764517,92,200,true,100,100,92
1767630764518,92,200,true,100,100,92
1767630764519,92,200,true,100,100,92
1767630764520,92,200,true,100,100,92
1767630764520,93,200,true,100,100,93
1767630764521,93,200,true,100,100,93
1767630764522,93,200,true,100,100,93
1767630764523,93,200,true,100,100,93
1767630764524,93,200,true,100,100,93
1767630764525,93,200,true,100,100,93
1767630764526,92,200,true,100,100,92
1767630764527,92,200,true,100,100,92
1767630764528,92,200,true,100,100,92
1767630764529,92,200,true,100,100,92
1767630764529,93,200,true,100,100,93
1767630764531,92,200,true,100,100,92
1767630764532,92,200,true,100,100,92
1767630764533,92,200,true,100,100,92
1767630764533,93,200,true,100,100,93
1767630764535,92,200,true,100,100,92
1767630764535,93,200,true,100,100,93
1767630764536,92,200,true,100,100,92
1767630764537,92,200,true,100,100,92
1767630764538,92,200,true,100,100,92
1767630764539,92,200,true,100,100,92
1767630764540,92,200,true,100,100,92
1767630764541,92,200,true,100,100,92
1767630764542,92,200,true,100,100,92
1767630764543,92,200,true,100,100,92
1767630764544,92,200,true,100,100,92
1767630764544,93,200,true,100,100,93
1767630764545,93,200,true,100,100,93
1767630764546,93,200,true,100,100,93
1767630764547,93,200,true,100,100,93
1767630764548,93,200,true,100,100,93
1767630764549,92,200,true,100,100,92
1767630764550,92,200,true,100,100,92
1767630764551,92,200,true,100,100,92
1767630764552,92,200,true,100,100,92
1767630764553,92,200,true,100,100,92
1767630764554,92,200,true,100,100,92
1767630764555,92,200,true,100,100,92
1767630764557,91,200,true,100,100,91
1767630764557,92,200,true,100,100,92
1767630764558,92,200,true,100,100,92
1767630764559,92,200,true,100,100,92
1767630764560,92,200,true,100,100,92
1767630764561,92,200,true,100,100,92
1767630764562,92,200,true,100,100,92
1767630764563,92,200,true,100,100,92
1767630764564,91,200,true,100,100,91
1767630764565,91,200,true,100,100,91
1767630764566,91,200,true,100,100,91
1767630764567,91,200,true,100,100,91
1767630764568,91,200,true,100,100,91
1767630764569,91,200,true,100,100,91
1767630764570,91,200,true,100,100,91
1767630764570,92,200,true,100,100,92
1767630764571,92,200,true,100,100,92
1767630764572,92,200,true,100,100,92
1767630764573,92,200,true,100,100,92
1767630764574,92,200,true,100,100,92
1767630764575,92,200,true,100,100,92
1767630764576,91,200,true,100,100,91
1767630764577,91,200,true,100,100,91
1767630764578,91,200,true,100,100,91
1767630764579,91,200,true,100,100,91
1767630764579,92,200,true,100,100,92
1767630764580,92,200,true,100,100,92
1767630764582,91,200,true,100,100,91
1767630764582,92,200,true,100,100,92
1767630764583,92,200,true,100,100,92
1767630764584,92,200,true,100,100,92
1767630764585,91,200,true,100,100,91
1767630764586,91,200,true,100,100,91
1767630764587,91,200,true,100,100,91
1767630764588,91,200,true,100,100,91
1767630764589,91,200,true,100,100,91
1767630764590,91,200,true,100,100,91
1767630764591,91,200,true,100,100,91
1767630764592,91,200,true,100,100,91
1767630764592,92,200,true,100,100,92
1767630764593,92,200,true,100,100,92
1767630764594,92,200,true,100,100,92
1767630764595,92,200,true,100,100,92
1767630764596,92,200,true,100,100,92
1767630764597,91,200,true,100,100,91
1767630764598,91,200,true,100,100,91
1767630764599,91,200,true,100,100,91
1767630764600,91,200,true,100,100,91
1767630764601,91,200,true,100,100,91
1767630764602,91,200,true,100,100,91
1767630764603,91,200,true,100,100,91
1767630764604,91,200,true,100,100,91
1767630764605,91,200,true,100,100,91
1767630764606,90,200,true,100,100,90
1767630764606,92,200,true,100,100,92
1767630764607,92,200,true,100,100,92
1767630764608,92,200,true,100,100,92
1767630764609,91,200,true,100,100,91
1767630764610,91,200,true,100,100,91
1767630764611,91,200,true,100,100,91
1767630764612,91,200,true,100,100,91
1767630764613,91,200,true,100,100,91
1767630764614,91,200,true,100,100,91
1767630764615,91,200,true,100,100,91
1767630764616,91,200,true,100,100,91
1767630764617,91,200,true,100,100,91
1767630764618,91,200,true,100,100,91
1767630764618,91,200,true,100,100,91
1767630764619,91,200,true,100,100,91
1767630764620,91,200,true,100,100,91
1767630764621,91,200,true,100,100,91
1767630764622,91,200,true,100,100,91
1767630764623,91,200,true,100,100,91
1767630764624,91,200,true,100,100,91
1767630764625,91,200,true,100,100,91
1767630764626,91,200,true,100,100,91
1767630764627,91,200,true,100,100,91
1767630764628,91,200,true,100,100,91
1767630764628,92,200,true,100,100,92
1767630764629,92,200,true,100,100,92
1767630764630,92,200,true,100,100,92
1767630764631,92,200,true,100,100,92
1767630764632,92,200,true,100,100,91
1767630764633,91,200,true,100,100,91
1767630764634,91,200,true,100,100,91
1767630764635,91,200,true,100,100,91
1767630764636,91,200,true,100,100,91
1767630764637,91,200,true,100,100,91
1767630764638,91,200,true,100,100,91
1767630764639,91,200,true,100,100,91
1767630764640,91,200,true,100,100,91
1767630764641,91,200,true,100,100,91
1767630764641,92,200,true,100,100,92
1767630764642,92,200,true,100,100,92
1767630764643,92,200,true,100,100,92
1767630764644,92,200,true,100,100,92
1767630764645,91,200,true,100,100,91
1767630764646,91,200,true,100,100,91
1767630764647,91,200,true,100,100,91
1767630764556,183,200,true,100,100,183
1767630764648,92,200,true,100,100,92
1767630764649,92,200,true,100,100,92
1767630764650,92,200,true,100,100,92
1767630764651,92,200,true,100,100,92
1767630764652,92,200,true,100,100,92
1767630764653,92,200,true,100,100,92
1767630764654,92,200,true,100,100,92
1767630764655,91,200,true,100,100,91
1767630764656,91,200,true,100,100,91
1767630764656,93,200,true,100,100,93
1767630764657,92,200,true,100,100,92
1767630764658,92,200,true,100,100,92
1767630764659,92,200,true,100,100,92
1767630764660,92,200,true,100,100,92
1767630764661,92,200,true,100,100,92
1767630764662,92,200,true,100,100,92
1767630764663,92,200,true,100,100,92
1767630764664,92,200,true,100,100,92
1767630764665,92,200,true,100,100,92
1767630764666,92,200,true,100,100,92
1767630764667,92,200,true,100,100,92
1767630764667,92,200,true,100,100,92
1767630764668,92,200,true,100,100,92
1767630764669,92,200,true,100,100,92
1767630764670,92,200,true,100,100,92
1767630764671,92,200,true,100,100,92
1767630764672,92,200,true,100,100,92
1767630764673,92,200,true,100,100,92
1767630764674,92,200,true,100,100,92
1767630764675,92,200,true,100,100,92
1767630764676,92,200,true,100,100,92
1767630764676,93,200,true,100,100,93
1767630764677,93,200,true,100,100,93
1767630764678,93,200,true,100,100,93
1767630764679,93,200,true,100,100,93
1767630764680,92,200,true,100,100,92
1767630764681,92,200,true,100,100,92
1767630764682,92,200,true,100,100,92
1767630764683,92,200,true,100,100,92
1767630764684,92,200,true,100,100,92
1767630764685,92,200,true,100,100,92
1767630764686,92,200,true,100,100,92
1767630764687,92,200,true,100,100,92
1767630764688,92,200,true,100,100,92
1767630764688,93,200,true,100,100,93
1767630764689,93,200,true,100,100,93
1767630764690,93,200,true,100,100,93
1767630764691,93,200,true,100,100,93
1767630764692,92,200,true,100,100,92
1767630764693,92,200,true,100,100,92
1767630764694,92,200,true,100,100,92
1767630764695,92,200,true,100,100,92
1767630764696,92,200,true,100,100,92
1767630764697,92,200,true,100,100,92
1767630764698,92,200,true,100,100,92
1767630764699,92,200,true,100,100,92
1767630764700,92,200,true,100,100,92
1767630764701,92,200,true,100,100,92
1767630764701,92,200,true,100,100,92
1767630764702,92,200,true,100,100,92
1767630764703,92,200,true,100,100,92
1767630764704,92,200,true,100,100,92
1767630764705,92,200,true,100,100,92
1767630764706,92,200,true,100,100,92
1767630764707,92,200,true,100,100,92
1767630764708,92,200,true,100,100,92
1767630764709,92,200,true,100,100,92
1767630764709,93,200,true,100,100,93
1767630764710,93,200,true,100,100,93
1767630764711,93,200,true,100,100,93
1767630764712,93,200,true,100,100,93
1767630764713,92,200,true,100,100,92
1767630764714,92,200,true,100,100,92
1767630764715,92,200,true,100,100,92
1767630764716,92,200,true,100,100,92
1767630764717,92,200,true,100,100,92
1767630764718,92,200,true,100,100,92
1767630764719,92,200,true,100,100,92
1767630764720,92,200,true,100,100,92
1767630764721,92,200,true,100,100,92
1767630764722,92,200,true,100,100,92
1767630764723,92,200,true,100,100,92
1767630764724,92,200,true,100,100,92
1767630764724,93,200,true,100,100,93
1767630764725,93,200,true,100,100,93
1767630764726,93,200,true,100,100,93
1767630764727,93,200,true,100,100,93
1767630764728,92,200,true,100,100,92
1767630764729,92,200,true,100,100,92
1767630764730,92,200,true,100,100,92
1767630764731,92,200,true,100,100,92
1767630764732,92,200,true,100,100,92
1767630764733,92,200,true,100,100,92
1767630764734,92,200,true,100,100,92
1767630764735,92,200,true,100,100,92
1767630764736,92,200,true,100,100,92
1767630764737,92,200,true,100,100,92
1767630764737,92,200,true,100,100,92
1767630764738,92,200,true,100,100,92
1767630764740,93,200,true,100,100,93
1767630764741,95,200,true,100,100,95
1767630764742,96,200,true,100,100,96
1767630764743,98,200,true,100,100,97
1767630764744,98,200,true,100,100,98
1767630764745,98,200,true,100,100,98
1767630764746,98,200,true,100,100,98
1767630764747,98,200,true,100,100,98
1767630764748,98,200,true,100,100,98
1767630764749,98,200,true,100,100,98
1767630764750,98,200,true,100,100,98
1767630764750,98,200,true,100,100,98
1767630764751,98,200,true,100,100,98
1767630764752,98,200,true,100,100,98
1767630764753,98,200,true,100,100,98
1767630764754,98,200,true,100,100,98
1767630764755,98,200,true,100,100,98
1767630764756,98,200,true,100,100,98
1767630764757,98,200,true,100,100,98
1767630764758,98,200,true,100,100,98
1767630764759,98,200,true,100,100,98
1767630764759,99,200,true,100,100,99
1767630764760,99,200,true,100,100,99
1767630764761,99,200,true,100,100,99
1767630764762,99,200,true,100,100,99
1767630764763,99,200,true,100,100,99
1767630764764,98,200,true,100,100,98
1767630764765,98,200,true,100,100,98
1767630764766,98,200,true,100,100,98
1767630764767,98,200,true,100,100,98
1767630764768,98,200,true,100,100,98
1767630764769,98,200,true,100,100,98
1767630764770,98,200,true,100,100,98
1767630764771,98,200,true,100,100,98
1767630764772,98,200,true,100,100,98
1767630764772,99,200,true,100,100,99
1767630764773,99,200,true,100,100,99
1767630764774,98,200,true,100,100,98
1767630764775,98,200,true,100,100,98
1767630764776,98,200,true,100,100,98
1767630764777,99,200,true,100,100,99
1767630764778,98,200,true,100,100,98
1767630764779,98,200,true,100,100,98
1767630764780,98,200,true,100,100,98
1767630764781,98,200,true,100,100,98
1767630764782,98,200,true,100,100,98
1767630764783,98,200,true,100,100,98
1767630764784,98,200,true,100,100,98
1767630764784,99,200,true,100,100,99
1767630764785,99,200,true,100,100,99
1767630764786,99,200,true,100,100,98
1767630764787,98,200,true,100,100,98
1767630764788,98,200,true,100,100,98
1767630764789,98,200,true,100,100,98
1767630764790,98,200,true,100,100,98
1767630764791,98,200,true,100,100,98
1767630764792,98,200,true,100,100,98
1767630764793,98,200,true,100,100,98
1767630764793,99,200,true,100,100,99
1767630764794,99,200,true,100,100,99
1767630764795,99,200,true,100,100,99
1767630764796,99,200,true,100,100,99
1767630764797,99,200,true,100,100,99
1767630764798,99,200,true,100,100,99
1767630764799,99,200,true,100,100,99
1767630764800,99,200,true,100,100,99
1767630764801,98,200,true,100,100,98
1767630764802,98,200,true,100,100,98
1767630764803,98,200,true,100,100,98
1767630764804,98,200,true,100,100,98
1767630764805,98,200,true,100,100,98
1767630764806,98,200,true,100,100,98
1767630764807,98,200,true,100,100,98
1767630764807,99,200,true,100,100,99
1767630764808,99,200,true,100,100,99
1767630764809,99,200,true,100,100,99
1767630764810,99,200,true,100,100,99
1767630764811,99,200,true,100,100,99
1767630764812,99,200,true,100,100,99
1767630764813,99,200,true,100,100,99
1767630764814,99,200,true,100,100,99
1767630764815,98,200,true,100,100,98
1767630764816,98,200,true,100,100,98
1767630764817,98,200,true,100,100,98
1767630764818,98,200,true,100,100,98
1767630764819,98,200,true,100,100,98
1767630764820,98,200,true,100,100,98
1767630764821,98,200,true,100,100,98
1767630764821,99,200,true,100,100,99
1767630764822,99,200,true,100,100,99
1767630764823,99,200,true,100,100,99
1767630764824,99,200,true,100,100,99
1767630764825,99,200,true,100,100,99
1767630764826,98,200,true,100,100,98
1767630764827,98,200,true,100,100,98
1767630764828,99,200,true,100,100,99
1767630764829,99,200,true,100,100,99
1767630764829,100,200,true,100,100,100
1767630764830,99,200,true,100,100,99
1767630764739,191,200,true,100,100,191
1767630764833,98,200,true,100,100,98
1767630764836,96,200,true,100,100,96
1767630764838,95,200,true,100,100,95
1767630764841,93,200,true,100,100,93
1767630764842,93,200,true,100,100,93
1767630764843,93,200,true,100,100,93
1767630764844,93,200,true,100,100,93
1767630764845,93,200,true,100,100,93
1767630764846,93,200,true,100,100,93
1767630764847,92,200,true,100,100,92
1767630764848,92,200,true,100,100,92
1767630764849,92,200,true,100,100,92
1767630764850,92,200,true,100,100,92
1767630764850,93,200,true,100,100,93
1767630764851,93,200,true,100,100,93
1767630764852,93,200,true,100,100,93
1767630764853,93,200,true,100,100,93
1767630764854,93,200,true,100,100,93
1767630764855,93,200,true,100,100,93
1767630764856,93,200,true,100,100,93
1767630764857,93,200,true,100,100,93
1767630764858,93,200,true,100,100,93
1767630764859,93,200,true,100,100,93
1767630764860,92,200,true,100,100,92
1767630764861,92,200,true,100,100,92
1767630764862,92,200,true,100,100,92
1767630764863,92,200,true,100,100,92
1767630764863,93,200,true,100,100,93
1767630764864,93,200,true,100,100,93
1767630764865,93,200,true,100,100,93
1767630764866,93,200,true,100,100,93
1767630764867,93,200,true,100,100,93
1767630764868,93,200,true,100,100,93
1767630764869,93,200,true,100,100,93
1767630764870,93,200,true,100,100,93
1767630764871,93,200,true,100,100,93
1767630764872,92,200,true,100,100,92
1767630764873,92,200,true,100,100,92
1767630764873,93,200,true,100,100,93
1767630764874,93,200,true,100,100,93
1767630764876,92,200,true,100,100,92
1767630764877,92,200,true,100,100,92
1767630764877,93,200,true,100,100,93
1767630764878,93,200,true,100,100,93
1767630764879,93,200,true,100,100,93
1767630764880,93,200,true,100,100,93
1767630764881,92,200,true,100,100,92
1767630764882,92,200,true,100,100,92
1767630764883,92,200,true,100,100,92
1767630764884,93,200,true,100,100,93
1767630764885,92,200,true,100,100,92
1767630764886,92,200,true,100,100,92
1767630764886,93,200,true,100,100,93
1767630764887,93,200,true,100,100,93
1767630764888,93,200,true,100,100,93
1767630764889,93,200,true,100,100,93
1767630764890,93,200,true,100,100,93
1767630764891,93,200,true,100,100,93
1767630764892,93,200,true,100,100,93
1767630764893,93,200,true,100,100,93
1767630764894,92,200,true,100,100,92
1767630764895,92,200,true,100,100,92
1767630764896,92,200,true,100,100,92
1767630764897,92,200,true,100,100,92
1767630764898,92,200,true,100,100,92
1767630764899,92,200,true,100,100,92
1767630764899,93,200,true,100,100,93
1767630764900,93,200,true,100,100,93
1767630764901,93,200,true,100,100,93
1767630764902,93,200,true,100,100,93
1767630764903,93,200,true,100,100,93
1767630764904,93,200,true,100,100,93
1767630764905,93,200,true,100,100,93
1767630764906,92,200,true,100,100,92
1767630764907,92,200,true,100,100,92
1767630764908,92,200,true,100,100,92
1767630764909,92,200,true,100,100,92
1767630764910,92,200,true,100,100,92
1767630764911,92,200,true,100,100,92
1767630764912,92,200,true,100,100,92
1767630764913,92,200,true,100,100,92
1767630764914,92,200,true,100,100,92
1767630764914,93,200,true,100,100,93
1767630764915,93,200,true,100,100,93
1767630764916,92,200,true,100,100,92
1767630764917,92,200,true,100,100,92
1767630764918,93,200,true,100,100,93
1767630764919,93,200,true,100,100,93
1767630764920,92,200,true,100,100,92
1767630764921,92,200,true,100,100,92
1767630764922,92,200,true,100,100,92
1767630764923,92,200,true,100,100,92
1767630764924,92,200,true,100,100,92
1767630764924,93,200,true,100,100,93
1767630764925,93,200,true,100,100,93
1767630764927,92,200,true,100,100,92
1767630764928,92,200,true,100,100,92
1767630764929,92,200,true,100,100,92
1767630764930,92,200,true,100,100,92
1767630764931,92,200,true,100,100,92
1767630764932,91,200,true,100,100,91
1767630764933,91,200,true,100,100,91
1767630764934,91,200,true,100,100,91
1767630764935,91,200,true,100,100,91
1767630764936,92,200,true,100,100,92
1767630764937,91,200,true,100,100,91
1767630764938,91,200,true,100,100,91
1767630764939,91,200,true,100,100,91
1767630764939,92,200,true,100,100,92
1767630764940,92,200,true,100,100,92
1767630764941,92,200,true,100,100,92
1767630764942,92,200,true,100,100,92
1767630764943,92,200,true,100,100,92
1767630764944,92,200,true,100,100,92
1767630764945,92,200,true,100,100,92
1767630764946,91,200,true,100,100,91
1767630764947,91,200,true,100,100,91
1767630764948,91,200,true,100,100,91
1767630764949,91,200,true,100,100,91
1767630764950,91,200,true,100,100,91
1767630764951,91,200,true,100,100,91
1767630764952,91,200,true,100,100,91
1767630764952,92,200,true,100,100,92
1767630764953,92,200,true,100,100,92
1767630764954,92,200,true,100,100,92
1767630764955,92,200,true,100,100,92
1767630764956,92,200,true,100,100,92
1767630764957,92,200,true,100,100,92
1767630764958,92,200,true,100,100,92
1767630764959,91,200,true,100,100,91
1767630764960,91,200,true,100,100,91
1767630764961,91,200,true,100,100,91
1767630764962,91,200,true,100,100,91
1767630764963,91,200,true,100,100,91
1767630764964,91,200,true,100,100,91
1767630764964,92,200,true,100,100,92
1767630764965,92,200,true,100,100,92
1767630764966,92,200,true,100,100,92
1767630764967,92,200,true,100,100,92
1767630764968,92,200,true,100,100,92
1767630764969,91,200,true,100,100,91
1767630764970,92,200,true,100,100,92
1767630764971,92,200,true,100,100,92
1767630764972,91,200,true,100,100,91
1767630764973,91,200,true,100,100,91
1767630764973,92,200,true,100,100,92
1767630764974,92,200,true,100,100,92
1767630764975,92,200,true,100,100,92
1767630764977,91,200,true,100,100,91
1767630764977,92,200,true,100,100,92
1767630764978,92,200,true,100,100,92
1767630764979,92,200,true,100,100,92
1767630764980,92,200,true,100,100,92
1767630764981,91,200,true,100,100,91
1767630764982,91,200,true,100,100,91
1767630764983,91,200,true,100,100,91
1767630764984,92,200,true,100,100,92
1767630764985,91,200,true,100,100,91
1767630764986,91,200,true,100,100,91
1767630764986,92,200,true,100,100,92
1767630764987,92,200,true,100,100,92
1767630764988,92,200,true,100,100,92
1767630764989,92,200,true,100,100,92
1767630764990,92,200,true,100,100,92
1767630764991,92,200,true,100,100,92
1767630764992,92,200,true,100,100,92
1767630764993,92,200,true,100,100,92
1767630764994,92,200,true,100,100,91
1767630764995,91,200,true,100,100,91
1767630764996,91,200,true,100,100,91
1767630764997,91,200,true,100,100,91
1767630764998,91,200,true,100,100,91
1767630764999,91,200,true,100,100,91
1767630764999,92,200,true,100,100,92
1767630765000,92,200,true,100,100,92
1767630765001,92,200,true,100,100,92
1767630765002,92,200,true,100,100,92
1767630765003,92,200,true,100,100,92
1767630765004,92,200,true,100,100,92
1767630765005,92,200,true,100,100,92
1767630765006,92,200,true,100,100,92
1767630765007,91,200,true,100,100,91
1767630765008,91,200,true,100,100,91
1767630765009,91,200,true,100,100,91
1767630765009,92,200,true,100,100,92
1767630765011,91,200,true,100,100,91
1767630765012,91,200,true,100,100,91
1767630765013,91,200,true,100,100,91
1767630765013,92,200,true,100,100,92
1767630765014,92,200,true,100,100,92
1767630765015,92,200,true,100,100,92
1767630765016,92,200,true,100,100,92
1767630765017,91,200,true,100,100,91
1767630765018,91,200,true,100,100,91
1767630765019,91,200,true,100,100,91
1767630765020,92,200,true,100,100,92
1767630765021,91,200,true,100,100,91
1767630764930,183,200,true,100,100,183
1767630765023,91,200,true,100,100,91
1767630765024,91,200,true,100,100,91
1767630765024,92,200,true,100,100,92
1767630765025,92,200,true,100,100,92
1767630765026,92,200,true,100,100,92
1767630765028,91,200,true,100,100,91
1767630765029,91,200,true,100,100,91
1767630765029,92,200,true,100,100,92
1767630765030,92,200,true,100,100,92
1767630765031,91,200,true,100,100,91
1767630765032,91,200,true,100,100,91
1767630765033,91,200,true,100,100,91
1767630765034,91,200,true,100,100,91
1767630765035,91,200,true,100,100,91
1767630765036,91,200,true,100,100,91
1767630765037,91,200,true,100,100,91
1767630765037,92,200,true,100,100,92
1767630765038,92,200,true,100,100,92
1767630765039,92,200,true,100,100,92
1767630765040,92,200,true,100,100,92
1767630765041,92,200,true,100,100,92
1767630765042,92,200,true,100,100,92
1767630765043,92,200,true,100,100,92
1767630765044,92,200,true,100,100,92
1767630765045,91,200,true,100,100,91
1767630765046,91,200,true,100,100,91
1767630765047,91,200,true,100,100,91
1767630765048,91,200,true,100,100,91
1767630765049,91,200,true,100,100,91
1767630765050,91,200,true,100,100,91
1767630765050,92,200,true,100,100,92
1767630765051,92,200,true,100,100,92
1767630765052,92,200,true,100,100,92
1767630765053,92,200,true,100,100,92
1767630765054,92,200,true,100,100,92
1767630765055,92,200,true,100,100,92
1767630765056,92,200,true,100,100,92
1767630765057,92,200,true,100,100,91
1767630765058,91,200,true,100,100,91
1767630765059,91,200,true,100,100,91
1767630765060,91,200,true,100,100,91
1767630765060,92,200,true,100,100,92
1767630765062,91,200,true,100,100,91
1767630765063,91,200,true,100,100,91
1767630765063,92,200,true,100,100,92
1767630765064,92,200,true,100,100,92
1767630765065,92,200,true,100,100,92
1767630765066,92,200,true,100,100,92
1767630765067,91,200,true,100,100,91
1767630765068,91,200,true,100,100,91
1767630765069,91,200,true,100,100,91
1767630765070,91,200,true,100,100,91
1767630765071,91,200,true,100,100,91
1767630765072,91,200,true,100,100,91
1767630765073,91,200,true,100,100,91
1767630765074,91,200,true,100,100,91
1767630765074,92,200,true,100,100,92
1767630765076,91,200,true,100,100,91
1767630765076,92,200,true,100,100,92
1767630765077,92,200,true,100,100,92
1767630765078,92,200,true,100,100,92
1767630765079,92,200,true,100,100,92
1767630765080,91,200,true,100,100,91
1767630765081,91,200,true,100,100,91
1767630765082,91,200,true,100,100,91
1767630765083,91,200,true,100,100,91
1767630765084,91,200,true,100,100,91
1767630765085,91,200,true,100,100,91
1767630765086,91,200,true,100,100,91
1767630765086,92,200,true,100,100,92
1767630765087,92,200,true,100,100,92
1767630765088,92,200,true,100,100,92
1767630765089,92,200,true,100,100,92
1767630765090,92,200,true,100,100,92
1767630765091,92,200,true,100,100,92
1767630765092,92,200,true,100,100,92
1767630765093,92,200,true,100,100,91
1767630765094,91,200,true,100,100,91
1767630765095,91,200,true,100,100,91
1767630765096,91,200,true,100,100,91
1767630765097,91,200,true,100,100,91
1767630765098,91,200,true,100,100,91
1767630765099,91,200,true,100,100,91
1767630765100,91,200,true,100,100,91
1767630765100,92,200,true,100,100,92
1767630765101,92,200,true,100,100,92
1767630765102,92,200,true,100,100,92
1767630765103,91,200,true,100,100,91
1767630765104,91,200,true,100,100,91
1767630765105,92,200,true,100,100,92
1767630765106,92,200,true,100,100,92
1767630765107,92,200,true,100,100,92
1767630765108,91,200,true,100,100,91
1767630765109,91,200,true,100,100,91
1767630765109,92,200,true,100,100,92
1767630765110,92,200,true,100,100,92
1767630765112,91,200,true,100,100,91
1767630765112,92,200,true,100,100,92
1767630765022,183,200,true,100,100,183
1767630765114,92,200,true,100,100,92
1767630765115,92,200,true,100,100,92
1767630765116,92,200,true,100,100,92
1767630765117,92,200,true,100,100,92
1767630765118,91,200,true,100,100,91
1767630765119,91,200,true,100,100,91
1767630765120,91,200,true,100,100,91
1767630765121,91,200,true,100,100,91
1767630765122,91,200,true,100,100,91
1767630765122,92,200,true,100,100,92
1767630765123,92,200,true,100,100,92
1767630765124,92,200,true,100,100,92
1767630765125,92,200,true,100,100,92
1767630765126,92,200,true,100,100,92
1767630765127,92,200,true,100,100,92
1767630765128,92,200,true,100,100,92
1767630765129,92,200,true,100,100,92
1767630765130,92,200,true,100,100,92
1767630765131,91,200,true,100,100,91
1767630765132,91,200,true,100,100,91
1767630765133,91,200,true,100,100,91
1767630765134,91,200,true,100,100,91
1767630765135,91,200,true,100,100,91
1767630765136,91,200,true,100,100,91
1767630765137,91,200,true,100,100,91
1767630765137,92,200,true,100,100,92
1767630765138,92,200,true,100,100,92
1767630765139,92,200,true,100,100,92
1767630765140,92,200,true,100,100,92
1767630765141,92,200,true,100,100,92
1767630765142,92,200,true,100,100,92
1767630765143,92,200,true,100,100,92
1767630765144,92,200,true,100,100,92
1767630765145,91,200,true,100,100,91
1767630765146,91,200,true,100,100,91
1767630765147,91,200,true,100,100,91
1767630765148,91,200,true,100,100,91
1767630765149,91,200,true,100,100,91
1767630765149,92,200,true,100,100,92
1767630765150,92,200,true,100,100,92
1767630765151,92,200,true,100,100,92
1767630765152,92,200,true,100,100,92
1767630765153,92,200,true,100,100,92
1767630765154,91,200,true,100,100,91
1767630765155,92,200,true,100,100,92
1767630765156,92,200,true,100,100,92
1767630765157,92,200,true,100,100,92
1767630765158,91,200,true,100,100,91
1767630765158,92,200,true,100,100,92
1767630765159,92,200,true,100,100,92
1767630765160,92,200,true,100,100,92
1767630765161,92,200,true,100,100,92
1767630765162,92,200,true,100,100,92
1767630765163,92,200,true,100,100,92
1767630765164,92,200,true,100,100,92
1767630765165,92,200,true,100,100,92
1767630765166,92,200,true,100,100,92
1767630765167,92,200,true,100,100,92
1767630765168,91,200,true,100,100,91
1767630765169,91,200,true,100,100,91
1767630765170,91,200,true,100,100,91
1767630765171,91,200,true,100,100,91
1767630765172,91,200,true,100,100,91
1767630765172,92,200,true,100,100,92
1767630765173,92,200,true,100,100,92
1767630765174,93,200,true,100,100,93
1767630765175,92,200,true,100,100,92
1767630765176,92,200,true,100,100,92
1767630765177,92,200,true,100,100,92
1767630765178,92,200,true,100,100,92
1767630765179,92,200,true,100,100,92
1767630765180,92,200,true,100,100,92
1767630765181,91,200,true,100,100,91
1767630765182,91,200,true,100,100,91
1767630765183,91,200,true,100,100,91
1767630765184,91,200,true,100,100,91
1767630765185,91,200,true,100,100,91
1767630765185,92,200,true,100,100,92
1767630765186,92,200,true,100,100,92
1767630765187,92,200,true,100,100,92
1767630765188,92,200,true,100,100,92
1767630765189,92,200,true,100,100,92
1767630765190,92,200,true,100,100,92
1767630765191,92,200,true,100,100,92
1767630765192,92,200,true,100,100,92
1767630765193,92,200,true,100,100,92
1767630765194,92,200,true,100,100,92
1767630765195,92,200,true,100,100,92
1767630765195,92,200,true,100,100,92
1767630765197,91,200,true,100,100,91
1767630765198,91,200,true,100,100,91
1767630765199,91,200,true,100,100,91
1767630765200,91,200,true,100,100,91
1767630765200,92,200,true,100,100,92
1767630765201,92,200,true,100,100,92
1767630765202,92,200,true,100,100,92
1767630765203,92,200,true,100,100,92
1767630765204,92,200,true,100,100,92
1767630765113,183,200,true,100,100,183
1767630765206,92,200,true,100,100,92
1767630765207,92,200,true,100,100,92
1767630765208,92,200,true,100,100,92
1767630765209,91,200,true,100,100,91
1767630765209,92,200,true,100,100,92
1767630765210,92,200,true,100,100,92
1767630765211,92,200,true,100,100,92
1767630765212,92,200,true,100,100,92
1767630765214,91,200,true,100,100,91
1767630765214,92,200,true,100,100,92
1767630765215,92,200,true,100,100,92
1767630765216,92,200,true,100,100,92
1767630765217,92,200,true,100,100,92
1767630765218,91,200,true,100,100,91
1767630765219,91,200,true,100,100,91
1767630765220,91,200,true,100,100,91
1767630765221,91,200,true,100,100,91
1767630765222,91,200,true,100,100,91
1767630765222,92,200,true,100,100,92
1767630765223,92,200,true,100,100,92
1767630765224,92,200,true,100,100,92
1767630765225,92,200,true,100,100,92
1767630765226,92,200,true,100,100,92
1767630765227,92,200,true,100,100,92
1767630765228,92,200,true,100,100,92
1767630765229,92,200,true,100,100,92
1767630765230,92,200,true,100,100,92
1767630765231,91,200,true,100,100,91
1767630765232,91,200,true,100,100,91
1767630765233,91,200,true,100,100,91
1767630765234,91,200,true,100,100,91
1767630765235,91,200,true,100,100,91
1767630765236,91,200,true,100,100,91
1767630765237,91,200,true,100,100,91
1767630765237,92,200,true,100,100,92
1767630765238,92,200,true,100,100,92
1767630765239,92,200,true,100,100,92
1767630765240,92,200,true,100,100,92
1767630765241,92,200,true,100,100,92
1767630765242,92,200,true,100,100,92
1767630765243,92,200,true,100,100,92
1767630765244,91,200,true,100,100,91
1767630765245,91,200,true,100,100,91
1767630765245,92,200,true,100,100,92
1767630765247,91,200,true,100,100,91
1767630765248,91,200,true,100,100,91
1767630765249,91,200,true,100,100,91
1767630765250,91,200,true,100,100,91
1767630765250,92,200,true,100,100,92
1767630765251,92,200,true,100,100,92
1767630765252,92,200,true,100,100,92
1767630765253,91,200,true,100,100,91
1767630765254,91,200,true,100,100,91
1767630765255,91,200,true,100,100,91
1767630765256,92,200,true,100,100,92
1767630765257,91,200,true,100,100,91
1767630765258,91,200,true,100,100,91
1767630765259,91,200,true,100,100,91
1767630765259,92,200,true,100,100,92
1767630765260,92,200,true,100,100,92
1767630765261,92,200,true,100,100,92
1767630765262,92,200,true,100,100,92
1767630765263,92,200,true,100,100,92
1767630765264,92,200,true,100,100,92
1767630765265,92,200,true,100,100,92
1767630765267,91,200,true,100,100,91
1767630765267,91,200,true,100,100,91
1767630765268,91,200,true,100,100,91
1767630765269,91,200,true,100,100,91
1767630765270,91,200,true,100,100,91
1767630765271,91,200,true,100,100,91
1767630765272,91,200,true,100,100,91
1767630765273,91,200,true,100,100,91
1767630765274,91,200,true,100,100,91
1767630765274,92,200,true,100,100,92
1767630765275,92,200,true,100,100,92
1767630765276,92,200,true,100,100,92
1767630765277,92,200,true,100,100,92
1767630765278,92,200,true,100,100,92
1767630765279,92,200,true,100,100,92
1767630765280,92,200,true,100,100,92
1767630765281,91,200,true,100,100,91
1767630765282,91,200,true,100,100,91
1767630765283,91,200,true,100,100,91
1767630765284,91,200,true,100,100,91
1767630765285,91,200,true,100,100,91
1767630765286,91,200,true,100,100,91
1767630765287,91,200,true,100,100,91
1767630765288,91,200,true,100,100,91
1767630765288,92,200,true,100,100,92
1767630765289,92,200,true,100,100,92
1767630765290,92,200,true,100,100,92
1767630765291,92,200,true,100,100,92
1767630765292,92,200,true,100,100,92
1767630765293,92,200,true,100,100,92
1767630765294,91,200,true,100,100,91
1767630765295,91,200,true,100,100,91
1767630765296,91,200,true,100,100,91
1767630765297,91,200,true,100,100,91
1767630765205,184,200,true,100,100,184
1767630765298,92,200,true,100,100,92
1767630765299,92,200,true,100,100,92
1767630765300,92,200,true,100,100,92
1767630765301,92,200,true,100,100,92
1767630765301,93,200,true,100,100,93
1767630765302,92,200,true,100,100,92
1767630765303,92,200,true,100,100,92
1767630765304,92,200,true,100,100,92
1767630765305,93,200,true,100,100,93
1767630765306,92,200,true,100,100,92
1767630765307,92,200,true,100,100,92
1767630765308,92,200,true,100,100,92
1767630765309,92,200,true,100,100,92
1767630765310,92,200,true,100,100,92
1767630765310,93,200,true,100,100,93
1767630765311,93,200,true,100,100,93
1767630765312,93,200,true,100,100,93
1767630765313,93,200,true,100,100,93
1767630765314,93,200,true,100,100,93
1767630765315,93,200,true,100,100,93
1767630765316,92,200,true,100,100,92
1767630765317,92,200,true,100,100,92
1767630765318,92,200,true,100,100,92
1767630765319,92,200,true,100,100,92
1767630765320,92,200,true,100,100,92
1767630765321,92,200,true,100,100,92
1767630765322,92,200,true,100,100,92
1767630765322,93,200,true,100,100,93
1767630765323,93,200,true,100,100,93
1767630765324,93,200,true,100,100,93
1767630765325,93,200,true,100,100,93
1767630765326,93,200,true,100,100,93
1767630765327,92,200,true,100,100,92
1767630765328,92,200,true,100,100,92
1767630765329,92,200,true,100,100,92
1767630765330,92,200,true,100,100,92
1767630765331,92,200,true,100,100,92
1767630765332,92,200,true,100,100,92
1767630765333,92,200,true,100,100,92
1767630765334,92,200,true,100,100,92
1767630765335,92,200,true,100,100,92
1767630765336,91,200,true,100,100,91
1767630765336,92,200,true,100,100,92
1767630765337,92,200,true,100,100,92
1767630765338,92,200,true,100,100,92
1767630765339,92,200,true,100,100,92
1767630765340,92,200,true,100,100,92
1767630765341,92,200,true,100,100,92
1767630765342,92,200,true,100,100,92
1767630765343,92,200,true,100,100,92
1767630765344,92,200,true,100,100,92
1767630765344,93,200,true,100,100,93
1767630765345,93,200,true,100,100,93
1767630765346,93,200,true,100,100,93
1767630765348,91,200,true,100,100,91
1767630765349,91,200,true,100,100,91
1767630765349,92,200,true,100,100,92
1767630765350,92,200,true,100,100,92
1767630765351,92,200,true,100,100,92
1767630765352,92,200,true,100,100,92
1767630765354,91,200,true,100,100,91
1767630765354,92,200,true,100,100,92
1767630765355,92,200,true,100,100,92
1767630765356,92,200,true,100,100,92
1767630765357,92,200,true,100,100,92
1767630765358,92,200,true,100,100,92
1767630765358,93,200,true,100,100,93
1767630765359,92,200,true,100,100,92
1767630765360,92,200,true,100,100,92
1767630765361,92,200,true,100,100,92
1767630765362,92,200,true,100,100,92
1767630765363,92,200,true,100,100,92
1767630765364,92,200,true,100,100,92
1767630765365,92,200,true,100,100,92
1767630765366,92,200,true,100,100,92
1767630765367,92,200,true,100,100,92
1767630765368,92,200,true,100,100,92
1767630765369,91,200,true,100,100,91
1767630765370,91,200,true,100,100,91
1767630765371,91,200,true,100,100,91
1767630765372,91,200,true,100,100,91
1767630765373,91,200,true,100,100,91
1767630765373,92,200,true,100,100,92
1767630765374,92,200,true,100,100,92
1767630765375,92,200,true,100,100,92
1767630765376,92,200,true,100,100,92
1767630765377,92,200,true,100,100,92
1767630765378,92,200,true,100,100,92
1767630765379,92,200,true,100,100,92
1767630765380,92,200,true,100,100,92
1767630765381,92,200,true,100,100,92
1767630765382,92,200,true,100,100,92
1767630765383,92,200,true,100,100,92
1767630765384,91,200,true,100,100,91
1767630765385,91,200,true,100,100,91
1767630765385,92,200,true,100,100,92
1767630765386,92,200,true,100,100,92
1767630765387,92,200,true,100,100,92
1767630765388,92,200,true,100,100,92
1767630765390,91,200,true,100,100,91
1767630765391,91,200,true,100,100,91
1767630765392,91,200,true,100,100,91
1767630765393,91,200,true,100,100,91
1767630765394,91,200,true,100,100,91
1767630765395,91,200,true,100,100,91
1767630765395,92,200,true,100,100,92
1767630765396,92,200,true,100,100,92
1767630765398,90,200,true,100,100,90
1767630765398,91,200,true,100,100,91
1767630765399,91,200,true,100,100,91
1767630765400,91,200,true,100,100,91
1767630765401,91,200,true,100,100,91
1767630765402,91,200,true,100,100,91
1767630765403,91,200,true,100,100,91
1767630765404,91,200,true,100,100,91
1767630765405,91,200,true,100,100,91
1767630765406,91,200,true,100,100,91
1767630765407,91,200,true,100,100,91
1767630765408,91,200,true,100,100,91
1767630765408,92,200,true,100,100,92
1767630765409,91,200,true,100,100,91
1767630765410,91,200,true,100,100,91
1767630765411,91,200,true,100,100,91
1767630765412,91,200,true,100,100,91
1767630765413,91,200,true,100,100,91
1767630765414,91,200,true,100,100,91
1767630765415,91,200,true,100,100,91
1767630765416,91,200,true,100,100,91
1767630765417,91,200,true,100,100,91
1767630765418,91,200,true,100,100,91
1767630765419,90,200,true,100,100,90
1767630765420,90,200,true,100,100,90
1767630765420,91,200,true,100,100,91
1767630765421,91,200,true,100,100,91
1767630765422,91,200,true,100,100,91
1767630765423,91,200,true,100,100,91
1767630765424,91,200,true,100,100,91
1767630765425,91,200,true,100,100,91
1767630765426,91,200,true,100,100,91
1767630765427,91,200,true,100,100,91
1767630765427,92,200,true,100,100,92
1767630765428,92,200,true,100,100,92
1767630765429,91,200,true,100,100,91
1767630765430,91,200,true,100,100,91
1767630765431,91,200,true,100,100,91
1767630765432,91,200,true,100,100,91
1767630765433,91,200,true,100,100,91
1767630765434,91,200,true,100,100,91
1767630765435,91,200,true,100,100,91
1767630765436,91,200,true,100,100,91
1767630765437,91,200,true,100,100,91
1767630765438,91,200,true,100,100,91
1767630765439,90,200,true,100,100,90
1767630765440,91,200,true,100,100,91
1767630765440,92,200,true,100,100,92
1767630765441,91,200,true,100,100,91
1767630765442,91,200,true,100,100,91
1767630765443,91,200,true,100,100,91
1767630765444,91,200,true,100,100,91
1767630765445,91,200,true,100,100,91
1767630765446,91,200,true,100,100,91
1767630765447,91,200,true,100,100,91
1767630765448,91,200,true,100,100,91
1767630765449,91,200,true,100,100,91
1767630765450,91,200,true,100,100,91
1767630765451,90,200,true,100,100,90
1767630765452,90,200,true,100,100,90
1767630765453,90,200,true,100,100,90
1767630765453,91,200,true,100,100,91
1767630765454,91,200,true,100,100,91
1767630765455,91,200,true,100,100,91
1767630765456,91,200,true,100,100,91
1767630765457,91,200,true,100,100,91
1767630765458,91,200,true,100,100,91
1767630765459,91,200,true,100,100,91
1767630765460,91,200,true,100,100,91
1767630765461,91,200,true,100,100,91
1767630765461,92,200,true,100,100,92
1767630765462,91,200,true,100,100,91
1767630765463,91,200,true,100,100,91
1767630765465,90,200,true,100,100,90
1767630765466,90,200,true,100,100,90
1767630765466,91,200,true,100,100,91
1767630765467,91,200,true,100,100,91
1767630765468,91,200,true,100,100,91
1767630765469,91,200,true,100,100,91
1767630765470,91,200,true,100,100,91
1767630765471,90,200,true,100,100,90
1767630765472,90,200,true,100,100,90
1767630765473,90,200,true,100,100,90
1767630765474,91,200,true,100,100,91
1767630765475,91,200,true,100,100,91
1767630765476,90,200,true,100,100,90
1767630765476,91,200,true,100,100,91
1767630765477,91,200,true,100,100,91
1767630765478,91,200,true,100,100,91
1767630765479,91,200,true,100,100,91
1767630765389,182,200,true,100,100,182
1767630765481,91,200,true,100,100,91
1767630765482,91,200,true,100,100,91
1767630765483,91,200,true,100,100,91
1767630765484,91,200,true,100,100,91
1767630765485,91,200,true,100,100,91
1767630765486,90,200,true,100,100,90
1767630765487,90,200,true,100,100,90
1767630765488,90,200,true,100,100,90
1767630765489,90,200,true,100,100,90
1767630765489,91,200,true,100,100,91
1767630765490,91,200,true,100,100,91
1767630765491,91,200,true,100,100,91
1767630765492,91,200,true,100,100,91
1767630765493,91,200,true,100,100,91
1767630765494,91,200,true,100,100,91
1767630765495,91,200,true,100,100,91
1767630765496,91,200,true,100,100,91
1767630765497,91,200,true,100,100,91
1767630765498,90,200,true,100,100,90
1767630765499,90,200,true,100,100,90
1767630765500,90,200,true,100,100,90
1767630765500,91,200,true,100,100,91
1767630765501,91,200,true,100,100,91
1767630765502,91,200,true,100,100,91
1767630765503,91,200,true,100,100,91
1767630765504,91,200,true,100,100,91
1767630765505,91,200,true,100,100,91
1767630765506,91,200,true,100,100,91
1767630765507,91,200,true,100,100,91
1767630765508,91,200,true,100,100,91
1767630765509,91,200,true,100,100,91
1767630765509,91,200,true,100,100,91
1767630765510,91,200,true,100,100,91
1767630765511,91,200,true,100,100,91
1767630765512,91,200,true,100,100,91
1767630765513,91,200,true,100,100,91
1767630765514,91,200,true,100,100,91
1767630765515,91,200,true,100,100,91
1767630765516,91,200,true,100,100,91
1767630765517,91,200,true,100,100,91
1767630765518,90,200,true,100,100,90
1767630765519,90,200,true,100,100,90
1767630765520,90,200,true,100,100,90
1767630765521,90,200,true,100,100,90
1767630765521,91,200,true,100,100,91
1767630765522,91,200,true,100,100,91
1767630765523,91,200,true,100,100,91
1767630765524,91,200,true,100,100,91
1767630765525,91,200,true,100,100,91
1767630765526,91,200,true,100,100,91
1767630765527,91,200,true,100,100,91
1767630765528,91,200,true,100,100,91
1767630765529,91,200,true,100,100,91
1767630765529,92,200,true,100,100,92
1767630765531,90,200,true,100,100,90
1767630765532,90,200,true,100,100,90
1767630765533,90,200,true,100,100,90
1767630765533,91,200,true,100,100,91
1767630765534,91,200,true,100,100,91
1767630765535,91,200,true,100,100,91
1767630765536,91,200,true,100,100,91
1767630765537,91,200,true,100,100,91
1767630765538,91,200,true,100,100,91
1767630765539,90,200,true,100,100,90
1767630765540,91,200,true,100,100,91
1767630765541,91,200,true,100,100,91
1767630765541,91,200,true,100,100,91
1767630765542,91,200,true,100,100,91
1767630765543,91,200,true,100,100,91
1767630765544,91,200,true,100,100,91
1767630765545,91,200,true,100,100,91
1767630765546,91,200,true,100,100,91
1767630765547,91,200,true,100,100,91
1767630765548,91,200,true,100,100,91
1767630765549,91,200,true,100,100,91
1767630765550,91,200,true,100,100,91
1767630765551,90,200,true,100,100,90
1767630765552,90,200,true,100,100,90
1767630765553,90,200,true,100,100,90
1767630765553,91,200,true,100,100,91
1767630765554,91,200,true,100,100,91
1767630765555,91,200,true,100,100,91
1767630765556,91,200,true,100,100,91
1767630765557,91,200,true,100,100,91
1767630765558,91,200,true,100,100,91
1767630765559,91,200,true,100,100,91
1767630765560,91,200,true,100,100,91
1767630765561,91,200,true,100,100,91
1767630765562,91,200,true,100,100,91
1767630765562,91,200,true,100,100,91
1767630765563,91,200,true,100,100,91
1767630765565,90,200,true,100,100,90
1767630765566,90,200,true,100,100,90
1767630765566,91,200,true,100,100,91
1767630765567,91,200,true,100,100,91
1767630765568,91,200,true,100,100,91
1767630765569,91,200,true,100,100,91
1767630765570,91,200,true,100,100,91
1767630765480,182,200,true,100,100,182
1767630765572,91,200,true,100,100,91
1767630765573,91,200,true,100,100,91
1767630765574,91,200,true,100,100,91
1767630765575,91,200,true,100,100,91
1767630765576,90,200,true,100,100,90
1767630765576,92,200,true,100,100,92
1767630765577,91,200,true,100,100,91
1767630765578,91,200,true,100,100,91
1767630765579,91,200,true,100,100,91
1767630765580,91,200,true,100,100,91
1767630765581,91,200,true,100,100,91
1767630765582,91,200,true,100,100,91
1767630765583,91,200,true,100,100,91
1767630765584,91,200,true,100,100,91
1767630765585,91,200,true,100,100,91
1767630765586,90,200,true,100,100,90
1767630765587,90,200,true,100,100,90
1767630765588,90,200,true,100,100,90
1767630765588,91,200,true,100,100,91
1767630765589,91,200,true,100,100,91
1767630765590,91,200,true,100,100,91
1767630765591,91,200,true,100,100,91
1767630765592,91,200,true,100,100,91
1767630765593,91,200,true,100,100,91
1767630765594,91,200,true,100,100,91
1767630765595,91,200,true,100,100,91
1767630765596,91,200,true,100,100,91
1767630765597,91,200,true,100,100,91
1767630765598,90,200,true,100,100,90
1767630765599,90,200,true,100,100,90
1767630765600,90,200,true,100,100,90
1767630765601,90,200,true,100,100,90
1767630765601,91,200,true,100,100,91
1767630765602,91,200,true,100,100,91
1767630765603,91,200,true,100,100,91
1767630765604,91,200,true,100,100,91
1767630765605,91,200,true,100,100,91
1767630765606,91,200,true,100,100,91
1767630765607,91,200,true,100,100,91
1767630765608,91,200,true,100,100,91
1767630765609,90,200,true,100,100,90
1767630765609,91,200,true,100,100,91
1767630765610,91,200,true,100,100,91
1767630765611,91,200,true,100,100,91
1767630765612,91,200,true,100,100,91
1767630765613,91,200,true,100,100,91
1767630765614,91,200,true,100,100,91
1767630765615,91,200,true,100,100,91
1767630765616,91,200,true,100,100,91
1767630765617,91,200,true,100,100,91
1767630765618,90,200,true,100,100,90
1767630765619,90,200,true,100,100,90
1767630765620,90,200,true,100,100,90
1767630765621,90,200,true,100,100,90
1767630765621,91,200,true,100,100,91
1767630765622,91,200,true,100,100,91
1767630765623,91,200,true,100,100,91
1767630765624,91,200,true,100,100,91
1767630765625,91,200,true,100,100,91
1767630765626,91,200,true,100,100,91
1767630765627,91,200,true,100,100,91
1767630765628,91,200,true,100,100,91
1767630765629,91,200,true,100,100,91
1767630765629,91,200,true,100,100,91
1767630765631,90,200,true,100,100,90
1767630765632,90,200,true,100,100,90
1767630765632,91,200,true,100,100,91
1767630765633,91,200,true,100,100,91
1767630765634,91,200,true,100,100,91
1767630765635,91,200,true,100,100,91
1767630765636,91,200,true,100,100,91
1767630765637,91,200,true,100,100,91
1767630765638,91,200,true,100,100,91
1767630765639,91,200,true,100,100,91
1767630765640,91,200,true,100,100,91
1767630765641,91,200,true,100,100,91
1767630765641,92,200,true,100,100,92
1767630765642,91,200,true,100,100,91
1767630765643,91,200,true,100,100,91
1767630765644,91,200,true,100,100,91
1767630765645,91,200,true,100,100,91
1767630765646,91,200,true,100,100,91
1767630765647,91,200,true,100,100,91
1767630765648,91,200,true,100,100,91
1767630765649,91,200,true,100,100,91
1767630765650,91,200,true,100,100,91
1767630765651,90,200,true,100,100,90
1767630765652,90,200,true,100,100,90
1767630765653,90,200,true,100,100,90
1767630765654,90,200,true,100,100,90
1767630765654,91,200,true,100,100,91
1767630765655,91,200,true,100,100,91
1767630765656,91,200,true,100,100,91
1767630765657,91,200,true,100,100,91
1767630765658,91,200,true,100,100,91
1767630765659,91,200,true,100,100,91
1767630765660,91,200,true,100,100,91
1767630765661,91,200,true,100,100,91
1767630765571,182,200,true,100,100,182
1767630765663,91,200,true,100,100,91
1767630765664,90,200,true,100,100,90
1767630765665,90,200,true,100,100,90
1767630765666,90,200,true,100,100,90
1767630765667,90,200,true,100,100,90
1767630765668,90,200,true,100,100,90
1767630765668,91,200,true,100,100,91
1767630765669,91,200,true,100,100,91
1767630765670,91,200,true,100,100,91
1767630765671,91,200,true,100,100,91
1767630765672,91,200,true,100,100,91
1767630765673,91,200,true,100,100,91
1767630765674,91,200,true,100,100,91
1767630765675,91,200,true,100,100,91
1767630765676,90,200,true,100,100,90
1767630765676,92,200,true,100,100,91
1767630765677,91,200,true,100,100,91
1767630765678,91,200,true,100,100,91
1767630765679,91,200,true,100,100,91
1767630765680,91,200,true,100,100,91
1767630765681,91,200,true,100,100,91
1767630765682,91,200,true,100,100,91
1767630765683,91,200,true,100,100,91
1767630765684,91,200,true,100,100,91
1767630765685,91,200,true,100,100,91
1767630765686,90,200,true,100,100,90
1767630765687,90,200,true,100,100,90
1767630765688,90,200,true,100,100,90
1767630765688,92,200,true,100,100,92
1767630765689,91,200,true,100,100,91
1767630765690,91,200,true,100,100,91
1767630765691,91,200,true,100,100,91
1767630765692,91,200,true,100,100,91
1767630765693,91,200,true,100,100,91
1767630765694,91,200,true,100,100,91
1767630765695,91,200,true,100,100,91
1767630765696,91,200,true,100,100,91
1767630765697,91,200,true,100,100,91
1767630765698,91,200,true,100,100,91
1767630765699,90,200,true,100,100,90
1767630765700,90,200,true,100,100,90
1767630765700,91,200,true,100,100,91
1767630765701,91,200,true,100,100,91
1767630765702,91,200,true,100,100,91
1767630765703,91,200,true,100,100,91
1767630765704,91,200,true,100,100,91
1767630765705,91,200,true,100,100,91
1767630765706,91,200,true,100,100,91
1767630765707,91,200,true,100,100,91
1767630765708,91,200,true,100,100,91
1767630765708,92,200,true,100,100,92
1767630765709,92,200,true,100,100,92
1767630765710,92,200,true,100,100,92
1767630765711,91,200,true,100,100,91
1767630765712,91,200,true,100,100,91
1767630765713,91,200,true,100,100,91
1767630765714,91,200,true,100,100,91
1767630765715,91,200,true,100,100,91
1767630765716,91,200,true,100,100,91
1767630765717,91,200,true,100,100,91
1767630765718,91,200,true,100,100,91
1767630765719,91,200,true,100,100,91
1767630765720,91,200,true,100,100,91
1767630765721,90,200,true,100,100,90
1767630765722,91,200,true,100,100,91
1767630765722,92,200,true,100,100,92
1767630765723,92,200,true,100,100,91
1767630765724,91,200,true,100,100,91
1767630765725,91,200,true,100,100,91
1767630765726,91,200,true,100,100,91
1767630765727,91,200,true,100,100,91
1767630765728,91,200,true,100,100,91
1767630765729,91,200,true,100,100,91
1767630765730,91,200,true,100,100,91
1767630765731,91,200,true,100,100,91
1767630765732,91,200,true,100,100,91
1767630765733,91,200,true,100,100,91
1767630765734,90,200,true,100,100,90
1767630765734,91,200,true,100,100,91
1767630765735,91,200,true,100,100,91
1767630765736,91,200,true,100,100,91
1767630765737,91,200,true,100,100,91
1767630765738,91,200,true,100,100,91
1767630765739,91,200,true,100,100,91
1767630765740,91,200,true,100,100,91
1767630765741,91,200,true,100,100,91
1767630765742,91,200,true,100,100,91
1767630765742,92,200,true,100,100,92
1767630765743,92,200,true,100,100,92
1767630765744,92,200,true,100,100,92
1767630765746,91,200,true,100,100,91
1767630765746,91,200,true,100,100,91
1767630765747,91,200,true,100,100,91
1767630765748,91,200,true,100,100,91
1767630765749,91,200,true,100,100,91
1767630765750,91,200,true,100,100,91
1767630765751,91,200,true,100,100,91
1767630765752,91,200,true,100,100,91
1767630765662,182,200,true,100,100,182
1767630765754,91,200,true,100,100,91
1767630765754,92,200,true,100,100,92
1767630765755,92,200,true,100,100,92
1767630765756,92,200,true,100,100,92
1767630765757,92,200,true,100,100,92
1767630765758,92,200,true,100,100,92
1767630765759,91,200,true,100,100,91
1767630765760,91,200,true,100,100,91
1767630765761,91,200,true,100,100,91
1767630765762,91,200,true,100,100,91
1767630765763,91,200,true,100,100,91
1767630765764,91,200,true,100,100,91
1767630765765,91,200,true,100,100,91
1767630765766,91,200,true,100,100,91
1767630765767,91,200,true,100,100,91
1767630765768,91,200,true,100,100,91
1767630765768,92,200,true,100,100,92
1767630765769,91,200,true,100,100,91
1767630765770,92,200,true,100,100,92
1767630765771,91,200,true,100,100,91
1767630765772,91,200,true,100,100,91
1767630765773,91,200,true,100,100,91
1767630765774,91,200,true,100,100,91
1767630765775,91,200,true,100,100,91
1767630765776,91,200,true,100,100,91
1767630765777,91,200,true,100,100,91
1767630765777,92,200,true,100,100,92
1767630765778,92,200,true,100,100,92
1767630765780,91,200,true,100,100,91
1767630765780,92,200,true,100,100,92
1767630765781,91,200,true,100,100,91
1767630765782,91,200,true,100,100,91
1767630765783,91,200,true,100,100,91
1767630765784,91,200,true,100,100,91
1767630765785,91,200,true,100,100,91
1767630765786,91,200,true,100,100,91
1767630765787,91,200,true,100,100,91
1767630765788,91,200,true,100,100,91
1767630765789,91,200,true,100,100,91
1767630765790,91,200,true,100,100,91
1767630765790,92,200,true,100,100,92
1767630765791,92,200,true,100,100,92
1767630765792,91,200,true,100,100,91
1767630765793,91,200,true,100,100,91
1767630765794,91,200,true,100,100,91
1767630765795,91,200,true,100,100,91
1767630765796,91,200,true,100,100,91
1767630765797,91,200,true,100,100,91
1767630765798,91,200,true,100,100,91
1767630765799,91,200,true,100,100,91
1767630765800,91,200,true,100,100,91
1767630765801,91,200,true,100,100,91
1767630765802,90,200,true,100,100,90
1767630765803,90,200,true,100,100,90
1767630765803,92,200,true,100,100,92
1767630765804,92,200,true,100,100,92
1767630765805,91,200,true,100,100,91
1767630765806,91,200,true,100,100,91
1767630765807,91,200,true,100,100,91
1767630765808,91,200,true,100,100,91
1767630765809,91,200,true,100,100,91
1767630765810,91,200,true,100,100,91
1767630765811,91,200,true,100,100,91
1767630765812,91,200,true,100,100,91
1767630765813,91,200,true,100,100,91
1767630765814,91,200,true,100,100,91
1767630765815,90,200,true,100,100,90
1767630765816,90,200,true,100,100,90
1767630765816,91,200,true,100,100,91
1767630765817,91,200,true,100,100,91
1767630765818,91,200,true,100,100,91
1767630765819,91,200,true,100,100,91
1767630765820,91,200,true,100,100,91
1767630765821,91,200,true,100,100,91
1767630765822,91,200,true,100,100,91
1767630765823,91,200,true,100,100,91
1767630765824,91,200,true,100,100,91
1767630765825,91,200,true,100,100,91
1767630765825,92,200,true,100,100,92
1767630765826,92,200,true,100,100,92
1767630765827,91,200,true,100,100,91
1767630765828,91,200,true,100,100,91
1767630765829,91,200,true,100,100,91
1767630765830,91,200,true,100,100,91
1767630765831,91,200,true,100,100,91
1767630765832,91,200,true,100,100,91
1767630765833,91,200,true,100,100,91
1767630765834,91,200,true,100,100,91
1767630765835,91,200,true,100,100,91
1767630765836,91,200,true,100,100,91
1767630765837,91,200,true,100,100,91
1767630765838,91,200,true,100,100,91
1767630765838,92,200,true,100,100,92
1767630765839,92,200,true,100,100,92
1767630765840,92,200,true,100,100,92
1767630765841,91,200,true,100,100,91
1767630765842,91,200,true,100,100,91
1767630765843,91,200,true,100,100,91
1767630765753,182,200,true,100,100,182
1767630765845,91,200,true,100,100,91
1767630765846,91,200,true,100,100,91
1767630765847,91,200,true,100,100,91
1767630765848,91,200,true,100,100,91
1767630765849,91,200,true,100,100,91
1767630765850,91,200,true,100,100,91
1767630765850,91,200,true,100,100,91
1767630765851,91,200,true,100,100,91
1767630765852,91,200,true,100,100,91
1767630765853,91,200,true,100,100,91
1767630765854,91,200,true,100,100,91
1767630765855,91,200,true,100,100,91
1767630765856,91,200,true,100,100,91
1767630765857,91,200,true,100,100,91
1767630765858,91,200,true,100,100,91
1767630765859,91,200,true,100,100,91
1767630765860,91,200,true,100,100,91
1767630765861,91,200,true,100,100,91
1767630765862,91,200,true,100,100,91
1767630765863,91,200,true,100,100,91
1767630765863,91,200,true,100,100,91
1767630765864,91,200,true,100,100,91
1767630765865,91,200,true,100,100,91
1767630765866,91,200,true,100,100,91
1767630765867,91,200,true,100,100,91
1767630765868,91,200,true,100,100,91
1767630765869,91,200,true,100,100,91
1767630765870,91,200,true,100,100,91
1767630765871,91,200,true,100,100,91
1767630765872,91,200,true,100,100,91
1767630765873,91,200,true,100,100,91
1767630765873,92,200,true,100,100,92
1767630765874,92,200,true,100,100,92
1767630765875,91,200,true,100,100,91
1767630765876,91,200,true,100,100,91
1767630765877,91,200,true,100,100,91
1767630765878,91,200,true,100,100,91
1767630765879,91,200,true,100,100,91
1767630765880,91,200,true,100,100,91
1767630765881,91,200,true,100,100,91
1767630765882,91,200,true,100,100,91
1767630765883,91,200,true,100,100,91
1767630765884,91,200,true,100,100,91
1767630765884,92,200,true,100,100,92
1767630765885,91,200,true,100,100,91
1767630765886,91,200,true,100,100,91
1767630765887,92,200,true,100,100,92
1767630765888,92,200,true,100,100,92
1767630765889,91,200,true,100,100,91
1767630765890,91,200,true,100,100,91
1767630765891,91,200,true,100,100,91
1767630765892,91,200,true,100,100,91
1767630765893,91,200,true,100,100,91
1767630765893,92,200,true,100,100,92
1767630765895,91,200,true,100,100,91
1767630765896,91,200,true,100,100,91
1767630765897,91,200,true,100,100,91
1767630765897,92,200,true,100,100,92
1767630765898,91,200,true,100,100,91
1767630765899,91,200,true,100,100,91
1767630765900,91,200,true,100,100,91
1767630765901,91,200,true,100,100,91
1767630765902,91,200,true,100,100,91
1767630765903,91,200,true,100,100,91
1767630765904,91,200,true,100,100,91
1767630765905,91,200,true,100,100,91
1767630765905,92,200,true,100,100,92
1767630765906,92,200,true,100,100,92
1767630765907,92,200,true,100,100,92
1767630765908,92,200,true,100,100,92
1767630765910,91,200,true,100,100,91
1767630765910,91,200,true,100,100,91
1767630765911,91,200,true,100,100,91
1767630765912,91,200,true,100,100,91
1767630765913,91,200,true,100,100,91
1767630765914,91,200,true,100,100,91
1767630765915,91,200,true,100,100,91
1767630765916,91,200,true,100,100,91
1767630765917,91,200,true,100,100,91
1767630765918,91,200,true,100,100,91
1767630765919,91,200,true,100,100,91
1767630765919,91,200,true,100,100,91
1767630765920,92,200,true,100,100,92
1767630765921,92,200,true,100,100,92
1767630765922,92,200,true,100,100,92
1767630765923,91,200,true,100,100,91
1767630765924,91,200,true,100,100,91
1767630765925,91,200,true,100,100,91
1767630765926,91,200,true,100,100,91
1767630765927,91,200,true,100,100,91
1767630765928,91,200,true,100,100,91
1767630765929,91,200,true,100,100,91
1767630765930,91,200,true,100,100,91
1767630765931,91,200,true,100,100,91
1767630765932,90,200,true,100,100,90
1767630765932,91,200,true,100,100,91
1767630765933,91,200,true,100,100,91
1767630765934,91,200,true,100,100,91
1767630765844,182,200,true,100,100,182
1767630765936,93,200,true,100,100,93
1767630765937,94,200,true,100,100,94
1767630765938,95,200,true,100,100,95
1767630765939,97,200,true,100,100,97
1767630765940,97,200,true,100,100,97
1767630765941,98,200,true,100,100,98
1767630765942,97,200,true,100,100,97
1767630765942,98,200,true,100,100,98
1767630765943,98,200,true,100,100,98
1767630765945,97,200,true,100,100,97
1767630765946,97,200,true,100,100,97
1767630765946,98,200,true,100,100,98
1767630765947,98,200,true,100,100,98
1767630765948,98,200,true,100,100,98
1767630765949,98,200,true,100,100,98
1767630765950,98,200,true,100,100,98
1767630765951,97,200,true,100,100,97
1767630765952,97,200,true,100,100,97
1767630765953,97,200,true,100,100,97
1767630765954,97,200,true,100,100,97
1767630765954,98,200,true,100,100,98
1767630765955,98,200,true,100,100,98
1767630765956,98,200,true,100,100,98
1767630765957,98,200,true,100,100,98
1767630765958,98,200,true,100,100,98
1767630765959,98,200,true,100,100,98
1767630765960,98,200,true,100,100,98
1767630765961,98,200,true,100,100,98
1767630765962,98,200,true,100,100,98
1767630765963,97,200,true,100,100,97
1767630765964,97,200,true,100,100,97
1767630765965,97,200,true,100,100,97
1767630765966,97,200,true,100,100,97
1767630765967,97,200,true,100,100,97
1767630765967,98,200,true,100,100,98
1767630765968,98,200,true,100,100,98
1767630765969,98,200,true,100,100,98
1767630765970,98,200,true,100,100,98
1767630765971,97,200,true,100,100,97
1767630765972,97,200,true,100,100,97
1767630765973,98,200,true,100,100,98
1767630765974,97,200,true,100,100,97
1767630765975,97,200,true,100,100,97
1767630765976,97,200,true,100,100,97
1767630765976,98,200,true,100,100,98
1767630765977,98,200,true,100,100,98
1767630765979,97,200,true,100,100,97
1767630765980,97,200,true,100,100,97
1767630765980,98,200,true,100,100,98
1767630765981,98,200,true,100,100,98
1767630765982,97,200,true,100,100,97
1767630765983,97,200,true,100,100,97
1767630765984,97,200,true,100,100,97
1767630765985,97,200,true,100,100,97
1767630765986,97,200,true,100,100,97
1767630765987,97,200,true,100,100,97
1767630765988,97,200,true,100,100,97
1767630765989,97,200,true,100,100,97
1767630765990,97,200,true,100,100,97
1767630765990,98,200,true,100,100,98
1767630765991,98,200,true,100,100,98
1767630765992,98,200,true,100,100,98
1767630765993,98,200,true,100,100,98
1767630765994,97,200,true,100,100,97
1767630765995,97,200,true,100,100,97
1767630765996,97,200,true,100,100,97
1767630765997,97,200,true,100,100,97
1767630765998,97,200,true,100,100,97
1767630765999,97,200,true,100,100,97
1767630766000,97,200,true,100,100,97
1767630766001,97,200,true,100,100,97
1767630766002,97,200,true,100,100,97
1767630766002,98,200,true,100,100,98
1767630766003,97,200,true,100,100,97
1767630766004,97,200,true,100,100,97
1767630766005,97,200,true,100,100,97
1767630766006,98,200,true,100,100,98
1767630766007,97,200,true,100,100,97
1767630766008,97,200,true,100,100,97
1767630766009,97,200,true,100,100,97
1767630766010,97,200,true,100,100,97
1767630766011,97,200,true,100,100,97
1767630766012,97,200,true,100,100,97
1767630766013,97,200,true,100,100,97
1767630766014,97,200,true,100,100,97
1767630766015,97,200,true,100,100,97
1767630766015,98,200,true,100,100,98
1767630766016,98,200,true,100,100,98
1767630766017,97,200,true,100,100,97
1767630766018,97,200,true,100,100,97
1767630766019,97,200,true,100,100,97
1767630766020,97,200,true,100,100,97
1767630766021,97,200,true,100,100,97
1767630766022,97,200,true,100,100,97
1767630766022,98,200,true,100,100,98
1767630766023,98,200,true,100,100,98
1767630766024,98,200,true,100,100,98
1767630766025,98,200,true,100,100,98
1767630766026,98,200,true,100,100,98
1767630765935,190,200,true,100,100,190
1767630766029,97,200,true,100,100,97
1767630766031,96,200,true,100,100,96
1767630766033,95,200,true,100,100,95
1767630766036,92,200,true,100,100,92
1767630766037,92,200,true,100,100,92
1767630766039,91,200,true,100,100,91
1767630766039,92,200,true,100,100,92
1767630766040,92,200,true,100,100,92
1767630766041,92,200,true,100,100,92
1767630766042,92,200,true,100,100,92
1767630766043,92,200,true,100,100,92
1767630766044,92,200,true,100,100,92
1767630766045,92,200,true,100,100,92
1767630766046,92,200,true,100,100,92
1767630766047,92,200,true,100,100,92
1767630766048,92,200,true,100,100,92
1767630766048,93,200,true,100,100,93
1767630766049,92,200,true,100,100,92
1767630766050,92,200,true,100,100,92
1767630766051,92,200,true,100,100,92
1767630766052,92,200,true,100,100,92
1767630766053,92,200,true,100,100,92
1767630766054,92,200,true,100,100,92
1767630766055,92,200,true,100,100,92
1767630766056,92,200,true,100,100,92
1767630766057,92,200,true,100,100,92
1767630766058,92,200,true,100,100,92
1767630766059,91,200,true,100,100,91
1767630766060,91,200,true,100,100,91
1767630766060,92,200,true,100,100,92
1767630766062,91,200,true,100,100,91
1767630766062,92,200,true,100,100,92
1767630766063,92,200,true,100,100,92
1767630766064,92,200,true,100,100,92
1767630766065,92,200,true,100,100,92
1767630766066,92,200,true,100,100,92
1767630766067,92,200,true,100,100,92
1767630766068,92,200,true,100,100,92
1767630766068,93,200,true,100,100,93
1767630766069,93,200,true,100,100,93
1767630766071,91,200,true,100,100,91
1767630766071,92,200,true,100,100,92
1767630766072,92,200,true,100,100,92
1767630766073,92,200,true,100,100,92
1767630766074,92,200,true,100,100,92
1767630766075,92,200,true,100,100,92
1767630766076,92,200,true,100,100,92
1767630766077,92,200,true,100,100,92
1767630766078,92,200,true,100,100,92
1767630766079,92,200,true,100,100,92
1767630766080,92,200,true,100,100,92
1767630766080,93,200,true,100,100,93
1767630766081,93,200,true,100,100,93
1767630766082,92,200,true,100,100,92
1767630766083,92,200,true,100,100,92
1767630766084,92,200,true,100,100,92
1767630766085,92,200,true,100,100,92
1767630766086,92,200,true,100,100,92
1767630766087,92,200,true,100,100,92
1767630766088,92,200,true,100,100,92
1767630766089,92,200,true,100,100,92
1767630766090,92,200,true,100,100,92
1767630766091,91,200,true,100,100,91
1767630766091,92,200,true,100,100,92
1767630766092,92,200,true,100,100,92
1767630766093,92,200,true,100,100,92
1767630766094,92,200,true,100,100,92
1767630766095,92,200,true,100,100,92
1767630766096,92,200,true,100,100,92
1767630766097,92,200,true,100,100,92
1767630766098,92,200,true,100,100,92
1767630766099,92,200,true,100,100,92
1767630766100,92,200,true,100,100,92
1767630766101,92,200,true,100,100,92
1767630766101,93,200,true,100,100,93
1767630766102,92,200,true,100,100,92
1767630766104,91,200,true,100,100,91
1767630766105,91,200,true,100,100,91
1767630766105,92,200,true,100,100,92
1767630766106,92,200,true,100,100,92
1767630766107,92,200,true,100,100,92
1767630766108,92,200,true,100,100,92
1767630766109,92,200,true,100,100,92
1767630766110,92,200,true,100,100,92
1767630766111,92,200,true,100,100,92
1767630766112,92,200,true,100,100,92
1767630766113,92,200,true,100,100,92
1767630766114,92,200,true,100,100,92
1767630766114,93,200,true,100,100,93
1767630766115,93,200,true,100,100,93
1767630766116,92,200,true,100,100,92
1767630766117,92,200,true,100,100,92
1767630766118,92,200,true,100,100,92
1767630766119,92,200,true,100,100,92
1767630766120,92,200,true,100,100,92
1767630766121,92,200,true,100,100,92
1767630766122,92,200,true,100,100,92
1767630766123,92,200,true,100,100,92
1767630766124,92,200,true,100,100,92
1767630766126,91,200,true,100,100,91
1767630766127,90,200,true,100,100,90
1767630766128,90,200,true,100,100,90
1767630766128,91,200,true,100,100,91
1767630766129,91,200,true,100,100,91
1767630766130,91,200,true,100,100,91
1767630766131,91,200,true,100,100,91
1767630766132,91,200,true,100,100,91
1767630766133,91,200,true,100,100,91
1767630766134,91,200,true,100,100,91
1767630766135,91,200,true,100,100,91
1767630766136,91,200,true,100,100,91
1767630766137,91,200,true,100,100,91
1767630766138,91,200,true,100,100,91
1767630766139,90,200,true,100,100,90
1767630766140,90,200,true,100,100,90
1767630766141,90,200,true,100,100,90
1767630766141,91,200,true,100,100,91
1767630766142,91,200,true,100,100,91
1767630766143,91,200,true,100,100,91
1767630766144,91,200,true,100,100,91
1767630766145,91,200,true,100,100,91
1767630766146,91,200,true,100,100,91
1767630766147,91,200,true,100,100,91
1767630766148,91,200,true,100,100,91
1767630766149,91,200,true,100,100,91
1767630766150,91,200,true,100,100,91
1767630766151,90,200,true,100,100,90
1767630766151,91,200,true,100,100,91
1767630766152,91,200,true,100,100,91
1767630766153,91,200,true,100,100,91
1767630766154,91,200,true,100,100,91
1767630766155,91,200,true,100,100,91
1767630766156,91,200,true,100,100,91
1767630766157,91,200,true,100,100,91
1767630766158,91,200,true,100,100,91
1767630766159,90,200,true,100,100,90
1767630766160,90,200,true,100,100,90
1767630766161,90,200,true,100,100,90
1767630766162,90,200,true,100,100,90
1767630766162,91,200,true,100,100,91
1767630766163,91,200,true,100,100,91
1767630766164,91,200,true,100,100,91
1767630766165,91,200,true,100,100,91
1767630766166,91,200,true,100,100,91
1767630766167,91,200,true,100,100,91
1767630766168,91,200,true,100,100,91
1767630766169,91,200,true,100,100,91
1767630766170,91,200,true,100,100,91
1767630766171,91,200,true,100,100,91
1767630766172,90,200,true,100,100,90
1767630766173,90,200,true,100,100,90
1767630766174,90,200,true,100,100,90
1767630766174,91,200,true,100,100,91
1767630766175,91,200,true,100,100,91
1767630766176,91,200,true,100,100,91
1767630766177,91,200,true,100,100,91
1767630766178,91,200,true,100,100,91
1767630766179,91,200,true,100,100,91
1767630766180,90,200,true,100,100,90
1767630766181,91,200,true,100,100,91
1767630766182,91,200,true,100,100,91
1767630766182,92,200,true,100,100,92
1767630766183,91,200,true,100,100,91
1767630766184,91,200,true,100,100,91
1767630766185,91,200,true,100,100,91
1767630766186,91,200,true,100,100,91
1767630766187,91,200,true,100,100,91
1767630766188,91,200,true,100,100,91
1767630766189,91,200,true,100,100,91
1767630766190,91,200,true,100,100,91
1767630766191,91,200,true,100,100,91
1767630766192,90,200,true,100,100,90
1767630766193,90,200,true,100,100,90
1767630766194,90,200,true,100,100,90
1767630766195,90,200,true,100,100,90
1767630766195,91,200,true,100,100,91
1767630766196,91,200,true,100,100,91
1767630766197,91,200,true,100,100,91
1767630766198,91,200,true,100,100,91
1767630766199,91,200,true,100,100,91
1767630766200,91,200,true,100,100,91
1767630766201,91,200,true,100,100,91
1767630766202,91,200,true,100,100,91
1767630766203,91,200,true,100,100,91
1767630766204,90,200,true,100,100,90
1767630766205,90,200,true,100,100,90
1767630766206,90,200,true,100,100,90
1767630766207,90,200,true,100,100,90
1767630766208,90,200,true,100,100,90
1767630766208,91,200,true,100,100,91
1767630766209,91,200,true,100,100,91
1767630766210,91,200,true,100,100,91
1767630766211,91,200,true,100,100,91
1767630766212,91,200,true,100,100,91
1767630766213,90,200,true,100,100,90
1767630766214,91,200,true,100,100,91
1767630766215,90,200,true,100,100,90
1767630766125,181,200,true,100,100,181
1767630766217,90,200,true,100,100,90
1767630766217,91,200,true,100,100,91
1767630766218,91,200,true,100,100,91
1767630766219,91,200,true,100,100,91
1767630766220,91,200,true,100,100,91
1767630766222,90,200,true,100,100,90
1767630766222,91,200,true,100,100,91
1767630766223,91,200,true,100,100,91
1767630766224,91,200,true,100,100,91
1767630766225,90,200,true,100,100,90
1767630766226,90,200,true,100,100,90
1767630766227,90,200,true,100,100,90
1767630766228,90,200,true,100,100,90
1767630766229,90,200,true,100,100,90
1767630766230,90,200,true,100,100,90
1767630766230,91,200,true,100,100,91
1767630766231,91,200,true,100,100,91
1767630766232,91,200,true,100,100,91
1767630766233,91,200,true,100,100,91
1767630766234,91,200,true,100,100,91
1767630766235,91,200,true,100,100,91
1767630766236,91,200,true,100,100,91
1767630766237,91,200,true,100,100,91
1767630766238,90,200,true,100,100,90
1767630766239,90,200,true,100,100,90
1767630766240,90,200,true,100,100,90
1767630766241,90,200,true,100,100,90
1767630766242,90,200,true,100,100,90
1767630766242,91,200,true,100,100,91
1767630766243,91,200,true,100,100,91
1767630766244,91,200,true,100,100,91
1767630766245,91,200,true,100,100,91
1767630766246,90,200,true,100,100,90
1767630766247,90,200,true,100,100,90
1767630766248,90,200,true,100,100,90
1767630766249,90,200,true,100,100,90
1767630766250,90,200,true,100,100,90
1767630766250,91,200,true,100,100,91
1767630766251,91,200,true,100,100,91
1767630766252,91,200,true,100,100,91
1767630766253,91,200,true,100,100,91
1767630766254,91,200,true,100,100,91
1767630766255,91,200,true,100,100,91
1767630766256,90,200,true,100,100,90
1767630766257,90,200,true,100,100,90
1767630766258,90,200,true,100,100,90
1767630766259,90,200,true,100,100,90
1767630766260,90,200,true,100,100,90
1767630766261,90,200,true,100,100,90
1767630766262,90,200,true,100,100,90
1767630766262,91,200,true,100,100,91
1767630766263,91,200,true,100,100,91
1767630766264,91,200,true,100,100,91
1767630766265,91,200,true,100,100,91
1767630766266,91,200,true,100,100,91
1767630766267,91,200,true,100,100,91
1767630766268,90,200,true,100,100,90
1767630766269,90,200,true,100,100,90
1767630766270,90,200,true,100,100,90
1767630766270,91,200,true,100,100,91
1767630766272,90,200,true,100,100,90
1767630766273,90,200,true,100,100,90
1767630766274,90,200,true,100,100,90
1767630766274,91,200,true,100,100,91
1767630766275,91,200,true,100,100,91
1767630766276,91,200,true,100,100,91
1767630766277,90,200,true,100,100,90
1767630766278,90,200,true,100,100,90
1767630766279,90,200,true,100,100,90
1767630766280,90,200,true,100,100,90
1767630766281,90,200,true,100,100,90
1767630766282,90,200,true,100,100,90
1767630766283,90,200,true,100,100,90
1767630766283,91,200,true,100,100,91
1767630766284,91,200,true,100,100,91
1767630766285,91,200,true,100,100,91
1767630766286,91,200,true,100,100,91
1767630766287,91,200,true,100,100,91
1767630766288,91,200,true,100,100,91
1767630766289,91,200,true,100,100,91
1767630766290,91,200,true,100,100,91
1767630766291,91,200,true,100,100,91
1767630766292,91,200,true,100,100,91
1767630766293,90,200,true,100,100,90
1767630766294,90,200,true,100,100,90
1767630766295,90,200,true,100,100,90
1767630766295,91,200,true,100,100,91
1767630766296,91,200,true,100,100,91
1767630766297,91,200,true,100,100,91
1767630766298,91,200,true,100,100,91
1767630766299,91,200,true,100,100,91
1767630766300,91,200,true,100,100,91
1767630766301,91,200,true,100,100,91
1767630766302,91,200,true,100,100,91
1767630766303,91,200,true,100,100,91
1767630766303,92,200,true,100,100,92
1767630766305,91,200,true,100,100,91
1767630766306,90,200,true,100,100,90
1767630766216,181,200,true,100,100,181
1767630766307,91,200,true,100,100,91
1767630766308,91,200,true,100,100,91
1767630766309,91,200,true,100,100,91
1767630766310,91,200,true,100,100,91
1767630766311,91,200,true,100,100,91
1767630766312,91,200,true,100,100,91
1767630766313,91,200,true,100,100,91
1767630766314,91,200,true,100,100,91
1767630766315,91,200,true,100,100,91
1767630766315,92,200,true,100,100,92
1767630766316,92,200,true,100,100,92
1767630766317,92,200,true,100,100,92
1767630766318,92,200,true,100,100,92
1767630766319,91,200,true,100,100,91
1767630766320,91,200,true,100,100,91
1767630766321,91,200,true,100,100,91
1767630766322,91,200,true,100,100,91
1767630766323,91,200,true,100,100,91
1767630766324,91,200,true,100,100,91
1767630766325,91,200,true,100,100,91
1767630766326,91,200,true,100,100,91
1767630766327,91,200,true,100,100,91
1767630766328,91,200,true,100,100,91
1767630766328,91,200,true,100,100,91
1767630766329,91,200,true,100,100,91
1767630766330,91,200,true,100,100,91
1767630766331,91,200,true,100,100,91
1767630766332,91,200,true,100,100,91
1767630766333,91,200,true,100,100,91
1767630766334,91,200,true,100,100,91
1767630766335,91,200,true,100,100,91
1767630766336,91,200,true,100,100,91
1767630766336,92,200,true,100,100,92
1767630766337,92,200,true,100,100,92
1767630766338,92,200,true,100,100,92
1767630766339,92,200,true,100,100,92
1767630766340,91,200,true,100,100,91
1767630766341,91,200,true,100,100,91
1767630766342,91,200,true,100,100,91
1767630766343,91,200,true,100,100,91
1767630766344,91,200,true,100,100,91
1767630766345,91,200,true,100,100,91
1767630766346,91,200,true,100,100,91
1767630766347,91,200,true,100,100,91
1767630766347,92,200,true,100,100,92
1767630766348,92,200,true,100,100,92
1767630766349,92,200,true,100,100,92
1767630766350,92,200,true,100,100,92
1767630766351,91,200,true,100,100,91
1767630766352,91,200,true,100,100,91
1767630766353,91,200,true,100,100,91
1767630766354,91,200,true,100,100,91
1767630766355,91,200,true,100,100,91
1767630766356,91,200,true,100,100,91
1767630766357,91,200,true,100,100,91
1767630766358,91,200,true,100,100,91
1767630766358,92,200,true,100,100,92
1767630766359,92,200,true,100,100,92
1767630766360,91,200,true,100,100,91
1767630766361,91,200,true,100,100,91
1767630766362,91,200,true,100,100,91
1767630766363,91,200,true,100,100,91
1767630766364,91,200,true,100,100,91
1767630766365,91,200,true,100,100,91
1767630766366,91,200,true,100,100,91
1767630766367,91,200,true,100,100,91
1767630766367,92,200,true,100,100,92
1767630766368,92,200,true,100,100,92
1767630766369,92,200,true,100,100,92
1767630766370,92,200,true,100,100,92
1767630766372,91,200,true,100,100,91
1767630766372,91,200,true,100,100,91
1767630766373,91,200,true,100,100,91
1767630766374,91,200,true,100,100,91
1767630766375,91,200,true,100,100,91
1767630766376,91,200,true,100,100,91
1767630766377,91,200,true,100,100,91
1767630766378,91,200,true,100,100,91
1767630766379,91,200,true,100,100,91
1767630766380,91,200,true,100,100,91
1767630766381,91,200,true,100,100,91
1767630766382,91,200,true,100,100,91
1767630766383,91,200,true,100,100,91
1767630766383,92,200,true,100,100,92
1767630766384,92,200,true,100,100,92
1767630766385,91,200,true,100,100,91
1767630766386,91,200,true,100,100,91
1767630766387,91,200,true,100,100,91
1767630766389,90,200,true,100,100,90
1767630766389,91,200,true,100,100,91
1767630766390,91,200,true,100,100,91
1767630766391,91,200,true,100,100,91
1767630766392,91,200,true,100,100,91
1767630766393,91,200,true,100,100,91
1767630766394,91,200,true,100,100,91
1767630766395,90,200,true,100,100,90
1767630766396,90,200,true,100,100,90
1767630766397,90,200,true,100,100,90
1767630766307,181,200,true,100,100,181
1767630766398,91,200,true,100,100,91
1767630766399,91,200,true,100,100,91
1767630766400,91,200,true,100,100,91
1767630766401,91,200,true,100,100,91
1767630766402,91,200,true,100,100,91
1767630766403,91,200,true,100,100,91
1767630766404,91,200,true,100,100,91
1767630766405,91,200,true,100,100,91
1767630766406,91,200,true,100,100,91
1767630766407,90,200,true,100,100,90
1767630766408,90,200,true,100,100,90
1767630766409,90,200,true,100,100,90
1767630766410,90,200,true,100,100,90
1767630766410,91,200,true,100,100,91
1767630766411,91,200,true,100,100,91
1767630766412,91,200,true,100,100,91
1767630766413,91,200,true,100,100,91
1767630766414,91,200,true,100,100,91
1767630766415,91,200,true,100,100,91
1767630766416,91,200,true,100,100,91
1767630766417,91,200,true,100,100,91
1767630766418,91,200,true,100,100,91
1767630766419,90,200,true,100,100,90
1767630766419,91,200,true,100,100,91
1767630766420,91,200,true,100,100,91
1767630766421,91,200,true,100,100,91
1767630766423,90,200,true,100,100,90
1767630766423,91,200,true,100,100,91
1767630766424,91,200,true,100,100,91
1767630766425,91,200,true,100,100,91
1767630766426,91,200,true,100,100,91
1767630766427,90,200,true,100,100,90
1767630766428,90,200,true,100,100,90
1767630766429,90,200,true,100,100,90
1767630766430,90,200,true,100,100,90
1767630766431,90,200,true,100,100,90
1767630766432,90,200,true,100,100,90
1767630766432,91,200,true,100,100,91
1767630766433,91,200,true,100,100,91
1767630766434,91,200,true,100,100,91
1767630766435,91,200,true,100,100,91
1767630766436,91,200,true,100,100,91
1767630766437,91,200,true,100,100,91
1767630766438,91,200,true,100,100,91
1767630766439,90,200,true,100,100,90
1767630766440,90,200,true,100,100,90
1767630766441,90,200,true,100,100,90
1767630766442,90,200,true,100,100,90
1767630766442,91,200,true,100,100,91
1767630766443,91,200,true,100,100,91
1767630766444,91,200,true,100,100,91
1767630766445,91,200,true,100,100,91
1767630766446,91,200,true,100,100,91
1767630766447,91,200,true,100,100,91
1767630766448,91,200,true,100,100,91
1767630766449,91,200,true,100,100,91
1767630766450,91,200,true,100,100,91
1767630766451,91,200,true,100,100,91
1767630766452,90,200,true,100,100,90
1767630766452,91,200,true,100,100,91
1767630766453,91,200,true,100,100,91
1767630766454,91,200,true,100,100,91
1767630766455,91,200,true,100,100,91
1767630766456,91,200,true,100,100,91
1767630766457,91,200,true,100,100,91
1767630766458,91,200,true,100,100,91
1767630766459,91,200,true,100,100,91
1767630766460,90,200,true,100,100,90
1767630766461,90,200,true,100,100,90
1767630766462,90,200,true,100,100,90
1767630766463,90,200,true,100,100,90
1767630766464,90,200,true,100,100,90
1767630766464,92,200,true,100,100,92
1767630766465,91,200,true,100,100,91
1767630766466,91,200,true,100,100,91
1767630766467,91,200,true,100,100,91
1767630766468,91,200,true,100,100,91
1767630766469,91,200,true,100,100,91
1767630766470,91,200,true,100,100,91
1767630766471,91,200,true,100,100,91
1767630766472,91,200,true,100,100,91
1767630766473,90,200,true,100,100,90
1767630766474,90,200,true,100,100,90
1767630766475,90,200,true,100,100,90
1767630766476,90,200,true,100,100,90
1767630766477,90,200,true,100,100,90
1767630766477,91,200,true,100,100,91
1767630766478,91,200,true,100,100,91
1767630766479,91,200,true,100,100,91
1767630766480,91,200,true,100,100,91
1767630766481,91,200,true,100,100,91
1767630766482,91,200,true,100,100,91
1767630766483,91,200,true,100,100,91
1767630766484,91,200,true,100,100,91
1767630766485,91,200,true,100,100,91
1767630766485,91,200,true,100,100,91
1767630766486,91,200,true,100,100,91
1767630766487,91,200,true,100,100,91
1767630766397,182,200,true,100,100,182
1767630766489,91,200,true,100,100,91
1767630766490,91,200,true,100,100,91
1767630766491,91,200,true,100,100,91
1767630766492,91,200,true,100,100,91
1767630766493,91,200,true,100,100,91
1767630766494,91,200,true,100,100,91
1767630766495,91,200,true,100,100,91
1767630766496,90,200,true,100,100,90
1767630766497,90,200,true,100,100,90
1767630766497,91,200,true,100,100,91
1767630766498,91,200,true,100,100,91
1767630766499,91,200,true,100,100,91
1767630766500,91,200,true,100,100,91
1767630766501,91,200,true,100,100,91
1767630766502,91,200,true,100,100,91
1767630766503,91,200,true,100,100,91
1767630766504,91,200,true,100,100,91
1767630766505,91,200,true,100,100,91
1767630766506,91,200,true,100,100,91
1767630766507,90,200,true,100,100,90
1767630766508,90,200,true,100,100,90
1767630766509,90,200,true,100,100,90
1767630766509,91,200,true,100,100,91
1767630766510,91,200,true,100,100,91
1767630766511,91,200,true,100,100,91
1767630766512,91,200,true,100,100,91
1767630766513,91,200,true,100,100,91
1767630766514,91,200,true,100,100,91
1767630766515,91,200,true,100,100,91
1767630766516,91,200,true,100,100,91
1767630766517,91,200,true,100,100,91
1767630766518,91,200,true,100,100,91
1767630766518,91,200,true,100,100,91
1767630766519,91,200,true,100,100,91
1767630766520,91,200,true,100,100,91
1767630766521,91,200,true,100,100,91
1767630766522,91,200,true,100,100,91
1767630766523,91,200,true,100,100,91
1767630766524,91,200,true,100,100,91
1767630766525,91,200,true,100,100,91
1767630766526,91,200,true,100,100,91
1767630766527,90,200,true,100,100,90
1767630766528,90,200,true,100,100,90
1767630766529,90,200,true,100,100,90
1767630766529,91,200,true,100,100,91
1767630766530,91,200,true,100,100,91
1767630766531,91,200,true,100,100,91
1767630766532,91,200,true,100,100,91
1767630766533,91,200,true,100,100,91
1767630766534,91,200,true,100,100,91
1767630766535,91,200,true,100,100,91
1767630766536,91,200,true,100,100,91
1767630766537,91,200,true,100,100,91
1767630766538,91,200,true,100,100,91
1767630766539,90,200,true,100,100,90
1767630766540,90,200,true,100,100,90
1767630766541,90,200,true,100,100,90
1767630766542,90,200,true,100,100,90
1767630766542,91,200,true,100,100,91
1767630766543,91,200,true,100,100,91
1767630766544,91,200,true,100,100,91
1767630766545,91,200,true,100,100,91
1767630766546,91,200,true,100,100,91
1767630766547,91,200,true,100,100,91
1767630766548,90,200,true,100,100,90
1767630766549,91,200,true,100,100,91
1767630766550,91,200,true,100,100,91
1767630766550,91,200,true,100,100,91
1767630766551,91,200,true,100,100,91
1767630766552,91,200,true,100,100,91
1767630766553,91,200,true,100,100,91
1767630766554,91,200,true,100,100,91
1767630766556,90,200,true,100,100,90
1767630766556,91,200,true,100,100,91
1767630766557,91,200,true,100,100,91
1767630766558,91,200,true,100,100,91
1767630766559,91,200,true,100,100,91
1767630766560,91,200,true,100,100,91
1767630766561,90,200,true,100,100,90
1767630766562,90,200,true,100,100,90
1767630766563,90,200,true,100,100,90
1767630766563,91,200,true,100,100,91
1767630766564,91,200,true,100,100,91
1767630766565,91,200,true,100,100,91
1767630766566,91,200,true,100,100,91
1767630766567,91,200,true,100,100,91
1767630766568,91,200,true,100,100,91
1767630766569,91,200,true,100,100,91
1767630766570,91,200,true,100,100,91
1767630766571,91,200,true,100,100,91
1767630766572,91,200,true,100,100,91
1767630766573,90,200,true,100,100,90
1767630766574,90,200,true,100,100,90
1767630766575,91,200,true,100,100,91
1767630766576,90,200,true,100,100,90
1767630766577,90,200,true,100,100,90
1767630766577,91,200,true,100,100,91
1767630766578,91,200,true,100,100,91
1767630766489,181,200,true,100,100,181
1767630766580,91,200,true,100,100,91
1767630766581,91,200,true,100,100,91
1767630766582,91,200,true,100,100,91
1767630766583,91,200,true,100,100,91
1767630766584,91,200,true,100,100,91
1767630766585,91,200,true,100,100,91
1767630766586,90,200,true,100,100,90
1767630766586,91,200,true,100,100,91
1767630766587,91,200,true,100,100,91
1767630766588,91,200,true,100,100,91
1767630766589,91,200,true,100,100,91
1767630766590,91,200,true,100,100,91
1767630766591,91,200,true,100,100,91
1767630766592,91,200,true,100,100,91
1767630766593,91,200,true,100,100,91
1767630766594,90,200,true,100,100,90
1767630766595,90,200,true,100,100,90
1767630766596,90,200,true,100,100,90
1767630766597,90,200,true,100,100,90
1767630766597,91,200,true,100,100,91
1767630766598,91,200,true,100,100,91
1767630766599,91,200,true,100,100,91
1767630766600,91,200,true,100,100,91
1767630766601,91,200,true,100,100,91
1767630766602,91,200,true,100,100,91
1767630766603,91,200,true,100,100,91
1767630766604,91,200,true,100,100,91
1767630766605,90,200,true,100,100,90
1767630766606,90,200,true,100,100,90
1767630766607,90,200,true,100,100,90
1767630766608,90,200,true,100,100,90
1767630766609,90,200,true,100,100,90
1767630766609,91,200,true,100,100,91
1767630766610,91,200,true,100,100,91
1767630766611,91,200,true,100,100,91
1767630766612,91,200,true,100,100,91
1767630766613,91,200,true,100,100,91
1767630766614,91,200,true,100,100,91
1767630766615,91,200,true,100,100,91
1767630766616,91,200,true,100,100,91
1767630766617,91,200,true,100,100,91
1767630766617,91,200,true,100,100,91
1767630766618,91,200,true,100,100,91
1767630766619,91,200,true,100,100,91
1767630766620,91,200,true,100,100,91
1767630766621,91,200,true,100,100,91
1767630766622,91,200,true,100,100,91
1767630766623,91,200,true,100,100,91
1767630766624,91,200,true,100,100,91
1767630766625,91,200,true,100,100,91
1767630766626,90,200,true,100,100,90
1767630766627,90,200,true,100,100,90
1767630766628,90,200,true,100,100,90
1767630766629,90,200,true,100,100,90
1767630766630,90,200,true,100,100,90
1767630766630,91,200,true,100,100,91
1767630766631,91,200,true,100,100,91
1767630766632,91,200,true,100,100,91
1767630766633,91,200,true,100,100,91
1767630766634,91,200,true,100,100,91
1767630766635,91,200,true,100,100,91
1767630766636,91,200,true,100,100,91
1767630766637,91,200,true,100,100,91
1767630766638,91,200,true,100,100,91
1767630766638,92,200,true,100,100,92
1767630766640,90,200,true,100,100,90
1767630766641,90,200,true,100,100,90
1767630766642,90,200,true,100,100,90
1767630766642,91,200,true,100,100,91
1767630766643,91,200,true,100,100,91
1767630766644,91,200,true,100,100,91
1767630766645,91,200,true,100,100,91
1767630766646,91,200,true,100,100,91
1767630766647,91,200,true,100,100,91
1767630766648,91,200,true,100,100,91
1767630766649,91,200,true,100,100,91
1767630766650,91,200,true,100,100,91
1767630766651,91,200,true,100,100,91
1767630766652,91,200,true,100,100,91
1767630766652,92,200,true,100,100,92
1767630766653,91,200,true,100,100,91
1767630766654,91,200,true,100,100,91
1767630766655,91,200,true,100,100,91
1767630766656,91,200,true,100,100,91
1767630766657,91,200,true,100,100,91
1767630766658,91,200,true,100,100,91
1767630766659,91,200,true,100,100,91
1767630766660,91,200,true,100,100,91
1767630766661,91,200,true,100,100,91
1767630766662,91,200,true,100,100,91
1767630766663,90,200,true,100,100,90
1767630766664,90,200,true,100,100,90
1767630766664,91,200,true,100,100,91
1767630766666,91,200,true,100,100,91
1767630766666,91,200,true,100,100,91
1767630766667,91,200,true,100,100,91
1767630766668,91,200,true,100,100,91
1767630766669,91,200,true,100,100,91
1767630766579,182,200,true,100,100,182
1767630766671,91,200,true,100,100,91
1767630766672,91,200,true,100,100,91
1767630766673,91,200,true,100,100,91
1767630766674,91,200,true,100,100,91
1767630766675,91,200,true,100,100,91
1767630766676,91,200,true,100,100,91
1767630766677,91,200,true,100,100,91
1767630766677,92,200,true,100,100,92
1767630766678,91,200,true,100,100,91
1767630766679,91,200,true,100,100,91
1767630766680,91,200,true,100,100,91
1767630766681,91,200,true,100,100,91
1767630766682,91,200,true,100,100,91
1767630766683,92,200,true,100,100,92
1767630766684,92,200,true,100,100,92
1767630766684,92,200,true,100,100,92
1767630766685,92,200,true,100,100,92
1767630766686,92,200,true,100,100,92
1767630766687,92,200,true,100,100,92
1767630766688,92,200,true,100,100,92
1767630766689,92,200,true,100,100,92
1767630766690,92,200,true,100,100,92
1767630766691,92,200,true,100,100,92
1767630766692,92,200,true,100,100,92
1767630766693,92,200,true,100,100,92
1767630766694,91,200,true,100,100,91
1767630766695,91,200,true,100,100,91
1767630766696,91,200,true,100,100,91
1767630766696,92,200,true,100,100,92
1767630766697,92,200,true,100,100,92
1767630766698,92,200,true,100,100,92
1767630766699,92,200,true,100,100,92
1767630766700,92,200,true,100,100,92
1767630766701,92,200,true,100,100,92
1767630766702,92,200,true,100,100,92
1767630766703,92,200,true,100,100,92
1767630766704,92,200,true,100,100,92
1767630766705,92,200,true,100,100,92
1767630766706,92,200,true,100,100,92
1767630766707,91,200,true,100,100,91
1767630766708,91,200,true,100,100,91
1767630766709,91,200,true,100,100,91
1767630766709,92,200,true,100,100,92
1767630766710,92,200,true,100,100,92
1767630766711,92,200,true,100,100,92
1767630766712,92,200,true,100,100,92
1767630766713,92,200,true,100,100,92
1767630766714,92,200,true,100,100,92
1767630766715,92,200,true,100,100,92
1767630766716,92,200,true,100,100,92
1767630766717,92,200,true,100,100,92
1767630766717,93,200,true,100,100,93
1767630766718,93,200,true,100,100,93
1767630766719,92,200,true,100,100,92
1767630766720,92,200,true,100,100,92
1767630766721,92,200,true,100,100,92
1767630766722,92,200,true,100,100,92
1767630766723,92,200,true,100,100,92
1767630766724,92,200,true,100,100,92
1767630766725,92,200,true,100,100,92
1767630766726,92,200,true,100,100,92
1767630766727,92,200,true,100,100,92
1767630766728,92,200,true,100,100,92
1767630766729,91,200,true,100,100,91
1767630766730,91,200,true,100,100,91
1767630766730,92,200,true,100,100,92
1767630766731,92,200,true,100,100,92
1767630766732,92,200,true,100,100,92
1767630766733,92,200,true,100,100,92
1767630766734,92,200,true,100,100,92
1767630766735,92,200,true,100,100,92
1767630766736,92,200,true,100,100,92
1767630766737,92,200,true,100,100,92
1767630766738,92,200,true,100,100,92
1767630766739,92,200,true,100,100,92
1767630766740,92,200,true,100,100,92
1767630766741,92,200,true,100,100,92
1767630766742,92,200,true,100,100,92
1767630766743,91,200,true,100,100,91
1767630766744,91,200,true,100,100,91
1767630766744,92,200,true,100,100,92
1767630766745,92,200,true,100,100,92
1767630766746,92,200,true,100,100,92
1767630766747,92,200,true,100,100,92
1767630766748,92,200,true,100,100,92
1767630766749,92,200,true,100,100,92
1767630766750,92,200,true,100,100,92
1767630766751,93,200,true,100,100,93
1767630766752,92,200,true,100,100,92
1767630766753,92,200,true,100,100,92
1767630766754,92,200,true,100,100,92
1767630766754,93,200,true,100,100,93
1767630766755,93,200,true,100,100,93
1767630766757,92,200,true,100,100,92
1767630766758,92,200,true,100,100,92
1767630766758,92,200,true,100,100,92
1767630766759,92,200,true,100,100,92
1767630766760,92,200,true,100,100,92
1767630766670,183,200,true,100,100,183
1767630766762,92,200,true,100,100,92
1767630766763,92,200,true,100,100,92
1767630766764,92,200,true,100,100,92
1767630766765,92,200,true,100,100,92
1767630766766,92,200,true,100,100,92
1767630766767,92,200,true,100,100,92
1767630766768,92,200,true,100,100,92
1767630766769,92,200,true,100,100,92
1767630766769,93,200,true,100,100,93
1767630766770,93,200,true,100,100,93
1767630766771,93,200,true,100,100,93
1767630766772,93,200,true,100,100,93
1767630766773,93,200,true,100,100,93
1767630766775,91,200,true,100,100,91
1767630766776,91,200,true,100,100,91
1767630766776,92,200,true,100,100,92
1767630766777,92,200,true,100,100,92
1767630766778,92,200,true,100,100,92
1767630766779,92,200,true,100,100,92
1767630766780,92,200,true,100,100,92
1767630766781,92,200,true,100,100,92
1767630766782,92,200,true,100,100,92
1767630766783,92,200,true,100,100,92
1767630766784,92,200,true,100,100,92
1767630766785,92,200,true,100,100,92
1767630766786,92,200,true,100,100,92
1767630766786,93,200,true,100,100,93
1767630766787,93,200,true,100,100,93
1767630766788,92,200,true,100,100,92
1767630766789,92,200,true,100,100,92
1767630766790,92,200,true,100,100,92
1767630766791,92,200,true,100,100,92
1767630766792,92,200,true,100,100,92
1767630766793,92,200,true,100,100,92
1767630766794,92,200,true,100,100,92
1767630766795,92,200,true,100,100,92
1767630766796,92,200,true,100,100,92
1767630766797,92,200,true,100,100,92
1767630766798,91,200,true,100,100,91
1767630766798,92,200,true,100,100,92
1767630766799,92,200,true,100,100,92
1767630766800,93,200,true,100,100,93
1767630766801,92,200,true,100,100,92
1767630766802,92,200,true,100,100,92
1767630766803,92,200,true,100,100,92
1767630766804,92,200,true,100,100,92
1767630766805,92,200,true,100,100,92
1767630766806,92,200,true,100,100,92
1767630766807,92,200,true,100,100,92
1767630766808,92,200,true,100,100,92
1767630766809,92,200,true,100,100,92
1767630766810,92,200,true,100,100,92
1767630766811,91,200,true,100,100,91
1767630766811,92,200,true,100,100,92
1767630766812,92,200,true,100,100,92
1767630766813,92,200,true,100,100,92
1767630766814,92,200,true,100,100,92
1767630766815,92,200,true,100,100,92
1767630766816,92,200,true,100,100,92
1767630766817,92,200,true,100,100,92
1767630766818,92,200,true,100,100,92
1767630766819,92,200,true,100,100,92
1767630766820,92,200,true,100,100,92
1767630766820,93,200,true,100,100,93
1767630766821,93,200,true,100,100,93
1767630766822,92,200,true,100,100,92
1767630766823,92,200,true,100,100,92
1767630766825,91,200,true,100,100,91
1767630766825,92,200,true,100,100,92
1767630766826,92,200,true,100,100,92
1767630766827,92,200,true,100,100,92
1767630766828,92,200,true,100,100,92
1767630766829,92,200,true,100,100,92
1767630766830,92,200,true,100,100,92
1767630766831,92,200,true,100,100,92
1767630766832,92,200,true,100,100,92
1767630766833,92,200,true,100,100,92
1767630766834,91,200,true,100,100,91
1767630766834,93,200,true,100,100,93
1767630766835,93,200,true,100,100,93
1767630766836,93,200,true,100,100,93
1767630766837,92,200,true,100,100,92
1767630766838,92,200,true,100,100,92
1767630766839,92,200,true,100,100,92
1767630766840,92,200,true,100,100,92
1767630766841,92,200,true,100,100,92
1767630766842,92,200,true,100,100,92
1767630766844,91,200,true,100,100,91
1767630766844,92,200,true,100,100,92
1767630766845,92,200,true,100,100,92
1767630766846,91,200,true,100,100,91
1767630766847,91,200,true,100,100,91
1767630766848,91,200,true,100,100,91
1767630766849,91,200,true,100,100,91
1767630766850,91,200,true,100,100,91
1767630766850,92,200,true,100,100,92
1767630766851,92,200,true,100,100,92
1767630766852,92,200,true,100,100,92
1767630766761,184,200,true,100,100,184
1767630766854,92,200,true,100,100,92
1767630766855,92,200,true,100,100,92
1767630766856,92,200,true,100,100,92
1767630766857,92,200,true,100,100,92
1767630766858,92,200,true,100,100,92
1767630766859,91,200,true,100,100,91
1767630766860,91,200,true,100,100,91
1767630766861,91,200,true,100,100,91
1767630766862,91,200,true,100,100,91
1767630766863,91,200,true,100,100,91
1767630766864,91,200,true,100,100,91
1767630766865,91,200,true,100,100,91
1767630766866,91,200,true,100,100,91
1767630766866,92,200,true,100,100,92
1767630766867,91,200,true,100,100,91
1767630766868,92,200,true,100,100,92
1767630766869,92,200,true,100,100,92
1767630766870,91,200,true,100,100,91
1767630766871,91,200,true,100,100,91
1767630766872,91,200,true,100,100,91
1767630766873,91,200,true,100,100,91
1767630766874,91,200,true,100,100,91
1767630766875,91,200,true,100,100,91
1767630766876,91,200,true,100,100,91
1767630766877,91,200,true,100,100,91
1767630766878,91,200,true,100,100,91
1767630766879,91,200,true,100,100,91
1767630766880,90,200,true,100,100,90
1767630766880,91,200,true,100,100,91
1767630766881,91,200,true,100,100,91
1767630766882,91,200,true,100,100,91
1767630766883,91,200,true,100,100,91
1767630766884,91,200,true,100,100,91
1767630766885,91,200,true,100,100,91
1767630766886,91,200,true,100,100,91
1767630766887,91,200,true,100,100,91
1767630766888,91,200,true,100,100,91
1767630766889,91,200,true,100,100,91
1767630766889,92,200,true,100,100,92
1767630766890,92,200,true,100,100,92
1767630766891,91,200,true,100,100,91
1767630766893,90,200,true,100,100,90
1767630766893,91,200,true,100,100,91
1767630766894,91,200,true,100,100,91
1767630766895,91,200,true,100,100,91
1767630766896,91,200,true,100,100,91
1767630766897,91,200,true,100,100,91
1767630766898,91,200,true,100,100,91
1767630766899,91,200,true,100,100,91
1767630766900,91,200,true,100,100,91
1767630766901,90,200,true,100,100,90
1767630766902,90,200,true,100,100,90
1767630766902,92,200,true,100,100,92
1767630766903,91,200,true,100,100,91
1767630766904,91,200,true,100,100,91
1767630766905,91,200,true,100,100,91
1767630766906,91,200,true,100,100,91
1767630766907,91,200,true,100,100,91
1767630766908,91,200,true,100,100,91
1767630766909,91,200,true,100,100,91
1767630766910,91,200,true,100,100,91
1767630766911,91,200,true,100,100,91
1767630766912,91,200,true,100,100,91
1767630766913,90,200,true,100,100,90
1767630766914,90,200,true,100,100,90
1767630766915,90,200,true,100,100,90
1767630766915,91,200,true,100,100,91
1767630766916,91,200,true,100,100,91
1767630766917,91,200,true,100,100,91
1767630766918,91,200,true,100,100,91
1767630766919,91,200,true,100,100,91
1767630766920,91,200,true,100,100,91
1767630766921,91,200,true,100,100,91
1767630766922,91,200,true,100,100,91
1767630766923,91,200,true,100,100,91
1767630766924,91,200,true,100,100,91
1767630766925,91,200,true,100,100,91
1767630766925,92,200,true,100,100,92
1767630766927,90,200,true,100,100,90
1767630766928,90,200,true,100,100,90
1767630766929,90,200,true,100,100,90
1767630766929,91,200,true,100,100,91
1767630766930,91,200,true,100,100,91
1767630766931,91,200,true,100,100,91
1767630766932,91,200,true,100,100,91
1767630766933,91,200,true,100,100,91
1767630766934,91,200,true,100,100,91
1767630766935,90,200,true,100,100,90
1767630766936,91,200,true,100,100,91
1767630766937,91,200,true,100,100,91
1767630766937,92,200,true,100,100,92
1767630766938,91,200,true,100,100,91
1767630766939,91,200,true,100,100,91
1767630766940,91,200,true,100,100,91
1767630766941,91,200,true,100,100,91
1767630766942,91,200,true,100,100,91
1767630766943,91,200,true,100,100,91
1767630766944,91,200,true,100,100,91
1767630766853,183,200,true,100,100,183
1767630766946,91,200,true,100,100,91
1767630766947,91,200,true,100,100,91
1767630766948,90,200,true,100,100,90
1767630766949,90,200,true,100,100,90
1767630766950,90,200,true,100,100,90
1767630766950,91,200,true,100,100,91
1767630766951,91,200,true,100,100,91
1767630766952,91,200,true,100,100,91
1767630766953,91,200,true,100,100,91
1767630766954,91,200,true,100,100,91
1767630766955,91,200,true,100,100,91
1767630766956,91,200,true,100,100,91
1767630766957,91,200,true,100,100,91
1767630766958,91,200,true,100,100,91
1767630766959,91,200,true,100,100,91
1767630766960,90,200,true,100,100,90
1767630766961,91,200,true,100,100,91
1767630766962,90,200,true,100,100,90
1767630766962,91,200,true,100,100,91
1767630766963,91,200,true,100,100,91
1767630766964,91,200,true,100,100,91
1767630766965,91,200,true,100,100,91
1767630766966,91,200,true,100,100,91
1767630766967,91,200,true,100,100,91
1767630766968,91,200,true,100,100,91
1767630766969,91,200,true,100,100,91
1767630766970,91,200,true,100,100,91
1767630766971,91,200,true,100,100,91
1767630766971,92,200,true,100,100,92
1767630766972,92,200,true,100,100,92
1767630766973,91,200,true,100,100,91
1767630766974,91,200,true,100,100,91
1767630766975,91,200,true,100,100,91
1767630766976,91,200,true,100,100,91
1767630766977,91,200,true,100,100,91
1767630766978,91,200,true,100,100,91
1767630766979,91,200,true,100,100,91
1767630766980,91,200,true,100,100,91
1767630766981,91,200,true,100,100,91
1767630766982,90,200,true,100,100,90
1767630766982,91,200,true,100,100,91
1767630766983,91,200,true,100,100,91
1767630766984,91,200,true,100,100,91
1767630766985,91,200,true,100,100,91
1767630766986,91,200,true,100,100,91
1767630766987,91,200,true,100,100,91
1767630766988,91,200,true,100,100,91
1767630766989,91,200,true,100,100,91
1767630766990,91,200,true,100,100,91
1767630766991,91,200,true,100,100,91
1767630766991,92,200,true,100,100,91
1767630766992,91,200,true,100,100,91
1767630766994,90,200,true,100,100,90
1767630766994,91,200,true,100,100,91
1767630766995,91,200,true,100,100,91
1767630766996,91,200,true,100,100,91
1767630766997,91,200,true,100,100,91
1767630766998,91,200,true,100,100,91
1767630766999,91,200,true,100,100,91
1767630767000,91,200,true,100,100,91
1767630767001,91,200,true,100,100,91
1767630767002,90,200,true,100,100,90
1767630767003,91,200,true,100,100,91
1767630767003,91,200,true,100,100,91
1767630767004,91,200,true,100,100,91
1767630767005,91,200,true,100,100,91
1767630767006,91,200,true,100,100,91
1767630767007,91,200,true,100,100,91
1767630767008,91,200,true,100,100,91
1767630767009,91,200,true,100,100,91
1767630767010,91,200,true,100,100,91
1767630767011,91,200,true,100,100,91
1767630767012,91,200,true,100,100,91
1767630767013,90,200,true,100,100,90
1767630767014,90,200,true,100,100,90
1767630767015,90,200,true,100,100,90
1767630767016,90,200,true,100,100,90
1767630767017,90,200,true,100,100,90
1767630767017,91,200,true,100,100,91
1767630767018,91,200,true,100,100,91
1767630767019,91,200,true,100,100,91
1767630767020,91,200,true,100,100,91
1767630767021,91,200,true,100,100,91
1767630767022,91,200,true,100,100,91
1767630767023,91,200,true,100,100,91
1767630767024,91,200,true,100,100,91
1767630767025,91,200,true,100,100,91
1767630767026,90,200,true,100,100,90
1767630767027,90,200,true,100,100,90
1767630767028,90,200,true,100,100,90
1767630767029,90,200,true,100,100,90
1767630767029,91,200,true,100,100,91
1767630767030,91,200,true,100,100,91
1767630767031,91,200,true,100,100,91
1767630767032,91,200,true,100,100,91
1767630767033,91,200,true,100,100,91
1767630767034,90,200,true,100,100,90
1767630767035,90,200,true,100,100,90
1767630766945,182,200,true,100,100,182
1767630767037,91,200,true,100,100,91
1767630767038,90,200,true,100,100,90
1767630767038,91,200,true,100,100,91
1767630767039,91,200,true,100,100,91
1767630767040,91,200,true,100,100,91
1767630767041,91,200,true,100,100,91
1767630767042,91,200,true,100,100,91
1767630767043,91,200,true,100,100,91
1767630767044,91,200,true,100,100,91
1767630767045,91,200,true,100,100,91
1767630767046,90,200,true,100,100,90
1767630767047,90,200,true,100,100,90
1767630767048,90,200,true,100,100,90
1767630767049,90,200,true,100,100,90
1767630767050,90,200,true,100,100,90
1767630767051,90,200,true,100,100,90
1767630767052,90,200,true,100,100,90
1767630767053,90,200,true,100,100,90
1767630767053,91,200,true,100,100,91
1767630767054,91,200,true,100,100,91
1767630767055,91,200,true,100,100,91
1767630767056,91,200,true,100,100,91
1767630767057,91,200,true,100,100,91
1767630767058,90,200,true,100,100,90
1767630767059,90,200,true,100,100,90
1767630767060,90,200,true,100,100,90
1767630767061,90,200,true,100,100,90
1767630767062,90,200,true,100,100,90
1767630767063,90,200,true,100,100,90
1767630767064,90,200,true,100,100,90
1767630767064,91,200,true,100,100,91
1767630767065,91,200,true,100,100,91
1767630767066,90,200,true,100,100,90
1767630767067,90,200,true,100,100,90
1767630767068,90,200,true,100,100,90
1767630767069,90,200,true,100,100,90
1767630767070,90,200,true,100,100,90
1767630767071,90,200,true,100,100,90
1767630767072,90,200,true,100,100,90
1767630767072,91,200,true,100,100,91
1767630767073,91,200,true,100,100,91
1767630767074,91,200,true,100,100,91
1767630767075,91,200,true,100,100,91
1767630767076,91,200,true,100,100,91
1767630767077,91,200,true,100,100,91
1767630767078,90,200,true,100,100,90
1767630767079,90,200,true,100,100,90
1767630767080,90,200,true,100,100,90
1767630767081,90,200,true,100,100,90
1767630767082,90,200,true,100,100,90
1767630767083,90,200,true,100,100,90
1767630767083,91,200,true,100,100,91
1767630767084,91,200,true,100,100,91
1767630767085,91,200,true,100,100,91
1767630767086,91,200,true,100,100,91
1767630767087,91,200,true,100,100,91
1767630767088,91,200,true,100,100,91
1767630767089,91,200,true,100,100,91
1767630767090,90,200,true,100,100,90
1767630767091,90,200,true,100,100,90
1767630767092,90,200,true,100,100,90
1767630767092,91,200,true,100,100,91
1767630767094,90,200,true,100,100,90
1767630767094,91,200,true,100,100,91
1767630767095,91,200,true,100,100,91
1767630767096,91,200,true,100,100,91
1767630767097,90,200,true,100,100,90
1767630767098,90,200,true,100,100,90
1767630767099,90,200,true,100,100,90
1767630767100,90,200,true,100,100,90
1767630767101,90,200,true,100,100,90
1767630767102,90,200,true,100,100,90
1767630767103,90,200,true,100,100,90
1767630767104,90,200,true,100,100,90
1767630767104,91,200,true,100,100,91
1767630767105,91,200,true,100,100,91
1767630767106,91,200,true,100,100,91
1767630767107,91,200,true,100,100,91
1767630767108,91,200,true,100,100,91
1767630767109,90,200,true,100,100,90
1767630767110,90,200,true,100,100,90
1767630767111,90,200,true,100,100,90
1767630767112,90,200,true,100,100,90
1767630767113,90,200,true,100,100,90
1767630767114,90,200,true,100,100,90
1767630767115,90,200,true,100,100,90
1767630767116,90,200,true,100,100,90
1767630767116,91,200,true,100,100,91
1767630767117,91,200,true,100,100,91
1767630767118,91,200,true,100,100,91
1767630767119,91,200,true,100,100,91
1767630767120,91,200,true,100,100,91
1767630767121,90,200,true,100,100,90
1767630767122,90,200,true,100,100,90
1767630767123,90,200,true,100,100,90
1767630767124,90,200,true,100,100,90
1767630767124,91,200,true,100,100,91
1767630767125,91,200,true,100,100,91
1767630767036,181,200,true,100,100,181
1767630767128,90,200,true,100,100,90
1767630767128,91,200,true,100,100,91
1767630767129,91,200,true,100,100,91
1767630767130,91,200,true,100,100,91
1767630767131,90,200,true,100,100,90
1767630767132,90,200,true,100,100,90
1767630767133,90,200,true,100,100,90
1767630767134,90,200,true,100,100,90
1767630767135,90,200,true,100,100,90
1767630767136,90,200,true,100,100,90
1767630767136,91,200,true,100,100,91
1767630767137,91,200,true,100,100,91
1767630767138,91,200,true,100,100,91
1767630767139,91,200,true,100,100,91
1767630767140,91,200,true,100,100,91
1767630767141,91,200,true,100,100,91
1767630767142,91,200,true,100,100,91
1767630767143,90,200,true,100,100,90
1767630767144,90,200,true,100,100,90
1767630767145,90,200,true,100,100,90
1767630767146,90,200,true,100,100,90
1767630767147,90,200,true,100,100,90
1767630767148,90,200,true,100,100,90
1767630767148,91,200,true,100,100,91
1767630767149,91,200,true,100,100,91
1767630767150,91,200,true,100,100,91
1767630767151,90,200,true,100,100,90
1767630767152,90,200,true,100,100,90
1767630767153,91,200,true,100,100,91
1767630767154,91,200,true,100,100,91
1767630767155,90,200,true,100,100,90
1767630767156,90,200,true,100,100,90
1767630767156,91,200,true,100,100,91
1767630767157,91,200,true,100,100,91
1767630767158,91,200,true,100,100,91
1767630767159,91,200,true,100,100,91
1767630767160,91,200,true,100,100,91
1767630767161,91,200,true,100,100,91
1767630767162,91,200,true,100,100,91
1767630767163,90,200,true,100,100,90
1767630767164,90,200,true,100,100,90
1767630767165,90,200,true,100,100,90
1767630767166,90,200,true,100,100,90
1767630767167,90,200,true,100,100,90
1767630767168,90,200,true,100,100,90
1767630767168,91,200,true,100,100,91
1767630767169,91,200,true,100,100,91
1767630767170,91,200,true,100,100,91
1767630767171,91,200,true,100,100,91
1767630767172,91,200,true,100,100,91
1767630767173,91,200,true,100,100,91
1767630767174,91,200,true,100,100,91
1767630767175,91,200,true,100,100,91
1767630767176,91,200,true,100,100,91
1767630767177,90,200,true,100,100,90
1767630767178,90,200,true,100,100,90
1767630767179,90,200,true,100,100,90
1767630767180,90,200,true,100,100,90
1767630767180,91,200,true,100,100,91
1767630767181,91,200,true,100,100,91
1767630767182,91,200,true,100,100,91
1767630767183,91,200,true,100,100,91
1767630767184,91,200,true,100,100,91
1767630767185,91,200,true,100,100,91
1767630767186,91,200,true,100,100,91
1767630767187,91,200,true,100,100,91
1767630767187,92,200,true,100,100,92
1767630767188,92,200,true,100,100,92
1767630767189,91,200,true,100,100,91
1767630767190,91,200,true,100,100,91
1767630767191,91,200,true,100,100,91
1767630767192,91,200,true,100,100,91
1767630767193,91,200,true,100,100,91
1767630767194,91,200,true,100,100,91
1767630767195,91,200,true,100,100,91
1767630767196,91,200,true,100,100,91
1767630767197,91,200,true,100,100,91
1767630767198,90,200,true,100,100,90
1767630767199,90,200,true,100,100,90
1767630767200,90,200,true,100,100,90
1767630767200,91,200,true,100,100,91
1767630767201,91,200,true,100,100,91
1767630767202,91,200,true,100,100,91
1767630767203,91,200,true,100,100,91
1767630767204,91,200,true,100,100,91
1767630767205,91,200,true,100,100,91
1767630767206,91,200,true,100,100,91
1767630767207,91,200,true,100,100,91
1767630767208,91,200,true,100,100,91
1767630767209,91,200,true,100,100,91
1767630767210,91,200,true,100,100,91
1767630767211,90,200,true,100,100,90
1767630767211,91,200,true,100,100,91
1767630767212,91,200,true,100,100,91
1767630767213,91,200,true,100,100,91
1767630767214,91,200,true,100,100,91
1767630767215,91,200,true,100,100,91
1767630767216,91,200,true,100,100,91
1767630767127,181,200,true,100,100,181
1767630767218,93,200,true,100,100,93
1767630767219,94,200,true,100,100,94
1767630767220,95,200,true,100,100,95
1767630767221,97,200,true,100,100,97
1767630767222,97,200,true,100,100,97
1767630767222,98,200,true,100,100,98
1767630767223,98,200,true,100,100,98
1767630767224,98,200,true,100,100,98
1767630767225,98,200,true,100,100,98
1767630767226,98,200,true,100,100,98
1767630767227,98,200,true,100,100,98
1767630767228,98,200,true,100,100,98
1767630767229,98,200,true,100,100,98
1767630767230,98,200,true,100,100,98
1767630767231,97,200,true,100,100,97
1767630767232,97,200,true,100,100,97
1767630767233,97,200,true,100,100,97
1767630767234,97,200,true,100,100,97
1767630767234,98,200,true,100,100,98
1767630767235,98,200,true,100,100,98
1767630767236,98,200,true,100,100,98
1767630767237,98,200,true,100,100,98
1767630767238,98,200,true,100,100,98
1767630767239,98,200,true,100,100,98
1767630767240,98,200,true,100,100,98
1767630767241,98,200,true,100,100,98
1767630767242,97,200,true,100,100,97
1767630767242,98,200,true,100,100,98
1767630767244,97,200,true,100,100,97
1767630767245,97,200,true,100,100,97
1767630767245,98,200,true,100,100,98
1767630767246,98,200,true,100,100,98
1767630767247,98,200,true,100,100,98
1767630767248,98,200,true,100,100,98
1767630767249,98,200,true,100,100,98
1767630767250,98,200,true,100,100,98
1767630767251,97,200,true,100,100,97
1767630767252,97,200,true,100,100,97
1767630767253,97,200,true,100,100,97
1767630767254,97,200,true,100,100,97
1767630767254,98,200,true,100,100,98
1767630767255,98,200,true,100,100,98
1767630767256,98,200,true,100,100,98
1767630767257,98,200,true,100,100,98
1767630767258,98,200,true,100,100,98
1767630767259,98,200,true,100,100,98
1767630767260,98,200,true,100,100,98
1767630767261,98,200,true,100,100,98
1767630767262,97,200,true,100,100,97
1767630767263,97,200,true,100,100,97
1767630767264,97,200,true,100,100,97
1767630767265,97,200,true,100,100,97
1767630767266,97,200,true,100,100,97
1767630767267,97,200,true,100,100,97
1767630767267,98,200,true,100,100,98
1767630767268,98,200,true,100,100,98
1767630767269,98,200,true,100,100,98
1767630767270,98,200,true,100,100,98
1767630767271,98,200,true,100,100,98
1767630767272,98,200,true,100,100,98
1767630767273,97,200,true,100,100,97
1767630767274,97,200,true,100,100,97
1767630767275,97,200,true,100,100,97
1767630767276,97,200,true,100,100,97
1767630767277,97,200,true,100,100,97
1767630767278,97,200,true,100,100,97
1767630767279,97,200,true,100,100,97
1767630767280,97,200,true,100,100,97
1767630767280,98,200,true,100,100,98
1767630767281,98,200,true,100,100,98
1767630767282,97,200,true,100,100,97
1767630767283,97,200,true,100,100,97
1767630767284,97,200,true,100,100,97
1767630767285,97,200,true,100,100,97
1767630767286,97,200,true,100,100,97
1767630767287,97,200,true,100,100,97
1767630767288,97,200,true,100,100,97
1767630767289,97,200,true,100,100,97
1767630767289,98,200,true,100,100,98
1767630767290,98,200,true,100,100,98
1767630767291,98,200,true,100,100,98
1767630767292,98,200,true,100,100,98
1767630767293,98,200,true,100,100,98
1767630767294,98,200,true,100,100,98
1767630767295,97,200,true,100,100,97
1767630767296,97,200,true,100,100,97
1767630767297,97,200,true,100,100,97
1767630767298,97,200,true,100,100,97
1767630767299,97,200,true,100,100,97
1767630767300,97,200,true,100,100,97
1767630767301,97,200,true,100,100,97
1767630767301,98,200,true,100,100,98
1767630767302,98,200,true,100,100,98
1767630767303,97,200,true,100,100,97
1767630767304,97,200,true,100,100,97
1767630767305,98,200,true,100,100,98
1767630767306,98,200,true,100,100,98
1767630767307,97,200,true,100,100,97
1767630767308,97,200,true,100,100,97
1767630767217,189,200,true,100,100,189
1767630767311,96,200,true,100,100,96
1767630767313,95,200,true,100,100,95
1767630767315,94,200,true,100,100,94
1767630767318,92,200,true,100,100,92
1767630767319,92,200,true,100,100,92
1767630767320,92,200,true,100,100,92
1767630767321,92,200,true,100,100,92
1767630767322,91,200,true,100,100,91
1767630767323,91,200,true,100,100,91
1767630767324,91,200,true,100,100,91
1767630767325,91,200,true,100,100,91
1767630767326,91,200,true,100,100,91
1767630767327,91,200,true,100,100,91
1767630767328,91,200,true,100,100,91
1767630767328,92,200,true,100,100,92
1767630767329,92,200,true,100,100,92
1767630767330,92,200,true,100,100,92
1767630767331,92,200,true,100,100,92
1767630767332,92,200,true,100,100,92
1767630767333,92,200,true,100,100,92
1767630767334,91,200,true,100,100,91
1767630767335,91,200,true,100,100,91
1767630767336,91,200,true,100,100,91
1767630767337,91,200,true,100,100,91
1767630767338,91,200,true,100,100,91
1767630767339,91,200,true,100,100,91
1767630767339,92,200,true,100,100,92
1767630767340,92,200,true,100,100,92
1767630767341,92,200,true,100,100,92
1767630767342,91,200,true,100,100,91
1767630767343,91,200,true,100,100,91
1767630767344,92,200,true,100,100,92
1767630767345,91,200,true,100,100,91
1767630767346,91,200,true,100,100,91
1767630767347,91,200,true,100,100,91
1767630767348,91,200,true,100,100,91
1767630767348,92,200,true,100,100,92
1767630767349,92,200,true,100,100,92
1767630767350,92,200,true,100,100,92
1767630767351,92,200,true,100,100,92
1767630767352,92,200,true,100,100,92
1767630767353,91,200,true,100,100,91
1767630767354,91,200,true,100,100,91
1767630767355,91,200,true,100,100,91
1767630767356,91,200,true,100,100,91
1767630767357,91,200,true,100,100,91
1767630767358,91,200,true,100,100,91
1767630767359,91,200,true,100,100,91
1767630767360,91,200,true,100,100,91
1767630767360,92,200,true,100,100,92
1767630767361,92,200,true,100,100,92
1767630767362,92,200,true,100,100,92
1767630767363,92,200,true,100,100,92
1767630767364,92,200,true,100,100,92
1767630767365,92,200,true,100,100,92
1767630767366,91,200,true,100,100,91
1767630767367,91,200,true,100,100,91
1767630767368,91,200,true,100,100,91
1767630767369,91,200,true,100,100,91
1767630767370,91,200,true,100,100,91
1767630767371,91,200,true,100,100,91
1767630767372,91,200,true,100,100,91
1767630767372,92,200,true,100,100,92
1767630767373,92,200,true,100,100,92
1767630767374,92,200,true,100,100,92
1767630767375,91,200,true,100,100,91
1767630767376,91,200,true,100,100,91
1767630767377,91,200,true,100,100,91
1767630767378,92,200,true,100,100,91
1767630767379,91,200,true,100,100,91
1767630767380,91,200,true,100,100,91
1767630767380,92,200,true,100,100,92
1767630767381,92,200,true,100,100,92
1767630767382,92,200,true,100,100,92
1767630767383,92,200,true,100,100,92
1767630767384,92,200,true,100,100,92
1767630767385,92,200,true,100,100,92
1767630767386,92,200,true,100,100,92
1767630767387,92,200,true,100,100,92
1767630767388,91,200,true,100,100,91
1767630767389,91,200,true,100,100,91
1767630767390,91,200,true,100,100,91
1767630767391,91,200,true,100,100,91
1767630767392,91,200,true,100,100,91
1767630767392,92,200,true,100,100,92
1767630767393,92,200,true,100,100,92
1767630767394,92,200,true,100,100,92
1767630767395,92,200,true,100,100,92
1767630767396,92,200,true,100,100,92
1767630767397,92,200,true,100,100,92
1767630767398,92,200,true,100,100,92
1767630767399,92,200,true,100,100,92
1767630767400,91,200,true,100,100,91
1767630767401,91,200,true,100,100,91
1767630767401,92,200,true,100,100,92
1767630767403,91,200,true,100,100,91
1767630767404,91,200,true,100,100,91
1767630767404,92,200,true,100,100,92
1767630767405,92,200,true,100,100,92
1767630767407,91,200,true,100,100,91
1767630767408,91,200,true,100,100,91
1767630767409,91,200,true,100,100,91
1767630767410,91,200,true,100,100,91
1767630767411,90,200,true,100,100,90
1767630767412,91,200,true,100,100,91
1767630767413,91,200,true,100,100,91
1767630767413,91,200,true,100,100,91
1767630767414,91,200,true,100,100,91
1767630767415,91,200,true,100,100,91
1767630767416,91,200,true,100,100,91
1767630767417,91,200,true,100,100,91
1767630767418,91,200,true,100,100,91
1767630767419,91,200,true,100,100,91
1767630767420,91,200,true,100,100,91
1767630767421,91,200,true,100,100,91
1767630767422,90,200,true,100,100,90
1767630767423,90,200,true,100,100,90
1767630767424,90,200,true,100,100,90
1767630767425,90,200,true,100,100,90
1767630767426,90,200,true,100,100,90
1767630767426,91,200,true,100,100,91
1767630767427,91,200,true,100,100,91
1767630767428,91,200,true,100,100,91
1767630767429,91,200,true,100,100,91
1767630767430,91,200,true,100,100,91
1767630767431,91,200,true,100,100,91
1767630767432,91,200,true,100,100,91
1767630767433,91,200,true,100,100,91
1767630767434,91,200,true,100,100,91
1767630767434,91,200,true,100,100,91
1767630767436,90,200,true,100,100,90
1767630767437,90,200,true,100,100,90
1767630767437,91,200,true,100,100,91
1767630767438,91,200,true,100,100,91
1767630767439,91,200,true,100,100,91
1767630767440,91,200,true,100,100,91
1767630767441,91,200,true,100,100,91
1767630767442,91,200,true,100,100,91
1767630767443,90,200,true,100,100,90
1767630767444,90,200,true,99,99,90
1767630767445,90,200,true,99,99,90
1767630767445,91,200,true,99,99,91
1767630767446,91,200,true,99,99,91
1767630767447,91,200,true,99,99,91
1767630767448,91,200,true,99,99,91
1767630767449,91,200,true,99,99,91
1767630767450,91,200,true,99,99,91
1767630767451,91,200,true,99,99,91
1767630767452,91,200,true,99,99,91
1767630767453,91,200,true,99,99,91
1767630767454,91,200,true,99,99,91
1767630767455,90,200,true,98,98,90
1767630767456,90,200,true,98,98,90
1767630767457,90,200,true,98,98,90
1767630767457,91,200,true,98,98,91
1767630767458,91,200,true,98,98,91
1767630767459,91,200,true,97,97,91
1767630767460,91,200,true,96,96,91
1767630767461,91,200,true,96,96,91
1767630767462,91,200,true,95,95,91
1767630767463,91,200,true,94,94,91
1767630767464,91,200,true,93,93,91
1767630767465,91,200,true,93,93,91
1767630767466,91,200,true,93,93,91
1767630767466,91,200,true,92,92,91
1767630767467,91,200,true,92,92,91
1767630767468,91,200,true,92,92,91
1767630767470,90,200,true,92,92,90
1767630767470,91,200,true,91,91,91
1767630767471,91,200,true,91,91,91
1767630767472,91,200,true,91,91,91
1767630767473,91,200,true,90,90,91
1767630767474,91,200,true,89,89,91
1767630767475,91,200,true,88,88,91
1767630767476,90,200,true,88,88,90
1767630767477,90,200,true,88,88,90
1767630767478,90,200,true,87,87,90
1767630767479,90,200,true,86,86,90
1767630767479,91,200,true,85,85,91
1767630767480,91,200,true,85,85,91
1767630767481,91,200,true,85,85,91
1767630767482,91,200,true,84,84,91
1767630767483,91,200,true,83,83,91
1767630767485,91,200,true,82,82,91
1767630767484,92,200,true,82,82,92
1767630767486,91,200,true,80,80,91
1767630767487,91,200,true,79,79,91
1767630767488,91,200,true,79,79,91
1767630767489,90,200,true,78,78,90
1767630767490,90,200,true,77,77,90
1767630767491,90,200,true,77,77,90
1767630767492,90,200,true,77,77,90
1767630767492,91,200,true,76,76,91
1767630767493,91,200,true,75,75,91
1767630767494,91,200,true,74,74,91
1767630767495,91,200,true,74,74,91
1767630767496,91,200,true,73,73,91
1767630767406,182,200,true,72,72,182
1767630767498,91,200,true,71,71,91
1767630767499,91,200,true,71,71,91
1767630767500,91,200,true,71,71,91
1767630767501,91,200,true,71,71,91
1767630767501,92,200,true,70,70,92
1767630767503,90,200,true,69,69,90
1767630767504,90,200,true,69,69,90
1767630767504,91,200,true,68,68,91
1767630767505,91,200,true,67,67,91
1767630767506,91,200,true,66,66,91
1767630767507,91,200,true,65,65,91
1767630767508,91,200,true,64,64,91
1767630767509,91,200,true,63,63,91
1767630767510,91,200,true,63,63,91
1767630767511,91,200,true,62,62,91
1767630767512,90,200,true,61,61,90
1767630767512,92,200,true,60,60,92
1767630767513,92,200,true,59,59,92
1767630767514,91,200,true,58,58,91
1767630767515,91,200,true,57,57,91
1767630767516,91,200,true,56,56,91
1767630767517,91,200,true,55,55,91
1767630767518,91,200,true,54,54,91
1767630767519,91,200,true,53,53,91
1767630767520,91,200,true,52,52,91
1767630767521,91,200,true,51,51,91
1767630767522,91,200,true,51,51,91
1767630767523,91,200,true,50,50,91
1767630767524,90,200,true,49,49,90
1767630767525,90,200,true,48,48,90
1767630767525,91,200,true,47,47,91
1767630767526,91,200,true,46,46,91
1767630767527,91,200,true,45,45,91
1767630767528,91,200,true,44,44,91
1767630767529,91,200,true,43,43,91
1767630767530,91,200,true,42,42,91
1767630767531,91,200,true,41,41,91
1767630767532,91,200,true,40,40,91
1767630767534,90,200,true,39,39,90
1767630767534,91,200,true,38,38,91
1767630767535,91,200,true,37,37,91
1767630767536,90,200,true,36,36,90
1767630767537,90,200,true,35,35,90
1767630767538,90,200,true,34,34,90
1767630767539,90,200,true,33,33,90
1767630767540,90,200,true,32,32,90
1767630767541,90,200,true,31,31,90
1767630767542,90,200,true,30,30,90
1767630767543,90,200,true,29,29,90
1767630767544,90,200,true,28,28,90
1767630767546,89,200,true,27,27,89
1767630767546,89,200,true,26,26,89
1767630767547,90,200,true,25,25,90
1767630767548,90,200,true,24,24,90
1767630767551,87,200,true,23,23,87
1767630767555,84,200,true,22,22,84
1767630767556,84,200,true,21,21,84
1767630767557,84,200,true,20,20,84
1767630767558,84,200,true,19,19,84
1767630767559,84,200,true,18,18,84
1767630767561,83,200,true,17,17,83
1767630767562,83,200,true,16,16,83
1767630767566,80,200,true,15,15,80
1767630767566,81,200,true,14,14,81
1767630767570,78,200,true,13,13,78
1767630767571,77,200,true,12,12,77
1767630767578,71,200,true,11,11,71
1767630767580,70,200,true,10,10,70
1767630767581,70,200,true,9,9,70
1767630767585,67,200,true,8,8,67
1767630767497,156,200,true,7,7,156
1767630767589,67,200,true,6,6,66
1767630767590,66,200,true,5,5,66
1767630767591,66,200,true,4,4,66
1767630767593,65,200,true,3,3,65
1767630767600,59,200,true,2,2,59
1767630767612,48,200,true,1,1,48
