timeStamp,elapsed,responseCode,success,grpThreads,allThreads,Latency
1767630868685,57,200,true,164,164,56
1767630868685,57,200,true,164,164,56
1767630868686,56,200,true,164,164,51
1767630868688,55,200,true,164,164,53
1767630868726,17,200,true,164,164,14
1767630868688,56,200,true,164,164,49
1767630868690,75,200,true,164,164,74
1767630868689,76,200,true,164,164,76
1767630868689,78,200,true,164,164,78
1767630868690,79,200,true,164,164,79
1767630868690,80,200,true,164,164,80
1767630868690,81,200,true,164,164,81
1767630868688,82,200,true,164,164,82
1767630868689,83,200,true,164,164,83
1767630868688,83,200,true,164,164,83
1767630868688,83,200,true,164,164,83
1767630868685,86,200,true,164,164,86
1767630868685,86,200,true,164,164,86
1767630868685,86,200,true,164,164,86
1767630868687,85,200,true,164,164,85
1767630868722,50,200,true,164,164,50
1767630868691,81,200,true,164,164,81
1767630868687,84,200,true,164,164,84
1767630868688,83,200,true,164,164,83
1767630868723,49,200,true,164,164,49
1767630868687,85,200,true,164,164,85
1767630868688,84,200,true,164,164,84
1767630868685,87,200,true,164,164,87
1767630868690,82,200,true,164,164,82
1767630868687,85,200,true,164,164,85
1767630868688,55,200,true,164,164,48
1767630868688,85,200,true,164,164,57
1767630868688,84,200,true,164,164,84
1767630868686,88,200,true,164,164,87
1767630868690,83,200,true,164,164,83
1767630868689,85,200,true,164,164,85
1767630868688,55,200,true,164,164,54
1767630868687,88,200,true,165,165,88
1767630868688,55,200,true,164,164,51
1767630868684,59,200,true,164,164,57
1767630868687,55,200,true,164,164,55
1767630868688,56,200,true,164,164,56
1767630868687,56,200,true,164,164,54
1767630868685,58,200,true,164,164,50
1767630868689,86,200,true,166,166,86
1767630868690,88,200,true,169,169,88
1767630868691,86,200,true,169,169,86
1767630868690,88,200,true,169,169,88
1767630868692,89,200,true,169,169,89
1767630868779,2,200,true,170,170,2
1767630868779,4,200,true,170,170,4
1767630868779,5,200,true,170,170,5
1767630868779,5,200,true,170,170,5
1767630868779,6,200,true,170,170,6
1767630868779,7,200,true,170,170,7
1767630868779,8,200,true,170,170,8
1767630868690,97,200,true,170,170,97
1767630868782,7,200,true,170,170,7
1767630868783,7,200,true,170,170,7
1767630868784,7,200,true,170,170,7
1767630868785,7,200,true,170,170,7
1767630868786,7,200,true,170,170,7
1767630868787,7,200,true,170,170,7
1767630868780,15,200,true,170,170,15
1767630868780,16,200,true,170,170,16
1767630868780,17,200,true,170,170,17
1767630868780,18,200,true,170,170,17
1767630868780,18,200,true,170,170,18
1767630868780,19,200,true,170,170,19
1767630868780,20,200,true,170,170,20
1767630868780,21,200,true,170,170,21
1767630868780,22,200,true,170,170,22
1767630868780,23,200,true,170,170,23
1767630868781,23,200,true,170,170,23
1767630868781,24,200,true,170,170,24
1767630868781,24,200,true,170,170,24
1767630868781,25,200,true,170,170,25
1767630868781,26,200,true,170,170,26
1767630868781,27,200,true,170,170,27
1767630868782,27,200,true,170,170,27
1767630868782,28,200,true,170,170,28
1767630868782,29,200,true,170,170,29
1767630868782,30,200,true,170,170,30
1767630868782,31,200,true,170,170,31
1767630868783,31,200,true,170,170,31
1767630868783,32,200,true,170,170,32
1767630868783,33,200,true,170,170,33
1767630868783,34,200,true,170,170,34
1767630868783,35,200,true,170,170,35
1767630868783,36,200,true,170,170,36
1767630868783,36,200,true,170,170,36
1767630868784,36,200,true,170,170,36
1767630868784,37,200,true,170,170,37
1767630868784,38,200,true,170,170,38
1767630868785,38,200,true,170,170,38
1767630868785,39,200,true,170,170,39
1767630868785,40,200,true,170,170,40
1767630868785,41,200,true,170,170,41
1767630868785,42,200,true,170,170,42
1767630868785,43,200,true,170,170,43
1767630868785,44,200,true,170,170,44
1767630868786,44,200,true,170,170,44
1767630868786,45,200,true,170,170,45
1767630868786,46,200,true,170,170,46
1767630868786,47,200,true,170,170,47
1767630868714,119,200,true,170,170,119
1767630868789,45,200,true,170,170,45
1767630868790,45,200,true,170,170,45
1767630868791,45,200,true,170,170,45
1767630868792,45,200,true,170,170,45
1767630868793,45,200,true,170,170,45
1767630868794,45,200,true,170,170,45
1767630868795,45,200,true,170,170,45
1767630868796,45,200,true,170,170,45
1767630868797,45,200,true,170,170,45
1767630868798,45,200,true,170,170,45
1767630868799,45,200,true,170,170,45
1767630868799,46,200,true,170,170,46
1767630868800,46,200,true,170,170,46
1767630868801,46,200,true,170,170,46
1767630868802,46,200,true,170,170,46
1767630868803,46,200,true,170,170,45
1767630868804,45,200,true,170,170,45
1767630868805,45,200,true,170,170,45
1767630868806,45,200,true,170,170,45
1767630868807,45,200,true,170,170,45
1767630868807,46,200,true,170,170,46
1767630868808,46,200,true,170,170,46
1767630868810,45,200,true,170,170,45
1767630868810,46,200,true,170,170,46
1767630868811,46,200,true,170,170,46
1767630868812,46,200,true,170,170,46
1767630868813,46,200,true,170,170,46
1767630868814,46,200,true,170,170,46
1767630868815,46,200,true,170,170,46
1767630868816,46,200,true,170,170,46
1767630868817,46,200,true,170,170,46
1767630868818,46,200,true,170,170,45
1767630868819,45,200,true,170,170,45
1767630868820,45,200,true,170,170,45
1767630868821,45,200,true,170,170,45
1767630868821,46,200,true,170,170,46
1767630868822,46,200,true,170,170,46
1767630868823,46,200,true,170,170,46
1767630868824,46,200,true,170,170,46
1767630868825,46,200,true,170,170,46
1767630868826,46,200,true,170,170,46
1767630868827,45,200,true,170,170,45
1767630868828,45,200,true,170,170,45
1767630868829,45,200,true,170,170,45
1767630868830,45,200,true,170,170,45
1767630868831,45,200,true,170,170,45
1767630868832,45,200,true,170,170,45
1767630868833,45,200,true,170,170,45
1767630868788,91,200,true,170,170,91
1767630868788,92,200,true,170,170,92
1767630868691,189,200,true,170,170,189
1767630868835,47,200,true,170,170,47
1767630868836,47,200,true,170,170,47
1767630868837,47,200,true,170,170,47
1767630868838,47,200,true,170,170,47
1767630868838,47,200,true,170,170,47
1767630868839,47,200,true,170,170,47
1767630868840,47,200,true,170,170,47
1767630868841,47,200,true,170,170,47
1767630868842,47,200,true,170,170,47
1767630868843,47,200,true,170,170,47
1767630868844,47,200,true,170,170,47
1767630868845,47,200,true,170,170,47
1767630868846,47,200,true,170,170,47
1767630868847,47,200,true,170,170,47
1767630868848,47,200,true,170,170,47
1767630868849,47,200,true,170,170,47
1767630868850,47,200,true,170,170,47
1767630868850,48,200,true,170,170,48
1767630868851,48,200,true,170,170,48
1767630868852,47,200,true,170,170,47
1767630868853,47,200,true,170,170,47
1767630868854,47,200,true,170,170,47
1767630868855,47,200,true,170,170,47
1767630868856,47,200,true,170,170,47
1767630868857,47,200,true,170,170,47
1767630868858,47,200,true,170,170,47
1767630868859,47,200,true,170,170,47
1767630868860,47,200,true,170,170,47
1767630868861,47,200,true,170,170,47
1767630868862,47,200,true,170,170,47
1767630868863,46,200,true,170,170,46
1767630868864,47,200,true,170,170,47
1767630868864,48,200,true,170,170,48
1767630868865,47,200,true,170,170,47
1767630868866,47,200,true,170,170,47
1767630868867,47,200,true,170,170,47
1767630868868,47,200,true,170,170,47
1767630868869,47,200,true,170,170,47
1767630868870,47,200,true,170,170,47
1767630868871,47,200,true,170,170,47
1767630868872,47,200,true,170,170,47
1767630868873,47,200,true,170,170,47
1767630868874,47,200,true,170,170,47
1767630868875,46,200,true,170,170,46
1767630868875,47,200,true,170,170,47
1767630868876,47,200,true,170,170,47
1767630868878,46,200,true,170,170,46
1767630868878,47,200,true,170,170,47
1767630868879,47,200,true,170,170,47
1767630868880,47,200,true,170,170,47
1767630868834,94,200,true,170,170,94
1767630868691,237,200,true,170,170,237
1767630868882,48,200,true,170,170,48
1767630868883,48,200,true,170,170,48
1767630868884,48,200,true,170,170,48
1767630868885,47,200,true,170,170,47
1767630868886,47,200,true,170,170,47
1767630868887,47,200,true,170,170,47
1767630868888,47,200,true,170,170,47
1767630868888,48,200,true,170,170,48
1767630868889,48,200,true,170,170,48
1767630868890,48,200,true,170,170,48
1767630868891,48,200,true,170,170,48
1767630868892,48,200,true,170,170,48
1767630868893,48,200,true,170,170,48
1767630868894,47,200,true,170,170,47
1767630868895,47,200,true,170,170,47
1767630868896,47,200,true,170,170,47
1767630868897,47,200,true,170,170,47
1767630868898,47,200,true,170,170,47
1767630868899,47,200,true,170,170,47
1767630868900,47,200,true,170,170,47
1767630868901,47,200,true,170,170,47
1767630868901,48,200,true,170,170,48
1767630868902,48,200,true,170,170,48
1767630868903,48,200,true,170,170,48
1767630868904,48,200,true,170,170,48
1767630868905,48,200,true,170,170,48
1767630868906,47,200,true,170,170,47
1767630868907,47,200,true,170,170,47
1767630868908,47,200,true,170,170,47
1767630868909,47,200,true,170,170,47
1767630868910,47,200,true,170,170,47
1767630868911,48,200,true,170,170,48
1767630868912,48,200,true,170,170,48
1767630868913,48,200,true,170,170,48
1767630868914,49,200,true,170,170,49
1767630868914,50,200,true,170,170,50
1767630868915,50,200,true,170,170,50
1767630868916,50,200,true,170,170,50
1767630868917,50,200,true,170,170,50
1767630868918,50,200,true,170,170,50
1767630868919,50,200,true,170,170,50
1767630868920,50,200,true,170,170,50
1767630868921,50,200,true,170,170,50
1767630868922,50,200,true,170,170,50
1767630868922,51,200,true,170,170,51
1767630868923,50,200,true,170,170,50
1767630868924,50,200,true,170,170,50
1767630868925,50,200,true,170,170,50
1767630868926,50,200,true,170,170,50
1767630868927,50,200,true,170,170,50
1767630868928,50,200,true,170,170,50
1767630868881,98,200,true,170,170,98
1767630868714,266,200,true,170,170,266
1767630868930,51,200,true,170,170,51
1767630868931,51,200,true,170,170,51
1767630868932,51,200,true,170,170,51
1767630868933,51,200,true,170,170,51
1767630868934,51,200,true,170,170,51
1767630868934,52,200,true,170,170,52
1767630868935,51,200,true,170,170,51
1767630868936,51,200,true,170,170,51
1767630868937,51,200,true,170,170,51
1767630868938,51,200,true,170,170,51
1767630868939,51,200,true,170,170,51
1767630868940,51,200,true,170,170,51
1767630868941,51,200,true,170,170,51
1767630868942,51,200,true,170,170,51
1767630868942,52,200,true,170,170,52
1767630868943,52,200,true,170,170,52
1767630868945,50,200,true,170,170,50
1767630868945,52,200,true,170,170,52
1767630868947,51,200,true,170,170,51
1767630868947,51,200,true,170,170,51
1767630868948,51,200,true,170,170,51
1767630868949,51,200,true,170,170,51
1767630868950,51,200,true,170,170,51
1767630868951,51,200,true,170,170,51
1767630868952,51,200,true,170,170,51
1767630868953,51,200,true,170,170,51
1767630868954,51,200,true,170,170,51
1767630868955,51,200,true,170,170,51
1767630868955,52,200,true,170,170,52
1767630868956,52,200,true,170,170,52
1767630868957,51,200,true,170,170,51
1767630868959,50,200,true,170,170,50
1767630868960,50,200,true,170,170,50
1767630868961,50,200,true,170,170,50
1767630868963,49,200,true,170,170,49
1767630868964,49,200,true,170,170,49
1767630868966,48,200,true,170,170,48
1767630868966,49,200,true,170,170,49
1767630868967,49,200,true,170,170,49
1767630868968,49,200,true,170,170,49
1767630868969,49,200,true,170,170,49
1767630868970,49,200,true,170,170,49
1767630868971,48,200,true,170,170,48
1767630868972,48,200,true,170,170,48
1767630868973,48,200,true,170,170,48
1767630868974,48,200,true,170,170,48
1767630868975,48,200,true,170,170,48
1767630868975,49,200,true,170,170,49
1767630868976,49,200,true,170,170,49
1767630868977,49,200,true,170,170,49
1767630868978,49,200,true,170,170,49
1767630868979,48,200,true,170,170,48
1767630868929,99,200,true,170,170,99
1767630868712,318,200,true,170,170,318
1767630868981,50,200,true,170,170,50
1767630868982,50,200,true,170,170,50
1767630868983,49,200,true,170,170,49
1767630868984,49,200,true,170,170,49
1767630868985,49,200,true,170,170,49
1767630868986,49,200,true,170,170,49
1767630868987,49,200,true,170,170,49
1767630868988,49,200,true,170,170,49
1767630868988,50,200,true,170,170,50
1767630868989,50,200,true,170,170,50
1767630868990,50,200,true,170,170,50
1767630868991,50,200,true,170,170,50
1767630868992,49,200,true,170,170,49
1767630868993,49,200,true,170,170,49
1767630868994,49,200,true,170,170,49
1767630868995,49,200,true,170,170,49
1767630868995,50,200,true,170,170,50
1767630868997,49,200,true,170,170,49
1767630868998,49,200,true,170,170,49
1767630868999,49,200,true,170,170,49
1767630868999,50,200,true,170,170,50
1767630869000,50,200,true,170,170,50
1767630869001,50,200,true,170,170,50
1767630869002,50,200,true,170,170,50
1767630869003,49,200,true,170,170,49
1767630869004,49,200,true,170,170,49
1767630869005,49,200,true,170,170,49
1767630869006,49,200,true,170,170,49
1767630869007,49,200,true,170,170,49
1767630869008,49,200,true,170,170,49
1767630869009,49,200,true,170,170,49
1767630869009,50,200,true,170,170,50
1767630869010,50,200,true,170,170,50
1767630869011,50,200,true,170,170,50
1767630869012,50,200,true,170,170,50
1767630869013,49,200,true,170,170,49
1767630869014,50,200,true,170,170,50
1767630869015,50,200,true,170,170,50
1767630869016,49,200,true,170,170,49
1767630869017,49,200,true,170,170,49
1767630869018,49,200,true,170,170,49
1767630869019,49,200,true,170,170,49
1767630869020,49,200,true,170,170,49
1767630869020,50,200,true,170,170,50
1767630869021,50,200,true,170,170,50
1767630869022,50,200,true,170,170,50
1767630869023,50,200,true,170,170,50
1767630869024,49,200,true,170,170,49
1767630869025,49,200,true,170,170,49
1767630869026,49,200,true,170,170,49
1767630869027,49,200,true,170,170,49
1767630869028,49,200,true,170,170,49
1767630869029,49,200,true,170,170,49
1767630868980,99,200,true,170,170,99
1767630868707,373,200,true,170,170,373
1767630869031,50,200,true,170,170,50
1767630869032,50,200,true,170,170,50
1767630869033,50,200,true,170,170,50
1767630869034,50,200,true,170,170,50
1767630869034,51,200,true,170,170,51
1767630869035,50,200,true,170,170,50
1767630869036,50,200,true,170,170,50
1767630869037,50,200,true,170,170,50
1767630869038,50,200,true,170,170,50
1767630869039,50,200,true,170,170,50
1767630869040,50,200,true,170,170,50
1767630869041,50,200,true,170,170,50
1767630869042,50,200,true,170,170,50
1767630869042,51,200,true,170,170,51
1767630869043,51,200,true,170,170,51
1767630869044,50,200,true,170,170,50
1767630869045,50,200,true,170,170,50
1767630869046,51,200,true,170,170,51
1767630869047,50,200,true,170,170,50
1767630869048,50,200,true,170,170,50
1767630869049,50,200,true,170,170,50
1767630869050,50,200,true,170,170,50
1767630869051,50,200,true,170,170,50
1767630869052,50,200,true,170,170,50
1767630869053,50,200,true,170,170,50
1767630869054,50,200,true,170,170,50
1767630869055,50,200,true,170,170,50
1767630869055,51,200,true,170,170,50
1767630869056,50,200,true,170,170,50
1767630869057,50,200,true,170,170,50
1767630869058,50,200,true,170,170,50
1767630869059,50,200,true,170,170,50
1767630869060,50,200,true,170,170,50
1767630869061,50,200,true,170,170,50
1767630869062,50,200,true,170,170,50
1767630869063,50,200,true,170,170,50
1767630869064,50,200,true,170,170,50
1767630869065,50,200,true,170,170,50
1767630869066,50,200,true,170,170,50
1767630869067,49,200,true,170,170,49
1767630869067,51,200,true,170,170,51
1767630869068,50,200,true,170,170,50
1767630869069,50,200,true,170,170,50
1767630869070,50,200,true,170,170,50
1767630869071,50,200,true,170,170,50
1767630869072,50,200,true,170,170,50
1767630869073,50,200,true,170,170,50
1767630869074,50,200,true,170,170,49
1767630869074,51,200,true,170,170,51
1767630869075,50,200,true,170,170,50
1767630869076,50,200,true,170,170,50
1767630869077,50,200,true,170,170,50
1767630869078,50,200,true,170,170,50
1767630869079,50,200,true,170,170,50
1767630869030,100,200,true,170,170,100
1767630868694,437,200,true,170,170,437
1767630869081,51,200,true,170,170,51
1767630869082,51,200,true,170,170,51
1767630869083,51,200,true,170,170,51
1767630869084,51,200,true,170,170,51
1767630869085,51,200,true,170,170,51
1767630869086,51,200,true,170,170,51
1767630869087,51,200,true,170,170,50
1767630869087,51,200,true,170,170,51
1767630869088,51,200,true,170,170,51
1767630869089,51,200,true,170,170,51
1767630869090,51,200,true,170,170,51
1767630869091,51,200,true,170,170,51
1767630869092,51,200,true,170,170,51
1767630869093,51,200,true,170,170,51
1767630869094,51,200,true,170,170,51
1767630869095,51,200,true,170,170,51
1767630869095,52,200,true,170,170,52
1767630869097,51,200,true,170,170,51
1767630869098,51,200,true,170,170,51
1767630869098,52,200,true,170,170,51
1767630869099,51,200,true,170,170,51
1767630869100,51,200,true,170,170,51
1767630869101,51,200,true,170,170,51
1767630869102,51,200,true,170,170,51
1767630869103,51,200,true,170,170,51
1767630869104,51,200,true,170,170,51
1767630869105,51,200,true,170,170,51
1767630869106,51,200,true,170,170,51
1767630869106,52,200,true,170,170,52
1767630869107,51,200,true,170,170,51
1767630869108,51,200,true,170,170,51
1767630869109,51,200,true,170,170,51
1767630869110,51,200,true,170,170,51
1767630869111,51,200,true,170,170,51
1767630869112,51,200,true,170,170,51
1767630869113,51,200,true,170,170,51
1767630869114,51,200,true,170,170,51
1767630869115,51,200,true,170,170,51
1767630869116,51,200,true,170,170,51
1767630869117,51,200,true,170,170,51
1767630869118,51,200,true,170,170,51
1767630869118,51,200,true,170,170,51
1767630869119,51,200,true,170,170,51
1767630869120,51,200,true,170,170,51
1767630869121,51,200,true,170,170,51
1767630869122,51,200,true,170,170,51
1767630869123,51,200,true,170,170,51
1767630869124,51,200,true,170,170,51
1767630869125,51,200,true,170,170,51
1767630869125,52,200,true,170,170,52
1767630869126,51,200,true,170,170,51
1767630869127,51,200,true,170,170,51
1767630869128,52,200,true,170,170,52
1767630869129,51,200,true,170,170,51
1767630869130,51,200,true,170,170,51
1767630869080,102,200,true,170,170,102
1767630868712,471,200,true,170,170,471
1767630869132,52,200,true,170,170,52
1767630869133,52,200,true,170,170,52
1767630869134,52,200,true,170,170,52
1767630869135,52,200,true,170,170,52
1767630869136,52,200,true,170,170,52
1767630869137,52,200,true,170,170,52
1767630869138,52,200,true,170,170,52
1767630869139,51,200,true,170,170,51
1767630869139,52,200,true,170,170,52
1767630869140,52,200,true,170,170,52
1767630869141,52,200,true,170,170,52
1767630869142,52,200,true,170,170,52
1767630869143,52,200,true,170,170,52
1767630869144,52,200,true,170,170,52
1767630869145,52,200,true,170,170,52
1767630869146,52,200,true,170,170,52
1767630869147,52,200,true,170,170,52
1767630869148,52,200,true,170,170,52
1767630869149,52,200,true,170,170,52
1767630869150,51,200,true,170,170,51
1767630869151,51,200,true,170,170,51
1767630869151,52,200,true,170,170,52
1767630869152,52,200,true,170,170,52
1767630869153,52,200,true,170,170,52
1767630869154,52,200,true,170,170,52
1767630869155,52,200,true,170,170,52
1767630869156,52,200,true,170,170,52
1767630869157,52,200,true,170,170,52
1767630869158,52,200,true,170,170,52
1767630869159,52,200,true,170,170,52
1767630869159,52,200,true,170,170,52
1767630869160,53,200,true,170,170,53
1767630869161,52,200,true,170,170,52
1767630869162,53,200,true,170,170,53
1767630869163,52,200,true,170,170,52
1767630869164,52,200,true,170,170,52
1767630869165,52,200,true,170,170,52
1767630869166,52,200,true,170,170,52
1767630869167,52,200,true,170,170,52
1767630869168,52,200,true,170,170,52
1767630869169,52,200,true,170,170,52
1767630869170,51,200,true,170,170,51
1767630869171,51,200,true,170,170,51
1767630869171,52,200,true,170,170,52
1767630869172,52,200,true,170,170,52
1767630869173,52,200,true,170,170,52
1767630869174,52,200,true,170,170,52
1767630869175,52,200,true,170,170,52
1767630869176,52,200,true,170,170,52
1767630869177,52,200,true,170,170,52
1767630869178,52,200,true,170,170,52
1767630869179,52,200,true,170,170,52
1767630869180,52,200,true,170,170,52
1767630869181,51,200,true,170,170,51
1767630869181,52,200,true,170,170,52
1767630869183,51,200,true,170,170,51
1767630869131,104,200,true,170,170,104
1767630868691,544,200,true,170,170,544
1767630869184,53,200,true,170,170,53
1767630869185,53,200,true,170,170,53
1767630869186,53,200,true,170,170,53
1767630869187,53,200,true,170,170,53
1767630869188,53,200,true,170,170,53
1767630869189,53,200,true,170,170,53
1767630869190,52,200,true,170,170,52
1767630869191,52,200,true,170,170,52
1767630869191,53,200,true,170,170,53
1767630869192,53,200,true,170,170,53
1767630869193,53,200,true,170,170,53
1767630869194,53,200,true,170,170,53
1767630869195,53,200,true,170,170,53
1767630869196,53,200,true,170,170,53
1767630869197,53,200,true,170,170,53
1767630869198,53,200,true,170,170,53
1767630869199,53,200,true,170,170,53
1767630869200,53,200,true,170,170,53
1767630869201,52,200,true,170,170,52
1767630869202,52,200,true,170,170,52
1767630869203,52,200,true,170,170,52
1767630869203,53,200,true,170,170,53
1767630869204,53,200,true,170,170,53
1767630869205,53,200,true,170,170,53
1767630869206,53,200,true,170,170,53
1767630869207,53,200,true,170,170,53
1767630869208,53,200,true,170,170,53
1767630869209,53,200,true,170,170,53
1767630869210,53,200,true,170,170,53
1767630869211,53,200,true,170,170,53
1767630869212,53,200,true,170,170,53
1767630869213,52,200,true,170,170,52
1767630869214,52,200,true,170,170,52
1767630869215,52,200,true,170,170,52
1767630869215,53,200,true,170,170,53
1767630869216,53,200,true,170,170,53
1767630869217,53,200,true,170,170,53
1767630869218,53,200,true,170,170,53
1767630869219,53,200,true,170,170,53
1767630869220,53,200,true,170,170,53
1767630869221,52,200,true,170,170,52
1767630869222,52,200,true,170,170,52
1767630869222,53,200,true,170,170,53
1767630869223,53,200,true,170,170,53
1767630869224,53,200,true,170,170,53
1767630869225,53,200,true,170,170,53
1767630869226,53,200,true,170,170,53
1767630869227,53,200,true,170,170,53
1767630869228,53,200,true,170,170,53
1767630869229,53,200,true,170,170,53
1767630869230,53,200,true,170,170,53
1767630869231,52,200,true,170,170,52
1767630869232,52,200,true,170,170,52
1767630869233,52,200,true,170,170,52
1767630869233,53,200,true,170,170,53
1767630869234,53,200,true,170,170,53
1767630869235,53,200,true,170,170,53
1767630869183,106,200,true,170,170,106
1767630868710,580,200,true,170,170,580
1767630869237,54,200,true,170,170,54
1767630869238,54,200,true,170,170,54
1767630869239,53,200,true,170,170,53
1767630869240,53,200,true,170,170,53
1767630869241,53,200,true,170,170,53
1767630869242,54,200,true,170,170,53
1767630869243,53,200,true,170,170,53
1767630869243,54,200,true,170,170,54
1767630869244,54,200,true,170,170,54
1767630869245,54,200,true,170,170,54
1767630869246,54,200,true,170,170,54
1767630869247,54,200,true,170,170,54
1767630869248,54,200,true,170,170,54
1767630869249,54,200,true,170,170,54
1767630869250,54,200,true,170,170,54
1767630869251,53,200,true,170,170,53
1767630869252,53,200,true,170,170,53
1767630869253,53,200,true,170,170,53
1767630869254,53,200,true,170,170,53
1767630869254,54,200,true,170,170,54
1767630869255,54,200,true,170,170,54
1767630869256,54,200,true,170,170,54
1767630869257,54,200,true,170,170,54
1767630869258,54,200,true,170,170,54
1767630869259,54,200,true,170,170,54
1767630869260,54,200,true,170,170,54
1767630869261,54,200,true,170,170,54
1767630869262,54,200,true,170,170,54
1767630869263,53,200,true,170,170,53
1767630869264,53,200,true,170,170,53
1767630869265,53,200,true,170,170,53
1767630869266,53,200,true,170,170,53
1767630869266,54,200,true,170,170,54
1767630869267,54,200,true,170,170,54
1767630869268,54,200,true,170,170,54
1767630869269,54,200,true,170,170,54
1767630869270,54,200,true,170,170,54
1767630869271,53,200,true,170,170,53
1767630869272,54,200,true,170,170,54
1767630869273,53,200,true,170,170,53
1767630869273,54,200,true,170,170,54
1767630869274,54,200,true,170,170,54
1767630869275,54,200,true,170,170,54
1767630869276,54,200,true,170,170,54
1767630869277,54,200,true,170,170,54
1767630869278,54,200,true,170,170,54
1767630869279,54,200,true,170,170,54
1767630869280,54,200,true,170,170,54
1767630869281,54,200,true,170,170,54
1767630869282,53,200,true,170,170,53
1767630869283,53,200,true,170,170,53
1767630869284,53,200,true,170,170,53
1767630869284,54,200,true,170,170,54
1767630869285,54,200,true,170,170,54
1767630869286,54,200,true,170,170,54
1767630869287,54,200,true,170,170,54
1767630869288,54,200,true,170,170,54
1767630869289,54,200,true,170,170,54
1767630869236,108,200,true,170,170,107
1767630868692,652,200,true,170,170,652
1767630869291,55,200,true,170,170,55
1767630869292,55,200,true,170,170,55
1767630869293,55,200,true,170,170,55
1767630869293,56,200,true,170,170,56
1767630869294,55,200,true,170,170,55
1767630869296,54,200,true,170,170,54
1767630869297,54,200,true,170,170,54
1767630869297,55,200,true,170,170,55
1767630869298,55,200,true,170,170,55
1767630869299,55,200,true,170,170,55
1767630869300,55,200,true,170,170,55
1767630869301,55,200,true,170,170,55
1767630869302,55,200,true,170,170,55
1767630869303,55,200,true,170,170,55
1767630869304,54,200,true,170,170,54
1767630869305,54,200,true,170,170,54
1767630869305,55,200,true,170,170,55
1767630869306,55,200,true,170,170,55
1767630869307,55,200,true,170,170,55
1767630869308,55,200,true,170,170,55
1767630869309,55,200,true,170,170,55
1767630869310,55,200,true,170,170,55
1767630869311,55,200,true,170,170,55
1767630869312,55,200,true,170,170,55
1767630869313,55,200,true,170,170,55
1767630869314,55,200,true,170,170,55
1767630869315,55,200,true,170,170,55
1767630869316,54,200,true,170,170,54
1767630869317,54,200,true,170,170,54
1767630869317,55,200,true,170,170,55
1767630869318,55,200,true,170,170,55
1767630869319,55,200,true,170,170,55
1767630869320,55,200,true,170,170,55
1767630869321,55,200,true,170,170,55
1767630869322,55,200,true,170,170,55
1767630869323,54,200,true,170,170,54
1767630869324,55,200,true,170,170,55
1767630869325,55,200,true,170,170,55
1767630869326,54,200,true,170,170,54
1767630869326,55,200,true,170,170,55
1767630869327,55,200,true,170,170,55
1767630869328,55,200,true,170,170,55
1767630869329,55,200,true,170,170,55
1767630869330,55,200,true,170,170,55
1767630869331,55,200,true,170,170,55
1767630869332,55,200,true,170,170,55
1767630869333,55,200,true,170,170,55
1767630869334,55,200,true,170,170,54
1767630869335,54,200,true,170,170,54
1767630869336,54,200,true,170,170,54
1767630869336,55,200,true,170,170,55
1767630869337,55,200,true,170,170,55
1767630869338,55,200,true,170,170,55
1767630869339,55,200,true,170,170,55
1767630869340,55,200,true,170,170,55
1767630869341,55,200,true,170,170,55
1767630869342,55,200,true,170,170,55
1767630869343,55,200,true,170,170,55
1767630869344,55,200,true,170,170,55
1767630869290,110,200,true,170,170,110
1767630868693,708,200,true,170,170,708
1767630869346,55,200,true,170,170,55
1767630869347,55,200,true,170,170,55
1767630869348,55,200,true,170,170,55
1767630869349,55,200,true,170,170,55
1767630869350,55,200,true,170,170,55
1767630869350,56,200,true,170,170,56
1767630869351,56,200,true,170,170,56
1767630869352,56,200,true,170,170,56
1767630869353,56,200,true,170,170,56
1767630869354,56,200,true,170,170,56
1767630869355,55,200,true,170,170,55
1767630869356,55,200,true,170,170,55
1767630869357,56,200,true,170,170,56
1767630869358,55,200,true,170,170,55
1767630869359,55,200,true,170,170,55
1767630869359,56,200,true,170,170,56
1767630869360,56,200,true,170,170,56
1767630869361,56,200,true,170,170,56
1767630869362,56,200,true,170,170,56
1767630869363,56,200,true,170,170,56
1767630869364,56,200,true,170,170,56
1767630869365,56,200,true,170,170,56
1767630869366,56,200,true,170,170,56
1767630869367,55,200,true,170,170,55
1767630869368,55,200,true,170,170,55
1767630869369,55,200,true,170,170,55
1767630869370,55,200,true,170,170,55
1767630869370,56,200,true,170,170,56
1767630869371,56,200,true,170,170,56
1767630869372,56,200,true,170,170,56
1767630869373,56,200,true,170,170,56
1767630869374,56,200,true,170,170,56
1767630869375,56,200,true,170,170,56
1767630869376,56,200,true,170,170,56
1767630869377,56,200,true,170,170,56
1767630869378,55,200,true,170,170,55
1767630869379,55,200,true,170,170,55
1767630869380,55,200,true,170,170,55
1767630869381,55,200,true,170,170,55
1767630869382,55,200,true,170,170,55
1767630869382,56,200,true,170,170,56
1767630869383,56,200,true,170,170,56
1767630869384,56,200,true,170,170,56
1767630869385,56,200,true,170,170,56
1767630869386,55,200,true,170,170,55
1767630869387,55,200,true,170,170,55
1767630869388,55,200,true,170,170,55
1767630869389,55,200,true,170,170,55
1767630869390,55,200,true,170,170,55
1767630869390,56,200,true,170,170,56
1767630869391,56,200,true,170,170,56
1767630869392,56,200,true,170,170,56
1767630869393,56,200,true,170,170,56
1767630869394,56,200,true,170,170,56
1767630869395,56,200,true,170,170,56
1767630869396,56,200,true,170,170,56
1767630869397,56,200,true,170,170,56
1767630869398,55,200,true,170,170,55
1767630869399,55,200,true,170,170,55
1767630869400,55,200,true,170,170,55
1767630869345,111,200,true,170,170,111
1767630868693,764,200,true,170,170,764
1767630869402,56,200,true,170,170,56
1767630869402,57,200,true,170,170,57
1767630869403,57,200,true,170,170,57
1767630869404,57,200,true,170,170,57
1767630869405,57,200,true,170,170,57
1767630869406,57,200,true,170,170,57
1767630869407,57,200,true,170,170,57
1767630869408,57,200,true,170,170,57
1767630869409,57,200,true,170,170,57
1767630869410,56,200,true,170,170,56
1767630869411,56,200,true,170,170,56
1767630869411,57,200,true,170,170,57
1767630869413,56,200,true,170,170,56
1767630869414,56,200,true,170,170,56
1767630869414,57,200,true,170,170,57
1767630869415,57,200,true,170,170,57
1767630869416,57,200,true,170,170,57
1767630869417,57,200,true,170,170,57
1767630869418,56,200,true,170,170,56
1767630869419,56,200,true,170,170,56
1767630869420,56,200,true,170,170,56
1767630869421,56,200,true,170,170,56
1767630869422,56,200,true,170,170,56
1767630869423,56,200,true,170,170,56
1767630869423,57,200,true,170,170,57
1767630869424,57,200,true,170,170,57
1767630869425,57,200,true,170,170,57
1767630869426,57,200,true,170,170,57
1767630869427,57,200,true,170,170,57
1767630869428,57,200,true,170,170,57
1767630869429,57,200,true,170,170,57
1767630869430,56,200,true,170,170,56
1767630869431,56,200,true,170,170,56
1767630869432,56,200,true,170,170,56
1767630869433,56,200,true,170,170,56
1767630869434,56,200,true,170,170,56
1767630869434,57,200,true,170,170,57
1767630869435,57,200,true,170,170,57
1767630869436,57,200,true,170,170,57
1767630869437,57,200,true,170,170,57
1767630869438,56,200,true,170,170,56
1767630869439,57,200,true,170,170,57
1767630869440,57,200,true,170,170,57
1767630869441,57,200,true,170,170,57
1767630869442,56,200,true,170,170,56
1767630869443,56,200,true,170,170,56
1767630869443,57,200,true,170,170,57
1767630869444,57,200,true,170,170,57
1767630869445,57,200,true,170,170,57
1767630869446,57,200,true,170,170,57
1767630869447,57,200,true,170,170,57
1767630869448,57,200,true,170,170,57
1767630869449,57,200,true,170,170,57
1767630869450,57,200,true,170,170,57
1767630869451,57,200,true,170,170,57
1767630869452,56,200,true,170,170,56
1767630869453,56,200,true,170,170,56
1767630869454,56,200,true,170,170,56
1767630869454,57,200,true,170,170,57
1767630869455,57,200,true,170,170,57
1767630869456,57,200,true,170,170,57
1767630869401,113,200,true,170,170,113
1767630868693,822,200,true,170,170,822
1767630869458,58,200,true,170,170,58
1767630869459,58,200,true,170,170,58
1767630869460,58,200,true,170,170,58
1767630869461,58,200,true,170,170,58
1767630869462,58,200,true,170,170,58
1767630869463,58,200,true,170,170,58
1767630869464,58,200,true,170,170,57
1767630869465,57,200,true,170,170,57
1767630869466,57,200,true,170,170,57
1767630869466,58,200,true,170,170,58
1767630869467,58,200,true,170,170,58
1767630869468,58,200,true,170,170,58
1767630869469,58,200,true,170,170,58
1767630869470,58,200,true,170,170,58
1767630869471,59,200,true,170,170,59
1767630869472,59,200,true,170,170,59
1767630869473,59,200,true,170,170,59
1767630869474,59,200,true,170,170,59
1767630869475,59,200,true,170,170,59
1767630869475,60,200,true,170,170,60
1767630869476,60,200,true,170,170,60
1767630869477,60,200,true,170,170,60
1767630869478,59,200,true,170,170,59
1767630869479,59,200,true,170,170,59
1767630869480,59,200,true,170,170,59
1767630869481,59,200,true,170,170,59
1767630869482,59,200,true,170,170,59
1767630869483,59,200,true,170,170,59
1767630869484,59,200,true,170,170,59
1767630869485,59,200,true,170,170,59
1767630869486,59,200,true,170,170,59
1767630869487,58,200,true,170,170,58
1767630869487,59,200,true,170,170,59
1767630869488,60,200,true,170,170,60
1767630869489,59,200,true,170,170,59
1767630869490,59,200,true,170,170,59
1767630869491,59,200,true,170,170,59
1767630869492,59,200,true,170,170,59
1767630869493,59,200,true,170,170,59
1767630869494,59,200,true,170,170,59
1767630869495,59,200,true,170,170,59
1767630869496,59,200,true,170,170,59
1767630869497,59,200,true,170,170,59
1767630869498,58,200,true,170,170,58
1767630869498,59,200,true,170,170,59
1767630869499,59,200,true,170,170,59
1767630869500,59,200,true,170,170,59
1767630869501,59,200,true,170,170,59
1767630869502,59,200,true,170,170,59
1767630869503,59,200,true,170,170,59
1767630869504,59,200,true,170,170,59
1767630869505,59,200,true,170,170,59
1767630869506,59,200,true,170,170,59
1767630869507,59,200,true,170,170,59
1767630869508,59,200,true,170,170,59
1767630869508,59,200,true,170,170,59
1767630869509,59,200,true,170,170,59
1767630869510,59,200,true,170,170,59
1767630869511,59,200,true,170,170,59
1767630869512,59,200,true,170,170,59
1767630869513,59,200,true,170,170,59
1767630869514,59,200,true,170,170,59
1767630869457,117,200,true,170,170,117
1767630868693,882,200,true,170,170,882
1767630869516,60,200,true,170,170,60
1767630869517,60,200,true,170,170,60
1767630869518,60,200,true,170,170,60
1767630869519,60,200,true,170,170,59
1767630869520,59,200,true,170,170,59
1767630869521,60,200,true,170,170,60
1767630869522,60,200,true,170,170,59
1767630869523,59,200,true,170,170,59
1767630869524,59,200,true,170,170,59
1767630869524,60,200,true,170,170,60
1767630869525,60,200,true,170,170,60
1767630869526,60,200,true,170,170,60
1767630869527,60,200,true,170,170,60
1767630869528,60,200,true,170,170,60
1767630869530,59,200,true,170,170,59
1767630869531,59,200,true,170,170,59
1767630869532,59,200,true,170,170,59
1767630869533,58,200,true,170,170,58
1767630869534,58,200,true,170,170,58
1767630869535,58,200,true,170,170,58
1767630869536,58,200,true,170,170,58
1767630869537,58,200,true,170,170,58
1767630869538,58,200,true,170,170,58
1767630869539,58,200,true,170,170,58
1767630869539,59,200,true,170,170,59
1767630869540,59,200,true,170,170,59
1767630869541,59,200,true,170,170,59
1767630869542,59,200,true,170,170,59
1767630869543,59,200,true,170,170,59
1767630869544,58,200,true,170,170,58
1767630869545,58,200,true,170,170,58
1767630869546,58,200,true,170,170,58
1767630869546,59,200,true,170,170,59
1767630869548,58,200,true,170,170,58
1767630869549,58,200,true,170,170,58
1767630869549,59,200,true,170,170,59
1767630869550,59,200,true,170,170,59
1767630869551,59,200,true,170,170,59
1767630869552,58,200,true,170,170,58
1767630869553,58,200,true,170,170,58
1767630869554,58,200,true,170,170,58
1767630869555,58,200,true,170,170,58
1767630869556,59,200,true,170,170,59
1767630869557,58,200,true,170,170,58
1767630869557,59,200,true,170,170,59
1767630869558,59,200,true,170,170,59
1767630869559,59,200,true,170,170,59
1767630869560,59,200,true,170,170,59
1767630869561,59,200,true,170,170,59
1767630869562,59,200,true,170,170,59
1767630869563,59,200,true,170,170,59
1767630869564,58,200,true,170,170,58
1767630869565,58,200,true,170,170,58
1767630869566,58,200,true,170,170,58
1767630869567,58,200,true,170,170,58
1767630869568,58,200,true,170,170,58
1767630869569,58,200,true,170,170,58
1767630869570,58,200,true,170,170,58
1767630869570,59,200,true,170,170,59
1767630869571,59,200,true,170,170,59
1767630869572,59,200,true,170,170,59
1767630869573,59,200,true,170,170,59
1767630869574,59,200,true,170,170,59
1767630869515,119,200,true,170,170,119
1767630868692,943,200,true,170,170,943
1767630869576,60,200,true,170,170,60
1767630869577,60,200,true,170,170,60
1767630869578,60,200,true,170,170,60
1767630869579,60,200,true,170,170,60
1767630869579,60,200,true,170,170,60
1767630869581,59,200,true,170,170,59
1767630869582,59,200,true,170,170,59
1767630869583,59,200,true,170,170,59
1767630869584,59,200,true,170,170,59
1767630869584,60,200,true,170,170,60
1767630869585,60,200,true,170,170,60
1767630869586,60,200,true,170,170,60
1767630869587,60,200,true,170,170,60
1767630869588,60,200,true,170,170,60
1767630869589,60,200,true,170,170,60
1767630869590,60,200,true,170,170,60
1767630869591,60,200,true,170,170,60
1767630869591,61,200,true,170,170,61
1767630869592,60,200,true,170,170,60
1767630869593,60,200,true,170,170,60
1767630869594,60,200,true,170,170,60
1767630869595,60,200,true,170,170,60
1767630869596,60,200,true,170,170,60
1767630869597,60,200,true,170,170,60
1767630869598,60,200,true,170,170,60
1767630869599,60,200,true,170,170,60
1767630869600,60,200,true,170,170,60
1767630869601,60,200,true,170,170,60
1767630869602,59,200,true,170,170,59
1767630869603,59,200,true,170,170,59
1767630869603,60,200,true,170,170,60
1767630869604,60,200,true,170,170,60
1767630869605,60,200,true,170,170,60
1767630869606,60,200,true,170,170,60
1767630869607,60,200,true,170,170,60
1767630869608,60,200,true,170,170,60
1767630869609,60,200,true,170,170,60
1767630869610,60,200,true,170,170,60
1767630869611,60,200,true,170,170,60
1767630869611,61,200,true,170,170,61
1767630869612,60,200,true,170,170,60
1767630869614,59,200,true,170,170,59
1767630869615,59,200,true,170,170,59
1767630869615,60,200,true,170,170,60
1767630869616,60,200,true,170,170,60
1767630869617,60,200,true,170,170,60
1767630869618,60,200,true,170,170,60
1767630869619,60,200,true,170,170,60
1767630869620,60,200,true,170,170,60
1767630869621,60,200,true,170,170,60
1767630869622,60,200,true,170,170,60
1767630869623,60,200,true,170,170,60
1767630869624,59,200,true,170,170,59
1767630869624,60,200,true,170,170,60
1767630869625,60,200,true,170,170,60
1767630869626,60,200,true,170,170,60
1767630869627,60,200,true,170,170,60
1767630869628,60,200,true,170,170,60
1767630869629,60,200,true,170,170,60
1767630869630,60,200,true,170,170,60
1767630869631,60,200,true,170,170,60
1767630869632,60,200,true,170,170,60
1767630869633,60,200,true,170,170,60
1767630869634,60,200,true,170,170,60
1767630869575,120,200,true,170,170,119
1767630868693,1001,200,true,170,170,1001
1767630869636,60,200,true,170,170,60
1767630869637,60,200,true,170,170,60
1767630869638,61,200,true,170,170,61
1767630869639,60,200,true,170,170,60
1767630869640,60,200,true,170,170,60
1767630869640,61,200,true,170,170,61
1767630869641,61,200,true,170,170,61
1767630869642,61,200,true,170,170,61
1767630869643,61,200,true,170,170,61
1767630869644,61,200,true,170,170,61
1767630869645,61,200,true,170,170,61
1767630869646,61,200,true,170,170,61
1767630869647,61,200,true,170,170,61
1767630869648,61,200,true,170,170,61
1767630869649,61,200,true,170,170,61
1767630869650,61,200,true,170,170,61
1767630869651,60,200,true,170,170,60
1767630869652,60,200,true,170,170,60
1767630869653,60,200,true,170,170,60
1767630869653,61,200,true,170,170,61
1767630869654,61,200,true,170,170,61
1767630869655,61,200,true,170,170,61
1767630869656,61,200,true,170,170,61
1767630869657,61,200,true,170,170,61
1767630869658,61,200,true,170,170,61
1767630869659,61,200,true,170,170,61
1767630869660,61,200,true,170,170,61
1767630869661,61,200,true,170,170,61
1767630869662,60,200,true,170,170,60
1767630869662,61,200,true,170,170,61
1767630869663,61,200,true,170,170,61
1767630869665,60,200,true,170,170,60
1767630869665,61,200,true,170,170,61
1767630869666,61,200,true,170,170,61
1767630869667,61,200,true,170,170,61
1767630869668,61,200,true,170,170,61
1767630869669,61,200,true,170,170,61
1767630869670,60,200,true,170,170,60
1767630869671,61,200,true,170,170,61
1767630869672,61,200,true,170,170,61
1767630869673,60,200,true,170,170,60
1767630869673,61,200,true,170,170,61
1767630869674,61,200,true,170,170,61
1767630869675,61,200,true,170,170,61
1767630869676,61,200,true,170,170,61
1767630869677,61,200,true,170,170,61
1767630869678,61,200,true,170,170,61
1767630869679,61,200,true,170,170,61
1767630869680,61,200,true,170,170,61
1767630869681,60,200,true,170,170,60
1767630869682,60,200,true,170,170,60
1767630869683,60,200,true,170,170,60
1767630869684,60,200,true,170,170,60
1767630869685,60,200,true,170,170,60
1767630869685,61,200,true,170,170,61
1767630869686,61,200,true,170,170,61
1767630869687,61,200,true,170,170,61
1767630869688,61,200,true,170,170,61
1767630869689,61,200,true,170,170,61
1767630869690,61,200,true,170,170,61
1767630869691,61,200,true,170,170,61
1767630869692,61,200,true,170,170,61
1767630869693,61,200,true,170,170,61
1767630869694,60,200,true,170,170,60
1767630869695,60,200,true,170,170,60
1767630869635,121,200,true,170,170,121
1767630868693,1065,200,true,170,170,1065
1767630869697,64,200,true,170,170,64
1767630869698,65,200,true,170,170,65
1767630869699,67,200,true,170,170,67
1767630869700,67,200,true,170,170,67
1767630869700,69,200,true,170,170,69
1767630869701,69,200,true,170,170,69
1767630869702,68,200,true,170,170,68
1767630869703,68,200,true,170,170,68
1767630869704,68,200,true,170,170,68
1767630869705,68,200,true,170,170,68
1767630869706,68,200,true,170,170,68
1767630869707,68,200,true,170,170,68
1767630869708,68,200,true,170,170,68
1767630869709,68,200,true,170,170,68
1767630869710,68,200,true,170,170,68
1767630869711,67,200,true,170,170,67
1767630869711,68,200,true,170,170,68
1767630869712,68,200,true,170,170,68
1767630869713,68,200,true,170,170,68
1767630869714,68,200,true,170,170,68
1767630869715,68,200,true,170,170,68
1767630869716,68,200,true,170,170,68
1767630869717,68,200,true,170,170,68
1767630869718,68,200,true,170,170,68
1767630869719,68,200,true,170,170,68
1767630869720,68,200,true,170,170,68
1767630869721,68,200,true,170,170,68
1767630869722,68,200,true,170,170,68
1767630869723,67,200,true,170,170,67
1767630869723,68,200,true,170,170,68
1767630869724,68,200,true,170,170,68
1767630869725,68,200,true,170,170,68
1767630869726,68,200,true,170,170,68
1767630869727,68,200,true,170,170,68
1767630869728,68,200,true,170,170,68
1767630869729,68,200,true,170,170,68
1767630869730,68,200,true,170,170,68
1767630869731,67,200,true,170,170,67
1767630869732,67,200,true,170,170,67
1767630869733,68,200,true,170,170,68
1767630869734,67,200,true,170,170,67
1767630869735,67,200,true,170,170,67
1767630869735,68,200,true,170,170,68
1767630869736,68,200,true,170,170,68
1767630869737,68,200,true,170,170,68
1767630869738,68,200,true,170,170,68
1767630869739,68,200,true,170,170,68
1767630869740,68,200,true,170,170,68
1767630869741,68,200,true,170,170,68
1767630869742,67,200,true,170,170,67
1767630869742,68,200,true,170,170,68
1767630869743,68,200,true,170,170,68
1767630869744,68,200,true,170,170,68
1767630869745,68,200,true,170,170,68
1767630869746,68,200,true,170,170,68
1767630869747,68,200,true,170,170,68
1767630869748,68,200,true,170,170,68
1767630869749,68,200,true,170,170,68
1767630869750,68,200,true,170,170,68
1767630869751,68,200,true,170,170,68
1767630869752,68,200,true,170,170,68
1767630869753,69,200,true,170,170,69
1767630869754,69,200,true,170,170,69
1767630869755,69,200,true,170,170,69
1767630869755,70,200,true,170,170,70
1767630869756,70,200,true,170,170,70
1767630869696,132,200,true,170,170,132
1767630868692,1137,200,true,170,170,1137
1767630869761,69,200,true,170,170,69
1767630869763,68,200,true,170,170,68
1767630869766,67,200,true,170,170,67
1767630869767,67,200,true,170,170,67
1767630869769,66,200,true,170,170,66
1767630869770,66,200,true,170,170,66
1767630869770,67,200,true,170,170,67
1767630869771,67,200,true,170,170,67
1767630869772,67,200,true,170,170,67
1767630869773,67,200,true,170,170,67
1767630869774,67,200,true,170,170,67
1767630869775,67,200,true,170,170,67
1767630869776,67,200,true,170,170,66
1767630869777,66,200,true,170,170,66
1767630869778,66,200,true,170,170,66
1767630869779,66,200,true,170,170,66
1767630869779,67,200,true,170,170,67
1767630869780,67,200,true,170,170,67
1767630869781,67,200,true,170,170,67
1767630869782,67,200,true,170,170,67
1767630869783,67,200,true,170,170,67
1767630869784,67,200,true,170,170,67
1767630869785,66,200,true,170,170,66
1767630869786,66,200,true,170,170,66
1767630869787,66,200,true,170,170,66
1767630869788,66,200,true,170,170,66
1767630869789,66,200,true,170,170,66
1767630869790,66,200,true,170,170,66
1767630869790,67,200,true,170,170,67
1767630869791,67,200,true,170,170,67
1767630869792,67,200,true,170,170,67
1767630869793,67,200,true,170,170,67
1767630869794,67,200,true,170,170,67
1767630869795,67,200,true,170,170,67
1767630869796,67,200,true,170,170,67
1767630869797,66,200,true,170,170,66
1767630869798,66,200,true,170,170,66
1767630869798,67,200,true,170,170,67
1767630869799,67,200,true,170,170,67
1767630869801,66,200,true,170,170,66
1767630869801,67,200,true,170,170,67
1767630869802,67,200,true,170,170,67
1767630869803,67,200,true,170,170,67
1767630869804,67,200,true,170,170,67
1767630869805,67,200,true,170,170,67
1767630869806,67,200,true,170,170,67
1767630869807,67,200,true,170,170,67
1767630869808,67,200,true,170,170,67
1767630869809,67,200,true,170,170,67
1767630869809,67,200,true,170,170,67
1767630869810,67,200,true,170,170,67
1767630869811,67,200,true,170,170,67
1767630869812,67,200,true,170,170,67
1767630869813,67,200,true,170,170,67
1767630869814,67,200,true,170,170,67
1767630869815,67,200,true,170,170,67
1767630869816,67,200,true,170,170,67
1767630869817,67,200,true,170,170,67
1767630869818,67,200,true,170,170,67
1767630869819,67,200,true,170,170,67
1767630869820,66,200,true,170,170,66
1767630869822,65,200,true,170,170,65
1767630869823,66,200,true,170,170,66
1767630869824,66,200,true,170,170,66
1767630869825,65,200,true,170,170,65
1767630869826,65,200,true,170,170,65
1767630869828,64,200,true,170,170,64
1767630869759,134,200,true,170,170,134
1767630868691,1202,200,true,170,170,1202
1767630869830,65,200,true,170,170,65
1767630869831,65,200,true,170,170,65
1767630869833,64,200,true,170,170,64
1767630869834,64,200,true,170,170,64
1767630869835,64,200,true,170,170,64
1767630869836,64,200,true,170,170,64
1767630869837,64,200,true,170,170,64
1767630869838,63,200,true,170,170,63
1767630869839,63,200,true,170,170,63
1767630869840,63,200,true,170,170,63
1767630869841,63,200,true,170,170,63
1767630869842,64,200,true,170,170,64
1767630869843,63,200,true,170,170,63
1767630869843,64,200,true,170,170,64
1767630869844,64,200,true,170,170,64
1767630869845,64,200,true,170,170,64
1767630869846,64,200,true,170,170,64
1767630869847,64,200,true,170,170,64
1767630869848,64,200,true,170,170,64
1767630869849,64,200,true,170,170,64
1767630869850,64,200,true,170,170,64
1767630869851,64,200,true,170,170,64
1767630869852,64,200,true,170,170,64
1767630869852,64,200,true,170,170,64
1767630869853,64,200,true,170,170,64
1767630869855,63,200,true,170,170,63
1767630869856,63,200,true,170,170,63
1767630869856,64,200,true,170,170,64
1767630869857,64,200,true,170,170,64
1767630869858,64,200,true,170,170,64
1767630869859,64,200,true,170,170,64
1767630869860,64,200,true,170,170,64
1767630869861,64,200,true,170,170,64
1767630869862,64,200,true,170,170,64
1767630869863,64,200,true,170,170,64
1767630869864,64,200,true,170,170,64
1767630869864,65,200,true,170,170,65
1767630869865,64,200,true,170,170,64
1767630869866,64,200,true,170,170,64
1767630869867,64,200,true,170,170,64
1767630869868,64,200,true,170,170,64
1767630869869,64,200,true,170,170,64
1767630869870,64,200,true,170,170,64
1767630869871,64,200,true,170,170,64
1767630869872,64,200,true,170,170,64
1767630869873,64,200,true,170,170,64
1767630869874,63,200,true,170,170,63
1767630869875,63,200,true,170,170,63
1767630869876,64,200,true,170,170,64
1767630869877,64,200,true,170,170,64
1767630869878,64,200,true,170,170,64
1767630869878,65,200,true,170,170,65
1767630869879,64,200,true,170,170,64
1767630869880,65,200,true,170,170,65
1767630869881,64,200,true,170,170,64
1767630869882,64,200,true,170,170,64
1767630869883,64,200,true,170,170,64
1767630869884,64,200,true,170,170,64
1767630869885,64,200,true,170,170,64
1767630869886,64,200,true,170,170,64
1767630869887,64,200,true,170,170,64
1767630869887,65,200,true,170,170,65
1767630869889,64,200,true,170,170,64
1767630869890,64,200,true,170,170,64
1767630869891,64,200,true,170,170,64
1767630869891,65,200,true,170,170,65
1767630869892,65,200,true,170,170,65
1767630869893,65,200,true,170,170,65
1767630869829,130,200,true,170,170,130
1767630868691,1268,200,true,170,170,1268
1767630869895,66,200,true,170,170,66
1767630869896,66,200,true,170,170,66
1767630869897,65,200,true,170,170,65
1767630869898,65,200,true,170,170,65
1767630869899,65,200,true,170,170,65
1767630869900,65,200,true,170,170,65
1767630869901,65,200,true,170,170,65
1767630869902,65,200,true,170,170,65
1767630869903,65,200,true,170,170,65
1767630869903,66,200,true,170,170,66
1767630869904,66,200,true,170,170,66
1767630869906,65,200,true,170,170,65
1767630869907,65,200,true,170,170,64
1767630869907,65,200,true,170,170,65
1767630869908,66,200,true,170,170,66
1767630869909,66,200,true,170,170,66
1767630869910,65,200,true,170,170,65
1767630869911,65,200,true,170,170,65
1767630869912,65,200,true,170,170,65
1767630869913,65,200,true,170,170,65
1767630869914,65,200,true,170,170,65
1767630869915,65,200,true,170,170,65
1767630869916,65,200,true,170,170,65
1767630869917,65,200,true,170,170,65
1767630869917,66,200,true,170,170,66
1767630869918,66,200,true,170,170,66
1767630869919,66,200,true,170,170,66
1767630869920,65,200,true,170,170,65
1767630869921,65,200,true,170,170,65
1767630869922,65,200,true,170,170,65
1767630869923,65,200,true,170,170,65
1767630869924,65,200,true,170,170,65
1767630869925,65,200,true,170,170,65
1767630869926,65,200,true,170,170,65
1767630869927,65,200,true,170,170,65
1767630869928,65,200,true,170,170,65
1767630869929,65,200,true,170,170,65
1767630869930,65,200,true,170,170,65
1767630869930,65,200,true,170,170,65
1767630869931,65,200,true,170,170,65
1767630869932,65,200,true,170,170,65
1767630869933,65,200,true,170,170,65
1767630869934,65,200,true,170,170,65
1767630869935,65,200,true,170,170,65
1767630869936,65,200,true,170,170,65
1767630869937,65,200,true,170,170,65
1767630869938,65,200,true,170,170,65
1767630869938,66,200,true,170,170,66
1767630869940,64,200,true,170,170,64
1767630869941,64,200,true,170,170,64
1767630869942,64,200,true,170,170,64
1767630869943,64,200,true,170,170,64
1767630869944,64,200,true,170,170,64
1767630869945,64,200,true,170,170,64
1767630869946,64,200,true,170,170,64
1767630869946,65,200,true,170,170,65
1767630869947,65,200,true,170,170,65
1767630869948,65,200,true,170,170,65
1767630869949,65,200,true,170,170,65
1767630869950,65,200,true,170,170,65
1767630869951,65,200,true,170,170,65
1767630869952,65,200,true,170,170,64
1767630869953,64,200,true,170,170,64
1767630869954,64,200,true,170,170,64
1767630869955,64,200,true,170,170,64
1767630869956,64,200,true,170,170,64
1767630869957,64,200,true,170,170,64
1767630869958,64,200,true,170,170,64
1767630869959,64,200,true,170,170,64
1767630869894,130,200,true,170,170,130
1767630868711,1314,200,true,170,170,1314
1767630869961,65,200,true,170,170,65
1767630869962,65,200,true,170,170,65
1767630869963,65,200,true,170,170,65
1767630869963,66,200,true,170,170,66
1767630869964,66,200,true,170,170,66
1767630869965,66,200,true,170,170,66
1767630869966,65,200,true,170,170,65
1767630869967,65,200,true,170,170,65
1767630869968,65,200,true,170,170,65
1767630869969,65,200,true,170,170,65
1767630869970,65,200,true,170,170,65
1767630869971,65,200,true,170,170,65
1767630869972,65,200,true,170,170,65
1767630869972,66,200,true,170,170,66
1767630869974,65,200,true,170,170,65
1767630869975,65,200,true,170,170,65
1767630869976,65,200,true,170,170,65
1767630869976,66,200,true,170,170,66
1767630869977,66,200,true,170,170,66
1767630869978,65,200,true,170,170,65
1767630869979,66,200,true,170,170,65
1767630869980,65,200,true,170,170,65
1767630869981,65,200,true,170,170,65
1767630869982,65,200,true,170,170,65
1767630869983,65,200,true,170,170,65
1767630869984,65,200,true,170,170,65
1767630869985,65,200,true,170,170,65
1767630869985,66,200,true,170,170,66
1767630869986,66,200,true,170,170,66
1767630869987,66,200,true,170,170,66
1767630869988,66,200,true,170,170,65
1767630869989,65,200,true,170,170,65
1767630869990,65,200,true,170,170,65
1767630869991,65,200,true,170,170,65
1767630869992,65,200,true,170,170,65
1767630869993,65,200,true,170,170,65
1767630869994,65,200,true,170,170,65
1767630869995,65,200,true,170,170,65
1767630869996,65,200,true,170,170,65
1767630869997,65,200,true,170,170,65
1767630869997,66,200,true,170,170,66
1767630869998,66,200,true,170,170,66
1767630869999,65,200,true,170,170,65
1767630870000,65,200,true,170,170,65
1767630870002,64,200,true,170,170,64
1767630870002,65,200,true,170,170,65
1767630870003,65,200,true,170,170,65
1767630870004,65,200,true,170,170,65
1767630870005,65,200,true,170,170,65
1767630870005,66,200,true,170,170,66
1767630870006,65,200,true,170,170,65
1767630870007,65,200,true,170,170,65
1767630870008,65,200,true,170,170,65
1767630870009,65,200,true,170,170,65
1767630870010,65,200,true,170,170,65
1767630870011,65,200,true,170,170,65
1767630870012,65,200,true,170,170,65
1767630870013,65,200,true,170,170,65
1767630870014,65,200,true,170,170,65
1767630870015,65,200,true,170,170,65
1767630870016,65,200,true,170,170,65
1767630870017,65,200,true,170,170,65
1767630870017,65,200,true,170,170,65
1767630870018,65,200,true,170,170,65
1767630870019,65,200,true,170,170,65
1767630870020,65,200,true,170,170,65
1767630870021,65,200,true,170,170,65
1767630870022,65,200,true,170,170,65
1767630870023,65,200,true,170,170,65
1767630870024,65,200,true,170,170,65
1767630869960,130,200,true,170,170,130
1767630868711,1380,200,true,170,170,1380
1767630870026,66,200,true,170,170,66
1767630870027,66,200,true,170,170,66
1767630870028,66,200,true,170,170,66
1767630870029,66,200,true,170,170,66
1767630870030,66,200,true,170,170,66
1767630870031,65,200,true,170,170,65
1767630870032,65,200,true,170,170,65
1767630870032,66,200,true,170,170,66
1767630870033,66,200,true,170,170,66
1767630870034,66,200,true,170,170,66
1767630870035,66,200,true,170,170,66
1767630870036,66,200,true,170,170,66
1767630870037,66,200,true,170,170,66
1767630870038,66,200,true,170,170,66
1767630870039,65,200,true,170,170,65
1767630870040,65,200,true,170,170,65
1767630870041,65,200,true,170,170,65
1767630870042,65,200,true,170,170,65
1767630870043,65,200,true,170,170,65
1767630870044,65,200,true,170,170,65
1767630870045,65,200,true,170,170,65
1767630870045,66,200,true,170,170,66
1767630870046,66,200,true,170,170,66
1767630870047,66,200,true,170,170,66
1767630870048,66,200,true,170,170,66
1767630870049,66,200,true,170,170,66
1767630870050,66,200,true,170,170,66
1767630870051,66,200,true,170,170,66
1767630870052,65,200,true,170,170,65
1767630870053,65,200,true,170,170,65
1767630870054,65,200,true,170,170,65
1767630870054,66,200,true,170,170,66
1767630870055,66,200,true,170,170,66
1767630870056,66,200,true,170,170,66
1767630870057,66,200,true,170,170,66
1767630870058,66,200,true,170,170,66
1767630870059,66,200,true,170,170,66
1767630870060,66,200,true,170,170,66
1767630870061,66,200,true,170,170,66
1767630870062,66,200,true,170,170,66
1767630870063,65,200,true,170,170,65
1767630870064,65,200,true,170,170,65
1767630870065,65,200,true,170,170,65
1767630870065,66,200,true,170,170,66
1767630870066,66,200,true,170,170,66
1767630870067,66,200,true,170,170,66
1767630870068,66,200,true,170,170,66
1767630870069,66,200,true,170,170,66
1767630870070,65,200,true,170,170,65
1767630870071,65,200,true,170,170,65
1767630870072,65,200,true,170,170,65
1767630870072,66,200,true,170,170,66
1767630870073,66,200,true,170,170,66
1767630870075,65,200,true,170,170,65
1767630870075,66,200,true,170,170,66
1767630870076,66,200,true,170,170,66
1767630870077,66,200,true,170,170,66
1767630870078,66,200,true,170,170,66
1767630870079,66,200,true,170,170,66
1767630870080,66,200,true,170,170,66
1767630870081,66,200,true,170,170,66
1767630870082,65,200,true,170,170,65
1767630870082,66,200,true,170,170,66
1767630870083,66,200,true,170,170,66
1767630870084,66,200,true,170,170,66
1767630870085,66,200,true,170,170,66
1767630870086,66,200,true,170,170,66
1767630870087,66,200,true,170,170,66
1767630870088,66,200,true,170,170,66
1767630870089,66,200,true,170,170,66
1767630870090,66,200,true,170,170,66
1767630870025,132,200,true,170,170,132
1767630868693,1464,200,true,170,170,1464
1767630870092,67,200,true,170,170,67
1767630870093,67,200,true,170,170,67
1767630870094,67,200,true,170,170,67
1767630870095,67,200,true,170,170,67
1767630870096,66,200,true,170,170,66
1767630870096,67,200,true,170,170,67
1767630870097,67,200,true,170,170,67
1767630870098,67,200,true,170,170,67
1767630870099,67,200,true,170,170,67
1767630870100,67,200,true,170,170,67
1767630870101,67,200,true,170,170,67
1767630870102,67,200,true,170,170,67
1767630870103,66,200,true,170,170,66
1767630870104,66,200,true,170,170,66
1767630870105,66,200,true,170,170,66
1767630870105,67,200,true,170,170,67
1767630870106,67,200,true,170,170,67
1767630870108,66,200,true,170,170,66
1767630870109,66,200,true,170,170,66
1767630870109,67,200,true,170,170,67
1767630870110,67,200,true,170,170,67
1767630870111,67,200,true,170,170,67
1767630870112,67,200,true,170,170,67
1767630870113,67,200,true,170,170,67
1767630870114,67,200,true,170,170,67
1767630870115,66,200,true,170,170,66
1767630870116,66,200,true,170,170,66
1767630870117,66,200,true,170,170,66
1767630870118,66,200,true,170,170,66
1767630870118,67,200,true,170,170,67
1767630870119,67,200,true,170,170,67
1767630870120,67,200,true,170,170,67
1767630870121,67,200,true,170,170,67
1767630870122,67,200,true,170,170,67
1767630870123,67,200,true,170,170,67
1767630870124,67,200,true,170,170,67
1767630870125,67,200,true,170,170,67
1767630870126,67,200,true,170,170,67
1767630870127,66,200,true,170,170,66
1767630870128,66,200,true,170,170,66
1767630870128,67,200,true,170,170,67
1767630870129,67,200,true,170,170,67
1767630870130,67,200,true,170,170,67
1767630870131,67,200,true,170,170,67
1767630870132,67,200,true,170,170,67
1767630870133,67,200,true,170,170,67
1767630870134,66,200,true,170,170,66
1767630870135,66,200,true,170,170,66
1767630870136,66,200,true,170,170,66
1767630870136,67,200,true,170,170,67
1767630870137,67,200,true,170,170,67
1767630870138,67,200,true,170,170,67
1767630870139,67,200,true,170,170,67
1767630870140,67,200,true,170,170,67
1767630870141,67,200,true,170,170,67
1767630870142,67,200,true,170,170,67
1767630870143,67,200,true,170,170,67
1767630870144,67,200,true,170,170,67
1767630870145,66,200,true,170,170,66
1767630870146,66,200,true,170,170,66
1767630870147,66,200,true,170,170,66
1767630870148,66,200,true,170,170,66
1767630870149,66,200,true,170,170,66
1767630870149,67,200,true,170,170,67
1767630870150,67,200,true,170,170,67
1767630870151,67,200,true,170,170,67
1767630870152,67,200,true,170,170,67
1767630870153,67,200,true,170,170,67
1767630870154,66,200,true,170,170,66
1767630870155,66,200,true,170,170,66
1767630870156,67,200,true,170,170,67
1767630870157,67,200,true,170,170,67
1767630870091,133,200,true,170,170,133
1767630868693,1531,200,true,170,170,1531
1767630870159,67,200,true,170,170,67
1767630870160,67,200,true,170,170,67
1767630870161,67,200,true,170,170,67
1767630870162,67,200,true,170,170,67
1767630870163,67,200,true,170,170,67
1767630870163,68,200,true,170,170,68
1767630870164,68,200,true,170,170,68
1767630870165,68,200,true,170,170,68
1767630870166,67,200,true,170,170,67
1767630870167,67,200,true,170,170,67
1767630870168,67,200,true,170,170,67
1767630870169,67,200,true,170,170,67
1767630870170,67,200,true,170,170,67
1767630870170,68,200,true,170,170,68
1767630870171,68,200,true,170,170,68
1767630870172,68,200,true,170,170,68
1767630870174,67,200,true,170,170,67
1767630870174,68,200,true,170,170,68
1767630870175,68,200,true,170,170,68
1767630870176,68,200,true,170,170,68
1767630870177,67,200,true,170,170,67
1767630870178,67,200,true,170,170,67
1767630870179,67,200,true,170,170,67
1767630870180,67,200,true,170,170,67
1767630870181,67,200,true,170,170,67
1767630870182,67,200,true,170,170,67
1767630870182,68,200,true,170,170,68
1767630870183,68,200,true,170,170,68
1767630870184,68,200,true,170,170,68
1767630870185,68,200,true,170,170,68
1767630870186,67,200,true,170,170,67
1767630870187,67,200,true,170,170,67
1767630870188,67,200,true,170,170,67
1767630870189,67,200,true,170,170,67
1767630870190,67,200,true,170,170,67
1767630870191,67,200,true,170,170,67
1767630870192,67,200,true,170,170,67
1767630870193,67,200,true,170,170,67
1767630870193,68,200,true,170,170,68
1767630870194,68,200,true,170,170,68
1767630870195,67,200,true,170,170,67
1767630870196,67,200,true,170,170,67
1767630870197,67,200,true,170,170,67
1767630870198,67,200,true,170,170,67
1767630870199,67,200,true,170,170,67
1767630870200,67,200,true,170,170,67
1767630870200,68,200,true,170,170,68
1767630870201,68,200,true,170,170,68
1767630870202,68,200,true,170,170,68
1767630870203,67,200,true,170,170,67
1767630870204,68,200,true,170,170,68
1767630870205,68,200,true,170,170,68
1767630870206,68,200,true,170,170,68
1767630870207,68,200,true,170,170,68
1767630870208,67,200,true,170,170,67
1767630870209,67,200,true,170,170,67
1767630870210,67,200,true,170,170,67
1767630870211,67,200,true,170,170,67
1767630870211,68,200,true,170,170,68
1767630870213,67,200,true,170,170,67
1767630870213,68,200,true,170,170,68
1767630870214,68,200,true,170,170,68
1767630870215,67,200,true,170,170,67
1767630870216,67,200,true,170,170,67
1767630870217,67,200,true,170,170,67
1767630870218,67,200,true,170,170,67
1767630870219,67,200,true,170,170,67
1767630870220,67,200,true,170,170,67
1767630870221,67,200,true,170,170,67
1767630870222,67,200,true,170,170,67
1767630870223,67,200,true,170,170,67
1767630870224,67,200,true,170,170,67
1767630870225,67,200,true,170,170,67
1767630870158,135,200,true,170,170,135
1767630868691,1602,200,true,170,170,1602
1767630870226,69,200,true,170,170,69
1767630870227,69,200,true,170,170,69
1767630870228,69,200,true,170,170,69
1767630870229,69,200,true,170,170,69
1767630870230,68,200,true,170,170,68
1767630870231,68,200,true,170,170,68
1767630870232,68,200,true,170,170,68
1767630870233,68,200,true,170,170,68
1767630870234,68,200,true,170,170,68
1767630870234,69,200,true,170,170,69
1767630870235,69,200,true,170,170,69
1767630870236,69,200,true,170,170,69
1767630870237,69,200,true,170,170,69
1767630870238,69,200,true,170,170,69
1767630870239,69,200,true,170,170,69
1767630870240,69,200,true,170,170,69
1767630870241,69,200,true,170,170,69
1767630870242,68,200,true,170,170,68
1767630870243,68,200,true,170,170,68
1767630870244,68,200,true,170,170,68
1767630870245,68,200,true,170,170,68
1767630870245,69,200,true,170,170,69
1767630870246,69,200,true,170,170,69
1767630870247,69,200,true,170,170,69
1767630870248,69,200,true,170,170,69
1767630870249,69,200,true,170,170,69
1767630870250,68,200,true,170,170,68
1767630870251,68,200,true,170,170,68
1767630870252,68,200,true,170,170,68
1767630870253,68,200,true,170,170,68
1767630870254,68,200,true,170,170,68
1767630870254,69,200,true,170,170,69
1767630870256,68,200,true,170,170,68
1767630870256,69,200,true,170,170,69
1767630870257,69,200,true,170,170,69
1767630870258,69,200,true,170,170,69
1767630870259,69,200,true,170,170,69
1767630870260,69,200,true,170,170,69
1767630870261,68,200,true,170,170,68
1767630870262,68,200,true,170,170,68
1767630870263,68,200,true,170,170,68
1767630870263,69,200,true,170,170,69
1767630870264,69,200,true,170,170,69
1767630870265,69,200,true,170,170,69
1767630870266,69,200,true,170,170,69
1767630870267,69,200,true,170,170,69
1767630870268,69,200,true,170,170,69
1767630870269,69,200,true,170,170,69
1767630870270,69,200,true,170,170,69
1767630870271,69,200,true,170,170,69
1767630870272,69,200,true,170,170,69
1767630870273,68,200,true,170,170,68
1767630870274,68,200,true,170,170,68
1767630870275,68,200,true,170,170,68
1767630870275,69,200,true,170,170,69
1767630870276,69,200,true,170,170,69
1767630870277,69,200,true,170,170,69
1767630870278,69,200,true,170,170,69
1767630870279,69,200,true,170,170,69
1767630870280,69,200,true,170,170,69
1767630870281,68,200,true,170,170,68
1767630870282,68,200,true,170,170,68
1767630870282,69,200,true,170,170,69
1767630870283,69,200,true,170,170,69
1767630870284,69,200,true,170,170,69
1767630870285,69,200,true,170,170,69
1767630870286,69,200,true,170,170,69
1767630870287,69,200,true,170,170,69
1767630870288,69,200,true,170,170,69
1767630870289,69,200,true,170,170,69
1767630870290,69,200,true,170,170,69
1767630870291,69,200,true,170,170,69
1767630870292,69,200,true,170,170,69
1767630870293,69,200,true,170,170,69
1767630870226,136,200,true,170,170,136
1767630868690,1673,200,true,170,170,1673
1767630870295,69,200,true,170,170,69
1767630870296,69,200,true,170,170,69
1767630870297,69,200,true,170,170,69
1767630870298,69,200,true,170,170,69
1767630870299,69,200,true,170,170,69
1767630870299,70,200,true,170,170,70
1767630870300,70,200,true,170,170,70
1767630870301,70,200,true,170,170,70
1767630870302,70,200,true,170,170,70
1767630870303,70,200,true,170,170,70
1767630870304,70,200,true,170,170,70
1767630870305,69,200,true,170,170,69
1767630870306,69,200,true,170,170,69
1767630870307,69,200,true,170,170,69
1767630870308,69,200,true,170,170,69
1767630870309,69,200,true,170,170,69
1767630870310,69,200,true,170,170,69
1767630870310,70,200,true,170,170,70
1767630870311,70,200,true,170,170,70
1767630870312,70,200,true,170,170,70
1767630870313,70,200,true,170,170,70
1767630870314,69,200,true,170,170,69
1767630870315,69,200,true,170,170,69
1767630870316,69,200,true,170,170,69
1767630870317,69,200,true,170,170,69
1767630870318,69,200,true,170,170,69
1767630870319,69,200,true,170,170,69
1767630870319,70,200,true,170,170,70
1767630870320,70,200,true,170,170,70
1767630870321,70,200,true,170,170,70
1767630870322,70,200,true,170,170,70
1767630870323,70,200,true,170,170,70
1767630870324,70,200,true,170,170,70
1767630870325,69,200,true,170,170,69
1767630870326,69,200,true,170,170,69
1767630870327,69,200,true,170,170,69
1767630870328,69,200,true,170,170,69
1767630870329,69,200,true,170,170,69
1767630870330,69,200,true,170,170,69
1767630870330,70,200,true,170,170,70
1767630870331,70,200,true,170,170,70
1767630870332,69,200,true,170,170,69
1767630870333,69,200,true,170,170,69
1767630870334,69,200,true,170,170,69
1767630870335,69,200,true,170,170,69
1767630870336,69,200,true,170,170,69
1767630870337,69,200,true,170,170,69
1767630870338,69,200,true,170,170,69
1767630870339,69,200,true,170,170,69
1767630870340,69,200,true,170,170,69
1767630870341,69,200,true,170,170,69
1767630870341,70,200,true,170,170,70
1767630870342,70,200,true,170,170,70
1767630870343,70,200,true,170,170,70
1767630870344,69,200,true,170,170,69
1767630870345,69,200,true,170,170,69
1767630870346,69,200,true,170,170,69
1767630870347,69,200,true,170,170,69
1767630870348,69,200,true,170,170,69
1767630870349,69,200,true,170,170,69
1767630870349,70,200,true,170,170,70
1767630870350,70,200,true,170,170,70
1767630870351,70,200,true,170,170,70
1767630870352,70,200,true,170,170,70
1767630870353,70,200,true,170,170,70
1767630870354,69,200,true,170,170,69
1767630870355,69,200,true,170,170,69
1767630870356,69,200,true,170,170,69
1767630870357,69,200,true,170,170,69
1767630870358,69,200,true,170,170,69
1767630870359,69,200,true,170,170,69
1767630870360,69,200,true,170,170,69
1767630870361,69,200,true,170,170,69
1767630870362,69,200,true,170,170,69
1767630870363,69,200,true,170,170,69
1767630870294,139,200,true,170,170,139
1767630868705,1729,200,true,170,170,1729
1767630870364,70,200,true,170,170,70
1767630870365,70,200,true,170,170,70
1767630870366,70,200,true,170,170,70
1767630870367,70,200,true,170,170,70
1767630870368,70,200,true,170,170,70
1767630870369,70,200,true,170,170,70
1767630870370,70,200,true,170,170,70
1767630870371,70,200,true,170,170,70
1767630870372,70,200,true,170,170,70
1767630870373,70,200,true,170,170,70
1767630870374,70,200,true,170,170,70
1767630870375,70,200,true,170,170,70
1767630870375,71,200,true,170,170,71
1767630870376,70,200,true,170,170,70
1767630870377,70,200,true,170,170,70
1767630870378,70,200,true,170,170,70
1767630870379,70,200,true,170,170,70
1767630870380,70,200,true,170,170,70
1767630870381,70,200,true,170,170,70
1767630870382,70,200,true,170,170,70
1767630870383,70,200,true,170,170,70
1767630870383,71,200,true,170,170,71
1767630870384,71,200,true,170,170,71
1767630870385,71,200,true,170,170,71
1767630870386,71,200,true,170,170,71
1767630870387,71,200,true,170,170,71
1767630870388,71,200,true,170,170,71
1767630870389,71,200,true,170,170,71
1767630870390,70,200,true,170,170,70
1767630870391,70,200,true,170,170,70
1767630870392,70,200,true,170,170,70
1767630870393,70,200,true,170,170,70
1767630870394,70,200,true,170,170,70
1767630870394,71,200,true,170,170,71
1767630870395,71,200,true,170,170,71
1767630870396,71,200,true,170,170,71
1767630870397,70,200,true,170,170,70
1767630870398,70,200,true,170,170,70
1767630870399,70,200,true,170,170,70
1767630870400,70,200,true,170,170,70
1767630870401,70,200,true,170,170,70
1767630870401,71,200,true,170,170,71
1767630870402,71,200,true,170,170,71
1767630870403,71,200,true,170,170,71
1767630870404,71,200,true,170,170,71
1767630870405,71,200,true,170,170,71
1767630870406,71,200,true,170,170,71
1767630870407,71,200,true,170,170,71
1767630870408,70,200,true,170,170,70
1767630870409,70,200,true,170,170,70
1767630870410,70,200,true,170,170,70
1767630870411,70,200,true,170,170,70
1767630870412,70,200,true,170,170,70
1767630870413,70,200,true,170,170,70
1767630870413,71,200,true,170,170,71
1767630870414,71,200,true,170,170,71
1767630870415,71,200,true,170,170,71
1767630870416,70,200,true,170,170,70
1767630870417,70,200,true,170,170,70
1767630870418,71,200,true,170,170,71
1767630870419,71,200,true,170,170,71
1767630870420,70,200,true,170,170,70
1767630870421,70,200,true,170,170,70
1767630870422,70,200,true,170,170,70
1767630870423,70,200,true,170,170,70
1767630870424,70,200,true,170,170,70
1767630870425,70,200,true,170,170,70
1767630870425,71,200,true,170,170,71
1767630870426,71,200,true,170,170,71
1767630870427,71,200,true,170,170,71
1767630870428,71,200,true,170,170,71
1767630870429,70,200,true,170,170,70
1767630870430,70,200,true,170,170,70
1767630870431,70,200,true,170,170,70
1767630870432,70,200,true,170,170,70
1767630870433,70,200,true,170,170,70
1767630870363,141,200,true,170,170,141
1767630868690,1814,200,true,170,170,1814
1767630870435,71,200,true,170,170,71
1767630870435,72,200,true,170,170,72
1767630870436,72,200,true,170,170,72
1767630870437,72,200,true,170,170,72
1767630870438,72,200,true,170,170,72
1767630870439,72,200,true,170,170,72
1767630870440,72,200,true,170,170,72
1767630870441,72,200,true,170,170,72
1767630870442,71,200,true,170,170,71
1767630870443,71,200,true,170,170,71
1767630870444,71,200,true,170,170,71
1767630870445,71,200,true,170,170,71
1767630870446,71,200,true,170,170,71
1767630870447,71,200,true,170,170,71
1767630870448,71,200,true,170,170,71
1767630870448,72,200,true,170,170,72
1767630870449,72,200,true,170,170,72
1767630870450,72,200,true,170,170,72
1767630870451,72,200,true,170,170,72
1767630870452,72,200,true,170,170,72
1767630870453,71,200,true,170,170,71
1767630870454,71,200,true,170,170,71
1767630870455,71,200,true,170,170,71
1767630870456,71,200,true,170,170,71
1767630870457,71,200,true,170,170,71
1767630870458,71,200,true,170,170,71
1767630870459,71,200,true,170,170,71
1767630870460,71,200,true,170,170,71
1767630870460,72,200,true,170,170,72
1767630870461,71,200,true,170,170,71
1767630870462,71,200,true,170,170,71
1767630870463,71,200,true,170,170,71
1767630870464,71,200,true,170,170,71
1767630870465,71,200,true,170,170,71
1767630870466,71,200,true,170,170,71
1767630870467,71,200,true,170,170,71
1767630870468,71,200,true,170,170,71
1767630870468,72,200,true,170,170,72
1767630870469,72,200,true,170,170,72
1767630870470,72,200,true,170,170,72
1767630870471,72,200,true,170,170,72
1767630870472,71,200,true,170,170,71
1767630870473,71,200,true,170,170,71
1767630870474,71,200,true,170,170,71
1767630870475,71,200,true,170,170,71
1767630870476,71,200,true,170,170,71
1767630870477,71,200,true,170,170,71
1767630870478,71,200,true,170,170,71
1767630870479,71,200,true,170,170,71
1767630870479,72,200,true,170,170,72
1767630870480,71,200,true,170,170,71
1767630870481,71,200,true,170,170,71
1767630870482,71,200,true,170,170,71
1767630870483,72,200,true,170,170,72
1767630870484,71,200,true,170,170,71
1767630870485,71,200,true,170,170,71
1767630870486,71,200,true,170,170,71
1767630870487,71,200,true,170,170,71
1767630870487,72,200,true,170,170,72
1767630870489,71,200,true,170,170,71
1767630870490,71,200,true,170,170,71
1767630870490,72,200,true,170,170,72
1767630870491,71,200,true,170,170,71
1767630870492,71,200,true,170,170,71
1767630870493,71,200,true,170,170,71
1767630870494,71,200,true,170,170,71
1767630870495,71,200,true,170,170,71
1767630870496,71,200,true,170,170,71
1767630870497,71,200,true,170,170,71
1767630870498,71,200,true,170,170,71
1767630870499,71,200,true,170,170,71
1767630870500,71,200,true,170,170,71
1767630870500,72,200,true,170,170,72
1767630870501,72,200,true,170,170,72
1767630870502,72,200,true,170,170,72
1767630870503,72,200,true,170,170,72
1767630870504,72,200,true,170,170,72
1767630870434,142,200,true,170,170,142
1767630868691,1886,200,true,170,170,1886
1767630870506,72,200,true,170,170,72
1767630870507,72,200,true,170,170,72
1767630870508,72,200,true,170,170,72
1767630870509,72,200,true,170,170,72
1767630870510,72,200,true,170,170,72
1767630870511,72,200,true,170,170,72
1767630870512,72,200,true,170,170,72
1767630870513,72,200,true,170,170,72
1767630870513,72,200,true,170,170,72
1767630870514,72,200,true,170,170,72
1767630870515,72,200,true,170,170,72
1767630870516,72,200,true,170,170,72
1767630870517,72,200,true,170,170,72
1767630870518,72,200,true,170,170,72
1767630870519,72,200,true,170,170,72
1767630870520,72,200,true,170,170,72
1767630870521,72,200,true,170,170,72
1767630870522,72,200,true,170,170,72
1767630870523,72,200,true,170,170,72
1767630870524,72,200,true,170,170,72
1767630870524,73,200,true,170,170,73
1767630870525,72,200,true,170,170,72
1767630870526,72,200,true,170,170,72
1767630870527,72,200,true,170,170,72
1767630870528,72,200,true,170,170,72
1767630870529,72,200,true,170,170,72
1767630870530,72,200,true,170,170,72
1767630870531,72,200,true,170,170,72
1767630870532,72,200,true,170,170,72
1767630870533,72,200,true,170,170,72
1767630870533,73,200,true,170,170,73
1767630870534,73,200,true,170,170,73
1767630870535,73,200,true,170,170,73
1767630870536,72,200,true,170,170,72
1767630870537,72,200,true,170,170,72
1767630870538,72,200,true,170,170,72
1767630870539,72,200,true,170,170,72
1767630870540,72,200,true,170,170,72
1767630870541,72,200,true,170,170,72
1767630870542,72,200,true,170,170,72
1767630870543,72,200,true,170,170,72
1767630870543,73,200,true,170,170,73
1767630870544,72,200,true,170,170,72
1767630870545,72,200,true,170,170,72
1767630870546,72,200,true,170,170,72
1767630870547,72,200,true,170,170,72
1767630870548,72,200,true,170,170,72
1767630870549,72,200,true,170,170,72
1767630870550,72,200,true,170,170,72
1767630870551,72,200,true,170,170,72
1767630870551,73,200,true,170,170,73
1767630870552,73,200,true,170,170,73
1767630870553,73,200,true,170,170,73
1767630870555,72,200,true,170,170,71
1767630870555,72,200,true,170,170,72
1767630870556,72,200,true,170,170,72
1767630870557,72,200,true,170,170,72
1767630870558,72,200,true,170,170,72
1767630870559,72,200,true,170,170,72
1767630870560,72,200,true,170,170,72
1767630870561,72,200,true,170,170,72
1767630870562,72,200,true,170,170,72
1767630870562,72,200,true,170,170,72
1767630870563,72,200,true,170,170,72
1767630870564,72,200,true,170,170,72
1767630870565,73,200,true,170,170,72
1767630870566,72,200,true,170,170,72
1767630870567,72,200,true,170,170,72
1767630870568,72,200,true,170,170,72
1767630870569,72,200,true,170,170,72
1767630870570,72,200,true,170,170,72
1767630870571,72,200,true,170,170,72
1767630870572,72,200,true,170,170,72
1767630870573,72,200,true,170,170,72
1767630870574,72,200,true,170,170,72
1767630870575,72,200,true,170,170,72
1767630870576,71,200,true,170,170,71
1767630870577,71,200,true,170,170,71
1767630870505,144,200,true,170,170,144
1767630868691,1959,200,true,170,170,1959
1767630870578,73,200,true,170,170,73
1767630870579,73,200,true,170,170,73
1767630870580,73,200,true,170,170,73
1767630870581,73,200,true,170,170,73
1767630870582,73,200,true,170,170,73
1767630870583,73,200,true,170,170,73
1767630870584,73,200,true,170,170,73
1767630870585,73,200,true,170,170,73
1767630870586,73,200,true,170,170,73
1767630870586,74,200,true,170,170,74
1767630870587,74,200,true,170,170,74
1767630870589,73,200,true,170,170,73
1767630870589,73,200,true,170,170,73
1767630870590,73,200,true,170,170,73
1767630870591,73,200,true,170,170,73
1767630870592,73,200,true,170,170,73
1767630870593,73,200,true,170,170,73
1767630870594,73,200,true,170,170,73
1767630870595,73,200,true,170,170,73
1767630870596,73,200,true,170,170,73
1767630870597,73,200,true,170,170,73
1767630870597,74,200,true,170,170,74
1767630870598,74,200,true,170,170,74
1767630870599,74,200,true,170,170,74
1767630870600,73,200,true,170,170,73
1767630870601,73,200,true,170,170,73
1767630870602,73,200,true,170,170,73
1767630870603,73,200,true,170,170,73
1767630870604,73,200,true,170,170,73
1767630870605,73,200,true,170,170,73
1767630870606,73,200,true,170,170,73
1767630870607,73,200,true,170,170,73
1767630870608,73,200,true,170,170,73
1767630870608,73,200,true,170,170,73
1767630870609,73,200,true,170,170,73
1767630870610,73,200,true,170,170,73
1767630870611,73,200,true,170,170,73
1767630870612,73,200,true,170,170,73
1767630870613,73,200,true,170,170,73
1767630870614,73,200,true,170,170,73
1767630870615,73,200,true,170,170,73
1767630870616,73,200,true,170,170,73
1767630870617,73,200,true,170,170,73
1767630870617,74,200,true,170,170,74
1767630870618,74,200,true,170,170,74
1767630870619,73,200,true,170,170,73
1767630870620,73,200,true,170,170,73
1767630870621,73,200,true,170,170,73
1767630870622,73,200,true,170,170,73
1767630870623,73,200,true,170,170,73
1767630870624,73,200,true,170,170,73
1767630870625,73,200,true,170,170,73
1767630870626,73,200,true,170,170,73
1767630870627,73,200,true,170,170,73
1767630870627,73,200,true,170,170,73
1767630870628,73,200,true,170,170,73
1767630870629,73,200,true,170,170,73
1767630870630,73,200,true,170,170,73
1767630870631,73,200,true,170,170,73
1767630870632,73,200,true,170,170,73
1767630870633,73,200,true,170,170,73
1767630870634,73,200,true,170,170,73
1767630870635,73,200,true,170,170,73
1767630870636,73,200,true,170,170,73
1767630870636,74,200,true,170,170,74
1767630870638,73,200,true,170,170,73
1767630870638,73,200,true,170,170,73
1767630870639,73,200,true,170,170,73
1767630870640,73,200,true,170,170,73
1767630870641,73,200,true,170,170,73
1767630870642,73,200,true,170,170,73
1767630870643,73,200,true,170,170,73
1767630870644,73,200,true,170,170,73
1767630870645,73,200,true,170,170,73
1767630870646,73,200,true,170,170,73
1767630870647,73,200,true,170,170,73
1767630870648,73,200,true,170,170,73
1767630870648,74,200,true,170,170,74
1767630870649,74,200,true,170,170,74
1767630870577,147,200,true,170,170,147
1767630868690,2034,200,true,170,170,2034
1767630870651,75,200,true,170,170,75
1767630870652,74,200,true,170,170,74
1767630870653,74,200,true,170,170,74
1767630870654,74,200,true,170,170,74
1767630870655,74,200,true,170,170,74
1767630870656,74,200,true,170,170,74
1767630870657,74,200,true,170,170,74
1767630870658,74,200,true,170,170,74
1767630870659,74,200,true,170,170,74
1767630870660,74,200,true,170,170,74
1767630870661,73,200,true,170,170,73
1767630870662,73,200,true,170,170,73
1767630870662,75,200,true,170,170,75
1767630870663,74,200,true,170,170,74
1767630870664,74,200,true,170,170,74
1767630870665,74,200,true,170,170,74
1767630870666,74,200,true,170,170,74
1767630870667,74,200,true,170,170,74
1767630870668,74,200,true,170,170,74
1767630870669,74,200,true,170,170,74
1767630870670,74,200,true,170,170,74
1767630870671,74,200,true,170,170,74
1767630870672,73,200,true,170,170,73
1767630870673,73,200,true,170,170,73
1767630870674,73,200,true,170,170,73
1767630870674,74,200,true,170,170,74
1767630870675,74,200,true,170,170,74
1767630870676,74,200,true,170,170,74
1767630870677,74,200,true,170,170,74
1767630870678,74,200,true,170,170,74
1767630870679,74,200,true,170,170,74
1767630870680,74,200,true,170,170,74
1767630870681,74,200,true,170,170,74
1767630870682,74,200,true,170,170,74
1767630870682,74,200,true,170,170,74
1767630870683,74,200,true,170,170,74
1767630870684,74,200,true,170,170,74
1767630870685,74,200,true,170,170,74
1767630870686,74,200,true,170,170,74
1767630870687,74,200,true,170,170,74
1767630870688,74,200,true,170,170,74
1767630870689,74,200,true,170,170,74
1767630870690,74,200,true,170,170,74
1767630870691,73,200,true,170,170,73
1767630870692,73,200,true,170,170,73
1767630870692,74,200,true,170,170,74
1767630870693,74,200,true,170,170,74
1767630870694,74,200,true,170,170,74
1767630870695,74,200,true,170,170,74
1767630870696,74,200,true,170,170,74
1767630870697,74,200,true,170,170,74
1767630870698,74,200,true,170,170,74
1767630870699,74,200,true,170,170,74
1767630870700,74,200,true,170,170,74
1767630870701,74,200,true,170,170,74
1767630870701,75,200,true,170,170,75
1767630870702,75,200,true,170,170,75
1767630870703,75,200,true,170,170,75
1767630870704,74,200,true,170,170,74
1767630870705,74,200,true,170,170,74
1767630870706,74,200,true,170,170,74
1767630870707,74,200,true,170,170,74
1767630870708,74,200,true,170,170,74
1767630870709,74,200,true,170,170,74
1767630870710,74,200,true,170,170,74
1767630870711,74,200,true,170,170,74
1767630870712,74,200,true,170,170,74
1767630870712,75,200,true,170,170,75
1767630870713,75,200,true,170,170,75
1767630870714,75,200,true,170,170,75
1767630870715,75,200,true,170,170,75
1767630870716,75,200,true,170,170,75
1767630870717,75,200,true,170,170,75
1767630870718,75,200,true,170,170,75
1767630870719,74,200,true,170,170,74
1767630870720,74,200,true,170,170,74
1767630870721,74,200,true,170,170,74
1767630870722,74,200,true,170,170,74
1767630870723,74,200,true,170,170,74
1767630870724,74,200,true,170,170,74
1767630870650,149,200,true,170,170,149
1767630868690,2109,200,true,170,170,2109
1767630870726,75,200,true,170,170,75
1767630870726,76,200,true,170,170,76
1767630870727,76,200,true,170,170,76
1767630870728,76,200,true,170,170,76
1767630870729,76,200,true,170,170,76
1767630870730,76,200,true,170,170,76
1767630870731,76,200,true,170,170,76
1767630870732,76,200,true,170,170,76
1767630870733,75,200,true,170,170,75
1767630870734,75,200,true,170,170,75
1767630870734,76,200,true,170,170,76
1767630870735,76,200,true,170,170,76
1767630870737,75,200,true,170,170,75
1767630870738,75,200,true,170,170,75
1767630870738,76,200,true,170,170,76
1767630870739,76,200,true,170,170,76
1767630870740,76,200,true,170,170,76
1767630870741,76,200,true,170,170,76
1767630870742,75,200,true,170,170,75
1767630870743,75,200,true,170,170,75
1767630870744,75,200,true,170,170,75
1767630870745,75,200,true,170,170,75
1767630870746,76,200,true,170,170,76
1767630870746,76,200,true,170,170,76
1767630870747,76,200,true,170,170,76
1767630870748,76,200,true,170,170,76
1767630870749,76,200,true,170,170,76
1767630870750,76,200,true,170,170,76
1767630870751,76,200,true,170,170,76
1767630870752,76,200,true,170,170,76
1767630870753,76,200,true,170,170,76
1767630870754,76,200,true,170,170,76
1767630870755,76,200,true,170,170,76
1767630870756,75,200,true,170,170,75
1767630870756,76,200,true,170,170,76
1767630870757,76,200,true,170,170,76
1767630870758,76,200,true,170,170,76
1767630870759,76,200,true,170,170,76
1767630870760,76,200,true,170,170,76
1767630870761,76,200,true,170,170,76
1767630870762,76,200,true,170,170,76
1767630870763,76,200,true,170,170,76
1767630870764,76,200,true,170,170,76
1767630870765,76,200,true,170,170,76
1767630870765,77,200,true,170,170,77
1767630870766,77,200,true,170,170,77
1767630870767,76,200,true,170,170,76
1767630870768,76,200,true,170,170,76
1767630870769,76,200,true,170,170,76
1767630870770,76,200,true,170,170,76
1767630870771,76,200,true,170,170,76
1767630870772,76,200,true,170,170,76
1767630870773,76,200,true,170,170,76
1767630870774,76,200,true,170,170,76
1767630870775,76,200,true,170,170,76
1767630870776,76,200,true,170,170,76
1767630870777,76,200,true,170,170,76
1767630870778,76,200,true,170,170,76
1767630870778,77,200,true,170,170,77
1767630870779,77,200,true,170,170,77
1767630870780,76,200,true,170,170,76
1767630870781,76,200,true,170,170,76
1767630870782,76,200,true,170,170,76
1767630870783,76,200,true,170,170,76
1767630870784,76,200,true,170,170,76
1767630870785,76,200,true,170,170,76
1767630870786,76,200,true,170,170,76
1767630870787,76,200,true,170,170,76
1767630870788,76,200,true,170,170,76
1767630870789,75,200,true,170,170,75
1767630870790,75,200,true,170,170,75
1767630870791,75,200,true,170,170,75
1767630870792,75,200,true,170,170,75
1767630870793,75,200,true,170,170,75
1767630870794,75,200,true,170,170,75
1767630870794,76,200,true,170,170,76
1767630870795,76,200,true,170,170,76
1767630870796,76,200,true,170,170,76
1767630870797,76,200,true,170,170,76
1767630870798,76,200,true,170,170,76
1767630870799,76,200,true,170,170,76
1767630870725,151,200,true,170,170,151
1767630868690,2186,200,true,170,170,2186
1767630870801,77,200,true,170,170,77
1767630870802,77,200,true,170,170,77
1767630870803,76,200,true,170,170,76
1767630870804,76,200,true,170,170,76
1767630870805,76,200,true,170,170,76
1767630870806,76,200,true,170,170,76
1767630870807,76,200,true,170,170,76
1767630870808,76,200,true,170,170,76
1767630870808,77,200,true,170,170,77
1767630870809,77,200,true,170,170,77
1767630870810,77,200,true,170,170,77
1767630870811,77,200,true,170,170,77
1767630870812,77,200,true,170,170,77
1767630870813,77,200,true,170,170,77
1767630870814,77,200,true,170,170,77
1767630870815,77,200,true,170,170,77
1767630870816,77,200,true,170,170,77
1767630870817,76,200,true,170,170,76
1767630870818,76,200,true,170,170,76
1767630870819,76,200,true,170,170,76
1767630870819,77,200,true,170,170,77
1767630870820,77,200,true,170,170,77
1767630870822,76,200,true,170,170,76
1767630870823,76,200,true,170,170,76
1767630870823,77,200,true,170,170,77
1767630870824,77,200,true,170,170,77
1767630870825,76,200,true,170,170,76
1767630870826,77,200,true,170,170,77
1767630870827,76,200,true,170,170,76
1767630870828,77,200,true,170,170,77
1767630870829,77,200,true,170,170,77
1767630870830,77,200,true,170,170,76
1767630870831,76,200,true,170,170,76
1767630870832,76,200,true,170,170,76
1767630870832,77,200,true,170,170,77
1767630870833,77,200,true,170,170,77
1767630870834,77,200,true,170,170,77
1767630870835,77,200,true,170,170,77
1767630870836,77,200,true,170,170,77
1767630870837,77,200,true,170,170,77
1767630870838,77,200,true,170,170,77
1767630870839,76,200,true,170,170,76
1767630870840,76,200,true,170,170,76
1767630870841,76,200,true,170,170,76
1767630870842,76,200,true,170,170,76
1767630870843,76,200,true,170,170,76
1767630870844,76,200,true,170,170,76
1767630870845,76,200,true,170,170,76
1767630870845,77,200,true,170,170,77
1767630870846,77,200,true,170,170,77
1767630870847,77,200,true,170,170,77
1767630870848,77,200,true,170,170,77
1767630870849,77,200,true,170,170,77
1767630870850,77,200,true,170,170,77
1767630870851,76,200,true,170,170,76
1767630870852,76,200,true,170,170,76
1767630870853,76,200,true,170,170,76
1767630870854,76,200,true,170,170,76
1767630870855,76,200,true,170,170,76
1767630870856,76,200,true,170,170,76
1767630870856,77,200,true,170,170,77
1767630870857,77,200,true,170,170,77
1767630870858,77,200,true,170,170,77
1767630870859,77,200,true,170,170,77
1767630870860,77,200,true,170,170,77
1767630870861,76,200,true,170,170,76
1767630870862,77,200,true,170,170,77
1767630870863,77,200,true,170,170,77
1767630870864,77,200,true,170,170,77
1767630870865,76,200,true,170,170,76
1767630870865,77,200,true,170,170,77
1767630870866,77,200,true,170,170,77
1767630870867,77,200,true,170,170,77
1767630870868,77,200,true,170,170,77
1767630870869,77,200,true,170,170,77
1767630870870,77,200,true,170,170,77
1767630870871,77,200,true,170,170,77
1767630870872,77,200,true,170,170,77
1767630870873,77,200,true,170,170,77
1767630870874,77,200,true,170,170,76
1767630870875,76,200,true,170,170,76
1767630870876,76,200,true,170,170,76
1767630870800,153,200,true,170,170,153
1767630868687,2268,200,true,170,170,2268
1767630870878,80,200,true,170,170,80
1767630870879,81,200,true,170,170,81
1767630870880,83,200,true,170,170,83
1767630870880,85,200,true,170,170,85
1767630870881,85,200,true,170,170,85
1767630870882,85,200,true,170,170,85
1767630870883,85,200,true,170,170,85
1767630870884,85,200,true,170,170,85
1767630870885,84,200,true,170,170,84
1767630870886,84,200,true,170,170,84
1767630870887,84,200,true,170,170,84
1767630870888,84,200,true,170,170,84
1767630870889,84,200,true,170,170,84
1767630870890,84,200,true,170,170,84
1767630870891,84,200,true,170,170,84
1767630870892,84,200,true,170,170,84
1767630870893,84,200,true,170,170,84
1767630870893,85,200,true,170,170,85
1767630870894,84,200,true,170,170,84
1767630870895,84,200,true,170,170,84
1767630870896,84,200,true,170,170,84
1767630870897,84,200,true,170,170,84
1767630870898,84,200,true,170,170,84
1767630870899,84,200,true,170,170,84
1767630870900,84,200,true,170,170,84
1767630870901,84,200,true,170,170,84
1767630870902,84,200,true,170,170,84
1767630870903,84,200,true,170,170,84
1767630870903,85,200,true,170,170,85
1767630870905,84,200,true,170,170,84
1767630870906,84,200,true,170,170,84
1767630870907,84,200,true,170,170,84
1767630870908,83,200,true,170,170,83
1767630870908,84,200,true,170,170,84
1767630870909,84,200,true,170,170,84
1767630870910,84,200,true,170,170,84
1767630870911,84,200,true,170,170,84
1767630870912,84,200,true,170,170,84
1767630870913,84,200,true,170,170,84
1767630870914,84,200,true,170,170,84
1767630870915,84,200,true,170,170,84
1767630870915,85,200,true,170,170,85
1767630870916,85,200,true,170,170,85
1767630870917,84,200,true,170,170,84
1767630870918,84,200,true,170,170,84
1767630870919,84,200,true,170,170,84
1767630870920,84,200,true,170,170,84
1767630870921,84,200,true,170,170,84
1767630870922,84,200,true,170,170,84
1767630870923,84,200,true,170,170,84
1767630870924,84,200,true,170,170,84
1767630870925,84,200,true,170,170,84
1767630870926,84,200,true,170,170,84
1767630870927,83,200,true,170,170,83
1767630870928,83,200,true,170,170,83
1767630870928,84,200,true,170,170,84
1767630870929,84,200,true,170,170,84
1767630870930,84,200,true,170,170,84
1767630870931,84,200,true,170,170,84
1767630870932,84,200,true,170,170,84
1767630870933,84,200,true,170,170,84
1767630870934,84,200,true,170,170,84
1767630870935,84,200,true,170,170,84
1767630870936,84,200,true,170,170,84
1767630870937,84,200,true,170,170,84
1767630870937,85,200,true,170,170,85
1767630870939,83,200,true,170,170,83
1767630870940,83,200,true,170,170,83
1767630870941,83,200,true,170,170,83
1767630870942,83,200,true,170,170,83
1767630870942,84,200,true,170,170,84
1767630870943,84,200,true,170,170,84
1767630870944,84,200,true,170,170,84
1767630870945,84,200,true,170,170,84
1767630870946,84,200,true,170,170,84
1767630870947,84,200,true,170,170,84
1767630870948,84,200,true,170,170,84
1767630870949,84,200,true,170,170,84
1767630870950,84,200,true,170,170,84
1767630870951,84,200,true,170,170,84
1767630870951,84,200,true,170,170,84
1767630870952,85,200,true,170,170,85
1767630870953,84,200,true,170,170,84
1767630870877,161,200,true,170,170,161
1767630868690,2348,200,true,170,170,2348
1767630870958,82,200,true,170,170,82
1767630870960,81,200,true,170,170,81
1767630870963,79,200,true,170,170,79
1767630870965,78,200,true,170,170,78
1767630870966,78,200,true,170,170,78
1767630870967,78,200,true,170,170,78
1767630870968,78,200,true,170,170,78
1767630870969,78,200,true,170,170,78
1767630870970,77,200,true,170,170,77
1767630870970,79,200,true,170,170,79
1767630870971,79,200,true,170,170,79
1767630870972,79,200,true,170,170,79
1767630870973,79,200,true,170,170,79
1767630870974,78,200,true,170,170,78
1767630870975,78,200,true,170,170,78
1767630870976,78,200,true,170,170,78
1767630870977,78,200,true,170,170,78
1767630870978,78,200,true,170,170,78
1767630870979,78,200,true,170,170,78
1767630870979,79,200,true,170,170,79
1767630870980,79,200,true,170,170,79
1767630870982,78,200,true,170,170,78
1767630870982,79,200,true,170,170,79
1767630870983,79,200,true,170,170,79
1767630870984,79,200,true,170,170,79
1767630870985,78,200,true,170,170,78
1767630870986,78,200,true,170,170,78
1767630870987,79,200,true,170,170,79
1767630870988,79,200,true,170,170,79
1767630870989,78,200,true,170,170,78
1767630870990,78,200,true,170,170,78
1767630870991,78,200,true,170,170,78
1767630870991,79,200,true,170,170,79
1767630870992,79,200,true,170,170,79
1767630870993,79,200,true,170,170,79
1767630870994,79,200,true,170,170,79
1767630870995,79,200,true,170,170,79
1767630870996,79,200,true,170,170,79
1767630870997,79,200,true,170,170,79
1767630870998,78,200,true,170,170,78
1767630870999,78,200,true,170,170,78
1767630871000,78,200,true,170,170,78
1767630871001,78,200,true,170,170,78
1767630871002,78,200,true,170,170,78
1767630871002,79,200,true,170,170,79
1767630871003,79,200,true,170,170,79
1767630871004,79,200,true,170,170,79
1767630871005,79,200,true,170,170,79
1767630871006,79,200,true,170,170,79
1767630871007,79,200,true,170,170,79
1767630871008,79,200,true,170,170,79
1767630871009,79,200,true,170,170,79
1767630871010,78,200,true,170,170,78
1767630871011,78,200,true,170,170,78
1767630871011,79,200,true,170,170,79
1767630871012,79,200,true,170,170,79
1767630871013,79,200,true,170,170,79
1767630871014,79,200,true,170,170,79
1767630871015,79,200,true,170,170,79
1767630871016,79,200,true,170,170,79
1767630871017,79,200,true,170,170,79
1767630871018,79,200,true,170,170,79
1767630871019,79,200,true,170,170,79
1767630871020,79,200,true,170,170,79
1767630871021,79,200,true,170,170,79
1767630871022,79,200,true,170,170,79
1767630871023,79,200,true,170,170,79
1767630871023,79,200,true,170,170,79
1767630871024,79,200,true,170,170,79
1767630871025,79,200,true,170,170,79
1767630871026,79,200,true,170,170,79
1767630871027,79,200,true,170,170,79
1767630871028,79,200,true,170,170,79
1767630871029,79,200,true,170,170,79
1767630871030,79,200,true,170,170,79
1767630871031,79,200,true,170,170,79
1767630871032,79,200,true,170,170,79
1767630871033,78,200,true,170,170,78
1767630871034,78,200,true,170,170,78
1767630871035,78,200,true,170,170,78
1767630871036,78,200,true,170,170,78
1767630871037,78,200,true,170,170,78
1767630871037,80,200,true,170,170,80
1767630871038,79,200,true,170,170,79
1767630870956,162,200,true,170,170,162
1767630868687,2431,200,true,170,170,2431
1767630871040,80,200,true,170,170,80
1767630871041,80,200,true,170,170,80
1767630871042,80,200,true,170,170,80
1767630871043,80,200,true,170,170,80
1767630871044,80,200,true,170,170,80
1767630871045,80,200,true,170,170,80
1767630871046,80,200,true,170,170,80
1767630871047,79,200,true,170,170,79
1767630871048,79,200,true,170,170,79
1767630871049,79,200,true,170,170,79
1767630871050,79,200,true,170,170,79
1767630871051,79,200,true,170,170,79
1767630871052,79,200,true,170,170,79
1767630871053,79,200,true,170,170,79
1767630871053,80,200,true,170,170,80
1767630871054,80,200,true,170,170,80
1767630871055,80,200,true,170,170,80
1767630871056,80,200,true,170,170,80
1767630871057,80,200,true,170,170,80
1767630871058,80,200,true,170,170,80
1767630871059,79,200,true,170,170,79
1767630871060,79,200,true,170,170,79
1767630871061,79,200,true,170,170,79
1767630871062,79,200,true,170,170,79
1767630871063,79,200,true,170,170,79
1767630871063,80,200,true,170,170,80
1767630871065,79,200,true,170,170,79
1767630871066,79,200,true,170,170,79
1767630871067,79,200,true,170,170,79
1767630871068,79,200,true,170,170,79
1767630871068,80,200,true,170,170,80
1767630871069,80,200,true,170,170,80
1767630871070,80,200,true,170,170,80
1767630871071,80,200,true,170,170,80
1767630871072,80,200,true,170,170,80
1767630871073,79,200,true,170,170,79
1767630871074,79,200,true,170,170,79
1767630871075,79,200,true,170,170,79
1767630871076,79,200,true,170,170,79
1767630871076,80,200,true,170,170,80
1767630871077,80,200,true,170,170,80
1767630871078,80,200,true,170,170,80
1767630871079,80,200,true,170,170,80
1767630871080,80,200,true,170,170,80
1767630871081,79,200,true,170,170,79
1767630871082,79,200,true,170,170,79
1767630871083,79,200,true,170,170,79
1767630871084,79,200,true,170,170,79
1767630871085,79,200,true,170,170,79
1767630871086,79,200,true,170,170,79
1767630871087,79,200,true,170,170,79
1767630871088,79,200,true,170,170,79
1767630871089,79,200,true,170,170,79
1767630871089,80,200,true,170,170,80
1767630871090,80,200,true,170,170,80
1767630871091,80,200,true,170,170,80
1767630871092,80,200,true,170,170,80
1767630871093,79,200,true,170,170,79
1767630871094,79,200,true,170,170,79
1767630871095,79,200,true,170,170,79
1767630871096,79,200,true,170,170,79
1767630871097,79,200,true,170,170,79
1767630871098,79,200,true,170,170,79
1767630871099,79,200,true,170,170,79
1767630871100,79,200,true,170,170,79
1767630871101,79,200,true,170,170,79
1767630871102,79,200,true,170,170,79
1767630871102,80,200,true,170,170,80
1767630871103,80,200,true,170,170,80
1767630871104,80,200,true,170,170,80
1767630871105,80,200,true,170,170,80
1767630871106,80,200,true,170,170,80
1767630871107,79,200,true,170,170,79
1767630871108,79,200,true,170,170,79
1767630871109,79,200,true,170,170,79
1767630871110,79,200,true,170,170,79
1767630871111,79,200,true,170,170,79
1767630871112,79,200,true,170,170,79
1767630871112,80,200,true,170,170,80
1767630871113,80,200,true,170,170,80
1767630871114,80,200,true,170,170,80
1767630871115,80,200,true,170,170,80
1767630871117,78,200,true,170,170,78
1767630871117,79,200,true,170,170,79
1767630871118,79,200,true,170,170,79
1767630871039,159,200,true,170,170,159
1767630868695,2504,200,true,170,170,2504
1767630871120,80,200,true,170,170,80
1767630871121,80,200,true,170,170,80
1767630871122,80,200,true,170,170,80
1767630871123,80,200,true,170,170,80
1767630871124,80,200,true,170,170,80
1767630871125,80,200,true,170,170,80
1767630871126,80,200,true,170,170,80
1767630871126,81,200,true,170,170,81
1767630871127,81,200,true,170,170,81
1767630871128,80,200,true,170,170,80
1767630871129,80,200,true,170,170,80
1767630871130,80,200,true,170,170,80
1767630871131,80,200,true,170,170,80
1767630871132,80,200,true,170,170,80
1767630871133,80,200,true,170,170,80
1767630871134,80,200,true,170,170,80
1767630871135,80,200,true,170,170,80
1767630871136,80,200,true,170,170,80
1767630871137,80,200,true,170,170,80
1767630871138,80,200,true,170,170,80
1767630871139,80,200,true,170,170,80
1767630871139,81,200,true,170,170,81
1767630871140,81,200,true,170,170,81
1767630871141,81,200,true,170,170,81
1767630871142,80,200,true,170,170,80
1767630871143,80,200,true,170,170,80
1767630871144,80,200,true,170,170,80
1767630871145,80,200,true,170,170,80
1767630871146,80,200,true,170,170,80
1767630871147,80,200,true,170,170,80
1767630871148,80,200,true,170,170,80
1767630871149,80,200,true,170,170,80
1767630871150,80,200,true,170,170,80
1767630871151,79,200,true,170,170,79
1767630871152,79,200,true,170,170,79
1767630871153,80,200,true,170,170,80
1767630871153,80,200,true,170,170,80
1767630871154,80,200,true,170,170,80
1767630871155,80,200,true,170,170,80
1767630871156,80,200,true,170,170,80
1767630871157,80,200,true,170,170,80
1767630871158,80,200,true,170,170,80
1767630871159,80,200,true,170,170,80
1767630871160,80,200,true,170,170,80
1767630871160,81,200,true,170,170,81
1767630871161,80,200,true,170,170,80
1767630871162,80,200,true,170,170,80
1767630871163,80,200,true,170,170,80
1767630871164,80,200,true,170,170,80
1767630871165,80,200,true,170,170,80
1767630871166,80,200,true,170,170,80
1767630871167,80,200,true,170,170,80
1767630871168,80,200,true,170,170,80
1767630871169,80,200,true,170,170,80
1767630871170,80,200,true,170,170,80
1767630871171,80,200,true,170,170,80
1767630871172,80,200,true,170,170,80
1767630871173,80,200,true,170,170,80
1767630871173,81,200,true,170,170,81
1767630871174,80,200,true,170,170,80
1767630871175,80,200,true,170,170,80
1767630871176,80,200,true,170,170,80
1767630871177,80,200,true,170,170,80
1767630871178,80,200,true,170,170,80
1767630871179,80,200,true,170,170,80
1767630871180,80,200,true,170,170,80
1767630871181,80,200,true,170,170,80
1767630871182,80,200,true,170,170,80
1767630871183,80,200,true,170,170,80
1767630871184,79,200,true,170,170,79
1767630871185,79,200,true,170,170,79
1767630871186,80,200,true,170,170,80
1767630871187,79,200,true,170,170,79
1767630871187,80,200,true,170,170,80
1767630871188,80,200,true,170,170,80
1767630871189,80,200,true,170,170,80
1767630871190,80,200,true,170,170,80
1767630871191,80,200,true,170,170,80
1767630871192,80,200,true,170,170,80
1767630871193,80,200,true,170,170,80
1767630871194,80,200,true,170,170,80
1767630871195,80,200,true,170,170,80
1767630871196,79,200,true,170,170,79
1767630871197,79,200,true,170,170,79
1767630871197,80,200,true,170,170,80
1767630871198,80,200,true,170,170,80
1767630871119,160,200,true,170,170,160
1767630868687,2592,200,true,170,170,2592
1767630871200,81,200,true,170,170,81
1767630871201,81,200,true,170,170,81
1767630871202,81,200,true,170,170,81
1767630871203,81,200,true,170,170,81
1767630871204,81,200,true,170,170,81
1767630871205,81,200,true,170,170,81
1767630871206,81,200,true,170,170,81
1767630871207,81,200,true,170,170,81
1767630871208,81,200,true,170,170,81
1767630871209,80,200,true,170,170,80
1767630871210,80,200,true,170,170,80
1767630871210,81,200,true,170,170,81
1767630871211,81,200,true,170,170,81
1767630871212,81,200,true,170,170,81
1767630871213,81,200,true,170,170,81
1767630871214,81,200,true,170,170,81
1767630871215,81,200,true,170,170,81
1767630871216,81,200,true,170,170,81
1767630871217,81,200,true,170,170,81
1767630871218,80,200,true,170,170,80
1767630871219,81,200,true,170,170,81
1767630871220,81,200,true,170,170,81
1767630871221,81,200,true,170,170,81
1767630871222,80,200,true,170,170,80
1767630871222,81,200,true,170,170,81
1767630871223,81,200,true,170,170,81
1767630871224,81,200,true,170,170,81
1767630871225,81,200,true,170,170,81
1767630871226,81,200,true,170,170,81
1767630871227,81,200,true,170,170,81
1767630871228,81,200,true,170,170,81
1767630871229,81,200,true,170,170,81
1767630871230,81,200,true,170,170,81
1767630871230,82,200,true,170,170,82
1767630871232,80,200,true,170,170,80
1767630871233,80,200,true,170,170,80
1767630871233,81,200,true,170,170,81
1767630871234,81,200,true,170,170,81
1767630871235,81,200,true,170,170,81
1767630871236,81,200,true,170,170,81
1767630871237,81,200,true,170,170,81
1767630871238,81,200,true,170,170,81
1767630871239,81,200,true,170,170,81
1767630871240,81,200,true,170,170,81
1767630871241,81,200,true,170,170,81
1767630871242,81,200,true,170,170,81
1767630871242,82,200,true,170,170,82
1767630871243,82,200,true,170,170,82
1767630871244,81,200,true,170,170,81
1767630871245,81,200,true,170,170,81
1767630871246,81,200,true,170,170,81
1767630871247,81,200,true,170,170,81
1767630871248,81,200,true,170,170,81
1767630871249,81,200,true,170,170,81
1767630871250,81,200,true,170,170,81
1767630871251,81,200,true,170,170,81
1767630871252,81,200,true,170,170,81
1767630871253,81,200,true,170,170,81
1767630871254,81,200,true,170,170,81
1767630871255,81,200,true,170,170,81
1767630871255,82,200,true,170,170,82
1767630871256,82,200,true,170,170,82
1767630871257,82,200,true,170,170,82
1767630871258,82,200,true,170,170,82
1767630871259,81,200,true,170,170,81
1767630871260,81,200,true,170,170,81
1767630871261,81,200,true,170,170,81
1767630871262,81,200,true,170,170,81
1767630871263,81,200,true,170,170,81
1767630871264,81,200,true,170,170,81
1767630871264,82,200,true,170,170,82
1767630871266,81,200,true,170,170,81
1767630871266,82,200,true,170,170,82
1767630871267,82,200,true,170,170,82
1767630871268,82,200,true,170,170,82
1767630871269,82,200,true,170,170,82
1767630871270,82,200,true,170,170,82
1767630871271,82,200,true,170,170,82
1767630871272,81,200,true,170,170,81
1767630871273,81,200,true,170,170,81
1767630871274,81,200,true,170,170,81
1767630871275,81,200,true,170,170,81
1767630871276,81,200,true,170,170,81
1767630871276,82,200,true,170,170,82
1767630871277,82,200,true,170,170,82
1767630871278,82,200,true,170,170,82
1767630871279,82,200,true,170,170,82
1767630871200,162,200,true,170,170,162
1767630868700,2663,200,true,170,170,2663
1767630871281,83,200,true,170,170,82
1767630871282,82,200,true,170,170,82
1767630871283,82,200,true,170,170,82
1767630871284,82,200,true,170,170,82
1767630871285,82,200,true,170,170,82
1767630871286,82,200,true,170,170,82
1767630871287,82,200,true,170,170,82
1767630871288,82,200,true,170,170,82
1767630871289,82,200,true,170,170,82
1767630871290,82,200,true,170,170,82
1767630871290,83,200,true,170,170,83
1767630871291,83,200,true,170,170,83
1767630871292,83,200,true,170,170,83
1767630871293,83,200,true,170,170,83
1767630871294,83,200,true,170,170,83
1767630871295,82,200,true,170,170,82
1767630871296,82,200,true,170,170,82
1767630871297,82,200,true,170,170,82
1767630871298,82,200,true,170,170,82
1767630871299,82,200,true,170,170,82
1767630871300,82,200,true,170,170,82
1767630871301,82,200,true,170,170,82
1767630871302,82,200,true,170,170,82
1767630871302,83,200,true,170,170,83
1767630871303,83,200,true,170,170,83
1767630871304,83,200,true,170,170,83
1767630871305,83,200,true,170,170,83
1767630871306,83,200,true,170,170,83
1767630871307,83,200,true,170,170,83
1767630871308,82,200,true,170,170,82
1767630871309,82,200,true,170,170,82
1767630871310,82,200,true,170,170,82
1767630871311,82,200,true,170,170,82
1767630871312,82,200,true,170,170,82
1767630871312,83,200,true,170,170,83
1767630871313,83,200,true,170,170,83
1767630871314,83,200,true,170,170,83
1767630871315,83,200,true,170,170,83
1767630871316,82,200,true,170,170,82
1767630871317,82,200,true,170,170,82
1767630871318,83,200,true,170,170,83
1767630871319,82,200,true,170,170,82
1767630871320,82,200,true,170,170,82
1767630871321,82,200,true,170,170,82
1767630871322,82,200,true,170,170,82
1767630871323,82,200,true,170,170,82
1767630871324,82,200,true,170,170,82
1767630871325,82,200,true,170,170,82
1767630871326,82,200,true,170,170,82
1767630871326,83,200,true,170,170,83
1767630871327,83,200,true,170,170,82
1767630871328,82,200,true,170,170,82
1767630871329,82,200,true,170,170,82
1767630871330,82,200,true,170,170,82
1767630871331,82,200,true,170,170,82
1767630871332,82,200,true,170,170,82
1767630871333,82,200,true,170,170,82
1767630871334,82,200,true,170,170,82
1767630871335,82,200,true,170,170,82
1767630871336,82,200,true,170,170,82
1767630871337,82,200,true,170,170,82
1767630871338,82,200,true,170,170,82
1767630871339,82,200,true,170,170,82
1767630871340,82,200,true,170,170,82
1767630871341,81,200,true,170,170,81
1767630871341,82,200,true,170,170,82
1767630871342,82,200,true,170,170,82
1767630871343,82,200,true,170,170,82
1767630871344,82,200,true,170,170,82
1767630871345,82,200,true,170,170,82
1767630871346,82,200,true,170,170,82
1767630871347,82,200,true,170,170,82
1767630871348,82,200,true,170,170,82
1767630871349,82,200,true,170,170,82
1767630871350,81,200,true,170,170,81
1767630871351,81,200,true,170,170,81
1767630871352,81,200,true,170,170,81
1767630871353,82,200,true,170,170,82
1767630871353,82,200,true,170,170,82
1767630871354,82,200,true,170,170,82
1767630871355,82,200,true,170,170,82
1767630871356,82,200,true,170,170,82
1767630871357,82,200,true,170,170,82
1767630871358,82,200,true,170,170,82
1767630871359,82,200,true,170,170,82
1767630871360,82,200,true,170,170,82
1767630871361,82,200,true,170,170,82
1767630871362,82,200,true,170,170,82
1767630871280,165,200,true,170,170,165
1767630868697,2748,200,true,170,170,2748
1767630871364,82,200,true,170,170,82
1767630871365,82,200,true,170,170,82
1767630871366,82,200,true,170,170,82
1767630871366,83,200,true,170,170,83
1767630871368,82,200,true,170,170,82
1767630871368,83,200,true,170,170,83
1767630871369,83,200,true,170,170,83
1767630871370,83,200,true,170,170,83
1767630871371,83,200,true,170,170,83
1767630871372,83,200,true,170,170,83
1767630871373,83,200,true,170,170,83
1767630871374,83,200,true,170,170,83
1767630871375,83,200,true,170,170,83
1767630871376,83,200,true,170,170,83
1767630871377,83,200,true,170,170,83
1767630871378,83,200,true,170,170,83
1767630871378,83,200,true,170,170,83
1767630871379,83,200,true,170,170,83
1767630871380,83,200,true,170,170,83
1767630871381,83,200,true,170,170,83
1767630871382,83,200,true,170,170,83
1767630871383,83,200,true,170,170,83
1767630871384,83,200,true,170,170,83
1767630871385,83,200,true,170,170,83
1767630871386,83,200,true,170,170,83
1767630871387,83,200,true,170,170,83
1767630871388,83,200,true,170,170,83
1767630871389,83,200,true,170,170,83
1767630871390,83,200,true,170,170,83
1767630871391,83,200,true,170,170,83
1767630871391,84,200,true,170,170,84
1767630871392,83,200,true,170,170,83
1767630871393,83,200,true,170,170,83
1767630871394,83,200,true,170,170,83
1767630871395,83,200,true,170,170,83
1767630871396,83,200,true,170,170,83
1767630871397,83,200,true,170,170,83
1767630871398,83,200,true,170,170,83
1767630871399,83,200,true,170,170,83
1767630871399,84,200,true,170,170,84
1767630871401,82,200,true,170,170,82
1767630871402,83,200,true,170,170,83
1767630871402,84,200,true,170,170,84
1767630871403,83,200,true,170,170,83
1767630871404,83,200,true,170,170,83
1767630871405,83,200,true,170,170,83
1767630871406,83,200,true,170,170,83
1767630871407,83,200,true,170,170,83
1767630871408,83,200,true,170,170,83
1767630871409,83,200,true,170,170,83
1767630871410,83,200,true,170,170,83
1767630871410,84,200,true,170,170,84
1767630871411,83,200,true,170,170,83
1767630871412,83,200,true,170,170,83
1767630871413,83,200,true,170,170,83
1767630871414,83,200,true,170,170,83
1767630871415,83,200,true,170,170,83
1767630871416,83,200,true,170,170,83
1767630871417,83,200,true,170,170,83
1767630871418,83,200,true,170,170,83
1767630871419,83,200,true,170,170,83
1767630871420,83,200,true,170,170,83
1767630871421,83,200,true,170,170,83
1767630871422,83,200,true,170,170,83
1767630871423,83,200,true,170,170,83
1767630871423,83,200,true,170,170,83
1767630871424,83,200,true,170,170,83
1767630871425,83,200,true,170,170,83
1767630871426,83,200,true,170,170,83
1767630871427,83,200,true,170,170,83
1767630871428,83,200,true,170,170,83
1767630871429,83,200,true,170,170,83
1767630871430,83,200,true,170,170,83
1767630871431,83,200,true,170,170,83
1767630871432,83,200,true,170,170,83
1767630871432,83,200,true,170,170,83
1767630871433,83,200,true,170,170,83
1767630871435,82,200,true,170,170,82
1767630871435,84,200,true,170,170,84
1767630871436,84,200,true,170,170,83
1767630871437,83,200,true,170,170,83
1767630871438,83,200,true,170,170,83
1767630871439,83,200,true,170,170,83
1767630871440,83,200,true,170,170,83
1767630871441,83,200,true,170,170,83
1767630871442,83,200,true,170,170,83
1767630871443,83,200,true,170,170,83
1767630871444,83,200,true,170,170,83
1767630871445,83,200,true,170,170,83
1767630871363,166,200,true,170,170,166
1767630868688,2841,200,true,170,170,2841
1767630871446,84,200,true,170,170,84
1767630871447,84,200,true,170,170,84
1767630871448,84,200,true,170,170,84
1767630871449,84,200,true,170,170,84
1767630871450,84,200,true,170,170,84
1767630871452,83,200,true,170,170,83
1767630871453,83,200,true,170,170,83
1767630871453,84,200,true,170,170,84
1767630871454,84,200,true,170,170,84
1767630871455,84,200,true,170,170,84
1767630871456,84,200,true,170,170,84
1767630871457,84,200,true,170,170,84
1767630871458,84,200,true,170,170,84
1767630871459,84,200,true,170,170,84
1767630871460,84,200,true,170,170,83
1767630871461,83,200,true,170,170,83
1767630871462,83,200,true,170,170,83
1767630871462,84,200,true,170,170,84
1767630871463,84,200,true,170,170,84
1767630871464,84,200,true,170,170,84
1767630871465,84,200,true,170,170,84
1767630871466,84,200,true,170,170,84
1767630871467,84,200,true,170,170,84
1767630871468,84,200,true,170,170,84
1767630871469,84,200,true,170,170,84
1767630871470,84,200,true,170,170,84
1767630871471,84,200,true,170,170,84
1767630871472,84,200,true,170,170,84
1767630871473,83,200,true,170,170,83
1767630871474,83,200,true,170,170,83
1767630871475,83,200,true,170,170,83
1767630871476,83,200,true,170,170,83
1767630871476,84,200,true,170,170,84
1767630871477,84,200,true,170,170,84
1767630871478,84,200,true,170,170,84
1767630871479,84,200,true,170,170,84
1767630871480,83,200,true,170,170,83
1767630871481,83,200,true,170,170,83
1767630871482,83,200,true,170,170,83
1767630871483,83,200,true,170,170,83
1767630871484,83,200,true,170,170,83
1767630871485,83,200,true,170,170,83
1767630871486,83,200,true,170,170,83
1767630871487,83,200,true,170,170,83
1767630871487,84,200,true,170,170,84
1767630871488,84,200,true,170,170,84
1767630871489,84,200,true,170,170,84
1767630871490,84,200,true,170,170,84
1767630871491,83,200,true,170,170,83
1767630871492,83,200,true,170,170,83
1767630871493,83,200,true,170,170,83
1767630871494,83,200,true,170,170,83
1767630871495,83,200,true,170,170,83
1767630871495,84,200,true,170,170,84
1767630871496,84,200,true,170,170,84
1767630871497,84,200,true,170,170,84
1767630871498,84,200,true,170,170,84
1767630871499,84,200,true,170,170,84
1767630871500,83,200,true,170,170,83
1767630871501,84,200,true,170,170,84
1767630871502,84,200,true,170,170,84
1767630871503,84,200,true,170,170,84
1767630871504,83,200,true,170,170,83
1767630871505,83,200,true,170,170,83
1767630871506,83,200,true,170,170,83
1767630871507,83,200,true,170,170,83
1767630871507,84,200,true,170,170,84
1767630871508,84,200,true,170,170,84
1767630871509,84,200,true,170,170,84
1767630871510,84,200,true,170,170,84
1767630871511,84,200,true,170,170,84
1767630871512,84,200,true,170,170,84
1767630871513,83,200,true,170,170,83
1767630871514,83,200,true,170,170,83
1767630871515,83,200,true,170,170,83
1767630871516,83,200,true,170,170,83
1767630871516,84,200,true,170,170,84
1767630871517,84,200,true,170,170,84
1767630871519,83,200,true,170,170,83
1767630871520,83,200,true,170,170,83
1767630871520,84,200,true,170,170,84
1767630871521,84,200,true,170,170,84
1767630871522,84,200,true,170,170,84
1767630871523,84,200,true,170,170,84
1767630871524,84,200,true,170,170,84
1767630871525,84,200,true,170,170,84
1767630871526,83,200,true,170,170,83
1767630871527,83,200,true,170,170,83
1767630871528,83,200,true,170,170,83
1767630871529,83,200,true,170,170,83
1767630871446,167,200,true,170,170,167
1767630868699,2914,200,true,170,170,2914
1767630871530,85,200,true,170,170,85
1767630871531,85,200,true,170,170,85
1767630871532,85,200,true,170,170,85
1767630871533,85,200,true,170,170,85
1767630871534,85,200,true,170,170,85
1767630871535,85,200,true,170,170,85
1767630871536,85,200,true,170,170,85
1767630871537,85,200,true,170,170,85
1767630871538,85,200,true,170,170,85
1767630871539,84,200,true,170,170,84
1767630871540,84,200,true,170,170,84
1767630871541,84,200,true,170,170,84
1767630871542,84,200,true,170,170,84
1767630871543,84,200,true,170,170,84
1767630871544,84,200,true,170,170,84
1767630871544,85,200,true,170,170,85
1767630871545,85,200,true,170,170,85
1767630871546,85,200,true,170,170,85
1767630871547,85,200,true,170,170,85
1767630871548,84,200,true,170,170,84
1767630871549,84,200,true,170,170,84
1767630871550,84,200,true,170,170,84
1767630871551,84,200,true,170,170,84
1767630871552,84,200,true,170,170,84
1767630871553,84,200,true,170,170,84
1767630871554,84,200,true,170,170,84
1767630871555,84,200,true,170,170,84
1767630871556,84,200,true,170,170,84
1767630871557,84,200,true,170,170,84
1767630871557,85,200,true,170,170,85
1767630871558,85,200,true,170,170,85
1767630871559,84,200,true,170,170,84
1767630871560,84,200,true,170,170,84
1767630871561,84,200,true,170,170,84
1767630871562,84,200,true,170,170,84
1767630871563,84,200,true,170,170,84
1767630871564,84,200,true,170,170,84
1767630871564,85,200,true,170,170,85
1767630871565,85,200,true,170,170,85
1767630871566,85,200,true,170,170,85
1767630871567,85,200,true,170,170,85
1767630871568,85,200,true,170,170,85
1767630871569,85,200,true,170,170,85
1767630871570,85,200,true,170,170,84
1767630871571,84,200,true,170,170,84
1767630871572,84,200,true,170,170,84
1767630871573,84,200,true,170,170,84
1767630871574,84,200,true,170,170,84
1767630871575,84,200,true,170,170,84
1767630871575,85,200,true,170,170,85
1767630871576,85,200,true,170,170,85
1767630871577,85,200,true,170,170,85
1767630871578,85,200,true,170,170,85
1767630871579,84,200,true,170,170,84
1767630871580,84,200,true,170,170,84
1767630871581,84,200,true,170,170,84
1767630871582,84,200,true,170,170,84
1767630871583,84,200,true,170,170,84
1767630871584,84,200,true,170,170,84
1767630871585,84,200,true,170,170,84
1767630871586,84,200,true,170,170,84
1767630871587,84,200,true,170,170,84
1767630871587,85,200,true,170,170,85
1767630871588,85,200,true,170,170,85
1767630871589,85,200,true,170,170,85
1767630871590,85,200,true,170,170,85
1767630871591,85,200,true,170,170,85
1767630871592,84,200,true,170,170,84
1767630871593,84,200,true,170,170,84
1767630871594,84,200,true,170,170,84
1767630871595,84,200,true,170,170,84
1767630871596,84,200,true,170,170,84
1767630871597,84,200,true,170,170,84
1767630871597,85,200,true,170,170,85
1767630871598,85,200,true,170,170,85
1767630871599,85,200,true,170,170,85
1767630871600,85,200,true,170,170,84
1767630871601,85,200,true,170,170,85
1767630871602,85,200,true,170,170,85
1767630871603,85,200,true,170,170,85
1767630871604,84,200,true,170,170,84
1767630871605,84,200,true,170,170,84
1767630871606,84,200,true,170,170,84
1767630871607,84,200,true,170,170,84
1767630871608,84,200,true,170,170,84
1767630871609,84,200,true,170,170,84
1767630871610,84,200,true,170,170,84
1767630871610,85,200,true,170,170,85
1767630871611,85,200,true,170,170,85
1767630871612,85,200,true,170,170,85
1767630871613,84,200,true,170,170,84
1767630871530,168,200,true,170,170,168
1767630868695,3004,200,true,170,170,3004
1767630871615,85,200,true,170,170,85
1767630871616,85,200,true,170,170,85
1767630871617,86,200,true,170,170,86
1767630871618,85,200,true,170,170,85
1767630871619,85,200,true,170,170,85
1767630871620,85,200,true,170,170,85
1767630871621,85,200,true,170,170,85
1767630871622,85,200,true,170,170,85
1767630871623,85,200,true,170,170,85
1767630871623,86,200,true,170,170,86
1767630871624,86,200,true,170,170,86
1767630871625,86,200,true,170,170,86
1767630871626,86,200,true,170,170,86
1767630871627,86,200,true,170,170,86
1767630871628,85,200,true,170,170,85
1767630871629,85,200,true,170,170,85
1767630871630,85,200,true,170,170,85
1767630871631,85,200,true,170,170,85
1767630871632,85,200,true,170,170,85
1767630871632,86,200,true,170,170,86
1767630871633,86,200,true,170,170,86
1767630871634,86,200,true,170,170,86
1767630871635,86,200,true,170,170,86
1767630871636,86,200,true,170,170,86
1767630871637,86,200,true,170,170,86
1767630871638,86,200,true,170,170,86
1767630871639,86,200,true,170,170,86
1767630871640,85,200,true,170,170,85
1767630871641,85,200,true,170,170,85
1767630871642,85,200,true,170,170,85
1767630871643,85,200,true,170,170,85
1767630871644,85,200,true,170,170,85
1767630871644,86,200,true,170,170,86
1767630871645,86,200,true,170,170,86
1767630871646,86,200,true,170,170,86
1767630871647,86,200,true,170,170,86
1767630871648,85,200,true,170,170,85
1767630871649,85,200,true,170,170,85
1767630871650,86,200,true,170,170,85
1767630871651,85,200,true,170,170,85
1767630871652,85,200,true,170,170,85
1767630871653,85,200,true,170,170,85
1767630871654,85,200,true,170,170,85
1767630871655,85,200,true,170,170,85
1767630871655,86,200,true,170,170,86
1767630871656,86,200,true,170,170,86
1767630871657,86,200,true,170,170,86
1767630871658,86,200,true,170,170,86
1767630871659,85,200,true,170,170,85
1767630871660,85,200,true,170,170,85
1767630871661,85,200,true,170,170,85
1767630871662,85,200,true,170,170,85
1767630871663,85,200,true,170,170,85
1767630871664,85,200,true,170,170,85
1767630871665,85,200,true,170,170,85
1767630871665,86,200,true,170,170,86
1767630871666,86,200,true,170,170,86
1767630871667,86,200,true,170,170,86
1767630871668,86,200,true,170,170,86
1767630871669,86,200,true,170,170,86
1767630871670,85,200,true,170,170,85
1767630871671,85,200,true,170,170,85
1767630871672,85,200,true,170,170,85
1767630871673,85,200,true,170,170,85
1767630871674,85,200,true,170,170,85
1767630871675,85,200,true,170,170,85
1767630871676,85,200,true,170,170,85
1767630871677,85,200,true,170,170,85
1767630871677,86,200,true,170,170,86
1767630871678,86,200,true,170,170,86
1767630871679,86,200,true,170,170,86
1767630871680,85,200,true,170,170,85
1767630871681,85,200,true,170,170,85
1767630871682,85,200,true,170,170,85
1767630871683,85,200,true,170,170,85
1767630871684,85,200,true,170,170,85
1767630871685,85,200,true,170,170,85
1767630871686,85,200,true,170,170,85
1767630871687,85,200,true,170,170,85
1767630871688,85,200,true,170,170,85
1767630871689,85,200,true,170,170,85
1767630871689,86,200,true,170,170,86
1767630871690,86,200,true,170,170,86
1767630871691,86,200,true,170,170,86
1767630871692,86,200,true,170,170,86
1767630871693,85,200,true,170,170,85
1767630871694,85,200,true,170,170,85
1767630871695,85,200,true,170,170,85
1767630871696,85,200,true,170,170,85
1767630871697,85,200,true,170,170,85
1767630871698,85,200,true,170,170,85
1767630871698,86,200,true,170,170,86
1767630871614,171,200,true,170,170,171
1767630868696,3090,200,true,170,170,3090
1767630871700,87,200,true,170,170,87
1767630871701,87,200,true,170,170,87
1767630871703,86,200,true,170,170,86
1767630871703,87,200,true,170,170,87
1767630871704,87,200,true,170,170,87
1767630871705,87,200,true,170,170,87
1767630871706,87,200,true,170,170,86
1767630871707,86,200,true,170,170,86
1767630871708,86,200,true,170,170,86
1767630871709,86,200,true,170,170,86
1767630871710,86,200,true,170,170,86
1767630871711,86,200,true,170,170,86
1767630871712,86,200,true,170,170,86
1767630871713,86,200,true,170,170,86
1767630871714,86,200,true,170,170,86
1767630871714,87,200,true,170,170,87
1767630871715,87,200,true,170,170,87
1767630871716,87,200,true,170,170,87
1767630871717,87,200,true,170,170,87
1767630871718,87,200,true,170,170,87
1767630871719,86,200,true,170,170,86
1767630871720,86,200,true,170,170,86
1767630871721,86,200,true,170,170,86
1767630871722,86,200,true,170,170,86
1767630871723,86,200,true,170,170,86
1767630871724,86,200,true,170,170,86
1767630871725,86,200,true,170,170,86
1767630871726,86,200,true,170,170,86
1767630871726,87,200,true,170,170,87
1767630871727,87,200,true,170,170,87
1767630871728,87,200,true,170,170,87
1767630871729,87,200,true,170,170,86
1767630871730,86,200,true,170,170,86
1767630871731,86,200,true,170,170,86
1767630871732,86,200,true,170,170,86
1767630871733,86,200,true,170,170,86
1767630871733,87,200,true,170,170,87
1767630871734,87,200,true,170,170,87
1767630871736,86,200,true,170,170,86
1767630871736,87,200,true,170,170,87
1767630871737,87,200,true,170,170,87
1767630871738,87,200,true,170,170,87
1767630871739,87,200,true,170,170,87
1767630871740,87,200,true,170,170,87
1767630871741,86,200,true,170,170,86
1767630871742,86,200,true,170,170,86
1767630871743,86,200,true,170,170,86
1767630871744,86,200,true,170,170,86
1767630871745,86,200,true,170,170,86
1767630871745,87,200,true,170,170,87
1767630871746,87,200,true,170,170,87
1767630871747,87,200,true,170,170,87
1767630871748,87,200,true,170,170,87
1767630871749,87,200,true,170,170,87
1767630871750,87,200,true,170,170,87
1767630871751,87,200,true,170,170,87
1767630871752,87,200,true,170,170,87
1767630871753,86,200,true,170,170,86
1767630871754,86,200,true,170,170,86
1767630871755,86,200,true,170,170,86
1767630871756,86,200,true,170,170,86
1767630871756,87,200,true,170,170,87
1767630871757,87,200,true,170,170,87
1767630871758,87,200,true,170,170,87
1767630871759,87,200,true,170,170,87
1767630871760,87,200,true,170,170,87
1767630871761,87,200,true,170,170,87
1767630871762,87,200,true,170,170,87
1767630871763,86,200,true,170,170,86
1767630871764,86,200,true,170,170,86
1767630871765,86,200,true,170,170,86
1767630871765,87,200,true,170,170,87
1767630871766,87,200,true,170,170,87
1767630871767,87,200,true,170,170,87
1767630871768,87,200,true,170,170,87
1767630871769,87,200,true,170,170,87
1767630871770,87,200,true,170,170,87
1767630871771,87,200,true,170,170,87
1767630871772,87,200,true,170,170,87
1767630871773,87,200,true,170,170,87
1767630871774,87,200,true,170,170,87
1767630871775,87,200,true,170,170,87
1767630871776,86,200,true,170,170,86
1767630871777,86,200,true,170,170,86
1767630871778,86,200,true,170,170,86
1767630871778,87,200,true,170,170,87
1767630871779,87,200,true,170,170,87
1767630871780,87,200,true,170,170,87
1767630871781,87,200,true,170,170,87
1767630871782,87,200,true,170,170,87
1767630871783,87,200,true,170,170,87
1767630871784,87,200,true,170,170,87
1767630871785,87,200,true,170,170,87
1767630871700,173,200,true,170,170,173
1767630868695,3178,200,true,170,170,3178
1767630871787,88,200,true,170,170,88
1767630871788,88,200,true,170,170,88
1767630871789,88,200,true,170,170,88
1767630871790,87,200,true,170,170,87
1767630871791,87,200,true,170,170,87
1767630871792,87,200,true,170,170,87
1767630871793,87,200,true,170,170,87
1767630871793,88,200,true,170,170,88
1767630871794,88,200,true,170,170,88
1767630871795,88,200,true,170,170,88
1767630871796,88,200,true,170,170,88
1767630871797,88,200,true,170,170,88
1767630871798,87,200,true,170,170,87
1767630871799,87,200,true,170,170,87
1767630871800,88,200,true,170,170,88
1767630871801,87,200,true,170,170,87
1767630871802,87,200,true,170,170,87
1767630871803,87,200,true,170,170,87
1767630871804,87,200,true,170,170,87
1767630871805,87,200,true,170,170,87
1767630871806,87,200,true,170,170,87
1767630871806,88,200,true,170,170,88
1767630871807,88,200,true,170,170,88
1767630871808,88,200,true,170,170,88
1767630871809,88,200,true,170,170,88
1767630871810,88,200,true,170,170,88
1767630871811,87,200,true,170,170,87
1767630871812,87,200,true,170,170,87
1767630871813,87,200,true,170,170,87
1767630871814,87,200,true,170,170,87
1767630871815,87,200,true,170,170,87
1767630871816,87,200,true,170,170,87
1767630871816,88,200,true,170,170,88
1767630871817,88,200,true,170,170,88
1767630871818,88,200,true,170,170,88
1767630871819,88,200,true,170,170,88
1767630871820,88,200,true,170,170,88
1767630871821,88,200,true,170,170,88
1767630871822,88,200,true,170,170,88
1767630871823,87,200,true,170,170,87
1767630871824,87,200,true,170,170,87
1767630871825,87,200,true,170,170,87
1767630871826,87,200,true,170,170,87
1767630871827,87,200,true,170,170,87
1767630871827,88,200,true,170,170,88
1767630871828,88,200,true,170,170,88
1767630871829,88,200,true,170,170,88
1767630871830,88,200,true,170,170,88
1767630871831,87,200,true,170,170,87
1767630871832,87,200,true,170,170,87
1767630871833,88,200,true,170,170,88
1767630871834,88,200,true,170,170,88
1767630871835,87,200,true,170,170,87
1767630871836,87,200,true,170,170,87
1767630871837,87,200,true,170,170,87
1767630871838,87,200,true,170,170,87
1767630871839,87,200,true,170,170,87
1767630871839,88,200,true,170,170,88
1767630871840,88,200,true,170,170,88
1767630871841,88,200,true,170,170,88
1767630871842,88,200,true,170,170,88
1767630871843,88,200,true,170,170,88
1767630871844,87,200,true,170,170,87
1767630871845,87,200,true,170,170,87
1767630871846,87,200,true,170,170,87
1767630871847,87,200,true,170,170,87
1767630871848,87,200,true,170,170,87
1767630871849,87,200,true,170,170,87
1767630871849,88,200,true,170,170,88
1767630871850,88,200,true,170,170,88
1767630871851,88,200,true,170,170,88
1767630871852,88,200,true,170,170,88
1767630871853,88,200,true,170,170,88
1767630871854,88,200,true,170,170,88
1767630871855,88,200,true,170,170,88
1767630871856,88,200,true,170,170,88
1767630871857,87,200,true,170,170,87
1767630871858,87,200,true,170,170,87
1767630871859,87,200,true,170,170,87
1767630871860,87,200,true,170,170,87
1767630871861,87,200,true,170,170,87
1767630871862,87,200,true,170,170,87
1767630871862,88,200,true,170,170,88
1767630871863,88,200,true,170,170,88
1767630871864,88,200,true,170,170,88
1767630871865,88,200,true,170,170,88
1767630871866,88,200,true,170,170,88
1767630871867,88,200,true,170,170,88
1767630871868,88,200,true,170,170,88
1767630871869,88,200,true,170,170,88
1767630871870,87,200,true,170,170,87
1767630871871,87,200,true,170,170,87
1767630871872,87,200,true,170,170,87
1767630871873,87,200,true,170,170,87
1767630871786,175,200,true,170,170,175
1767630868688,3273,200,true,170,170,3273
1767630871875,88,200,true,170,170,88
1767630871876,88,200,true,170,170,88
1767630871877,88,200,true,170,170,88
1767630871878,88,200,true,170,170,88
1767630871878,89,200,true,170,170,88
1767630871879,88,200,true,170,170,88
1767630871880,88,200,true,170,170,88
1767630871881,88,200,true,170,170,88
1767630871882,88,200,true,170,170,88
1767630871883,88,200,true,170,170,88
1767630871884,88,200,true,170,170,88
1767630871885,88,200,true,170,170,88
1767630871886,88,200,true,170,170,88
1767630871886,89,200,true,170,170,89
1767630871888,88,200,true,170,170,88
1767630871889,88,200,true,170,170,88
1767630871890,88,200,true,170,170,88
1767630871890,89,200,true,170,170,89
1767630871891,88,200,true,170,170,88
1767630871892,88,200,true,170,170,88
1767630871893,88,200,true,170,170,88
1767630871894,88,200,true,170,170,88
1767630871895,88,200,true,170,170,88
1767630871896,88,200,true,170,170,88
1767630871897,88,200,true,170,170,88
1767630871898,88,200,true,170,170,88
1767630871899,88,200,true,170,170,88
1767630871899,89,200,true,170,170,89
1767630871900,89,200,true,170,170,89
1767630871901,89,200,true,170,170,89
1767630871902,89,200,true,170,170,89
1767630871903,88,200,true,170,170,88
1767630871904,88,200,true,170,170,88
1767630871905,88,200,true,170,170,88
1767630871906,88,200,true,170,170,88
1767630871907,88,200,true,170,170,88
1767630871908,88,200,true,170,170,88
1767630871909,88,200,true,170,170,88
1767630871910,88,200,true,170,170,88
1767630871910,89,200,true,170,170,89
1767630871911,89,200,true,170,170,89
1767630871912,88,200,true,170,170,88
1767630871913,88,200,true,170,170,88
1767630871914,88,200,true,170,170,88
1767630871915,88,200,true,170,170,88
1767630871916,88,200,true,170,170,88
1767630871917,88,200,true,170,170,88
1767630871918,88,200,true,170,170,88
1767630871918,89,200,true,170,170,89
1767630871919,89,200,true,170,170,89
1767630871921,88,200,true,170,170,88
1767630871922,88,200,true,170,170,88
1767630871922,89,200,true,170,170,88
1767630871923,88,200,true,170,170,88
1767630871924,88,200,true,170,170,88
1767630871925,88,200,true,170,170,88
1767630871926,88,200,true,170,170,88
1767630871927,88,200,true,170,170,88
1767630871928,88,200,true,170,170,88
1767630871929,88,200,true,170,170,88
1767630871930,88,200,true,170,170,88
1767630871931,88,200,true,170,170,88
1767630871931,89,200,true,170,170,89
1767630871932,89,200,true,170,170,89
1767630871933,89,200,true,170,170,89
1767630871934,89,200,true,170,170,89
1767630871935,89,200,true,170,170,89
1767630871936,89,200,true,170,170,89
1767630871937,89,200,true,170,170,89
1767630871938,88,200,true,170,170,88
1767630871939,88,200,true,170,170,88
1767630871940,88,200,true,170,170,88
1767630871941,88,200,true,170,170,88
1767630871942,88,200,true,170,170,88
1767630871943,88,200,true,170,170,88
1767630871944,88,200,true,170,170,88
1767630871944,89,200,true,170,170,89
1767630871945,89,200,true,170,170,89
1767630871946,88,200,true,170,170,88
1767630871947,88,200,true,170,170,88
1767630871948,88,200,true,170,170,88
1767630871949,89,200,true,170,170,89
1767630871950,88,200,true,170,170,88
1767630871951,88,200,true,170,170,88
1767630871952,88,200,true,170,170,88
1767630871953,88,200,true,170,170,88
1767630871954,88,200,true,170,170,88
1767630871955,88,200,true,170,170,88
1767630871956,88,200,true,170,170,88
1767630871957,88,200,true,170,170,88
1767630871957,89,200,true,170,170,89
1767630871958,89,200,true,170,170,89
1767630871959,88,200,true,170,170,88
1767630871960,88,200,true,170,170,88
1767630871961,88,200,true,170,170,88
1767630871874,176,200,true,170,170,176
1767630868740,3311,200,true,170,170,3311
1767630871963,89,200,true,170,170,89
1767630871964,89,200,true,170,170,89
1767630871965,90,200,true,170,170,90
1767630871966,89,200,true,170,170,89
1767630871967,89,200,true,170,170,89
1767630871967,90,200,true,170,170,90
1767630871968,90,200,true,170,170,90
1767630871969,90,200,true,170,170,90
1767630871970,90,200,true,170,170,90
1767630871971,90,200,true,170,170,90
1767630871972,90,200,true,170,170,90
1767630871973,90,200,true,170,170,90
1767630871974,90,200,true,170,170,90
1767630871975,90,200,true,170,170,90
1767630871976,89,200,true,170,170,89
1767630871977,89,200,true,170,170,89
1767630871978,89,200,true,170,170,89
1767630871979,89,200,true,170,170,89
1767630871979,90,200,true,170,170,90
1767630871980,90,200,true,170,170,90
1767630871981,90,200,true,170,170,90
1767630871982,90,200,true,170,170,90
1767630871983,90,200,true,170,170,90
1767630871984,90,200,true,170,170,90
1767630871985,90,200,true,170,170,90
1767630871986,90,200,true,170,170,90
1767630871987,90,200,true,170,170,90
1767630871988,90,200,true,170,170,90
1767630871989,89,200,true,170,170,89
1767630871990,89,200,true,170,170,89
1767630871991,89,200,true,170,170,89
1767630871992,89,200,true,170,170,89
1767630871992,90,200,true,170,170,90
1767630871993,90,200,true,170,170,90
1767630871994,90,200,true,170,170,90
1767630871995,90,200,true,170,170,90
1767630871996,90,200,true,170,170,90
1767630871997,89,200,true,170,170,89
1767630871998,90,200,true,170,170,90
1767630871999,90,200,true,170,170,90
1767630872000,90,200,true,170,170,90
1767630872001,89,200,true,170,170,89
1767630872001,90,200,true,170,170,90
1767630872002,90,200,true,170,170,90
1767630872003,90,200,true,170,170,90
1767630872004,90,200,true,170,170,90
1767630872005,90,200,true,170,170,90
1767630872006,90,200,true,170,170,90
1767630872007,90,200,true,170,170,90
1767630872008,90,200,true,170,170,90
1767630872009,89,200,true,170,170,89
1767630872010,89,200,true,170,170,89
1767630872011,89,200,true,170,170,89
1767630872012,89,200,true,170,170,89
1767630872012,90,200,true,170,170,90
1767630872013,90,200,true,170,170,90
1767630872014,90,200,true,170,170,90
1767630872015,90,200,true,170,170,90
1767630872016,90,200,true,170,170,90
1767630872017,90,200,true,170,170,90
1767630872018,90,200,true,170,170,90
1767630872019,90,200,true,170,170,90
1767630872020,90,200,true,170,170,90
1767630872021,90,200,true,170,170,90
1767630872022,90,200,true,170,170,90
1767630872023,89,200,true,170,170,89
1767630872024,89,200,true,170,170,89
1767630872025,89,200,true,170,170,89
1767630872026,89,200,true,170,170,89
1767630872026,90,200,true,170,170,90
1767630872027,90,200,true,170,170,90
1767630872028,90,200,true,170,170,90
1767630872029,90,200,true,170,170,90
1767630872030,90,200,true,170,170,90
1767630872031,90,200,true,170,170,90
1767630872032,90,200,true,170,170,90
1767630872033,90,200,true,170,170,90
1767630872034,90,200,true,170,170,90
1767630872035,90,200,true,170,170,90
1767630872035,90,200,true,170,170,90
1767630872036,90,200,true,170,170,90
1767630872038,89,200,true,170,170,89
1767630872039,89,200,true,170,170,89
1767630872039,90,200,true,170,170,90
1767630872040,90,200,true,170,170,90
1767630872041,90,200,true,170,170,90
1767630872042,90,200,true,170,170,90
1767630872043,90,200,true,170,170,90
1767630872044,90,200,true,170,170,90
1767630872045,89,200,true,170,170,89
1767630872046,89,200,true,170,170,89
1767630872047,89,200,true,170,170,89
1767630872048,89,200,true,170,170,89
1767630872048,90,200,true,170,170,90
1767630872049,90,200,true,170,170,90
1767630872050,90,200,true,170,170,90
1767630871962,179,200,true,170,170,179
1767630868696,3445,200,true,170,170,3445
1767630872052,91,200,true,170,170,91
1767630872053,91,200,true,170,170,91
1767630872055,90,200,true,170,170,90
1767630872055,91,200,true,170,170,91
1767630872056,91,200,true,170,170,91
1767630872057,91,200,true,170,170,91
1767630872058,91,200,true,170,170,91
1767630872059,90,200,true,170,170,90
1767630872060,90,200,true,170,170,90
1767630872061,90,200,true,170,170,90
1767630872062,90,200,true,170,170,90
1767630872063,90,200,true,170,170,90
1767630872064,90,200,true,170,170,90
1767630872065,90,200,true,170,170,90
1767630872065,91,200,true,170,170,91
1767630872066,91,200,true,170,170,91
1767630872067,91,200,true,170,170,91
1767630872068,91,200,true,170,170,91
1767630872069,91,200,true,170,170,91
1767630872070,91,200,true,170,170,91
1767630872071,91,200,true,170,170,91
1767630872072,90,200,true,170,170,90
1767630872073,90,200,true,170,170,90
1767630872074,90,200,true,170,170,90
1767630872075,90,200,true,170,170,90
1767630872076,90,200,true,170,170,90
1767630872077,90,200,true,170,170,90
1767630872078,90,200,true,170,170,90
1767630872078,91,200,true,170,170,91
1767630872079,91,200,true,170,170,91
1767630872080,91,200,true,170,170,91
1767630872081,91,200,true,170,170,91
1767630872082,91,200,true,170,170,91
1767630872083,91,200,true,170,170,91
1767630872084,90,200,true,170,170,90
1767630872085,90,200,true,170,170,90
1767630872086,90,200,true,170,170,90
1767630872086,91,200,true,170,170,91
1767630872088,90,200,true,170,170,90
1767630872089,90,200,true,170,170,90
1767630872090,90,200,true,170,170,90
1767630872090,91,200,true,170,170,91
1767630872091,91,200,true,170,170,90
1767630872092,90,200,true,170,170,90
1767630872093,90,200,true,170,170,90
1767630872094,90,200,true,170,170,90
1767630872095,90,200,true,170,170,90
1767630872096,90,200,true,170,170,90
1767630872097,90,200,true,170,170,90
1767630872098,90,200,true,170,170,90
1767630872099,90,200,true,170,170,90
1767630872099,91,200,true,170,170,91
1767630872100,91,200,true,170,170,91
1767630872101,91,200,true,170,170,91
1767630872102,91,200,true,170,170,91
1767630872103,91,200,true,170,170,91
1767630872104,90,200,true,170,170,90
1767630872105,90,200,true,170,170,90
1767630872106,90,200,true,170,170,90
1767630872107,90,200,true,170,170,90
1767630872108,90,200,true,170,170,90
1767630872109,90,200,true,170,170,90
1767630872110,90,200,true,170,170,90
1767630872111,90,200,true,170,170,90
1767630872112,90,200,true,170,170,90
1767630872113,90,200,true,170,170,89
1767630872113,90,200,true,170,170,90
1767630872114,91,200,true,170,170,91
1767630872115,91,200,true,170,170,91
1767630872116,90,200,true,170,170,90
1767630872117,90,200,true,170,170,90
1767630872118,90,200,true,170,170,90
1767630872119,90,200,true,170,170,90
1767630872120,90,200,true,170,170,90
1767630872121,90,200,true,170,170,90
1767630872122,90,200,true,170,170,90
1767630872123,90,200,true,170,170,90
1767630872124,90,200,true,170,170,90
1767630872125,89,200,true,170,170,89
1767630872125,90,200,true,170,170,90
1767630872126,90,200,true,170,170,90
1767630872127,90,200,true,170,170,90
1767630872128,90,200,true,170,170,90
1767630872129,90,200,true,170,170,90
1767630872130,90,200,true,170,170,90
1767630872131,90,200,true,170,170,90
1767630872132,90,200,true,170,170,90
1767630872133,90,200,true,170,170,90
1767630872134,90,200,true,170,170,90
1767630872135,90,200,true,170,170,90
1767630872136,90,200,true,170,170,90
1767630872136,91,200,true,170,170,91
1767630872137,91,200,true,170,170,91
1767630872139,89,200,true,170,170,89
1767630872139,90,200,true,170,170,90
1767630872140,90,200,true,170,170,90
1767630872141,90,200,true,170,170,90
1767630872051,183,200,true,170,170,183
1767630868697,3538,200,true,170,170,3538
1767630872143,95,200,true,170,170,95
1767630872144,97,200,true,170,170,97
1767630872145,97,200,true,170,170,97
1767630872146,98,200,true,170,170,98
1767630872147,98,200,true,170,170,98
1767630872148,98,200,true,170,170,97
1767630872149,97,200,true,170,170,97
1767630872150,97,200,true,170,170,97
1767630872150,98,200,true,170,170,98
1767630872151,98,200,true,170,170,98
1767630872152,98,200,true,170,170,98
1767630872153,98,200,true,170,170,98
1767630872154,98,200,true,170,170,98
1767630872155,98,200,true,170,170,98
1767630872156,98,200,true,170,170,98
1767630872157,98,200,true,170,170,98
1767630872158,97,200,true,170,170,97
1767630872159,97,200,true,170,170,97
1767630872160,97,200,true,170,170,97
1767630872161,97,200,true,170,170,97
1767630872162,97,200,true,170,170,97
1767630872162,98,200,true,170,170,98
1767630872163,98,200,true,170,170,98
1767630872164,98,200,true,170,170,98
1767630872165,98,200,true,170,170,98
1767630872166,98,200,true,170,170,98
1767630872167,98,200,true,170,170,98
1767630872168,98,200,true,170,170,98
1767630872169,98,200,true,170,170,98
1767630872170,98,200,true,170,170,98
1767630872171,97,200,true,170,170,97
1767630872172,97,200,true,170,170,97
1767630872173,97,200,true,170,170,97
1767630872174,97,200,true,170,170,97
1767630872175,97,200,true,170,170,97
1767630872175,98,200,true,170,170,98
1767630872176,98,200,true,170,170,98
1767630872177,98,200,true,170,170,98
1767630872178,98,200,true,170,170,98
1767630872179,98,200,true,170,170,98
1767630872180,98,200,true,170,170,98
1767630872181,98,200,true,170,170,98
1767630872182,98,200,true,170,170,98
1767630872183,98,200,true,170,170,98
1767630872183,98,200,true,170,170,98
1767630872184,98,200,true,170,170,98
1767630872185,98,200,true,170,170,98
1767630872186,98,200,true,170,170,98
1767630872187,98,200,true,170,170,98
1767630872188,98,200,true,170,170,98
1767630872189,98,200,true,170,170,98
1767630872190,98,200,true,170,170,98
1767630872191,98,200,true,170,170,98
1767630872192,98,200,true,170,170,98
1767630872193,97,200,true,170,170,97
1767630872194,97,200,true,170,170,97
1767630872194,99,200,true,170,170,99
1767630872195,99,200,true,170,170,99
1767630872196,98,200,true,170,170,98
1767630872197,98,200,true,170,170,98
1767630872198,98,200,true,170,170,98
1767630872199,98,200,true,170,170,98
1767630872200,98,200,true,170,170,98
1767630872201,98,200,true,170,170,98
1767630872202,98,200,true,170,170,98
1767630872203,98,200,true,170,170,98
1767630872203,99,200,true,170,170,99
1767630872205,98,200,true,170,170,98
1767630872206,97,200,true,170,170,97
1767630872207,97,200,true,170,170,97
1767630872207,98,200,true,170,170,98
1767630872208,98,200,true,170,170,98
1767630872209,98,200,true,170,170,98
1767630872210,98,200,true,170,170,98
1767630872211,98,200,true,170,170,98
1767630872212,98,200,true,170,170,98
1767630872213,98,200,true,170,170,98
1767630872214,98,200,true,170,170,98
1767630872215,98,200,true,170,170,98
1767630872215,99,200,true,170,170,99
1767630872216,99,200,true,170,170,99
1767630872217,99,200,true,170,170,99
1767630872218,99,200,true,170,170,99
1767630872219,98,200,true,170,170,98
1767630872220,98,200,true,170,170,98
1767630872221,98,200,true,170,170,98
1767630872222,98,200,true,170,170,98
1767630872223,98,200,true,170,170,98
1767630872224,98,200,true,170,170,98
1767630872225,98,200,true,170,170,98
1767630872226,98,200,true,170,170,98
1767630872227,98,200,true,170,170,98
1767630872228,98,200,true,170,170,98
1767630872229,98,200,true,170,170,98
1767630872230,98,200,true,170,170,98
1767630872230,99,200,true,170,170,99
1767630872231,99,200,true,170,170,99
1767630872234,96,200,true,170,170,96
1767630872142,189,200,true,170,170,189
1767630868697,3634,200,true,170,170,3634
1767630872238,95,200,true,170,170,95
1767630872241,93,200,true,170,170,93
1767630872243,92,200,true,170,170,92
1767630872244,92,200,true,170,170,92
1767630872245,92,200,true,170,170,92
1767630872246,92,200,true,170,170,92
1767630872247,92,200,true,170,170,92
1767630872247,93,200,true,170,170,93
1767630872248,93,200,true,170,170,93
1767630872249,92,200,true,170,170,92
1767630872250,92,200,true,170,170,92
1767630872251,93,200,true,170,170,93
1767630872252,93,200,true,170,170,93
1767630872253,92,200,true,170,170,92
1767630872254,92,200,true,170,170,92
1767630872255,92,200,true,170,170,92
1767630872256,92,200,true,170,170,92
1767630872256,93,200,true,170,170,93
1767630872257,93,200,true,170,170,93
1767630872258,93,200,true,170,170,93
1767630872259,93,200,true,170,170,93
1767630872260,93,200,true,170,170,93
1767630872261,93,200,true,170,170,93
1767630872262,93,200,true,170,170,93
1767630872263,93,200,true,170,170,93
1767630872264,92,200,true,170,170,92
1767630872265,92,200,true,170,170,92
1767630872266,92,200,true,170,170,92
1767630872267,92,200,true,170,170,92
1767630872268,92,200,true,170,170,92
1767630872269,92,200,true,170,170,92
1767630872269,93,200,true,170,170,93
1767630872270,93,200,true,170,170,93
1767630872271,93,200,true,170,170,93
1767630872272,93,200,true,170,170,93
1767630872273,93,200,true,170,170,93
1767630872274,93,200,true,170,170,93
1767630872275,93,200,true,170,170,93
1767630872276,92,200,true,170,170,92
1767630872277,92,200,true,170,170,92
1767630872278,92,200,true,170,170,92
1767630872279,92,200,true,170,170,92
1767630872280,92,200,true,170,170,92
1767630872281,92,200,true,170,170,92
1767630872281,93,200,true,170,170,93
1767630872282,93,200,true,170,170,93
1767630872283,92,200,true,170,170,92
1767630872284,93,200,true,170,170,93
1767630872285,93,200,true,170,170,93
1767630872286,93,200,true,170,170,93
1767630872287,92,200,true,170,170,92
1767630872288,92,200,true,170,170,92
1767630872289,92,200,true,170,170,92
1767630872290,92,200,true,170,170,92
1767630872291,92,200,true,170,170,92
1767630872291,93,200,true,170,170,93
1767630872293,92,200,true,170,170,92
1767630872294,92,200,true,170,170,92
1767630872294,93,200,true,170,170,93
1767630872295,93,200,true,170,170,93
1767630872296,93,200,true,170,170,93
1767630872297,92,200,true,170,170,92
1767630872298,92,200,true,170,170,92
1767630872299,92,200,true,170,170,92
1767630872300,92,200,true,170,170,92
1767630872301,92,200,true,170,170,92
1767630872302,92,200,true,170,170,92
1767630872303,92,200,true,170,170,92
1767630872304,92,200,true,170,170,92
1767630872304,93,200,true,170,170,93
1767630872305,93,200,true,170,170,93
1767630872306,93,200,true,170,170,93
1767630872307,93,200,true,170,170,93
1767630872308,92,200,true,170,170,92
1767630872309,92,200,true,170,170,92
1767630872310,92,200,true,170,170,92
1767630872311,92,200,true,170,170,92
1767630872312,92,200,true,170,170,92
1767630872313,92,200,true,170,170,92
1767630872314,92,200,true,170,170,92
1767630872315,92,200,true,170,170,92
1767630872316,92,200,true,170,170,92
1767630872317,92,200,true,170,170,92
1767630872317,92,200,true,170,170,92
1767630872318,93,200,true,170,170,93
1767630872319,93,200,true,170,170,93
1767630872320,93,200,true,170,170,92
1767630872321,92,200,true,170,170,92
1767630872322,92,200,true,170,170,92
1767630872323,92,200,true,170,170,92
1767630872324,92,200,true,170,170,92
1767630872325,92,200,true,170,170,92
1767630872326,92,200,true,170,170,92
1767630872327,92,200,true,170,170,92
1767630872328,92,200,true,170,170,92
1767630872329,92,200,true,170,170,92
1767630872330,92,200,true,170,170,92
1767630872331,92,200,true,170,170,92
1767630872331,92,200,true,170,170,92
1767630872236,188,200,true,170,170,188
1767630868743,3682,200,true,170,170,3682
1767630872333,93,200,true,170,170,93
1767630872334,94,200,true,170,170,94
1767630872335,94,200,true,170,170,94
1767630872336,93,200,true,170,170,93
1767630872337,93,200,true,170,170,93
1767630872338,93,200,true,170,170,93
1767630872339,93,200,true,170,170,93
1767630872340,93,200,true,170,170,93
1767630872341,93,200,true,170,170,93
1767630872342,93,200,true,170,170,93
1767630872342,94,200,true,170,170,94
1767630872344,93,200,true,170,170,93
1767630872345,93,200,true,170,170,93
1767630872345,93,200,true,170,170,93
1767630872346,93,200,true,170,170,93
1767630872347,93,200,true,170,170,93
1767630872348,93,200,true,170,170,93
1767630872349,93,200,true,170,170,93
1767630872350,93,200,true,170,170,93
1767630872351,93,200,true,170,170,93
1767630872352,93,200,true,170,170,93
1767630872353,93,200,true,170,170,93
1767630872354,93,200,true,170,170,93
1767630872355,93,200,true,170,170,93
1767630872356,93,200,true,170,170,93
1767630872357,93,200,true,170,170,93
1767630872357,93,200,true,170,170,93
1767630872358,93,200,true,170,170,93
1767630872359,93,200,true,170,170,93
1767630872360,93,200,true,170,170,93
1767630872361,93,200,true,170,170,93
1767630872362,93,200,true,170,170,93
1767630872363,93,200,true,170,170,93
1767630872364,93,200,true,170,170,93
1767630872365,93,200,true,170,170,93
1767630872366,93,200,true,170,170,93
1767630872367,92,200,true,170,170,92
1767630872368,93,200,true,170,170,93
1767630872368,94,200,true,170,170,94
1767630872369,94,200,true,170,170,94
1767630872370,93,200,true,170,170,93
1767630872371,93,200,true,170,170,93
1767630872372,93,200,true,170,170,93
1767630872373,93,200,true,170,170,93
1767630872374,93,200,true,170,170,93
1767630872375,93,200,true,170,170,93
1767630872376,93,200,true,170,170,93
1767630872377,93,200,true,170,170,93
1767630872378,92,200,true,170,170,92
1767630872379,92,200,true,170,170,92
1767630872379,93,200,true,170,170,93
1767630872380,93,200,true,170,170,93
1767630872381,93,200,true,170,170,93
1767630872382,93,200,true,170,170,93
1767630872383,93,200,true,170,170,93
1767630872384,93,200,true,170,170,93
1767630872385,93,200,true,170,170,93
1767630872386,93,200,true,170,170,93
1767630872387,93,200,true,170,170,93
1767630872388,93,200,true,170,170,93
1767630872389,93,200,true,170,170,93
1767630872390,93,200,true,170,170,93
1767630872390,93,200,true,170,170,93
1767630872391,93,200,true,170,170,93
1767630872392,93,200,true,170,170,93
1767630872393,93,200,true,170,170,93
1767630872394,93,200,true,170,170,93
1767630872395,93,200,true,170,170,93
1767630872396,93,200,true,170,170,93
1767630872397,93,200,true,170,170,93
1767630872398,93,200,true,170,170,93
1767630872399,93,200,true,170,170,93
1767630872400,93,200,true,170,170,93
1767630872401,93,200,true,170,170,93
1767630872401,94,200,true,170,170,94
1767630872402,94,200,true,170,170,94
1767630872403,94,200,true,170,170,94
1767630872404,93,200,true,170,170,93
1767630872405,93,200,true,170,170,93
1767630872406,93,200,true,170,170,93
1767630872407,93,200,true,170,170,93
1767630872408,93,200,true,170,170,93
1767630872409,93,200,true,170,170,93
1767630872410,93,200,true,170,170,93
1767630872411,93,200,true,170,170,93
1767630872412,93,200,true,170,170,93
1767630872413,93,200,true,170,170,93
1767630872413,94,200,true,170,170,94
1767630872414,93,200,true,170,170,93
1767630872415,93,200,true,170,170,93
1767630872416,93,200,true,170,170,93
1767630872417,93,200,true,170,170,93
1767630872418,93,200,true,170,170,93
1767630872419,93,200,true,170,170,93
1767630872420,93,200,true,170,170,93
1767630872421,93,200,true,170,170,93
1767630872422,93,200,true,170,170,93
1767630872423,93,200,true,170,170,93
1767630872423,94,200,true,170,170,94
1767630872424,94,200,true,170,170,94
1767630872332,187,200,true,170,170,187
1767630868685,3834,200,true,170,170,3834
1767630872426,95,200,true,170,170,95
1767630872428,94,200,true,170,170,94
1767630872429,94,200,true,170,170,94
1767630872429,94,200,true,170,170,94
1767630872430,94,200,true,170,170,94
1767630872431,94,200,true,170,170,94
1767630872432,94,200,true,170,170,94
1767630872433,94,200,true,170,170,94
1767630872434,94,200,true,170,170,94
1767630872435,94,200,true,170,170,94
1767630872436,94,200,true,170,170,94
1767630872437,94,200,true,170,170,94
1767630872438,94,200,true,170,170,94
1767630872439,94,200,true,170,170,94
1767630872439,95,200,true,170,170,95
1767630872440,95,200,true,170,170,95
1767630872441,94,200,true,170,170,94
1767630872442,94,200,true,170,170,94
1767630872443,94,200,true,170,170,94
1767630872444,94,200,true,170,170,94
1767630872445,94,200,true,170,170,94
1767630872446,94,200,true,170,170,94
1767630872447,94,200,true,170,170,94
1767630872448,94,200,true,170,170,94
1767630872449,94,200,true,170,170,94
1767630872450,93,200,true,170,170,93
1767630872451,94,200,true,170,170,94
1767630872451,95,200,true,170,170,95
1767630872452,95,200,true,170,170,95
1767630872453,94,200,true,170,170,94
1767630872454,94,200,true,170,170,94
1767630872455,94,200,true,170,170,94
1767630872456,94,200,true,170,170,94
1767630872457,94,200,true,170,170,94
1767630872458,94,200,true,170,170,94
1767630872459,94,200,true,170,170,94
1767630872459,95,200,true,170,170,95
1767630872461,94,200,true,170,170,94
1767630872462,93,200,true,170,170,93
1767630872463,93,200,true,170,170,93
1767630872463,94,200,true,170,170,94
1767630872464,94,200,true,170,170,94
1767630872465,94,200,true,170,170,94
1767630872466,94,200,true,170,170,94
1767630872467,94,200,true,170,170,94
1767630872468,94,200,true,170,170,94
1767630872469,94,200,true,170,170,94
1767630872470,94,200,true,170,170,94
1767630872471,94,200,true,170,170,94
1767630872471,95,200,true,170,170,95
1767630872472,94,200,true,170,170,94
1767630872473,94,200,true,170,170,94
1767630872474,94,200,true,170,170,94
1767630872475,94,200,true,170,170,94
1767630872476,94,200,true,170,170,94
1767630872477,94,200,true,170,170,94
1767630872478,94,200,true,170,170,94
1767630872479,94,200,true,170,170,94
1767630872480,94,200,true,170,170,94
1767630872481,94,200,true,170,170,94
1767630872482,93,200,true,170,170,93
1767630872483,93,200,true,170,170,93
1767630872483,94,200,true,170,170,94
1767630872484,94,200,true,170,170,94
1767630872485,94,200,true,170,170,94
1767630872486,94,200,true,170,170,94
1767630872487,94,200,true,170,170,94
1767630872488,94,200,true,170,170,94
1767630872489,94,200,true,170,170,94
1767630872490,94,200,true,170,170,94
1767630872491,94,200,true,170,170,94
1767630872492,94,200,true,170,170,94
1767630872493,93,200,true,170,170,93
1767630872494,93,200,true,170,170,93
1767630872495,93,200,true,170,170,93
1767630872496,93,200,true,170,170,93
1767630872497,93,200,true,170,170,93
1767630872498,93,200,true,170,170,93
1767630872498,94,200,true,170,170,94
1767630872499,94,200,true,170,170,94
1767630872500,94,200,true,170,170,94
1767630872501,94,200,true,170,170,94
1767630872502,94,200,true,170,170,94
1767630872503,94,200,true,170,170,94
1767630872504,94,200,true,170,170,94
1767630872505,93,200,true,170,170,93
1767630872506,93,200,true,170,170,93
1767630872507,93,200,true,170,170,93
1767630872508,93,200,true,170,170,93
1767630872508,94,200,true,170,170,94
1767630872509,94,200,true,170,170,94
1767630872510,94,200,true,170,170,94
1767630872511,94,200,true,170,170,94
1767630872512,94,200,true,170,170,94
1767630872513,94,200,true,170,170,94
1767630872514,93,200,true,170,170,93
1767630872515,93,200,true,170,170,93
1767630872516,93,200,true,170,170,93
1767630872517,93,200,true,170,170,93
1767630872518,93,200,true,170,170,93
1767630872519,93,200,true,170,170,93
1767630872425,188,200,true,170,170,188
1767630868703,3911,200,true,170,170,3911
1767630872521,94,200,true,170,170,94
1767630872522,94,200,true,170,170,94
1767630872523,94,200,true,170,170,94
1767630872523,95,200,true,170,170,95
1767630872524,95,200,true,170,170,95
1767630872525,95,200,true,170,170,95
1767630872526,95,200,true,170,170,95
1767630872527,95,200,true,170,170,95
1767630872528,94,200,true,170,170,94
1767630872529,94,200,true,170,170,94
1767630872530,94,200,true,170,170,94
1767630872531,94,200,true,170,170,94
1767630872532,94,200,true,170,170,94
1767630872533,94,200,true,170,170,94
1767630872534,95,200,true,170,170,95
1767630872535,94,200,true,170,170,94
1767630872536,94,200,true,170,170,94
1767630872536,95,200,true,170,170,95
1767630872537,95,200,true,170,170,95
1767630872538,95,200,true,170,170,95
1767630872539,95,200,true,170,170,95
1767630872540,95,200,true,170,170,95
1767630872541,95,200,true,170,170,95
1767630872542,95,200,true,170,170,95
1767630872543,95,200,true,170,170,95
1767630872544,94,200,true,170,170,94
1767630872545,94,200,true,170,170,94
1767630872546,94,200,true,170,170,94
1767630872547,94,200,true,170,170,94
1767630872548,94,200,true,170,170,94
1767630872548,95,200,true,170,170,95
1767630872549,95,200,true,170,170,95
1767630872550,95,200,true,170,170,95
1767630872551,95,200,true,170,170,95
1767630872552,95,200,true,170,170,95
1767630872553,95,200,true,170,170,95
1767630872554,95,200,true,170,170,95
1767630872555,95,200,true,170,170,95
1767630872556,95,200,true,170,170,95
1767630872556,96,200,true,170,170,96
1767630872557,95,200,true,170,170,95
1767630872558,95,200,true,170,170,95
1767630872559,95,200,true,170,170,95
1767630872560,95,200,true,170,170,95
1767630872561,95,200,true,170,170,95
1767630872562,95,200,true,170,170,95
1767630872563,95,200,true,170,170,95
1767630872564,95,200,true,170,170,95
1767630872565,95,200,true,170,170,95
1767630872566,95,200,true,170,170,95
1767630872566,95,200,true,170,170,95
1767630872567,96,200,true,170,170,96
1767630872568,96,200,true,170,170,96
1767630872569,96,200,true,170,170,96
1767630872570,95,200,true,170,170,95
1767630872571,95,200,true,170,170,95
1767630872572,95,200,true,170,170,95
1767630872573,95,200,true,170,170,95
1767630872574,95,200,true,170,170,95
1767630872575,95,200,true,170,170,95
1767630872575,96,200,true,170,170,96
1767630872576,96,200,true,170,170,96
1767630872577,96,200,true,170,170,96
1767630872578,95,200,true,170,170,95
1767630872579,95,200,true,170,170,95
1767630872580,95,200,true,170,170,95
1767630872581,95,200,true,170,170,95
1767630872582,95,200,true,170,170,95
1767630872583,95,200,true,170,170,95
1767630872584,95,200,true,170,170,95
1767630872585,95,200,true,170,170,95
1767630872586,95,200,true,170,170,95
1767630872587,95,200,true,170,170,95
1767630872587,96,200,true,170,170,96
1767630872588,96,200,true,170,170,96
1767630872589,96,200,true,170,170,96
1767630872590,96,200,true,170,170,96
1767630872591,96,200,true,170,170,96
1767630872592,95,200,true,170,170,95
1767630872593,95,200,true,170,170,95
1767630872594,95,200,true,170,170,95
1767630872595,95,200,true,170,170,95
1767630872596,95,200,true,170,170,95
1767630872597,95,200,true,170,170,95
1767630872598,95,200,true,170,170,95
1767630872599,95,200,true,170,170,95
1767630872599,96,200,true,170,170,96
1767630872600,96,200,true,170,170,96
1767630872601,96,200,true,170,170,96
1767630872602,96,200,true,170,170,96
1767630872603,95,200,true,170,170,95
1767630872604,95,200,true,170,170,95
1767630872605,95,200,true,170,170,95
1767630872606,95,200,true,170,170,95
1767630872607,95,200,true,170,170,95
1767630872608,95,200,true,170,170,95
1767630872608,96,200,true,170,170,96
1767630872609,96,200,true,170,170,96
1767630872610,96,200,true,170,170,96
1767630872612,95,200,true,170,170,95
1767630872612,96,200,true,170,170,96
1767630872613,96,200,true,170,170,96
1767630872520,189,200,true,170,170,189
1767630868687,4023,200,true,170,170,4023
1767630872615,97,200,true,170,170,97
1767630872616,97,200,true,170,170,97
1767630872617,97,200,true,170,170,97
1767630872618,96,200,true,170,170,96
1767630872619,96,200,true,170,170,96
1767630872620,96,200,true,170,170,96
1767630872621,96,200,true,170,170,96
1767630872622,96,200,true,170,170,96
1767630872623,96,200,true,170,170,96
1767630872623,97,200,true,170,170,97
1767630872624,97,200,true,170,170,97
1767630872625,97,200,true,170,170,97
1767630872626,97,200,true,170,170,97
1767630872627,96,200,true,170,170,96
1767630872629,95,200,true,170,170,95
1767630872629,96,200,true,170,170,96
1767630872630,96,200,true,170,170,96
1767630872631,96,200,true,170,170,96
1767630872632,96,200,true,170,170,96
1767630872633,96,200,true,170,170,96
1767630872634,96,200,true,170,170,96
1767630872635,96,200,true,170,170,96
1767630872636,96,200,true,170,170,96
1767630872637,96,200,true,170,170,96
1767630872638,96,200,true,170,170,96
1767630872638,97,200,true,170,170,97
1767630872639,97,200,true,170,170,96
1767630872640,96,200,true,170,170,96
1767630872641,96,200,true,170,170,96
1767630872642,96,200,true,170,170,96
1767630872643,96,200,true,170,170,96
1767630872644,96,200,true,170,170,96
1767630872645,96,200,true,170,170,96
1767630872646,96,200,true,170,170,96
1767630872647,96,200,true,170,170,96
1767630872648,96,200,true,170,170,96
1767630872649,96,200,true,170,170,96
1767630872650,96,200,true,170,170,96
1767630872651,96,200,true,170,170,96
1767630872652,96,200,true,170,170,95
1767630872653,95,200,true,170,170,95
1767630872653,96,200,true,170,170,96
1767630872654,96,200,true,170,170,96
1767630872655,96,200,true,170,170,96
1767630872656,96,200,true,170,170,96
1767630872657,96,200,true,170,170,96
1767630872658,96,200,true,170,170,96
1767630872659,96,200,true,170,170,96
1767630872660,95,200,true,170,170,95
1767630872661,95,200,true,170,170,95
1767630872662,95,200,true,170,170,95
1767630872663,95,200,true,170,170,95
1767630872664,95,200,true,170,170,95
1767630872665,95,200,true,170,170,95
1767630872665,96,200,true,170,170,96
1767630872666,96,200,true,170,170,96
1767630872667,96,200,true,170,170,96
1767630872668,96,200,true,170,170,96
1767630872669,96,200,true,170,170,96
1767630872670,96,200,true,170,170,96
1767630872671,96,200,true,170,170,96
1767630872672,96,200,true,170,170,96
1767630872673,95,200,true,170,170,95
1767630872674,95,200,true,170,170,95
1767630872675,95,200,true,170,170,95
1767630872675,96,200,true,170,170,96
1767630872676,96,200,true,170,170,96
1767630872677,96,200,true,170,170,96
1767630872678,96,200,true,170,170,96
1767630872679,96,200,true,170,170,96
1767630872680,96,200,true,170,170,96
1767630872681,96,200,true,170,170,96
1767630872682,96,200,true,170,170,96
1767630872683,96,200,true,170,170,96
1767630872684,95,200,true,170,170,95
1767630872685,95,200,true,170,170,95
1767630872686,95,200,true,170,170,95
1767630872687,95,200,true,170,170,95
1767630872687,96,200,true,170,170,96
1767630872688,96,200,true,170,170,96
1767630872689,96,200,true,170,170,96
1767630872690,96,200,true,170,170,96
1767630872691,96,200,true,170,170,96
1767630872692,96,200,true,170,170,96
1767630872693,95,200,true,170,170,95
1767630872694,95,200,true,170,170,95
1767630872695,95,200,true,170,170,95
1767630872696,95,200,true,170,170,95
1767630872697,95,200,true,170,170,95
1767630872698,95,200,true,170,170,95
1767630872699,95,200,true,170,170,95
1767630872699,96,200,true,170,170,96
1767630872700,96,200,true,170,170,96
1767630872701,96,200,true,170,170,96
1767630872702,96,200,true,170,170,96
1767630872703,96,200,true,170,170,96
1767630872704,96,200,true,170,170,96
1767630872705,96,200,true,170,170,96
1767630872706,95,200,true,170,170,95
1767630872707,95,200,true,170,170,95
1767630872708,95,200,true,170,170,95
1767630872709,95,200,true,170,170,95
1767630872710,95,200,true,170,170,95
1767630872614,192,200,true,170,170,192
1767630868714,4093,200,true,170,170,4093
1767630872712,96,200,true,170,170,96
1767630872713,96,200,true,170,170,96
1767630872714,96,200,true,170,170,96
1767630872714,97,200,true,170,170,97
1767630872715,97,200,true,170,170,97
1767630872716,97,200,true,170,170,97
1767630872717,97,200,true,170,170,97
1767630872718,96,200,true,170,170,96
1767630872719,96,200,true,170,170,96
1767630872720,96,200,true,170,170,96
1767630872721,96,200,true,170,170,96
1767630872722,96,200,true,170,170,96
1767630872723,96,200,true,170,170,96
1767630872723,97,200,true,170,170,97
1767630872724,97,200,true,170,170,97
1767630872725,97,200,true,170,170,97
1767630872726,97,200,true,170,170,97
1767630872727,97,200,true,170,170,97
1767630872728,96,200,true,170,170,96
1767630872729,96,200,true,170,170,96
1767630872730,96,200,true,170,170,96
1767630872731,96,200,true,170,170,96
1767630872732,96,200,true,170,170,96
1767630872733,96,200,true,170,170,96
1767630872734,96,200,true,170,170,96
1767630872735,96,200,true,170,170,96
1767630872736,96,200,true,170,170,96
1767630872736,97,200,true,170,170,97
1767630872737,97,200,true,170,170,97
1767630872738,97,200,true,170,170,97
1767630872739,97,200,true,170,170,97
1767630872740,97,200,true,170,170,97
1767630872741,96,200,true,170,170,96
1767630872742,96,200,true,170,170,96
1767630872743,96,200,true,170,170,96
1767630872744,96,200,true,170,170,96
1767630872745,96,200,true,170,170,96
1767630872746,96,200,true,170,170,96
1767630872747,96,200,true,170,170,96
1767630872748,96,200,true,170,170,96
1767630872748,97,200,true,170,170,97
1767630872749,97,200,true,170,170,97
1767630872750,97,200,true,170,170,97
1767630872751,97,200,true,170,170,97
1767630872752,96,200,true,170,170,96
1767630872753,96,200,true,170,170,96
1767630872754,96,200,true,170,170,96
1767630872755,96,200,true,170,170,96
1767630872755,97,200,true,170,170,97
1767630872756,97,200,true,170,170,97
1767630872757,97,200,true,170,170,97
1767630872758,97,200,true,170,170,97
1767630872759,97,200,true,170,170,97
1767630872760,97,200,true,170,170,97
1767630872761,97,200,true,170,170,96
1767630872762,96,200,true,170,170,96
1767630872763,96,200,true,170,170,96
1767630872764,96,200,true,170,170,96
1767630872765,96,200,true,170,170,96
1767630872766,96,200,true,170,170,96
1767630872767,96,200,true,170,170,96
1767630872768,96,200,true,170,170,96
1767630872768,97,200,true,170,170,97
1767630872769,97,200,true,170,170,97
1767630872770,97,200,true,170,170,97
1767630872771,97,200,true,170,170,97
1767630872772,97,200,true,170,170,97
1767630872773,97,200,true,170,170,97
1767630872774,96,200,true,170,170,96
1767630872775,96,200,true,170,170,96
1767630872776,96,200,true,170,170,96
1767630872777,96,200,true,170,170,96
1767630872778,96,200,true,170,170,96
1767630872779,96,200,true,170,170,96
1767630872780,96,200,true,170,170,96
1767630872780,97,200,true,170,170,97
1767630872781,97,200,true,170,170,97
1767630872782,97,200,true,170,170,97
1767630872783,97,200,true,170,170,97
1767630872784,97,200,true,170,170,97
1767630872785,97,200,true,170,170,97
1767630872786,96,200,true,170,170,96
1767630872787,96,200,true,170,170,96
1767630872788,96,200,true,170,170,96
1767630872789,96,200,true,170,170,96
1767630872789,97,200,true,170,170,97
1767630872790,97,200,true,170,170,97
1767630872791,97,200,true,170,170,97
1767630872792,97,200,true,170,170,97
1767630872793,97,200,true,170,170,97
1767630872794,96,200,true,170,170,96
1767630872795,96,200,true,170,170,96
1767630872796,96,200,true,170,170,96
1767630872797,96,200,true,170,170,96
1767630872798,96,200,true,170,170,96
1767630872799,96,200,true,170,170,96
1767630872800,96,200,true,170,170,96
1767630872801,96,200,true,170,170,96
1767630872801,97,200,true,170,170,97
1767630872802,97,200,true,170,170,97
1767630872803,97,200,true,170,170,97
1767630872804,97,200,true,170,170,97
1767630872805,97,200,true,170,170,97
1767630872806,97,200,true,170,170,97
1767630872711,192,200,true,170,170,192
1767630868695,4208,200,true,170,170,4208
1767630872808,97,200,true,170,170,97
1767630872809,97,200,true,170,170,97
1767630872810,97,200,true,170,170,97
1767630872811,97,200,true,170,170,97
1767630872812,97,200,true,170,170,97
1767630872813,97,200,true,170,170,97
1767630872814,97,200,true,170,170,97
1767630872815,97,200,true,170,170,97
1767630872815,98,200,true,170,170,98
1767630872816,98,200,true,170,170,98
1767630872817,98,200,true,170,170,98
1767630872818,98,200,true,170,170,98
1767630872819,98,200,true,170,170,98
1767630872820,98,200,true,170,170,98
1767630872821,97,200,true,170,170,97
1767630872822,97,200,true,170,170,97
1767630872823,97,200,true,170,170,97
1767630872824,97,200,true,170,170,97
1767630872825,97,200,true,170,170,97
1767630872825,98,200,true,170,170,98
1767630872826,98,200,true,170,170,98
1767630872828,97,200,true,170,170,97
1767630872829,97,200,true,170,170,97
1767630872829,98,200,true,170,170,98
1767630872830,98,200,true,170,170,98
1767630872831,98,200,true,170,170,98
1767630872832,98,200,true,170,170,98
1767630872833,98,200,true,170,170,98
1767630872834,97,200,true,170,170,97
1767630872835,97,200,true,170,170,97
1767630872836,97,200,true,170,170,97
1767630872837,97,200,true,170,170,97
1767630872838,97,200,true,170,170,97
1767630872838,98,200,true,170,170,98
1767630872839,98,200,true,170,170,98
1767630872840,98,200,true,170,170,98
1767630872841,98,200,true,170,170,98
1767630872842,98,200,true,170,170,98
1767630872843,97,200,true,170,170,97
1767630872844,97,200,true,170,170,97
1767630872845,97,200,true,170,170,97
1767630872846,97,200,true,170,170,97
1767630872847,97,200,true,170,170,97
1767630872848,97,200,true,170,170,97
1767630872848,98,200,true,170,170,98
1767630872849,98,200,true,170,170,98
1767630872850,98,200,true,170,170,98
1767630872851,98,200,true,170,170,98
1767630872852,98,200,true,170,170,98
1767630872853,98,200,true,170,170,98
1767630872854,97,200,true,170,170,97
1767630872855,98,200,true,170,170,98
1767630872856,97,200,true,170,170,97
1767630872857,97,200,true,170,170,97
1767630872858,97,200,true,170,170,97
1767630872858,98,200,true,170,170,98
1767630872859,98,200,true,170,170,98
1767630872861,97,200,true,170,170,97
1767630872861,98,200,true,170,170,98
1767630872862,98,200,true,170,170,98
1767630872863,98,200,true,170,170,98
1767630872864,98,200,true,170,170,98
1767630872865,98,200,true,170,170,98
1767630872866,98,200,true,170,170,98
1767630872867,98,200,true,170,170,98
1767630872868,97,200,true,170,170,97
1767630872869,97,200,true,170,170,97
1767630872870,97,200,true,170,170,97
1767630872870,98,200,true,170,170,98
1767630872871,98,200,true,170,170,98
1767630872872,98,200,true,170,170,98
1767630872873,98,200,true,170,170,98
1767630872874,98,200,true,170,170,98
1767630872875,98,200,true,170,170,98
1767630872876,98,200,true,170,170,97
1767630872877,97,200,true,170,170,97
1767630872878,97,200,true,170,170,97
1767630872879,97,200,true,170,170,97
1767630872880,97,200,true,170,170,97
1767630872881,97,200,true,170,170,97
1767630872882,97,200,true,170,170,97
1767630872882,98,200,true,170,170,98
1767630872883,98,200,true,170,170,98
1767630872884,98,200,true,170,170,98
1767630872885,98,200,true,170,170,98
1767630872886,98,200,true,170,170,98
1767630872887,98,200,true,170,170,98
1767630872888,98,200,true,170,170,98
1767630872889,97,200,true,170,170,97
1767630872890,97,200,true,170,170,97
1767630872890,98,200,true,170,170,98
1767630872891,98,200,true,170,170,98
1767630872892,98,200,true,170,170,98
1767630872893,98,200,true,170,170,98
1767630872894,98,200,true,170,170,98
1767630872895,98,200,true,170,170,98
1767630872896,98,200,true,170,170,98
1767630872897,98,200,true,170,170,98
1767630872898,98,200,true,170,170,98
1767630872899,98,200,true,170,170,98
1767630872900,98,200,true,170,170,98
1767630872901,98,200,true,170,170,98
1767630872902,97,200,true,170,170,97
1767630872903,97,200,true,170,170,97
1767630872904,97,200,true,170,170,97
1767630872807,195,200,true,170,170,195
1767630868695,4307,200,true,170,170,4307
1767630872906,98,200,true,170,170,98
1767630872907,98,200,true,170,170,98
1767630872907,99,200,true,170,170,99
1767630872908,99,200,true,170,170,99
1767630872909,99,200,true,170,170,99
1767630872910,99,200,true,170,170,99
1767630872911,99,200,true,170,170,99
1767630872912,99,200,true,170,170,99
1767630872913,99,200,true,170,170,99
1767630872914,99,200,true,170,170,99
1767630872915,99,200,true,170,170,99
1767630872916,99,200,true,170,170,99
1767630872917,99,200,true,170,170,99
1767630872918,98,200,true,170,170,98
1767630872918,99,200,true,170,170,99
1767630872919,99,200,true,170,170,99
1767630872920,99,200,true,170,170,99
1767630872921,99,200,true,170,170,99
1767630872922,99,200,true,170,170,99
1767630872923,99,200,true,170,170,99
1767630872924,99,200,true,170,170,99
1767630872925,99,200,true,170,170,99
1767630872926,98,200,true,170,170,98
1767630872927,98,200,true,170,170,98
1767630872928,98,200,true,170,170,98
1767630872929,98,200,true,170,170,98
1767630872930,98,200,true,170,170,98
1767630872931,98,200,true,170,170,98
1767630872932,98,200,true,170,170,98
1767630872932,99,200,true,170,170,99
1767630872933,99,200,true,170,170,99
1767630872934,99,200,true,170,170,99
1767630872935,99,200,true,170,170,99
1767630872936,99,200,true,170,170,99
1767630872937,99,200,true,170,170,99
1767630872938,98,200,true,170,170,98
1767630872939,98,200,true,170,170,98
1767630872940,98,200,true,170,170,98
1767630872941,98,200,true,170,170,98
1767630872941,99,200,true,170,170,99
1767630872942,99,200,true,170,170,99
1767630872943,99,200,true,170,170,99
1767630872944,99,200,true,170,170,99
1767630872945,99,200,true,170,170,99
1767630872946,98,200,true,170,170,98
1767630872947,99,200,true,170,170,99
1767630872948,99,200,true,170,170,99
1767630872949,98,200,true,170,170,98
1767630872950,98,200,true,170,170,98
1767630872951,98,200,true,170,170,98
1767630872952,98,200,true,170,170,98
1767630872953,98,200,true,170,170,98
1767630872953,99,200,true,170,170,99
1767630872954,99,200,true,170,170,99
1767630872955,99,200,true,170,170,99
1767630872956,99,200,true,170,170,99
1767630872957,99,200,true,170,170,99
1767630872958,99,200,true,170,170,99
1767630872959,98,200,true,170,170,98
1767630872960,98,200,true,170,170,98
1767630872961,98,200,true,170,170,98
1767630872962,98,200,true,170,170,98
1767630872963,98,200,true,170,170,98
1767630872964,98,200,true,170,170,98
1767630872965,98,200,true,170,170,98
1767630872965,99,200,true,170,170,99
1767630872966,99,200,true,170,170,99
1767630872967,99,200,true,170,170,99
1767630872968,99,200,true,170,170,99
1767630872969,99,200,true,170,170,99
1767630872970,99,200,true,170,170,99
1767630872971,98,200,true,170,170,98
1767630872972,98,200,true,170,170,98
1767630872973,98,200,true,170,170,98
1767630872974,98,200,true,170,170,98
1767630872974,99,200,true,170,170,99
1767630872975,99,200,true,170,170,99
1767630872976,99,200,true,170,170,99
1767630872977,99,200,true,170,170,99
1767630872978,99,200,true,170,170,99
1767630872979,99,200,true,170,170,99
1767630872980,99,200,true,170,170,99
1767630872981,99,200,true,170,170,99
1767630872982,99,200,true,170,170,99
1767630872983,98,200,true,170,170,98
1767630872984,98,200,true,170,170,98
1767630872985,98,200,true,170,170,98
1767630872986,98,200,true,170,170,98
1767630872987,98,200,true,170,170,98
1767630872987,99,200,true,170,170,99
1767630872988,99,200,true,170,170,99
1767630872989,99,200,true,170,170,99
1767630872990,99,200,true,170,170,99
1767630872991,99,200,true,170,170,99
1767630872992,98,200,true,170,170,98
1767630872993,98,200,true,170,170,98
1767630872994,98,200,true,170,170,98
1767630872995,98,200,true,170,170,98
1767630872996,98,200,true,170,170,98
1767630872997,98,200,true,170,170,98
1767630872998,98,200,true,170,170,98
1767630872999,98,200,true,170,170,98
1767630873000,98,200,true,170,170,98
1767630873001,98,200,true,170,170,98
1767630873001,99,200,true,170,170,99
1767630873002,99,200,true,170,170,99
1767630872904,198,200,true,170,170,198
1767630868695,4407,200,true,170,170,4407
1767630873004,100,200,true,170,170,100
1767630873005,100,200,true,170,170,100
1767630873006,100,200,true,170,170,100
1767630873007,99,200,true,170,170,99
1767630873008,99,200,true,170,170,99
1767630873009,99,200,true,170,170,99
1767630873010,99,200,true,170,170,99
1767630873011,99,200,true,170,170,99
1767630873012,99,200,true,170,170,99
1767630873013,99,200,true,170,170,99
1767630873014,99,200,true,170,170,99
1767630873015,99,200,true,170,170,99
1767630873016,99,200,true,170,170,99
1767630873016,100,200,true,170,170,100
1767630873017,100,200,true,170,170,100
1767630873018,100,200,true,170,170,100
1767630873019,100,200,true,170,170,100
1767630873020,99,200,true,170,170,99
1767630873021,99,200,true,170,170,99
1767630873022,99,200,true,170,170,99
1767630873023,99,200,true,170,170,99
1767630873024,99,200,true,170,170,99
1767630873025,99,200,true,170,170,99
1767630873025,100,200,true,170,170,100
1767630873026,100,200,true,170,170,100
1767630873027,100,200,true,170,170,100
1767630873028,100,200,true,170,170,100
1767630873029,100,200,true,170,170,100
1767630873030,100,200,true,170,170,100
1767630873031,100,200,true,170,170,100
1767630873032,100,200,true,170,170,100
1767630873033,99,200,true,170,170,99
1767630873034,99,200,true,170,170,99
1767630873035,99,200,true,170,170,99
1767630873036,99,200,true,170,170,99
1767630873037,99,200,true,170,170,99
1767630873037,100,200,true,170,170,100
1767630873038,100,200,true,170,170,100
1767630873039,100,200,true,170,170,100
1767630873040,100,200,true,170,170,100
1767630873041,99,200,true,170,170,99
1767630873042,99,200,true,170,170,99
1767630873043,99,200,true,170,170,99
1767630873044,99,200,true,170,170,99
1767630873045,99,200,true,170,170,99
1767630873046,99,200,true,170,170,99
1767630873047,99,200,true,170,170,99
1767630873047,100,200,true,170,170,100
1767630873048,100,200,true,170,170,100
1767630873049,100,200,true,170,170,100
1767630873050,100,200,true,170,170,100
1767630873051,100,200,true,170,170,100
1767630873052,100,200,true,170,170,100
1767630873053,99,200,true,170,170,99
1767630873054,99,200,true,170,170,99
1767630873055,99,200,true,170,170,99
1767630873056,99,200,true,170,170,99
1767630873057,99,200,true,170,170,99
1767630873057,100,200,true,170,170,100
1767630873058,100,200,true,170,170,100
1767630873059,100,200,true,170,170,100
1767630873060,100,200,true,170,170,100
1767630873061,100,200,true,170,170,100
1767630873062,99,200,true,170,170,99
1767630873063,99,200,true,170,170,99
1767630873064,100,200,true,170,170,100
1767630873065,100,200,true,170,170,100
1767630873066,99,200,true,170,170,99
1767630873067,99,200,true,170,170,99
1767630873068,99,200,true,170,170,99
1767630873069,99,200,true,170,170,99
1767630873069,100,200,true,170,170,100
1767630873070,100,200,true,170,170,100
1767630873071,100,200,true,170,170,100
1767630873072,100,200,true,170,170,100
1767630873073,100,200,true,170,170,100
1767630873074,99,200,true,170,170,99
1767630873075,99,200,true,170,170,99
1767630873076,99,200,true,170,170,99
1767630873077,99,200,true,170,170,99
1767630873078,99,200,true,170,170,99
1767630873079,99,200,true,170,170,99
1767630873080,99,200,true,170,170,99
1767630873081,99,200,true,170,170,99
1767630873082,99,200,true,170,170,99
1767630873082,100,200,true,170,170,100
1767630873083,100,200,true,170,170,100
1767630873084,100,200,true,170,170,100
1767630873085,100,200,true,170,170,100
1767630873086,100,200,true,170,170,100
1767630873087,100,200,true,170,170,100
1767630873088,99,200,true,170,170,99
1767630873089,99,200,true,170,170,99
1767630873090,99,200,true,170,170,99
1767630873090,100,200,true,170,170,100
1767630873091,100,200,true,170,170,100
1767630873092,100,200,true,170,170,100
1767630873093,100,200,true,170,170,100
1767630873094,100,200,true,170,170,100
1767630873095,100,200,true,170,170,100
1767630873096,100,200,true,170,170,100
1767630873097,100,200,true,170,170,100
1767630873098,100,200,true,170,170,100
1767630873099,100,200,true,170,170,100
1767630873100,100,200,true,170,170,100
1767630873101,100,200,true,170,170,99
1767630873102,99,200,true,170,170,99
1767630873003,199,200,true,170,170,199
1767630868735,4468,200,true,170,170,4468
1767630873104,100,200,true,170,170,100
1767630873105,100,200,true,170,170,100
1767630873106,100,200,true,170,170,100
1767630873107,100,200,true,170,170,100
1767630873107,101,200,true,170,170,101
1767630873108,101,200,true,170,170,101
1767630873109,101,200,true,170,170,101
1767630873110,101,200,true,170,170,101
1767630873111,101,200,true,170,170,101
1767630873112,100,200,true,170,170,100
1767630873113,101,200,true,170,170,101
1767630873114,101,200,true,170,170,101
1767630873115,101,200,true,170,170,101
1767630873116,100,200,true,170,170,100
1767630873117,100,200,true,170,170,100
1767630873118,100,200,true,170,170,100
1767630873119,100,200,true,170,170,100
1767630873119,101,200,true,170,170,101
1767630873120,101,200,true,170,170,101
1767630873121,101,200,true,170,170,101
1767630873122,101,200,true,170,170,101
1767630873123,101,200,true,170,170,101
1767630873124,101,200,true,170,170,101
1767630873125,100,200,true,170,170,100
1767630873126,100,200,true,170,170,100
1767630873127,100,200,true,170,170,100
1767630873128,100,200,true,170,170,100
1767630873129,100,200,true,170,170,100
1767630873130,100,200,true,170,170,100
1767630873131,100,200,true,170,170,100
1767630873132,100,200,true,170,170,100
1767630873132,101,200,true,170,170,101
1767630873133,101,200,true,170,170,101
1767630873134,101,200,true,170,170,101
1767630873135,101,200,true,170,170,101
1767630873136,101,200,true,170,170,101
1767630873137,100,200,true,170,170,100
1767630873138,100,200,true,170,170,100
1767630873139,100,200,true,170,170,100
1767630873140,100,200,true,170,170,100
1767630873141,100,200,true,170,170,100
1767630873141,101,200,true,170,170,101
1767630873142,101,200,true,170,170,101
1767630873143,101,200,true,170,170,101
1767630873144,101,200,true,170,170,101
1767630873145,101,200,true,170,170,101
1767630873146,100,200,true,170,170,100
1767630873147,101,200,true,170,170,101
1767630873148,101,200,true,170,170,101
1767630873149,101,200,true,170,170,101
1767630873150,100,200,true,170,170,100
1767630873151,100,200,true,170,170,100
1767630873152,100,200,true,170,170,100
1767630873153,100,200,true,170,170,100
1767630873153,101,200,true,170,170,101
1767630873154,101,200,true,170,170,101
1767630873155,101,200,true,170,170,101
1767630873156,101,200,true,170,170,101
1767630873157,101,200,true,170,170,101
1767630873158,101,200,true,170,170,101
1767630873159,101,200,true,170,170,100
1767630873160,100,200,true,170,170,100
1767630873161,100,200,true,170,170,100
1767630873162,100,200,true,170,170,100
1767630873162,101,200,true,170,170,101
1767630873164,100,200,true,170,170,100
1767630873165,100,200,true,170,170,100
1767630873165,101,200,true,170,170,101
1767630873166,101,200,true,170,170,101
1767630873167,101,200,true,170,170,101
1767630873168,101,200,true,170,170,101
1767630873169,101,200,true,170,170,101
1767630873170,101,200,true,170,170,101
1767630873171,101,200,true,170,170,101
1767630873172,101,200,true,170,170,101
1767630873173,100,200,true,170,170,100
1767630873174,100,200,true,170,170,100
1767630873174,101,200,true,170,170,101
1767630873175,101,200,true,170,170,101
1767630873176,101,200,true,170,170,101
1767630873177,101,200,true,170,170,101
1767630873178,101,200,true,170,170,101
1767630873179,101,200,true,170,170,101
1767630873180,101,200,true,170,170,101
1767630873181,101,200,true,170,170,101
1767630873182,101,200,true,170,170,101
1767630873183,101,200,true,170,170,101
1767630873184,101,200,true,170,170,101
1767630873185,100,200,true,170,170,100
1767630873186,100,200,true,170,170,100
1767630873187,100,200,true,170,170,100
1767630873187,101,200,true,170,170,101
1767630873188,101,200,true,170,170,101
1767630873189,101,200,true,170,170,101
1767630873190,101,200,true,170,170,101
1767630873191,101,200,true,170,170,101
1767630873192,101,200,true,170,170,101
1767630873193,101,200,true,170,170,101
1767630873194,100,200,true,170,170,100
1767630873195,100,200,true,170,170,100
1767630873196,100,200,true,170,170,100
1767630873197,101,200,true,170,170,101
1767630873198,100,200,true,170,170,100
1767630873199,100,200,true,170,170,100
1767630873200,100,200,true,170,170,100
1767630873201,100,200,true,170,170,100
1767630873201,101,200,true,170,170,101
1767630873202,101,200,true,170,170,101
1767630873103,201,200,true,170,170,201
1767630868687,4618,200,true,170,170,4618
1767630873204,102,200,true,170,170,102
1767630873205,102,200,true,170,170,102
1767630873206,102,200,true,170,170,102
1767630873207,102,200,true,170,170,102
1767630873208,102,200,true,170,170,102
1767630873209,101,200,true,170,170,101
1767630873210,101,200,true,170,170,101
1767630873211,101,200,true,170,170,101
1767630873212,101,200,true,170,170,101
1767630873213,101,200,true,170,170,101
1767630873214,101,200,true,170,170,101
1767630873215,101,200,true,170,170,101
1767630873216,101,200,true,170,170,101
1767630873217,101,200,true,170,170,101
1767630873217,102,200,true,170,170,102
1767630873218,102,200,true,170,170,102
1767630873219,102,200,true,170,170,102
1767630873220,102,200,true,170,170,102
1767630873221,101,200,true,170,170,101
1767630873222,101,200,true,170,170,101
1767630873223,101,200,true,170,170,101
1767630873224,101,200,true,170,170,101
1767630873225,101,200,true,170,170,101
1767630873226,101,200,true,170,170,101
1767630873226,102,200,true,170,170,102
1767630873227,102,200,true,170,170,102
1767630873228,102,200,true,170,170,102
1767630873229,102,200,true,170,170,102
1767630873230,102,200,true,170,170,102
1767630873231,102,200,true,170,170,102
1767630873232,102,200,true,170,170,102
1767630873233,102,200,true,170,170,102
1767630873234,102,200,true,170,170,102
1767630873235,102,200,true,170,170,102
1767630873236,102,200,true,170,170,101
1767630873237,101,200,true,170,170,101
1767630873238,101,200,true,170,170,101
1767630873239,101,200,true,170,170,101
1767630873239,102,200,true,170,170,102
1767630873240,102,200,true,170,170,102
1767630873241,102,200,true,170,170,102
1767630873242,102,200,true,170,170,102
1767630873243,102,200,true,170,170,102
1767630873244,101,200,true,170,170,101
1767630873245,101,200,true,170,170,101
1767630873246,101,200,true,170,170,101
1767630873247,101,200,true,170,170,101
1767630873248,101,200,true,170,170,101
1767630873249,101,200,true,170,170,101
1767630873250,101,200,true,170,170,101
1767630873251,101,200,true,170,170,101
1767630873251,102,200,true,170,170,102
1767630873252,102,200,true,170,170,102
1767630873253,102,200,true,170,170,102
1767630873254,102,200,true,170,170,102
1767630873255,101,200,true,170,170,101
1767630873256,101,200,true,170,170,101
1767630873257,101,200,true,170,170,101
1767630873258,101,200,true,170,170,101
1767630873259,101,200,true,170,170,101
1767630873260,101,200,true,170,170,101
1767630873261,101,200,true,170,170,101
1767630873261,102,200,true,170,170,102
1767630873262,102,200,true,170,170,102
1767630873263,102,200,true,170,170,102
1767630873265,101,200,true,170,170,101
1767630873265,102,200,true,170,170,102
1767630873266,102,200,true,170,170,102
1767630873267,102,200,true,170,170,102
1767630873268,102,200,true,170,170,102
1767630873269,101,200,true,170,170,101
1767630873270,101,200,true,170,170,101
1767630873271,101,200,true,170,170,101
1767630873272,101,200,true,170,170,101
1767630873273,101,200,true,170,170,101
1767630873274,101,200,true,170,170,101
1767630873274,102,200,true,170,170,102
1767630873275,102,200,true,170,170,102
1767630873276,102,200,true,170,170,102
1767630873277,102,200,true,170,170,102
1767630873278,101,200,true,170,170,101
1767630873279,101,200,true,170,170,101
1767630873280,102,200,true,170,170,102
1767630873281,101,200,true,170,170,101
1767630873282,101,200,true,170,170,101
1767630873283,101,200,true,170,170,101
1767630873284,101,200,true,170,170,101
1767630873285,101,200,true,170,170,101
1767630873286,101,200,true,170,170,101
1767630873286,102,200,true,170,170,102
1767630873287,102,200,true,170,170,102
1767630873288,102,200,true,170,170,102
1767630873289,102,200,true,170,170,102
1767630873290,101,200,true,170,170,101
1767630873291,101,200,true,170,170,101
1767630873292,101,200,true,170,170,101
1767630873293,101,200,true,170,170,101
1767630873294,101,200,true,170,170,101
1767630873295,101,200,true,170,170,101
1767630873295,102,200,true,170,170,102
1767630873296,102,200,true,170,170,102
1767630873298,101,200,true,170,170,101
1767630873299,101,200,true,170,170,101
1767630873299,102,200,true,170,170,102
1767630873300,102,200,true,170,170,102
1767630873301,102,200,true,170,170,102
1767630873302,102,200,true,170,170,102
1767630873303,102,200,true,170,170,102
1767630873304,102,200,true,170,170,102
1767630873203,203,200,true,170,170,203
1767630868693,4714,200,true,170,170,4714
1767630873306,102,200,true,170,170,102
1767630873307,102,200,true,170,170,102
1767630873308,102,200,true,170,170,102
1767630873309,102,200,true,170,170,102
1767630873310,102,200,true,170,170,102
1767630873311,102,200,true,170,170,102
1767630873311,103,200,true,170,170,103
1767630873312,103,200,true,170,170,103
1767630873313,103,200,true,170,170,103
1767630873315,102,200,true,170,170,102
1767630873315,103,200,true,170,170,103
1767630873316,103,200,true,170,170,103
1767630873317,103,200,true,170,170,103
1767630873318,103,200,true,170,170,103
1767630873319,103,200,true,170,170,103
1767630873320,102,200,true,170,170,102
1767630873321,102,200,true,170,170,102
1767630873322,102,200,true,170,170,102
1767630873323,102,200,true,170,170,102
1767630873323,103,200,true,170,170,103
1767630873324,103,200,true,170,170,103
1767630873325,103,200,true,170,170,103
1767630873326,103,200,true,170,170,103
1767630873327,103,200,true,170,170,103
1767630873328,103,200,true,170,170,103
1767630873329,103,200,true,170,170,103
1767630873330,103,200,true,170,170,103
1767630873331,103,200,true,170,170,103
1767630873332,103,200,true,170,170,103
1767630873333,103,200,true,170,170,103
1767630873334,102,200,true,170,170,102
1767630873335,102,200,true,170,170,102
1767630873336,102,200,true,170,170,102
1767630873337,102,200,true,170,170,102
1767630873338,102,200,true,170,170,102
1767630873338,103,200,true,170,170,103
1767630873339,103,200,true,170,170,103
1767630873340,103,200,true,170,170,103
1767630873341,103,200,true,170,170,103
1767630873342,103,200,true,170,170,102
1767630873343,102,200,true,170,170,102
1767630873344,102,200,true,170,170,102
1767630873345,102,200,true,170,170,102
1767630873346,102,200,true,170,170,102
1767630873346,103,200,true,170,170,103
1767630873347,103,200,true,170,170,103
1767630873348,103,200,true,170,170,103
1767630873349,103,200,true,170,170,103
1767630873350,103,200,true,170,170,103
1767630873351,103,200,true,170,170,103
1767630873352,103,200,true,170,170,103
1767630873353,103,200,true,170,170,103
1767630873354,103,200,true,170,170,103
1767630873355,102,200,true,170,170,102
1767630873356,102,200,true,170,170,102
1767630873357,102,200,true,170,170,102
1767630873357,103,200,true,170,170,103
1767630873358,103,200,true,170,170,103
1767630873359,103,200,true,170,170,103
1767630873360,103,200,true,170,170,103
1767630873361,103,200,true,170,170,103
1767630873362,103,200,true,170,170,103
1767630873363,103,200,true,170,170,103
1767630873364,103,200,true,170,170,103
1767630873365,103,200,true,170,170,103
1767630873366,103,200,true,170,170,103
1767630873367,102,200,true,170,170,102
1767630873368,102,200,true,170,170,102
1767630873369,102,200,true,170,170,102
1767630873370,102,200,true,170,170,102
1767630873370,103,200,true,170,170,103
1767630873371,103,200,true,170,170,103
1767630873372,103,200,true,170,170,103
1767630873373,103,200,true,170,170,103
1767630873374,103,200,true,170,170,103
1767630873375,103,200,true,170,170,103
1767630873376,102,200,true,170,170,102
1767630873377,102,200,true,170,170,102
1767630873378,102,200,true,170,170,102
1767630873379,102,200,true,170,170,102
1767630873379,103,200,true,170,170,103
1767630873380,103,200,true,170,170,103
1767630873382,102,200,true,170,170,102
1767630873382,103,200,true,170,170,103
1767630873383,103,200,true,170,170,103
1767630873384,103,200,true,170,170,103
1767630873385,103,200,true,170,170,103
1767630873386,103,200,true,170,170,103
1767630873387,103,200,true,170,170,103
1767630873388,102,200,true,170,170,102
1767630873389,102,200,true,170,170,102
1767630873390,102,200,true,170,170,102
1767630873391,102,200,true,170,170,102
1767630873391,103,200,true,170,170,103
1767630873392,103,200,true,170,170,103
1767630873393,103,200,true,170,170,103
1767630873394,103,200,true,170,170,103
1767630873395,103,200,true,170,170,103
1767630873396,103,200,true,170,170,103
1767630873397,103,200,true,170,170,103
1767630873398,103,200,true,170,170,103
1767630873399,103,200,true,170,170,103
1767630873400,103,200,true,170,170,103
1767630873401,102,200,true,170,170,102
1767630873402,102,200,true,170,170,102
1767630873403,102,200,true,170,170,102
1767630873404,102,200,true,170,170,102
1767630873405,102,200,true,170,170,102
1767630873406,102,200,true,170,170,102
1767630873406,103,200,true,170,170,103
1767630873305,205,200,true,170,170,205
1767630868739,4774,200,true,170,170,4774
1767630873409,106,200,true,170,170,106
1767630873409,108,200,true,170,170,108
1767630873410,110,200,true,170,170,110
1767630873411,110,200,true,170,170,110
1767630873412,110,200,true,170,170,110
1767630873413,110,200,true,170,170,110
1767630873414,110,200,true,170,170,110
1767630873415,110,200,true,170,170,110
1767630873416,110,200,true,170,170,110
1767630873417,110,200,true,170,170,110
1767630873418,110,200,true,170,170,110
1767630873419,110,200,true,170,170,110
1767630873420,110,200,true,170,170,110
1767630873421,109,200,true,170,170,109
1767630873422,110,200,true,170,170,110
1767630873422,110,200,true,170,170,110
1767630873423,110,200,true,170,170,110
1767630873424,110,200,true,170,170,110
1767630873425,110,200,true,170,170,110
1767630873426,110,200,true,170,170,110
1767630873427,110,200,true,170,170,110
1767630873428,110,200,true,170,170,110
1767630873429,110,200,true,170,170,110
1767630873430,110,200,true,170,170,110
1767630873431,110,200,true,170,170,110
1767630873432,110,200,true,170,170,110
1767630873433,110,200,true,170,170,110
1767630873434,110,200,true,170,170,110
1767630873435,109,200,true,170,170,109
1767630873436,109,200,true,170,170,109
1767630873437,109,200,true,170,170,109
1767630873437,110,200,true,170,170,110
1767630873438,110,200,true,170,170,110
1767630873439,110,200,true,170,170,110
1767630873440,110,200,true,170,170,110
1767630873441,110,200,true,170,170,110
1767630873442,109,200,true,170,170,109
1767630873443,109,200,true,170,170,109
1767630873444,109,200,true,170,170,109
1767630873445,110,200,true,170,170,110
1767630873445,110,200,true,170,170,110
1767630873446,110,200,true,170,170,110
1767630873447,110,200,true,170,170,110
1767630873448,110,200,true,170,170,110
1767630873449,110,200,true,170,170,110
1767630873450,110,200,true,170,170,110
1767630873451,110,200,true,170,170,110
1767630873452,110,200,true,170,170,110
1767630873453,110,200,true,170,170,110
1767630873454,110,200,true,170,170,110
1767630873455,110,200,true,170,170,110
1767630873456,109,200,true,170,170,109
1767630873457,109,200,true,170,170,109
1767630873457,110,200,true,170,170,110
1767630873458,110,200,true,170,170,110
1767630873459,110,200,true,170,170,110
1767630873460,110,200,true,170,170,110
1767630873461,110,200,true,170,170,110
1767630873462,110,200,true,170,170,110
1767630873463,110,200,true,170,170,110
1767630873464,110,200,true,170,170,110
1767630873465,110,200,true,170,170,110
1767630873466,110,200,true,170,170,110
1767630873467,110,200,true,170,170,110
1767630873468,110,200,true,170,170,110
1767630873469,109,200,true,170,170,109
1767630873469,110,200,true,170,170,110
1767630873470,110,200,true,170,170,110
1767630873471,110,200,true,170,170,110
1767630873472,110,200,true,170,170,110
1767630873473,110,200,true,170,170,110
1767630873474,110,200,true,170,170,110
1767630873475,110,200,true,170,170,110
1767630873476,110,200,true,170,170,110
1767630873477,109,200,true,170,170,109
1767630873478,110,200,true,170,170,110
1767630873478,111,200,true,170,170,111
1767630873479,111,200,true,170,170,111
1767630873480,110,200,true,170,170,110
1767630873481,110,200,true,170,170,110
1767630873482,110,200,true,170,170,110
1767630873483,110,200,true,170,170,110
1767630873484,110,200,true,170,170,110
1767630873485,110,200,true,170,170,110
1767630873486,110,200,true,170,170,110
1767630873487,110,200,true,170,170,110
1767630873488,110,200,true,170,170,110
1767630873489,110,200,true,170,170,110
1767630873490,110,200,true,170,170,110
1767630873491,109,200,true,170,170,109
1767630873491,110,200,true,170,170,110
1767630873492,110,200,true,170,170,110
1767630873493,110,200,true,170,170,110
1767630873494,110,200,true,170,170,110
1767630873495,110,200,true,170,170,110
1767630873496,110,200,true,170,170,110
1767630873497,110,200,true,170,170,110
1767630873498,110,200,true,170,170,110
1767630873499,110,200,true,170,170,110
1767630873500,110,200,true,170,170,110
1767630873501,110,200,true,170,170,110
1767630873502,110,200,true,170,170,110
1767630873503,110,200,true,170,170,110
1767630873503,111,200,true,170,170,111
1767630873504,110,200,true,170,170,110
1767630873505,110,200,true,170,170,110
1767630873506,110,200,true,170,170,110
1767630873507,110,200,true,170,170,110
1767630873508,110,200,true,170,170,110
1767630873509,110,200,true,170,170,110
1767630873510,110,200,true,170,170,110
1767630873408,213,200,true,170,170,213
1767630868686,4935,200,true,170,170,4935
1767630873515,108,200,true,170,170,108
1767630873517,107,200,true,170,170,107
1767630873520,105,200,true,170,170,105
1767630873521,105,200,true,170,170,105
1767630873522,105,200,true,170,170,105
1767630873523,105,200,true,170,170,105
1767630873524,105,200,true,170,170,105
1767630873525,105,200,true,170,170,105
1767630873526,105,200,true,170,170,105
1767630873527,105,200,true,170,170,105
1767630873528,105,200,true,170,170,105
1767630873529,104,200,true,170,170,104
1767630873530,104,200,true,170,170,104
1767630873531,104,200,true,170,170,104
1767630873532,104,200,true,170,170,104
1767630873533,104,200,true,170,170,104
1767630873533,105,200,true,170,170,105
1767630873534,105,200,true,170,170,105
1767630873535,105,200,true,170,170,105
1767630873536,105,200,true,170,170,105
1767630873537,105,200,true,170,170,105
1767630873538,105,200,true,170,170,105
1767630873539,105,200,true,170,170,105
1767630873540,105,200,true,170,170,105
1767630873541,104,200,true,170,170,104
1767630873542,104,200,true,170,170,104
1767630873543,104,200,true,170,170,104
1767630873544,104,200,true,170,170,104
1767630873545,104,200,true,170,170,104
1767630873545,105,200,true,170,170,105
1767630873546,105,200,true,170,170,105
1767630873547,105,200,true,170,170,105
1767630873548,105,200,true,170,170,105
1767630873549,104,200,true,170,170,104
1767630873550,105,200,true,170,170,105
1767630873551,105,200,true,170,170,105
1767630873552,104,200,true,170,170,104
1767630873552,105,200,true,170,170,105
1767630873553,105,200,true,170,170,105
1767630873555,104,200,true,170,170,104
1767630873556,104,200,true,170,170,104
1767630873556,105,200,true,170,170,105
1767630873557,105,200,true,170,170,105
1767630873558,105,200,true,170,170,105
1767630873559,105,200,true,170,170,105
1767630873560,105,200,true,170,170,105
1767630873561,104,200,true,170,170,104
1767630873562,104,200,true,170,170,104
1767630873563,104,200,true,170,170,104
1767630873564,104,200,true,170,170,104
1767630873565,104,200,true,170,170,104
1767630873566,104,200,true,170,170,104
1767630873566,105,200,true,170,170,105
1767630873567,105,200,true,170,170,105
1767630873568,105,200,true,170,170,105
1767630873569,105,200,true,170,170,105
1767630873570,105,200,true,170,170,105
1767630873571,105,200,true,170,170,105
1767630873572,105,200,true,170,170,105
1767630873573,105,200,true,170,170,105
1767630873574,104,200,true,170,170,104
1767630873575,104,200,true,170,170,104
1767630873576,104,200,true,170,170,104
1767630873577,104,200,true,170,170,104
1767630873578,104,200,true,170,170,104
1767630873578,105,200,true,170,170,105
1767630873579,105,200,true,170,170,105
1767630873580,105,200,true,170,170,105
1767630873581,105,200,true,170,170,105
1767630873582,104,200,true,170,170,104
1767630873583,105,200,true,170,170,105
1767630873584,105,200,true,170,170,105
1767630873585,105,200,true,170,170,105
1767630873586,105,200,true,170,170,105
1767630873587,104,200,true,170,170,104
1767630873588,104,200,true,170,170,104
1767630873589,104,200,true,170,170,104
1767630873590,104,200,true,170,170,104
1767630873591,104,200,true,170,170,104
1767630873591,105,200,true,170,170,105
1767630873592,105,200,true,170,170,105
1767630873593,105,200,true,170,170,105
1767630873594,105,200,true,170,170,105
1767630873595,105,200,true,170,170,105
1767630873596,105,200,true,170,170,105
1767630873597,104,200,true,170,170,104
1767630873598,104,200,true,170,170,104
1767630873599,104,200,true,170,170,104
1767630873600,104,200,true,170,170,104
1767630873601,104,200,true,170,170,104
1767630873601,105,200,true,170,170,105
1767630873602,105,200,true,170,170,105
1767630873603,105,200,true,170,170,105
1767630873604,105,200,true,170,170,105
1767630873605,105,200,true,170,170,105
1767630873606,105,200,true,170,170,105
1767630873607,105,200,true,170,170,105
1767630873608,105,200,true,170,170,105
1767630873609,104,200,true,170,170,104
1767630873610,104,200,true,170,170,104
1767630873611,104,200,true,170,170,104
1767630873612,104,200,true,170,170,104
1767630873613,104,200,true,170,170,104
1767630873614,104,200,true,170,170,104
1767630873615,104,200,true,170,170,104
1767630873615,105,200,true,170,170,105
1767630873616,105,200,true,170,170,105
1767630873617,105,200,true,170,170,105
1767630873618,105,200,true,170,170,105
1767630873618,105,200,true,170,170,105
1767630873619,105,200,true,170,170,105
1767630873620,105,200,true,170,170,105
1767630873513,214,200,true,170,170,214
1767630868687,5040,200,true,170,170,5040
1767630873622,106,200,true,170,170,106
1767630873623,106,200,true,170,170,106
1767630873624,106,200,true,170,170,105
1767630873625,105,200,true,170,170,105
1767630873626,105,200,true,170,170,105
1767630873627,105,200,true,170,170,105
1767630873628,105,200,true,170,170,105
1767630873629,105,200,true,170,170,105
1767630873630,105,200,true,170,170,105
1767630873631,105,200,true,170,170,105
1767630873632,105,200,true,170,170,105
1767630873633,105,200,true,170,170,105
1767630873633,106,200,true,170,170,106
1767630873634,106,200,true,170,170,106
1767630873635,106,200,true,170,170,106
1767630873636,106,200,true,170,170,106
1767630873637,106,200,true,170,170,106
1767630873638,106,200,true,170,170,106
1767630873639,106,200,true,170,170,106
1767630873640,105,200,true,170,170,105
1767630873641,105,200,true,170,170,105
1767630873642,105,200,true,170,170,105
1767630873643,105,200,true,170,170,105
1767630873644,105,200,true,170,170,105
1767630873645,105,200,true,170,170,105
1767630873645,106,200,true,170,170,106
1767630873646,106,200,true,170,170,106
1767630873647,106,200,true,170,170,106
1767630873648,106,200,true,170,170,106
1767630873649,106,200,true,170,170,106
1767630873650,106,200,true,170,170,106
1767630873651,106,200,true,170,170,106
1767630873652,106,200,true,170,170,106
1767630873653,106,200,true,170,170,106
1767630873654,105,200,true,170,170,105
1767630873655,105,200,true,170,170,105
1767630873655,106,200,true,170,170,106
1767630873656,106,200,true,170,170,106
1767630873657,106,200,true,170,170,106
1767630873658,106,200,true,170,170,106
1767630873659,106,200,true,170,170,106
1767630873660,106,200,true,170,170,106
1767630873661,106,200,true,170,170,106
1767630873662,105,200,true,170,170,105
1767630873663,105,200,true,170,170,105
1767630873664,105,200,true,170,170,105
1767630873664,106,200,true,170,170,106
1767630873665,106,200,true,170,170,106
1767630873666,106,200,true,170,170,106
1767630873667,106,200,true,170,170,106
1767630873668,106,200,true,170,170,106
1767630873669,106,200,true,170,170,106
1767630873670,106,200,true,170,170,106
1767630873671,106,200,true,170,170,106
1767630873672,106,200,true,170,170,106
1767630873673,106,200,true,170,170,106
1767630873674,105,200,true,170,170,105
1767630873675,105,200,true,170,170,105
1767630873676,105,200,true,170,170,105
1767630873677,105,200,true,170,170,105
1767630873677,106,200,true,170,170,106
1767630873678,106,200,true,170,170,106
1767630873679,106,200,true,170,170,106
1767630873680,106,200,true,170,170,106
1767630873681,106,200,true,170,170,106
1767630873682,106,200,true,170,170,106
1767630873683,106,200,true,170,170,106
1767630873684,106,200,true,170,170,106
1767630873685,106,200,true,170,170,106
1767630873686,106,200,true,170,170,106
1767630873687,106,200,true,170,170,105
1767630873688,105,200,true,170,170,105
1767630873689,105,200,true,170,170,105
1767630873690,105,200,true,170,170,105
1767630873690,106,200,true,170,170,106
1767630873692,105,200,true,170,170,105
1767630873692,106,200,true,170,170,106
1767630873693,106,200,true,170,170,106
1767630873694,106,200,true,170,170,106
1767630873695,105,200,true,170,170,105
1767630873696,105,200,true,170,170,105
1767630873697,105,200,true,170,170,105
1767630873698,105,200,true,170,170,105
1767630873699,105,200,true,170,170,105
1767630873700,105,200,true,170,170,105
1767630873701,105,200,true,170,170,105
1767630873701,106,200,true,170,170,106
1767630873702,106,200,true,170,170,106
1767630873703,106,200,true,170,170,106
1767630873705,105,200,true,170,170,105
1767630873705,106,200,true,170,170,106
1767630873706,106,200,true,170,170,106
1767630873707,106,200,true,170,170,106
1767630873708,105,200,true,170,170,105
1767630873709,105,200,true,170,170,105
1767630873710,105,200,true,170,170,105
1767630873711,105,200,true,170,170,105
1767630873712,105,200,true,170,170,105
1767630873713,105,200,true,170,170,105
1767630873713,106,200,true,170,170,106
1767630873714,106,200,true,170,170,106
1767630873715,106,200,true,170,170,106
1767630873716,106,200,true,170,170,106
1767630873717,106,200,true,170,170,106
1767630873718,106,200,true,170,170,106
1767630873719,106,200,true,170,170,106
1767630873720,105,200,true,170,170,105
1767630873721,105,200,true,170,170,105
1767630873722,105,200,true,170,170,105
1767630873723,105,200,true,170,170,105
1767630873724,105,200,true,170,170,105
1767630873725,105,200,true,170,170,105
1767630873726,105,200,true,170,170,105
1767630873621,211,200,true,170,170,211
1767630868694,5139,200,true,170,170,5139
1767630873728,106,200,true,170,170,106
1767630873729,106,200,true,170,170,106
1767630873730,106,200,true,170,170,106
1767630873730,107,200,true,170,170,107
1767630873731,107,200,true,170,170,107
1767630873732,107,200,true,170,170,107
1767630873733,107,200,true,170,170,107
1767630873734,107,200,true,170,170,107
1767630873735,106,200,true,170,170,106
1767630873736,106,200,true,170,170,106
1767630873737,106,200,true,170,170,106
1767630873738,106,200,true,170,170,106
1767630873739,106,200,true,170,170,106
1767630873740,106,200,true,170,170,106
1767630873741,106,200,true,170,170,106
1767630873742,106,200,true,170,170,106
1767630873743,106,200,true,170,170,106
1767630873744,106,200,true,170,170,106
1767630873745,105,200,true,170,170,105
1767630873746,105,200,true,170,170,105
1767630873746,106,200,true,170,170,106
1767630873747,106,200,true,170,170,106
1767630873748,106,200,true,170,170,106
1767630873749,106,200,true,170,170,106
1767630873750,106,200,true,170,170,106
1767630873751,106,200,true,170,170,106
1767630873752,106,200,true,170,170,106
1767630873753,106,200,true,170,170,106
1767630873754,106,200,true,170,170,106
1767630873755,106,200,true,170,170,106
1767630873756,106,200,true,170,170,106
1767630873757,106,200,true,170,170,106
1767630873758,105,200,true,170,170,105
1767630873759,105,200,true,170,170,105
1767630873759,106,200,true,170,170,106
1767630873760,106,200,true,170,170,106
1767630873761,106,200,true,170,170,106
1767630873762,106,200,true,170,170,106
1767630873763,106,200,true,170,170,106
1767630873764,106,200,true,170,170,106
1767630873765,106,200,true,170,170,106
1767630873766,105,200,true,170,170,105
1767630873767,106,200,true,170,170,106
1767630873768,106,200,true,170,170,106
1767630873768,106,200,true,170,170,106
1767630873769,106,200,true,170,170,106
1767630873770,106,200,true,170,170,106
1767630873771,106,200,true,170,170,106
1767630873772,106,200,true,170,170,106
1767630873773,106,200,true,170,170,106
1767630873774,106,200,true,170,170,106
1767630873775,106,200,true,170,170,106
1767630873776,105,200,true,170,170,105
1767630873777,105,200,true,170,170,105
1767630873778,105,200,true,170,170,105
1767630873779,105,200,true,170,170,105
1767630873780,105,200,true,170,170,105
1767630873780,106,200,true,170,170,106
1767630873781,106,200,true,170,170,106
1767630873782,106,200,true,170,170,106
1767630873783,106,200,true,170,170,106
1767630873784,106,200,true,170,170,106
1767630873785,106,200,true,170,170,106
1767630873786,106,200,true,170,170,106
1767630873787,106,200,true,170,170,106
1767630873788,105,200,true,170,170,105
1767630873789,105,200,true,170,170,105
1767630873790,105,200,true,170,170,105
1767630873791,105,200,true,170,170,105
1767630873792,105,200,true,170,170,105
1767630873793,105,200,true,170,170,105
1767630873793,106,200,true,170,170,106
1767630873794,106,200,true,170,170,106
1767630873795,106,200,true,170,170,106
1767630873796,106,200,true,170,170,106
1767630873797,105,200,true,170,170,105
1767630873798,105,200,true,170,170,105
1767630873799,105,200,true,170,170,105
1767630873800,106,200,true,170,170,106
1767630873801,105,200,true,170,170,105
1767630873801,106,200,true,170,170,106
1767630873802,106,200,true,170,170,106
1767630873803,106,200,true,170,170,106
1767630873804,106,200,true,170,170,106
1767630873805,106,200,true,170,170,106
1767630873806,106,200,true,170,170,106
1767630873807,106,200,true,170,170,106
1767630873808,106,200,true,170,170,106
1767630873809,105,200,true,170,170,105
1767630873810,105,200,true,170,170,105
1767630873811,105,200,true,170,170,105
1767630873812,105,200,true,170,170,105
1767630873813,105,200,true,170,170,105
1767630873813,106,200,true,170,170,106
1767630873814,106,200,true,170,170,106
1767630873815,106,200,true,170,170,106
1767630873816,106,200,true,170,170,106
1767630873817,106,200,true,170,170,106
1767630873818,106,200,true,170,170,106
1767630873819,106,200,true,170,170,106
1767630873820,106,200,true,170,170,106
1767630873821,106,200,true,170,170,106
1767630873822,105,200,true,170,170,105
1767630873823,105,200,true,170,170,105
1767630873824,105,200,true,170,170,105
1767630873825,105,200,true,170,170,105
1767630873825,106,200,true,170,170,106
1767630873826,106,200,true,170,170,106
1767630873827,106,200,true,170,170,106
1767630873828,106,200,true,170,170,106
1767630873829,106,200,true,170,170,106
1767630873830,106,200,true,170,170,106
1767630873831,106,200,true,170,170,106
1767630873832,105,200,true,170,170,105
1767630873727,211,200,true,170,170,211
1767630868695,5245,200,true,170,170,5245
1767630873834,107,200,true,170,170,107
1767630873835,106,200,true,170,170,106
1767630873836,106,200,true,170,170,106
1767630873837,106,200,true,170,170,106
1767630873838,106,200,true,170,170,106
1767630873839,106,200,true,170,170,106
1767630873840,106,200,true,170,170,106
1767630873841,106,200,true,170,170,106
1767630873841,107,200,true,170,170,107
1767630873842,107,200,true,170,170,107
1767630873843,107,200,true,170,170,107
1767630873844,107,200,true,170,170,107
1767630873845,107,200,true,170,170,106
1767630873846,107,200,true,170,170,107
1767630873847,107,200,true,170,170,107
1767630873848,106,200,true,170,170,106
1767630873849,106,200,true,170,170,106
1767630873850,106,200,true,170,170,106
1767630873850,107,200,true,170,170,107
1767630873851,107,200,true,170,170,107
1767630873852,107,200,true,170,170,107
1767630873853,107,200,true,170,170,107
1767630873854,107,200,true,170,170,107
1767630873855,107,200,true,170,170,107
1767630873856,107,200,true,170,170,107
1767630873857,107,200,true,170,170,107
1767630873858,107,200,true,170,170,107
1767630873859,106,200,true,170,170,106
1767630873860,106,200,true,170,170,106
1767630873861,106,200,true,170,170,106
1767630873862,106,200,true,170,170,106
1767630873863,106,200,true,170,170,106
1767630873863,107,200,true,170,170,107
1767630873864,107,200,true,170,170,107
1767630873865,107,200,true,170,170,107
1767630873866,107,200,true,170,170,107
1767630873867,107,200,true,170,170,107
1767630873868,107,200,true,170,170,107
1767630873869,107,200,true,170,170,107
1767630873870,106,200,true,170,170,106
1767630873871,106,200,true,170,170,106
1767630873871,107,200,true,170,170,107
1767630873873,106,200,true,170,170,106
1767630873874,106,200,true,170,170,106
1767630873874,107,200,true,170,170,107
1767630873875,107,200,true,170,170,107
1767630873876,107,200,true,170,170,107
1767630873877,107,200,true,170,170,107
1767630873878,107,200,true,170,170,107
1767630873879,106,200,true,170,170,106
1767630873880,106,200,true,170,170,106
1767630873881,106,200,true,170,170,106
1767630873881,107,200,true,170,170,107
1767630873882,107,200,true,170,170,107
1767630873883,107,200,true,170,170,107
1767630873884,107,200,true,170,170,107
1767630873885,107,200,true,170,170,107
1767630873886,107,200,true,170,170,107
1767630873887,107,200,true,170,170,107
1767630873888,107,200,true,170,170,107
1767630873889,107,200,true,170,170,107
1767630873890,106,200,true,170,170,106
1767630873891,106,200,true,170,170,106
1767630873892,106,200,true,170,170,106
1767630873893,106,200,true,170,170,106
1767630873894,106,200,true,170,170,106
1767630873894,107,200,true,170,170,107
1767630873895,107,200,true,170,170,107
1767630873896,107,200,true,170,170,107
1767630873897,107,200,true,170,170,107
1767630873898,107,200,true,170,170,107
1767630873899,106,200,true,170,170,106
1767630873900,107,200,true,170,170,107
1767630873901,107,200,true,170,170,107
1767630873902,106,200,true,170,170,106
1767630873903,106,200,true,170,170,106
1767630873903,107,200,true,170,170,107
1767630873904,107,200,true,170,170,107
1767630873906,106,200,true,170,170,106
1767630873907,106,200,true,170,170,106
1767630873907,107,200,true,170,170,107
1767630873908,107,200,true,170,170,107
1767630873909,107,200,true,170,170,107
1767630873910,106,200,true,170,170,106
1767630873911,106,200,true,170,170,106
1767630873912,106,200,true,170,170,106
1767630873913,106,200,true,170,170,106
1767630873914,106,200,true,170,170,106
1767630873915,106,200,true,170,170,106
1767630873915,107,200,true,170,170,107
1767630873916,107,200,true,170,170,107
1767630873917,107,200,true,170,170,107
1767630873918,107,200,true,170,170,107
1767630873919,107,200,true,170,170,107
1767630873920,107,200,true,170,170,107
1767630873921,107,200,true,170,170,107
1767630873922,106,200,true,170,170,106
1767630873923,106,200,true,170,170,106
1767630873924,106,200,true,170,170,106
1767630873925,106,200,true,170,170,106
1767630873926,106,200,true,170,170,106
1767630873927,106,200,true,170,170,106
1767630873928,106,200,true,170,170,106
1767630873928,107,200,true,170,170,107
1767630873929,107,200,true,170,170,107
1767630873930,106,200,true,170,170,106
1767630873931,106,200,true,170,170,106
1767630873932,106,200,true,170,170,106
1767630873933,107,200,true,170,170,107
1767630873934,106,200,true,170,170,106
1767630873935,106,200,true,170,170,106
1767630873936,106,200,true,170,170,106
1767630873937,106,200,true,170,170,106
1767630873937,107,200,true,170,170,107
1767630873938,107,200,true,170,170,107
1767630873833,213,200,true,170,170,213
1767630868699,5349,200,true,170,170,5349
1767630873941,107,200,true,170,170,107
1767630873942,107,200,true,170,170,107
1767630873943,107,200,true,170,170,107
1767630873943,108,200,true,170,170,108
1767630873944,107,200,true,170,170,107
1767630873945,107,200,true,170,170,107
1767630873946,107,200,true,170,170,107
1767630873947,107,200,true,170,170,107
1767630873948,107,200,true,170,170,107
1767630873949,107,200,true,170,170,107
1767630873950,107,200,true,170,170,107
1767630873951,107,200,true,170,170,107
1767630873952,107,200,true,170,170,107
1767630873953,107,200,true,170,170,107
1767630873954,107,200,true,170,170,107
1767630873954,108,200,true,170,170,108
1767630873955,108,200,true,170,170,108
1767630873957,107,200,true,170,170,107
1767630873957,107,200,true,170,170,107
1767630873958,107,200,true,170,170,107
1767630873959,107,200,true,170,170,107
1767630873960,107,200,true,170,170,107
1767630873961,107,200,true,170,170,107
1767630873962,107,200,true,170,170,107
1767630873963,107,200,true,170,170,107
1767630873964,107,200,true,170,170,107
1767630873965,107,200,true,170,170,107
1767630873966,107,200,true,170,170,107
1767630873966,108,200,true,170,170,108
1767630873967,108,200,true,170,170,108
1767630873968,108,200,true,170,170,108
1767630873969,108,200,true,170,170,107
1767630873970,107,200,true,170,170,107
1767630873971,107,200,true,170,170,107
1767630873972,107,200,true,170,170,107
1767630873973,107,200,true,170,170,107
1767630873974,107,200,true,170,170,107
1767630873975,107,200,true,170,170,107
1767630873976,107,200,true,170,170,107
1767630873977,107,200,true,170,170,107
1767630873977,108,200,true,170,170,107
1767630873978,107,200,true,170,170,107
1767630873979,107,200,true,170,170,107
1767630873980,107,200,true,170,170,107
1767630873981,107,200,true,170,170,107
1767630873982,107,200,true,170,170,107
1767630873983,107,200,true,170,170,107
1767630873984,107,200,true,170,170,107
1767630873985,107,200,true,170,170,107
1767630873985,108,200,true,170,170,108
1767630873986,108,200,true,170,170,108
1767630873987,108,200,true,170,170,108
1767630873988,108,200,true,170,170,108
1767630873989,107,200,true,170,170,107
1767630873990,107,200,true,170,170,107
1767630873991,107,200,true,170,170,107
1767630873992,107,200,true,170,170,107
1767630873993,107,200,true,170,170,107
1767630873994,107,200,true,170,170,107
1767630873995,107,200,true,170,170,107
1767630873996,107,200,true,170,170,107
1767630873996,108,200,true,170,170,108
1767630873997,108,200,true,170,170,108
1767630873998,107,200,true,170,170,107
1767630873999,108,200,true,170,170,108
1767630874000,108,200,true,170,170,108
1767630874001,108,200,true,170,170,108
1767630874002,107,200,true,170,170,107
1767630874003,107,200,true,170,170,107
1767630874004,107,200,true,170,170,107
1767630874005,107,200,true,170,170,107
1767630874005,108,200,true,170,170,108
1767630874007,107,200,true,170,170,107
1767630874008,107,200,true,170,170,107
1767630874008,108,200,true,170,170,108
1767630874009,108,200,true,170,170,108
1767630874010,107,200,true,170,170,107
1767630874011,107,200,true,170,170,107
1767630874012,107,200,true,170,170,107
1767630874013,107,200,true,170,170,107
1767630874014,107,200,true,170,170,107
1767630874015,107,200,true,170,170,107
1767630874016,107,200,true,170,170,107
1767630874017,107,200,true,170,170,107
1767630874017,108,200,true,170,170,108
1767630874018,108,200,true,170,170,108
1767630874019,108,200,true,170,170,108
1767630874020,108,200,true,170,170,108
1767630874021,107,200,true,170,170,107
1767630874022,107,200,true,170,170,107
1767630874023,107,200,true,170,170,107
1767630874024,107,200,true,170,170,107
1767630874025,107,200,true,170,170,107
1767630874026,107,200,true,170,170,107
1767630874027,107,200,true,170,170,107
1767630874028,107,200,true,170,170,107
1767630874029,107,200,true,170,170,107
1767630874029,108,200,true,170,170,108
1767630874030,107,200,true,170,170,107
1767630874031,107,200,true,170,170,107
1767630874032,107,200,true,170,170,107
1767630874033,108,200,true,170,170,108
1767630874034,107,200,true,170,170,107
1767630874035,107,200,true,170,170,107
1767630874036,107,200,true,170,170,107
1767630874037,107,200,true,170,170,107
1767630874037,108,200,true,170,170,108
1767630874038,108,200,true,170,170,108
1767630874040,107,200,true,170,170,107
1767630874040,108,200,true,170,170,108
1767630874041,108,200,true,170,170,108
1767630874042,108,200,true,170,170,108
1767630874043,107,200,true,170,170,107
1767630874044,107,200,true,170,170,107
1767630874045,107,200,true,170,170,107
1767630874046,107,200,true,170,170,107
1767630873940,214,200,true,170,170,214
1767630868690,5465,200,true,170,170,5465
1767630874048,108,200,true,170,170,108
1767630874049,108,200,true,170,170,108
1767630874050,108,200,true,170,170,108
1767630874051,108,200,true,170,170,108
1767630874052,108,200,true,170,170,108
1767630874052,109,200,true,170,170,109
1767630874053,109,200,true,170,170,109
1767630874054,109,200,true,170,170,109
1767630874055,109,200,true,170,170,109
1767630874056,109,200,true,170,170,109
1767630874057,109,200,true,170,170,109
1767630874058,109,200,true,170,170,109
1767630874059,108,200,true,170,170,108
1767630874060,108,200,true,170,170,108
1767630874061,108,200,true,170,170,108
1767630874062,108,200,true,170,170,108
1767630874063,108,200,true,170,170,108
1767630874064,108,200,true,170,170,108
1767630874065,108,200,true,170,170,108
1767630874065,109,200,true,170,170,109
1767630874066,109,200,true,170,170,109
1767630874067,109,200,true,170,170,109
1767630874068,109,200,true,170,170,109
1767630874069,109,200,true,170,170,109
1767630874070,109,200,true,170,170,109
1767630874071,109,200,true,170,170,109
1767630874072,109,200,true,170,170,109
1767630874073,108,200,true,170,170,108
1767630874074,108,200,true,170,170,108
1767630874075,108,200,true,170,170,108
1767630874076,108,200,true,170,170,108
1767630874077,108,200,true,170,170,108
1767630874077,109,200,true,170,170,109
1767630874078,109,200,true,170,170,109
1767630874079,109,200,true,170,170,109
1767630874080,109,200,true,170,170,109
1767630874081,108,200,true,170,170,108
1767630874082,109,200,true,170,170,109
1767630874083,109,200,true,170,170,109
1767630874084,108,200,true,170,170,108
1767630874085,108,200,true,170,170,108
1767630874085,109,200,true,170,170,109
1767630874086,109,200,true,170,170,109
1767630874087,109,200,true,170,170,109
1767630874088,109,200,true,170,170,109
1767630874089,109,200,true,170,170,109
1767630874090,109,200,true,170,170,109
1767630874091,109,200,true,170,170,109
1767630874092,109,200,true,170,170,109
1767630874093,108,200,true,170,170,108
1767630874094,108,200,true,170,170,108
1767630874095,108,200,true,170,170,108
1767630874096,108,200,true,170,170,108
1767630874096,109,200,true,170,170,109
1767630874097,109,200,true,170,170,109
1767630874098,109,200,true,170,170,109
1767630874099,109,200,true,170,170,109
1767630874100,109,200,true,170,170,109
1767630874101,109,200,true,170,170,109
1767630874102,109,200,true,170,170,109
1767630874103,109,200,true,170,170,109
1767630874104,108,200,true,170,170,108
1767630874105,108,200,true,170,170,108
1767630874106,108,200,true,170,170,108
1767630874107,108,200,true,170,170,108
1767630874108,108,200,true,170,170,108
1767630874109,108,200,true,170,170,108
1767630874109,109,200,true,170,170,109
1767630874110,109,200,true,170,170,109
1767630874111,109,200,true,170,170,109
1767630874112,109,200,true,170,170,109
1767630874113,108,200,true,170,170,108
1767630874114,108,200,true,170,170,108
1767630874115,108,200,true,170,170,108
1767630874116,108,200,true,170,170,108
1767630874117,108,200,true,170,170,108
1767630874117,109,200,true,170,170,109
1767630874118,109,200,true,170,170,109
1767630874119,109,200,true,170,170,109
1767630874120,109,200,true,170,170,109
1767630874121,109,200,true,170,170,109
1767630874122,109,200,true,170,170,109
1767630874123,109,200,true,170,170,109
1767630874124,109,200,true,170,170,109
1767630874125,108,200,true,170,170,108
1767630874126,108,200,true,170,170,108
1767630874127,108,200,true,170,170,108
1767630874128,108,200,true,170,170,108
1767630874129,108,200,true,170,170,108
1767630874129,109,200,true,170,170,109
1767630874130,109,200,true,170,170,109
1767630874131,109,200,true,170,170,109
1767630874132,109,200,true,170,170,109
1767630874133,109,200,true,170,170,109
1767630874134,109,200,true,170,170,109
1767630874135,109,200,true,170,170,109
1767630874136,108,200,true,170,170,108
1767630874137,108,200,true,170,170,108
1767630874137,109,200,true,170,170,109
1767630874138,109,200,true,170,170,109
1767630874139,109,200,true,170,170,109
1767630874141,108,200,true,170,170,108
1767630874141,109,200,true,170,170,109
1767630874142,109,200,true,170,170,109
1767630874143,109,200,true,170,170,109
1767630874144,109,200,true,170,170,109
1767630874145,108,200,true,170,170,108
1767630874146,108,200,true,170,170,108
1767630874147,108,200,true,170,170,108
1767630874148,108,200,true,170,170,108
1767630874149,109,200,true,170,170,109
1767630874150,108,200,true,170,170,108
1767630874151,108,200,true,170,170,108
1767630874151,109,200,true,170,170,109
1767630874152,109,200,true,170,170,109
1767630874153,109,200,true,170,170,109
1767630874154,109,200,true,170,170,109
1767630874047,217,200,true,170,170,217
1767630868686,5579,200,true,170,170,5579
1767630874156,110,200,true,170,170,110
1767630874157,110,200,true,170,170,110
1767630874158,110,200,true,170,170,110
1767630874159,110,200,true,170,170,110
1767630874160,110,200,true,170,170,110
1767630874161,110,200,true,170,170,110
1767630874162,110,200,true,170,170,110
1767630874163,109,200,true,170,170,109
1767630874164,109,200,true,170,170,109
1767630874165,110,200,true,170,170,110
1767630874166,110,200,true,170,170,110
1767630874167,109,200,true,170,170,109
1767630874168,109,200,true,170,170,109
1767630874168,110,200,true,170,170,110
1767630874169,110,200,true,170,170,110
1767630874170,110,200,true,170,170,110
1767630874171,110,200,true,170,170,110
1767630874172,110,200,true,170,170,110
1767630874173,110,200,true,170,170,110
1767630874174,110,200,true,170,170,110
1767630874175,109,200,true,170,170,109
1767630874176,109,200,true,170,170,109
1767630874177,109,200,true,170,170,109
1767630874178,109,200,true,170,170,109
1767630874179,109,200,true,170,170,109
1767630874180,109,200,true,170,170,109
1767630874181,109,200,true,170,170,109
1767630874182,109,200,true,170,170,109
1767630874182,110,200,true,170,170,110
1767630874183,110,200,true,170,170,110
1767630874184,110,200,true,170,170,110
1767630874185,110,200,true,170,170,110
1767630874186,110,200,true,170,170,110
1767630874187,110,200,true,170,170,110
1767630874188,109,200,true,170,170,109
1767630874189,109,200,true,170,170,109
1767630874189,110,200,true,170,170,110
1767630874191,109,200,true,170,170,109
1767630874192,109,200,true,170,170,109
1767630874193,109,200,true,170,170,109
1767630874193,110,200,true,170,170,110
1767630874194,110,200,true,170,170,110
1767630874195,110,200,true,170,170,109
1767630874196,109,200,true,170,170,109
1767630874197,109,200,true,170,170,109
1767630874198,109,200,true,170,170,109
1767630874199,109,200,true,170,170,109
1767630874200,109,200,true,170,170,109
1767630874201,109,200,true,170,170,109
1767630874201,110,200,true,170,170,110
1767630874202,110,200,true,170,170,110
1767630874203,110,200,true,170,170,110
1767630874204,110,200,true,170,170,110
1767630874205,110,200,true,170,170,110
1767630874206,110,200,true,170,170,110
1767630874207,110,200,true,170,170,110
1767630874208,109,200,true,170,170,109
1767630874209,109,200,true,170,170,109
1767630874210,109,200,true,170,170,109
1767630874211,109,200,true,170,170,109
1767630874212,109,200,true,170,170,109
1767630874213,109,200,true,170,170,109
1767630874213,110,200,true,170,170,110
1767630874214,110,200,true,170,170,110
1767630874215,110,200,true,170,170,110
1767630874216,110,200,true,170,170,110
1767630874217,110,200,true,170,170,110
1767630874218,110,200,true,170,170,110
1767630874219,110,200,true,170,170,110
1767630874220,110,200,true,170,170,110
1767630874221,110,200,true,170,170,110
1767630874221,110,200,true,170,170,110
1767630874222,110,200,true,170,170,110
1767630874223,110,200,true,170,170,110
1767630874224,110,200,true,170,170,110
1767630874225,110,200,true,170,170,110
1767630874226,110,200,true,170,170,110
1767630874227,110,200,true,170,170,110
1767630874228,110,200,true,170,170,110
1767630874229,110,200,true,170,170,110
1767630874230,110,200,true,170,170,110
1767630874231,109,200,true,170,170,109
1767630874232,110,200,true,170,170,110
1767630874233,110,200,true,170,170,110
1767630874233,111,200,true,170,170,110
1767630874234,110,200,true,170,170,110
1767630874235,110,200,true,170,170,110
1767630874236,110,200,true,170,170,110
1767630874237,110,200,true,170,170,110
1767630874238,110,200,true,170,170,110
1767630874239,110,200,true,170,170,110
1767630874240,110,200,true,170,170,110
1767630874241,110,200,true,170,170,110
1767630874242,110,200,true,170,170,110
1767630874243,109,200,true,170,170,109
1767630874244,109,200,true,170,170,109
1767630874245,109,200,true,170,170,109
1767630874245,110,200,true,170,170,110
1767630874246,110,200,true,170,170,110
1767630874247,110,200,true,170,170,110
1767630874248,110,200,true,170,170,110
1767630874249,110,200,true,170,170,110
1767630874250,110,200,true,170,170,110
1767630874251,110,200,true,170,170,110
1767630874252,110,200,true,170,170,110
1767630874253,110,200,true,170,170,110
1767630874254,110,200,true,170,170,110
1767630874254,111,200,true,170,170,111
1767630874255,110,200,true,170,170,110
1767630874256,110,200,true,170,170,110
1767630874258,109,200,true,170,170,109
1767630874259,109,200,true,170,170,109
1767630874259,110,200,true,170,170,110
1767630874260,110,200,true,170,170,110
1767630874261,110,200,true,170,170,110
1767630874262,110,200,true,170,170,110
1767630874263,110,200,true,170,170,110
1767630874264,110,200,true,170,170,110
1767630874155,220,200,true,170,170,220
1767630868697,5680,200,true,170,170,5680
1767630874266,111,200,true,170,170,111
1767630874267,111,200,true,170,170,111
1767630874268,111,200,true,170,170,111
1767630874269,111,200,true,170,170,111
1767630874270,111,200,true,170,170,111
1767630874271,111,200,true,170,170,110
1767630874272,110,200,true,170,170,110
1767630874272,111,200,true,170,170,111
1767630874273,111,200,true,170,170,111
1767630874275,110,200,true,170,170,110
1767630874276,110,200,true,170,170,110
1767630874277,110,200,true,170,170,110
1767630874277,111,200,true,170,170,111
1767630874278,111,200,true,170,170,111
1767630874279,111,200,true,170,170,111
1767630874280,111,200,true,170,170,111
1767630874281,110,200,true,170,170,110
1767630874282,111,200,true,170,170,111
1767630874283,111,200,true,170,170,111
1767630874284,111,200,true,170,170,111
1767630874285,110,200,true,170,170,110
1767630874285,111,200,true,170,170,111
1767630874286,111,200,true,170,170,111
1767630874287,111,200,true,170,170,111
1767630874288,111,200,true,170,170,111
1767630874289,111,200,true,170,170,111
1767630874290,111,200,true,170,170,111
1767630874291,111,200,true,170,170,111
1767630874292,111,200,true,170,170,111
1767630874293,111,200,true,170,170,111
1767630874294,110,200,true,170,170,110
1767630874295,110,200,true,170,170,110
1767630874296,110,200,true,170,170,110
1767630874297,110,200,true,170,170,110
1767630874297,111,200,true,170,170,111
1767630874298,111,200,true,170,170,111
1767630874299,111,200,true,170,170,111
1767630874300,111,200,true,170,170,111
1767630874301,111,200,true,170,170,111
1767630874302,111,200,true,170,170,111
1767630874303,111,200,true,170,170,111
1767630874304,111,200,true,170,170,111
1767630874305,110,200,true,170,170,110
1767630874306,110,200,true,170,170,110
1767630874306,111,200,true,170,170,111
1767630874307,111,200,true,170,170,111
1767630874308,111,200,true,170,170,111
1767630874309,111,200,true,170,170,111
1767630874310,111,200,true,170,170,111
1767630874311,111,200,true,170,170,111
1767630874312,111,200,true,170,170,111
1767630874313,110,200,true,170,170,110
1767630874314,110,200,true,170,170,110
1767630874315,111,200,true,170,170,111
1767630874316,110,200,true,170,170,110
1767630874317,110,200,true,170,170,110
1767630874317,111,200,true,170,170,111
1767630874318,111,200,true,170,170,111
1767630874319,111,200,true,170,170,111
1767630874320,111,200,true,170,170,111
1767630874321,111,200,true,170,170,111
1767630874322,111,200,true,170,170,111
1767630874323,111,200,true,170,170,111
1767630874324,111,200,true,170,170,111
1767630874325,110,200,true,170,170,110
1767630874326,110,200,true,170,170,110
1767630874327,110,200,true,170,170,110
1767630874328,110,200,true,170,170,110
1767630874329,110,200,true,170,170,110
1767630874330,110,200,true,170,170,110
1767630874331,110,200,true,170,170,110
1767630874331,111,200,true,170,170,111
1767630874332,111,200,true,170,170,111
1767630874333,111,200,true,170,170,111
1767630874334,111,200,true,170,170,111
1767630874335,111,200,true,170,170,111
1767630874336,111,200,true,170,170,111
1767630874337,110,200,true,170,170,110
1767630874338,110,200,true,170,170,110
1767630874339,110,200,true,170,170,110
1767630874340,110,200,true,170,170,110
1767630874340,111,200,true,170,170,111
1767630874342,110,200,true,170,170,110
1767630874343,110,200,true,170,170,110
1767630874344,110,200,true,170,170,110
1767630874345,110,200,true,170,170,110
1767630874345,111,200,true,170,170,111
1767630874346,111,200,true,170,170,110
1767630874347,110,200,true,170,170,110
1767630874348,110,200,true,170,170,110
1767630874349,111,200,true,170,170,111
1767630874350,110,200,true,170,170,110
1767630874351,110,200,true,170,170,110
1767630874352,110,200,true,170,170,110
1767630874353,110,200,true,170,170,110
1767630874353,111,200,true,170,170,111
1767630874354,111,200,true,170,170,111
1767630874355,111,200,true,170,170,111
1767630874356,111,200,true,170,170,111
1767630874357,111,200,true,170,170,111
1767630874358,110,200,true,170,170,110
1767630874359,110,200,true,170,170,110
1767630874360,110,200,true,170,170,110
1767630874361,110,200,true,170,170,110
1767630874362,110,200,true,170,170,110
1767630874363,110,200,true,170,170,110
1767630874364,110,200,true,170,170,110
1767630874365,110,200,true,170,170,110
1767630874366,110,200,true,170,170,110
1767630874366,111,200,true,170,170,111
1767630874367,111,200,true,170,170,111
1767630874368,111,200,true,170,170,111
1767630874369,111,200,true,170,170,111
1767630874370,110,200,true,170,170,110
1767630874371,110,200,true,170,170,110
1767630874372,110,200,true,170,170,110
1767630874373,110,200,true,170,170,110
1767630874374,110,200,true,170,170,110
1767630874375,110,200,true,170,170,110
1767630874265,221,200,true,170,170,221
1767630868694,5794,200,true,170,170,5794
1767630874377,111,200,true,170,170,111
1767630874378,111,200,true,170,170,111
1767630874379,111,200,true,170,170,111
1767630874380,111,200,true,170,170,111
1767630874381,111,200,true,170,170,110
1767630874382,111,200,true,170,170,111
1767630874382,112,200,true,170,170,112
1767630874383,111,200,true,170,170,111
1767630874384,111,200,true,170,170,111
1767630874385,111,200,true,170,170,111
1767630874386,111,200,true,170,170,111
1767630874387,111,200,true,170,170,111
1767630874388,111,200,true,170,170,111
1767630874389,111,200,true,170,170,111
1767630874390,111,200,true,170,170,111
1767630874391,111,200,true,170,170,111
1767630874392,111,200,true,170,170,111
1767630874393,111,200,true,170,170,111
1767630874394,110,200,true,170,170,110
1767630874395,110,200,true,170,170,110
1767630874396,110,200,true,170,170,110
1767630874396,111,200,true,170,170,111
1767630874397,111,200,true,170,170,111
1767630874398,111,200,true,170,170,111
1767630874399,111,200,true,170,170,111
1767630874400,111,200,true,170,170,111
1767630874401,111,200,true,170,170,111
1767630874402,111,200,true,170,170,111
1767630874403,111,200,true,170,170,111
1767630874404,111,200,true,170,170,111
1767630874404,112,200,true,170,170,112
1767630874405,112,200,true,170,170,112
1767630874406,111,200,true,170,170,111
1767630874407,111,200,true,170,170,111
1767630874408,111,200,true,170,170,111
1767630874409,111,200,true,170,170,111
1767630874410,111,200,true,170,170,111
1767630874411,111,200,true,170,170,111
1767630874412,111,200,true,170,170,111
1767630874413,111,200,true,170,170,111
1767630874414,110,200,true,170,170,110
1767630874415,111,200,true,170,170,111
1767630874415,112,200,true,170,170,112
1767630874416,111,200,true,170,170,111
1767630874417,111,200,true,170,170,111
1767630874418,111,200,true,170,170,111
1767630874419,111,200,true,170,170,111
1767630874420,111,200,true,170,170,111
1767630874421,111,200,true,170,170,111
1767630874422,111,200,true,170,170,111
1767630874423,111,200,true,170,170,111
1767630874424,111,200,true,170,170,111
1767630874424,111,200,true,170,170,111
1767630874426,110,200,true,170,170,110
1767630874427,110,200,true,170,170,110
1767630874428,110,200,true,170,170,110
1767630874428,111,200,true,170,170,111
1767630874429,111,200,true,170,170,111
1767630874430,111,200,true,170,170,111
1767630874431,111,200,true,170,170,111
1767630874432,111,200,true,170,170,111
1767630874433,111,200,true,170,170,111
1767630874434,111,200,true,170,170,111
1767630874435,111,200,true,170,170,111
1767630874436,111,200,true,170,170,111
1767630874436,111,200,true,170,170,111
1767630874437,111,200,true,170,170,111
1767630874438,111,200,true,170,170,111
1767630874439,111,200,true,170,170,111
1767630874440,111,200,true,170,170,111
1767630874441,111,200,true,170,170,111
1767630874442,111,200,true,170,170,111
1767630874443,111,200,true,170,170,111
1767630874444,111,200,true,170,170,111
1767630874445,110,200,true,170,170,110
1767630874446,110,200,true,170,170,110
1767630874447,110,200,true,170,170,110
1767630874447,111,200,true,170,170,111
1767630874448,111,200,true,170,170,111
1767630874449,111,200,true,170,170,111
1767630874450,111,200,true,170,170,111
1767630874451,111,200,true,170,170,111
1767630874452,111,200,true,170,170,111
1767630874453,111,200,true,170,170,111
1767630874454,111,200,true,170,170,111
1767630874455,111,200,true,170,170,111
1767630874456,111,200,true,170,170,111
1767630874457,111,200,true,170,170,111
1767630874457,111,200,true,170,170,111
1767630874458,111,200,true,170,170,111
1767630874460,110,200,true,170,170,110
1767630874461,110,200,true,170,170,110
1767630874461,111,200,true,170,170,111
1767630874462,111,200,true,170,170,111
1767630874463,111,200,true,170,170,111
1767630874464,111,200,true,170,170,111
1767630874465,111,200,true,170,170,111
1767630874466,111,200,true,170,170,111
1767630874467,111,200,true,170,170,111
1767630874468,111,200,true,170,170,111
1767630874469,110,200,true,170,170,110
1767630874470,110,200,true,170,170,110
1767630874470,111,200,true,170,170,111
1767630874471,111,200,true,170,170,111
1767630874472,111,200,true,170,170,111
1767630874473,111,200,true,170,170,111
1767630874474,111,200,true,170,170,111
1767630874475,111,200,true,170,170,111
1767630874476,111,200,true,170,170,111
1767630874477,111,200,true,170,170,111
1767630874478,110,200,true,170,170,110
1767630874479,110,200,true,170,170,110
1767630874480,110,200,true,170,170,110
1767630874481,110,200,true,170,170,110
1767630874481,111,200,true,170,170,111
1767630874482,111,200,true,170,170,111
1767630874483,111,200,true,170,170,111
1767630874484,111,200,true,170,170,111
1767630874485,111,200,true,170,170,111
1767630874486,111,200,true,170,170,111
1767630874376,222,200,true,170,170,222
1767630868687,5913,200,true,170,170,5913
1767630874488,112,200,true,170,170,112
1767630874489,112,200,true,170,170,112
1767630874490,112,200,true,170,170,112
1767630874491,112,200,true,170,170,112
1767630874492,112,200,true,170,170,112
1767630874493,111,200,true,170,170,111
1767630874494,111,200,true,170,170,111
1767630874495,111,200,true,170,170,111
1767630874495,112,200,true,170,170,112
1767630874496,112,200,true,170,170,112
1767630874497,112,200,true,170,170,112
1767630874498,112,200,true,170,170,112
1767630874499,112,200,true,170,170,112
1767630874500,112,200,true,170,170,112
1767630874501,112,200,true,170,170,112
1767630874502,112,200,true,170,170,112
1767630874503,112,200,true,170,170,112
1767630874504,111,200,true,170,170,111
1767630874504,112,200,true,170,170,112
1767630874505,112,200,true,170,170,112
1767630874506,112,200,true,170,170,112
1767630874507,112,200,true,170,170,112
1767630874508,112,200,true,170,170,112
1767630874509,112,200,true,170,170,112
1767630874510,112,200,true,170,170,112
1767630874511,112,200,true,170,170,112
1767630874512,112,200,true,170,170,112
1767630874513,111,200,true,170,170,111
1767630874514,112,200,true,170,170,112
1767630874515,112,200,true,170,170,112
1767630874516,111,200,true,170,170,111
1767630874517,111,200,true,170,170,111
1767630874517,112,200,true,170,170,112
1767630874518,112,200,true,170,170,112
1767630874519,112,200,true,170,170,112
1767630874520,112,200,true,170,170,112
1767630874521,112,200,true,170,170,112
1767630874522,112,200,true,170,170,112
1767630874523,112,200,true,170,170,112
1767630874524,112,200,true,170,170,111
1767630874524,112,200,true,170,170,112
1767630874526,111,200,true,170,170,111
1767630874527,111,200,true,170,170,111
1767630874528,111,200,true,170,170,111
1767630874528,112,200,true,170,170,112
1767630874529,112,200,true,170,170,112
1767630874530,112,200,true,170,170,112
1767630874531,112,200,true,170,170,112
1767630874532,112,200,true,170,170,112
1767630874533,112,200,true,170,170,112
1767630874534,112,200,true,170,170,112
1767630874535,112,200,true,170,170,112
1767630874536,112,200,true,170,170,112
1767630874536,112,200,true,170,170,112
1767630874537,112,200,true,170,170,112
1767630874538,112,200,true,170,170,112
1767630874539,112,200,true,170,170,112
1767630874540,112,200,true,170,170,112
1767630874541,112,200,true,170,170,112
1767630874542,112,200,true,170,170,112
1767630874543,112,200,true,170,170,112
1767630874544,112,200,true,170,170,112
1767630874545,112,200,true,170,170,112
1767630874546,112,200,true,170,170,112
1767630874547,111,200,true,170,170,111
1767630874548,112,200,true,170,170,112
1767630874548,113,200,true,170,170,113
1767630874549,113,200,true,170,170,113
1767630874550,112,200,true,170,170,112
1767630874551,112,200,true,170,170,112
1767630874552,112,200,true,170,170,112
1767630874553,112,200,true,170,170,112
1767630874554,112,200,true,170,170,112
1767630874555,112,200,true,170,170,112
1767630874556,112,200,true,170,170,112
1767630874556,113,200,true,170,170,113
1767630874557,113,200,true,170,170,113
1767630874558,113,200,true,170,170,113
1767630874559,113,200,true,170,170,113
1767630874560,112,200,true,170,170,112
1767630874561,112,200,true,170,170,112
1767630874562,112,200,true,170,170,112
1767630874563,112,200,true,170,170,112
1767630874564,112,200,true,170,170,112
1767630874565,112,200,true,170,170,112
1767630874566,112,200,true,170,170,112
1767630874567,112,200,true,170,170,112
1767630874568,112,200,true,170,170,112
1767630874569,112,200,true,170,170,112
1767630874569,113,200,true,170,170,113
1767630874570,113,200,true,170,170,113
1767630874571,113,200,true,170,170,113
1767630874572,113,200,true,170,170,113
1767630874573,112,200,true,170,170,112
1767630874574,112,200,true,170,170,112
1767630874575,112,200,true,170,170,112
1767630874576,112,200,true,170,170,112
1767630874577,112,200,true,170,170,112
1767630874578,112,200,true,170,170,112
1767630874579,112,200,true,170,170,112
1767630874580,112,200,true,170,170,112
1767630874580,113,200,true,170,170,113
1767630874581,113,200,true,170,170,113
1767630874582,113,200,true,170,170,113
1767630874583,113,200,true,170,170,113
1767630874584,113,200,true,170,170,113
1767630874585,113,200,true,170,170,113
1767630874586,112,200,true,170,170,112
1767630874587,112,200,true,170,170,112
1767630874588,112,200,true,170,170,112
1767630874589,112,200,true,170,170,112
1767630874589,113,200,true,170,170,113
1767630874590,113,200,true,170,170,113
1767630874591,113,200,true,170,170,113
1767630874593,112,200,true,170,170,112
1767630874593,113,200,true,170,170,113
1767630874594,113,200,true,170,170,113
1767630874595,113,200,true,170,170,113
1767630874596,113,200,true,170,170,113
1767630874597,112,200,true,170,170,112
1767630874598,113,200,true,170,170,113
1767630874487,225,200,true,170,170,225
1767630868697,6018,200,true,170,170,6018
1767630874600,116,200,true,170,170,116
1767630874601,117,200,true,170,170,117
1767630874602,120,200,true,170,170,120
1767630874603,120,200,true,170,170,120
1767630874604,120,200,true,170,170,120
1767630874605,120,200,true,170,170,120
1767630874605,121,200,true,170,170,121
1767630874606,121,200,true,170,170,121
1767630874607,121,200,true,170,170,121
1767630874608,121,200,true,170,170,121
1767630874609,121,200,true,170,170,121
1767630874610,120,200,true,170,170,120
1767630874611,120,200,true,170,170,120
1767630874612,120,200,true,170,170,120
1767630874613,120,200,true,170,170,120
1767630874614,120,200,true,170,170,120
1767630874615,120,200,true,170,170,120
1767630874616,120,200,true,170,170,120
1767630874616,121,200,true,170,170,121
1767630874617,121,200,true,170,170,121
1767630874618,120,200,true,170,170,120
1767630874619,121,200,true,170,170,121
1767630874620,121,200,true,170,170,121
1767630874621,120,200,true,170,170,120
1767630874622,120,200,true,170,170,120
1767630874623,120,200,true,170,170,120
1767630874624,120,200,true,170,170,120
1767630874625,120,200,true,170,170,120
1767630874626,120,200,true,170,170,120
1767630874627,120,200,true,170,170,120
1767630874628,120,200,true,170,170,120
1767630874628,121,200,true,170,170,121
1767630874629,121,200,true,170,170,121
1767630874630,120,200,true,170,170,120
1767630874631,120,200,true,170,170,120
1767630874632,120,200,true,170,170,120
1767630874633,120,200,true,170,170,120
1767630874634,120,200,true,170,170,120
1767630874635,120,200,true,170,170,120
1767630874636,120,200,true,170,170,120
1767630874637,120,200,true,170,170,120
1767630874637,121,200,true,170,170,121
1767630874638,121,200,true,170,170,121
1767630874639,121,200,true,170,170,121
1767630874640,120,200,true,170,170,120
1767630874641,120,200,true,170,170,120
1767630874642,120,200,true,170,170,120
1767630874643,120,200,true,170,170,120
1767630874644,120,200,true,170,170,120
1767630874645,120,200,true,170,170,120
1767630874646,120,200,true,170,170,120
1767630874647,120,200,true,170,170,120
1767630874648,120,200,true,170,170,120
1767630874648,120,200,true,170,170,120
1767630874649,120,200,true,170,170,120
1767630874650,120,200,true,170,170,120
1767630874651,120,200,true,170,170,120
1767630874652,120,200,true,170,170,120
1767630874653,120,200,true,170,170,120
1767630874654,120,200,true,170,170,120
1767630874655,120,200,true,170,170,120
1767630874656,120,200,true,170,170,120
1767630874657,120,200,true,170,170,120
1767630874658,120,200,true,170,170,120
1767630874659,120,200,true,170,170,120
1767630874660,120,200,true,170,170,120
1767630874661,120,200,true,170,170,120
1767630874662,119,200,true,170,170,119
1767630874662,120,200,true,170,170,120
1767630874663,120,200,true,170,170,120
1767630874664,120,200,true,170,170,120
1767630874665,120,200,true,170,170,120
1767630874666,120,200,true,170,170,120
1767630874667,120,200,true,170,170,120
1767630874668,120,200,true,170,170,120
1767630874669,120,200,true,170,170,120
1767630874670,120,200,true,170,170,120
1767630874671,120,200,true,170,170,120
1767630874672,120,200,true,170,170,120
1767630874673,120,200,true,170,170,120
1767630874673,121,200,true,170,170,121
1767630874674,120,200,true,170,170,120
1767630874675,120,200,true,170,170,120
1767630874677,119,200,true,170,170,119
1767630874677,120,200,true,170,170,120
1767630874678,120,200,true,170,170,120
1767630874679,120,200,true,170,170,120
1767630874680,120,200,true,170,170,120
1767630874681,120,200,true,170,170,120
1767630874682,119,200,true,170,170,119
1767630874683,119,200,true,170,170,119
1767630874684,119,200,true,170,170,119
1767630874685,119,200,true,170,170,119
1767630874686,119,200,true,170,170,119
1767630874686,120,200,true,170,170,120
1767630874687,120,200,true,170,170,120
1767630874688,120,200,true,170,170,120
1767630874689,120,200,true,170,170,120
1767630874690,120,200,true,170,170,120
1767630874691,120,200,true,170,170,120
1767630874692,120,200,true,170,170,120
1767630874693,120,200,true,170,170,120
1767630874694,119,200,true,170,170,119
1767630874695,119,200,true,170,170,119
1767630874696,119,200,true,170,170,119
1767630874697,119,200,true,170,170,119
1767630874698,119,200,true,170,170,119
1767630874699,119,200,true,170,170,119
1767630874699,120,200,true,170,170,120
1767630874700,120,200,true,170,170,120
1767630874701,120,200,true,170,170,120
1767630874702,120,200,true,170,170,120
1767630874703,120,200,true,170,170,120
1767630874704,120,200,true,170,170,120
1767630874705,120,200,true,170,170,120
1767630874706,120,200,true,170,170,120
1767630874707,120,200,true,170,170,120
1767630874708,120,200,true,170,170,120
1767630874709,119,200,true,170,170,119
1767630874709,120,200,true,170,170,120
1767630874711,119,200,true,170,170,119
1767630874712,119,200,true,170,170,119
1767630874599,233,200,true,170,170,233
1767630868722,6112,200,true,170,170,6112
1767630874717,117,200,true,170,170,117
1767630874719,116,200,true,170,170,116
1767630874722,114,200,true,170,170,114
1767630874723,114,200,true,170,170,114
1767630874724,114,200,true,170,170,114
1767630874725,114,200,true,170,170,114
1767630874726,114,200,true,170,170,114
1767630874727,114,200,true,170,170,114
1767630874728,114,200,true,170,170,114
1767630874729,114,200,true,170,170,114
1767630874730,113,200,true,170,170,113
1767630874731,113,200,true,170,170,113
1767630874731,114,200,true,170,170,114
1767630874732,114,200,true,170,170,114
1767630874733,114,200,true,170,170,114
1767630874734,114,200,true,170,170,114
1767630874735,114,200,true,170,170,114
1767630874736,114,200,true,170,170,114
1767630874737,114,200,true,170,170,114
1767630874738,114,200,true,170,170,114
1767630874739,113,200,true,170,170,113
1767630874740,113,200,true,170,170,113
1767630874741,113,200,true,170,170,113
1767630874742,113,200,true,170,170,113
1767630874742,115,200,true,170,170,115
1767630874743,114,200,true,170,170,114
1767630874744,114,200,true,170,170,114
1767630874745,114,200,true,170,170,114
1767630874746,114,200,true,170,170,114
1767630874747,114,200,true,170,170,114
1767630874748,114,200,true,170,170,114
1767630874749,114,200,true,170,170,114
1767630874750,114,200,true,170,170,114
1767630874750,115,200,true,170,170,115
1767630874751,114,200,true,170,170,114
1767630874752,114,200,true,170,170,114
1767630874753,114,200,true,170,170,114
1767630874754,114,200,true,170,170,114
1767630874755,114,200,true,170,170,114
1767630874756,114,200,true,170,170,114
1767630874757,114,200,true,170,170,114
1767630874758,114,200,true,170,170,114
1767630874759,114,200,true,170,170,114
1767630874760,114,200,true,170,170,114
1767630874760,115,200,true,170,170,115
1767630874761,114,200,true,170,170,114
1767630874762,114,200,true,170,170,114
1767630874763,114,200,true,170,170,114
1767630874764,114,200,true,170,170,114
1767630874765,114,200,true,170,170,114
1767630874766,114,200,true,170,170,114
1767630874767,114,200,true,170,170,114
1767630874768,114,200,true,170,170,114
1767630874769,114,200,true,170,170,114
1767630874769,115,200,true,170,170,115
1767630874770,115,200,true,170,170,115
1767630874771,114,200,true,170,170,114
1767630874772,114,200,true,170,170,114
1767630874773,114,200,true,170,170,114
1767630874774,114,200,true,170,170,114
1767630874775,114,200,true,170,170,114
1767630874776,114,200,true,170,170,114
1767630874777,114,200,true,170,170,114
1767630874778,114,200,true,170,170,114
1767630874779,114,200,true,170,170,114
1767630874780,114,200,true,170,170,114
1767630874781,114,200,true,170,170,114
1767630874781,115,200,true,170,170,115
1767630874782,115,200,true,170,170,115
1767630874783,114,200,true,170,170,114
1767630874784,114,200,true,170,170,114
1767630874785,114,200,true,170,170,114
1767630874786,114,200,true,170,170,114
1767630874787,114,200,true,170,170,114
1767630874788,114,200,true,170,170,114
1767630874789,114,200,true,170,170,114
1767630874790,114,200,true,170,170,114
1767630874791,114,200,true,170,170,114
1767630874792,113,200,true,170,170,113
1767630874793,114,200,true,170,170,114
1767630874794,114,200,true,170,170,114
1767630874794,114,200,true,170,170,114
1767630874795,114,200,true,170,170,114
1767630874796,114,200,true,170,170,114
1767630874797,114,200,true,170,170,114
1767630874798,114,200,true,170,170,114
1767630874799,114,200,true,170,170,114
1767630874800,114,200,true,170,170,114
1767630874801,114,200,true,170,170,114
1767630874802,114,200,true,170,170,114
1767630874802,115,200,true,170,170,115
1767630874803,114,200,true,170,170,114
1767630874804,114,200,true,170,170,114
1767630874805,114,200,true,170,170,114
1767630874806,114,200,true,170,170,114
1767630874807,114,200,true,170,170,114
1767630874808,114,200,true,170,170,114
1767630874809,114,200,true,170,170,114
1767630874810,114,200,true,170,170,114
1767630874811,114,200,true,170,170,114
1767630874812,114,200,true,170,170,114
1767630874813,114,200,true,170,170,114
1767630874813,115,200,true,170,170,115
1767630874814,115,200,true,170,170,115
1767630874815,114,200,true,170,170,114
1767630874816,114,200,true,170,170,114
1767630874817,114,200,true,170,170,114
1767630874818,114,200,true,170,170,114
1767630874819,114,200,true,170,170,114
1767630874820,114,200,true,170,170,114
1767630874821,114,200,true,170,170,114
1767630874822,114,200,true,170,170,114
1767630874823,114,200,true,170,170,114
1767630874824,114,200,true,170,170,114
1767630874825,114,200,true,170,170,114
1767630874826,114,200,true,170,170,114
1767630874827,114,200,true,170,170,114
1767630874828,114,200,true,170,170,114
1767630874828,115,200,true,170,170,115
1767630874829,115,200,true,170,170,115
1767630874830,114,200,true,170,170,114
1767630874831,114,200,true,170,170,114
1767630874832,114,200,true,170,170,114
1767630874714,233,200,true,170,170,233
1767630868714,6235,200,true,170,170,6235
1767630874834,115,200,true,170,170,115
1767630874835,115,200,true,170,170,115
1767630874836,115,200,true,170,170,115
1767630874837,115,200,true,170,170,115
1767630874838,115,200,true,170,170,115
1767630874839,115,200,true,170,170,115
1767630874840,115,200,true,170,170,115
1767630874841,114,200,true,170,170,114
1767630874842,114,200,true,170,170,114
1767630874843,115,200,true,170,170,115
1767630874844,115,200,true,170,170,115
1767630874844,116,200,true,170,170,116
1767630874845,116,200,true,170,170,116
1767630874846,115,200,true,170,170,115
1767630874847,115,200,true,170,170,115
1767630874848,115,200,true,170,170,115
1767630874849,115,200,true,170,170,115
1767630874850,115,200,true,170,170,115
1767630874851,115,200,true,170,170,115
1767630874852,115,200,true,170,170,115
1767630874853,115,200,true,170,170,115
1767630874853,116,200,true,170,170,116
1767630874854,116,200,true,170,170,116
1767630874855,115,200,true,170,170,115
1767630874857,114,200,true,170,170,114
1767630874857,115,200,true,170,170,115
1767630874858,115,200,true,170,170,115
1767630874859,115,200,true,170,170,115
1767630874860,115,200,true,170,170,115
1767630874861,115,200,true,170,170,115
1767630874862,115,200,true,170,170,115
1767630874863,115,200,true,170,170,115
1767630874864,115,200,true,170,170,115
1767630874865,115,200,true,170,170,115
1767630874865,116,200,true,170,170,116
1767630874866,115,200,true,170,170,115
1767630874867,115,200,true,170,170,115
1767630874868,115,200,true,170,170,115
1767630874869,115,200,true,170,170,115
1767630874870,115,200,true,170,170,115
1767630874871,115,200,true,170,170,115
1767630874872,115,200,true,170,170,115
1767630874873,115,200,true,170,170,115
1767630874874,115,200,true,170,170,115
1767630874875,114,200,true,170,170,114
1767630874876,115,200,true,170,170,115
1767630874876,116,200,true,170,170,116
1767630874877,115,200,true,170,170,115
1767630874878,115,200,true,170,170,115
1767630874879,115,200,true,170,170,115
1767630874880,115,200,true,170,170,115
1767630874881,115,200,true,170,170,115
1767630874882,115,200,true,170,170,115
1767630874883,115,200,true,170,170,115
1767630874884,115,200,true,170,170,115
1767630874885,115,200,true,170,170,115
1767630874885,116,200,true,170,170,116
1767630874886,115,200,true,170,170,115
1767630874887,115,200,true,170,170,115
1767630874888,115,200,true,170,170,115
1767630874889,115,200,true,170,170,115
1767630874890,115,200,true,170,170,115
1767630874891,115,200,true,170,170,115
1767630874892,115,200,true,170,170,115
1767630874893,115,200,true,170,170,115
1767630874894,115,200,true,170,170,115
1767630874895,115,200,true,170,170,115
1767630874896,115,200,true,170,170,115
1767630874897,115,200,true,170,170,115
1767630874897,116,200,true,170,170,116
1767630874898,115,200,true,170,170,115
1767630874899,115,200,true,170,170,115
1767630874900,115,200,true,170,170,115
1767630874901,115,200,true,170,170,115
1767630874902,115,200,true,170,170,115
1767630874903,115,200,true,170,170,115
1767630874904,115,200,true,170,170,115
1767630874905,115,200,true,170,170,115
1767630874905,116,200,true,170,170,116
1767630874907,114,200,true,170,170,114
1767630874908,114,200,true,170,170,114
1767630874909,114,200,true,170,170,114
1767630874910,115,200,true,170,170,115
1767630874910,115,200,true,170,170,115
1767630874911,115,200,true,170,170,115
1767630874912,115,200,true,170,170,115
1767630874913,115,200,true,170,170,115
1767630874914,115,200,true,170,170,115
1767630874915,115,200,true,170,170,115
1767630874916,115,200,true,170,170,115
1767630874917,115,200,true,170,170,115
1767630874917,116,200,true,170,170,116
1767630874918,116,200,true,170,170,115
1767630874919,115,200,true,170,170,115
1767630874920,115,200,true,170,170,115
1767630874921,115,200,true,170,170,115
1767630874922,115,200,true,170,170,115
1767630874923,115,200,true,170,170,115
1767630874924,115,200,true,170,170,115
1767630874925,115,200,true,170,170,115
1767630874926,115,200,true,170,170,115
1767630874927,115,200,true,170,170,115
1767630874928,115,200,true,170,170,115
1767630874929,115,200,true,170,170,115
1767630874930,115,200,true,170,170,115
1767630874931,115,200,true,170,170,115
1767630874931,115,200,true,170,170,115
1767630874932,115,200,true,170,170,115
1767630874933,115,200,true,170,170,115
1767630874934,115,200,true,170,170,115
1767630874935,115,200,true,170,170,115
1767630874936,115,200,true,170,170,115
1767630874937,115,200,true,170,170,115
1767630874938,115,200,true,170,170,115
1767630874939,115,200,true,170,170,115
1767630874940,115,200,true,170,170,115
1767630874941,115,200,true,170,170,115
1767630874942,115,200,true,170,170,115
1767630874943,115,200,true,170,170,115
1767630874944,115,200,true,170,170,115
1767630874944,116,200,true,170,170,116
1767630874945,116,200,true,170,170,116
1767630874946,116,200,true,170,170,116
1767630874947,116,200,true,170,170,116
1767630874833,230,200,true,170,170,230
1767630868744,6321,200,true,170,170,6321
1767630874949,117,200,true,170,170,117
1767630874950,116,200,true,170,170,116
1767630874951,116,200,true,170,170,116
1767630874952,116,200,true,170,170,116
1767630874953,116,200,true,170,170,116
1767630874954,116,200,true,170,170,116
1767630874955,116,200,true,170,170,116
1767630874956,116,200,true,170,170,116
1767630874956,117,200,true,170,170,117
1767630874958,116,200,true,170,170,116
1767630874959,116,200,true,170,170,116
1767630874960,116,200,true,170,170,116
1767630874961,116,200,true,170,170,116
1767630874961,117,200,true,170,170,117
1767630874962,116,200,true,170,170,116
1767630874963,116,200,true,170,170,116
1767630874964,116,200,true,170,170,116
1767630874965,116,200,true,170,170,116
1767630874966,116,200,true,170,170,116
1767630874967,116,200,true,170,170,116
1767630874968,116,200,true,170,170,116
1767630874969,116,200,true,170,170,116
1767630874970,116,200,true,170,170,116
1767630874970,117,200,true,170,170,117
1767630874971,116,200,true,170,170,116
1767630874972,117,200,true,170,170,117
1767630874973,116,200,true,170,170,116
1767630874974,116,200,true,170,170,116
1767630874975,116,200,true,170,170,116
1767630874976,116,200,true,170,170,116
1767630874977,116,200,true,170,170,116
1767630874978,116,200,true,170,170,116
1767630874979,116,200,true,170,170,116
1767630874980,116,200,true,170,170,116
1767630874981,116,200,true,170,170,116
1767630874981,117,200,true,170,170,117
1767630874982,117,200,true,170,170,117
1767630874983,117,200,true,170,170,117
1767630874984,116,200,true,170,170,116
1767630874985,116,200,true,170,170,116
1767630874986,116,200,true,170,170,116
1767630874987,116,200,true,170,170,116
1767630874988,116,200,true,170,170,116
1767630874989,116,200,true,170,170,116
1767630874990,116,200,true,170,170,116
1767630874991,116,200,true,170,170,116
1767630874992,116,200,true,170,170,116
1767630874993,116,200,true,170,170,116
1767630874993,117,200,true,170,170,117
1767630874994,117,200,true,170,170,117
1767630874995,116,200,true,170,170,116
1767630874996,116,200,true,170,170,116
1767630874997,116,200,true,170,170,116
1767630874998,116,200,true,170,170,116
1767630874999,116,200,true,170,170,116
1767630875000,116,200,true,170,170,116
1767630875001,116,200,true,170,170,116
1767630875001,117,200,true,170,170,117
1767630875002,117,200,true,170,170,117
1767630875003,117,200,true,170,170,117
1767630875004,117,200,true,170,170,117
1767630875005,116,200,true,170,170,116
1767630875006,116,200,true,170,170,116
1767630875007,116,200,true,170,170,116
1767630875008,116,200,true,170,170,116
1767630875009,116,200,true,170,170,116
1767630875010,116,200,true,170,170,116
1767630875011,116,200,true,170,170,116
1767630875012,116,200,true,170,170,116
1767630875013,116,200,true,170,170,116
1767630875013,117,200,true,170,170,117
1767630875014,117,200,true,170,170,117
1767630875015,117,200,true,170,170,117
1767630875016,117,200,true,170,170,117
1767630875017,117,200,true,170,170,117
1767630875018,116,200,true,170,170,116
1767630875019,116,200,true,170,170,116
1767630875020,116,200,true,170,170,116
1767630875021,116,200,true,170,170,116
1767630875022,116,200,true,170,170,116
1767630875022,117,200,true,170,170,117
1767630875023,117,200,true,170,170,117
1767630875025,116,200,true,170,170,116
1767630875025,117,200,true,170,170,117
1767630875026,117,200,true,170,170,117
1767630875027,117,200,true,170,170,117
1767630875028,117,200,true,170,170,117
1767630875029,117,200,true,170,170,117
1767630875030,117,200,true,170,170,117
1767630875031,116,200,true,170,170,116
1767630875032,116,200,true,170,170,116
1767630875033,116,200,true,170,170,116
1767630875034,116,200,true,170,170,116
1767630875034,117,200,true,170,170,117
1767630875035,117,200,true,170,170,117
1767630875036,117,200,true,170,170,117
1767630875037,117,200,true,170,170,117
1767630875038,117,200,true,170,170,117
1767630875039,117,200,true,170,170,116
1767630875040,116,200,true,170,170,116
1767630875041,116,200,true,170,170,116
1767630875042,117,200,true,170,170,117
1767630875043,116,200,true,170,170,116
1767630875044,116,200,true,170,170,116
1767630875045,116,200,true,170,170,116
1767630875046,116,200,true,170,170,116
1767630875047,116,200,true,170,170,116
1767630875048,116,200,true,170,170,116
1767630875048,117,200,true,170,170,117
1767630875049,117,200,true,170,170,117
1767630875050,117,200,true,170,170,117
1767630875051,116,200,true,170,170,116
1767630875052,116,200,true,170,170,116
1767630875053,116,200,true,170,170,116
1767630875054,116,200,true,170,170,116
1767630875055,116,200,true,170,170,116
1767630875056,116,200,true,170,170,116
1767630875057,116,200,true,170,170,116
1767630875058,116,200,true,170,170,116
1767630875059,116,200,true,170,170,116
1767630875060,116,200,true,170,170,116
1767630875061,116,200,true,170,170,116
1767630875062,116,200,true,170,170,116
1767630875063,116,200,true,170,170,116
1767630875064,116,200,true,170,170,116
1767630874948,233,200,true,170,170,233
1767630868692,6490,200,true,170,170,6490
1767630875066,117,200,true,170,170,117
1767630875066,118,200,true,170,170,118
1767630875067,118,200,true,170,170,118
1767630875068,117,200,true,170,170,117
1767630875069,117,200,true,170,170,117
1767630875070,117,200,true,170,170,117
1767630875071,117,200,true,170,170,117
1767630875072,117,200,true,170,170,117
1767630875073,117,200,true,170,170,117
1767630875074,117,200,true,170,170,117
1767630875075,117,200,true,170,170,117
1767630875076,117,200,true,170,170,117
1767630875077,117,200,true,170,170,117
1767630875078,117,200,true,170,170,117
1767630875079,117,200,true,170,170,117
1767630875079,118,200,true,170,170,118
1767630875080,118,200,true,170,170,118
1767630875081,117,200,true,170,170,117
1767630875082,117,200,true,170,170,117
1767630875083,117,200,true,170,170,117
1767630875084,117,200,true,170,170,117
1767630875085,117,200,true,170,170,117
1767630875086,117,200,true,170,170,117
1767630875087,117,200,true,170,170,117
1767630875088,117,200,true,170,170,117
1767630875089,117,200,true,170,170,117
1767630875089,118,200,true,170,170,118
1767630875090,118,200,true,170,170,118
1767630875092,116,200,true,170,170,116
1767630875092,118,200,true,170,170,118
1767630875093,118,200,true,170,170,118
1767630875094,117,200,true,170,170,117
1767630875095,117,200,true,170,170,117
1767630875096,117,200,true,170,170,117
1767630875097,117,200,true,170,170,117
1767630875098,117,200,true,170,170,117
1767630875099,117,200,true,170,170,117
1767630875100,117,200,true,170,170,117
1767630875101,117,200,true,170,170,117
1767630875101,118,200,true,170,170,118
1767630875102,118,200,true,170,170,118
1767630875103,117,200,true,170,170,117
1767630875104,117,200,true,170,170,117
1767630875105,118,200,true,170,170,118
1767630875106,117,200,true,170,170,117
1767630875107,117,200,true,170,170,117
1767630875108,117,200,true,170,170,117
1767630875109,117,200,true,170,170,117
1767630875110,117,200,true,170,170,117
1767630875111,117,200,true,170,170,117
1767630875112,117,200,true,170,170,117
1767630875112,118,200,true,170,170,118
1767630875113,117,200,true,170,170,117
1767630875114,117,200,true,170,170,117
1767630875115,117,200,true,170,170,117
1767630875116,117,200,true,170,170,117
1767630875117,117,200,true,170,170,117
1767630875118,117,200,true,170,170,117
1767630875119,117,200,true,170,170,117
1767630875120,117,200,true,170,170,117
1767630875121,117,200,true,170,170,117
1767630875122,117,200,true,170,170,117
1767630875122,117,200,true,170,170,117
1767630875123,117,200,true,170,170,117
1767630875124,117,200,true,170,170,117
1767630875126,116,200,true,170,170,116
1767630875127,116,200,true,170,170,116
1767630875127,117,200,true,170,170,117
1767630875128,117,200,true,170,170,117
1767630875129,117,200,true,170,170,117
1767630875130,117,200,true,170,170,117
1767630875131,117,200,true,170,170,117
1767630875132,117,200,true,170,170,117
1767630875133,117,200,true,170,170,117
1767630875134,117,200,true,170,170,117
1767630875135,116,200,true,170,170,116
1767630875135,117,200,true,170,170,117
1767630875136,117,200,true,170,170,117
1767630875137,117,200,true,170,170,117
1767630875138,117,200,true,170,170,117
1767630875139,117,200,true,170,170,117
1767630875140,117,200,true,170,170,117
1767630875141,117,200,true,170,170,117
1767630875142,117,200,true,170,170,117
1767630875143,117,200,true,170,170,117
1767630875144,117,200,true,170,170,117
1767630875145,117,200,true,170,170,117
1767630875146,117,200,true,170,170,117
1767630875147,116,200,true,170,170,116
1767630875147,117,200,true,170,170,117
1767630875148,117,200,true,170,170,117
1767630875149,117,200,true,170,170,117
1767630875150,117,200,true,170,170,117
1767630875151,117,200,true,170,170,117
1767630875152,117,200,true,170,170,117
1767630875153,117,200,true,170,170,117
1767630875154,117,200,true,170,170,117
1767630875155,117,200,true,170,170,117
1767630875156,116,200,true,170,170,116
1767630875156,117,200,true,170,170,117
1767630875157,117,200,true,170,170,117
1767630875159,116,200,true,170,170,116
1767630875159,117,200,true,170,170,117
1767630875160,117,200,true,170,170,117
1767630875161,117,200,true,170,170,117
1767630875162,117,200,true,170,170,117
1767630875163,117,200,true,170,170,117
1767630875164,117,200,true,170,170,117
1767630875165,117,200,true,170,170,117
1767630875166,117,200,true,170,170,117
1767630875167,117,200,true,170,170,117
1767630875168,116,200,true,170,170,116
1767630875168,117,200,true,170,170,117
1767630875169,117,200,true,170,170,117
1767630875170,117,200,true,170,170,117
1767630875171,117,200,true,170,170,117
1767630875172,117,200,true,170,170,117
1767630875173,117,200,true,170,170,117
1767630875174,117,200,true,170,170,117
1767630875175,117,200,true,170,170,117
1767630875176,117,200,true,170,170,117
1767630875177,117,200,true,170,170,117
1767630875178,117,200,true,170,170,117
1767630875179,117,200,true,170,170,117
1767630875180,117,200,true,170,170,117
1767630875181,117,200,true,170,170,117
1767630875065,233,200,true,170,170,233
1767630868740,6560,200,true,170,170,6560
1767630875183,117,200,true,170,170,117
1767630875184,117,200,true,170,170,117
1767630875185,117,200,true,170,170,117
1767630875185,118,200,true,170,170,118
1767630875186,118,200,true,170,170,118
1767630875187,118,200,true,170,170,118
1767630875188,118,200,true,170,170,118
1767630875189,118,200,true,170,170,118
1767630875190,118,200,true,170,170,118
1767630875191,118,200,true,170,170,118
1767630875192,118,200,true,170,170,118
1767630875193,118,200,true,170,170,118
1767630875194,118,200,true,170,170,118
1767630875195,118,200,true,170,170,118
1767630875196,118,200,true,170,170,118
1767630875197,117,200,true,170,170,117
1767630875198,117,200,true,170,170,117
1767630875199,117,200,true,170,170,117
1767630875199,118,200,true,170,170,118
1767630875200,118,200,true,170,170,118
1767630875201,118,200,true,170,170,118
1767630875202,118,200,true,170,170,118
1767630875203,118,200,true,170,170,118
1767630875204,118,200,true,170,170,118
1767630875205,118,200,true,170,170,118
1767630875206,118,200,true,170,170,118
1767630875207,118,200,true,170,170,118
1767630875208,118,200,true,170,170,118
1767630875209,117,200,true,170,170,117
1767630875210,118,200,true,170,170,118
1767630875211,117,200,true,170,170,117
1767630875212,117,200,true,170,170,117
1767630875212,118,200,true,170,170,118
1767630875213,118,200,true,170,170,118
1767630875214,118,200,true,170,170,118
1767630875215,118,200,true,170,170,118
1767630875216,118,200,true,170,170,118
1767630875217,118,200,true,170,170,118
1767630875218,118,200,true,170,170,118
1767630875219,117,200,true,170,170,117
1767630875220,117,200,true,170,170,117
1767630875221,117,200,true,170,170,117
1767630875221,118,200,true,170,170,118
1767630875223,117,200,true,170,170,117
1767630875223,118,200,true,170,170,118
1767630875224,118,200,true,170,170,118
1767630875225,118,200,true,170,170,118
1767630875226,118,200,true,170,170,118
1767630875227,118,200,true,170,170,118
1767630875228,118,200,true,170,170,118
1767630875229,118,200,true,170,170,118
1767630875230,118,200,true,170,170,118
1767630875230,118,200,true,170,170,118
1767630875231,118,200,true,170,170,118
1767630875232,118,200,true,170,170,118
1767630875233,118,200,true,170,170,118
1767630875234,118,200,true,170,170,118
1767630875235,118,200,true,170,170,118
1767630875236,118,200,true,170,170,118
1767630875237,118,200,true,170,170,118
1767630875238,118,200,true,170,170,118
1767630875239,118,200,true,170,170,118
1767630875240,117,200,true,170,170,117
1767630875240,118,200,true,170,170,118
1767630875241,118,200,true,170,170,118
1767630875242,118,200,true,170,170,118
1767630875244,117,200,true,170,170,117
1767630875244,118,200,true,170,170,118
1767630875245,118,200,true,170,170,118
1767630875246,118,200,true,170,170,118
1767630875247,118,200,true,170,170,118
1767630875248,118,200,true,170,170,118
1767630875249,118,200,true,170,170,118
1767630875250,118,200,true,170,170,118
1767630875251,118,200,true,170,170,118
1767630875252,118,200,true,170,170,118
1767630875252,118,200,true,170,170,118
1767630875253,118,200,true,170,170,118
1767630875254,118,200,true,170,170,118
1767630875255,118,200,true,170,170,118
1767630875256,118,200,true,170,170,118
1767630875257,118,200,true,170,170,118
1767630875258,118,200,true,170,170,118
1767630875259,118,200,true,170,170,118
1767630875260,118,200,true,170,170,118
1767630875261,118,200,true,170,170,118
1767630875262,118,200,true,170,170,118
1767630875263,118,200,true,170,170,118
1767630875263,119,200,true,170,170,119
1767630875264,119,200,true,170,170,119
1767630875265,119,200,true,170,170,119
1767630875266,118,200,true,170,170,118
1767630875267,118,200,true,170,170,118
1767630875268,118,200,true,170,170,118
1767630875269,118,200,true,170,170,118
1767630875270,118,200,true,170,170,118
1767630875271,118,200,true,170,170,118
1767630875272,118,200,true,170,170,118
1767630875272,119,200,true,170,170,119
1767630875273,119,200,true,170,170,119
1767630875274,118,200,true,170,170,118
1767630875275,118,200,true,170,170,118
1767630875276,119,200,true,170,170,119
1767630875277,119,200,true,170,170,119
1767630875278,118,200,true,170,170,118
1767630875279,118,200,true,170,170,118
1767630875280,118,200,true,170,170,118
1767630875281,118,200,true,170,170,118
1767630875282,118,200,true,170,170,118
1767630875283,118,200,true,170,170,118
1767630875284,118,200,true,170,170,118
1767630875284,119,200,true,170,170,119
1767630875285,119,200,true,170,170,119
1767630875286,119,200,true,170,170,119
1767630875287,119,200,true,170,170,119
1767630875288,118,200,true,170,170,118
1767630875289,118,200,true,170,170,118
1767630875290,118,200,true,170,170,118
1767630875291,118,200,true,170,170,118
1767630875292,118,200,true,170,170,118
1767630875293,118,200,true,170,170,118
1767630875294,118,200,true,170,170,118
1767630875295,118,200,true,170,170,118
1767630875296,118,200,true,170,170,118
1767630875297,118,200,true,170,170,118
1767630875298,118,200,true,170,170,118
1767630875299,118,200,true,170,170,118
1767630875182,236,200,true,170,170,236
1767630868696,6724,200,true,170,170,6724
1767630875301,119,200,true,170,170,119
1767630875301,119,200,true,170,170,119
1767630875302,119,200,true,170,170,119
1767630875303,119,200,true,170,170,119
1767630875304,119,200,true,170,170,119
1767630875305,119,200,true,170,170,119
1767630875306,119,200,true,170,170,119
1767630875307,119,200,true,170,170,119
1767630875308,119,200,true,170,170,119
1767630875309,120,200,true,170,170,120
1767630875310,119,200,true,170,170,119
1767630875311,119,200,true,170,170,119
1767630875312,119,200,true,170,170,119
1767630875313,119,200,true,170,170,119
1767630875314,119,200,true,170,170,119
1767630875315,118,200,true,170,170,118
1767630875315,120,200,true,170,170,120
1767630875316,119,200,true,170,170,119
1767630875317,119,200,true,170,170,119
1767630875318,120,200,true,170,170,120
1767630875319,119,200,true,170,170,119
1767630875320,119,200,true,170,170,119
1767630875321,119,200,true,170,170,119
1767630875322,119,200,true,170,170,119
1767630875323,119,200,true,170,170,119
1767630875324,119,200,true,170,170,119
1767630875325,119,200,true,170,170,119
1767630875326,119,200,true,170,170,119
1767630875326,120,200,true,170,170,120
1767630875328,118,200,true,170,170,118
1767630875328,119,200,true,170,170,119
1767630875329,120,200,true,170,170,120
1767630875331,118,200,true,170,170,118
1767630875331,119,200,true,170,170,119
1767630875332,119,200,true,170,170,119
1767630875333,119,200,true,170,170,119
1767630875334,119,200,true,170,170,119
1767630875335,119,200,true,170,170,119
1767630875336,119,200,true,170,170,119
1767630875336,119,200,true,170,170,119
1767630875337,120,200,true,170,170,120
1767630875338,120,200,true,170,170,120
1767630875339,119,200,true,170,170,119
1767630875340,119,200,true,170,170,119
1767630875341,119,200,true,170,170,119
1767630875342,119,200,true,170,170,119
1767630875343,119,200,true,170,170,119
1767630875344,119,200,true,170,170,119
1767630875345,119,200,true,170,170,119
1767630875346,119,200,true,170,170,119
1767630875347,118,200,true,170,170,118
1767630875348,118,200,true,170,170,118
1767630875349,118,200,true,170,170,118
1767630875349,119,200,true,170,170,119
1767630875350,119,200,true,170,170,119
1767630875351,119,200,true,170,170,119
1767630875352,119,200,true,170,170,119
1767630875353,119,200,true,170,170,119
1767630875354,119,200,true,170,170,119
1767630875355,118,200,true,170,170,118
1767630875356,118,200,true,170,170,118
1767630875357,118,200,true,170,170,118
1767630875358,118,200,true,170,170,118
1767630875358,119,200,true,170,170,119
1767630875359,119,200,true,170,170,119
1767630875361,118,200,true,170,170,118
1767630875362,118,200,true,170,170,118
1767630875362,119,200,true,170,170,119
1767630875363,119,200,true,170,170,119
1767630875364,119,200,true,170,170,119
1767630875365,119,200,true,170,170,119
1767630875366,119,200,true,170,170,119
1767630875367,118,200,true,170,170,118
1767630875368,118,200,true,170,170,118
1767630875369,118,200,true,170,170,118
1767630875370,118,200,true,170,170,118
1767630875370,119,200,true,170,170,119
1767630875371,119,200,true,170,170,119
1767630875372,119,200,true,170,170,119
1767630875373,119,200,true,170,170,119
1767630875374,119,200,true,170,170,119
1767630875375,118,200,true,170,170,118
1767630875376,119,200,true,170,170,119
1767630875377,119,200,true,170,170,119
1767630875378,119,200,true,170,170,119
1767630875379,118,200,true,170,170,118
1767630875380,118,200,true,170,170,118
1767630875381,118,200,true,170,170,118
1767630875382,118,200,true,170,170,118
1767630875383,118,200,true,170,170,118
1767630875384,118,200,true,170,170,118
1767630875384,119,200,true,170,170,119
1767630875385,119,200,true,170,170,119
1767630875386,119,200,true,170,170,119
1767630875387,118,200,true,170,170,118
1767630875388,118,200,true,170,170,118
1767630875389,118,200,true,170,170,118
1767630875390,118,200,true,170,170,118
1767630875391,118,200,true,170,170,118
1767630875392,118,200,true,170,170,118
1767630875393,118,200,true,170,170,118
1767630875394,118,200,true,170,170,118
1767630875395,118,200,true,170,170,118
1767630875396,118,200,true,170,170,118
1767630875397,118,200,true,170,170,118
1767630875397,119,200,true,170,170,119
1767630875398,119,200,true,170,170,119
1767630875399,119,200,true,170,170,119
1767630875400,118,200,true,170,170,118
1767630875401,118,200,true,170,170,118
1767630875402,118,200,true,170,170,118
1767630875403,118,200,true,170,170,118
1767630875404,118,200,true,170,170,118
1767630875405,118,200,true,170,170,118
1767630875406,118,200,true,170,170,118
1767630875406,119,200,true,170,170,119
1767630875407,119,200,true,170,170,119
1767630875408,119,200,true,170,170,119
1767630875409,119,200,true,170,170,119
1767630875410,119,200,true,170,170,119
1767630875411,119,200,true,170,170,119
1767630875412,118,200,true,170,170,118
1767630875413,118,200,true,170,170,118
1767630875414,118,200,true,170,170,118
1767630875415,118,200,true,170,170,118
1767630875416,118,200,true,170,170,118
1767630875417,118,200,true,170,170,118
1767630875418,118,200,true,170,170,118
1767630875299,238,200,true,170,170,238
1767630868745,6794,200,true,170,170,6794
1767630875420,119,200,true,170,170,119
1767630875420,120,200,true,170,170,120
1767630875421,120,200,true,170,170,120
1767630875422,120,200,true,170,170,120
1767630875423,119,200,true,170,170,119
1767630875424,119,200,true,170,170,119
1767630875425,120,200,true,170,170,120
1767630875426,119,200,true,170,170,119
1767630875427,119,200,true,170,170,119
1767630875429,118,200,true,170,170,118
1767630875429,119,200,true,170,170,119
1767630875430,119,200,true,170,170,119
1767630875431,119,200,true,170,170,119
1767630875432,119,200,true,170,170,119
1767630875433,119,200,true,170,170,119
1767630875434,119,200,true,170,170,119
1767630875435,119,200,true,170,170,119
1767630875435,119,200,true,170,170,119
1767630875436,119,200,true,170,170,119
1767630875438,118,200,true,170,170,118
1767630875438,119,200,true,170,170,119
1767630875439,119,200,true,170,170,119
1767630875440,119,200,true,170,170,119
1767630875441,119,200,true,170,170,119
1767630875442,119,200,true,170,170,119
1767630875443,119,200,true,170,170,119
1767630875444,119,200,true,170,170,119
1767630875445,119,200,true,170,170,119
1767630875446,119,200,true,170,170,119
1767630875446,120,200,true,170,170,120
1767630875447,120,200,true,170,170,120
1767630875449,118,200,true,170,170,118
1767630875449,119,200,true,170,170,119
1767630875450,119,200,true,170,170,119
1767630875451,119,200,true,170,170,119
1767630875452,119,200,true,170,170,119
1767630875453,119,200,true,170,170,119
1767630875454,119,200,true,170,170,119
1767630875455,119,200,true,170,170,119
1767630875455,120,200,true,170,170,120
1767630875457,118,200,true,170,170,118
1767630875458,118,200,true,170,170,118
1767630875458,119,200,true,170,170,119
1767630875459,119,200,true,170,170,119
1767630875460,119,200,true,170,170,119
1767630875461,119,200,true,170,170,119
1767630875462,119,200,true,170,170,119
1767630875463,119,200,true,170,170,119
1767630875464,119,200,true,170,170,119
1767630875465,119,200,true,170,170,119
1767630875465,120,200,true,170,170,120
1767630875466,120,200,true,170,170,120
1767630875467,119,200,true,170,170,119
1767630875468,119,200,true,170,170,119
1767630875469,119,200,true,170,170,119
1767630875470,119,200,true,170,170,119
1767630875471,119,200,true,170,170,119
1767630875472,119,200,true,170,170,119
1767630875473,119,200,true,170,170,119
1767630875474,119,200,true,170,170,119
1767630875474,120,200,true,170,170,120
1767630875475,120,200,true,170,170,120
1767630875476,120,200,true,170,170,120
1767630875477,120,200,true,170,170,120
1767630875478,120,200,true,170,170,120
1767630875479,120,200,true,170,170,120
1767630875480,119,200,true,170,170,119
1767630875481,119,200,true,170,170,119
1767630875482,119,200,true,170,170,119
1767630875483,119,200,true,170,170,119
1767630875484,119,200,true,170,170,119
1767630875485,119,200,true,170,170,119
1767630875485,120,200,true,170,170,120
1767630875486,120,200,true,170,170,120
1767630875487,120,200,true,170,170,120
1767630875488,119,200,true,170,170,119
1767630875489,119,200,true,170,170,119
1767630875490,119,200,true,170,170,119
1767630875491,119,200,true,170,170,119
1767630875492,119,200,true,170,170,119
1767630875493,119,200,true,170,170,119
1767630875494,119,200,true,170,170,119
1767630875495,119,200,true,170,170,119
1767630875496,119,200,true,170,170,119
1767630875497,119,200,true,170,170,119
1767630875497,120,200,true,170,170,120
1767630875498,120,200,true,170,170,120
1767630875499,120,200,true,170,170,120
1767630875500,119,200,true,170,170,119
1767630875501,119,200,true,170,170,119
1767630875502,119,200,true,170,170,119
1767630875503,119,200,true,170,170,119
1767630875504,119,200,true,170,170,119
1767630875505,119,200,true,170,170,119
1767630875506,119,200,true,170,170,119
1767630875506,120,200,true,170,170,120
1767630875507,120,200,true,170,170,120
1767630875508,119,200,true,170,170,119
1767630875509,120,200,true,170,170,120
1767630875510,120,200,true,170,170,120
1767630875511,119,200,true,170,170,119
1767630875512,119,200,true,170,170,119
1767630875513,119,200,true,170,170,119
1767630875514,119,200,true,170,170,119
1767630875515,119,200,true,170,170,119
1767630875516,119,200,true,170,170,119
1767630875517,119,200,true,170,170,119
1767630875518,119,200,true,170,170,119
1767630875518,120,200,true,170,170,120
1767630875519,120,200,true,170,170,120
1767630875520,120,200,true,170,170,120
1767630875521,119,200,true,170,170,119
1767630875522,119,200,true,170,170,119
1767630875523,119,200,true,170,170,119
1767630875524,119,200,true,170,170,119
1767630875525,119,200,true,170,170,119
1767630875526,119,200,true,170,170,119
1767630875527,119,200,true,170,170,119
1767630875528,119,200,true,170,170,119
1767630875529,119,200,true,170,170,119
1767630875530,119,200,true,170,170,119
1767630875531,119,200,true,170,170,119
1767630875531,120,200,true,170,170,120
1767630875532,120,200,true,170,170,120
1767630875533,119,200,true,170,170,119
1767630875534,119,200,true,170,170,119
1767630875535,119,200,true,170,170,119
1767630875536,119,200,true,170,170,119
1767630875537,119,200,true,170,170,119
1767630875419,238,200,true,170,170,238
1767630868694,6965,200,true,170,170,6965
1767630875539,120,200,true,170,170,120
1767630875540,120,200,true,170,170,120
1767630875541,120,200,true,170,170,120
1767630875542,120,200,true,170,170,120
1767630875542,121,200,true,170,170,121
1767630875543,121,200,true,170,170,121
1767630875545,120,200,true,170,170,120
1767630875546,120,200,true,170,170,120
1767630875546,121,200,true,170,170,121
1767630875547,120,200,true,170,170,120
1767630875548,120,200,true,170,170,120
1767630875549,120,200,true,170,170,120
1767630875550,120,200,true,170,170,120
1767630875551,120,200,true,170,170,120
1767630875552,120,200,true,170,170,120
1767630875553,120,200,true,170,170,120
1767630875554,120,200,true,170,170,120
1767630875554,121,200,true,170,170,121
1767630875555,120,200,true,170,170,120
1767630875556,120,200,true,170,170,120
1767630875557,120,200,true,170,170,120
1767630875558,120,200,true,170,170,120
1767630875559,120,200,true,170,170,120
1767630875560,120,200,true,170,170,120
1767630875561,120,200,true,170,170,120
1767630875562,120,200,true,170,170,120
1767630875563,120,200,true,170,170,120
1767630875564,120,200,true,170,170,120
1767630875565,120,200,true,170,170,120
1767630875566,120,200,true,170,170,120
1767630875567,120,200,true,170,170,120
1767630875567,120,200,true,170,170,120
1767630875568,120,200,true,170,170,120
1767630875569,120,200,true,170,170,120
1767630875570,120,200,true,170,170,120
1767630875571,120,200,true,170,170,120
1767630875572,120,200,true,170,170,120
1767630875573,120,200,true,170,170,120
1767630875574,120,200,true,170,170,120
1767630875575,120,200,true,170,170,120
1767630875576,120,200,true,170,170,120
1767630875576,121,200,true,170,170,121
1767630875577,121,200,true,170,170,121
1767630875579,120,200,true,170,170,120
1767630875579,120,200,true,170,170,120
1767630875580,120,200,true,170,170,120
1767630875581,120,200,true,170,170,120
1767630875582,120,200,true,170,170,120
1767630875583,120,200,true,170,170,120
1767630875584,120,200,true,170,170,120
1767630875585,120,200,true,170,170,120
1767630875586,120,200,true,170,170,120
1767630875587,120,200,true,170,170,120
1767630875587,121,200,true,170,170,121
1767630875588,120,200,true,170,170,120
1767630875589,120,200,true,170,170,120
1767630875590,120,200,true,170,170,120
1767630875591,120,200,true,170,170,120
1767630875592,120,200,true,170,170,120
1767630875593,120,200,true,170,170,120
1767630875594,120,200,true,170,170,120
1767630875595,120,200,true,170,170,120
1767630875596,120,200,true,170,170,120
1767630875597,120,200,true,170,170,120
1767630875598,120,200,true,170,170,120
1767630875599,120,200,true,170,170,120
1767630875600,120,200,true,170,170,120
1767630875600,120,200,true,170,170,120
1767630875601,120,200,true,170,170,120
1767630875602,120,200,true,170,170,120
1767630875603,120,200,true,170,170,120
1767630875604,120,200,true,170,170,120
1767630875605,120,200,true,170,170,120
1767630875606,120,200,true,170,170,120
1767630875607,120,200,true,170,170,120
1767630875608,120,200,true,170,170,120
1767630875608,121,200,true,170,170,121
1767630875609,121,200,true,170,170,121
1767630875610,121,200,true,170,170,121
1767630875611,121,200,true,170,170,121
1767630875612,121,200,true,170,170,121
1767630875613,121,200,true,170,170,121
1767630875614,120,200,true,170,170,120
1767630875615,120,200,true,170,170,120
1767630875616,120,200,true,170,170,120
1767630875617,120,200,true,170,170,120
1767630875618,120,200,true,170,170,120
1767630875619,120,200,true,170,170,120
1767630875620,120,200,true,170,170,120
1767630875620,121,200,true,170,170,121
1767630875621,120,200,true,170,170,120
1767630875622,120,200,true,170,170,120
1767630875623,120,200,true,170,170,120
1767630875624,120,200,true,170,170,120
1767630875625,120,200,true,170,170,120
1767630875626,120,200,true,170,170,120
1767630875627,120,200,true,170,170,120
1767630875628,120,200,true,170,170,120
1767630875629,120,200,true,170,170,120
1767630875630,120,200,true,170,170,120
1767630875631,120,200,true,170,170,120
1767630875632,120,200,true,170,170,120
1767630875632,121,200,true,170,170,121
1767630875633,120,200,true,170,170,120
1767630875634,120,200,true,170,170,120
1767630875635,120,200,true,170,170,120
1767630875636,120,200,true,170,170,120
1767630875637,120,200,true,170,170,120
1767630875638,120,200,true,170,170,120
1767630875639,120,200,true,170,170,120
1767630875640,120,200,true,170,170,120
1767630875640,121,200,true,170,170,121
1767630875641,121,200,true,170,170,121
1767630875642,121,200,true,170,170,121
1767630875643,121,200,true,170,170,121
1767630875644,121,200,true,170,170,121
1767630875645,121,200,true,170,170,120
1767630875646,120,200,true,170,170,120
1767630875647,120,200,true,170,170,120
1767630875648,120,200,true,170,170,120
1767630875649,120,200,true,170,170,120
1767630875650,120,200,true,170,170,120
1767630875651,120,200,true,170,170,120
1767630875652,120,200,true,170,170,120
1767630875653,120,200,true,170,170,120
1767630875653,121,200,true,170,170,121
1767630875654,121,200,true,170,170,121
1767630875655,120,200,true,170,170,120
1767630875656,120,200,true,170,170,120
1767630875657,120,200,true,170,170,120
1767630875538,240,200,true,170,170,240
1767630868695,7084,200,true,170,170,7084
1767630875659,122,200,true,170,170,121
1767630875660,121,200,true,170,170,121
1767630875661,121,200,true,170,170,121
1767630875662,121,200,true,170,170,121
1767630875663,121,200,true,170,170,121
1767630875664,121,200,true,170,170,121
1767630875665,121,200,true,170,170,121
1767630875666,121,200,true,170,170,121
1767630875667,121,200,true,170,170,121
1767630875668,121,200,true,170,170,121
1767630875668,121,200,true,170,170,121
1767630875669,121,200,true,170,170,121
1767630875670,121,200,true,170,170,121
1767630875671,121,200,true,170,170,121
1767630875672,121,200,true,170,170,121
1767630875673,121,200,true,170,170,121
1767630875674,121,200,true,170,170,121
1767630875675,121,200,true,170,170,121
1767630875675,122,200,true,170,170,122
1767630875676,122,200,true,170,170,122
1767630875677,122,200,true,170,170,122
1767630875679,121,200,true,170,170,121
1767630875680,121,200,true,170,170,121
1767630875680,122,200,true,170,170,122
1767630875681,121,200,true,170,170,121
1767630875682,121,200,true,170,170,121
1767630875683,121,200,true,170,170,121
1767630875684,121,200,true,170,170,121
1767630875685,121,200,true,170,170,121
1767630875686,121,200,true,170,170,121
1767630875687,121,200,true,170,170,121
1767630875688,121,200,true,170,170,121
1767630875688,122,200,true,170,170,122
1767630875689,122,200,true,170,170,122
1767630875690,121,200,true,170,170,121
1767630875691,122,200,true,170,170,122
1767630875692,122,200,true,170,170,122
1767630875693,121,200,true,170,170,121
1767630875694,121,200,true,170,170,121
1767630875695,121,200,true,170,170,121
1767630875696,121,200,true,170,170,121
1767630875697,121,200,true,170,170,121
1767630875698,121,200,true,170,170,121
1767630875699,121,200,true,170,170,121
1767630875699,122,200,true,170,170,122
1767630875700,122,200,true,170,170,122
1767630875701,121,200,true,170,170,121
1767630875702,121,200,true,170,170,121
1767630875703,121,200,true,170,170,121
1767630875704,121,200,true,170,170,121
1767630875705,121,200,true,170,170,121
1767630875706,121,200,true,170,170,121
1767630875707,121,200,true,170,170,121
1767630875708,121,200,true,170,170,121
1767630875708,122,200,true,170,170,122
1767630875709,122,200,true,170,170,122
1767630875710,122,200,true,170,170,122
1767630875711,122,200,true,170,170,122
1767630875712,122,200,true,170,170,122
1767630875713,122,200,true,170,170,122
1767630875714,122,200,true,170,170,122
1767630875715,121,200,true,170,170,121
1767630875716,121,200,true,170,170,121
1767630875717,121,200,true,170,170,121
1767630875718,121,200,true,170,170,121
1767630875719,121,200,true,170,170,121
1767630875720,121,200,true,170,170,121
1767630875720,122,200,true,170,170,122
1767630875721,122,200,true,170,170,122
1767630875722,122,200,true,170,170,122
1767630875723,122,200,true,170,170,122
1767630875724,122,200,true,170,170,122
1767630875725,122,200,true,170,170,122
1767630875726,122,200,true,170,170,122
1767630875727,121,200,true,170,170,121
1767630875728,121,200,true,170,170,121
1767630875729,121,200,true,170,170,121
1767630875730,121,200,true,170,170,121
1767630875731,121,200,true,170,170,121
1767630875732,121,200,true,170,170,121
1767630875733,121,200,true,170,170,121
1767630875734,121,200,true,170,170,121
1767630875734,122,200,true,170,170,122
1767630875735,121,200,true,170,170,121
1767630875736,121,200,true,170,170,121
1767630875737,121,200,true,170,170,121
1767630875738,121,200,true,170,170,121
1767630875739,121,200,true,170,170,121
1767630875740,121,200,true,170,170,121
1767630875741,121,200,true,170,170,121
1767630875741,122,200,true,170,170,122
1767630875742,122,200,true,170,170,122
1767630875743,122,200,true,170,170,122
1767630875744,122,200,true,170,170,122
1767630875745,122,200,true,170,170,122
1767630875746,122,200,true,170,170,122
1767630875747,122,200,true,170,170,121
1767630875748,121,200,true,170,170,121
1767630875749,121,200,true,170,170,121
1767630875750,121,200,true,170,170,121
1767630875751,121,200,true,170,170,121
1767630875752,121,200,true,170,170,121
1767630875753,121,200,true,170,170,121
1767630875753,122,200,true,170,170,122
1767630875754,122,200,true,170,170,122
1767630875755,122,200,true,170,170,122
1767630875756,121,200,true,170,170,121
1767630875757,121,200,true,170,170,121
1767630875758,122,200,true,170,170,122
1767630875759,121,200,true,170,170,121
1767630875760,121,200,true,170,170,121
1767630875761,121,200,true,170,170,121
1767630875762,121,200,true,170,170,121
1767630875763,121,200,true,170,170,121
1767630875764,121,200,true,170,170,121
1767630875765,121,200,true,170,170,121
1767630875766,121,200,true,170,170,121
1767630875766,122,200,true,170,170,122
1767630875767,122,200,true,170,170,122
1767630875768,121,200,true,170,170,121
1767630875769,121,200,true,170,170,121
1767630875770,121,200,true,170,170,121
1767630875771,121,200,true,170,170,121
1767630875772,121,200,true,170,170,121
1767630875773,121,200,true,170,170,121
1767630875774,121,200,true,170,170,121
1767630875775,121,200,true,170,170,121
1767630875775,122,200,true,170,170,122
1767630875776,122,200,true,170,170,122
1767630875777,122,200,true,170,170,122
1767630875778,122,200,true,170,170,122
1767630875658,243,200,true,170,170,243
1767630868695,7207,200,true,170,170,7207
1767630875781,122,200,true,170,170,122
1767630875781,123,200,true,170,170,123
1767630875782,123,200,true,170,170,123
1767630875783,123,200,true,170,170,123
1767630875784,123,200,true,170,170,123
1767630875785,122,200,true,170,170,122
1767630875786,122,200,true,170,170,122
1767630875787,122,200,true,170,170,122
1767630875788,122,200,true,170,170,122
1767630875789,122,200,true,170,170,122
1767630875790,122,200,true,170,170,122
1767630875790,123,200,true,170,170,123
1767630875791,123,200,true,170,170,123
1767630875792,123,200,true,170,170,123
1767630875793,123,200,true,170,170,123
1767630875794,123,200,true,170,170,123
1767630875795,123,200,true,170,170,123
1767630875796,123,200,true,170,170,123
1767630875797,123,200,true,170,170,123
1767630875798,122,200,true,170,170,122
1767630875799,122,200,true,170,170,122
1767630875800,122,200,true,170,170,122
1767630875801,122,200,true,170,170,122
1767630875802,122,200,true,170,170,122
1767630875803,122,200,true,170,170,122
1767630875803,123,200,true,170,170,123
1767630875804,123,200,true,170,170,123
1767630875805,123,200,true,170,170,123
1767630875806,123,200,true,170,170,123
1767630875807,123,200,true,170,170,123
1767630875808,123,200,true,170,170,123
1767630875809,123,200,true,170,170,123
1767630875810,122,200,true,170,170,122
1767630875811,122,200,true,170,170,122
1767630875811,123,200,true,170,170,123
1767630875813,122,200,true,170,170,122
1767630875814,122,200,true,170,170,122
1767630875814,123,200,true,170,170,123
1767630875815,123,200,true,170,170,123
1767630875816,123,200,true,170,170,123
1767630875817,123,200,true,170,170,123
1767630875818,122,200,true,170,170,122
1767630875819,122,200,true,170,170,122
1767630875820,122,200,true,170,170,122
1767630875821,122,200,true,170,170,122
1767630875822,122,200,true,170,170,122
1767630875822,123,200,true,170,170,123
1767630875823,123,200,true,170,170,123
1767630875824,123,200,true,170,170,123
1767630875825,123,200,true,170,170,123
1767630875826,123,200,true,170,170,123
1767630875827,123,200,true,170,170,123
1767630875828,123,200,true,170,170,123
1767630875829,122,200,true,170,170,122
1767630875830,122,200,true,170,170,122
1767630875831,122,200,true,170,170,122
1767630875832,122,200,true,170,170,122
1767630875833,122,200,true,170,170,122
1767630875834,122,200,true,170,170,122
1767630875835,122,200,true,170,170,122
1767630875836,122,200,true,170,170,122
1767630875836,123,200,true,170,170,123
1767630875837,123,200,true,170,170,123
1767630875838,123,200,true,170,170,123
1767630875839,122,200,true,170,170,122
1767630875840,122,200,true,170,170,122
1767630875841,123,200,true,170,170,123
1767630875842,122,200,true,170,170,122
1767630875843,122,200,true,170,170,122
1767630875844,122,200,true,170,170,122
1767630875845,122,200,true,170,170,122
1767630875846,122,200,true,170,170,122
1767630875847,122,200,true,170,170,122
1767630875848,122,200,true,170,170,122
1767630875848,123,200,true,170,170,123
1767630875849,123,200,true,170,170,123
1767630875850,123,200,true,170,170,123
1767630875851,122,200,true,170,170,122
1767630875852,122,200,true,170,170,122
1767630875853,122,200,true,170,170,122
1767630875854,122,200,true,170,170,122
1767630875855,122,200,true,170,170,122
1767630875856,122,200,true,170,170,122
1767630875857,122,200,true,170,170,122
1767630875857,123,200,true,170,170,123
1767630875858,123,200,true,170,170,123
1767630875859,123,200,true,170,170,123
1767630875860,123,200,true,170,170,123
1767630875861,123,200,true,170,170,123
1767630875862,123,200,true,170,170,123
1767630875863,122,200,true,170,170,122
1767630875864,122,200,true,170,170,122
1767630875865,122,200,true,170,170,122
1767630875866,122,200,true,170,170,122
1767630875867,122,200,true,170,170,122
1767630875868,122,200,true,170,170,122
1767630875869,122,200,true,170,170,122
1767630875870,122,200,true,170,170,122
1767630875870,123,200,true,170,170,123
1767630875871,123,200,true,170,170,123
1767630875872,122,200,true,170,170,122
1767630875873,122,200,true,170,170,122
1767630875874,123,200,true,170,170,123
1767630875875,122,200,true,170,170,122
1767630875876,122,200,true,170,170,122
1767630875877,122,200,true,170,170,122
1767630875878,122,200,true,170,170,122
1767630875878,123,200,true,170,170,123
1767630875880,122,200,true,170,170,122
1767630875881,122,200,true,170,170,122
1767630875882,122,200,true,170,170,122
1767630875882,123,200,true,170,170,123
1767630875883,123,200,true,170,170,123
1767630875884,122,200,true,170,170,122
1767630875885,122,200,true,170,170,122
1767630875886,122,200,true,170,170,122
1767630875887,122,200,true,170,170,122
1767630875888,122,200,true,170,170,122
1767630875889,122,200,true,170,170,122
1767630875890,122,200,true,170,170,122
1767630875890,123,200,true,170,170,123
1767630875891,123,200,true,170,170,123
1767630875892,123,200,true,170,170,123
1767630875893,123,200,true,170,170,123
1767630875894,123,200,true,170,170,123
1767630875895,123,200,true,170,170,123
1767630875896,122,200,true,170,170,122
1767630875897,122,200,true,170,170,122
1767630875898,122,200,true,170,170,122
1767630875899,122,200,true,170,170,122
1767630875900,122,200,true,170,170,122
1767630875901,122,200,true,170,170,122
1767630875780,244,200,true,170,170,244
1767630868690,7337,200,true,170,170,7337
1767630875903,126,200,true,170,170,126
1767630875904,127,200,true,170,170,127
1767630875905,128,200,true,170,170,128
1767630875906,129,200,true,170,170,129
1767630875907,129,200,true,170,170,129
1767630875908,129,200,true,170,170,129
1767630875908,130,200,true,170,170,130
1767630875909,130,200,true,170,170,130
1767630875910,130,200,true,170,170,130
1767630875911,130,200,true,170,170,130
1767630875912,130,200,true,170,170,130
1767630875913,130,200,true,170,170,130
1767630875914,130,200,true,170,170,130
1767630875915,130,200,true,170,170,130
1767630875916,129,200,true,170,170,129
1767630875917,129,200,true,170,170,129
1767630875918,129,200,true,170,170,129
1767630875919,129,200,true,170,170,129
1767630875920,129,200,true,170,170,129
1767630875920,130,200,true,170,170,130
1767630875921,130,200,true,170,170,130
1767630875922,130,200,true,170,170,130
1767630875923,130,200,true,170,170,130
1767630875924,130,200,true,170,170,130
1767630875925,130,200,true,170,170,130
1767630875926,130,200,true,170,170,130
1767630875927,130,200,true,170,170,130
1767630875928,130,200,true,170,170,130
1767630875929,130,200,true,170,170,130
1767630875930,129,200,true,170,170,129
1767630875931,129,200,true,170,170,129
1767630875932,129,200,true,170,170,129
1767630875932,130,200,true,170,170,130
1767630875933,130,200,true,170,170,130
1767630875934,130,200,true,170,170,130
1767630875935,130,200,true,170,170,130
1767630875936,130,200,true,170,170,130
1767630875937,130,200,true,170,170,130
1767630875938,129,200,true,170,170,129
1767630875939,130,200,true,170,170,130
1767630875940,130,200,true,170,170,130
1767630875940,130,200,true,170,170,130
1767630875941,130,200,true,170,170,130
1767630875942,130,200,true,170,170,130
1767630875943,130,200,true,170,170,130
1767630875944,130,200,true,170,170,130
1767630875945,130,200,true,170,170,130
1767630875946,130,200,true,170,170,130
1767630875947,130,200,true,170,170,130
1767630875948,129,200,true,170,170,129
1767630875949,129,200,true,170,170,129
1767630875950,129,200,true,170,170,129
1767630875951,129,200,true,170,170,129
1767630875952,129,200,true,170,170,129
1767630875952,130,200,true,170,170,130
1767630875953,130,200,true,170,170,130
1767630875954,130,200,true,170,170,130
1767630875955,130,200,true,170,170,130
1767630875956,130,200,true,170,170,130
1767630875957,130,200,true,170,170,130
1767630875958,130,200,true,170,170,130
1767630875959,130,200,true,170,170,130
1767630875960,130,200,true,170,170,130
1767630875961,129,200,true,170,170,129
1767630875962,129,200,true,170,170,129
1767630875962,130,200,true,170,170,130
1767630875964,129,200,true,170,170,129
1767630875965,129,200,true,170,170,129
1767630875965,130,200,true,170,170,130
1767630875966,130,200,true,170,170,130
1767630875967,130,200,true,170,170,130
1767630875968,130,200,true,170,170,130
1767630875969,129,200,true,170,170,129
1767630875970,129,200,true,170,170,129
1767630875971,130,200,true,170,170,130
1767630875972,129,200,true,170,170,129
1767630875973,129,200,true,170,170,129
1767630875973,130,200,true,170,170,130
1767630875974,130,200,true,170,170,130
1767630875975,130,200,true,170,170,130
1767630875976,130,200,true,170,170,130
1767630875977,130,200,true,170,170,130
1767630875978,130,200,true,170,170,130
1767630875979,130,200,true,170,170,130
1767630875980,130,200,true,170,170,130
1767630875981,129,200,true,170,170,129
1767630875982,129,200,true,170,170,129
1767630875983,129,200,true,170,170,129
1767630875984,129,200,true,170,170,129
1767630875985,129,200,true,170,170,129
1767630875986,129,200,true,170,170,129
1767630875986,130,200,true,170,170,130
1767630875987,130,200,true,170,170,130
1767630875988,130,200,true,170,170,130
1767630875989,130,200,true,170,170,130
1767630875990,130,200,true,170,170,130
1767630875991,130,200,true,170,170,130
1767630875992,130,200,true,170,170,130
1767630875993,129,200,true,170,170,129
1767630875994,129,200,true,170,170,129
1767630875994,130,200,true,170,170,130
1767630875995,130,200,true,170,170,130
1767630875997,129,200,true,170,170,129
1767630875997,130,200,true,170,170,130
1767630875998,130,200,true,170,170,130
1767630875999,130,200,true,170,170,130
1767630876000,130,200,true,170,170,130
1767630876001,130,200,true,170,170,129
1767630876002,129,200,true,170,170,129
1767630876003,129,200,true,170,170,129
1767630876004,129,200,true,170,170,129
1767630876005,129,200,true,170,170,129
1767630876006,129,200,true,170,170,129
1767630876007,129,200,true,170,170,129
1767630876007,130,200,true,170,170,130
1767630876008,130,200,true,170,170,130
1767630876009,130,200,true,170,170,130
1767630876010,130,200,true,170,170,130
1767630876011,130,200,true,170,170,130
1767630876012,130,200,true,170,170,130
1767630876013,129,200,true,170,170,129
1767630876014,129,200,true,170,170,129
1767630876015,129,200,true,170,170,129
1767630876016,129,200,true,170,170,129
1767630876017,129,200,true,170,170,129
1767630876018,129,200,true,170,170,129
1767630876019,129,200,true,170,170,129
1767630876020,129,200,true,170,170,129
1767630876020,130,200,true,170,170,130
1767630876021,130,200,true,170,170,130
1767630876022,130,200,true,170,170,130
1767630876023,130,200,true,170,170,130
1767630876024,130,200,true,170,170,130
1767630875902,253,200,true,170,170,253
1767630868696,7461,200,true,170,170,7461
1767630876029,128,200,true,170,170,128
1767630876031,127,200,true,170,170,127
1767630876033,126,200,true,170,170,126
1767630876035,125,200,true,170,170,125
1767630876036,124,200,true,170,170,124
1767630876037,124,200,true,170,170,124
1767630876038,124,200,true,170,170,124
1767630876039,124,200,true,170,170,124
1767630876040,124,200,true,170,170,124
1767630876041,124,200,true,170,170,124
1767630876042,124,200,true,170,170,124
1767630876043,124,200,true,170,170,124
1767630876044,124,200,true,170,170,124
1767630876045,124,200,true,170,170,124
1767630876045,125,200,true,170,170,125
1767630876046,125,200,true,170,170,125
1767630876047,125,200,true,170,170,125
1767630876048,125,200,true,170,170,125
1767630876049,124,200,true,170,170,124
1767630876050,124,200,true,170,170,124
1767630876051,124,200,true,170,170,124
1767630876052,124,200,true,170,170,124
1767630876053,124,200,true,170,170,124
1767630876054,124,200,true,170,170,124
1767630876055,124,200,true,170,170,124
1767630876056,124,200,true,170,170,124
1767630876057,124,200,true,170,170,124
1767630876058,124,200,true,170,170,124
1767630876059,123,200,true,170,170,123
1767630876059,124,200,true,170,170,124
1767630876060,124,200,true,170,170,124
1767630876061,124,200,true,170,170,124
1767630876062,124,200,true,170,170,124
1767630876063,124,200,true,170,170,124
1767630876064,124,200,true,170,170,124
1767630876065,124,200,true,170,170,124
1767630876066,124,200,true,170,170,124
1767630876067,124,200,true,170,170,124
1767630876067,125,200,true,170,170,125
1767630876069,124,200,true,170,170,124
1767630876070,123,200,true,170,170,123
1767630876070,124,200,true,170,170,124
1767630876071,124,200,true,170,170,124
1767630876072,124,200,true,170,170,124
1767630876073,124,200,true,170,170,124
1767630876074,124,200,true,170,170,124
1767630876075,124,200,true,170,170,124
1767630876076,124,200,true,170,170,124
1767630876077,123,200,true,170,170,123
1767630876078,124,200,true,170,170,124
1767630876078,125,200,true,170,170,125
1767630876079,124,200,true,170,170,124
1767630876080,124,200,true,170,170,124
1767630876081,124,200,true,170,170,124
1767630876082,124,200,true,170,170,124
1767630876083,124,200,true,170,170,124
1767630876084,124,200,true,170,170,124
1767630876085,124,200,true,170,170,124
1767630876086,124,200,true,170,170,124
1767630876087,124,200,true,170,170,124
1767630876088,124,200,true,170,170,124
1767630876089,123,200,true,170,170,123
1767630876090,123,200,true,170,170,123
1767630876090,124,200,true,170,170,124
1767630876091,124,200,true,170,170,124
1767630876092,124,200,true,170,170,124
1767630876093,124,200,true,170,170,124
1767630876094,124,200,true,170,170,124
1767630876095,124,200,true,170,170,124
1767630876096,124,200,true,170,170,124
1767630876097,124,200,true,170,170,124
1767630876098,124,200,true,170,170,124
1767630876099,124,200,true,170,170,124
1767630876099,125,200,true,170,170,125
1767630876101,123,200,true,170,170,123
1767630876102,123,200,true,170,170,123
1767630876102,124,200,true,170,170,124
1767630876103,124,200,true,170,170,124
1767630876104,124,200,true,170,170,124
1767630876105,124,200,true,170,170,124
1767630876106,124,200,true,170,170,124
1767630876107,124,200,true,170,170,124
1767630876108,124,200,true,170,170,124
1767630876109,123,200,true,170,170,123
1767630876110,123,200,true,170,170,123
1767630876111,123,200,true,170,170,123
1767630876111,124,200,true,170,170,124
1767630876112,124,200,true,170,170,124
1767630876113,124,200,true,170,170,124
1767630876114,124,200,true,170,170,124
1767630876115,124,200,true,170,170,124
1767630876116,124,200,true,170,170,124
1767630876117,124,200,true,170,170,124
1767630876118,124,200,true,170,170,124
1767630876119,124,200,true,170,170,124
1767630876120,124,200,true,170,170,124
1767630876121,123,200,true,170,170,123
1767630876122,123,200,true,170,170,123
1767630876122,124,200,true,170,170,124
1767630876123,124,200,true,170,170,124
1767630876124,124,200,true,170,170,124
1767630876125,124,200,true,170,170,124
1767630876126,124,200,true,170,170,124
1767630876127,124,200,true,170,170,124
1767630876128,124,200,true,170,170,124
1767630876129,124,200,true,170,170,124
1767630876130,124,200,true,170,170,124
1767630876131,124,200,true,170,170,124
1767630876131,125,200,true,170,170,125
1767630876132,125,200,true,170,170,125
1767630876133,124,200,true,170,170,124
1767630876134,124,200,true,170,170,124
1767630876135,124,200,true,170,170,124
1767630876136,124,200,true,170,170,124
1767630876137,124,200,true,170,170,124
1767630876138,124,200,true,170,170,124
1767630876139,124,200,true,170,170,124
1767630876140,124,200,true,170,170,124
1767630876141,124,200,true,170,170,124
1767630876142,124,200,true,170,170,124
1767630876143,123,200,true,170,170,123
1767630876143,124,200,true,170,170,124
1767630876144,125,200,true,170,170,125
1767630876145,125,200,true,170,170,125
1767630876146,124,200,true,170,170,124
1767630876147,124,200,true,170,170,124
1767630876148,124,200,true,170,170,124
1767630876149,124,200,true,170,170,124
1767630876150,124,200,true,170,170,124
1767630876151,124,200,true,170,170,124
1767630876152,124,200,true,170,170,124
1767630876153,124,200,true,170,170,124
1767630876154,124,200,true,170,170,124
1767630876155,124,200,true,170,170,124
1767630876027,253,200,true,170,170,253
1767630868704,7577,200,true,170,170,7577
1767630876157,124,200,true,170,170,124
1767630876158,124,200,true,170,170,124
1767630876159,124,200,true,170,170,124
1767630876160,124,200,true,170,170,124
1767630876160,125,200,true,170,170,125
1767630876161,125,200,true,170,170,125
1767630876162,125,200,true,170,170,125
1767630876163,125,200,true,170,170,125
1767630876164,125,200,true,170,170,125
1767630876165,125,200,true,170,170,125
1767630876166,125,200,true,170,170,125
1767630876167,125,200,true,170,170,125
1767630876168,125,200,true,170,170,125
1767630876169,124,200,true,170,170,124
1767630876170,124,200,true,170,170,124
1767630876171,124,200,true,170,170,124
1767630876172,124,200,true,170,170,124
1767630876173,124,200,true,170,170,124
1767630876173,125,200,true,170,170,125
1767630876174,125,200,true,170,170,125
1767630876175,125,200,true,170,170,125
1767630876176,125,200,true,170,170,125
1767630876177,125,200,true,170,170,125
1767630876178,125,200,true,170,170,125
1767630876179,125,200,true,170,170,125
1767630876180,125,200,true,170,170,125
1767630876181,125,200,true,170,170,125
1767630876182,124,200,true,170,170,124
1767630876182,125,200,true,170,170,125
1767630876183,125,200,true,170,170,125
1767630876184,125,200,true,170,170,125
1767630876185,125,200,true,170,170,125
1767630876186,125,200,true,170,170,125
1767630876187,125,200,true,170,170,125
1767630876188,125,200,true,170,170,125
1767630876189,125,200,true,170,170,125
1767630876190,125,200,true,170,170,125
1767630876191,124,200,true,170,170,124
1767630876192,124,200,true,170,170,124
1767630876193,124,200,true,170,170,124
1767630876193,125,200,true,170,170,125
1767630876194,125,200,true,170,170,125
1767630876195,125,200,true,170,170,125
1767630876196,125,200,true,170,170,125
1767630876197,125,200,true,170,170,125
1767630876198,125,200,true,170,170,125
1767630876199,125,200,true,170,170,125
1767630876200,125,200,true,170,170,125
1767630876200,125,200,true,170,170,125
1767630876202,124,200,true,170,170,124
1767630876203,124,200,true,170,170,124
1767630876204,124,200,true,170,170,124
1767630876204,125,200,true,170,170,125
1767630876205,125,200,true,170,170,125
1767630876207,124,200,true,170,170,124
1767630876207,125,200,true,170,170,125
1767630876208,125,200,true,170,170,125
1767630876209,125,200,true,170,170,125
1767630876210,124,200,true,170,170,124
1767630876211,125,200,true,170,170,125
1767630876212,125,200,true,170,170,125
1767630876213,125,200,true,170,170,125
1767630876213,125,200,true,170,170,125
1767630876214,125,200,true,170,170,125
1767630876215,125,200,true,170,170,125
1767630876216,125,200,true,170,170,125
1767630876217,125,200,true,170,170,125
1767630876218,125,200,true,170,170,125
1767630876219,125,200,true,170,170,125
1767630876220,125,200,true,170,170,125
1767630876221,125,200,true,170,170,125
1767630876222,124,200,true,170,170,124
1767630876223,124,200,true,170,170,124
1767630876224,124,200,true,170,170,124
1767630876224,125,200,true,170,170,125
1767630876225,125,200,true,170,170,125
1767630876226,125,200,true,170,170,125
1767630876227,125,200,true,170,170,125
1767630876228,125,200,true,170,170,125
1767630876229,125,200,true,170,170,125
1767630876230,125,200,true,170,170,125
1767630876231,125,200,true,170,170,125
1767630876232,125,200,true,170,170,125
1767630876232,126,200,true,170,170,126
1767630876234,124,200,true,170,170,124
1767630876234,125,200,true,170,170,125
1767630876236,124,200,true,170,170,124
1767630876237,124,200,true,170,170,124
1767630876237,125,200,true,170,170,125
1767630876238,125,200,true,170,170,125
1767630876239,125,200,true,170,170,125
1767630876240,125,200,true,170,170,125
1767630876241,125,200,true,170,170,125
1767630876242,125,200,true,170,170,125
1767630876243,124,200,true,170,170,124
1767630876244,124,200,true,170,170,124
1767630876244,126,200,true,170,170,126
1767630876245,125,200,true,170,170,125
1767630876246,125,200,true,170,170,125
1767630876247,125,200,true,170,170,125
1767630876248,125,200,true,170,170,125
1767630876249,125,200,true,170,170,125
1767630876250,125,200,true,170,170,125
1767630876251,125,200,true,170,170,125
1767630876252,125,200,true,170,170,125
1767630876253,125,200,true,170,170,125
1767630876254,125,200,true,170,170,125
1767630876255,125,200,true,170,170,125
1767630876256,125,200,true,170,170,125
1767630876257,124,200,true,170,170,124
1767630876258,124,200,true,170,170,124
1767630876258,125,200,true,170,170,125
1767630876259,125,200,true,170,170,125
1767630876260,125,200,true,170,170,125
1767630876261,125,200,true,170,170,125
1767630876262,125,200,true,170,170,125
1767630876263,125,200,true,170,170,125
1767630876264,125,200,true,170,170,125
1767630876265,125,200,true,170,170,125
1767630876266,125,200,true,170,170,125
1767630876267,125,200,true,170,170,125
1767630876267,126,200,true,170,170,126
1767630876269,124,200,true,170,170,124
1767630876270,124,200,true,170,170,124
1767630876270,125,200,true,170,170,125
1767630876271,125,200,true,170,170,125
1767630876272,125,200,true,170,170,125
1767630876273,125,200,true,170,170,125
1767630876274,125,200,true,170,170,125
1767630876275,125,200,true,170,170,125
1767630876276,125,200,true,170,170,125
1767630876277,125,200,true,170,170,125
1767630876278,125,200,true,170,170,125
1767630876279,125,200,true,170,170,125
1767630876280,125,200,true,170,170,125
1767630876156,250,200,true,170,170,250
1767630868696,7710,200,true,170,170,7710
1767630876282,126,200,true,170,170,126
1767630876282,126,200,true,170,170,126
1767630876283,126,200,true,170,170,126
1767630876284,126,200,true,170,170,126
1767630876285,126,200,true,170,170,126
1767630876286,126,200,true,170,170,126
1767630876287,126,200,true,170,170,126
1767630876288,126,200,true,170,170,126
1767630876289,126,200,true,170,170,126
1767630876290,126,200,true,170,170,126
1767630876291,126,200,true,170,170,126
1767630876292,125,200,true,170,170,125
1767630876293,125,200,true,170,170,125
1767630876293,127,200,true,170,170,127
1767630876294,126,200,true,170,170,126
1767630876295,126,200,true,170,170,126
1767630876296,126,200,true,170,170,126
1767630876297,126,200,true,170,170,126
1767630876298,126,200,true,170,170,126
1767630876299,126,200,true,170,170,126
1767630876300,126,200,true,170,170,126
1767630876301,126,200,true,170,170,126
1767630876302,126,200,true,170,170,126
1767630876303,126,200,true,170,170,126
1767630876304,125,200,true,170,170,125
1767630876305,125,200,true,170,170,125
1767630876306,126,200,true,170,170,126
1767630876307,125,200,true,170,170,125
1767630876307,126,200,true,170,170,126
1767630876308,126,200,true,170,170,126
1767630876309,126,200,true,170,170,126
1767630876310,126,200,true,170,170,126
1767630876311,126,200,true,170,170,126
1767630876312,126,200,true,170,170,126
1767630876313,126,200,true,170,170,126
1767630876314,126,200,true,170,170,126
1767630876315,126,200,true,170,170,126
1767630876315,127,200,true,170,170,127
1767630876316,126,200,true,170,170,126
1767630876317,127,200,true,170,170,127
1767630876318,126,200,true,170,170,126
1767630876319,126,200,true,170,170,126
1767630876320,126,200,true,170,170,126
1767630876321,126,200,true,170,170,126
1767630876322,126,200,true,170,170,126
1767630876323,126,200,true,170,170,126
1767630876324,126,200,true,170,170,126
1767630876325,126,200,true,170,170,126
1767630876326,126,200,true,170,170,126
1767630876326,126,200,true,170,170,126
1767630876327,127,200,true,170,170,127
1767630876328,127,200,true,170,170,127
1767630876329,127,200,true,170,170,127
1767630876330,126,200,true,170,170,126
1767630876331,126,200,true,170,170,126
1767630876332,126,200,true,170,170,126
1767630876333,126,200,true,170,170,126
1767630876334,126,200,true,170,170,126
1767630876335,126,200,true,170,170,126
1767630876336,126,200,true,170,170,126
1767630876337,126,200,true,170,170,126
1767630876338,126,200,true,170,170,126
1767630876339,125,200,true,170,170,125
1767630876339,126,200,true,170,170,126
1767630876340,126,200,true,170,170,126
1767630876341,126,200,true,170,170,126
1767630876342,126,200,true,170,170,126
1767630876343,126,200,true,170,170,126
1767630876344,126,200,true,170,170,126
1767630876345,126,200,true,170,170,126
1767630876346,126,200,true,170,170,126
1767630876347,126,200,true,170,170,126
1767630876347,127,200,true,170,170,127
1767630876348,127,200,true,170,170,127
1767630876349,127,200,true,170,170,127
1767630876350,126,200,true,170,170,126
1767630876351,126,200,true,170,170,126
1767630876352,126,200,true,170,170,126
1767630876353,126,200,true,170,170,126
1767630876354,126,200,true,170,170,126
1767630876355,126,200,true,170,170,126
1767630876356,126,200,true,170,170,126
1767630876357,126,200,true,170,170,126
1767630876358,126,200,true,170,170,126
1767630876359,125,200,true,170,170,125
1767630876360,125,200,true,170,170,125
1767630876360,127,200,true,170,170,127
1767630876361,127,200,true,170,170,127
1767630876362,126,200,true,170,170,126
1767630876363,126,200,true,170,170,126
1767630876364,126,200,true,170,170,126
1767630876365,126,200,true,170,170,126
1767630876366,126,200,true,170,170,126
1767630876367,126,200,true,170,170,126
1767630876368,126,200,true,170,170,126
1767630876368,127,200,true,170,170,127
1767630876370,125,200,true,170,170,125
1767630876370,126,200,true,170,170,126
1767630876371,126,200,true,170,170,126
1767630876372,126,200,true,170,170,126
1767630876373,126,200,true,170,170,126
1767630876374,126,200,true,170,170,126
1767630876375,126,200,true,170,170,126
1767630876376,126,200,true,170,170,126
1767630876377,126,200,true,170,170,126
1767630876378,126,200,true,170,170,126
1767630876379,126,200,true,170,170,126
1767630876380,126,200,true,170,170,126
1767630876381,126,200,true,170,170,126
1767630876381,126,200,true,170,170,126
1767630876382,126,200,true,170,170,126
1767630876383,126,200,true,170,170,126
1767630876384,126,200,true,170,170,126
1767630876385,126,200,true,170,170,126
1767630876386,126,200,true,170,170,126
1767630876387,126,200,true,170,170,126
1767630876388,126,200,true,170,170,126
1767630876389,126,200,true,170,170,126
1767630876390,126,200,true,170,170,126
1767630876391,126,200,true,170,170,126
1767630876392,126,200,true,170,170,125
1767630876393,125,200,true,170,170,125
1767630876393,126,200,true,170,170,126
1767630876394,127,200,true,170,170,127
1767630876395,126,200,true,170,170,126
1767630876396,126,200,true,170,170,126
1767630876397,126,200,true,170,170,126
1767630876398,126,200,true,170,170,126
1767630876399,126,200,true,170,170,126
1767630876400,126,200,true,170,170,126
1767630876401,126,200,true,170,170,126
1767630876402,126,200,true,170,170,126
1767630876403,126,200,true,170,170,126
1767630876404,126,200,true,170,170,126
1767630876405,125,200,true,170,170,125
1767630876406,125,200,true,170,170,125
1767630876280,252,200,true,170,170,252
1767630868741,7793,200,true,170,170,7793
1767630876408,126,200,true,170,170,126
1767630876408,127,200,true,170,170,127
1767630876409,127,200,true,170,170,127
1767630876410,127,200,true,170,170,127
1767630876411,127,200,true,170,170,127
1767630876412,127,200,true,170,170,127
1767630876413,127,200,true,170,170,127
1767630876414,127,200,true,170,170,127
1767630876415,127,200,true,170,170,127
1767630876416,127,200,true,170,170,127
1767630876417,127,200,true,170,170,127
1767630876418,127,200,true,170,170,127
1767630876418,127,200,true,170,170,127
1767630876420,126,200,true,170,170,126
1767630876421,126,200,true,170,170,126
1767630876421,127,200,true,170,170,127
1767630876422,127,200,true,170,170,127
1767630876423,127,200,true,170,170,127
1767630876424,127,200,true,170,170,127
1767630876425,127,200,true,170,170,127
1767630876426,127,200,true,170,170,127
1767630876427,127,200,true,170,170,127
1767630876428,127,200,true,170,170,127
1767630876429,127,200,true,170,170,127
1767630876429,128,200,true,170,170,128
1767630876430,127,200,true,170,170,127
1767630876432,126,200,true,170,170,126
1767630876432,127,200,true,170,170,127
1767630876433,127,200,true,170,170,127
1767630876434,127,200,true,170,170,127
1767630876435,127,200,true,170,170,127
1767630876436,127,200,true,170,170,127
1767630876437,127,200,true,170,170,127
1767630876438,127,200,true,170,170,127
1767630876439,127,200,true,170,170,127
1767630876440,126,200,true,170,170,126
1767630876441,126,200,true,170,170,126
1767630876442,126,200,true,170,170,126
1767630876443,126,200,true,170,170,126
1767630876444,126,200,true,170,170,126
1767630876445,126,200,true,170,170,126
1767630876445,127,200,true,170,170,127
1767630876446,127,200,true,170,170,127
1767630876447,127,200,true,170,170,127
1767630876448,127,200,true,170,170,127
1767630876449,127,200,true,170,170,127
1767630876450,126,200,true,170,170,126
1767630876451,127,200,true,170,170,127
1767630876452,126,200,true,170,170,126
1767630876453,126,200,true,170,170,126
1767630876454,126,200,true,170,170,126
1767630876455,126,200,true,170,170,126
1767630876456,126,200,true,170,170,126
1767630876456,127,200,true,170,170,127
1767630876457,127,200,true,170,170,127
1767630876458,127,200,true,170,170,127
1767630876459,127,200,true,170,170,127
1767630876460,126,200,true,170,170,126
1767630876461,127,200,true,170,170,127
1767630876462,127,200,true,170,170,127
1767630876463,127,200,true,170,170,127
1767630876464,126,200,true,170,170,126
1767630876465,126,200,true,170,170,126
1767630876465,127,200,true,170,170,127
1767630876466,127,200,true,170,170,127
1767630876467,127,200,true,170,170,127
1767630876468,127,200,true,170,170,127
1767630876469,127,200,true,170,170,127
1767630876470,127,200,true,170,170,127
1767630876471,127,200,true,170,170,127
1767630876472,127,200,true,170,170,127
1767630876473,126,200,true,170,170,126
1767630876474,126,200,true,170,170,126
1767630876475,126,200,true,170,170,126
1767630876476,126,200,true,170,170,126
1767630876476,127,200,true,170,170,127
1767630876477,127,200,true,170,170,127
1767630876478,127,200,true,170,170,127
1767630876479,127,200,true,170,170,127
1767630876480,127,200,true,170,170,127
1767630876481,127,200,true,170,170,127
1767630876482,127,200,true,170,170,127
1767630876483,127,200,true,170,170,127
1767630876484,126,200,true,170,170,126
1767630876485,126,200,true,170,170,126
1767630876485,127,200,true,170,170,127
1767630876487,126,200,true,170,170,126
1767630876488,126,200,true,170,170,126
1767630876488,127,200,true,170,170,127
1767630876489,127,200,true,170,170,127
1767630876490,127,200,true,170,170,127
1767630876491,127,200,true,170,170,127
1767630876492,127,200,true,170,170,127
1767630876493,126,200,true,170,170,126
1767630876494,127,200,true,170,170,127
1767630876495,127,200,true,170,170,127
1767630876496,126,200,true,170,170,126
1767630876496,127,200,true,170,170,127
1767630876497,127,200,true,170,170,127
1767630876498,127,200,true,170,170,127
1767630876499,127,200,true,170,170,127
1767630876500,127,200,true,170,170,127
1767630876501,127,200,true,170,170,127
1767630876502,127,200,true,170,170,127
1767630876503,127,200,true,170,170,127
1767630876504,126,200,true,170,170,126
1767630876505,126,200,true,170,170,126
1767630876506,126,200,true,170,170,126
1767630876507,126,200,true,170,170,126
1767630876507,127,200,true,170,170,127
1767630876508,127,200,true,170,170,127
1767630876509,127,200,true,170,170,127
1767630876510,127,200,true,170,170,127
1767630876511,127,200,true,170,170,127
1767630876512,127,200,true,170,170,127
1767630876513,127,200,true,170,170,127
1767630876514,127,200,true,170,170,127
1767630876515,127,200,true,170,170,127
1767630876516,126,200,true,170,170,126
1767630876517,126,200,true,170,170,126
1767630876518,127,200,true,170,170,127
1767630876518,127,200,true,170,170,127
1767630876519,127,200,true,170,170,127
1767630876521,126,200,true,170,170,126
1767630876521,127,200,true,170,170,127
1767630876522,127,200,true,170,170,127
1767630876523,127,200,true,170,170,127
1767630876524,127,200,true,170,170,127
1767630876525,127,200,true,170,170,127
1767630876526,127,200,true,170,170,127
1767630876527,127,200,true,170,170,127
1767630876528,127,200,true,170,170,127
1767630876529,127,200,true,170,170,127
1767630876530,127,200,true,170,170,127
1767630876531,127,200,true,170,170,127
1767630876531,128,200,true,170,170,128
1767630876532,128,200,true,170,170,128
1767630876407,253,200,true,170,170,253
1767630868685,7976,200,true,170,170,7976
1767630876534,128,200,true,170,170,128
1767630876535,128,200,true,170,170,128
1767630876536,128,200,true,170,170,128
1767630876537,128,200,true,170,170,128
1767630876538,128,200,true,170,170,128
1767630876539,128,200,true,170,170,128
1767630876540,128,200,true,170,170,128
1767630876541,128,200,true,170,170,128
1767630876542,128,200,true,170,170,128
1767630876543,128,200,true,170,170,128
1767630876544,128,200,true,170,170,128
1767630876545,128,200,true,170,170,128
1767630876546,128,200,true,170,170,128
1767630876546,129,200,true,170,170,129
1767630876547,129,200,true,170,170,129
1767630876548,128,200,true,170,170,128
1767630876549,128,200,true,170,170,128
1767630876550,128,200,true,170,170,128
1767630876551,128,200,true,170,170,128
1767630876552,128,200,true,170,170,128
1767630876553,128,200,true,170,170,128
1767630876554,128,200,true,170,170,128
1767630876555,128,200,true,170,170,128
1767630876556,128,200,true,170,170,128
1767630876557,128,200,true,170,170,128
1767630876558,128,200,true,170,170,128
1767630876559,127,200,true,170,170,127
1767630876559,128,200,true,170,170,128
1767630876560,129,200,true,170,170,129
1767630876561,129,200,true,170,170,129
1767630876562,128,200,true,170,170,128
1767630876563,128,200,true,170,170,128
1767630876564,128,200,true,170,170,128
1767630876565,128,200,true,170,170,128
1767630876566,128,200,true,170,170,128
1767630876566,129,200,true,170,170,129
1767630876567,129,200,true,170,170,129
1767630876568,129,200,true,170,170,129
1767630876569,128,200,true,170,170,128
1767630876570,128,200,true,170,170,128
1767630876571,128,200,true,170,170,128
1767630876572,128,200,true,170,170,128
1767630876573,128,200,true,170,170,128
1767630876574,128,200,true,170,170,128
1767630876575,128,200,true,170,170,128
1767630876576,128,200,true,170,170,128
1767630876577,128,200,true,170,170,128
1767630876578,128,200,true,170,170,128
1767630876578,129,200,true,170,170,129
1767630876579,129,200,true,170,170,129
1767630876580,129,200,true,170,170,129
1767630876581,128,200,true,170,170,128
1767630876582,128,200,true,170,170,128
1767630876583,128,200,true,170,170,128
1767630876584,128,200,true,170,170,128
1767630876585,128,200,true,170,170,128
1767630876586,128,200,true,170,170,128
1767630876587,128,200,true,170,170,128
1767630876588,128,200,true,170,170,128
1767630876589,128,200,true,170,170,128
1767630876590,128,200,true,170,170,128
1767630876590,129,200,true,170,170,129
1767630876591,129,200,true,170,170,129
1767630876592,129,200,true,170,170,129
1767630876593,128,200,true,170,170,128
1767630876594,129,200,true,170,170,129
1767630876595,129,200,true,170,170,129
1767630876596,128,200,true,170,170,128
1767630876597,128,200,true,170,170,128
1767630876598,128,200,true,170,170,128
1767630876599,128,200,true,170,170,128
1767630876599,129,200,true,170,170,129
1767630876600,129,200,true,170,170,129
1767630876601,129,200,true,170,170,129
1767630876602,129,200,true,170,170,129
1767630876603,129,200,true,170,170,129
1767630876604,128,200,true,170,170,128
1767630876605,128,200,true,170,170,128
1767630876606,128,200,true,170,170,128
1767630876607,128,200,true,170,170,128
1767630876608,128,200,true,170,170,128
1767630876609,128,200,true,170,170,128
1767630876610,128,200,true,170,170,128
1767630876611,128,200,true,170,170,128
1767630876611,129,200,true,170,170,129
1767630876612,129,200,true,170,170,129
1767630876613,129,200,true,170,170,129
1767630876614,129,200,true,170,170,129
1767630876615,129,200,true,170,170,129
1767630876616,129,200,true,170,170,129
1767630876617,128,200,true,170,170,128
1767630876618,128,200,true,170,170,128
1767630876619,128,200,true,170,170,128
1767630876619,129,200,true,170,170,129
1767630876621,128,200,true,170,170,128
1767630876622,128,200,true,170,170,128
1767630876622,129,200,true,170,170,129
1767630876623,129,200,true,170,170,129
1767630876624,129,200,true,170,170,129
1767630876625,128,200,true,170,170,128
1767630876626,128,200,true,170,170,128
1767630876627,129,200,true,170,170,129
1767630876628,129,200,true,170,170,128
1767630876629,128,200,true,170,170,128
1767630876630,128,200,true,170,170,128
1767630876630,129,200,true,170,170,129
1767630876631,129,200,true,170,170,129
1767630876632,129,200,true,170,170,129
1767630876633,129,200,true,170,170,129
1767630876634,129,200,true,170,170,129
1767630876635,129,200,true,170,170,129
1767630876636,129,200,true,170,170,129
1767630876637,128,200,true,170,170,128
1767630876638,128,200,true,170,170,128
1767630876639,128,200,true,170,170,128
1767630876640,128,200,true,170,170,128
1767630876641,128,200,true,170,170,128
1767630876642,128,200,true,170,170,128
1767630876643,128,200,true,170,170,128
1767630876643,129,200,true,170,170,129
1767630876645,128,200,true,170,170,128
1767630876645,129,200,true,170,170,129
1767630876646,129,200,true,170,170,129
1767630876647,129,200,true,170,170,129
1767630876648,129,200,true,170,170,129
1767630876649,128,200,true,170,170,128
1767630876650,129,200,true,170,170,129
1767630876651,128,200,true,170,170,128
1767630876652,128,200,true,170,170,128
1767630876653,128,200,true,170,170,128
1767630876654,128,200,true,170,170,128
1767630876655,128,200,true,170,170,128
1767630876656,128,200,true,170,170,128
1767630876657,128,200,true,170,170,128
1767630876658,128,200,true,170,170,128
1767630876659,128,200,true,170,170,128
1767630876660,128,200,true,170,170,128
1767630876660,129,200,true,170,170,129
1767630876533,257,200,true,170,170,257
1767630868700,8092,200,true,170,170,8092
1767630876662,130,200,true,170,170,130
1767630876663,130,200,true,170,170,130
1767630876664,130,200,true,170,170,130
1767630876665,129,200,true,170,170,129
1767630876666,129,200,true,170,170,129
1767630876667,129,200,true,170,170,129
1767630876668,129,200,true,170,170,129
1767630876669,129,200,true,170,170,129
1767630876670,129,200,true,170,170,129
1767630876671,129,200,true,170,170,129
1767630876672,129,200,true,170,170,129
1767630876673,129,200,true,170,170,129
1767630876674,129,200,true,170,170,129
1767630876675,128,200,true,170,170,128
1767630876676,128,200,true,170,170,128
1767630876677,128,200,true,170,170,128
1767630876677,130,200,true,170,170,129
1767630876678,129,200,true,170,170,129
1767630876679,129,200,true,170,170,129
1767630876680,129,200,true,170,170,129
1767630876681,129,200,true,170,170,129
1767630876682,129,200,true,170,170,129
1767630876683,129,200,true,170,170,129
1767630876684,129,200,true,170,170,129
1767630876685,129,200,true,170,170,129
1767630876686,129,200,true,170,170,129
1767630876687,129,200,true,170,170,129
1767630876687,129,200,true,170,170,129
1767630876689,128,200,true,170,170,128
1767630876690,128,200,true,170,170,128
1767630876690,129,200,true,170,170,129
1767630876691,129,200,true,170,170,129
1767630876692,129,200,true,170,170,129
1767630876693,129,200,true,170,170,129
1767630876694,129,200,true,170,170,129
1767630876695,129,200,true,170,170,129
1767630876696,129,200,true,170,170,129
1767630876697,129,200,true,170,170,129
1767630876698,129,200,true,170,170,129
1767630876698,130,200,true,170,170,129
1767630876699,129,200,true,170,170,129
1767630876700,129,200,true,170,170,129
1767630876701,129,200,true,170,170,129
1767630876702,129,200,true,170,170,129
1767630876703,129,200,true,170,170,129
1767630876704,129,200,true,170,170,129
1767630876705,129,200,true,170,170,129
1767630876706,129,200,true,170,170,129
1767630876707,128,200,true,170,170,128
1767630876708,128,200,true,170,170,128
1767630876709,128,200,true,170,170,128
1767630876710,128,200,true,170,170,128
1767630876711,128,200,true,170,170,128
1767630876711,129,200,true,170,170,129
1767630876712,129,200,true,170,170,129
1767630876713,129,200,true,170,170,129
1767630876714,129,200,true,170,170,129
1767630876716,128,200,true,170,170,128
1767630876716,129,200,true,170,170,129
1767630876717,129,200,true,170,170,129
1767630876718,129,200,true,170,170,129
1767630876719,129,200,true,170,170,129
1767630876720,129,200,true,170,170,129
1767630876721,129,200,true,170,170,129
1767630876721,130,200,true,170,170,130
1767630876723,128,200,true,170,170,128
1767630876724,128,200,true,170,170,128
1767630876724,129,200,true,170,170,129
1767630876725,129,200,true,170,170,129
1767630876726,129,200,true,170,170,129
1767630876727,129,200,true,170,170,129
1767630876728,129,200,true,170,170,129
1767630876729,129,200,true,170,170,129
1767630876730,129,200,true,170,170,129
1767630876731,129,200,true,170,170,129
1767630876732,129,200,true,170,170,129
1767630876733,129,200,true,170,170,129
1767630876734,129,200,true,170,170,129
1767630876734,130,200,true,170,170,130
1767630876735,129,200,true,170,170,129
1767630876736,129,200,true,170,170,129
1767630876737,129,200,true,170,170,129
1767630876738,129,200,true,170,170,129
1767630876739,129,200,true,170,170,129
1767630876740,129,200,true,170,170,129
1767630876741,129,200,true,170,170,129
1767630876742,129,200,true,170,170,129
1767630876743,129,200,true,170,170,129
1767630876744,129,200,true,170,170,129
1767630876745,129,200,true,170,170,129
1767630876746,129,200,true,170,170,129
1767630876746,130,200,true,170,170,130
1767630876747,130,200,true,170,170,130
1767630876748,130,200,true,170,170,130
1767630876749,129,200,true,170,170,129
1767630876750,129,200,true,170,170,129
1767630876751,129,200,true,170,170,129
1767630876752,129,200,true,170,170,129
1767630876753,129,200,true,170,170,129
1767630876754,129,200,true,170,170,129
1767630876754,130,200,true,170,170,130
1767630876756,129,200,true,170,170,129
1767630876757,129,200,true,170,170,129
1767630876757,130,200,true,170,170,130
1767630876758,130,200,true,170,170,130
1767630876759,130,200,true,170,170,129
1767630876760,129,200,true,170,170,129
1767630876761,130,200,true,170,170,130
1767630876762,130,200,true,170,170,130
1767630876763,129,200,true,170,170,129
1767630876764,129,200,true,170,170,129
1767630876765,129,200,true,170,170,129
1767630876765,130,200,true,170,170,130
1767630876766,130,200,true,170,170,130
1767630876767,130,200,true,170,170,130
1767630876768,130,200,true,170,170,130
1767630876769,130,200,true,170,170,130
1767630876770,130,200,true,170,170,130
1767630876771,130,200,true,170,170,130
1767630876772,130,200,true,170,170,130
1767630876773,129,200,true,170,170,129
1767630876774,129,200,true,170,170,129
1767630876775,129,200,true,170,170,129
1767630876776,129,200,true,170,170,129
1767630876777,129,200,true,170,170,129
1767630876777,130,200,true,170,170,130
1767630876779,129,200,true,170,170,129
1767630876780,129,200,true,170,170,129
1767630876780,130,200,true,170,170,130
1767630876781,130,200,true,170,170,130
1767630876782,130,200,true,170,170,130
1767630876783,130,200,true,170,170,130
1767630876784,130,200,true,170,170,130
1767630876785,130,200,true,170,170,130
1767630876786,130,200,true,170,170,130
1767630876787,130,200,true,170,170,130
1767630876788,130,200,true,170,170,130
1767630876789,130,200,true,170,170,130
1767630876790,129,200,true,170,170,129
1767630876661,259,200,true,170,170,259
1767630868702,8220,200,true,170,170,8220
1767630876792,130,200,true,170,170,130
1767630876793,130,200,true,170,170,130
1767630876794,131,200,true,170,170,131
1767630876795,130,200,true,170,170,130
1767630876795,131,200,true,170,170,131
1767630876796,131,200,true,170,170,131
1767630876797,131,200,true,170,170,131
1767630876798,131,200,true,170,170,131
1767630876799,131,200,true,170,170,131
1767630876800,131,200,true,170,170,131
1767630876801,131,200,true,170,170,131
1767630876802,131,200,true,170,170,131
1767630876803,131,200,true,170,170,131
1767630876803,131,200,true,170,170,131
1767630876804,131,200,true,170,170,131
1767630876805,131,200,true,170,170,131
1767630876807,130,200,true,170,170,130
1767630876807,131,200,true,170,170,131
1767630876808,131,200,true,170,170,131
1767630876809,131,200,true,170,170,131
1767630876810,131,200,true,170,170,131
1767630876811,131,200,true,170,170,131
1767630876812,131,200,true,170,170,131
1767630876813,131,200,true,170,170,131
1767630876814,131,200,true,170,170,131
1767630876815,131,200,true,170,170,131
1767630876816,131,200,true,170,170,131
1767630876816,131,200,true,170,170,131
1767630876817,131,200,true,170,170,131
1767630876818,131,200,true,170,170,131
1767630876819,131,200,true,170,170,131
1767630876820,131,200,true,170,170,131
1767630876821,131,200,true,170,170,131
1767630876822,131,200,true,170,170,131
1767630876823,131,200,true,170,170,131
1767630876824,131,200,true,170,170,131
1767630876825,130,200,true,170,170,130
1767630876826,130,200,true,170,170,130
1767630876827,130,200,true,170,170,130
1767630876828,130,200,true,170,170,130
1767630876828,131,200,true,170,170,131
1767630876829,131,200,true,170,170,131
1767630876830,131,200,true,170,170,131
1767630876831,131,200,true,170,170,131
1767630876832,131,200,true,170,170,131
1767630876833,131,200,true,170,170,131
1767630876834,131,200,true,170,170,131
1767630876835,131,200,true,170,170,131
1767630876835,132,200,true,170,170,132
1767630876836,132,200,true,170,170,132
1767630876837,131,200,true,170,170,131
1767630876838,131,200,true,170,170,131
1767630876839,131,200,true,170,170,131
1767630876840,131,200,true,170,170,131
1767630876841,131,200,true,170,170,131
1767630876842,131,200,true,170,170,131
1767630876843,131,200,true,170,170,131
1767630876844,131,200,true,170,170,131
1767630876845,131,200,true,170,170,131
1767630876846,131,200,true,170,170,131
1767630876847,131,200,true,170,170,131
1767630876848,131,200,true,170,170,131
1767630876849,131,200,true,170,170,131
1767630876850,130,200,true,170,170,130
1767630876851,130,200,true,170,170,130
1767630876851,131,200,true,170,170,131
1767630876852,131,200,true,170,170,131
1767630876853,131,200,true,170,170,131
1767630876854,131,200,true,170,170,131
1767630876855,131,200,true,170,170,131
1767630876856,131,200,true,170,170,131
1767630876857,131,200,true,170,170,131
1767630876858,131,200,true,170,170,131
1767630876859,130,200,true,170,170,130
1767630876860,130,200,true,170,170,130
1767630876861,131,200,true,170,170,131
1767630876862,131,200,true,170,170,131
1767630876863,130,200,true,170,170,130
1767630876864,130,200,true,170,170,130
1767630876865,130,200,true,170,170,130
1767630876865,131,200,true,170,170,131
1767630876866,131,200,true,170,170,131
1767630876867,131,200,true,170,170,131
1767630876868,131,200,true,170,170,131
1767630876869,131,200,true,170,170,131
1767630876870,131,200,true,170,170,131
1767630876871,131,200,true,170,170,131
1767630876872,130,200,true,170,170,130
1767630876873,130,200,true,170,170,130
1767630876874,130,200,true,170,170,130
1767630876875,130,200,true,170,170,130
1767630876876,130,200,true,170,170,130
1767630876877,130,200,true,170,170,130
1767630876878,130,200,true,170,170,130
1767630876879,130,200,true,170,170,130
1767630876879,131,200,true,170,170,131
1767630876880,131,200,true,170,170,131
1767630876881,131,200,true,170,170,131
1767630876882,131,200,true,170,170,131
1767630876883,131,200,true,170,170,131
1767630876884,131,200,true,170,170,131
1767630876885,131,200,true,170,170,131
1767630876886,130,200,true,170,170,130
1767630876887,130,200,true,170,170,130
1767630876888,130,200,true,170,170,130
1767630876889,130,200,true,170,170,130
1767630876889,131,200,true,170,170,131
1767630876891,130,200,true,170,170,130
1767630876892,130,200,true,170,170,130
1767630876892,131,200,true,170,170,131
1767630876893,131,200,true,170,170,131
1767630876894,130,200,true,170,170,130
1767630876895,131,200,true,170,170,131
1767630876896,131,200,true,170,170,131
1767630876897,131,200,true,170,170,131
1767630876898,130,200,true,170,170,130
1767630876899,130,200,true,170,170,130
1767630876900,130,200,true,170,170,130
1767630876901,130,200,true,170,170,130
1767630876902,130,200,true,170,170,130
1767630876902,131,200,true,170,170,131
1767630876903,131,200,true,170,170,131
1767630876904,131,200,true,170,170,131
1767630876905,131,200,true,170,170,131
1767630876906,131,200,true,170,170,131
1767630876907,130,200,true,170,170,130
1767630876908,130,200,true,170,170,130
1767630876909,130,200,true,170,170,130
1767630876910,130,200,true,170,170,130
1767630876911,130,200,true,170,170,130
1767630876912,130,200,true,170,170,130
1767630876913,130,200,true,170,170,130
1767630876914,130,200,true,170,170,130
1767630876915,130,200,true,170,170,130
1767630876916,130,200,true,170,170,130
1767630876917,130,200,true,170,170,130
1767630876918,130,200,true,170,170,130
1767630876919,130,200,true,170,170,130
1767630876919,131,200,true,170,170,131
1767630876920,131,200,true,170,170,131
1767630876791,261,200,true,170,170,261
1767630868686,8367,200,true,170,170,8367
1767630876922,132,200,true,170,170,132
1767630876923,132,200,true,170,170,132
1767630876925,130,200,true,170,170,130
1767630876926,130,200,true,170,170,130
1767630876926,131,200,true,170,170,131
1767630876927,131,200,true,170,170,131
1767630876928,131,200,true,170,170,131
1767630876929,131,200,true,170,170,131
1767630876930,131,200,true,170,170,131
1767630876931,131,200,true,170,170,131
1767630876932,131,200,true,170,170,131
1767630876933,131,200,true,170,170,131
1767630876934,131,200,true,170,170,131
1767630876934,132,200,true,170,170,132
1767630876935,132,200,true,170,170,132
1767630876936,132,200,true,170,170,132
1767630876937,131,200,true,170,170,131
1767630876938,131,200,true,170,170,131
1767630876939,131,200,true,170,170,131
1767630876940,131,200,true,170,170,131
1767630876941,131,200,true,170,170,131
1767630876942,131,200,true,170,170,131
1767630876943,131,200,true,170,170,131
1767630876944,131,200,true,170,170,131
1767630876945,131,200,true,170,170,131
1767630876946,131,200,true,170,170,131
1767630876947,131,200,true,170,170,131
1767630876948,131,200,true,170,170,131
1767630876948,132,200,true,170,170,132
1767630876949,132,200,true,170,170,132
1767630876950,131,200,true,170,170,131
1767630876951,131,200,true,170,170,131
1767630876952,131,200,true,170,170,131
1767630876953,131,200,true,170,170,131
1767630876954,131,200,true,170,170,131
1767630876955,131,200,true,170,170,131
1767630876955,132,200,true,170,170,132
1767630876956,132,200,true,170,170,132
1767630876957,132,200,true,170,170,132
1767630876959,130,200,true,170,170,130
1767630876959,131,200,true,170,170,131
1767630876960,131,200,true,170,170,131
1767630876961,131,200,true,170,170,131
1767630876962,131,200,true,170,170,131
1767630876963,131,200,true,170,170,131
1767630876964,131,200,true,170,170,131
1767630876965,131,200,true,170,170,131
1767630876966,131,200,true,170,170,131
1767630876967,131,200,true,170,170,131
1767630876968,131,200,true,170,170,131
1767630876968,132,200,true,170,170,132
1767630876969,132,200,true,170,170,132
1767630876970,131,200,true,170,170,131
1767630876971,131,200,true,170,170,131
1767630876972,131,200,true,170,170,131
1767630876973,131,200,true,170,170,131
1767630876974,131,200,true,170,170,131
1767630876975,131,200,true,170,170,131
1767630876976,131,200,true,170,170,131
1767630876977,131,200,true,170,170,131
1767630876978,132,200,true,170,170,132
1767630876979,131,200,true,170,170,131
1767630876980,131,200,true,170,170,131
1767630876980,132,200,true,170,170,132
1767630876982,131,200,true,170,170,131
1767630876982,131,200,true,170,170,131
1767630876983,131,200,true,170,170,131
1767630876984,131,200,true,170,170,131
1767630876985,131,200,true,170,170,131
1767630876986,131,200,true,170,170,131
1767630876987,131,200,true,170,170,131
1767630876988,131,200,true,170,170,131
1767630876989,131,200,true,170,170,131
1767630876990,131,200,true,170,170,131
1767630876990,132,200,true,170,170,132
1767630876992,130,200,true,170,170,130
1767630876993,130,200,true,170,170,130
1767630876994,130,200,true,170,170,130
1767630876994,131,200,true,170,170,131
1767630876995,131,200,true,170,170,131
1767630876996,131,200,true,170,170,131
1767630876997,131,200,true,170,170,131
1767630876998,131,200,true,170,170,131
1767630876999,131,200,true,170,170,131
1767630877000,131,200,true,170,170,131
1767630877001,131,200,true,170,170,131
1767630877002,131,200,true,170,170,131
1767630877002,132,200,true,170,170,132
1767630877003,132,200,true,170,170,132
1767630877004,131,200,true,170,170,131
1767630877005,131,200,true,170,170,131
1767630877006,131,200,true,170,170,131
1767630877007,131,200,true,170,170,131
1767630877008,131,200,true,170,170,131
1767630877009,131,200,true,170,170,131
1767630877010,131,200,true,170,170,131
1767630877011,131,200,true,170,170,131
1767630877012,131,200,true,170,170,131
1767630877013,131,200,true,170,170,131
1767630877014,131,200,true,170,170,131
1767630877015,131,200,true,170,170,131
1767630877016,131,200,true,170,170,131
1767630877016,131,200,true,170,170,131
1767630877017,131,200,true,170,170,131
1767630877018,131,200,true,170,170,131
1767630877019,131,200,true,170,170,131
1767630877020,131,200,true,170,170,131
1767630877021,131,200,true,170,170,131
1767630877022,131,200,true,170,170,131
1767630877023,131,200,true,170,170,131
1767630877024,131,200,true,170,170,131
1767630877024,132,200,true,170,170,132
1767630877026,130,200,true,170,170,130
1767630877027,130,200,true,170,170,130
1767630877028,130,200,true,170,170,130
1767630877028,132,200,true,170,170,132
1767630877029,131,200,true,170,170,131
1767630877030,131,200,true,170,170,131
1767630877031,131,200,true,170,170,131
1767630877032,131,200,true,170,170,131
1767630877033,131,200,true,170,170,131
1767630877034,131,200,true,170,170,131
1767630877035,131,200,true,170,170,131
1767630877036,131,200,true,170,170,131
1767630877037,131,200,true,170,170,131
1767630877037,132,200,true,170,170,132
1767630877038,131,200,true,170,170,131
1767630877039,131,200,true,170,170,131
1767630877040,131,200,true,170,170,131
1767630877041,131,200,true,170,170,131
1767630877042,131,200,true,170,170,131
1767630877043,131,200,true,170,170,131
1767630877044,131,200,true,170,170,131
1767630877045,131,200,true,170,170,131
1767630877046,131,200,true,170,170,131
1767630877047,131,200,true,170,170,131
1767630877048,131,200,true,170,170,131
1767630877049,131,200,true,170,170,131
1767630877050,131,200,true,170,170,131
1767630877051,131,200,true,170,170,131
1767630877052,130,200,true,170,170,130
1767630876921,262,200,true,170,170,262
1767630868688,8497,200,true,170,170,8497
1767630877054,131,200,true,170,170,131
1767630877055,131,200,true,170,170,131
1767630877056,131,200,true,170,170,131
1767630877056,132,200,true,170,170,132
1767630877057,132,200,true,170,170,132
1767630877058,132,200,true,170,170,132
1767630877059,132,200,true,170,170,132
1767630877060,132,200,true,170,170,132
1767630877061,132,200,true,170,170,132
1767630877062,132,200,true,170,170,132
1767630877063,132,200,true,170,170,132
1767630877064,131,200,true,170,170,131
1767630877065,131,200,true,170,170,131
1767630877066,131,200,true,170,170,131
1767630877067,131,200,true,170,170,131
1767630877068,131,200,true,170,170,131
1767630877069,131,200,true,170,170,131
1767630877069,132,200,true,170,170,132
1767630877070,132,200,true,170,170,132
1767630877071,132,200,true,170,170,132
1767630877072,132,200,true,170,170,132
1767630877073,131,200,true,170,170,131
1767630877074,131,200,true,170,170,131
1767630877075,132,200,true,170,170,132
1767630877076,131,200,true,170,170,131
1767630877077,131,200,true,170,170,131
1767630877078,131,200,true,170,170,131
1767630877079,131,200,true,170,170,131
1767630877080,131,200,true,170,170,131
1767630877081,131,200,true,170,170,131
1767630877081,132,200,true,170,170,132
1767630877082,132,200,true,170,170,132
1767630877083,132,200,true,170,170,132
1767630877084,132,200,true,170,170,132
1767630877085,132,200,true,170,170,132
1767630877086,132,200,true,170,170,132
1767630877087,132,200,true,170,170,132
1767630877088,131,200,true,170,170,131
1767630877089,131,200,true,170,170,131
1767630877090,131,200,true,170,170,131
1767630877090,132,200,true,170,170,132
1767630877091,132,200,true,170,170,132
1767630877092,132,200,true,170,170,132
1767630877093,132,200,true,170,170,132
1767630877094,132,200,true,170,170,132
1767630877095,132,200,true,170,170,132
1767630877096,132,200,true,170,170,132
1767630877097,132,200,true,170,170,132
1767630877098,132,200,true,170,170,132
1767630877099,132,200,true,170,170,132
1767630877100,131,200,true,170,170,131
1767630877101,131,200,true,170,170,131
1767630877101,132,200,true,170,170,132
1767630877102,132,200,true,170,170,132
1767630877103,132,200,true,170,170,132
1767630877104,132,200,true,170,170,132
1767630877105,132,200,true,170,170,132
1767630877106,132,200,true,170,170,132
1767630877107,132,200,true,170,170,132
1767630877108,132,200,true,170,170,132
1767630877110,130,200,true,170,170,130
1767630877110,132,200,true,170,170,132
1767630877111,131,200,true,170,170,131
1767630877112,132,200,true,170,170,132
1767630877113,131,200,true,170,170,131
1767630877114,131,200,true,170,170,131
1767630877114,132,200,true,170,170,132
1767630877115,132,200,true,170,170,132
1767630877116,132,200,true,170,170,132
1767630877117,132,200,true,170,170,132
1767630877118,132,200,true,170,170,132
1767630877119,132,200,true,170,170,132
1767630877120,132,200,true,170,170,132
1767630877121,132,200,true,170,170,132
1767630877122,131,200,true,170,170,131
1767630877122,132,200,true,170,170,132
1767630877123,132,200,true,170,170,132
1767630877124,132,200,true,170,170,132
1767630877125,132,200,true,170,170,132
1767630877126,132,200,true,170,170,132
1767630877127,132,200,true,170,170,132
1767630877128,132,200,true,170,170,132
1767630877129,132,200,true,170,170,132
1767630877130,132,200,true,170,170,132
1767630877131,132,200,true,170,170,132
1767630877132,132,200,true,170,170,132
1767630877133,132,200,true,170,170,132
1767630877134,131,200,true,170,170,131
1767630877135,131,200,true,170,170,131
1767630877135,132,200,true,170,170,132
1767630877136,132,200,true,170,170,132
1767630877137,132,200,true,170,170,132
1767630877138,132,200,true,170,170,132
1767630877139,132,200,true,170,170,132
1767630877140,132,200,true,170,170,132
1767630877141,132,200,true,170,170,132
1767630877142,132,200,true,170,170,132
1767630877143,131,200,true,170,170,131
1767630877144,131,200,true,170,170,131
1767630877145,131,200,true,170,170,131
1767630877146,131,200,true,170,170,131
1767630877147,131,200,true,170,170,131
1767630877147,132,200,true,170,170,132
1767630877148,132,200,true,170,170,132
1767630877149,132,200,true,170,170,132
1767630877150,132,200,true,170,170,132
1767630877151,132,200,true,170,170,132
1767630877152,132,200,true,170,170,132
1767630877153,132,200,true,170,170,132
1767630877154,131,200,true,170,170,131
1767630877155,131,200,true,170,170,131
1767630877156,131,200,true,170,170,131
1767630877157,131,200,true,170,170,131
1767630877157,132,200,true,170,170,132
1767630877158,132,200,true,170,170,132
1767630877160,131,200,true,170,170,131
1767630877160,132,200,true,170,170,132
1767630877161,132,200,true,170,170,132
1767630877162,132,200,true,170,170,132
1767630877163,132,200,true,170,170,132
1767630877164,132,200,true,170,170,132
1767630877165,132,200,true,170,170,132
1767630877166,132,200,true,170,170,132
1767630877167,131,200,true,170,170,131
1767630877168,131,200,true,170,170,131
1767630877169,131,200,true,170,170,131
1767630877169,132,200,true,170,170,132
1767630877170,132,200,true,170,170,132
1767630877171,132,200,true,170,170,132
1767630877172,132,200,true,170,170,132
1767630877173,132,200,true,170,170,132
1767630877174,132,200,true,170,170,132
1767630877175,132,200,true,170,170,132
1767630877176,132,200,true,170,170,132
1767630877177,131,200,true,170,170,131
1767630877178,131,200,true,170,170,131
1767630877179,132,200,true,170,170,132
1767630877180,132,200,true,170,170,132
1767630877181,131,200,true,170,170,131
1767630877182,131,200,true,170,170,131
1767630877182,132,200,true,170,170,132
1767630877183,132,200,true,170,170,132
1767630877053,263,200,true,170,170,263
1767630868696,8621,200,true,170,170,8621
1767630877185,133,200,true,170,170,133
1767630877186,133,200,true,170,170,133
1767630877187,133,200,true,170,170,133
1767630877188,133,200,true,170,170,133
1767630877189,133,200,true,170,170,133
1767630877190,133,200,true,170,170,133
1767630877191,132,200,true,170,170,132
1767630877192,132,200,true,170,170,132
1767630877193,132,200,true,170,170,132
1767630877194,132,200,true,170,170,132
1767630877195,132,200,true,170,170,132
1767630877196,132,200,true,170,170,132
1767630877197,132,200,true,170,170,132
1767630877197,133,200,true,170,170,133
1767630877198,133,200,true,170,170,133
1767630877199,133,200,true,170,170,133
1767630877200,133,200,true,170,170,133
1767630877201,133,200,true,170,170,133
1767630877202,133,200,true,170,170,133
1767630877203,132,200,true,170,170,132
1767630877204,132,200,true,170,170,132
1767630877204,133,200,true,170,170,133
1767630877205,133,200,true,170,170,133
1767630877207,132,200,true,170,170,132
1767630877208,132,200,true,170,170,132
1767630877208,133,200,true,170,170,133
1767630877209,133,200,true,170,170,133
1767630877210,133,200,true,170,170,133
1767630877212,132,200,true,170,170,132
1767630877212,133,200,true,170,170,133
1767630877213,133,200,true,170,170,133
1767630877214,133,200,true,170,170,133
1767630877215,133,200,true,170,170,133
1767630877216,132,200,true,170,170,132
1767630877217,132,200,true,170,170,132
1767630877218,132,200,true,170,170,132
1767630877219,132,200,true,170,170,132
1767630877219,133,200,true,170,170,133
1767630877220,133,200,true,170,170,133
1767630877221,133,200,true,170,170,133
1767630877222,133,200,true,170,170,133
1767630877223,133,200,true,170,170,133
1767630877224,132,200,true,170,170,132
1767630877225,132,200,true,170,170,132
1767630877226,132,200,true,170,170,132
1767630877227,132,200,true,170,170,132
1767630877228,132,200,true,170,170,132
1767630877229,132,200,true,170,170,132
1767630877230,132,200,true,170,170,132
1767630877231,132,200,true,170,170,132
1767630877231,133,200,true,170,170,133
1767630877232,133,200,true,170,170,133
1767630877233,133,200,true,170,170,133
1767630877234,133,200,true,170,170,133
1767630877235,132,200,true,170,170,132
1767630877236,132,200,true,170,170,132
1767630877237,132,200,true,170,170,132
1767630877238,132,200,true,170,170,132
1767630877239,132,200,true,170,170,132
1767630877240,132,200,true,170,170,132
1767630877241,132,200,true,170,170,132
1767630877242,132,200,true,170,170,132
1767630877242,133,200,true,170,170,133
1767630877244,132,200,true,170,170,132
1767630877244,133,200,true,170,170,133
1767630877245,133,200,true,170,170,133
1767630877246,133,200,true,170,170,133
1767630877247,133,200,true,170,170,133
1767630877248,133,200,true,170,170,133
1767630877249,132,200,true,170,170,132
1767630877250,132,200,true,170,170,132
1767630877251,132,200,true,170,170,132
1767630877252,132,200,true,170,170,132
1767630877253,132,200,true,170,170,132
1767630877254,132,200,true,170,170,132
1767630877254,133,200,true,170,170,133
1767630877255,133,200,true,170,170,133
1767630877256,133,200,true,170,170,133
1767630877257,133,200,true,170,170,133
1767630877258,132,200,true,170,170,132
1767630877259,132,200,true,170,170,132
1767630877260,132,200,true,170,170,132
1767630877261,132,200,true,170,170,132
1767630877262,132,200,true,170,170,132
1767630877263,132,200,true,170,170,132
1767630877264,132,200,true,170,170,132
1767630877265,132,200,true,170,170,132
1767630877266,132,200,true,170,170,132
1767630877266,133,200,true,170,170,133
1767630877267,133,200,true,170,170,133
1767630877268,133,200,true,170,170,133
1767630877269,132,200,true,170,170,132
1767630877270,132,200,true,170,170,132
1767630877271,132,200,true,170,170,132
1767630877272,132,200,true,170,170,132
1767630877273,132,200,true,170,170,132
1767630877274,132,200,true,170,170,132
1767630877274,133,200,true,170,170,133
1767630877275,133,200,true,170,170,133
1767630877276,133,200,true,170,170,133
1767630877277,133,200,true,170,170,133
1767630877278,133,200,true,170,170,133
1767630877279,133,200,true,170,170,133
1767630877280,133,200,true,170,170,133
1767630877281,133,200,true,170,170,133
1767630877282,133,200,true,170,170,133
1767630877283,132,200,true,170,170,132
1767630877284,132,200,true,170,170,132
1767630877285,132,200,true,170,170,132
1767630877285,133,200,true,170,170,133
1767630877286,133,200,true,170,170,133
1767630877287,133,200,true,170,170,133
1767630877288,133,200,true,170,170,133
1767630877289,133,200,true,170,170,133
1767630877290,133,200,true,170,170,133
1767630877291,132,200,true,170,170,132
1767630877292,132,200,true,170,170,132
1767630877293,132,200,true,170,170,132
1767630877294,132,200,true,170,170,132
1767630877295,132,200,true,170,170,132
1767630877296,132,200,true,170,170,132
1767630877297,132,200,true,170,170,132
1767630877298,132,200,true,170,170,132
1767630877299,132,200,true,170,170,132
1767630877299,133,200,true,170,170,133
1767630877300,133,200,true,170,170,133
1767630877301,133,200,true,170,170,133
1767630877302,133,200,true,170,170,133
1767630877303,133,200,true,170,170,133
1767630877304,133,200,true,170,170,133
1767630877305,132,200,true,170,170,132
1767630877306,132,200,true,170,170,132
1767630877307,132,200,true,170,170,132
1767630877308,132,200,true,170,170,132
1767630877308,133,200,true,170,170,133
1767630877309,133,200,true,170,170,133
1767630877311,132,200,true,170,170,132
1767630877312,132,200,true,170,170,132
1767630877312,133,200,true,170,170,133
1767630877313,133,200,true,170,170,133
1767630877314,133,200,true,170,170,133
1767630877315,133,200,true,170,170,133
1767630877316,133,200,true,170,170,133
1767630877184,266,200,true,170,170,266
1767630868685,8767,200,true,170,170,8767
1767630877318,136,200,true,170,170,136
1767630877319,138,200,true,170,170,138
1767630877320,140,200,true,170,170,140
1767630877321,140,200,true,170,170,140
1767630877322,140,200,true,170,170,140
1767630877323,140,200,true,170,170,140
1767630877324,140,200,true,170,170,140
1767630877324,141,200,true,170,170,141
1767630877325,141,200,true,170,170,141
1767630877326,141,200,true,170,170,141
1767630877327,141,200,true,170,170,141
1767630877328,141,200,true,170,170,141
1767630877329,140,200,true,170,170,140
1767630877330,140,200,true,170,170,140
1767630877331,140,200,true,170,170,140
1767630877332,140,200,true,170,170,140
1767630877333,140,200,true,170,170,140
1767630877334,140,200,true,170,170,140
1767630877335,140,200,true,170,170,140
1767630877335,141,200,true,170,170,141
1767630877336,141,200,true,170,170,141
1767630877337,141,200,true,170,170,141
1767630877338,141,200,true,170,170,141
1767630877339,141,200,true,170,170,141
1767630877340,141,200,true,170,170,141
1767630877341,140,200,true,170,170,140
1767630877342,140,200,true,170,170,140
1767630877343,140,200,true,170,170,140
1767630877344,140,200,true,170,170,140
1767630877345,140,200,true,170,170,140
1767630877346,140,200,true,170,170,140
1767630877347,140,200,true,170,170,140
1767630877348,140,200,true,170,170,140
1767630877348,141,200,true,170,170,141
1767630877349,140,200,true,170,170,140
1767630877350,140,200,true,170,170,140
1767630877351,140,200,true,170,170,140
1767630877352,140,200,true,170,170,140
1767630877353,140,200,true,170,170,140
1767630877354,141,200,true,170,170,141
1767630877355,140,200,true,170,170,140
1767630877356,140,200,true,170,170,140
1767630877356,141,200,true,170,170,141
1767630877357,141,200,true,170,170,141
1767630877358,141,200,true,170,170,141
1767630877359,141,200,true,170,170,141
1767630877360,141,200,true,170,170,141
1767630877361,141,200,true,170,170,141
1767630877362,140,200,true,170,170,140
1767630877363,140,200,true,170,170,140
1767630877364,140,200,true,170,170,140
1767630877365,140,200,true,170,170,140
1767630877366,140,200,true,170,170,140
1767630877367,140,200,true,170,170,140
1767630877368,140,200,true,170,170,140
1767630877368,141,200,true,170,170,141
1767630877369,141,200,true,170,170,141
1767630877370,141,200,true,170,170,141
1767630877371,141,200,true,170,170,141
1767630877372,141,200,true,170,170,141
1767630877373,141,200,true,170,170,141
1767630877374,140,200,true,170,170,140
1767630877375,140,200,true,170,170,140
1767630877376,140,200,true,170,170,140
1767630877377,140,200,true,170,170,140
1767630877378,140,200,true,170,170,140
1767630877379,140,200,true,170,170,140
1767630877380,140,200,true,170,170,140
1767630877381,140,200,true,170,170,140
1767630877381,141,200,true,170,170,141
1767630877382,140,200,true,170,170,140
1767630877383,140,200,true,170,170,140
1767630877384,140,200,true,170,170,140
1767630877385,140,200,true,170,170,140
1767630877386,140,200,true,170,170,140
1767630877387,140,200,true,170,170,140
1767630877388,140,200,true,170,170,140
1767630877389,140,200,true,170,170,140
1767630877390,140,200,true,170,170,140
1767630877390,141,200,true,170,170,141
1767630877391,141,200,true,170,170,141
1767630877392,141,200,true,170,170,141
1767630877393,141,200,true,170,170,141
1767630877394,140,200,true,170,170,140
1767630877395,140,200,true,170,170,140
1767630877396,140,200,true,170,170,140
1767630877397,140,200,true,170,170,140
1767630877398,140,200,true,170,170,140
1767630877399,140,200,true,170,170,140
1767630877400,140,200,true,170,170,140
1767630877401,140,200,true,170,170,140
1767630877401,141,200,true,170,170,141
1767630877402,140,200,true,170,170,140
1767630877403,141,200,true,170,170,141
1767630877404,141,200,true,170,170,141
1767630877405,141,200,true,170,170,141
1767630877406,140,200,true,170,170,140
1767630877407,140,200,true,170,170,140
1767630877408,140,200,true,170,170,140
1767630877409,140,200,true,170,170,140
1767630877410,140,200,true,170,170,140
1767630877411,140,200,true,170,170,140
1767630877412,140,200,true,170,170,140
1767630877413,140,200,true,170,170,140
1767630877414,140,200,true,170,170,140
1767630877415,140,200,true,170,170,140
1767630877415,141,200,true,170,170,141
1767630877416,140,200,true,170,170,140
1767630877417,140,200,true,170,170,140
1767630877418,140,200,true,170,170,140
1767630877419,140,200,true,170,170,140
1767630877420,141,200,true,170,170,141
1767630877421,140,200,true,170,170,140
1767630877422,140,200,true,170,170,140
1767630877423,140,200,true,170,170,140
1767630877424,140,200,true,170,170,140
1767630877424,141,200,true,170,170,141
1767630877425,141,200,true,170,170,141
1767630877426,141,200,true,170,170,141
1767630877428,140,200,true,170,170,140
1767630877428,141,200,true,170,170,141
1767630877429,141,200,true,170,170,141
1767630877430,140,200,true,170,170,140
1767630877431,140,200,true,170,170,140
1767630877432,140,200,true,170,170,140
1767630877433,140,200,true,170,170,140
1767630877434,140,200,true,170,170,140
1767630877435,140,200,true,170,170,140
1767630877436,140,200,true,170,170,140
1767630877437,140,200,true,170,170,140
1767630877437,141,200,true,170,170,141
1767630877438,141,200,true,170,170,141
1767630877439,141,200,true,170,170,141
1767630877440,141,200,true,170,170,141
1767630877441,141,200,true,170,170,141
1767630877442,141,200,true,170,170,141
1767630877443,141,200,true,170,170,141
1767630877444,140,200,true,170,170,140
1767630877445,140,200,true,170,170,140
1767630877446,140,200,true,170,170,140
1767630877447,140,200,true,170,170,140
1767630877448,140,200,true,170,170,140
1767630877449,140,200,true,170,170,140
1767630877450,140,200,true,170,170,140
1767630877317,274,200,true,170,170,274
1767630868687,8906,200,true,170,170,8906
1767630877454,139,200,true,170,170,139
1767630877457,137,200,true,170,170,137
1767630877460,135,200,true,170,170,135
1767630877461,135,200,true,170,170,135
1767630877462,135,200,true,170,170,135
1767630877463,135,200,true,170,170,135
1767630877464,135,200,true,170,170,135
1767630877465,135,200,true,170,170,135
1767630877466,135,200,true,170,170,135
1767630877467,134,200,true,170,170,134
1767630877468,134,200,true,170,170,134
1767630877469,134,200,true,170,170,134
1767630877469,135,200,true,170,170,135
1767630877470,135,200,true,170,170,135
1767630877471,135,200,true,170,170,135
1767630877472,135,200,true,170,170,135
1767630877473,135,200,true,170,170,135
1767630877474,135,200,true,170,170,135
1767630877475,135,200,true,170,170,135
1767630877476,134,200,true,170,170,134
1767630877477,135,200,true,170,170,135
1767630877478,135,200,true,170,170,135
1767630877479,135,200,true,170,170,135
1767630877480,134,200,true,170,170,134
1767630877481,134,200,true,170,170,134
1767630877482,134,200,true,170,170,134
1767630877483,134,200,true,170,170,134
1767630877483,135,200,true,170,170,135
1767630877484,135,200,true,170,170,135
1767630877485,135,200,true,170,170,135
1767630877486,135,200,true,170,170,135
1767630877487,135,200,true,170,170,135
1767630877488,135,200,true,170,170,135
1767630877489,134,200,true,170,170,134
1767630877490,134,200,true,170,170,134
1767630877490,135,200,true,170,170,135
1767630877491,135,200,true,170,170,135
1767630877492,135,200,true,170,170,135
1767630877493,135,200,true,170,170,135
1767630877495,134,200,true,170,170,134
1767630877495,135,200,true,170,170,135
1767630877496,135,200,true,170,170,135
1767630877497,135,200,true,170,170,135
1767630877498,135,200,true,170,170,135
1767630877499,135,200,true,170,170,135
1767630877500,135,200,true,170,170,135
1767630877501,134,200,true,170,170,134
1767630877502,134,200,true,170,170,134
1767630877502,135,200,true,170,170,135
1767630877503,135,200,true,170,170,135
1767630877504,135,200,true,170,170,135
1767630877505,135,200,true,170,170,135
1767630877506,135,200,true,170,170,135
1767630877507,135,200,true,170,170,135
1767630877508,135,200,true,170,170,135
1767630877509,135,200,true,170,170,135
1767630877510,134,200,true,170,170,134
1767630877511,135,200,true,170,170,135
1767630877512,135,200,true,170,170,135
1767630877513,134,200,true,170,170,134
1767630877514,134,200,true,170,170,134
1767630877514,135,200,true,170,170,135
1767630877515,135,200,true,170,170,135
1767630877517,134,200,true,170,170,134
1767630877517,135,200,true,170,170,135
1767630877518,135,200,true,170,170,135
1767630877519,135,200,true,170,170,135
1767630877520,135,200,true,170,170,135
1767630877521,135,200,true,170,170,135
1767630877522,135,200,true,170,170,135
1767630877522,135,200,true,170,170,135
1767630877523,135,200,true,170,170,135
1767630877524,135,200,true,170,170,135
1767630877525,135,200,true,170,170,135
1767630877526,135,200,true,170,170,135
1767630877527,135,200,true,170,170,135
1767630877528,135,200,true,170,170,135
1767630877529,135,200,true,170,170,135
1767630877530,135,200,true,170,170,135
1767630877531,135,200,true,170,170,135
1767630877532,135,200,true,170,170,135
1767630877533,135,200,true,170,170,135
1767630877534,135,200,true,170,170,135
1767630877535,134,200,true,170,170,134
1767630877535,135,200,true,170,170,135
1767630877536,135,200,true,170,170,135
1767630877537,135,200,true,170,170,135
1767630877538,135,200,true,170,170,135
1767630877539,135,200,true,170,170,135
1767630877540,135,200,true,170,170,135
1767630877541,135,200,true,170,170,135
1767630877542,135,200,true,170,170,135
1767630877543,135,200,true,170,170,135
1767630877544,135,200,true,170,170,135
1767630877545,135,200,true,170,170,135
1767630877546,135,200,true,170,170,135
1767630877546,136,200,true,170,170,136
1767630877547,135,200,true,170,170,135
1767630877548,135,200,true,170,170,135
1767630877549,135,200,true,170,170,135
1767630877550,135,200,true,170,170,135
1767630877551,135,200,true,170,170,135
1767630877552,135,200,true,170,170,135
1767630877553,135,200,true,170,170,135
1767630877554,135,200,true,170,170,135
1767630877555,135,200,true,170,170,135
1767630877556,135,200,true,170,170,135
1767630877556,136,200,true,170,170,136
1767630877557,135,200,true,170,170,135
1767630877558,135,200,true,170,170,135
1767630877559,136,200,true,170,170,136
1767630877561,135,200,true,170,170,135
1767630877561,136,200,true,170,170,136
1767630877562,136,200,true,170,170,136
1767630877563,135,200,true,170,170,135
1767630877564,135,200,true,170,170,135
1767630877565,135,200,true,170,170,135
1767630877566,135,200,true,170,170,135
1767630877567,135,200,true,170,170,135
1767630877568,135,200,true,170,170,135
1767630877569,135,200,true,170,170,135
1767630877570,135,200,true,170,170,135
1767630877570,136,200,true,170,170,136
1767630877571,136,200,true,170,170,136
1767630877572,135,200,true,170,170,135
1767630877573,135,200,true,170,170,135
1767630877574,135,200,true,170,170,135
1767630877575,135,200,true,170,170,135
1767630877576,135,200,true,170,170,135
1767630877577,135,200,true,170,170,135
1767630877578,135,200,true,170,170,135
1767630877579,135,200,true,170,170,135
1767630877580,135,200,true,170,170,135
1767630877581,135,200,true,170,170,135
1767630877582,135,200,true,170,170,135
1767630877583,135,200,true,170,170,135
1767630877584,135,200,true,170,170,135
1767630877585,135,200,true,170,170,135
1767630877585,135,200,true,170,170,135
1767630877586,135,200,true,170,170,135
1767630877587,135,200,true,170,170,135
1767630877588,135,200,true,170,170,135
1767630877589,135,200,true,170,170,135
1767630877590,135,200,true,170,170,135
1767630877591,135,200,true,170,170,135
1767630877452,275,200,true,170,170,275
1767630868701,9028,200,true,170,170,9028
1767630877593,136,200,true,170,170,136
1767630877594,136,200,true,170,170,136
1767630877595,136,200,true,170,170,136
1767630877596,136,200,true,170,170,136
1767630877597,136,200,true,170,170,136
1767630877598,136,200,true,170,170,136
1767630877599,136,200,true,170,170,136
1767630877600,136,200,true,170,170,136
1767630877601,136,200,true,170,170,136
1767630877601,136,200,true,170,170,136
1767630877602,136,200,true,170,170,136
1767630877603,136,200,true,170,170,136
1767630877604,136,200,true,170,170,136
1767630877605,136,200,true,170,170,136
1767630877606,136,200,true,170,170,136
1767630877607,136,200,true,170,170,136
1767630877608,136,200,true,170,170,136
1767630877609,136,200,true,170,170,136
1767630877610,136,200,true,170,170,136
1767630877610,137,200,true,170,170,137
1767630877612,136,200,true,170,170,136
1767630877613,136,200,true,170,170,136
1767630877614,135,200,true,170,170,135
1767630877614,136,200,true,170,170,136
1767630877615,136,200,true,170,170,136
1767630877616,136,200,true,170,170,136
1767630877617,136,200,true,170,170,136
1767630877618,136,200,true,170,170,136
1767630877619,136,200,true,170,170,136
1767630877620,136,200,true,170,170,136
1767630877621,136,200,true,170,170,136
1767630877622,136,200,true,170,170,136
1767630877623,135,200,true,170,170,135
1767630877624,135,200,true,170,170,135
1767630877624,136,200,true,170,170,136
1767630877625,136,200,true,170,170,136
1767630877626,136,200,true,170,170,136
1767630877627,136,200,true,170,170,136
1767630877628,136,200,true,170,170,136
1767630877629,136,200,true,170,170,136
1767630877630,136,200,true,170,170,136
1767630877631,136,200,true,170,170,136
1767630877632,136,200,true,170,170,136
1767630877633,136,200,true,170,170,136
1767630877634,136,200,true,170,170,136
1767630877635,135,200,true,170,170,135
1767630877635,136,200,true,170,170,136
1767630877636,136,200,true,170,170,136
1767630877637,136,200,true,170,170,136
1767630877638,136,200,true,170,170,136
1767630877639,136,200,true,170,170,136
1767630877640,136,200,true,170,170,136
1767630877641,136,200,true,170,170,136
1767630877642,136,200,true,170,170,136
1767630877643,136,200,true,170,170,136
1767630877644,136,200,true,170,170,136
1767630877644,137,200,true,170,170,137
1767630877646,136,200,true,170,170,136
1767630877647,135,200,true,170,170,135
1767630877648,135,200,true,170,170,135
1767630877649,135,200,true,170,170,135
1767630877649,136,200,true,170,170,136
1767630877650,136,200,true,170,170,136
1767630877651,136,200,true,170,170,136
1767630877652,136,200,true,170,170,136
1767630877653,136,200,true,170,170,136
1767630877654,136,200,true,170,170,136
1767630877655,136,200,true,170,170,136
1767630877656,136,200,true,170,170,136
1767630877657,136,200,true,170,170,136
1767630877657,136,200,true,170,170,136
1767630877658,136,200,true,170,170,136
1767630877659,136,200,true,170,170,136
1767630877660,136,200,true,170,170,136
1767630877661,136,200,true,170,170,136
1767630877662,136,200,true,170,170,136
1767630877663,136,200,true,170,170,136
1767630877664,136,200,true,170,170,136
1767630877665,136,200,true,170,170,136
1767630877666,136,200,true,170,170,136
1767630877667,136,200,true,170,170,136
1767630877668,136,200,true,170,170,136
1767630877669,136,200,true,170,170,135
1767630877670,135,200,true,170,170,135
1767630877670,136,200,true,170,170,136
1767630877671,136,200,true,170,170,136
1767630877672,136,200,true,170,170,136
1767630877673,136,200,true,170,170,136
1767630877674,136,200,true,170,170,136
1767630877675,136,200,true,170,170,136
1767630877676,136,200,true,170,170,136
1767630877677,136,200,true,170,170,136
1767630877678,136,200,true,170,170,136
1767630877679,136,200,true,170,170,136
1767630877680,136,200,true,170,170,136
1767630877681,136,200,true,170,170,136
1767630877682,135,200,true,170,170,135
1767630877682,136,200,true,170,170,136
1767630877683,136,200,true,170,170,136
1767630877684,136,200,true,170,170,136
1767630877685,136,200,true,170,170,136
1767630877686,136,200,true,170,170,136
1767630877687,136,200,true,170,170,136
1767630877688,136,200,true,170,170,136
1767630877689,136,200,true,170,170,136
1767630877690,136,200,true,170,170,136
1767630877691,135,200,true,170,170,135
1767630877692,135,200,true,170,170,135
1767630877692,136,200,true,170,170,136
1767630877693,136,200,true,170,170,136
1767630877695,135,200,true,170,170,135
1767630877696,135,200,true,170,170,135
1767630877697,135,200,true,170,170,135
1767630877698,135,200,true,170,170,135
1767630877698,136,200,true,170,170,136
1767630877699,136,200,true,170,170,136
1767630877700,136,200,true,170,170,136
1767630877701,136,200,true,170,170,136
1767630877702,136,200,true,170,170,136
1767630877703,136,200,true,170,170,136
1767630877704,136,200,true,170,170,136
1767630877705,135,200,true,170,170,135
1767630877706,135,200,true,170,170,135
1767630877707,135,200,true,170,170,135
1767630877708,135,200,true,170,170,135
1767630877708,136,200,true,170,170,136
1767630877709,136,200,true,170,170,136
1767630877710,136,200,true,170,170,136
1767630877711,136,200,true,170,170,136
1767630877712,136,200,true,170,170,136
1767630877713,136,200,true,170,170,136
1767630877714,136,200,true,170,170,136
1767630877715,136,200,true,170,170,136
1767630877716,136,200,true,170,170,136
1767630877717,135,200,true,170,170,135
1767630877718,135,200,true,170,170,135
1767630877719,135,200,true,170,170,135
1767630877720,135,200,true,170,170,135
1767630877721,135,200,true,170,170,135
1767630877721,136,200,true,170,170,136
1767630877722,136,200,true,170,170,136
1767630877723,136,200,true,170,170,136
1767630877724,136,200,true,170,170,136
1767630877725,136,200,true,170,170,136
1767630877726,136,200,true,170,170,136
1767630877727,135,200,true,170,170,135
1767630877592,272,200,true,170,170,272
1767630868699,9167,200,true,170,170,9167
1767630877729,137,200,true,170,170,137
1767630877730,137,200,true,170,170,137
1767630877731,136,200,true,170,170,136
1767630877732,136,200,true,170,170,136
1767630877733,136,200,true,170,170,136
1767630877734,136,200,true,170,170,136
1767630877735,136,200,true,170,170,136
1767630877736,136,200,true,170,170,136
1767630877737,136,200,true,170,170,136
1767630877738,136,200,true,170,170,136
1767630877738,137,200,true,170,170,137
1767630877739,137,200,true,170,170,137
1767630877740,136,200,true,170,170,136
1767630877741,136,200,true,170,170,136
1767630877742,136,200,true,170,170,136
1767630877743,136,200,true,170,170,136
1767630877744,136,200,true,170,170,136
1767630877745,136,200,true,170,170,136
1767630877746,136,200,true,170,170,136
1767630877747,136,200,true,170,170,136
1767630877748,136,200,true,170,170,136
1767630877749,136,200,true,170,170,136
1767630877750,136,200,true,170,170,136
1767630877750,137,200,true,170,170,137
1767630877751,137,200,true,170,170,137
1767630877752,137,200,true,170,170,137
1767630877753,136,200,true,170,170,136
1767630877754,136,200,true,170,170,136
1767630877755,136,200,true,170,170,136
1767630877756,136,200,true,170,170,136
1767630877757,136,200,true,170,170,136
1767630877758,136,200,true,170,170,136
1767630877759,136,200,true,170,170,136
1767630877759,137,200,true,170,170,137
1767630877760,137,200,true,170,170,137
1767630877761,137,200,true,170,170,137
1767630877762,137,200,true,170,170,137
1767630877764,136,200,true,170,170,136
1767630877764,136,200,true,170,170,136
1767630877765,136,200,true,170,170,136
1767630877766,136,200,true,170,170,136
1767630877767,136,200,true,170,170,136
1767630877768,136,200,true,170,170,136
1767630877769,136,200,true,170,170,136
1767630877770,136,200,true,170,170,136
1767630877771,136,200,true,170,170,136
1767630877771,137,200,true,170,170,137
1767630877772,136,200,true,170,170,136
1767630877773,136,200,true,170,170,136
1767630877774,136,200,true,170,170,136
1767630877775,136,200,true,170,170,136
1767630877776,136,200,true,170,170,136
1767630877777,136,200,true,170,170,136
1767630877778,136,200,true,170,170,136
1767630877779,136,200,true,170,170,136
1767630877780,136,200,true,170,170,136
1767630877781,136,200,true,170,170,136
1767630877782,136,200,true,170,170,136
1767630877783,136,200,true,170,170,136
1767630877784,135,200,true,170,170,135
1767630877784,136,200,true,170,170,136
1767630877785,136,200,true,170,170,136
1767630877786,136,200,true,170,170,136
1767630877787,136,200,true,170,170,136
1767630877788,136,200,true,170,170,136
1767630877789,136,200,true,170,170,136
1767630877790,136,200,true,170,170,136
1767630877791,136,200,true,170,170,136
1767630877792,136,200,true,170,170,136
1767630877793,136,200,true,170,170,136
1767630877793,137,200,true,170,170,137
1767630877794,137,200,true,170,170,137
1767630877795,137,200,true,170,170,137
1767630877796,137,200,true,170,170,137
1767630877797,137,200,true,170,170,137
1767630877798,136,200,true,170,170,136
1767630877799,136,200,true,170,170,136
1767630877800,136,200,true,170,170,136
1767630877801,136,200,true,170,170,136
1767630877802,136,200,true,170,170,136
1767630877803,136,200,true,170,170,136
1767630877804,136,200,true,170,170,136
1767630877805,136,200,true,170,170,136
1767630877805,137,200,true,170,170,137
1767630877806,137,200,true,170,170,137
1767630877807,136,200,true,170,170,136
1767630877808,136,200,true,170,170,136
1767630877809,136,200,true,170,170,136
1767630877810,136,200,true,170,170,136
1767630877811,137,200,true,170,170,137
1767630877812,136,200,true,170,170,136
1767630877813,136,200,true,170,170,136
1767630877814,136,200,true,170,170,136
1767630877815,136,200,true,170,170,136
1767630877816,136,200,true,170,170,136
1767630877817,136,200,true,170,170,136
1767630877817,137,200,true,170,170,137
1767630877818,137,200,true,170,170,137
1767630877819,136,200,true,170,170,136
1767630877820,136,200,true,170,170,136
1767630877821,136,200,true,170,170,136
1767630877822,136,200,true,170,170,136
1767630877823,136,200,true,170,170,136
1767630877824,136,200,true,170,170,136
1767630877825,136,200,true,170,170,136
1767630877826,136,200,true,170,170,136
1767630877826,137,200,true,170,170,137
1767630877827,137,200,true,170,170,137
1767630877828,137,200,true,170,170,137
1767630877829,137,200,true,170,170,137
1767630877831,136,200,true,170,170,136
1767630877831,136,200,true,170,170,136
1767630877832,136,200,true,170,170,136
1767630877833,136,200,true,170,170,136
1767630877834,136,200,true,170,170,136
1767630877835,136,200,true,170,170,136
1767630877836,136,200,true,170,170,136
1767630877837,136,200,true,170,170,136
1767630877838,136,200,true,170,170,136
1767630877839,136,200,true,170,170,136
1767630877840,136,200,true,170,170,136
1767630877840,136,200,true,170,170,136
1767630877841,136,200,true,170,170,136
1767630877842,136,200,true,170,170,136
1767630877843,136,200,true,170,170,136
1767630877844,136,200,true,170,170,136
1767630877845,136,200,true,170,170,136
1767630877846,136,200,true,170,170,136
1767630877847,136,200,true,170,170,136
1767630877848,136,200,true,170,170,136
1767630877849,136,200,true,170,170,136
1767630877850,136,200,true,170,170,136
1767630877851,136,200,true,170,170,136
1767630877852,136,200,true,170,170,136
1767630877853,136,200,true,170,170,136
1767630877853,137,200,true,170,170,137
1767630877854,136,200,true,170,170,136
1767630877855,136,200,true,170,170,136
1767630877856,136,200,true,170,170,136
1767630877857,136,200,true,170,170,136
1767630877858,136,200,true,170,170,136
1767630877859,136,200,true,170,170,136
1767630877860,136,200,true,170,170,136
1767630877861,136,200,true,170,170,136
1767630877862,136,200,true,170,170,136
1767630877862,137,200,true,170,170,137
1767630877864,136,200,true,170,170,136
1767630877728,273,200,true,170,170,273
1767630868687,9316,200,true,170,170,9316
1767630877866,137,200,true,170,170,137
1767630877867,137,200,true,170,170,137
1767630877868,137,200,true,170,170,137
1767630877868,138,200,true,170,170,138
1767630877869,138,200,true,170,170,138
1767630877870,137,200,true,170,170,137
1767630877871,137,200,true,170,170,137
1767630877872,137,200,true,170,170,137
1767630877873,137,200,true,170,170,137
1767630877874,137,200,true,170,170,137
1767630877875,137,200,true,170,170,137
1767630877876,137,200,true,170,170,137
1767630877877,137,200,true,170,170,137
1767630877877,138,200,true,170,170,138
1767630877878,138,200,true,170,170,138
1767630877879,138,200,true,170,170,138
1767630877880,138,200,true,170,170,138
1767630877881,138,200,true,170,170,138
1767630877882,137,200,true,170,170,137
1767630877883,137,200,true,170,170,137
1767630877884,137,200,true,170,170,137
1767630877885,137,200,true,170,170,137
1767630877886,137,200,true,170,170,137
1767630877887,137,200,true,170,170,137
1767630877888,137,200,true,170,170,137
1767630877889,137,200,true,170,170,137
1767630877889,138,200,true,170,170,138
1767630877890,138,200,true,170,170,138
1767630877891,138,200,true,170,170,138
1767630877892,137,200,true,170,170,137
1767630877893,138,200,true,170,170,138
1767630877894,137,200,true,170,170,137
1767630877895,137,200,true,170,170,137
1767630877896,137,200,true,170,170,137
1767630877897,137,200,true,170,170,137
1767630877898,137,200,true,170,170,137
1767630877899,137,200,true,170,170,137
1767630877900,137,200,true,170,170,137
1767630877901,137,200,true,170,170,137
1767630877901,138,200,true,170,170,138
1767630877902,138,200,true,170,170,138
1767630877903,137,200,true,170,170,137
1767630877904,137,200,true,170,170,137
1767630877905,137,200,true,170,170,137
1767630877906,137,200,true,170,170,137
1767630877907,137,200,true,170,170,137
1767630877908,137,200,true,170,170,137
1767630877908,138,200,true,170,170,138
1767630877909,138,200,true,170,170,138
1767630877910,138,200,true,170,170,138
1767630877911,138,200,true,170,170,138
1767630877912,138,200,true,170,170,138
1767630877913,138,200,true,170,170,138
1767630877914,137,200,true,170,170,137
1767630877915,137,200,true,170,170,137
1767630877916,137,200,true,170,170,137
1767630877917,137,200,true,170,170,137
1767630877918,137,200,true,170,170,137
1767630877919,137,200,true,170,170,137
1767630877920,137,200,true,170,170,137
1767630877920,138,200,true,170,170,138
1767630877921,138,200,true,170,170,138
1767630877922,138,200,true,170,170,138
1767630877923,138,200,true,170,170,138
1767630877924,137,200,true,170,170,137
1767630877925,137,200,true,170,170,137
1767630877926,137,200,true,170,170,137
1767630877927,138,200,true,170,170,138
1767630877928,137,200,true,170,170,137
1767630877929,137,200,true,170,170,137
1767630877930,137,200,true,170,170,137
1767630877931,137,200,true,170,170,137
1767630877932,137,200,true,170,170,137
1767630877933,137,200,true,170,170,137
1767630877934,137,200,true,170,170,137
1767630877935,137,200,true,170,170,137
1767630877935,138,200,true,170,170,138
1767630877936,137,200,true,170,170,137
1767630877937,137,200,true,170,170,137
1767630877938,137,200,true,170,170,137
1767630877939,137,200,true,170,170,137
1767630877940,137,200,true,170,170,137
1767630877941,137,200,true,170,170,137
1767630877942,137,200,true,170,170,137
1767630877943,137,200,true,170,170,137
1767630877944,137,200,true,170,170,137
1767630877944,138,200,true,170,170,138
1767630877945,138,200,true,170,170,138
1767630877946,138,200,true,170,170,138
1767630877948,137,200,true,170,170,137
1767630877948,138,200,true,170,170,138
1767630877949,138,200,true,170,170,138
1767630877950,137,200,true,170,170,137
1767630877951,137,200,true,170,170,137
1767630877952,137,200,true,170,170,137
1767630877953,137,200,true,170,170,137
1767630877954,137,200,true,170,170,137
1767630877955,137,200,true,170,170,137
1767630877955,138,200,true,170,170,138
1767630877956,138,200,true,170,170,138
1767630877957,138,200,true,170,170,138
1767630877958,138,200,true,170,170,138
1767630877959,138,200,true,170,170,138
1767630877960,138,200,true,170,170,138
1767630877961,138,200,true,170,170,138
1767630877962,138,200,true,170,170,138
1767630877963,138,200,true,170,170,138
1767630877964,137,200,true,170,170,137
1767630877965,137,200,true,170,170,137
1767630877966,137,200,true,170,170,137
1767630877967,137,200,true,170,170,137
1767630877968,137,200,true,170,170,137
1767630877968,138,200,true,170,170,138
1767630877969,138,200,true,170,170,138
1767630877970,138,200,true,170,170,138
1767630877971,138,200,true,170,170,138
1767630877972,138,200,true,170,170,138
1767630877973,138,200,true,170,170,138
1767630877974,137,200,true,170,170,137
1767630877975,137,200,true,170,170,137
1767630877976,137,200,true,170,170,137
1767630877977,137,200,true,170,170,137
1767630877977,138,200,true,170,170,138
1767630877978,138,200,true,170,170,138
1767630877979,138,200,true,170,170,138
1767630877980,138,200,true,170,170,138
1767630877981,138,200,true,170,170,138
1767630877982,138,200,true,170,170,138
1767630877983,138,200,true,170,170,138
1767630877984,138,200,true,170,170,138
1767630877985,138,200,true,170,170,138
1767630877986,138,200,true,170,170,138
1767630877987,137,200,true,170,170,137
1767630877988,137,200,true,170,170,137
1767630877989,137,200,true,170,170,137
1767630877990,137,200,true,170,170,137
1767630877991,137,200,true,170,170,137
1767630877991,138,200,true,170,170,138
1767630877992,138,200,true,170,170,138
1767630877993,138,200,true,170,170,138
1767630877994,138,200,true,170,170,138
1767630877995,138,200,true,170,170,138
1767630877996,138,200,true,170,170,138
1767630877997,138,200,true,170,170,138
1767630877998,138,200,true,170,170,138
1767630877999,138,200,true,170,170,138
1767630878000,138,200,true,170,170,138
1767630878001,137,200,true,170,170,137
1767630877865,274,200,true,170,170,274
1767630868697,9444,200,true,170,170,9444
1767630878003,138,200,true,170,170,138
1767630878004,138,200,true,170,170,138
1767630878005,138,200,true,170,170,138
1767630878006,138,200,true,170,170,138
1767630878007,138,200,true,170,170,138
1767630878007,139,200,true,170,170,139
1767630878008,139,200,true,170,170,139
1767630878009,139,200,true,170,170,139
1767630878010,139,200,true,170,170,139
1767630878011,139,200,true,170,170,139
1767630878012,139,200,true,170,170,139
1767630878013,139,200,true,170,170,139
1767630878014,139,200,true,170,170,139
1767630878015,139,200,true,170,170,139
1767630878016,139,200,true,170,170,139
1767630878017,138,200,true,170,170,138
1767630878018,138,200,true,170,170,138
1767630878019,138,200,true,170,170,138
1767630878019,139,200,true,170,170,139
1767630878020,139,200,true,170,170,139
1767630878021,139,200,true,170,170,139
1767630878022,139,200,true,170,170,139
1767630878023,139,200,true,170,170,139
1767630878024,139,200,true,170,170,139
1767630878025,139,200,true,170,170,139
1767630878026,139,200,true,170,170,139
1767630878027,139,200,true,170,170,139
1767630878028,139,200,true,170,170,139
1767630878029,139,200,true,170,170,139
1767630878029,140,200,true,170,170,140
1767630878031,139,200,true,170,170,139
1767630878032,139,200,true,170,170,139
1767630878032,139,200,true,170,170,139
1767630878033,139,200,true,170,170,139
1767630878034,139,200,true,170,170,139
1767630878035,139,200,true,170,170,139
1767630878036,139,200,true,170,170,139
1767630878037,139,200,true,170,170,139
1767630878038,139,200,true,170,170,139
1767630878039,139,200,true,170,170,139
1767630878040,139,200,true,170,170,139
1767630878041,138,200,true,170,170,138
1767630878041,139,200,true,170,170,139
1767630878042,139,200,true,170,170,139
1767630878043,139,200,true,170,170,139
1767630878044,139,200,true,170,170,139
1767630878045,139,200,true,170,170,139
1767630878046,139,200,true,170,170,139
1767630878047,139,200,true,170,170,139
1767630878048,139,200,true,170,170,139
1767630878049,139,200,true,170,170,139
1767630878050,139,200,true,170,170,139
1767630878051,139,200,true,170,170,139
1767630878052,139,200,true,170,170,139
1767630878052,140,200,true,170,170,140
1767630878053,140,200,true,170,170,140
1767630878054,140,200,true,170,170,140
1767630878055,139,200,true,170,170,139
1767630878056,139,200,true,170,170,139
1767630878057,139,200,true,170,170,139
1767630878058,139,200,true,170,170,139
1767630878059,139,200,true,170,170,139
1767630878060,139,200,true,170,170,139
1767630878061,139,200,true,170,170,139
1767630878061,140,200,true,170,170,140
1767630878062,140,200,true,170,170,140
1767630878063,140,200,true,170,170,140
1767630878065,139,200,true,170,170,139
1767630878065,140,200,true,170,170,140
1767630878066,140,200,true,170,170,140
1767630878067,140,200,true,170,170,140
1767630878068,139,200,true,170,170,139
1767630878069,139,200,true,170,170,139
1767630878070,139,200,true,170,170,139
1767630878071,139,200,true,170,170,139
1767630878072,139,200,true,170,170,139
1767630878073,139,200,true,170,170,139
1767630878074,139,200,true,170,170,139
1767630878074,140,200,true,170,170,140
1767630878075,140,200,true,170,170,140
1767630878076,140,200,true,170,170,140
1767630878077,140,200,true,170,170,140
1767630878078,140,200,true,170,170,140
1767630878079,140,200,true,170,170,140
1767630878080,139,200,true,170,170,139
1767630878081,139,200,true,170,170,139
1767630878082,139,200,true,170,170,139
1767630878083,139,200,true,170,170,139
1767630878084,139,200,true,170,170,139
1767630878085,139,200,true,170,170,139
1767630878086,139,200,true,170,170,139
1767630878087,139,200,true,170,170,139
1767630878087,140,200,true,170,170,140
1767630878088,140,200,true,170,170,140
1767630878089,140,200,true,170,170,140
1767630878090,139,200,true,170,170,139
1767630878091,139,200,true,170,170,139
1767630878092,139,200,true,170,170,139
1767630878093,139,200,true,170,170,139
1767630878094,139,200,true,170,170,139
1767630878095,139,200,true,170,170,139
1767630878096,139,200,true,170,170,139
1767630878097,139,200,true,170,170,139
1767630878098,139,200,true,170,170,139
1767630878099,139,200,true,170,170,139
1767630878100,139,200,true,170,170,139
1767630878101,139,200,true,170,170,139
1767630878102,139,200,true,170,170,139
1767630878102,139,200,true,170,170,139
1767630878103,139,200,true,170,170,139
1767630878104,139,200,true,170,170,139
1767630878105,139,200,true,170,170,139
1767630878106,139,200,true,170,170,139
1767630878107,139,200,true,170,170,139
1767630878108,139,200,true,170,170,139
1767630878109,139,200,true,170,170,139
1767630878110,139,200,true,170,170,139
1767630878111,139,200,true,170,170,139
1767630878111,140,200,true,170,170,140
1767630878112,140,200,true,170,170,140
1767630878113,140,200,true,170,170,140
1767630878115,138,200,true,170,170,138
1767630878115,139,200,true,170,170,139
1767630878116,139,200,true,170,170,139
1767630878117,139,200,true,170,170,139
1767630878118,139,200,true,170,170,139
1767630878119,139,200,true,170,170,139
1767630878120,139,200,true,170,170,139
1767630878121,139,200,true,170,170,139
1767630878122,139,200,true,170,170,139
1767630878123,138,200,true,170,170,138
1767630878124,138,200,true,170,170,138
1767630878125,138,200,true,170,170,138
1767630878125,139,200,true,170,170,139
1767630878126,139,200,true,170,170,139
1767630878127,139,200,true,170,170,139
1767630878128,139,200,true,170,170,139
1767630878129,139,200,true,170,170,139
1767630878130,139,200,true,170,170,139
1767630878131,139,200,true,170,170,139
1767630878132,139,200,true,170,170,139
1767630878133,139,200,true,170,170,139
1767630878134,139,200,true,170,170,139
1767630878135,139,200,true,170,170,139
1767630878136,139,200,true,170,170,139
1767630878137,138,200,true,170,170,138
1767630878138,138,200,true,170,170,138
1767630878139,138,200,true,170,170,138
1767630878140,138,200,true,170,170,138
1767630878002,277,200,true,170,170,277
1767630868738,9543,200,true,170,170,9543
1767630878141,140,200,true,170,170,140
1767630878142,140,200,true,170,170,140
1767630878143,140,200,true,170,170,140
1767630878144,140,200,true,170,170,140
1767630878145,140,200,true,170,170,140
1767630878146,140,200,true,170,170,140
1767630878147,140,200,true,170,170,140
1767630878148,140,200,true,170,170,140
1767630878149,140,200,true,170,170,140
1767630878150,139,200,true,170,170,139
1767630878151,139,200,true,170,170,139
1767630878152,139,200,true,170,170,139
1767630878153,139,200,true,170,170,139
1767630878154,139,200,true,170,170,139
1767630878155,139,200,true,170,170,139
1767630878155,140,200,true,170,170,140
1767630878156,140,200,true,170,170,140
1767630878157,140,200,true,170,170,140
1767630878158,140,200,true,170,170,140
1767630878159,139,200,true,170,170,139
1767630878160,139,200,true,170,170,139
1767630878161,140,200,true,170,170,140
1767630878162,140,200,true,170,170,140
1767630878163,139,200,true,170,170,139
1767630878164,139,200,true,170,170,139
1767630878165,139,200,true,170,170,139
1767630878166,139,200,true,170,170,139
1767630878167,139,200,true,170,170,139
1767630878168,139,200,true,170,170,139
1767630878169,139,200,true,170,170,139
1767630878170,139,200,true,170,170,139
1767630878171,139,200,true,170,170,139
1767630878172,138,200,true,170,170,138
1767630878172,139,200,true,170,170,139
1767630878173,139,200,true,170,170,139
1767630878174,139,200,true,170,170,139
1767630878175,139,200,true,170,170,139
1767630878176,139,200,true,170,170,139
1767630878177,139,200,true,170,170,139
1767630878178,139,200,true,170,170,139
1767630878179,139,200,true,170,170,139
1767630878180,139,200,true,170,170,139
1767630878180,140,200,true,170,170,140
1767630878181,140,200,true,170,170,140
1767630878183,138,200,true,170,170,138
1767630878183,139,200,true,170,170,139
1767630878184,139,200,true,170,170,139
1767630878185,139,200,true,170,170,139
1767630878186,139,200,true,170,170,139
1767630878187,139,200,true,170,170,139
1767630878188,139,200,true,170,170,139
1767630878189,139,200,true,170,170,139
1767630878190,138,200,true,170,170,138
1767630878191,138,200,true,170,170,138
1767630878192,138,200,true,170,170,138
1767630878193,138,200,true,170,170,138
1767630878194,138,200,true,170,170,138
1767630878194,139,200,true,170,170,139
1767630878195,139,200,true,170,170,139
1767630878196,139,200,true,170,170,139
1767630878197,139,200,true,170,170,139
1767630878198,139,200,true,170,170,139
1767630878199,139,200,true,170,170,139
1767630878200,139,200,true,170,170,139
1767630878201,139,200,true,170,170,139
1767630878202,139,200,true,170,170,138
1767630878203,138,200,true,170,170,138
1767630878204,138,200,true,170,170,138
1767630878205,139,200,true,170,170,139
1767630878206,138,200,true,170,170,138
1767630878207,138,200,true,170,170,138
1767630878207,139,200,true,170,170,139
1767630878208,139,200,true,170,170,139
1767630878209,139,200,true,170,170,139
1767630878210,139,200,true,170,170,139
1767630878211,138,200,true,170,170,138
1767630878212,139,200,true,170,170,139
1767630878213,139,200,true,170,170,139
1767630878214,138,200,true,170,170,138
1767630878215,138,200,true,170,170,138
1767630878216,138,200,true,170,170,138
1767630878217,138,200,true,170,170,138
1767630878218,138,200,true,170,170,138
1767630878219,138,200,true,170,170,138
1767630878219,139,200,true,170,170,139
1767630878220,139,200,true,170,170,139
1767630878221,139,200,true,170,170,139
1767630878222,138,200,true,170,170,138
1767630878223,138,200,true,170,170,138
1767630878224,138,200,true,170,170,138
1767630878225,138,200,true,170,170,138
1767630878226,138,200,true,170,170,138
1767630878227,138,200,true,170,170,138
1767630878228,138,200,true,170,170,138
1767630878229,138,200,true,170,170,138
1767630878229,139,200,true,170,170,139
1767630878230,139,200,true,170,170,139
1767630878231,139,200,true,170,170,139
1767630878232,139,200,true,170,170,139
1767630878233,139,200,true,170,170,139
1767630878234,138,200,true,170,170,138
1767630878235,138,200,true,170,170,138
1767630878236,138,200,true,170,170,138
1767630878237,138,200,true,170,170,138
1767630878238,138,200,true,170,170,138
1767630878239,138,200,true,170,170,138
1767630878240,138,200,true,170,170,138
1767630878241,138,200,true,170,170,138
1767630878241,139,200,true,170,170,139
1767630878242,138,200,true,170,170,138
1767630878243,138,200,true,170,170,138
1767630878244,138,200,true,170,170,138
1767630878245,139,200,true,170,170,139
1767630878246,138,200,true,170,170,138
1767630878247,138,200,true,170,170,138
1767630878248,138,200,true,170,170,138
1767630878249,138,200,true,170,170,138
1767630878250,138,200,true,170,170,138
1767630878251,138,200,true,170,170,138
1767630878252,138,200,true,170,170,138
1767630878253,138,200,true,170,170,138
1767630878253,139,200,true,170,170,139
1767630878254,139,200,true,170,170,139
1767630878255,138,200,true,170,170,138
1767630878256,138,200,true,170,170,138
1767630878257,138,200,true,170,170,138
1767630878258,138,200,true,170,170,138
1767630878259,138,200,true,170,170,138
1767630878260,138,200,true,170,170,138
1767630878261,138,200,true,170,170,138
1767630878262,138,200,true,170,170,138
1767630878262,139,200,true,170,170,139
1767630878263,139,200,true,170,170,139
1767630878264,139,200,true,170,170,139
1767630878265,139,200,true,170,170,139
1767630878266,138,200,true,170,170,138
1767630878267,138,200,true,170,170,138
1767630878268,138,200,true,170,170,138
1767630878269,138,200,true,170,170,138
1767630878270,138,200,true,170,170,138
1767630878271,138,200,true,170,170,138
1767630878272,138,200,true,170,170,138
1767630878273,138,200,true,170,170,138
1767630878274,138,200,true,170,170,138
1767630878275,138,200,true,170,170,138
1767630878275,138,200,true,170,170,138
1767630878276,138,200,true,170,170,138
1767630878277,138,200,true,170,170,138
1767630878278,138,200,true,170,170,138
1767630878279,138,200,true,170,170,138
1767630878141,277,200,true,170,170,277
1767630868698,9721,200,true,170,170,9721
1767630878281,139,200,true,170,170,139
1767630878282,139,200,true,170,170,139
1767630878283,139,200,true,170,170,139
1767630878284,139,200,true,170,170,139
1767630878285,139,200,true,170,170,139
1767630878286,139,200,true,170,170,139
1767630878287,139,200,true,170,170,139
1767630878288,139,200,true,170,170,139
1767630878289,139,200,true,170,170,139
1767630878289,139,200,true,170,170,139
1767630878290,139,200,true,170,170,139
1767630878291,139,200,true,170,170,139
1767630878292,139,200,true,170,170,139
1767630878293,139,200,true,170,170,139
1767630878294,139,200,true,170,170,139
1767630878295,139,200,true,170,170,139
1767630878296,139,200,true,170,170,139
1767630878297,139,200,true,170,170,139
1767630878298,139,200,true,170,170,139
1767630878299,139,200,true,170,170,139
1767630878299,140,200,true,170,170,140
1767630878301,139,200,true,170,170,139
1767630878302,138,200,true,170,170,138
1767630878302,139,200,true,170,170,139
1767630878303,139,200,true,170,170,139
1767630878304,139,200,true,170,170,139
1767630878305,139,200,true,170,170,139
1767630878306,139,200,true,170,170,139
1767630878307,139,200,true,170,170,139
1767630878308,139,200,true,170,170,139
1767630878309,139,200,true,170,170,139
1767630878310,138,200,true,170,170,138
1767630878310,139,200,true,170,170,139
1767630878311,140,200,true,170,170,140
1767630878312,140,200,true,170,170,140
1767630878313,139,200,true,170,170,139
1767630878314,139,200,true,170,170,139
1767630878315,139,200,true,170,170,139
1767630878316,139,200,true,170,170,139
1767630878317,139,200,true,170,170,139
1767630878318,139,200,true,170,170,139
1767630878319,139,200,true,170,170,139
1767630878320,139,200,true,170,170,139
1767630878321,139,200,true,170,170,139
1767630878321,139,200,true,170,170,139
1767630878322,139,200,true,170,170,139
1767630878323,139,200,true,170,170,139
1767630878324,139,200,true,170,170,139
1767630878325,139,200,true,170,170,139
1767630878326,139,200,true,170,170,139
1767630878327,139,200,true,170,170,139
1767630878328,139,200,true,170,170,139
1767630878329,139,200,true,170,170,139
1767630878329,140,200,true,170,170,140
1767630878330,140,200,true,170,170,140
1767630878331,140,200,true,170,170,140
1767630878332,140,200,true,170,170,140
1767630878333,139,200,true,170,170,139
1767630878334,139,200,true,170,170,139
1767630878335,139,200,true,170,170,139
1767630878336,139,200,true,170,170,139
1767630878337,139,200,true,170,170,139
1767630878338,139,200,true,170,170,139
1767630878339,139,200,true,170,170,139
1767630878340,139,200,true,170,170,139
1767630878341,139,200,true,170,170,139
1767630878341,139,200,true,170,170,139
1767630878342,139,200,true,170,170,139
1767630878344,138,200,true,170,170,138
1767630878344,140,200,true,170,170,140
1767630878345,139,200,true,170,170,139
1767630878346,139,200,true,170,170,139
1767630878347,139,200,true,170,170,139
1767630878348,139,200,true,170,170,139
1767630878349,139,200,true,170,170,139
1767630878349,140,200,true,170,170,140
1767630878351,139,200,true,170,170,139
1767630878352,139,200,true,170,170,139
1767630878352,140,200,true,170,170,140
1767630878353,139,200,true,170,170,139
1767630878354,139,200,true,170,170,139
1767630878355,139,200,true,170,170,139
1767630878356,139,200,true,170,170,139
1767630878357,139,200,true,170,170,139
1767630878358,139,200,true,170,170,139
1767630878359,139,200,true,170,170,139
1767630878360,139,200,true,170,170,139
1767630878360,140,200,true,170,170,140
1767630878361,140,200,true,170,170,140
1767630878362,140,200,true,170,170,140
1767630878363,140,200,true,170,170,140
1767630878364,140,200,true,170,170,140
1767630878365,139,200,true,170,170,139
1767630878366,139,200,true,170,170,139
1767630878367,139,200,true,170,170,139
1767630878368,139,200,true,170,170,139
1767630878369,139,200,true,170,170,139
1767630878370,139,200,true,170,170,139
1767630878371,139,200,true,170,170,139
1767630878372,139,200,true,170,170,139
1767630878372,140,200,true,170,170,140
1767630878373,140,200,true,170,170,140
1767630878374,139,200,true,170,170,139
1767630878375,139,200,true,170,170,139
1767630878376,139,200,true,170,170,139
1767630878377,139,200,true,170,170,139
1767630878378,139,200,true,170,170,139
1767630878379,139,200,true,170,170,139
1767630878380,139,200,true,170,170,139
1767630878380,140,200,true,170,170,140
1767630878382,139,200,true,170,170,139
1767630878382,140,200,true,170,170,140
1767630878384,139,200,true,170,170,139
1767630878384,140,200,true,170,170,140
1767630878385,140,200,true,170,170,140
1767630878386,140,200,true,170,170,140
1767630878387,140,200,true,170,170,140
1767630878388,140,200,true,170,170,140
1767630878389,140,200,true,170,170,140
1767630878390,140,200,true,170,170,140
1767630878391,140,200,true,170,170,140
1767630878392,140,200,true,170,170,139
1767630878393,139,200,true,170,170,139
1767630878393,141,200,true,170,170,141
1767630878394,141,200,true,170,170,141
1767630878395,141,200,true,170,170,141
1767630878396,141,200,true,170,170,141
1767630878397,141,200,true,170,170,141
1767630878398,141,200,true,170,170,141
1767630878399,141,200,true,170,170,141
1767630878400,141,200,true,170,170,141
1767630878401,141,200,true,170,170,141
1767630878402,140,200,true,170,170,140
1767630878403,140,200,true,170,170,140
1767630878404,140,200,true,170,170,140
1767630878404,141,200,true,170,170,141
1767630878405,141,200,true,170,170,141
1767630878406,141,200,true,170,170,141
1767630878407,141,200,true,170,170,141
1767630878408,141,200,true,170,170,141
1767630878409,141,200,true,170,170,141
1767630878410,141,200,true,169,169,141
1767630878411,141,200,true,169,169,141
1767630878412,141,200,true,169,169,141
1767630878413,141,200,true,169,169,141
1767630878414,141,200,true,169,169,141
1767630878414,142,200,true,169,169,142
1767630878415,142,200,true,169,169,142
1767630878416,142,200,true,169,169,142
1767630878417,141,200,true,169,169,141
1767630878418,141,200,true,169,169,141
1767630878280,280,200,true,169,169,280
1767630868699,9863,200,true,169,169,9863
1767630878420,142,200,true,169,169,142
1767630878421,142,200,true,169,169,142
1767630878422,142,200,true,169,169,142
1767630878423,142,200,true,169,169,142
1767630878424,142,200,true,169,169,142
1767630878425,142,200,true,169,169,142
1767630878426,142,200,true,169,169,142
1767630878427,142,200,true,169,169,142
1767630878428,142,200,true,169,169,142
1767630878429,142,200,true,168,168,142
1767630878429,143,200,true,168,168,143
1767630878430,142,200,true,167,167,142
1767630878431,142,200,true,166,166,142
1767630878432,142,200,true,166,166,142
1767630878433,142,200,true,165,165,142
1767630878434,142,200,true,165,165,142
1767630878435,142,200,true,165,165,142
1767630878436,142,200,true,165,165,142
1767630878437,142,200,true,165,165,142
1767630878438,142,200,true,165,165,142
1767630878439,142,200,true,165,165,142
1767630878440,141,200,true,164,164,141
1767630878441,141,200,true,163,163,141
1767630878441,142,200,true,163,163,142
1767630878442,142,200,true,162,162,142
1767630878443,142,200,true,162,162,142
1767630878444,142,200,true,162,162,142
1767630878445,142,200,true,162,162,142
1767630878446,142,200,true,162,162,142
1767630878447,142,200,true,162,162,142
1767630878448,142,200,true,161,161,142
1767630878449,142,200,true,160,160,142
1767630878449,143,200,true,159,159,143
1767630878451,141,200,true,158,158,141
1767630878452,141,200,true,157,157,141
1767630878453,141,200,true,157,157,141
1767630878453,142,200,true,156,156,142
1767630878454,142,200,true,156,156,142
1767630878455,142,200,true,155,155,142
1767630878456,142,200,true,155,155,142
1767630878457,142,200,true,154,154,142
1767630878458,142,200,true,153,153,142
1767630878459,141,200,true,153,153,141
1767630878463,143,200,true,152,152,143
1767630878462,144,200,true,152,152,144
1767630878461,145,200,true,152,152,145
1767630878460,146,200,true,152,152,146
1767630878460,146,200,true,152,152,146
1767630878464,142,200,true,152,152,142
1767630878465,142,200,true,148,148,142
1767630878466,142,200,true,147,147,142
1767630878467,142,200,true,147,147,142
1767630878468,142,200,true,146,146,142
1767630878469,142,200,true,145,145,142
1767630878470,142,200,true,145,145,142
1767630878471,141,200,true,145,145,141
1767630878472,141,200,true,145,145,141
1767630878472,142,200,true,145,145,142
1767630878473,142,200,true,145,145,142
1767630878474,142,200,true,144,144,142
1767630878475,142,200,true,144,144,142
1767630878476,142,200,true,143,143,142
1767630878477,142,200,true,143,143,142
1767630878478,142,200,true,142,142,142
1767630878479,142,200,true,142,142,142
1767630878480,142,200,true,142,142,142
1767630878481,142,200,true,142,142,142
1767630878481,143,200,true,141,141,143
1767630878482,143,200,true,140,140,143
1767630878484,141,200,true,140,140,141
1767630878485,141,200,true,139,139,141
1767630878485,142,200,true,138,138,142
1767630878486,142,200,true,138,138,142
1767630878487,142,200,true,138,138,142
1767630878488,142,200,true,137,137,142
1767630878489,142,200,true,136,136,142
1767630878490,142,200,true,135,135,142
1767630878491,142,200,true,135,135,142
1767630878492,141,200,true,135,135,141
1767630878493,141,200,true,134,134,141
1767630878493,142,200,true,133,133,142
1767630878494,143,200,true,133,133,143
1767630878495,142,200,true,132,132,142
1767630878496,142,200,true,131,131,142
1767630878497,142,200,true,130,130,142
1767630878498,142,200,true,129,129,142
1767630878499,142,200,true,128,128,142
1767630878500,142,200,true,127,127,142
1767630878501,142,200,true,126,126,142
1767630878502,142,200,true,125,125,142
1767630878503,142,200,true,124,124,142
1767630878504,141,200,true,123,123,141
1767630878504,142,200,true,123,123,142
1767630878505,142,200,true,122,122,142
1767630878506,142,200,true,122,122,142
1767630878507,142,200,true,122,122,142
1767630878508,142,200,true,121,121,142
1767630878509,142,200,true,120,120,142
1767630878510,142,200,true,120,120,142
1767630878511,142,200,true,119,119,142
1767630878512,142,200,true,118,118,142
1767630878513,142,200,true,117,117,142
1767630878513,143,200,true,117,117,143
1767630878514,143,200,true,116,116,143
1767630878515,143,200,true,116,116,143
1767630878516,142,200,true,115,115,142
1767630878517,142,200,true,115,115,142
1767630878518,142,200,true,114,114,142
1767630878519,142,200,true,113,113,142
1767630878520,142,200,true,112,112,142
1767630878521,142,200,true,112,112,142
1767630878522,142,200,true,111,111,142
1767630878523,142,200,true,110,110,142
1767630878524,142,200,true,110,110,142
1767630878525,142,200,true,109,109,142
1767630878526,141,200,true,108,108,141
1767630878527,141,200,true,107,107,141
1767630878528,142,200,true,106,106,142
1767630878529,141,200,true,105,105,141
1767630878530,141,200,true,104,104,141
1767630878531,141,200,true,103,103,141
1767630878532,141,200,true,103,103,141
1767630878533,141,200,true,103,103,141
1767630878534,141,200,true,102,102,141
1767630878535,141,200,true,101,101,141
1767630878536,141,200,true,101,101,141
1767630878537,141,200,true,101,101,141
1767630878538,140,200,true,101,101,140
1767630878539,140,200,true,100,100,140
1767630878540,140,200,true,100,100,140
1767630878541,140,200,true,99,99,140
1767630878542,140,200,true,99,99,140
1767630878542,141,200,true,99,99,141
1767630878543,141,200,true,98,98,141
1767630878544,141,200,true,97,97,141
1767630878546,140,200,true,96,96,140
1767630878546,141,200,true,95,95,141
1767630878547,141,200,true,95,95,141
1767630878548,141,200,true,94,94,141
1767630878550,140,200,true,94,94,140
1767630878551,140,200,true,94,94,140
1767630878552,140,200,true,94,94,140
1767630878553,139,200,true,93,93,139
1767630878554,139,200,true,92,92,139
1767630878555,139,200,true,91,91,139
1767630878556,139,200,true,90,90,139
1767630878557,139,200,true,89,89,139
1767630878558,139,200,true,89,89,139
1767630878559,139,200,true,88,88,139
1767630878559,140,200,true,87,87,140
1767630878560,140,200,true,86,86,140
1767630878419,282,200,true,86,86,282
1767630868690,10013,200,true,85,85,10013
1767630878562,144,200,true,84,84,144
1767630878563,145,200,true,83,83,145
1767630878564,147,200,true,82,82,147
1767630878565,147,200,true,81,81,147
1767630878566,147,200,true,80,80,147
1767630878567,148,200,true,79,79,148
1767630878568,148,200,true,78,78,148
1767630878569,147,200,true,77,77,147
1767630878571,146,200,true,76,76,146
1767630878573,145,200,true,75,75,145
1767630878575,144,200,true,75,75,144
1767630878576,144,200,true,74,74,144
1767630878577,144,200,true,73,73,144
1767630878578,144,200,true,72,72,144
1767630878579,144,200,true,71,71,144
1767630878580,144,200,true,70,70,144
1767630878582,143,200,true,69,69,143
1767630878584,142,200,true,68,68,141
1767630878585,141,200,true,67,67,141
1767630878586,141,200,true,66,66,141
1767630878587,141,200,true,65,65,141
1767630878588,142,200,true,64,64,142
1767630878593,138,200,true,63,63,138
1767630878595,136,200,true,62,62,136
1767630878597,135,200,true,61,61,135
1767630878600,133,200,true,60,60,133
1767630878606,128,200,true,59,59,128
1767630878606,129,200,true,58,58,129
1767630878608,128,200,true,57,57,128
1767630878611,126,200,true,56,56,126
1767630878612,126,200,true,55,55,126
1767630878612,127,200,true,54,54,127
1767630878613,127,200,true,53,53,127
1767630878614,127,200,true,52,52,127
1767630878616,126,200,true,51,51,126
1767630878618,124,200,true,50,50,124
1767630878620,123,200,true,49,49,123
1767630878621,123,200,true,48,48,123
1767630878622,123,200,true,47,47,123
1767630878625,121,200,true,46,46,121
1767630878627,121,200,true,45,45,121
1767630878628,120,200,true,44,44,120
1767630878632,117,200,true,43,43,117
1767630878633,117,200,true,42,42,117
1767630878635,116,200,true,41,41,116
1767630878646,106,200,true,40,40,106
1767630878647,106,200,true,39,39,106
1767630878648,106,200,true,38,38,106
1767630878651,104,200,true,37,37,104
1767630878655,101,200,true,36,36,101
1767630878657,100,200,true,35,35,100
1767630878658,100,200,true,34,34,100
1767630878662,96,200,true,33,33,96
1767630878665,94,200,true,32,32,94
1767630878672,88,200,true,31,31,88
1767630878673,88,200,true,30,30,88
1767630878676,86,200,true,29,29,86
1767630878677,86,200,true,28,28,86
1767630878678,86,200,true,27,27,86
1767630878679,86,200,true,26,26,86
1767630878681,85,200,true,25,25,85
1767630878682,85,200,true,24,24,85
1767630878687,81,200,true,23,23,81
1767630878689,80,200,true,22,22,80
1767630878690,80,200,true,21,21,80
1767630878691,80,200,true,20,20,80
1767630878696,76,200,true,19,19,76
1767630878700,73,200,true,18,18,73
1767630878561,213,200,true,17,17,213
1767630868695,10079,200,true,16,16,10079
1767630878718,60,200,true,15,15,60
1767630868698,10082,200,true,14,14,10082
1767630868740,10044,200,true,13,13,10044
1767630868700,10085,200,true,12,12,10085
1767630868695,10090,200,true,11,11,10090
1767630868696,10090,200,true,10,10,10090
1767630868695,10092,200,true,9,9,10092
1767630868693,10095,200,true,8,8,10095
1767630868742,10048,200,true,7,7,10048
1767630868777,10014,200,true,6,6,10014
1767630868777,10015,200,true,5,5,10015
1767630868779,10014,200,true,4,4,10014
1767630868777,10017,200,true,3,3,10017
1767630868782,10013,200,true,2,2,10013
1767630868782,10014,200,true,1,1,10014
